timestamp,open,high,low,close,volume
2004-05-26,4.00811247504171,4.0101165771484375,4.00811247504171,4.0101165771484375,217900.0
2004-05-27,4.00811247504171,4.0101165771484375,4.00811247504171,4.0101165771484375,89600.0
2004-05-28,4.00811247504171,4.0101165771484375,4.00811247504171,4.0101165771484375,80500.0
2004-06-01,4.0081095695495605,4.010113670203509,4.0081095695495605,4.0081095695495605,96200.0
2004-06-02,4.0101165771484375,4.0101165771484375,4.00811247504171,4.0101165771484375,46200.0
2004-06-03,4.00811247504171,4.0101165771484375,4.00811247504171,4.0101165771484375,56800.0
2004-06-04,4.0101165771484375,4.0101165771484375,4.00811247504171,4.0101165771484375,30300.0
2004-06-07,4.00811247504171,4.0101165771484375,4.00811247504171,4.0101165771484375,34200.0
2004-06-08,4.008108752932608,4.038169492130995,4.008108752932608,4.018128871917725,85700.0
2004-06-09,4.024141992538034,4.034162113564662,4.0081095695495605,4.0081095695495605,32000.0
2004-06-10,4.014121963401242,4.01812978255777,4.008109661301765,4.012117862701416,37200.0
2004-06-14,4.0081095695495605,4.016125972165355,4.0081095695495605,4.0081095695495605,21000.0
2004-06-15,4.01812978255777,4.01812978255777,4.008109661301765,4.012117862701416,23300.0
2004-06-16,4.014121963401242,4.016126064101067,4.008109661301765,4.012117862701416,26100.0
2004-06-17,4.010112853178239,4.018128871917725,4.010112853178239,4.018128871917725,16300.0
2004-06-18,4.014121192314304,4.024141311645508,4.014121192314304,4.024141311645508,12100.0
2004-06-21,4.024141172654617,4.024141172654617,4.008108752932608,4.018128871917725,64600.0
2004-06-22,4.018132603331957,4.018132603331957,4.00811247504171,4.0101165771484375,41100.0
2004-06-23,4.012120679255165,4.012120679255165,4.00811247504171,4.0101165771484375,20200.0
2004-06-24,4.0101165771484375,4.0101165771484375,4.00811247504171,4.0101165771484375,48000.0
2004-06-25,4.0081095695495605,4.010113670203509,4.0081095695495605,4.0081095695495605,242400.0
2004-06-28,4.00811247504171,4.0101165771484375,4.00811247504171,4.0101165771484375,173700.0
2004-06-29,4.0081095695495605,4.010113670203509,4.0081095695495605,4.0081095695495605,179700.0
2004-06-30,4.0101165771484375,4.0101165771484375,4.00811247504171,4.0101165771484375,42300.0
2004-07-01,4.008108323713393,4.022136641687511,4.008108323713393,4.020132541656494,73900.0
2004-07-02,4.020132389810641,4.068229642009344,4.020132389810641,4.038168907165527,77500.0
2004-07-06,4.036164761897563,4.0481893614944795,4.030152844342083,4.032156944274902,25400.0
2004-07-07,4.048189640045166,4.058209758155757,4.036165039620853,4.048189640045166,80000.0
2004-07-08,4.048189640045166,4.068229876266346,4.04017323976229,4.048189640045166,48800.0
2004-07-09,4.048190566545756,4.048190566545756,4.016125722561651,4.022137641906738,31800.0
2004-07-12,4.028148876377864,4.028148876377864,3.9479867876537402,3.9600110054016113,66300.0
2004-07-13,3.9660261987169076,3.994082854677668,3.9660261987169076,3.976046323776245,30500.0
2004-07-14,3.972034837638939,3.9760430372468725,3.964018820666026,3.968026638031006,26400.0
2004-07-15,3.964023299997577,3.964023299997577,3.927950227249647,3.9359662532806396,40600.0
2004-07-16,3.9479890130265747,3.9479890130265747,3.9239401817321777,3.9239401817321777,24500.0
2004-07-19,3.9279495182964546,3.9439819497081414,3.9119170868847677,3.931957721710205,29000.0
2004-07-20,3.9239415371480533,3.9239415371480533,3.8598118078687804,3.8758442401885986,82300.0
2004-07-21,3.887868468867628,3.907909104828235,3.867827832907021,3.8758442401885986,57800.0
2004-07-22,3.841771204950275,3.9079049660083918,3.841771204950275,3.887864351272583,78400.0
2004-07-23,3.907909393310547,3.907909393310547,3.8878687558705374,3.907909393310547,38200.0
2004-07-26,3.8978868320667677,3.8978868320667677,3.8558014814943977,3.86181378364563,87500.0
2004-07-27,3.8497872263350574,3.8878643561566353,3.8497872263350574,3.873836040496826,52000.0
2004-07-28,3.8778450567434564,3.907905794095589,3.863816738128662,3.863816738128662,48000.0
2004-07-29,3.8718376088784923,3.9459878773717296,3.8718376088784923,3.9279513359069824,49100.0
2004-07-30,3.9379671542692978,3.9580077764213115,3.9239388334358103,3.9419753551483154,28500.0
2004-08-02,3.921446155703655,3.9536551290759077,3.9154072131721382,3.939563751220703,22500.0
2004-08-03,3.951637885370206,3.999951678835737,3.9294944793227558,3.991899251937866,41600.0
2004-08-04,3.9737805999188716,3.9959243839342,3.9415716689660725,3.961702346801758,38400.0
2004-08-05,3.9737830881354284,3.9737830881354284,3.9274827688945515,3.9375479221343994,19300.0
2004-08-06,3.9476120759653135,3.9637165458821384,3.9194289656402326,3.9596903324127197,91700.0
2004-08-09,3.945601765079421,3.975797619575109,3.925471067428589,3.925471067428589,51200.0
2004-08-10,3.9355345363677183,3.951639010789135,3.915404231311665,3.9415738582611084,30300.0
2004-08-11,3.9415718887609543,3.953650142551591,3.9154022748877813,3.935532569885254,40400.0
2004-08-12,3.945603370666504,3.9757992374498166,3.9254726648238694,3.945603370666504,44600.0
2004-08-13,3.9355375335588594,3.9878772112790823,3.927485482196421,3.939563751220703,34900.0
2004-08-16,3.9959268011475886,3.9959268011475886,3.905338888068995,3.9194302558898926,46400.0
2004-08-17,3.935536224273444,3.955666921924277,3.9073534779389516,3.925471067428589,36000.0
2004-08-18,3.9556648997897033,3.9617042211859905,3.915403909030565,3.9234559535980225,30700.0
2004-08-19,3.9154045559267616,3.9335221391480526,3.877156282019482,3.8892345428466797,68600.0
2004-08-20,3.8852035329808605,3.909360408782959,3.879164602000722,3.909360408782959,48500.0
2004-08-23,3.9013101677957542,3.9335194815080543,3.8912450212336616,3.905336380004883,40600.0
2004-08-24,3.9133913176586375,3.9194302558898926,3.8691037228375578,3.9194302558898926,57700.0
2004-08-25,3.9194275671263408,3.9234537791591433,3.875140386647653,3.895271062850952,32100.0
2004-08-26,3.877157055259281,3.9133922289284158,3.8691046237945557,3.8691046237945557,61800.0
2004-08-27,3.8691003962875667,3.8972834916592594,3.850982829248852,3.8751397132873535,63500.0
2004-08-30,3.8912441746594726,3.8912441746594726,3.850982829248852,3.8751397132873535,46300.0
2004-08-31,3.857026455221935,3.897287845611572,3.855013347306346,3.8972878456115723,76000.0
2004-09-01,3.915081648475955,3.923170459319999,3.896881341934204,3.896881341934204,38500.0
2004-09-02,3.8989036900636664,3.929237406109689,3.8928367925688114,3.9029479026794434,36900.0
2004-09-03,3.8948594590067045,3.933282375335694,3.8948594590067045,3.9332823753356934,31800.0
2004-09-07,3.925196334858783,3.9393520560192803,3.906996011734009,3.906996011734009,33000.0
2004-09-08,3.93125990340811,3.93125990340811,3.896881587299535,3.9292376041412354,71000.0
2004-09-09,3.9312609047111153,3.935305118560791,3.9029490934779214,3.935305118560791,59500.0
2004-09-10,3.9413711870441235,3.949460384466716,3.9090151687820787,3.9332823753356934,73200.0
2004-09-13,3.9353039178904177,3.9413708153852727,3.8989036900636664,3.9029479026794434,78500.0
2004-09-14,3.894860677275795,3.923172105682043,3.894860677275795,3.8989052772521973,49200.0
2004-09-15,3.8989052772521973,3.923172105682043,3.894860677275795,3.8989052772521973,51200.0
2004-09-16,3.8968813908987148,3.9251928077797853,3.8887921942389077,3.9029479026794434,53700.0
2004-09-17,3.9130593493364136,3.915081648475955,3.8908144445155797,3.896881341934204,24300.0
2004-09-20,3.9029455989954003,3.919123597051947,3.892834494852771,3.9130570888519287,46400.0
2004-09-21,3.902947696370952,3.9211480021793292,3.8786808791025207,3.882725477218628,70500.0
2004-09-22,3.9029479026794434,3.9130593985042017,3.8847475959090043,3.9029479026794434,48400.0
2004-09-23,3.902947696370952,3.9110368926031667,3.882725477218628,3.882725477218628,54900.0
2004-09-24,3.9009269948761753,3.902948908848244,3.874637484668571,3.890815496444702,67800.0
2004-09-27,3.89485876058912,3.9069921688331095,3.8625027481290846,3.8665473461151123,79500.0
2004-09-28,3.878679739266183,3.9191245513993302,3.876657440802427,3.8887908458709717,69500.0
2004-09-29,3.9029478536387066,3.9130593493364136,3.8887921453760383,3.896881341934204,34200.0
2004-09-30,3.892837848616285,3.911038160324097,3.892837848616285,3.9110381603240967,42400.0
2004-10-01,3.9065675484819047,3.9451660892105958,3.9065675484819047,3.9431345462799072,45500.0
2004-10-04,3.9431347439785527,3.9431347439785527,3.9106308304122646,3.930945873260498,42800.0
2004-10-05,3.9309470602596837,3.939072847366333,3.9106320112770643,3.939072847366333,57300.0
2004-10-06,3.9309472042025386,3.93501029164331,3.9106321544760254,3.912663698196411,60300.0
2004-10-07,3.9126650475417746,3.916728136383768,3.892349990809288,3.904538869857788,39700.0
2004-10-08,3.910631093636624,3.912662636805912,3.890316049420986,3.9025049209594727,34100.0
2004-10-11,3.9025029550371704,3.9025029550371704,3.809054341188982,3.8435897827148438,175300.0
2004-10-12,3.8435922264657134,3.872033059636581,3.831403353317812,3.8578126430511475,37100.0
2004-10-13,3.8700025353031653,3.8700025353031653,3.857813658945515,3.863908290863037,30700.0
2004-10-14,3.8639045231315916,3.8760933876037598,3.8517152711824085,3.8760933876037598,39400.0
2004-10-15,3.8821880363231496,3.8842195783265825,3.863904545769272,3.878124952316284,40400.0
2004-10-18,3.8760933876037598,3.8882822520759275,3.867967607114653,3.8760933876037598,45300.0
2004-10-19,3.867971773930303,3.8842237398931427,3.843593631247326,3.8557825088500977,52500.0
2004-10-20,3.8679696241016956,3.870000779675375,3.8192133658346106,3.8476545810699463,67600.0
2004-10-21,3.8700021342059068,3.8700021342059068,3.8314039651608662,3.8395297527313232,142600.0
2004-10-22,3.851718012738551,3.865938816801276,3.8415606830281814,3.8578126430511475,190600.0
2004-10-25,3.857810929766661,3.8740628825720056,3.8395274344260084,3.853747844696045,72100.0
2004-10-26,3.829371105670028,3.847654605768243,3.8110876055718124,3.819213390350342,114300.0
2004-10-27,3.839527758697575,3.839527758697575,3.784677268043158,3.8232758045196533,77500.0
2004-10-28,3.829371943428272,3.829371943428272,3.790773391723633,3.790773391723633,56300.0
2004-10-29,3.790772197530721,3.8293707370758057,3.7846775689255447,3.8293707370758057,64400.0
2004-11-01,3.8422349266272646,3.8422349266272646,3.8075282188027404,3.809569835662842,70100.0
2004-11-02,3.8197778533053555,3.821819470337957,3.7830299149144238,3.8177366256713867,82300.0
2004-11-03,3.8095695178426756,3.834068528721419,3.8014034404821397,3.8218188285827637,101200.0
2004-11-04,3.8259020619623154,3.8483594561512824,3.8014034404821397,3.8218188285827637,54400.0
2004-11-05,3.8197763068819395,3.850400160574369,3.799360923618287,3.8401920795440674,105800.0
2004-11-08,3.82181629901165,3.8381488323211665,3.8034421503636553,3.838148832321167,73400.0
2004-11-09,3.8503984649689666,3.8503984649689666,3.797317635182104,3.8116085529327393,79400.0
2004-11-10,3.823859214782715,3.842233369679462,3.8075266759187665,3.823859214782715,47700.0
2004-11-11,3.8340665029458614,3.8483574228249444,3.817733967455715,3.827941656112671,48400.0
2004-11-12,3.8381499487131596,3.858565718637911,3.8177345681868315,3.8340671062469482,86900.0
2004-11-15,3.852438657955876,3.8626463413238525,3.8401889706365115,3.8626463413238525,65100.0
2004-11-16,3.842235958310121,3.8769426754537823,3.8401943409018227,3.854485273361206,88300.0
2004-11-17,3.8565234958708365,3.870814415749919,3.819775193668417,3.827941656112671,70300.0
2004-11-18,3.8238598465874043,3.850400470000573,3.7871115307220977,3.799361228942871,62100.0
2004-11-19,3.78915009231171,3.797316551208496,3.776900793364724,3.797316551208496,105900.0
2004-11-22,3.7993582140468014,3.8075242836488075,3.7585266978421767,3.772817611694336,83800.0
2004-11-23,3.7769016883583455,3.791192605415976,3.7769016883583455,3.787109375,80600.0
2004-11-24,3.7666930115647497,3.787108379481464,3.7605681675508262,3.7809839248657227,69000.0
2004-11-26,3.770779256595356,3.785070572199844,3.7687376400804293,3.7769041061401367,20900.0
2004-11-29,3.785066546448898,3.785066546448898,3.742193424031836,3.7748584747314453,95100.0
2004-11-30,3.783027157178843,3.7871099988691204,3.7544449289568074,3.770777463912964,164100.0
2004-12-01,3.7605675637251315,3.785066546448898,3.75648433503815,3.7748584747314453,76400.0
2004-12-02,3.7477822754552332,3.762141531556839,3.704704115890032,3.7313716411590576,227600.0
2004-12-03,3.7375275597650504,3.745733077319033,3.714963169012822,3.7293224334716797,106400.0
2004-12-06,3.7334250311893284,3.743681536428731,3.7211167553893314,3.723168134689331,65100.0
2004-12-07,3.7170154249243526,3.7334260726415605,3.696502017462666,3.704707145690918,134800.0
2004-12-08,3.7047041650704418,3.731371690693482,3.7047041650704418,3.727268934249878,109600.0
2004-12-09,3.727270736847424,3.7559892633208456,3.71701423203851,3.74778413772583,97500.0
2004-12-10,3.7518864186468917,3.760091543197632,3.735475387024354,3.760091543197632,88600.0
2004-12-13,3.7621429221504488,3.7621429221504488,3.7436809028356226,3.760091543197632,77200.0
2004-12-14,3.7477836866335177,3.7600915691749233,3.7149624056827477,3.733424425125122,100900.0
2004-12-15,3.747783816364591,3.747783816364591,3.6985518932342534,3.698551893234253,123900.0
2004-12-16,3.6985522089283527,3.721116597751259,3.6862439336497723,3.6923980712890625,159300.0
2004-12-17,3.6821415664841575,3.7129114721594507,3.6780388080579645,3.6923980712890625,135000.0
2004-12-20,3.6862439336497723,3.7088087137332573,3.6759874288448677,3.6923980712890625,167800.0
2004-12-21,3.702654947160149,3.719065591248957,3.694449820746054,3.71291184425354,168000.0
2004-12-22,3.7211154865918554,3.7395775027362186,3.7006024831074176,3.717013120651245,207400.0
2004-12-23,3.7129114430311376,3.7293220853465887,3.706757305440128,3.7190651893615723,119600.0
2004-12-27,3.708809847129818,3.7293232542690165,3.708809847129818,3.7211177349090576,131400.0
2004-12-28,3.698549833387669,3.76008960521189,3.698549833387669,3.749833106994629,183800.0
2004-12-29,3.7628230565141014,3.7772557395625137,3.744266637377252,3.766946792602539,160600.0
2004-12-30,3.7669476557257906,3.7710713927591026,3.744267495303783,3.7545764446258545,193600.0
2004-12-31,3.75869828780266,3.7875640392303467,3.7380800062860295,3.7875640392303467,230000.0
2005-01-03,3.7690100030734297,3.801999117008585,3.7669481342948252,3.7999372482299805,82300.0
2005-01-04,3.8081850722545076,3.8123088106153857,3.7855052977923487,3.7978761196136475,71000.0
2005-01-05,3.8019987613893376,3.82674039789587,3.777256731621583,3.8226170539855957,115500.0
2005-01-06,3.8205549716949463,3.83498765772666,3.810245629342865,3.8205549716949463,102500.0
2005-01-07,3.8164335387055663,3.839113712310791,3.797877104530644,3.839113712310791,100900.0
2005-01-10,3.8329278401031304,3.863855097184917,3.8329278401031304,3.853546142578125,91100.0
2005-01-11,3.85972794235826,3.8865318298339844,3.8576660746092766,3.8865318298339844,95500.0
2005-01-12,3.892717039819873,3.900964510815807,3.8762224910890666,3.8865318298339844,81000.0
2005-01-13,3.882411241531372,3.892720195371965,3.876225633270187,3.882411241531372,61700.0
2005-01-14,3.8844699620850007,3.892717039819873,3.870037281103178,3.8865318298339844,53600.0
2005-01-18,3.892717039819873,3.8968407753178402,3.8741610166011453,3.8865318298339844,135300.0
2005-01-19,3.90096697968136,3.903028848735271,3.8679778613414117,3.8803486824035645,150600.0
2005-01-20,3.867979947847272,3.886536386081063,3.8659180776811257,3.884474515914917,60500.0
2005-01-21,3.8968437181894804,3.8989055874955745,3.8679783344268803,3.86797833442688,135200.0
2005-01-24,3.855605285634829,3.8968414681629664,3.847357813172522,3.888594388961792,177100.0
2005-01-25,3.8906582382742343,3.89890532167498,3.8659162015493322,3.870039939880371,107900.0
2005-01-26,3.886534499943195,3.888596369108715,3.8597305940527735,3.870039939880371,115800.0
2005-01-27,3.8659135456052107,3.8947789075688566,3.8659135456052107,3.8865318298339844,111500.0
2005-01-28,3.8885962242036243,3.9092141285678466,3.8721016647554554,3.9071526527404785,103900.0
2005-01-31,3.8947817011475676,3.9133381309371784,3.8947817011475676,3.9050910472869873,106000.0
2005-02-01,3.920215636405816,3.920215636405816,3.8932798678697784,3.8994956016540527,124200.0
2005-02-02,3.907781842713337,3.924357783283847,3.901565716798797,3.9202136993408203,87500.0
2005-02-03,3.9222878847607294,3.932647705078125,3.913999712345363,3.932647705078125,77800.0
2005-02-04,3.936790864491955,3.957510895450678,3.9243590039974094,3.943006992340088,139200.0
2005-02-07,3.95543577181159,3.9595798538157125,3.9430039210006345,3.9471476078033447,70100.0
2005-02-08,3.9533665184137936,3.9657983779907227,3.940934658836865,3.9657983779907227,63800.0
2005-02-09,3.9533697209208927,3.9678736347101133,3.9533697209208927,3.9575138092041016,87000.0
2005-02-10,3.951294422710331,3.963726282119751,3.9430066481712793,3.963726282119751,94300.0
2005-02-11,3.9637242793132583,3.982372256605706,3.951292426185455,3.9782285690307617,73700.0
2005-02-14,3.9678704204538255,3.986518407420064,3.9492224334875874,3.9657983779907227,70900.0
2005-02-15,3.969942462916929,3.9740865478431355,3.9533665184137936,3.9657983779907227,63600.0
2005-02-16,3.957510631826534,3.9761586189270024,3.95129450439248,3.976158618927002,80800.0
2005-02-17,3.976158536730856,3.988590396140276,3.9450786906064637,3.963726282119751,113200.0
2005-02-18,3.9616522789001465,3.9616522789001465,3.9388602208691936,3.9616522789001465,109000.0
2005-02-22,3.974087187622402,3.974087187622402,3.9160711749207175,3.9285030364990234,104500.0
2005-02-23,3.9202173276012364,3.9430094151809407,3.9015693278000168,3.9222893714904785,127500.0
2005-02-24,3.9057113561390886,3.9285030364990234,3.9057113561390886,3.9285030364990234,64400.0
2005-02-25,3.949219648805406,3.9512916898074675,3.930571674988267,3.9471476078033447,59000.0
2005-02-28,3.9575133760064154,3.972017288208008,3.9471531564324445,3.972017288208008,90100.0
2005-03-01,3.9637283406517247,3.998952289939774,3.9637283406517247,3.9823763370513916,105300.0
2005-03-02,3.992733294179261,3.9968773778178095,3.98237308508289,3.994805335998535,47800.0
2005-03-03,3.9968773778178095,4.0051651498933385,3.9865171687214382,3.994805335998535,77100.0
2005-03-04,4.010007074493253,4.020417110420013,3.9975149519576587,4.003760814666748,78800.0
2005-03-07,4.018333252599726,4.020415338290814,3.9995948784971764,4.016251564025879,111500.0
2005-03-08,4.003759478304917,4.020415768498699,4.003759478304917,4.012087821960449,99600.0
2005-03-09,4.018333157312046,4.02874358552062,3.9975130951293596,4.007923126220703,116600.0
2005-03-10,3.999596118927002,4.01833449884105,3.987103998023424,3.999596118927002,55100.0
2005-03-11,3.9850183466711315,3.9933466845678565,3.966279983520508,3.966279983520508,63800.0
2005-03-14,3.962120771408081,3.9829408458761995,3.960038684537776,3.962120771408081,87200.0
2005-03-15,3.978776475471588,3.9808585620311683,3.9412997116339588,3.951709747314453,49800.0
2005-03-16,3.9371384740285427,3.972533177696733,3.9267284305863637,3.960041046142578,71800.0
2005-03-17,3.943381798193539,3.972530215792848,3.9329713653956384,3.951709747314453,73200.0
2005-03-18,3.951707148970818,3.953789234161377,3.9204766653467322,3.953789234161377,70500.0
2005-03-21,3.932970162513264,3.935052248436047,3.8996575819833073,3.9079859256744385,75000.0
2005-03-22,3.910065052991361,3.91631090891641,3.885080437940212,3.89340877532959,51000.0
2005-03-23,3.89340877532959,3.9454596926622476,3.85176788261667,3.89340877532959,100000.0
2005-03-24,3.9038187999493275,3.9288034150004765,3.87258832897313,3.89340877532959,76900.0
2005-03-28,3.8684305642479315,3.8809226938950325,3.7934769921300413,3.85593843460083,237700.0
2005-03-29,3.8538537381579854,3.872592118503569,3.8517716517732126,3.8642637729644775,53200.0
2005-03-30,3.851769609312455,3.889246350130998,3.851769609312455,3.8725900650024414,47800.0
2005-03-31,3.8725900650024414,3.910066805820984,3.864261723879582,3.8725900650024414,49400.0
2005-04-01,3.8502040157209647,3.9046091214863514,3.8502040157209647,3.887869119644165,61900.0
2005-04-04,3.887864693953921,3.917159564052106,3.8543847283809463,3.892049789428711,36700.0
2005-04-05,3.9025161219651068,3.9422737714293516,3.8899612218075323,3.9255337715148926,56800.0
2005-04-06,3.9380891251707237,3.9380891251707237,3.8815914692859232,3.887869119644165,69100.0
2005-04-07,3.8920521577427647,3.9025145036834057,3.8502019757543713,3.881589412689209,79600.0
2005-04-08,3.866942218005274,3.877404963733299,3.8543873222445844,3.869034767150879,70200.0
2005-04-11,3.8794961257894487,3.8794961257894487,3.8188134196024452,3.8355534076690674,77700.0
2005-04-12,3.846013570857786,3.8606614013382825,3.8250888969679337,3.856476306915283,60100.0
2005-04-13,3.8648498181205606,3.8815898128189605,3.8460172741957415,3.852294921875,62700.0
2005-04-14,3.83973987733829,3.869034767150879,3.8334622299014747,3.869034767150879,54300.0
2005-04-15,3.8690331110805944,3.871125659330522,3.797888067034147,3.843923330307007,96600.0
2005-04-18,3.848109057940327,3.8711266957392216,3.8188141728238265,3.8502016067504883,79100.0
2005-04-19,3.8669414192921416,3.8669414192921416,3.81462889879594,3.8397390842437744,89900.0
2005-04-20,3.8376470629477564,3.8522945068416705,3.802074528157003,3.841832160949707,102000.0
2005-04-21,3.8250931545180076,3.8606656984826566,3.8230006049773793,3.833462953567505,61900.0
2005-04-22,3.825090795170431,3.8481080276940918,3.825090795170431,3.843923330307007,61700.0
2005-04-25,3.8397392716090786,3.8522941653892,3.820906731382458,3.837646722793579,105800.0
2005-04-26,3.8376477901024053,3.8460175885792967,3.806260347366333,3.806260347366333,166500.0
2005-04-27,3.8083508465098355,3.835553175806392,3.8062582982389044,3.822998285293579,63700.0
2005-04-28,3.814628092209855,3.843923368890116,3.8062582982389044,3.822998285293579,75600.0
2005-04-29,3.8125381117962065,3.814630661476532,3.787428313858389,3.7978906631469727,56400.0
2005-05-02,3.7916103141578987,3.820905187512291,3.7895177661879114,3.8104424476623535,50700.0
2005-05-03,3.8173894525764944,3.821596038698722,3.798460216188604,3.815286159515381,34300.0
2005-05-04,3.8089711637467834,3.8342098415946584,3.8089711637467834,3.830003261566162,57500.0
2005-05-05,3.8194888771312154,3.8300049306236397,3.8005596599154705,3.825798749923706,60400.0
2005-05-06,3.825798749923706,3.8342115124853002,3.8047662417771306,3.825798749923706,66500.0
2005-05-09,3.8089743030093506,3.834213001658338,3.794251661937128,3.81107759475708,49300.0
2005-05-10,3.808975754203478,3.8279049859830696,3.7858399373257474,3.79845929145813,60000.0
2005-05-11,3.8089741534461368,3.8089741534461368,3.766909122467041,3.766909122467041,105300.0
2005-05-12,3.775320415687497,3.781629886390085,3.7521846200135625,3.769010543823242,50100.0
2005-05-13,3.769014632740688,3.777427403191516,3.769014632740688,3.771117925643921,52400.0
2005-05-16,3.7711160551401393,3.790045280718082,3.7711160551401393,3.773219347000122,40500.0
2005-05-17,3.771112729854621,3.8005579876063846,3.7332543120814683,3.7437703609466553,80000.0
2005-05-18,3.7437730372736424,3.752186203309388,3.714327758472207,3.729050397872925,85800.0
2005-05-19,3.7458741026514537,3.7458741026514537,3.701706210697785,3.7080156803131104,113400.0
2005-05-20,3.708016385425668,3.733255472171202,3.708016385425668,3.7206361293792725,76400.0
2005-05-23,3.7101216316223145,3.72274138222756,3.6911924068763327,3.7101216316223145,83700.0
2005-05-24,3.716428538927555,3.7206351191031968,3.64912486076355,3.64912486076355,136200.0
2005-05-25,3.651230185455679,3.676468878250357,3.6280943827590657,3.6428170204162598,239100.0
2005-05-26,3.6365060273052916,3.6764673410485695,3.6365060273052916,3.6680545806884766,99700.0
2005-05-27,3.676467546185702,3.7479778184638697,3.676467546185702,3.735358476638794,102200.0
2005-05-31,3.7353590561560264,3.7648043253699974,3.7248426020355327,3.7627010345458984,69500.0
2005-06-01,3.7548778632127298,3.7887055590135517,3.7548778632127298,3.7739059925079346,81500.0
2005-06-02,3.7823647913750387,3.7823647913750387,3.7421946325940665,3.7506513595581055,53800.0
2005-06-03,3.7506523003588397,3.759109432702401,3.727395589672312,3.748538017272949,70000.0
2005-06-06,3.7379637059319792,3.750648989992878,3.731620862272575,3.742192268371582,37400.0
2005-06-07,3.737963870932186,3.744306311613647,3.7231643049982077,3.731621026992798,52300.0
2005-06-08,3.7125930786132812,3.7295069266812573,3.704136356208267,3.7125930786132812,72900.0
2005-06-09,3.7020220473163197,3.7083648915164646,3.676651073773684,3.687222480773926,78700.0
2005-06-10,3.6914507120026396,3.708364963531494,3.6766511451728436,3.708364963531494,94700.0
2005-06-13,3.6829941114877047,3.706250804852258,3.6829941114877047,3.691450834274292,85600.0
2005-06-14,3.69567969316995,3.6999082565307617,3.6829944063455127,3.6999082565307617,67800.0
2005-06-15,3.6956767654904943,3.699905325501481,3.6766486486987295,3.680877208709717,72900.0
2005-06-16,3.678766526539526,3.710479951122318,3.676652244466264,3.6956803798675537,70800.0
2005-06-17,3.6766503779155557,3.733734755139001,3.6766503779155557,3.7104780673980713,149500.0
2005-06-20,3.7104792473467425,3.72105065570795,3.6787658287791114,3.697793960571289,48800.0
2005-06-21,3.6956790078172297,3.7168214174424934,3.6829937233452403,3.714707136154175,73600.0
2005-06-22,3.6935624854850007,3.7104763222712713,3.680877208709717,3.680877208709717,82700.0
2005-06-23,3.6808792804161845,3.6935645643311172,3.6512801501953738,3.6597368717193604,91900.0
2005-06-24,3.659738010436059,3.6724237015560117,3.6301388710055633,3.64070987701416,108300.0
2005-06-27,3.6322541178309784,3.6470536914779927,3.615340261768942,3.642825126647949,79000.0
2005-06-28,3.6259105864084655,3.663966856181698,3.6259105864084655,3.6470530033111572,43800.0
2005-06-29,3.6428233069030616,3.657622873157065,3.6343665847256044,3.6555089950561523,96000.0
2005-06-30,3.6407092485850048,3.697793638997265,3.6407092485850048,3.653394937515259,108000.0
2005-07-01,3.6731641818951117,3.7007977607162825,3.6667870150409634,3.6965463161468506,65800.0
2005-07-05,3.6880438324480553,3.6986720384315666,3.6795409433091906,3.6965463161468506,43100.0
2005-07-06,3.6859193158508963,3.713552903711189,3.681667869890789,3.6986732482910156,73500.0
2005-07-07,3.698671396493665,3.715676766379889,3.688043192354775,3.7135510444641113,62400.0
2005-07-08,3.7050459777284632,3.722051335752335,3.702920257295515,3.7092974185943604,40200.0
2005-07-11,3.71993069441821,3.7369360756607968,3.70505103651098,3.7348103523254395,56800.0
2005-07-12,3.7454358210093797,3.7454358210093797,3.709299365561096,3.722053289413452,73600.0
2005-07-13,3.7369335800976686,3.7369335800976686,3.7093000060725547,3.7135510444641113,68100.0
2005-07-14,3.728432160967933,3.7305574780497066,3.7093010637110533,3.726306438446045,67200.0
2005-07-15,3.7093019622227335,3.730558381710372,3.7050505161491207,3.7199301719665527,67500.0
2005-07-18,3.736933415084265,3.7518130623976633,3.7199280459489543,3.7305562496185303,76300.0
2005-07-19,3.7305566506509527,3.7624420759673054,3.7305566506509527,3.758190631866455,94100.0
2005-07-20,3.7624428272247314,3.7666938667343737,3.7326831180166,3.7624428272247314,87300.0
2005-07-21,3.7624404095263433,3.7709428885221445,3.743309324985984,3.7666914463043213,66400.0
2005-07-22,3.7645667150775846,3.7709438800811768,3.7518127905103515,3.7709438800811768,57500.0
2005-07-25,3.7666914463043213,3.7751943307399674,3.743309324985984,3.7666914463043213,92500.0
2005-07-26,3.762443199866739,3.7709456851682375,3.728432447780453,3.7496888637542725,118200.0
2005-07-27,3.739060285441222,3.768819589209248,3.739060285441222,3.7624428272247314,62600.0
2005-07-28,3.7624413988496723,3.773069601749041,3.743310309278847,3.7709438800811768,73000.0
2005-07-29,3.756065474070352,3.777322292327881,3.756065474070352,3.777322292327881,59500.0
2005-08-01,3.802328109741211,3.817289424727492,3.793778553940331,3.802328109741211,136800.0
2005-08-02,3.810881381661817,3.8386666527508213,3.8023322242750845,3.8322548866271973,112600.0
2005-08-03,3.845074385123223,3.845074385123223,3.8023278322343885,3.8237009048461914,114900.0
2005-08-04,3.823700426730581,3.8450739043350723,3.8130138917609244,3.8429365158081055,99700.0
2005-08-05,3.8450754108938887,3.8536249683516024,3.8215645355505132,3.827976703643799,94900.0
2005-08-08,3.8301140597739174,3.8386632094921116,3.80874057398043,3.8258392810821533,70100.0
2005-08-09,3.8194275207098407,3.8322514491197994,3.80874057398043,3.8258392810821533,77000.0
2005-08-10,3.8044658283004233,3.8322514823726554,3.8044658283004233,3.827976703643799,73400.0
2005-08-11,3.8301144710977035,3.834389250248545,3.808740983008874,3.8215649127960205,63600.0
2005-08-12,3.830113172531128,3.8343879502326432,3.815151858241064,3.830113172531128,57100.0
2005-08-15,3.8322504600230953,3.8343878488173213,3.815151757334516,3.8237009048461914,56900.0
2005-08-16,3.830117552790146,3.830117552790146,3.813018830094616,3.8151562213897705,98400.0
2005-08-17,3.808739590951838,3.8258382936404174,3.8023278322343885,3.8237009048461914,70300.0
2005-08-18,3.80874057398043,3.8279766704280354,3.79377925622459,3.8258392810821533,74200.0
2005-08-19,3.823702379402693,3.823702379402693,3.7873675712193053,3.8066036701202393,69300.0
2005-08-22,3.804467870369833,3.8215665867977546,3.8023308875237043,3.8172922134399414,67600.0
2005-08-23,3.789504993614571,3.815153261592786,3.785230214340637,3.8087410926818848,84400.0
2005-08-24,3.8108786257685274,3.8108786257685274,3.7766812056205694,3.7980546951293945,71000.0
2005-08-25,3.798052958556351,3.804464717111585,3.7852286261154466,3.79377818107605,64800.0
2005-08-26,3.7852261418679407,3.8044622202394227,3.7724022255086034,3.7873635292053223,66800.0
2005-08-29,3.791642969470058,3.798055139372332,3.7766816473635374,3.7959177494049072,66700.0
2005-08-30,3.7830938172658115,3.8001925293397565,3.7809564272983867,3.7959177494049072,48100.0
2005-08-31,3.8044655421272244,3.8044655421272244,3.770268130199385,3.7809550762176514,75000.0
2005-09-01,3.787405924490077,3.7938541395312178,3.763761376050818,3.7723591327667236,64600.0
2005-09-02,3.7637618916501143,3.7852569013592188,3.761612349680883,3.7745091915130615,53700.0
2005-09-06,3.774505966147665,3.798150497621435,3.768057755733262,3.7960009574890137,59900.0
2005-09-07,3.785254937405568,3.8046003951081824,3.7766567739897408,3.8003013134002686,85200.0
2005-09-08,3.7938501151266917,3.8131955596953424,3.7895510363374982,3.802448272705078,75600.0
2005-09-09,3.802448272705078,3.8067469415115527,3.7938501151266917,3.802448272705078,54900.0
2005-09-12,3.81104622526289,3.81104622526289,3.7766544130651525,3.785252571105957,65300.0
2005-09-13,3.7809562274666813,3.7852553095973094,3.7723580632054245,3.778806686401367,59000.0
2005-09-14,3.7809534920855548,3.793850319164021,3.77235533404475,3.785252571105957,95800.0
2005-09-15,3.806750820388345,3.806750820388345,3.7616116770555834,3.776658058166504,60700.0
2005-09-16,3.7702062045172897,3.802448477204826,3.7702062045172897,3.785252571105957,79300.0
2005-09-19,3.796001422167407,3.796001422167407,3.750862303809551,3.763759136199951,88800.0
2005-09-20,3.75301056705184,3.768057346343994,3.750861437135776,3.768057346343994,54100.0
2005-09-21,3.7788044246024,3.78095396438111,3.74441260810863,3.7573094367980957,94800.0
2005-09-22,3.7551604404389956,3.7594595206185466,3.7014231681431626,3.7293667793273926,91800.0
2005-09-23,3.7293675100684083,3.7293675100684083,3.6885270603260034,3.7143211364746094,115100.0
2005-09-26,3.7358153004252332,3.7358153004252332,3.7035730163618186,3.720768928527832,66100.0
2005-09-27,3.718617931899419,3.722917010752952,3.6842261210366036,3.6885251998901367,137600.0
2005-09-28,3.6906747478371345,3.7293656376428044,3.6906747478371345,3.7164688110351562,58000.0
2005-09-29,3.7078718721390462,3.7121709524156734,3.6842273406004558,3.7057223320007324,91800.0
2005-09-30,3.7229178677965127,3.76590784626301,3.7100210382496916,3.7422633171081543,58900.0
2005-10-03,3.7645358724902276,3.781834125518799,3.7407506199173604,3.781834125518799,65500.0
2005-10-04,3.7688606455136187,3.790483565516993,3.7645359790283646,3.7753472328186035,75900.0
2005-10-05,3.7818340415355522,3.7818340415355522,3.7537245356469335,3.766698122024536,74300.0
2005-10-06,3.773185028462746,3.773185028462746,3.732101524785846,3.74723744392395,68400.0
2005-10-07,3.72993803024292,3.742911612261051,3.6975038689862245,3.72993803024292,74500.0
2005-10-10,3.708316615295023,3.7494001227604983,3.708316615295023,3.740750789642334,50200.0
2005-10-11,3.723452584036698,3.7494001713042335,3.7148036632294583,3.7321019172668457,75800.0
2005-10-12,3.749400204055691,3.749400204055691,3.697505441490221,3.714803695678711,63600.0
2005-10-13,3.740749446777128,3.740749446777128,3.6758811213691276,3.6931793689727783,100700.0
2005-10-14,3.6758846862774077,3.703994211235694,3.652099418096674,3.697507619857788,119900.0
2005-10-17,3.725615718528842,3.725615718528842,3.6672339439392094,3.667233943939209,45300.0
2005-10-18,3.623985731878452,3.6780427975465266,3.623985731878452,3.6629068851470947,113400.0
2005-10-19,3.634798317639792,3.6542589014355604,3.5872282308183774,3.617500066757202,131100.0
2005-10-20,3.580739906306297,3.6326346397399902,3.580739906306297,3.6326346397399902,162600.0
2005-10-21,3.628313778703902,3.684533228901477,3.628313778703902,3.678046226501465,110100.0
2005-10-24,3.6866928938213115,3.6953422250600165,3.645609807705902,3.6845309734344482,111600.0
2005-10-25,3.6866928848185005,3.7039911348308556,3.6758816332193334,3.680206298828125,90800.0
2005-10-26,3.688855533145295,3.7061537846372374,3.680206613610747,3.6910178661346436,72400.0
2005-10-27,3.697506730647137,3.7191296590274354,3.6802084704275098,3.703993320465088,66700.0
2005-10-28,3.6953431081637955,3.719128362331561,3.6910184415109453,3.714803695678711,48100.0
2005-10-31,3.708313465118408,3.719125122331715,3.6888528945570083,3.708313465118408,47000.0
2005-11-01,3.7013537652469766,3.7165856071351286,3.697001691839915,3.710057497024536,29000.0
2005-11-02,3.6991798877716064,3.7165877765243533,3.6991798877716064,3.6991798877716064,78600.0
2005-11-03,3.6991777285434457,3.714409570431598,3.6991777285434457,3.710057497024536,70400.0
2005-11-04,3.710059662603271,3.710059662603271,3.6991798877716064,3.6991798877716064,64500.0
2005-11-07,3.71005845980209,3.7122344970703125,3.6991786884976476,3.7122344970703125,68300.0
2005-11-08,3.703530763034093,3.716586571606758,3.697002651229425,3.7122344970703125,79300.0
2005-11-09,3.699177970897609,3.7122337769375906,3.6970019340515137,3.6970019340515137,72200.0
2005-11-10,3.7078823291143217,3.7078823291143217,3.690474033355713,3.690474033355713,55100.0
2005-11-11,3.697002191218088,3.7057063392079375,3.6904740802257012,3.7013542652130127,72800.0
2005-11-14,3.694825650925487,3.6991777243275887,3.65348219871521,3.65348219871521,89900.0
2005-11-15,3.6447753851368487,3.666535321189694,3.618663378866183,3.6556551456451416,155500.0
2005-11-16,3.655655901075936,3.6904716399405566,3.646952173877953,3.651304244995117,97200.0
2005-11-17,3.6556578203796977,3.6600098937817993,3.636073905106803,3.65348219871521,96100.0
2005-11-18,3.6338982255239016,3.651306103818292,3.6121382738967744,3.64042592048645,152400.0
2005-11-21,3.6491307934119956,3.6491307934119956,3.59690714813513,3.6426026821136475,142200.0
2005-11-22,3.6338982255239016,3.64042592048645,3.6230180421920597,3.64042592048645,129600.0
2005-11-23,3.662185414449603,3.662185414449603,3.618665516634038,3.6317217350006104,101100.0
2005-11-25,3.6513034904635804,3.6600072158629624,3.6273675193018247,3.6556551456451416,20400.0
2005-11-28,3.6643592860807837,3.670887391407515,3.64912745535467,3.6556551456451416,84100.0
2005-11-29,3.646954784111991,3.666538703119677,3.6360745985318084,3.6491308212280273,99400.0
2005-11-30,3.6338982255239016,3.6469540304855554,3.6273701155247964,3.64042592048645,127700.0
2005-12-01,3.6362623965374743,3.6450242571396823,3.620928827127287,3.6340718269348145,147300.0
2005-12-02,3.634075091457662,3.6384562345986025,3.616550936702706,3.6253128051757812,142500.0
2005-12-05,3.627503248720123,3.6472179743497537,3.6209319520494407,3.638456106185913,120400.0
2005-12-06,3.6362656630281323,3.6406468061690727,3.620932079843647,3.6253128051757812,92000.0
2005-12-07,3.629692316055298,3.634073457226053,3.6187398809370293,3.629692316055298,100800.0
2005-12-08,3.6296922701208616,3.66035942231081,3.620930405698853,3.6581692695617676,171400.0
2005-12-09,3.642836496647611,3.6735040769251928,3.642836496647611,3.6691229343414307,136400.0
2005-12-12,3.6603576707512646,3.67350108780779,3.6274999637267773,3.6494052410125732,128700.0
2005-12-13,3.640643835067749,3.6581679755213887,3.6296909861539333,3.640643835067749,182800.0
2005-12-14,3.631882545819115,3.653787831808644,3.6253108346796825,3.651597261428833,136800.0
2005-12-15,3.6515970426664626,3.6559781831636156,3.6384540389835567,3.653787612915039,151200.0
2005-12-16,3.647217420868345,3.6756944281490953,3.642836278546887,3.6713132858276367,157900.0
2005-12-19,3.67788477697144,3.688837214304252,3.666931921829925,3.68007493019104,190100.0
2005-12-20,3.677885219508955,3.688837658159607,3.6625512204657875,3.6691229343414307,153800.0
2005-12-21,3.6778822268266316,3.6778822268266316,3.647214671503152,3.6494052410125732,169500.0
2005-12-22,3.6494048290026715,3.6669289652911887,3.636261831238375,3.6625478267669678,173600.0
2005-12-23,3.658170443010213,3.677885166544482,3.6537893004895428,3.655979871749878,109800.0
2005-12-27,3.677886102941076,3.6866479724044576,3.6603615283966064,3.6603615283966064,163400.0
2005-12-28,3.6816885134526705,3.7105734529838363,3.6794665624276712,3.706129550933838,183400.0
2005-12-29,3.701686945949942,3.7327934236119495,3.6994649941463735,3.7239060401916504,249900.0
2005-12-30,3.726129792137102,3.74834889711315,3.710576545792122,3.7216858863830566,277900.0
2006-01-03,3.723905434358062,3.7505680040752614,3.723905434358062,3.74168062210083,87400.0
2006-01-04,3.7505671149144115,3.8083365673312652,3.741679735046944,3.8038930892944336,106300.0
2006-01-05,3.817225712082407,3.835000901856029,3.799450522308785,3.8283350467681885,72000.0
2006-01-06,3.835000882348707,3.843888265293334,3.783897264983734,3.8327789306640625,95900.0
2006-01-09,3.8372199954237414,3.8505512718757555,3.8216667689307853,3.8438854217529297,58300.0
2006-01-10,3.854995171957639,3.857217121998581,3.8327760953418575,3.8438854217529297,76900.0
2006-01-11,3.8527756644348368,3.863884997888818,3.835000476632123,3.8594415187835693,92000.0
2006-01-12,3.8549983864721744,3.8749955297217573,3.8483325307909833,3.861663818359375,72300.0
2006-01-13,3.8705516259342962,3.8705516259342962,3.8483325307909833,3.861663818359375,86300.0
2006-01-17,3.8572220916182554,3.870553385246221,3.843890374196106,3.8683314323425293,79600.0
2006-01-18,3.8527781858108723,3.8816627259704948,3.8527781858108723,3.8683314323425293,76600.0
2006-01-19,3.859444044521947,3.8749972910536035,3.8572220916182554,3.8683314323425293,47800.0
2006-01-20,3.8683314323425293,3.8749972910536035,3.855000138714564,3.8683314323425293,72800.0
2006-01-23,3.857220552084275,3.8838831286983613,3.857220552084275,3.8816611766815186,82800.0
2006-01-24,3.8816622388881874,3.8927720020125594,3.879440286263313,3.8838841915130615,70700.0
2006-01-25,3.8949928887825758,3.899436369022247,3.8772176964418468,3.8816611766815186,95200.0
2006-01-26,3.8683274723924455,3.8816587523733754,3.866105521763332,3.874993324279785,71600.0
2006-01-27,3.8794407730668032,3.8794407730668032,3.8616655736314547,3.8683314323425293,71100.0
2006-01-30,3.870552445118126,3.8816617831440254,3.863886588026138,3.8794398307800293,70700.0
2006-01-31,3.8861043453216553,3.9105453890877704,3.879438490532551,3.8861043453216553,132000.0
2006-02-01,3.909811083841647,3.909811083841647,3.87178658727676,3.8807337284088135,84600.0
2006-02-02,3.86060835997217,3.889685755116412,3.86060835997217,3.8829758167266846,73100.0
2006-02-03,3.8852072989748403,3.8941540134837234,3.8762601578427867,3.8807337284088135,66000.0
2006-02-06,3.9031046704819956,3.9187617549436182,3.8896839466947006,3.8986310958862305,159900.0
2006-02-07,3.8986286304364177,3.9433630682338374,3.896391844553054,3.9366531372070312,175100.0
2006-02-08,3.9366566457824965,3.9478401585434217,3.923236345144653,3.945603370666504,115500.0
2006-02-09,3.9523098555872505,3.9523098555872505,3.9433627128601074,3.9433627128601074,122400.0
2006-02-10,3.959025696846218,3.959025696846218,3.9388950244475147,3.952315330505371,123700.0
2006-02-13,3.9590211442348155,3.9724414348602295,3.9478372131941817,3.9724414348602295,128800.0
2006-02-14,3.970207819381933,3.9724446073764272,3.952313942049666,3.9657342433929443,121900.0
2006-02-15,3.981386966457977,3.9858605375409284,3.961256323207914,3.9634931087493896,122900.0
2006-02-16,3.981390709394089,3.9836274970383863,3.96573362250763,3.979154348373413,110000.0
2006-02-17,3.9791536701601253,4.003757476806641,3.970206521107903,4.003757476806641,58000.0
2006-02-21,4.010467481658186,4.010467481658186,3.9791533160095116,3.997047185897827,104900.0
2006-02-22,4.003757120466251,4.003757120466251,3.9858632505779363,3.997047185897827,109500.0
2006-02-23,4.001519680023193,4.003756466721943,3.9880993864541368,4.001519680023193,123500.0
2006-02-24,4.0037554412898535,4.019412517547607,3.9925719372838384,4.019412517547607,80700.0
2006-02-27,4.01941531793437,4.01941531793437,4.008231806136635,4.014942169189453,93200.0
2006-02-28,4.014941413121918,4.023888135550592,3.9992839022805295,4.003757476806641,99300.0
2006-03-01,4.027621040500346,4.032123794399556,4.020867339057777,4.029872417449951,111400.0
2006-03-02,4.034376373805936,4.041130506667839,4.02311991510914,4.032124996185303,117100.0
2006-03-03,4.034374899509907,4.038877653105718,3.9870968455663265,4.00060510635376,124500.0
2006-03-06,4.009610900784321,4.016365032385216,3.9983544441891237,4.011862277984619,74000.0
2006-03-07,4.014114070560488,4.014114070560488,3.9690873807078044,3.973590135574341,75800.0
2006-03-08,3.9758401316708816,3.9848456382751465,3.9533267945664083,3.9848456382751465,83800.0
2006-03-09,3.9893460495158495,3.9938488006591797,3.962330401467837,3.9938488006591797,99300.0
2006-03-10,4.000604339718114,4.002855716084588,3.982593758192454,3.989347457885742,51100.0
2006-03-13,3.9848478154634304,4.011863491224314,3.9848478154634304,4.005109786987305,84400.0
2006-03-14,4.009609257898113,4.029871214992426,3.987095924525975,4.0276198387146,129900.0
2006-03-15,4.029873381939004,4.029873381939004,4.009611413949411,4.020868301391602,68400.0
2006-03-16,4.0186173498632725,4.023120105317426,3.9870984910905953,3.9961040019989014,95500.0
2006-03-17,4.0006013160904805,4.014109134674072,3.993847192095779,4.014109134674072,72600.0
2006-03-20,4.0163643458407945,4.0276208005118495,4.007358838578974,4.01861572265625,89800.0
2006-03-21,4.009606385344272,4.018611884003874,4.005104065420281,4.014109134674072,75200.0
2006-03-22,4.018614763009415,4.0276198387146,4.009609257898113,4.0276198387146,67000.0
2006-03-23,4.020867339057777,4.029872417449951,4.016364585158568,4.029872417449951,73200.0
2006-03-24,4.034376385181171,4.034376385181171,4.005109334843156,4.023119926452637,91800.0
2006-03-27,4.0298736299272075,4.034376385181171,4.018617171198673,4.023119926452637,82500.0
2006-03-28,4.038877905797615,4.038877905797615,4.025369644165039,4.025369644165039,78700.0
2006-03-29,4.032125912186673,4.034377290318766,3.998356099018225,4.009612560272217,85800.0
2006-03-30,4.009609015495745,4.018614520062616,3.9870956834846587,4.016363143920898,82900.0
2006-03-31,4.023117272346052,4.023117272346052,4.002855316476683,4.016363143920898,75200.0
2006-04-03,4.022709806739564,4.029508908507327,4.011378402725312,4.020443439483643,52800.0
2006-04-04,4.002311787063057,4.038572788238525,4.002311787063057,4.038572788238525,77100.0
2006-04-05,4.04310667041598,4.0680362779080355,4.038573935914632,4.05217170715332,114400.0
2006-04-06,4.052171905410227,4.063503742218018,4.045373235590928,4.063503742218018,81400.0
2006-04-07,4.063502307243274,4.063502307243274,4.024974940232991,4.0340399742126465,62700.0
2006-04-10,4.022709886208828,4.03857402504832,4.00911211467003,4.0249762535095215,58900.0
2006-04-11,4.000049925033931,4.0249795535155375,4.000049925033931,4.0227131843566895,50200.0
2006-04-12,4.022710130457683,4.0317756002108895,4.002313255778356,4.009112358093262,109900.0
2006-04-13,4.009114518376643,4.009114518376643,3.9773857894090034,3.9932503700256348,71000.0
2006-04-17,3.9456554644720385,3.968318707151731,3.9388563619885106,3.9524545669555664,163200.0
2006-04-18,3.950188836045166,3.963786610938141,3.925259221853486,3.947922468185425,96900.0
2006-04-19,3.9388560007319,3.9615192413330083,3.929790963850673,3.961519241333008,179400.0
2006-04-20,3.963788803379725,3.963788803379725,3.922995023871569,3.950191020965576,100300.0
2006-04-21,3.936591168764615,3.975118558902473,3.936591168764615,3.970585823059082,72900.0
2006-04-24,3.963783140748126,3.9728486042505096,3.9411199142572575,3.956984043121338,73500.0
2006-04-25,3.950186608136859,3.950186608136859,3.934322474331527,3.943387508392334,63800.0
2006-04-26,3.9479246518522664,3.952457390078886,3.9320605003248077,3.950191020965576,87500.0
2006-04-27,3.9388568596087454,3.986449718475342,3.9388568596087454,3.986449718475342,116700.0
2006-04-28,3.986447730401987,3.986447730401987,3.959251762860285,3.98191499710083,64700.0
2006-05-01,3.9746165669417466,3.992869668016578,3.9723348749088605,3.9883062839508057,68400.0
2006-05-02,3.9860239860073636,3.9997141361236572,3.976897654451359,3.9997141361236572,60600.0
2006-05-03,4.004277614120337,4.00655930610828,3.9814615646173994,3.9951512813568115,59200.0
2006-05-04,3.997433133023224,4.015686234467648,3.995151440944138,4.0019965171813965,91900.0
2006-05-05,4.011119793452861,4.022527809966027,4.001993467279914,4.015683174133301,38800.0
2006-05-08,4.015684927170946,4.015684927170946,3.9791787361666016,3.990586757659912,60400.0
2006-05-09,3.990586757659912,4.001995214341347,3.983741683651051,3.990586757659912,50200.0
2006-05-10,4.001994471858052,4.001994471858052,3.967769543351564,3.9928677082061768,100400.0
2006-05-11,3.970050359538659,3.9860217572224,3.9609240330856417,3.967768669128418,60100.0
2006-05-12,3.9768993854522705,3.9768993854522705,3.9609279718863384,3.9768993854522705,52500.0
2006-05-15,3.9700520471610705,3.9997135999150357,3.9700520471610705,3.9837417602539062,66800.0
2006-05-16,3.995150819832766,4.015685610163808,3.972334337777364,4.011122226715088,70700.0
2006-05-17,3.9974324807904136,4.004277120722614,3.960926283858024,3.9791793823242188,62500.0
2006-05-18,3.9700520471610705,3.9860234516340673,3.963207408208719,3.9837417602539062,77400.0
2006-05-19,3.951800003962383,3.9951512813568115,3.951800003962383,3.9951512813568115,57200.0
2006-05-22,3.9997118996838474,3.9997118996838474,3.951797271444677,3.967768669128418,72700.0
2006-05-23,3.9540798330617952,3.995149399119146,3.9540798330617952,3.9928677082061768,126200.0
2006-05-24,4.001995291295197,4.004276547487226,3.979178812681716,3.9837417602539062,52000.0
2006-05-25,3.9837428998850335,3.9883062839508057,3.9700531828759744,3.9883062839508057,75300.0
2006-05-26,3.995149794248532,4.017966270446777,3.986023029693999,4.017966270446777,52900.0
2006-05-30,4.006558418273926,4.020248567167915,3.990587013085758,4.006558418273926,56500.0
2006-05-31,4.001994867664432,4.020247961585411,3.9997131765257983,4.017966270446777,76500.0
2006-06-01,4.015668598681723,4.04783100296368,4.015668598681723,4.045533657073975,91300.0
2006-06-02,4.038641199062647,4.057019526093551,4.027154908983537,4.047830581665039,61300.0
2006-06-05,4.034043846203265,4.045530566877613,4.024854907837378,4.036341190338135,52000.0
2006-06-06,4.0179641868586895,4.034045162877866,4.0179641868586895,4.031747817993164,75600.0
2006-06-07,4.031749581735739,4.052425256569167,4.029452674019958,4.045533657073975,52900.0
2006-06-08,4.045534791662044,4.059318432692037,4.04094009859403,4.054723739624023,65800.0
2006-06-09,4.057021086158031,4.059318432692037,4.043237445128037,4.054723739624023,36800.0
2006-06-12,4.059316281011554,4.059316281011554,4.038640611338883,4.0432353019714355,65700.0
2006-06-13,4.0317506077714995,4.038642647194565,4.017966967099405,4.027156352996826,87100.0
2006-06-14,4.0271535663974944,4.038639852647268,4.0179641868586895,4.031747817993164,112300.0
2006-06-15,4.038643180198311,4.04094052697586,4.0248595377071075,4.029454231262207,115700.0
2006-06-16,4.038642296156518,4.040939642431188,4.022561310407825,4.034047603607178,144800.0
2006-06-19,4.040937956655159,4.045532647287712,4.036343266022606,4.0432353019714355,105900.0
2006-06-20,4.054720822053806,4.057018166934761,4.047829225584675,4.052423477172852,93900.0
2006-06-21,4.06161642074585,4.063913767642716,4.052427033158387,4.06161642074585,122600.0
2006-06-22,4.063912445565132,4.093777069160552,4.047831460692677,4.089182376861572,217800.0
2006-06-23,4.093775021244157,4.1098559980720815,4.091477676243916,4.102964401245117,107200.0
2006-06-26,4.107558653071842,4.112153343072322,4.089180331243677,4.102964401245117,48600.0
2006-06-27,4.102962798757885,4.109854392893212,4.073097763592856,4.096070766448975,97800.0
2006-06-28,4.096072366244397,4.102964401245117,4.086883424417191,4.102964401245117,66000.0
2006-06-29,4.102965887352468,4.107560140843246,4.09607384985543,4.1052632331848145,35700.0
2006-06-30,4.10985785314035,4.10985785314035,4.059317554843939,4.100668907165527,75400.0
2006-07-03,4.1052959175844395,4.1052959175844395,4.082167401651788,4.093731880187988,61300.0
2006-07-05,4.089103700190828,4.09372948890323,4.061349409055909,4.070600986480713,62700.0
2006-07-06,4.077539228409823,4.079852122766024,4.056724061482999,4.070600986480713,71200.0
2006-07-07,4.077541374767035,4.07985427034071,4.047474614588713,4.0682902336120605,107100.0
2006-07-10,4.070600986480713,4.072913880836913,4.047472484058196,4.070600986480713,56700.0
2006-07-11,4.070603105776959,4.077541351318359,4.061351523535463,4.077541351318359,60100.0
2006-07-12,4.082167402207912,4.082167402207912,4.056726431704305,4.065977573394775,74200.0
2006-07-13,4.075229156224996,4.079854506500357,4.06366467768722,4.065977573394775,67700.0
2006-07-14,4.061351781979665,4.070603364809886,4.056726431704305,4.065977573394775,41100.0
2006-07-17,4.075226280338599,4.0821645214252,4.0497848866492285,4.0798516273498535,78500.0
2006-07-18,4.07522797224506,4.079853321176614,4.059037706995948,4.072915077209473,81800.0
2006-07-19,4.075226513790674,4.096041679382324,4.068287831167148,4.096041679382324,108200.0
2006-07-20,4.100669635681811,4.100669635681811,4.072915772794117,4.084479808807373,83200.0
2006-07-21,4.09141919551063,4.102983233503538,4.077541820551414,4.100670337677002,76200.0
2006-07-24,4.102982511092139,4.121485233306885,4.091418475135309,4.121485233306885,76200.0
2006-07-25,4.123800538771809,4.123800538771809,4.091420866257488,4.107610702514648,102700.0
2006-07-26,4.109918828927088,4.126108646392822,4.105293040754181,4.126108646392822,77800.0
2006-07-27,4.128421783447266,4.128421783447266,4.119170206556973,4.128421783447266,56100.0
2006-07-28,4.133047571892412,4.135360024975519,4.11223196502872,4.128421783447266,56100.0
2006-07-31,4.112233602292638,4.135361671447754,4.112233602292638,4.135361671447754,57700.0
2006-08-01,4.140484897682161,4.142813682556152,4.126512188438216,4.142813682556152,113300.0
2006-08-02,4.145139961109501,4.166098570378499,4.140482837848673,4.152126312255859,171400.0
2006-08-03,4.152127830880801,4.159114184582392,4.142813136782253,4.154456615447998,51500.0
2006-08-04,4.152127830880801,4.159114184582392,4.131169213946269,4.154456615447998,115300.0
2006-08-07,4.156785223491576,4.161442792428179,4.133497822978778,4.14979887008667,100800.0
2006-08-08,4.149799593007827,4.163771858081473,4.126512188438216,4.142813682556152,108800.0
2006-08-09,4.142810045540231,4.142810045540231,4.110207530096744,4.121851444244385,171600.0
2006-08-10,4.121851444244385,4.13116613139259,4.114865095755801,4.121851444244385,72100.0
2006-08-11,4.117193878585328,4.126508565733533,4.107878747267216,4.121851444244385,44600.0
2006-08-14,4.124183336072891,4.124183336072891,4.105553501556135,4.114868640899658,55200.0
2006-08-15,4.126511361773942,4.135826499403803,4.110210315091894,4.133497714996338,78500.0
2006-08-16,4.135828306484146,4.138157091909134,4.117198467254639,4.117198467254639,82900.0
2006-08-17,4.121857296949653,4.124185638915331,4.100898665894239,4.112542152404785,89000.0
2006-08-18,4.121852581382111,4.121852581382111,4.093907623888219,4.100893974304199,80600.0
2006-08-21,4.119528510813436,4.119528510813436,4.100898665894239,4.112542152404785,49800.0
2006-08-22,4.1195254527217555,4.133497714996338,4.103224406039708,4.133497714996338,69200.0
2006-08-23,4.135828306484146,4.138157091909134,4.107883325554684,4.117198467254639,73100.0
2006-08-24,4.112539856063777,4.133498475416413,4.098567591218784,4.114868640899658,71300.0
2006-08-25,4.11487051652345,4.1428155031215,4.11487051652345,4.140486717224121,74800.0
2006-08-28,4.140484068218734,4.145141192863455,4.124182577366477,4.133497714996338,105300.0
2006-08-29,4.140484897682161,4.142813682556152,4.126512188438216,4.142813682556152,46900.0
2006-08-30,4.142814301643853,4.1474714279174805,4.13815673119986,4.1474714279174805,91800.0
2006-08-31,4.14979887008667,4.14979887008667,4.142812960851986,4.14979887008667,64300.0
2006-09-01,4.153082702215945,4.171843528747559,4.148392942865764,4.171843528747559,51200.0
2006-09-05,4.171842034017126,4.178876894163237,4.164806726588453,4.176531791687012,41400.0
2006-09-06,4.176534577125195,4.185914993286133,4.174189473084961,4.185914993286133,60000.0
2006-09-07,4.1812218928791545,4.1906023025512695,4.169496828071563,4.1906023025512695,72900.0
2006-09-08,4.195294306070208,4.20467472076416,4.1882594423325346,4.20467472076416,44400.0
2006-09-11,4.202329617090672,4.214054688175322,4.190604546006022,4.20467472076416,77200.0
2006-09-12,4.209364891052246,4.211709547422301,4.197639372788036,4.209364891052246,80200.0
2006-09-13,4.211706803739653,4.211706803739653,4.181221370677772,4.192946434020996,62900.0
2006-09-14,4.197637162522804,4.204672469776891,4.188257200133241,4.1906023025512695,56500.0
2006-09-15,4.199983578794169,4.209363991400696,4.190603613470333,4.202328681945801,75800.0
2006-09-18,4.207018924344726,4.2140537865772885,4.197638511657715,4.197638511657715,87200.0
2006-09-19,4.207018547492369,4.207018547492369,4.188258171081543,4.188258171081543,81600.0
2006-09-20,4.185914993286133,4.1976400662044435,4.176534577125195,4.185914993286133,71100.0
2006-09-21,4.188258278347761,4.195293140130333,4.167152798434714,4.174187660217285,84700.0
2006-09-22,4.176531739777908,4.192947009624894,4.162461572378,4.183567047119141,84500.0
2006-09-25,4.195292164214243,4.195292164214243,4.164806726588453,4.176531791687012,61200.0
2006-09-26,4.183568598047094,4.185913701363546,4.139012529599958,4.171843528747559,80900.0
2006-09-27,4.181223887716551,4.181223887716551,4.157773299630677,4.1788787841796875,68700.0
2006-09-28,4.1788787841796875,4.183568991253415,4.167153713778133,4.1788787841796875,35800.0
2006-09-29,4.181221370677772,4.192946434020996,4.171841409459692,4.192946434020996,64600.0
2006-10-02,4.196253412452845,4.200976371765137,4.186807493828261,4.200976371765137,43300.0
2006-10-03,4.205697993816207,4.205697993816207,4.1820836526404905,4.1938910484313965,101600.0
2006-10-04,4.186807381342332,4.198614779305836,4.184445901749632,4.196253299713135,53700.0
2006-10-05,4.179725840743324,4.200978719117776,4.179725840743324,4.189171314239502,55600.0
2006-10-06,4.179723755915712,4.196253664093809,4.177362276117953,4.191530704498291,56200.0
2006-10-09,4.189168434698285,4.198614352107991,4.167915570932579,4.177361488342285,101300.0
2006-10-10,4.167918865710166,4.17736479058696,4.144304503924667,4.165557384490967,121400.0
2006-10-11,4.158474927004515,4.170281887054443,4.149028998639248,4.170281887054443,80000.0
2006-10-12,4.1631959032717685,4.179726271806159,4.156111910020661,4.165557384490967,70000.0
2006-10-13,4.163192612227727,4.177361488342285,4.1561086245765795,4.177361488342285,55300.0
2006-10-16,4.17971953887981,4.186803520719642,4.170273629219015,4.184442043304443,43800.0
2006-10-17,4.184444339291244,4.198613211556836,4.177360353564459,4.179721832275391,100000.0
2006-10-18,4.179725840743324,4.196255757166466,4.179725840743324,4.189171314239502,42300.0
2006-10-19,4.184448571746473,4.2009789394430115,4.184448571746473,4.198617458343506,59700.0
2006-10-20,4.196252954419702,4.21514433920063,4.189168516224551,4.212782859802246,58700.0
2006-10-23,4.205700984705513,4.215146908055718,4.203339503867962,4.210423946380615,95300.0
2006-10-24,4.21514433920063,4.2175058185990135,4.205698421607095,4.212782859802246,71800.0
2006-10-25,4.2175058185990135,4.219867297997397,4.203336942208711,4.212782859802246,81600.0
2006-10-26,4.215144357448231,4.224589824676514,4.203336960405197,4.224589824676514,110800.0
2006-10-27,4.224591352747741,4.226952833010515,4.215145882102949,4.217507362365723,66000.0
2006-10-30,4.222229340271601,4.236398220062256,4.215145350782523,4.236398220062256,131400.0
2006-10-31,4.234036740097147,4.236398220062256,4.219868310712741,4.236398220062256,91800.0
2006-11-01,4.234972883756248,4.244484551227528,4.232594966888428,4.232594966888428,57500.0
2006-11-02,4.232592248161074,4.232592248161074,4.21356937897877,4.220703125,58800.0
2006-11-03,4.220702838083216,4.225458668440743,4.194546224657768,4.211191177368164,105800.0
2006-11-06,4.21594615393715,4.230213642120361,4.211190324542746,4.230213642120361,54600.0
2006-11-07,4.230217386711804,4.230217386711804,4.213571969096854,4.227839469909668,83200.0
2006-11-08,4.227836537131376,4.237347744200901,4.215946961368295,4.22545862197876,57400.0
2006-11-09,4.218325614172547,4.237348485179035,4.218325614172547,4.234970569610596,66500.0
2006-11-10,4.232594966888428,4.237350800624068,4.2254616698262355,4.232594966888428,68100.0
2006-11-13,4.2349723518161735,4.246861934661865,4.227839055649969,4.246861934661865,76800.0
2006-11-14,4.239728114694442,4.251617243801898,4.230216902116718,4.244483947753906,80300.0
2006-11-15,4.2468618642836375,4.24923978081337,4.237350198164711,4.244483947753906,69000.0
2006-11-16,4.237350057487202,4.244483806839561,4.232594224585629,4.239727973937988,108800.0
2006-11-17,4.23972818495445,4.246861934661865,4.2325944352470355,4.246861934661865,78100.0
2006-11-20,4.249236844482595,4.2516143058282365,4.234969355163401,4.242103099822998,65900.0
2006-11-21,4.237347270049933,4.249236844482595,4.237347270049933,4.242103099822998,79900.0
2006-11-22,4.2421066343597085,4.246862468095348,4.2278395866940555,4.232594966888428,110500.0
2006-11-24,4.227838774926221,4.237349987030029,4.227838774926221,4.237349987030029,26800.0
2006-11-27,4.2325944352470355,4.246861934661865,4.230216972219108,4.246861934661865,72300.0
2006-11-28,4.2468601466969815,4.251615524291992,4.23259265328889,4.251615524291992,82100.0
2006-11-29,4.253995223084024,4.263506889343262,4.246861926930806,4.263506889343262,87400.0
2006-11-30,4.265883993372983,4.268261909484863,4.256372328925458,4.268261909484863,68000.0
2006-12-01,4.253174656720246,4.291491508483887,4.253174656720246,4.291491508483887,98100.0
2006-12-04,4.296283331269552,4.301072597503662,4.27712489601373,4.301072597503662,101100.0
2006-12-05,4.3058573640875,4.3058573640875,4.291488668378557,4.303462505340576,84100.0
2006-12-06,4.298675427781621,4.298675427781621,4.284306268002432,4.293885707855225,78900.0
2006-12-07,4.293886553144686,4.293886553144686,4.277122986875075,4.289096832275391,111300.0
2006-12-08,4.291489012922337,4.291489012922337,4.274725457120603,4.286699295043945,92300.0
2006-12-11,4.29149253941701,4.293887400324161,4.274728969839965,4.284307956695557,80900.0
2006-12-12,4.28670112796563,4.293885707855225,4.2819114080392335,4.293885707855225,89800.0
2006-12-13,4.296280874881567,4.310649578914881,4.2914911546128405,4.308254718780518,100100.0
2006-12-14,4.308257182014518,4.308257182014518,4.291493608262314,4.301072597503662,97200.0
2006-12-15,4.303462413542671,4.310646989630187,4.293883435531907,4.298673152923584,73700.0
2006-12-18,4.303467459007281,4.3058623205109,4.289098746758696,4.301072597503662,89400.0
2006-12-19,4.2986781927731705,4.303467459007281,4.289098746758696,4.301072597503662,103300.0
2006-12-20,4.303462505340576,4.3058573640875,4.286698950884709,4.303462505340576,77300.0
2006-12-21,4.303464998511791,4.310649578914881,4.274727590445163,4.308254718780518,107600.0
2006-12-22,4.3130433179197025,4.322622299194336,4.3034638798723215,4.322622299194336,47000.0
2006-12-26,4.3130433179197025,4.3250171587061805,4.3034638798723215,4.322622299194336,66500.0
2006-12-27,4.343606924667361,4.343606924667361,4.324312742648128,4.338783264160156,38600.0
2006-12-28,4.338779887249033,4.338779887249033,4.3218975486230775,4.329133033752441,72900.0
2006-12-29,4.336371390173892,4.338783220403171,4.319489038578521,4.326724529266357,87500.0
2007-01-03,4.32672457290173,4.348430585174565,4.324312742648128,4.338783264160156,94200.0
2007-01-04,4.3315477733993495,4.348430585174565,4.32672457290173,4.338783264160156,92500.0
2007-01-05,4.333960127112648,4.34843111038208,4.333960127112648,4.34843111038208,53000.0
2007-01-08,4.341192785744015,4.365310615444461,4.341192785744015,4.355663299560547,88800.0
2007-01-09,4.360489898938024,4.374960422515869,4.353254407144275,4.374960422515869,54800.0
2007-01-10,4.372548139326273,4.382195460719367,4.36772493863933,4.379783630371094,76000.0
2007-01-11,4.3701349178036315,4.389429092407227,4.367723088477006,4.389429092407227,69200.0
2007-01-12,4.389431494864033,4.3990783574411205,4.370137309700199,4.396666526794434,60500.0
2007-01-16,4.399078823089365,4.401490653991347,4.377372804981233,4.3942551612854,82100.0
2007-01-17,4.389429641441934,4.408723818458866,4.3846059821853345,4.406311988830566,49700.0
2007-01-18,4.406309998638499,4.4135450242460985,4.389427658875091,4.391839027404785,97600.0
2007-01-19,4.401488342270986,4.411135660812015,4.394252853365215,4.408723831176758,77900.0
2007-01-22,4.413549922316205,4.423197247178424,4.406314888679309,4.4183735847473145,71200.0
2007-01-23,4.430428451080326,4.435251648831625,4.418369306678771,4.420781135559082,100200.0
2007-01-24,4.425607681274414,4.4280195117285785,4.415960359457757,4.425607681274414,67200.0
2007-01-25,4.423193454742432,4.437663969619005,4.420781625594773,4.423193454742432,111500.0
2007-01-26,4.430431918602374,4.454549306262554,4.420784595530556,4.449726104736328,98700.0
2007-01-29,4.442492541934076,4.459374904632568,4.440080710118593,4.459374904632568,63900.0
2007-01-30,4.459369686130051,4.469017002102371,4.449722830167077,4.464193344116211,67600.0
2007-01-31,4.456958920037415,4.488312244415283,4.444900232205591,4.488312244415283,101100.0
2007-02-01,4.482728110562075,4.51429687932401,4.477871768819815,4.511868476867676,118200.0
2007-02-02,4.509440292985417,4.516725500707536,4.487585132989492,4.507011890411377,102800.0
2007-02-05,4.509436688131091,4.553146973180837,4.494866747504529,4.528863430023193,79900.0
2007-02-06,4.533721100702082,4.545862643024208,4.5167227561830465,4.536149501800537,91800.0
2007-02-07,4.538576982391084,4.545861721038818,4.526434979361433,4.545861721038818,56500.0
2007-02-08,4.533722284779506,4.570147384429217,4.5288654813141385,4.567718982696533,88800.0
2007-02-09,4.5701476862743835,4.582289695739746,4.555577738086249,4.582289695739746,76700.0
2007-02-12,4.5822946867311645,4.5822946867311645,4.567724259502759,4.577437877655029,94900.0
2007-02-13,4.575006930684388,4.601718902587891,4.575006930684388,4.601718902587891,86900.0
2007-02-14,4.58957430821982,4.58957430821982,4.562862814493398,4.579861164093018,88100.0
2007-02-15,4.555576987719413,4.58228894097308,4.519151891663648,4.541007041931152,150500.0
2007-02-16,4.5215811417746385,4.548292636871338,4.511867533979248,4.548292636871338,68100.0
2007-02-20,4.5482930176184535,4.5482930176184535,4.492441157630419,4.519153118133545,165300.0
2007-02-21,4.521581868001738,4.521581868001738,4.502155112461071,4.516725063323975,60100.0
2007-02-22,4.504583720321151,4.524010478745662,4.490013767295383,4.502155780792236,64900.0
2007-02-23,4.502155112461071,4.516725063323975,4.492441503105543,4.516725063323975,72300.0
2007-02-26,4.519150290662173,4.531291830655964,4.511865088763861,4.528863430023193,77600.0
2007-02-27,4.528865922933475,4.528865922933475,4.45115891259131,4.458444118499756,144100.0
2007-02-28,4.46815561578229,4.526435852050781,4.46815561578229,4.526435852050781,88000.0
2007-03-01,4.525705188811901,4.525705188811901,4.462134990519478,4.479249954223633,78900.0
2007-03-02,4.486586114170081,4.486586114170081,4.435240745544434,4.435240745544434,74000.0
2007-03-05,4.435235809431625,4.447461105664144,4.393670734935797,4.418120861053467,115300.0
2007-03-06,4.425460805668496,4.4450208343622,4.425460805668496,4.440130710601807,52900.0
2007-03-07,4.430349026336556,4.462133884429932,4.425458904676754,4.462133884429932,52800.0
2007-03-08,4.4694719059018055,4.498811721801758,4.4694719059018055,4.498811721801758,54800.0
2007-03-09,4.48902718721713,4.5085871992298365,4.486582127422108,4.5061421394348145,64600.0
2007-03-12,4.513480832330247,4.513480832330247,4.479250897711905,4.493920803070068,45600.0
2007-03-13,4.493919540518779,4.493919540518779,4.467024799309446,4.489029884338379,69900.0
2007-03-14,4.454796967142192,4.486582279205322,4.452351907264452,4.486582279205322,69700.0
2007-03-15,4.491477001000753,4.498811721801758,4.4816967514687915,4.498811721801758,62400.0
2007-03-16,4.508591005928547,4.52081584887788,4.498810758490788,4.5134806632995605,66600.0
2007-03-19,4.520815372467041,4.520815372467041,4.501255346000656,4.520815372467041,76800.0
2007-03-20,4.511034484191187,4.525704383850098,4.506144362188984,4.525704383850098,105100.0
2007-03-21,4.520815372467041,4.525705495670592,4.506145469204206,4.520815372467041,105600.0
2007-03-22,4.501255030053545,4.523260116577148,4.501255030053545,4.523260116577148,87100.0
2007-03-23,4.508590214344007,4.523260116577148,4.506145152913853,4.523260116577148,91000.0
2007-03-26,4.530596255920274,4.53304131786585,4.4988109169756845,4.515925884246826,96800.0
2007-03-27,4.518371593403236,4.520816655699041,4.498811561384744,4.5110368728637695,111000.0
2007-03-28,4.511035275774161,4.523260116577148,4.491475250680712,4.523260116577148,70000.0
2007-03-29,4.528150239437457,4.542820141670598,4.515924932286686,4.523260116577148,48900.0
2007-03-30,4.523260116577148,4.523260116577148,4.513479870856532,4.523260116577148,59200.0
2007-04-02,4.303411841087069,4.554526381293336,4.303411841087069,4.552064418792725,111200.0
2007-04-03,4.544677630844972,4.55452547889624,4.544677630844972,4.5496015548706055,118500.0
2007-04-04,4.549600447698644,4.556986331939697,4.529905225960295,4.556986331939697,50400.0
2007-04-05,4.554527653670812,4.559451580047607,4.54467980091722,4.559451580047607,76900.0
2007-04-09,4.554525958953776,4.5963783784405265,4.554525958953776,4.593916416168213,104400.0
2007-04-10,4.60376500860681,4.628383696162435,4.593917157927467,4.625922203063965,119200.0
2007-04-11,4.625922732604983,4.625922732604983,4.598841609708113,4.62346076965332,93100.0
2007-04-12,4.611151265030191,4.6308465003967285,4.611151265030191,4.6308465003967285,90300.0
2007-04-13,4.630847021632926,4.650542259216309,4.630847021632926,4.650542259216309,66800.0
2007-04-16,4.645617639435056,4.660388946533203,4.633307825543778,4.660388946533203,92000.0
2007-04-17,4.64807611952926,4.672695261781086,4.645614627918052,4.667771339416504,67100.0
2007-04-18,4.645614052565812,4.675156643952332,4.645614052565812,4.672694683074951,68500.0
2007-04-19,4.665315204976156,4.670238663423251,4.633310142426118,4.662853240966797,89900.0
2007-04-20,4.655462003076132,4.670233300598794,4.650538080711551,4.667771339416504,82600.0
2007-04-23,4.667770595176127,4.672694516755627,4.638228004841142,4.657923221588135,89800.0
2007-04-24,4.657923964258424,4.672695261781086,4.650538080711551,4.667771339416504,88700.0
2007-04-25,4.65792830710713,4.6702376549241995,4.65792830710713,4.665314197540283,64800.0
2007-04-26,4.672694516755627,4.672694516755627,4.652999300008635,4.657923221588135,67700.0
2007-04-27,4.665314197540283,4.675161581879635,4.655466343629413,4.665314197540283,56900.0
2007-04-30,4.670234680175781,4.675158603994879,4.650539454470612,4.670234680175781,75600.0
2007-05-01,4.669489560382615,4.679403305053711,4.65461870700802,4.679403305053711,47100.0
2007-05-02,4.669493928399461,4.6868433523550985,4.669493928399461,4.6843647956848145,49500.0
2007-05-03,4.679403305053711,4.694274631164212,4.669489560382615,4.679403305053711,65300.0
2007-05-04,4.684366103739123,4.684366103739123,4.6670166749388615,4.676930904388428,32400.0
2007-05-07,4.667012824190809,4.6818836833587465,4.664534268873471,4.674448490142822,52900.0
2007-05-08,4.674450354248867,4.674450354248867,4.654622376539131,4.671971797943115,59500.0
2007-05-09,4.6694897404045514,4.691796257694376,4.6694897404045514,4.68931770324707,55600.0
2007-05-10,4.679404950553354,4.689319171446662,4.662055536726136,4.664534091949463,74200.0
2007-05-11,4.671968294851856,4.68931770324707,4.6694897404045514,4.68931770324707,59600.0
2007-05-14,4.691799775652851,4.70171352813958,4.667014685331612,4.671971797943115,65000.0
2007-05-15,4.671970975776835,4.674449531646415,4.649664445686818,4.6521430015563965,78800.0
2007-05-16,4.64966522086866,4.669493198394775,4.64966522086866,4.669493198394775,58100.0
2007-05-17,4.65214382023338,4.671971797943115,4.649665263927628,4.671971797943115,68300.0
2007-05-18,4.6670087375966105,4.6670087375966105,4.649659338303069,4.659573078155518,60200.0
2007-05-21,4.664535308168098,4.667013864037677,4.622400803857641,4.6521430015563965,66300.0
2007-05-22,4.65957819642894,4.65957819642894,4.632315027335958,4.6521430015563965,81800.0
2007-05-23,4.659576981502809,4.664534091949463,4.647184678122245,4.664534091949463,63300.0
2007-05-24,4.662051631302548,4.6670087375966105,4.6521378914501,4.659573078155518,60300.0
2007-05-25,4.667014989521515,4.669493545988816,4.639751341117516,4.662057876586914,72100.0
2007-05-29,4.6595782838329445,4.669492507497232,4.639750309240574,4.657100200653076,96400.0
2007-05-30,4.654621557425976,4.65957819642894,4.629836471466378,4.6521430015563965,40800.0
2007-05-31,4.6571012363886215,4.664536433054215,4.652144123454019,4.662057876586914,40500.0
2007-06-01,4.661305448486847,4.67877279075376,4.661305448486847,4.671286582946777,69800.0
2007-06-04,4.6787764825757225,4.6787764825757225,4.653822912812035,4.663804531097412,92100.0
2007-06-05,4.658813721954723,4.671290268861689,4.648832103669346,4.663804531097412,94900.0
2007-06-06,4.653822653194106,4.658813462058378,4.631364489254612,4.648831844329834,67900.0
2007-06-07,4.646333860023255,4.648828786864785,4.601417561685043,4.611398696899414,90400.0
2007-06-08,4.626371248874867,4.628866175789325,4.601417696185417,4.618885040283203,75200.0
2007-06-11,4.616391461559184,4.646335831808751,4.606409846159455,4.641345024108887,84400.0
2007-06-12,4.641342703617606,4.67877279075376,4.641342703617606,4.671286582946777,93000.0
2007-06-13,4.653822465857915,4.688757650551798,4.646336728812569,4.683766841888428,73100.0
2007-06-14,4.688755188977873,4.7062225341796875,4.683764382934652,4.7062225341796875,69700.0
2007-06-15,4.7087204233187645,4.711215351708191,4.683766855877095,4.6937479972839355,74400.0
2007-06-18,4.693748385637459,4.718701955143748,4.686262647950398,4.7162065505981445,66400.0
2007-06-19,4.71620420355999,4.736166954040527,4.711213396952477,4.736166954040527,62000.0
2007-06-20,4.7661125256620505,4.7661125256620505,4.723691610646041,4.741158962249756,92500.0
2007-06-21,4.766112542201902,4.771103350091607,4.721196223093826,4.751140594482422,90400.0
2007-06-22,4.778589580185922,4.778589580185922,4.741159469041323,4.761122226715088,90500.0
2007-06-25,4.741158962249756,4.763617121725857,4.718700802773655,4.741158962249756,81100.0
2007-06-26,4.731177724374381,4.741159340916363,4.56648485902905,4.59892463684082,98500.0
2007-06-27,4.661307778958726,4.6662985866585895,4.571475144159642,4.641345024108887,108800.0
2007-06-28,4.628867809217476,4.683765739696454,4.628867809217476,4.6662983894348145,56000.0
2007-06-29,4.656314303659892,4.681267851913726,4.656314303659892,4.678772449493408,54100.0
2007-07-02,4.695611317152568,4.700635684031766,4.6679751429363465,4.683049201965332,71800.0
2007-07-03,4.698121414928538,4.698121414928538,4.672997676184364,4.6880717277526855,48500.0
2007-07-05,4.695605754852295,4.703142535841053,4.680531234484523,4.695605754852295,61700.0
2007-07-06,4.680536778927886,4.693098894115121,4.675512412048688,4.683049201965332,55700.0
2007-07-09,4.6855567133082765,4.688069133712047,4.662945408869537,4.672995090484619,54200.0
2007-07-10,4.655411110468921,4.667972739994084,4.637824158260065,4.645361423492432,33600.0
2007-07-11,4.647872272327309,4.6528971141150715,4.585063187566129,4.600137233734131,81300.0
2007-07-12,4.590084523077992,4.612695814655315,4.539837101973956,4.554911136627197,103500.0
2007-07-13,4.539840664201703,4.5750135990563425,4.537328243255615,4.537328243255615,56800.0
2007-07-16,4.519744610972496,4.542355934475617,4.484571654054574,4.499645709991455,95900.0
2007-07-17,4.497133287469375,4.524769456016656,4.484571654054574,4.499645709991455,86200.0
2007-07-18,4.464473523839878,4.479547582379211,4.389102272751852,4.411713600158691,231800.0
2007-07-19,4.414221496773542,4.446882482513162,4.389097772172724,4.429295539855957,153000.0
2007-07-20,4.406686204727184,4.436834301085063,4.386586834894796,4.399148941040039,142000.0
2007-07-23,4.389097863356155,4.419246429342511,4.386585442924359,4.401659965515137,82100.0
2007-07-24,4.396636965975363,4.399149387459368,4.321266238236802,4.361464023590088,128600.0
2007-07-25,4.346389362846037,4.358951469885015,4.22328358903637,4.316241264343262,202500.0
2007-07-26,4.245896959009258,4.298656875736433,4.170526197051143,4.2936320304870605,237300.0
2007-07-27,4.245896472615887,4.36900229194928,4.230822417790212,4.3288044929504395,91000.0
2007-07-30,4.253433965594361,4.346391201019287,4.253433965594361,4.346391201019287,81300.0
2007-07-31,4.35895239008427,4.38156370833242,4.333828649897939,4.348902702331543,158800.0
2007-08-01,4.269679341514958,4.368385462104638,4.2494319197853665,4.3177666664123535,75700.0
2007-08-02,4.2646204506345535,4.3051153233897175,4.2646204506345535,4.2899298667907715,50900.0
2007-08-03,4.257029988003439,4.279808427684947,4.188694668958915,4.2165350914001465,112900.0
2007-08-06,4.143135855164828,4.148197352234351,3.9811558805159852,4.097579002380371,270900.0
2007-08-07,4.087455909165523,4.145667241068006,4.054553998923226,4.133012771606445,183900.0
2007-08-08,4.112768485005613,4.267155641072573,4.112768485005613,4.22666072845459,116200.0
2007-08-09,4.18110024564907,4.211471162699816,4.1608528067028985,4.1760382652282715,49700.0
2007-08-10,4.1735108410054265,4.1735108410054265,4.067211575028115,4.105175495147705,90400.0
2007-08-13,4.120357155393564,4.143135580274481,4.067207336425781,4.067207336425781,60700.0
2007-08-14,4.069739588425538,4.074801569466187,3.943192958831787,3.943192958831787,107500.0
2007-08-15,3.8622022090762127,3.9102898098674026,3.824238085049872,3.8444855213165283,267200.0
2007-08-16,3.7559025954620053,3.9533151959608865,3.563551732735685,3.950784206390381,389800.0
2007-08-17,4.008996226279424,4.107702417333117,4.008996226279424,4.095047950744629,196700.0
2007-08-20,4.138074088170987,4.188692440628165,4.095048223077042,4.18363094329834,125200.0
2007-08-21,4.150729450141654,4.259559631347656,4.150729450141654,4.259559631347656,95700.0
2007-08-22,4.203879891640326,4.28486967086792,4.203879891640326,4.28486967086792,88900.0
2007-08-23,4.264621551339625,4.3000544534614376,4.231719157023297,4.257028579711914,96000.0
2007-08-24,4.226656337289418,4.289929632861194,4.226656337289418,4.241841793060303,94200.0
2007-08-27,4.251968667182589,4.26715461782588,4.224128723144531,4.224128723144531,71900.0
2007-08-28,4.196287288909355,4.224127709000705,4.196287288909355,4.221596717834473,65400.0
2007-08-29,4.196288168764508,4.2317210870467346,4.176040717926479,4.198819160461426,83000.0
2007-08-30,4.158324020768457,4.2089424035975505,4.15579302921641,4.188694953918457,86800.0
2007-08-31,4.188695133843389,4.221597542696033,4.178571649937628,4.196288108825684,59100.0
2007-09-04,4.190421452234444,4.21847677230835,4.187870924367412,4.21847677230835,54900.0
2007-09-05,4.210824143348383,4.2490810789294855,4.208273616114532,4.231227874755859,72900.0
2007-09-06,4.231227745163333,4.333246399076126,4.231227745163333,4.323044776916504,96400.0
2007-09-07,4.2796864741475815,4.3306955541292185,4.272034893241861,4.3281450271606445,76100.0
2007-09-10,4.305191909771173,4.320495075630804,4.28988923037495,4.302641868591309,53200.0
2007-09-11,4.2873389359489735,4.302642102641047,4.25163251992767,4.261834144592285,85400.0
2007-09-12,4.261834038957299,4.2745866775512695,4.233779206977406,4.2745866775512695,74800.0
2007-09-13,4.274586753295886,4.274586753295886,4.215926074114432,4.228678226470947,77900.0
2007-09-14,4.228674266314556,4.254179033605783,4.1929678839846245,4.20827054977417,53200.0
2007-09-17,4.208274921754294,4.210825449779459,4.149614236565923,4.1623663902282715,68100.0
2007-09-18,4.172565647828624,4.226125240325928,4.159813016427019,4.226125240325928,95000.0
2007-09-19,4.223576237052383,4.259283131389513,4.210824087515544,4.213374614715576,105900.0
2007-09-20,4.22102361490852,4.251629439655554,4.208271471700721,4.238877296447754,78800.0
2007-09-21,4.182767316130288,4.182767316130288,4.070546834011567,4.101152420043945,416200.0
2007-09-24,4.1062550353309835,4.147062498903738,4.1062550353309835,4.121557712554932,202800.0
2007-09-25,4.098600760255834,4.1266560554504395,4.093499709045356,4.1266560554504395,245300.0
2007-09-26,4.1266560554504395,4.139408197013614,4.1164539530294855,4.1266560554504395,57100.0
2007-09-27,4.131760597229004,4.141962221805412,4.113906902909288,4.131760597229004,114100.0
2007-09-28,4.134310838122988,4.157265102607386,4.134310838122988,4.154715061187744,74300.0
2007-10-01,4.177306871079038,4.179874420166016,4.151631869919178,4.179874420166016,85700.0
2007-10-02,4.15933451718011,4.195279224977965,4.15933451718011,4.179874420166016,62200.0
2007-10-03,4.179873685952647,4.197846036694652,4.172171040044718,4.182441234588623,64300.0
2007-10-04,4.187576875456804,4.1952795232654,4.1721720695495605,4.1721720695495605,54700.0
2007-10-05,4.179876669886009,4.195281482989237,4.164471367072603,4.167038917541504,52900.0
2007-10-08,4.133659809926478,4.18244226662769,4.133659809926478,4.1721720695495605,47400.0
2007-10-09,4.182443003737126,4.200415362081331,4.14136269789461,4.169605255126953,112500.0
2007-10-10,4.15163569036279,4.185012879788229,4.133663319925217,4.146500587463379,60500.0
2007-10-11,4.154203241812495,4.167040509350657,4.141365484563968,4.146500587463379,92600.0
2007-10-12,4.179875454015091,4.182443003737126,4.1336605384385425,4.169605255126953,64200.0
2007-10-15,4.172175307203365,4.172175307203365,4.151635386817854,4.154202938079834,42300.0
2007-10-16,4.13879578499422,4.161902753893784,4.136228235180924,4.1490654945373535,69600.0
2007-10-17,4.159336472817378,4.172173734578175,4.141363620758057,4.141363620758057,57400.0
2007-10-18,4.123390486114439,4.151633044350651,4.110553226758008,4.1490654945373535,104300.0
2007-10-19,4.138793763536674,4.138793763536674,4.120820923621837,4.131091117858887,84200.0
2007-10-22,4.105416415751345,4.138794059700377,4.092578916891315,4.123388767242432,155600.0
2007-10-23,4.13366109288725,4.141363253376409,4.0874461711118855,4.125958442687988,86900.0
2007-10-24,4.120821218499441,4.125956315985422,4.092578916891315,4.123388767242432,89900.0
2007-10-25,4.131093542820829,4.141363253376409,4.113121182065988,4.125958442687988,147100.0
2007-10-26,4.131091117858887,4.1490634680639085,4.125956020740362,4.131091117858887,42200.0
2007-10-29,4.105418127131414,4.149065494537354,4.105418127131414,4.1490654945373535,47300.0
2007-10-30,4.118257752569918,4.146499833963812,4.10541999765426,4.120824813842773,184400.0
2007-10-31,4.1413617394355935,4.143929288563405,4.1233893852508325,4.136227130889893,58300.0
2007-11-01,4.148633544938119,4.158973055709047,4.1150311209626205,4.130539894104004,203200.0
2007-11-02,4.133125935310189,4.179652760847081,4.084014477860471,4.161559104919434,99600.0
2007-11-05,4.148634085849414,4.156388719938683,4.109861901433219,4.122786045074463,73000.0
2007-11-06,4.107277280945227,4.1357101998263195,4.102107524871826,4.102107524871826,83200.0
2007-11-07,4.099525531666458,4.102110411522135,4.055583560150787,4.081431865692139,107100.0
2007-11-08,4.055580790182512,4.07367469030638,4.0426568927465905,4.0529961585998535,65300.0
2007-11-09,4.009054217096599,4.086598834249845,4.009054217096599,4.0529961585998535,59700.0
2007-11-12,4.034903080906547,4.071090642022817,3.9780372303764575,3.9935460090637207,87800.0
2007-11-13,3.985791667231751,4.011639960695432,3.978037277795685,4.006470203399658,88300.0
2007-11-14,4.050413174055858,4.050413174055858,3.9857926706363425,4.009056091308594,74600.0
2007-11-15,4.001301442874893,4.040073892729086,3.9780382687715656,4.019395351409912,82100.0
2007-11-16,4.006471296533239,4.037489109248061,3.9806229960170567,3.990962266921997,100500.0
2007-11-19,3.9366806135548997,3.983207450923105,3.8694754830879377,3.8746449947357178,159200.0
2007-11-20,3.9340944715139394,3.9340944715139394,3.8307015666451085,3.872058629989624,115500.0
2007-11-21,3.8100203836612074,3.8513774182262477,3.7790026077374272,3.8281142711639404,107900.0
2007-11-23,3.828117966436226,3.861720404576139,3.828117966436226,3.833287477493286,40400.0
2007-11-26,3.851379375062766,3.8927366771482923,3.8151920746857373,3.882397413253784,90100.0
2007-11-27,3.859133888211785,3.8979060649871826,3.8074373238346038,3.8979060649871826,140100.0
2007-11-28,3.972869219816413,3.972869219816413,3.861721855492123,3.921172857284546,171000.0
2007-11-29,3.8979086121085937,3.928926423099261,3.8979086121085937,3.9160022735595703,96700.0
2007-11-30,3.9160023961815695,3.965114116668701,3.9134177633988183,3.965114116668701,83300.0
2007-12-03,3.9489740007059893,3.980211734771728,3.938561422684076,3.9802117347717285,115900.0
2007-12-04,3.9802110646634326,3.9854174769255586,3.925544977188111,3.9255449771881104,105200.0
2007-12-05,3.9359571067450356,3.956782256919186,3.915131956570885,3.933353900909424,137500.0
2007-12-06,3.9307504024073125,3.9489723442382774,3.925543991452558,3.9385597705841064,105300.0
2007-12-07,3.922941943382283,3.9541796735610357,3.922941943382283,3.9307515621185303,135400.0
2007-12-10,3.9307504024073125,3.954178506937694,3.9307504024073125,3.9385597705841064,129100.0
2007-12-11,3.935957471325578,3.946370047377151,3.889100754965801,3.902116537094116,141000.0
2007-12-12,3.967195596705807,3.967195596705807,3.89691076338409,3.8995137214660645,135100.0
2007-12-13,3.909925493670849,3.912528451051713,3.85265621095084,3.896909713745117,205800.0
2007-12-14,3.852657691220217,3.9151331609616515,3.852657691220217,3.891704797744751,170200.0
2007-12-17,3.8656732762576644,3.9047203807631217,3.8526574920040337,3.8786888122558594,160700.0
2007-12-18,3.8786866327920366,3.8995117765938634,3.842242755266488,3.870877265930176,148800.0
2007-12-19,3.876085316751291,3.8864978930598375,3.8422443816846648,3.863069534301758,88100.0
2007-12-20,3.850054197695558,3.873482559166685,3.850054197695558,3.8552606105804443,108100.0
2007-12-21,3.868276146281799,3.8917045077529258,3.855260610580444,3.8552606105804443,158000.0
2007-12-24,3.878687522546951,3.9021158767621977,3.860465579604138,3.896909713745117,299800.0
2007-12-26,3.902116927803459,3.9151327112350125,3.8760856091957723,3.8995137214660645,140800.0
2007-12-27,3.9016114072136863,3.933075985087397,3.891123214589116,3.912099599838257,220200.0
2007-12-28,3.9120988207896525,3.925209121474162,3.8937445498662515,3.9042327404022217,196000.0
2007-12-31,3.9068553323518023,3.9409420204936065,3.880634976129192,3.9383201599121094,338900.0
2008-01-02,3.959295272827148,3.9750274314944654,3.940940754304407,3.9592952728271484,65200.0
2008-01-03,3.964538354952074,4.056310176849365,3.964538354952074,4.056310176849365,51600.0
2008-01-04,4.022224920508019,4.0458234115763165,4.009114619908055,4.024847030639648,30100.0
2008-01-07,4.01173671268373,4.030090983409362,3.9907603318378118,4.0222249031066895,62100.0
2008-01-08,4.032713731288732,4.05369011545199,4.014359457660437,4.043201923370361,155000.0
2008-01-09,4.056313344958083,4.056313344958083,4.01960453751681,4.03271484375,48100.0
2008-01-10,4.030090635007477,4.037956714630127,4.006492146081365,4.037956714630127,108300.0
2008-01-11,4.0353348547946855,4.053689123933589,4.024846665278432,4.037956714630127,66700.0
2008-01-14,4.030089584862111,4.061554145211957,4.030089584862111,4.056310176849365,46700.0
2008-01-15,4.016982095043112,4.058934871483519,4.016982095043112,4.019604206085205,84400.0
2008-01-16,4.022225539207104,4.048445894382064,4.016981318137177,4.043201923370361,74200.0
2008-01-17,4.0432039036551455,4.045826015474369,3.980274720343849,3.98551869392395,93500.0
2008-01-18,3.982893658451455,4.019602446799371,3.935696930642035,3.977649688720703,72200.0
2008-01-22,3.85965822632397,3.946185868790885,3.780996664974536,3.888500690460205,132500.0
2008-01-23,3.880635740787738,3.946187019348145,3.8334387402055947,3.9461870193481445,94600.0
2008-01-24,3.909477879118717,3.9750291520752565,3.909477879118717,3.964540958404541,97400.0
2008-01-25,3.9514279365539546,3.998624900645739,3.940939750095568,3.951427936553955,75500.0
2008-01-28,3.959296172907223,3.959296172907223,3.9147212964528793,3.9199652671813965,60200.0
2008-01-29,3.906854904956559,3.956674001428495,3.906854904956559,3.94356369972229,63400.0
2008-01-30,3.930454686707126,3.956675298716573,3.909478297122884,3.92521071434021,74200.0
2008-01-31,3.906854904956559,3.9435636997222905,3.898988823956119,3.94356369972229,51600.0
2008-02-01,3.9139843982730613,3.937753575083114,3.892856297078978,3.911343574523926,102600.0
2008-02-04,3.900781340776551,3.906063242601783,3.842678909497292,3.845319986343384,104900.0
2008-02-05,3.8453175006899714,3.850599399100929,3.7792921334188763,3.784574031829834,89200.0
2008-02-06,3.7819347465479387,3.803062853924538,3.7476015090942383,3.7476015090942383,111600.0
2008-02-07,3.7317564751439725,3.739679454398121,3.6868591729255145,3.7027053833007812,153800.0
2008-02-08,3.692139412363763,3.7079856156026043,3.6683704853057857,3.668370485305786,101700.0
2008-02-11,3.668367644557533,3.6710084664965996,3.6313933668773295,3.6445984840393066,156500.0
2008-02-12,3.6155497267561487,3.6313959289036832,3.5151913700001742,3.594421625137329,342600.0
2008-02-13,3.5865031452482588,3.6208364163781854,3.5548109530976695,3.583862066268921,319100.0
2008-02-14,3.5521697201256512,3.5627337837178774,3.446529084203391,3.4702982902526855,330900.0
2008-02-15,3.4016286339007515,3.4650129573721347,3.3857824270994494,3.44388484954834,178500.0
2008-02-19,3.449165345721766,3.525754762762034,3.446524270545635,3.512549638748169,156500.0
2008-02-20,3.475573609472344,3.5336759750519726,3.47029171361965,3.5204708576202393,196600.0
2008-02-21,3.523116063120431,3.5627312100065742,3.5151930841165946,3.5468852519989014,113800.0
2008-02-22,3.5495239218770966,3.5944211954162286,3.5495239218770966,3.5759341716766357,134000.0
2008-02-25,3.591781195770389,3.678934687485584,3.591781195770389,3.6762936115264893,177300.0
2008-02-26,3.66044763519808,3.7528832845779174,3.657806810941679,3.744960308074951,167900.0
2008-02-27,3.7581631159427564,3.7660863399505615,3.7132661058989096,3.7660863399505615,124900.0
2008-02-28,3.768731915983408,3.768731915983408,3.7106294631958012,3.710629463195801,99400.0
2008-02-29,3.7053447062114913,3.7053447062114913,3.6446014701119447,3.647242546081543,220300.0
2008-03-03,3.6813144184386104,3.6892998450579446,3.6626816717094517,3.67865252494812,67300.0
2008-03-04,3.6892971992492676,3.6892971992492676,3.660017153408701,3.6892971992492676,57400.0
2008-03-05,3.72390304158017,3.7451976780411504,3.6919610868886994,3.72922682762146,74400.0
2008-03-06,3.718581519304301,3.718581519304301,3.6759922233625963,3.6866395473480225,59300.0
2008-03-07,3.6626796208055157,3.718578083544989,3.6333993165097955,3.660017728805542,77000.0
2008-03-10,3.6546918466134755,3.668001045120416,3.6067790873810766,3.6174263954162598,88900.0
2008-03-11,3.5588689459694254,3.686636999340271,3.5588689459694254,3.6546947956085205,71800.0
2008-03-12,3.681314007350197,3.6946232194642854,3.6200919870183386,3.646710157394409,62300.0
2008-03-13,3.6413861141931134,3.6413861141931134,3.598796844482422,3.598796844482422,58400.0
2008-03-14,3.5934723971236213,3.6174289203874364,3.52426471966194,3.5775012969970703,101500.0
2008-03-17,3.52426485038235,3.5668541138301553,3.5003083262299506,3.5029702186584473,96600.0
2008-03-18,3.521601719972836,3.6067804707768123,3.5189400823320436,3.569514751434326,114200.0
2008-03-19,3.5801654892118893,3.6041220278652957,3.500310444984597,3.5136196613311768,112700.0
2008-03-20,3.513618051208968,3.6147676936978956,3.505632626601231,3.598796844482422,104000.0
2008-03-24,3.609443543708939,3.6307381749170835,3.598796228104866,3.614767074584961,87400.0
2008-03-25,3.6200892017687663,3.6200892017687663,3.582823487291496,3.6041181087493896,42100.0
2008-03-26,3.606781651344914,3.6227524978250085,3.580163235408719,3.614767074584961,79100.0
2008-03-27,3.6174325840196992,3.654698098969726,3.6174325840196992,3.6413891315460205,76200.0
2008-03-28,3.628078651748035,3.6893006929874432,3.5934747899749024,3.6014602184295654,42800.0
2008-03-31,3.5987945009021622,3.6254126502112354,3.588146936556246,3.622750759124756,46800.0
2008-04-01,3.6383134634894922,3.6973419619383674,3.62758098596402,3.651728868484497,101900.0
2008-04-02,3.662462248099891,3.6973428726196294,3.654412951943801,3.697342872619629,116900.0
2008-04-03,3.686610618748735,3.7027094679316344,3.6597795446206054,3.6624624729156494,76000.0
2008-04-04,3.6785610962945823,3.702709240645363,3.670511800138492,3.697342872619629,105000.0
2008-04-07,3.7107590028846884,3.756372113302537,3.7107590028846884,3.7349071502685547,57600.0
2008-04-08,3.732224232726096,3.7671048641204834,3.732224232726096,3.7671048641204834,68300.0
2008-04-09,3.769788836108388,3.8100355891104867,3.75368998137798,3.7912538051605225,98600.0
2008-04-10,3.8019851158647135,3.8073512285297104,3.780520153439655,3.788569450378418,65900.0
2008-04-11,3.769788908091265,3.7858875072464557,3.729541898438048,3.7805213928222656,66400.0
2008-04-14,3.759056590729415,3.8100358315008247,3.751007034910799,3.756373405456543,61700.0
2008-04-15,3.7563733603536513,3.772472215914952,3.7429576900330055,3.761739730834961,62700.0
2008-04-16,3.7697885501537436,3.810035300102953,3.7697885501537436,3.799302816390991,112700.0
2008-04-17,3.8046690255846713,3.895895261226785,3.7885701727549987,3.8583314418792725,177100.0
2008-04-18,3.893214552295323,3.9656587963926375,3.887848179311875,3.9468770027160645,147800.0
2008-04-21,3.9441925811134926,4.0246863594796185,3.9441925811134926,4.022003173828125,188400.0
2008-04-22,4.005901701157806,4.032732770798278,3.9898028546675355,4.024683475494385,223900.0
2008-04-23,4.016636678998347,4.05151732152495,4.0005378224927455,4.04078483581543,204900.0
2008-04-24,4.016634478965054,4.051515102386475,3.9844370394720126,4.051515102386475,144000.0
2008-04-25,4.0541999635090065,4.056883148716751,4.01395320892334,4.01395320892334,77800.0
2008-04-28,4.0300498429519696,4.03541595452707,3.9951692221251203,4.024683475494385,132900.0
2008-04-29,4.0327331882959765,4.0327331882959765,3.9951696357339683,3.9978525638580322,62400.0
2008-04-30,4.016636394131084,4.056883148716751,4.003220723974986,4.01395320892334,151500.0
2008-05-01,4.021519778551701,4.035033001295326,3.99449333306445,4.005303859710693,113300.0
2008-05-02,4.029627433122182,4.029627433122182,3.959358884118666,3.983682632446289,67100.0
2008-05-05,3.978278076808053,3.9971964359283447,3.975575380435636,3.9971964359283447,49000.0
2008-05-06,3.975575770013065,4.024223278510417,3.972873073375804,4.016115188598633,64600.0
2008-05-07,4.024221402652812,4.026923840287017,4.002600355119871,4.021518707275391,38000.0
2008-05-08,4.0242228507995605,4.035033378456281,4.00260179548612,4.0242228507995605,48000.0
2008-05-09,4.005302792754075,4.032329231041861,4.005302792754075,4.021518707275391,27000.0
2008-05-12,4.032332256841771,4.032332256841771,4.010711193084717,4.010711193084717,33400.0
2008-05-13,3.9728726840632196,4.013412356419532,3.9728726840632196,3.9971964359283447,73800.0
2008-05-14,3.989085405367972,4.024219656802311,3.989085405367972,4.01340913772583,75200.0
2008-05-15,4.008006980348707,4.018817508140035,3.9998991489410396,3.99989914894104,64300.0
2008-05-16,3.9971992481487764,4.010712481774752,3.9863887127966944,3.9917941093444824,53600.0
2008-05-19,3.9863840804030364,4.002599993459139,3.9755735576133664,3.978276252746582,88700.0
2008-05-20,3.9593618217739213,3.983685588148604,3.9242277789476754,3.932335615158081,114800.0
2008-05-21,3.9080075480125167,3.9674655495232503,3.9053048530022143,3.9269258975982666,96700.0
2008-05-22,3.91341698700918,3.9539566835481397,3.91341698700918,3.932335615158081,95100.0
2008-05-23,3.9161153753002402,3.9431418099168964,3.9107102430228187,3.9269258975982666,67200.0
2008-05-27,3.926927228620103,3.956656368323676,3.926927228620103,3.94584584236145,34000.0
2008-05-28,3.940442584751328,3.986387409411475,3.940442584751328,3.975576877593994,54400.0
2008-05-29,3.978277481209079,4.013411755560509,3.978277481209079,3.9809799194335938,54900.0
2008-05-30,3.9728704780546185,4.013410127900554,3.964762651182699,3.989086389541626,50300.0
2008-06-02,3.990451716176578,4.004052489584174,3.974130736204827,4.0013322830200195,55600.0
2008-06-03,3.9904504962600833,4.0176520347595215,3.9822901384754905,4.0176520347595215,57900.0
2008-06-04,3.9931654141783968,4.025807061505267,3.9931654141783968,4.0040459632873535,52000.0
2008-06-05,4.004052148416272,4.058454977998051,4.004052148416272,4.0203728675842285,70400.0
2008-06-06,4.020370423029133,4.025810832385889,3.985008540449207,3.9986093044281006,52000.0
2008-06-09,3.9795664882875186,3.9958871897305603,3.9795664882875186,3.9822866916656494,25900.0
2008-06-10,3.9768480384491633,3.998609156243751,3.97140788870701,3.9795682430267334,58800.0
2008-06-11,3.9714080685480835,3.987728777926597,3.9414863356658114,3.9496469497680664,43300.0
2008-06-12,3.9333240985870366,3.9550852069527367,3.908842786822405,3.933324098587036,54400.0
2008-06-13,3.944206124345601,3.9931687661427318,3.944206124345601,3.9877283573150635,57100.0
2008-06-16,3.946926328759435,4.004049324385097,3.946926328759435,3.9877283573150635,30000.0
2008-06-17,3.9714095749583347,4.03669295606127,3.963248957760645,4.0176520347595215,56300.0
2008-06-18,3.9958890997497227,4.020370423029133,3.993169154484341,3.9986093044281006,43200.0
2008-06-19,3.982286053957839,4.012207508087158,3.974125445130254,4.012207508087158,31100.0
2008-06-20,3.9877262004300644,4.014927711029686,3.9795658510153107,4.012207508087158,48700.0
2008-06-23,3.9741264726705823,3.9986077866575034,3.9714065284376225,3.9931676387786865,69700.0
2008-06-24,3.963246497475579,3.985007611001132,3.952365940712803,3.957806348800659,168800.0
2008-06-25,3.9632474544458285,3.96596765914658,3.9387661309650595,3.9496469497680664,79100.0
2008-06-26,3.9278877328354125,3.965969841361041,3.9278877328354125,3.94148850440979,47300.0
2008-06-27,3.9088419361106417,3.9278828369333914,3.862599526044406,3.8653197288513184,49500.0
2008-06-30,3.843563454905041,3.873484945140888,3.821802323931126,3.8626043796539307,105200.0
2008-07-01,3.8051545955936548,3.881750014886815,3.8051545955936548,3.832510232925415,79200.0
2008-07-02,3.802419165708175,3.81609698504321,3.7832703751687498,3.796948194503784,64800.0
2008-07-03,3.7996842861175533,3.818833079053651,3.7805352322987185,3.7996842861175537,56500.0
2008-07-07,3.794211170923407,3.827037768620199,3.775062387487597,3.802417755126953,69300.0
2008-07-08,3.775062387487597,3.816095569387935,3.755913343169179,3.802417755126953,76600.0
2008-07-09,3.8106274338420487,3.816098407085159,3.775065194672025,3.788743019104004,37100.0
2008-07-10,3.7613866465832992,3.7969488789114716,3.742237852592265,3.775064468383789,62500.0
2008-07-11,3.7750672897340425,3.7750672897340425,3.684793963619609,3.7066783905029297,64900.0
2008-07-14,3.7203562225257416,3.7449760071072666,3.7066783905029292,3.7066783905029297,78100.0
2008-07-15,3.679321045534411,3.706676697082419,3.632816594432494,3.6847922801971436,111100.0
2008-07-16,3.6300808126085915,3.788742946876115,3.6300808126085915,3.7121472358703613,78100.0
2008-07-17,3.701203601239496,3.734030210060283,3.6929970142549733,3.714881420135498,50600.0
2008-07-18,3.7094101905822754,3.7176167769948467,3.687525525344289,3.7094101905822754,113200.0
2008-07-21,3.6984687178543045,3.720353126525879,3.6793196646046296,3.720353126525879,31300.0
2008-07-22,3.6929979474167642,3.742238003531472,3.6793201250645944,3.7039401531219482,67200.0
2008-07-23,3.695734756262153,3.7203547922616265,3.679321311968222,3.7012057304382324,64900.0
2008-07-24,3.717617466797795,3.761386283629704,3.6738486499658856,3.676584005355835,105000.0
2008-07-25,3.6437576273644576,3.698468912810096,3.6437576273644576,3.6793198585510254,31700.0
2008-07-28,3.679320095121492,3.7012045063537595,3.6711135061300824,3.682055711746216,36400.0
2008-07-29,3.7012030861682126,3.7312943357283617,3.687525269175659,3.69846773147583,54600.0
2008-07-30,3.698467255084735,3.709409455092806,3.6711116246232445,3.6957316398620605,36900.0
2008-07-31,3.6793196006292033,3.703939625177318,3.6546995760810885,3.6738486289978027,76500.0
2008-08-01,3.6749524795855044,3.702459714561966,3.6061846544727847,3.699708938598633,88100.0
2008-08-04,3.6832011610681406,3.694203991700122,3.6694475571961203,3.691453218460083,27800.0
2008-08-05,3.6832015840689296,3.710708532643857,3.6832015840689296,3.702456474304199,44900.0
2008-08-06,3.685950344765609,3.707955998105911,3.680449062594574,3.6942026615142822,40100.0
2008-08-07,3.6556932412381467,3.6776988982156666,3.617183210363425,3.641939640045166,188700.0
2008-08-08,3.619934120847488,3.688701867101667,3.619934120847488,3.663945436477661,127300.0
2008-08-11,3.6804496233003436,3.6859509063094835,3.647441138261144,3.677698850631714,95200.0
2008-08-12,3.661196648710504,3.6832023168799823,3.652944326400757,3.652944326400757,124100.0
2008-08-13,3.6391883375222664,3.6721970805110247,3.619933456052229,3.628185510635376,114200.0
2008-08-14,3.6281853853689765,3.63643770199529,3.6199333310707393,3.6254348754882812,72100.0
2008-08-15,3.6364402438038113,3.6364402438038113,3.5979301929473877,3.5979301929473877,145300.0
2008-08-18,3.578674554824829,3.6254366560276288,3.575923781265087,3.578674554824829,205600.0
2008-08-19,3.5676702364623196,3.6089307733546407,3.5676702364623196,3.595177173614502,247600.0
2008-08-20,3.5896771293985887,3.614433565005119,3.578674298276596,3.6089320182800293,150300.0
2008-08-21,3.614433565005119,3.6226856227645667,3.5841755826734993,3.6089320182800293,161400.0
2008-08-22,3.586925881360207,3.658444405352849,3.586925881360207,3.633687973022461,46200.0
2008-08-25,3.6089328724022396,3.6419413735803037,3.6006808126897853,3.606182098388672,139700.0
2008-08-26,3.592429997683435,3.6254385102982973,3.592429997683435,3.6144356727600098,80400.0
2008-08-27,3.6006769443117674,3.6474390029907227,3.6006769443117674,3.6474390029907227,68100.0
2008-08-28,3.6199337137397265,3.6721973419189453,3.6199337137397265,3.6721973419189453,64200.0
2008-08-29,3.677701151798792,3.7024575966505275,3.6501941948855294,3.6694490909576416,94700.0
2008-09-02,3.678852374425495,3.692682699069762,3.667788167468381,3.684384346008301,80600.0
2008-09-03,3.665018924451729,3.6926795501527807,3.665018924451729,3.6816153526306152,65400.0
2008-09-04,3.6567239467793136,3.6899165675260073,3.6318294152714183,3.6511917114257812,209400.0
2008-09-05,3.6456590408769847,3.6594890990261604,3.637360689437739,3.6539571285247803,90800.0
2008-09-08,3.673322213880322,3.687152546336476,3.6484276682175754,3.676088333129883,90800.0
2008-09-09,3.6926819410611293,3.7065119990749547,3.6179983615875244,3.6179983615875244,79900.0
2008-09-10,3.6456607544979223,3.662256937594449,3.6124681245132937,3.626298189163208,51400.0
2008-09-11,3.5737417085163576,3.6345949690057426,3.568209474021205,3.6097004413604736,72500.0
2008-09-12,3.5792741227579996,3.6041686534881596,3.5737421513687933,3.604168653488159,76900.0
2008-09-15,3.554382065472696,3.5682121344391997,3.5156571865081787,3.5156571865081787,120900.0
2008-09-16,3.4630985399955945,3.4630985399955945,3.360754345163576,3.4050114154815674,259600.0
2008-09-17,3.3358603689761996,3.3358603689761996,3.1062777042388916,3.1062777042388916,402300.0
2008-09-18,3.1118102074859313,3.2196863896436883,3.0758514801000123,3.203089952468872,326800.0
2008-09-19,3.2445817222561253,3.5488478153058614,3.2445817222561253,3.535017490386963,291200.0
2008-09-22,3.449269686906162,3.485228423428485,3.288838563216711,3.4382054805755615,254500.0
2008-09-23,3.34415929758839,3.3911822362611774,3.305434446978017,3.3662877082824707,69800.0
2008-09-24,3.2943711084671947,3.333095969267103,3.21138941463398,3.2279858589172363,104100.0
2008-09-25,3.1588335917641572,3.26670978940489,3.131172947099931,3.263943672180176,91100.0
2008-09-26,3.1173416888175223,3.2003230632910302,3.1173416888175223,3.197557210922241,87600.0
2008-09-29,3.095214842028482,3.095214842028482,2.7715867110818917,2.777118682861328,197900.0
2008-09-30,2.788182101308497,2.9237186689491264,2.788182101308497,2.890526056289673,474500.0
2008-10-01,2.8031198026763433,2.970137975653608,2.8031198026763433,2.959003448486328,119100.0
2008-10-02,2.9645703541260735,2.972921447968176,2.8365231686956975,2.8643596172332764,141200.0
2008-10-03,2.858792936628374,2.9562199909036346,2.847658143086881,2.894979953765869,132600.0
2008-10-06,2.672289020917895,2.7001252044988417,2.5191890820845066,2.6444525718688965,171500.0
2008-10-07,2.5971316406863734,2.6639388222968186,2.499704301736701,2.5303244590759277,117000.0
2008-10-08,2.2547435760498047,2.4022760991295224,2.221339868211031,2.2547435760498047,177900.0
2008-10-09,2.229691810424083,2.2324755092759005,2.0626735958689095,2.087726354598999,190000.0
2008-10-10,1.4614081082564023,2.0877258689377176,1.4614081082564023,2.032053232192993,251700.0
2008-10-13,2.071025350332767,2.3800090059377266,2.071025350332767,2.349388837814331,44200.0
2008-10-14,2.3883587745197405,2.574862338083218,2.3883587745197405,2.474651575088501,93800.0
2008-10-15,2.4746518267486195,2.4746518267486195,2.260311785599651,2.3382534980773926,128000.0
2008-10-16,2.3382521831463725,2.3939250690763294,2.2352577689247437,2.3187668323516846,89900.0
2008-10-17,2.243610088488487,2.3382534623156035,2.2352589917496304,2.32155179977417,100900.0
2008-10-20,2.3243364696519144,2.393927378737681,2.3215527695761033,2.3466055393218994,80500.0
2008-10-21,2.352170425048918,2.352170425048918,2.2770124531397933,2.2797958850860596,118400.0
2008-10-22,2.249178017915503,2.254745417714396,2.1962889144330697,2.207423448562622,80700.0
2008-10-23,2.307632503598679,2.3215507262593356,2.1684508079281484,2.2547435760498047,123200.0
2008-10-24,2.1211290796916438,2.2213399410247803,2.1211290796916438,2.2213399410247803,153100.0
2008-10-27,2.1601022045813414,2.168453040588631,2.1266984623497476,2.146183967590332,184800.0
2008-10-28,2.160100255616914,2.229691112314871,2.1266965435240355,2.22412371635437,121500.0
2008-10-29,2.1823693022952355,2.293714566507013,2.1795856043229285,2.2324748039245605,139200.0
2008-10-30,2.2964980602264404,2.310416283382024,2.2575270884844114,2.2964980602264404,143300.0
2008-10-31,2.25752710615801,2.377223454577865,2.25752710615801,2.352170705795288,98200.0
2008-11-03,2.370687625498471,2.3959375962498477,2.3678820137354593,2.3875210285186768,144100.0
2008-11-04,2.398745399592075,2.460467576980591,2.3875232098449,2.460467576980591,221200.0
2008-11-05,2.4576604955787236,2.4576604955787236,2.426799291527695,2.4464383125305176,53100.0
2008-11-06,2.468882921031867,2.468882921031867,2.3734942219774897,2.401549816131592,112800.0
2008-11-07,2.379104360386798,2.4548542779631592,2.379104360386798,2.4239933490753174,42100.0
2008-11-10,2.485715436941684,2.4941322736011964,2.398743598589983,2.4296045303344727,91500.0
2008-11-11,2.398744835157142,2.43241139647678,2.353856086730957,2.353856086730957,41000.0
2008-11-12,2.3594660657987907,2.3594660657987907,2.269688606262207,2.269688606262207,121300.0
2008-11-13,2.2612711718186294,2.294937706273871,2.1967434467777087,2.278104305267334,101800.0
2008-11-14,2.2276056705274505,2.266883314634367,2.2107723944816295,2.2332167625427246,53900.0
2008-11-17,2.2247989684176477,2.2247989684176477,2.137827017870967,2.1406326293945312,68900.0
2008-11-18,2.11818792300771,2.143437753661192,2.064882516860962,2.064882516860962,115200.0
2008-11-19,2.0227998707506054,2.0396331406337342,1.9021613696987114,2.0199942588806152,121600.0
2008-11-20,1.930217650896965,1.930217650896965,1.7843291152930663,1.7955513000488281,177600.0
2008-11-21,1.7955508622796716,1.9189949982754138,1.7366343397867272,1.8572728633880615,248800.0
2008-11-24,1.8572728738420166,1.9218004877080184,1.8572728738420166,1.8769117593765259,71900.0
2008-11-25,1.8656895089593122,1.8993560539748318,1.8011618974567538,1.868494987487793,93200.0
2008-11-26,1.8348282594186687,1.9835223524043586,1.8236060788664217,1.9723001718521118,99700.0
2008-11-28,1.9582717683428106,1.9582717683428106,1.9302163257147567,1.9526606798171997,21800.0
2008-12-01,1.8580586910247803,1.9033771528601233,1.8410642678365265,1.8580586910247803,126600.0
2008-12-02,1.8269030158156345,1.8580595400947388,1.8070762472323485,1.8382326364517212,107700.0
2008-12-03,1.7674215812895242,1.8608911087170465,1.7674215812895242,1.841064214706421,87600.0
2008-12-04,1.7929146495625012,1.8580600537594536,1.7844174992662465,1.8297359943389893,163000.0
2008-12-05,1.7730860117299652,1.7730860117299652,1.7249350937988228,1.736264705657959,164100.0
2008-12-08,1.741930038156524,1.7674216050156268,1.6314662216079643,1.7136059999465942,260400.0
2008-12-09,1.7164382917822103,1.7164382917822103,1.6399633230662585,1.656957745552063,117500.0
2008-12-10,1.6711209445547648,1.7051098121582438,1.6314672656840394,1.6484616994857788,163600.0
2008-12-11,1.6541248934438457,1.6654545049008893,1.5833147543075115,1.5918118953704834,207900.0
2008-12-12,1.5578235099626185,1.6031419688515305,1.543661424030003,1.5861475467681885,199400.0
2008-12-15,1.5606553554534912,1.6059737961727074,1.5578228853787366,1.5606553554534912,146000.0
2008-12-16,1.5606569025018542,1.6597911573747721,1.5606569025018542,1.6512938737869263,162900.0
2008-12-17,1.6682876441815087,1.8099079907008824,1.6512932188063463,1.7787516117095947,308800.0
2008-12-18,1.781584775394801,2.0365015444702843,1.7787524373807206,1.8693894147872925,313100.0
2008-12-19,1.9713545084321586,1.9713545084321586,1.8778851357576436,1.9430304765701294,144800.0
2008-12-22,1.9401990567401601,1.9741879133842606,1.8863832995238126,1.9118750095367432,158200.0
2008-12-23,1.9260370404582188,1.9260370404582188,1.8807184312897518,1.909042477607727,118700.0
2008-12-24,1.9062096721245778,1.9317013750769565,1.8892152485095497,1.8948800563812256,84900.0
2008-12-26,1.8722202484607182,1.971354423222681,1.8693877778671266,1.9685219526290894,85100.0
2008-12-29,1.9260365709538927,1.9826846497809063,1.9147069551884899,1.934533715248108,170600.0
2008-12-30,1.9175399874132646,1.9628584669194864,1.9062103675367092,1.9543613195419312,145100.0
2008-12-31,1.9373659171008382,2.0336676377046876,1.9373659171008382,1.9826843738555908,151900.0
2009-01-02,1.9558067302156878,2.175977945327759,1.9558067302156878,2.175977945327759,131300.0
2009-01-05,2.201712190334523,2.2102903499817685,2.1588218011339615,2.184556007385254,137400.0
2009-01-06,2.236024360966909,2.3160866725351577,2.2331649293934848,2.2417430877685547,229600.0
2009-01-07,2.261758584719928,2.281774196886948,2.2446024041532837,2.25603985786438,168000.0
2009-01-08,2.253181946703969,2.3046506563655362,2.2474632163354937,2.2674787044525146,207200.0
2009-01-09,2.27605690493253,2.3189473152160645,2.2646194440108824,2.3189473152160645,98900.0
2009-01-12,2.3189456098521815,2.364695692584517,2.3017895674316358,2.330383062362671,86500.0
2009-01-13,2.330383062362671,2.3675548511943565,2.316086451242342,2.330383062362671,107900.0
2009-01-14,2.3275252520791954,2.3275252520791954,2.24746290178077,2.2703378200531006,72700.0
2009-01-15,2.2789143014468163,2.2789143014468163,2.224586475549347,2.2503206729888916,240200.0
2009-01-16,2.2531799995459543,2.313226684696316,2.2417425486930442,2.284632921218872,99600.0
2009-01-20,2.284634018125697,2.284634018125697,2.2217280082320294,2.2245874404907227,58900.0
2009-01-21,2.230305201240932,2.2503206729888916,2.198852141764627,2.2503206729888916,189000.0
2009-01-22,2.2531814024925265,2.2531814024925265,2.216009595902907,2.2217283248901367,104300.0
2009-01-23,2.2017108530699576,2.313226179026396,2.1874141108016647,2.3046481609344482,88400.0
2009-01-26,2.2874932285575715,2.3446805047334225,2.261758886105828,2.307508707046509,147500.0
2009-01-27,2.330382853140682,2.3446797356678126,2.2960704986897795,2.2989299297332764,93900.0
2009-01-28,2.318948268782648,2.4133074283599854,2.30751080315784,2.4133074283599854,95200.0
2009-01-29,2.4161646366119385,2.496226822213883,2.4018677495818386,2.4161646366119385,136200.0
2009-01-30,2.373275507701484,2.4790720915654147,2.364697480007269,2.3932909965515137,159500.0
2009-02-02,2.3791945984415346,2.4281016083434173,2.321656423286656,2.402209758758545,92100.0
2009-02-03,2.396454220995216,2.5259144793670667,2.3590545420234075,2.4367308616638184,142300.0
2009-02-04,2.4367312974973534,2.4453619097692356,2.4137161485308556,2.416592836380005,45700.0
2009-02-05,2.4022087656871793,2.4165930291671023,2.3763166524437356,2.382070302963257,132000.0
2009-02-06,2.3820692787165236,2.4453610533903745,2.373438669467128,2.425222873687744,87200.0
2009-02-09,2.4022062414058154,2.4396056163883686,2.399329281988096,2.4194674491882324,80900.0
2009-02-10,2.4137166993451076,2.456870044914403,2.4050858107414244,2.453993082046509,108300.0
2009-02-11,2.6496227912309758,2.6496227912309758,2.4367324273939213,2.477008819580078,56300.0
2009-02-12,2.4741310378923096,2.477007725805098,2.413716201928174,2.468377113342285,55800.0
2009-02-13,2.488515641217832,2.5144077565130942,2.448239261302768,2.459746837615967,38600.0
2009-02-17,2.4396090178509535,2.442485981279924,2.336040803669017,2.3561789989471436,161800.0
2009-02-18,2.347547410302986,2.4194698200517895,2.2756250005541827,2.387824058532715,320700.0
2009-02-19,2.413716276453182,2.4194699268186306,2.2957634259769435,2.298640251159668,91800.0
2009-02-20,2.2698704845468805,2.2813780554378327,2.163425385215038,2.2209632396698,177900.0
2009-02-23,2.2238421790062475,2.2554880956947407,2.1893194356267207,2.218088388442993,101600.0
2009-02-24,2.200827183010915,2.2871340479796345,2.1806888459276146,2.2295961380004883,134300.0
2009-02-25,2.2295949763655964,2.2957636069578853,2.203702861774358,2.215210437774658,64200.0
2009-02-26,2.2094578009171877,2.310149211971293,2.200827183010915,2.2295961380004883,110800.0
2009-02-27,2.16630140673666,2.2526081509769416,2.16630140673666,2.183562755584717,104800.0
2009-03-02,2.1569292095853863,2.1569292095853863,2.070073080412271,2.1482436656951904,141500.0
2009-03-03,2.0990242145288467,2.13666192323271,2.0469105595917703,2.1337666511535645,192600.0
2009-03-04,2.1337669980202683,2.1511382191565054,2.0932341487023813,2.1221861839294434,156000.0
2009-03-05,2.0700713745389137,2.0990233937382734,2.049804892072303,2.067176103591919,82900.0
2009-03-06,2.0671777816113095,2.1135011879871546,1.913731886268843,1.991902470588684,357500.0
2009-03-09,1.9513696432113645,1.9774265529455417,1.925312871531429,1.9513696432113647,149000.0
2009-03-10,1.954263111640667,2.101918613008381,1.9455774370673429,2.0990233421325684,306800.0
2009-03-11,2.272737353118835,2.272737353118835,2.0498064308496846,2.1771955490112305,287800.0
2009-03-12,2.1974622565190645,2.272737570133873,2.1482437132053422,2.2524712085723877,318200.0
2009-03-13,2.226414567255441,2.2727378427283056,2.2177288840771534,2.2379953861236572,129400.0
2009-03-16,2.214833271251869,2.266946944932138,2.1743004139449926,2.1771955490112305,105000.0
2009-03-17,2.142451524734497,2.171403544382101,2.099023426236031,2.142451524734497,85700.0
2009-03-18,2.1134995050868928,2.1569274655312394,2.1134995050868928,2.142451524734497,42500.0
2009-03-19,2.174300285744986,2.200357052021664,2.1308721578782386,2.165614604949951,46700.0
2009-03-20,2.1945666807334057,2.1945666807334057,2.1656146410246966,2.1858811378479004,44100.0
2009-03-23,2.200356379015521,2.249574899673462,2.156928264431798,2.249574899673462,70500.0
2009-03-24,2.2090418882339993,2.293002838916965,2.206146616391199,2.2553651332855225,64200.0
2009-03-25,2.284318704469852,2.3161660259823,2.281423568725586,2.281423568725586,59700.0
2009-03-26,2.2814229986595933,2.3161654472351074,2.2814229986595933,2.3161654472351074,48200.0
2009-03-27,2.269841117228662,2.3161643602564617,2.269841117228662,2.3045835494995117,37000.0
2009-03-30,2.2350988154608307,2.2930030142571844,2.2235180033123942,2.249574899673462,55400.0
2009-03-31,2.235097282153768,2.3393246580424742,2.235097282153768,2.330639123916626,54800.0
2009-04-01,2.306757183312872,2.3737462099670976,2.2630685729399853,2.3271450996398926,51100.0
2009-04-02,2.344621502689674,2.3824849879627683,2.344621502689674,2.3620967864990234,60000.0
2009-04-03,2.344621702995112,2.3970478366666508,2.344621702995112,2.388310194015503,55900.0
2009-04-06,2.36500931568989,2.397047519683838,2.36500931568989,2.397047519683838,23700.0
2009-04-07,2.3562707162436385,2.4028718222942986,2.3446204397309733,2.3650083541870117,48600.0
2009-04-08,2.356271442004072,2.4028725624084473,2.344621161902978,2.4028725624084473,75300.0
2009-04-09,2.420349078475428,2.4844255054856847,2.417436437857317,2.47860050201416,88800.0
2009-04-13,2.4465608907940317,2.5339381249862267,2.4407358899889897,2.5222878456115723,80300.0
2009-04-14,2.5048122831765447,2.5485007564673112,2.490249366158109,2.5106372833251953,106900.0
2009-04-15,2.5048129214487336,2.551414045570915,2.4902500007193993,2.525200843811035,92900.0
2009-04-16,2.5339393586944565,2.6125789910843653,2.50772614789782,2.571802854537964,118600.0
2009-04-17,2.5776275089136913,2.64461656219636,2.5776275089136913,2.6329662799835205,71300.0
2009-04-20,2.632966347619185,2.632966347619185,2.54850172996521,2.54850172996521,58900.0
2009-04-21,2.565977970102174,2.5863659004401653,2.533939476411366,2.568890333175659,48600.0
2009-04-22,2.58345112841942,2.647527785177159,2.568888214006595,2.6067516803741455,72400.0
2009-04-23,2.6358766367621698,2.665002178183192,2.5892755482770164,2.656264543533325,160700.0
2009-04-24,2.6766546971198073,2.679567337036133,2.6446164913341184,2.679567337036133,58000.0
2009-04-27,2.6679163008700404,2.6766539403841065,2.63005282595635,2.673741579055786,67100.0
2009-04-28,2.659179484403569,2.6620921243979385,2.6213159977706804,2.6329662799835205,64700.0
2009-04-29,2.6184040656126655,2.6795681332057906,2.6184040656126655,2.6650052070617676,109000.0
2009-04-30,2.6883084360583713,2.7436475545735313,2.6737457732791072,2.7261719703674316,114500.0
2009-05-01,2.725581971645,2.8046266276633225,2.713871641894275,2.7929162979125977,81800.0
2009-05-04,2.8251205426421757,2.8514688628461204,2.778279208589107,2.787062168121338,72600.0
2009-05-05,2.772426782794523,2.772426782794523,2.7109474043647688,2.760716438293457,92000.0
2009-05-06,2.751929590847237,2.76656757063609,2.713871234270957,2.74900221824646,198200.0
2009-05-07,2.7431477020434762,2.7607133386713762,2.71387201325874,2.719727039337158,152600.0
2009-05-08,2.722655910672573,2.7665696031042084,2.7168006027769165,2.7460765838623047,214500.0
2009-05-11,2.7197278812006673,2.734365869722234,2.6992348647883198,2.7226555347442627,268800.0
2009-05-12,2.7314376831054688,2.740220362825799,2.722655003385139,2.7314376831054688,87700.0
2009-05-13,2.681669958994474,2.7255839366160646,2.681669958994474,2.702162981033325,77200.0
2009-05-14,2.6933802207078856,2.7460768806788556,2.6933802207078856,2.7372941970825195,77000.0
2009-05-15,2.7226539430320362,2.7694952555596526,2.710943614900132,2.7343642711639404,58300.0
2009-05-18,2.731435756174337,2.8339013043456736,2.728508105267463,2.816335678100586,70000.0
2009-05-19,2.801698803323311,2.851467771505746,2.801698803323311,2.8397574424743652,60200.0
2009-05-20,2.8690340147764712,2.886599372460838,2.8602513359342883,2.883671998977661,92800.0
2009-05-21,2.8602518004593196,2.8690344807278723,2.828048174147341,2.8368308544158936,52800.0
2009-05-22,2.857322784530124,2.857322784530124,2.822191801014947,2.8485398292541504,57900.0
2009-05-26,2.8514689838583416,2.883672611783782,2.822193288430942,2.845613956451416,88200.0
2009-05-27,2.883672611783782,2.9129483072111815,2.845613956451416,2.845613956451416,75000.0
2009-05-28,2.87488904456866,2.9070926656911995,2.8573236868621175,2.8983097076416016,61500.0
2009-05-29,2.8983087668109535,2.9392950534820557,2.883671066539208,2.9392950534820557,39300.0
2009-06-01,2.950474498334418,2.985774260205921,2.9328247576674515,2.9710662364959717,71000.0
2009-06-02,2.9416491771024416,2.976948933563168,2.9416491771024416,2.956357479095459,67700.0
2009-06-03,2.935766500010087,2.956358240317415,2.9210584747674804,2.947533369064331,40300.0
2009-06-04,2.935766194086899,2.9769493898724373,2.926941323753416,2.9710662364959717,79000.0
2009-06-05,2.974007217057059,2.9887155190500763,2.929882591615533,2.956357479095459,149400.0
2009-06-08,2.9445908936085505,2.971065781088477,2.926940875109424,2.956357479095459,59700.0
2009-06-09,2.9475338799837436,2.9740084983320507,2.9269421361070855,2.968125343322754,96500.0
2009-06-10,2.9769492196468277,3.0034241096709806,2.912232852980849,2.926941156387329,243600.0
2009-06-11,2.944593206486362,2.97400955304041,2.912234860577838,2.924001455307007,346400.0
2009-06-12,2.9328266117571933,2.9534180823988017,2.9151765793945668,2.924001455307007,194200.0
2009-06-15,2.918116242284247,2.9357659816741943,2.912232808795898,2.9357659816741943,91000.0
2009-06-16,2.94164959037486,2.9475330242136417,2.923999569396082,2.9298830032348633,118600.0
2009-06-17,2.944591176582615,2.947532893371422,2.921058003347269,2.926941156387329,72300.0
2009-06-18,2.9416500111841746,2.9445917285243843,2.9004668100340583,2.9034085273742676,80400.0
2009-06-19,2.921058982823923,2.93576701062468,2.9122338294982915,2.912233829498291,171900.0
2009-06-22,2.9181142616625033,2.9181142616625033,2.8475147909458363,2.8651645183563232,97300.0
2009-06-23,2.8533996022713306,2.8592830351940397,2.826924715194183,2.835749864578247,83100.0
2009-06-24,2.8298654556274414,2.844573752323762,2.815157158931121,2.8298654556274414,61000.0
2009-06-25,2.8298675543339322,2.8416341443099253,2.7975095020343588,2.8386924266815186,73900.0
2009-06-26,2.81515939427243,2.853400883833059,2.81515939427243,2.847517728805542,56100.0
2009-06-29,2.8475158275926735,2.8798738599835136,2.8475158275926735,2.876932144165039,73900.0
2009-06-30,2.888699769973755,2.900466356958956,2.8769331829885534,2.888699769973755,87900.0
2009-07-01,2.9087812116595098,2.938311815261841,2.9028749219626073,2.938311815261841,64300.0
2009-07-02,2.9235477437721604,2.9235477437721604,2.899923137159549,2.905829429626465,36900.0
2009-07-06,2.905829429626465,2.9146885866993126,2.902876283393007,2.905829429626465,75000.0
2009-07-07,2.9087815681231195,2.9205938673370975,2.8999221324920654,2.8999221324920654,49700.0
2009-07-08,2.911732838984279,2.9294514189268726,2.888108253479004,2.888108253479004,82900.0
2009-07-09,2.891060332450742,2.9205911942713323,2.8822011865554327,2.9087789058685303,121800.0
2009-07-10,2.8940162658691406,2.911734574746816,2.885157111430303,2.8940162658691406,79500.0
2009-07-13,2.9087816279759426,2.935359090533695,2.9028753374337084,2.92354679107666,67500.0
2009-07-14,2.9087825758599224,2.9265008900056184,2.905829429626465,2.905829429626465,37700.0
2009-07-15,2.920592169307829,2.9501227593600046,2.9176390258144322,2.9264981746673584,36400.0
2009-07-16,2.9264981746673584,2.9412636105070784,2.911732738827639,2.9264981746673584,95100.0
2009-07-17,2.92354679107666,2.935359090533695,2.9146876368907426,2.92354679107666,135300.0
2009-07-20,2.9117357736107565,2.9117357736107565,2.8703928481222176,2.902876615524292,350000.0
2009-07-21,2.9058281796997156,2.9058281796997156,2.8881095915480524,2.8910627365112305,90500.0
2009-07-22,2.870391963221237,2.935359477996826,2.867438817560309,2.935359477996826,88700.0
2009-07-23,2.9235453251748975,2.9619353495678853,2.914686175431067,2.9324047565460205,121800.0
2009-07-24,2.9265009930140877,2.9619379041803313,2.9265009930140877,2.9530787467956543,76600.0
2009-07-27,2.9530787467956543,2.9678441968551397,2.938313296736169,2.9530787467956543,91500.0
2009-07-28,2.941266443073573,2.979656500577221,2.941266443073573,2.9530787467956543,38100.0
2009-07-29,2.953077348519104,3.003279685974121,2.953077348519104,3.003279685974121,57800.0
2009-07-30,3.0032804763620193,3.1007320319797564,3.0032804763620193,3.0771074295043945,115300.0
2009-07-31,3.059387922482112,3.1479802961010646,3.050528769608434,3.1273088455200195,103600.0
2009-08-03,3.175594499783724,3.175594499783724,3.1252352373028947,3.1400468349456787,86300.0
2009-08-04,3.119309013456176,3.2052159002415235,3.119309013456176,3.1518945693969727,126000.0
2009-08-05,3.1400453262819727,3.172630599434021,3.1281961103623557,3.1607813835144043,119200.0
2009-08-06,3.187444568065829,3.1933690391920027,3.1489345169683953,3.1637461185455322,81400.0
2009-08-07,3.172632116097883,3.2555766671865056,3.1667073640519754,3.243727445602417,149700.0
2009-08-10,3.2141055933421487,3.2289169133282383,3.1667084088600737,3.1785576343536377,80900.0
2009-08-11,3.1755932205299198,3.228914555053194,3.1755932205299198,3.2111408710479736,120100.0
2009-08-12,3.172630790894963,3.2348392488539863,3.172630790894963,3.228914499282837,81500.0
2009-08-13,3.2200293540954585,3.2585393990763833,3.2111425075637863,3.220029354095459,102800.0
2009-08-14,3.2141070770075832,3.258541622492943,3.2141070770075832,3.249654769897461,105000.0
2009-08-17,3.208179235458374,3.2407645186481755,3.190405547357638,3.208179235458374,77000.0
2009-08-18,3.199293284685637,3.234840953320085,3.1904064381539645,3.220029354095459,68900.0
2009-08-19,3.17263152803795,3.237802375924625,3.1430083383146403,3.214103937149048,74300.0
2009-08-20,3.225953957465378,3.225953957465378,3.181519161848299,3.1992931365966797,63600.0
2009-08-21,3.199292476262165,3.220028540432228,3.1459708455303614,3.187443256378174,149100.0
2009-08-24,3.169669285298344,3.2170661648343084,3.1637448166101914,3.187443256378174,232000.0
2009-08-25,3.1904068770423843,3.199293724796576,3.1755952757802,3.1815197467803955,104000.0
2009-08-26,3.1785561295844156,3.202254851860084,3.172631660896263,3.187443256378174,56100.0
2009-08-27,3.1874424373692714,3.214103245884715,3.18448006253253,3.2111408710479736,68400.0
2009-08-28,3.214104883910263,3.234840953320085,3.2022556610321136,3.220029354095459,56400.0
2009-08-31,3.20521681072745,3.2259531565368365,3.1874431228996043,3.214103937149048,53800.0
2009-09-01,3.2060811112806347,3.2268804347435416,3.200138568878174,3.200138568878174,55900.0
2009-09-02,3.200139971624269,3.2031111024430974,3.17339781066724,3.1852831840515137,72800.0
2009-09-03,3.179338765958142,3.220937693687847,3.179338765958142,3.206080913543701,73900.0
2009-09-04,3.200139221144986,3.2536232471466064,3.200139221144986,3.2536232471466064,72700.0
2009-09-08,3.268480056957374,3.2981936253684587,3.253623272751832,3.2744228839874268,43100.0
2009-09-09,3.268478394807291,3.2833351714575767,3.253621618157005,3.2655069828033447,57500.0
2009-09-10,3.2506523708213133,3.2803659439086914,3.241738412242954,3.2803659439086914,61300.0
2009-09-11,3.2803659439086914,3.2922513164697156,3.2595666127693073,3.2803659439086914,62300.0
2009-09-14,3.274423633861742,3.2952229664909938,3.268480805470725,3.2833375930786133,37500.0
2009-09-15,3.2744219379338153,3.2981926724469512,3.2625362873077397,3.2625362873077393,99000.0
2009-09-16,3.265507966395328,3.2922501157468607,3.259565423966949,3.2863075733184814,134900.0
2009-09-17,3.286308832311719,3.3071081638336186,3.2684806314574915,3.307108163833618,123200.0
2009-09-18,3.295222015780282,3.3665342356801395,3.295222015780282,3.363562822341919,76700.0
2009-09-21,3.3338511359451086,3.363564433450927,3.3338511359451086,3.3397936820983887,80000.0
2009-09-22,3.3457370075868904,3.3635649320592163,3.3397941771829482,3.3576223850250244,72600.0
2009-09-23,3.3516749894253035,3.3754457119243266,3.3368182170210727,3.3457324504852295,145400.0
2009-09-24,3.3368227619809767,3.3724791776651295,3.327908799744814,3.3576223850250244,109600.0
2009-09-25,3.3397931365075006,3.3576213387943312,3.304137015303502,3.321965217590332,141700.0
2009-09-28,3.321963721226017,3.345734457987923,3.2447086850650546,3.289278745651245,190200.0
2009-09-29,3.2863075733184814,3.3249348075267724,3.256594011067994,3.2863075733184814,346500.0
2009-09-30,3.274424616802917,3.3219661247238013,3.2625389564529566,3.292252540588379,273200.0
2009-10-01,3.269301533088666,3.2961235594944593,3.2245980610070317,3.245459794998169,201600.0
2009-10-02,3.2335388043055167,3.260360545486325,3.2156573593023845,3.2544002532958984,79100.0
2009-10-05,3.248441986468359,3.2782443212571484,3.2186399358956983,3.2603628635406494,257000.0
2009-10-06,3.2722849742455775,3.2871861472576285,3.2216214407505803,3.227581739425659,240900.0
2009-10-07,3.2216195910571086,3.2395007610321045,3.218639301322585,3.2395007610321045,93600.0
2009-10-08,3.2514203827199504,3.2633412528479004,3.2424798011779785,3.2424798011779785,119700.0
2009-10-09,3.245463686888691,3.2901669283615576,3.245463686888691,3.2842066287994385,100800.0
2009-10-12,3.2871845948909373,3.3110263467645025,3.281224299030596,3.308046340942383,159900.0
2009-10-13,3.293144394852146,3.316986141077824,3.293144394852146,3.3140058517456055,61800.0
2009-10-14,3.325924396514892,3.340825548528263,3.3229441092690513,3.3259243965148926,98700.0
2009-10-15,3.305065041480943,3.319966202904878,3.2931441691849983,3.2961244583129883,96600.0
2009-10-16,3.2901646894744045,3.331887894882596,3.275263524384616,3.3229470252990723,112200.0
2009-10-19,3.316983818993204,3.343805835774104,3.314003531747363,3.3259243965148926,103600.0
2009-10-20,3.314006439931633,3.337848190388861,3.314006439931633,3.3229470252990723,97900.0
2009-10-21,3.3408273495351226,3.3408273495351226,3.3110250294422467,3.316985607147217,116600.0
2009-10-22,3.305065267964985,3.3348673086390654,3.3020849786327666,3.3140058517456055,128000.0
2009-10-23,3.31102663741652,3.358710429565581,3.3080466313328065,3.31996750831604,89000.0
2009-10-26,3.334866771830152,3.3408273495351226,3.2901635759068264,3.316985607147217,100500.0
2009-10-27,3.305066166607398,3.33486821538461,3.3020858764648438,3.3020858764648438,108700.0
2009-10-28,3.2961251291237605,3.308046003845782,3.2395007610321045,3.2395007610321045,88500.0
2009-10-29,3.2424826515815166,3.2991067634124454,3.2424826515815166,3.2573838233947754,120800.0
2009-10-30,3.257384239857837,3.278245712533853,3.182878655482068,3.248443365097046,225600.0
2009-11-02,3.243359758252867,3.264284567957998,3.228413343429566,3.2284133434295654,145900.0
2009-11-03,3.2254226673707462,3.2373797372605373,3.213465597480955,3.22243332862854,131000.0
2009-11-04,3.2314034417602655,3.2463495750119944,3.2314034417602655,3.2433605194091797,65100.0
2009-11-05,3.249339252426246,3.255317934409889,3.2343928325463867,3.237382173538208,72600.0
2009-11-06,3.23439249736308,3.2612959933429417,3.2284141010782323,3.2433605194091797,82500.0
2009-11-09,3.2523282563760607,3.255317597058094,3.2373818380451134,3.2433605194091797,142900.0
2009-11-10,3.243359709106116,3.2463487639621618,3.2224346146389125,3.234391689300537,116200.0
2009-11-11,3.2284120061129524,3.2343903985183315,3.2194442749653676,3.22243332862854,88500.0
2009-11-12,3.2224340905787776,3.2284127694768587,3.1955306056956125,3.1985199451446533,87200.0
2009-11-13,3.213467125516752,3.216456465680419,3.1805852389539186,3.192542314529419,101300.0
2009-11-16,3.213465831211757,3.219444509131027,3.1925410286524194,3.2015087604522705,102500.0
2009-11-17,3.195530370073452,3.219444798823348,3.195530370073452,3.2164554595947266,125800.0
2009-11-18,3.204499193743944,3.231402683410056,3.204499193743944,3.2284133434295654,60400.0
2009-11-19,3.213465975980904,3.2403694576715343,3.1925411724788875,3.2104766368865967,261400.0
2009-11-20,3.198519050479167,3.234390258596731,3.198519050479167,3.231401205062866,155900.0
2009-11-23,3.228413343429566,3.243359758252867,3.2224346634685848,3.2284133434295654,144400.0
2009-11-24,3.228413294509298,3.240370369170923,3.2164562198476734,3.234391689300537,101200.0
2009-11-25,3.2493398078854057,3.26727557182312,3.228414987524153,3.26727557182312,68500.0
2009-11-27,3.2314027279295736,3.249338197901314,3.228413387907899,3.2463488578796387,21600.0
2009-11-30,3.258305932887184,3.258305932887184,3.2403704629154437,3.2463488578796387,102900.0
2009-12-01,3.256243831821064,3.292224393471519,3.2472487628954716,3.268237352371216,262500.0
2009-12-02,3.2712356172791908,3.2832291371447724,3.2592420974136087,3.2652390003204346,151900.0
2009-12-03,3.265239186694742,3.2772327072448935,3.250247214520031,3.268237352371216,197500.0
2009-12-04,3.277232621864332,3.295222759246826,3.271235718771449,3.295222759246826,87200.0
2009-12-07,3.298223054720826,3.304219961166382,3.2832310745551747,3.304219961166382,116700.0
2009-12-08,3.2832277743169813,3.337198734283447,3.2832277743169813,3.3371987342834473,125300.0
2009-12-09,3.35818884080931,3.370182361149954,3.325206731359558,3.3431968688964844,191000.0
2009-12-10,3.352191428377721,3.352191428377721,3.3282043933868404,3.328204393386841,158600.0
2009-12-11,3.334200241934201,3.337198692105097,3.3222067271985654,3.3312017917633057,64500.0
2009-12-14,3.337200903880477,3.3581894970913293,3.319210476879649,3.3521928787231445,100600.0
2009-12-15,3.352193424478947,3.3761804737531858,3.346196519186296,3.367185115814209,116300.0
2009-12-16,3.367182729203525,3.418155244269742,3.367182729203525,3.4151570796966553,144400.0
2009-12-17,3.3971675597085893,3.4241530496290866,3.3821755890918626,3.418156147003174,138900.0
2009-12-18,3.4181553861027227,3.4871183212089103,3.4181553861027227,3.4601328372955322,143500.0
2009-12-21,3.4901171120829133,3.4901171120829133,3.433147688057099,3.45713472366333,169100.0
2009-12-22,3.4901153007535313,3.511103874529152,3.451136316636041,3.5021088123321533,167800.0
2009-12-23,3.5021105801065895,3.5171022626863757,3.484120160683624,3.499112129211426,151400.0
2009-12-24,3.4811209253823776,3.526096820831299,3.4811209253823776,3.526096820831299,26200.0
2009-12-28,3.526096919083586,3.529095369386654,3.493114537645755,3.5230984687805176,121900.0
2009-12-29,3.5141069531868574,3.556084156036377,3.5141069531868574,3.556084156036377,159500.0
2009-12-30,3.5560823008747975,3.5680758219961186,3.520101737510835,3.553084135055542,151600.0
2009-12-31,3.55008670509779,3.616051233225454,3.5440897998370104,3.5680768489837646,225900.0
2010-01-04,3.5840119441873353,3.6020521120737454,3.5449245314423825,3.596038818359375,142700.0
2010-01-05,3.596037251736756,3.614077698507099,3.5689767249528286,3.602050542831421,259300.0
2010-01-06,3.6170842006828443,3.623097778520683,3.5990440406556754,3.602050542831421,113900.0
2010-01-07,3.6080667065087084,3.620093584060669,3.590026246809078,3.620093584060669,112500.0
2010-01-08,3.6321204616126295,3.6321204616126295,3.6110734975825434,3.620093584060669,133000.0
2010-01-11,3.614075913668343,3.6321160647862465,3.611069126234348,3.623095989227295,170000.0
2010-01-12,3.6170839450583214,3.6381311792601454,3.6020502882693486,3.629110813140869,197200.0
2010-01-13,3.6261041930850673,3.6531644303321555,3.6110705367857,3.650157928466797,136200.0
2010-01-14,3.64715022197431,3.6501570098260894,3.6381301451620445,3.641136646270752,109700.0
2010-01-15,3.6411404244372676,3.674214551639493,3.6411404244372676,3.668200969696045,182600.0
2010-01-19,3.6651929260802576,3.7283340811900154,3.662186422879428,3.7133007049560547,93700.0
2010-01-20,3.6952568757886763,3.7102905250301115,3.6712031516995838,3.680223226547241,109600.0
2010-01-21,3.6802278468395713,3.6892482197547434,3.6651941787243207,3.668200969696045,147600.0
2010-01-22,3.6712067127227783,3.6832335864332366,3.6531662587854465,3.6712067127227783,116000.0
2010-01-25,3.6621869294382225,3.7133012185850487,3.6621869294382225,3.695260763168335,138700.0
2010-01-26,3.6742099363613394,3.707283735275269,3.6742099363613394,3.7072837352752686,118000.0
2010-01-27,3.710294095067585,3.722320968684365,3.6802267676539935,3.6982672214508057,109100.0
2010-01-28,3.704280847505036,3.72232130292175,3.683233888471629,3.695260763168335,113500.0
2010-01-29,3.701272024873969,3.707285315083068,3.67120471359908,3.6742115020751953,91300.0
2010-02-01,3.6817528295517015,3.6847682571411227,3.651599128791493,3.6787374019622803,93200.0
2010-02-02,3.696826112253783,3.7209489345550537,3.660641878801877,3.7209489345550537,183900.0
2010-02-03,3.6968256370405697,3.736025290132846,3.6968256370405697,3.7269790172576904,106800.0
2010-02-04,3.726981792544813,3.726981792544813,3.6606441341289733,3.675720691680908,176500.0
2010-02-05,3.6787358878958587,3.7209509940721746,3.576213692586867,3.711905002593994,186900.0
2010-02-08,3.70587354774845,3.7088889736068436,3.675719864298191,3.693812131881714,96900.0
2010-02-09,3.7119044334543645,3.7269809877507094,3.6666739078648094,3.7088890075683594,71600.0
2010-02-10,3.7088899910681548,3.7450742485948054,3.705874564382538,3.7239668369293213,103500.0
2010-02-11,3.7179336547851562,3.7360259159996323,3.7149182299882875,3.7179336547851562,101100.0
2010-02-12,3.705875122371856,3.7541208063383538,3.70285969523221,3.733013391494751,140000.0
2010-02-16,3.745072876991539,3.769195706507844,3.729996036652145,3.7601497173309326,84200.0
2010-02-17,3.760149329977012,3.7752261687632567,3.7511030541651964,3.769195318222046,75500.0
2010-02-18,3.757134266028797,3.7933185100555415,3.754118840468199,3.793318510055542,112100.0
2010-02-19,3.790304657006544,3.832519769668579,3.7842740909502126,3.832519769668579,177800.0
2010-02-22,3.8325186903267157,3.847595532571887,3.799349867440817,3.8144264221191406,135100.0
2010-02-23,3.793320083818174,3.835535196480209,3.793320083818174,3.832519769668579,124000.0
2010-02-24,3.8234740636996007,3.8747351730760364,3.8234740636996007,3.868704319000244,177700.0
2010-02-25,3.880765293261754,3.8928267124592164,3.820458197274441,3.8415656089782715,100800.0
2010-02-26,3.835533175888292,3.871717415864897,3.8325177506652137,3.856640577316284,90600.0
2010-03-01,3.858153505614246,3.8611772060394287,3.8369878909939117,3.8611772060394287,138200.0
2010-03-02,3.867222960842845,3.8702466602064773,3.8490810530168895,3.858152151107788,78700.0
2010-03-03,3.84001249214078,3.873272627907471,3.8309416770935054,3.830941677093506,105900.0
2010-03-04,3.8339656556174475,3.843036471321,3.803729218797562,3.806752920150757,123700.0
2010-03-05,3.8097741147130315,3.858152151107788,3.8097741147130315,3.858152151107788,134400.0
2010-03-08,3.840012788772583,3.849083604520556,3.833965674392612,3.840012788772583,90700.0
2010-03-09,3.827916194884811,3.858152615448503,3.827916194884811,3.849081516265869,106000.0
2010-03-10,3.846058682863208,3.8551294950530868,3.8400112824993413,3.8430349826812744,97900.0
2010-03-11,3.846058682863208,3.8521057948711537,3.7976806333759594,3.8430349826812744,146900.0
2010-03-12,3.843033304342016,3.8551278114318848,3.8400096054806006,3.8551278114318848,63400.0
2010-03-15,3.8521047523805225,3.8641992614792118,3.8369865439182007,3.858152151107788,97900.0
2010-03-16,3.8611765526595283,3.8702473640441895,3.852105452918972,3.8702473640441895,107300.0
2010-03-17,3.879318831878637,3.8823425323038196,3.8611772060394287,3.8611772060394287,132200.0
2010-03-18,3.8702480189590327,3.8702480189590327,3.8521061047638807,3.8611772060394287,86200.0
2010-03-19,3.8702473640441895,3.8793181754288506,3.8460583414478298,3.8702473640441895,158900.0
2010-03-22,3.8732709497366242,3.894436271795309,3.8732709497366242,3.8883888721466064,69100.0
2010-03-23,3.8944391151423785,3.9035099328821894,3.8853682974025676,3.9004862308502197,112900.0
2010-03-24,3.894436821275364,3.9125784460693644,3.894436821275364,3.90653133392334,125800.0
2010-03-25,3.921650400747537,3.936768616938426,3.9125792980194096,3.912579298019409,103000.0
2010-03-26,3.9367691818188972,3.942816296149349,3.9186272621154785,3.9186272621154785,146900.0
2010-03-29,3.9397897754928777,3.9609553813934326,3.9125770595891827,3.9609553813934326,150900.0
2010-03-30,3.945838111947872,3.9670034345245124,3.9397907121511784,3.951885223388672,124200.0
2010-03-31,3.951885831862612,3.988169371161688,3.951885831862612,3.9790985584259033,114100.0
2010-04-01,3.975458860176306,3.9997179306446013,3.975458860176306,3.9906208515167236,117200.0
2010-04-05,3.990623250410282,4.002752792935893,3.9784937078846716,3.999720335006714,98000.0
2010-04-06,3.9966864742303376,4.0209455490112305,3.984556936839891,4.0209455490112305,170100.0
2010-04-07,4.017913341522217,4.045204874640852,4.002751346546197,4.017913341522217,135300.0
2010-04-08,4.005784746769934,4.039140912219987,4.005784746769934,4.033076286315918,78800.0
2010-04-09,4.042172689129402,4.108885297987227,4.036108064246521,4.078561305999756,207200.0
2010-04-12,4.093723301993491,4.0997882160673935,4.072496681116873,4.078561305999756,155000.0
2010-04-13,4.0785636852604235,4.151340961456299,4.0785636852604235,4.151340961456299,130100.0
2010-04-14,4.130113351085051,4.148307810425126,4.102821806670498,4.133145809173584,172600.0
2010-04-15,4.127080394535891,4.133145309980447,4.081594685466057,4.099789142608643,194400.0
2010-04-16,4.108885521060615,4.108885521060615,4.087658609840558,4.0967559814453125,213800.0
2010-04-19,4.084626220073658,4.093723301993491,4.054302228086187,4.078561305999756,72000.0
2010-04-20,4.0724978780679315,4.102821589776848,4.051270961761475,4.051270961761475,127200.0
2010-04-21,4.072495673404925,4.078560296787156,3.9845564654304546,4.0057830810546875,204700.0
2010-04-22,4.00881770753077,4.069465420139709,4.005785249602547,4.051270961761475,75600.0
2010-04-23,4.045204201614709,4.090689889784026,4.045204201614709,4.063398361206055,123400.0
2010-04-26,4.063400504283262,4.07553004680505,4.0300443346461226,4.051270961761475,86400.0
2010-04-27,4.063399801294482,4.096756254351892,4.057335175678352,4.087658882141113,155300.0
2010-04-28,4.096755310533039,4.133143923419704,4.066431321865325,4.127079010009766,88500.0
2010-04-29,4.121014856986456,4.142241477966309,4.121014856986456,4.142241477966309,101300.0
2010-04-30,4.142241435247944,4.148306349288796,4.078561283774089,4.084626197814941,160000.0
2010-05-03,4.090099813633045,4.147878338537105,4.074894923394652,4.111386775970459,99100.0
2010-05-04,4.080977970098323,4.126592361697809,4.080977970098323,4.120510578155518,64300.0
2010-05-05,4.071854965529219,4.080977785434464,3.980625896449126,3.98974871635437,107900.0
2010-05-06,3.9867075092667283,3.9867075092667283,3.643078214095895,3.8711507320404053,469300.0
2010-05-07,3.9076400480263085,3.9654182540475804,3.755591801644102,3.831615924835205,206800.0
2010-05-10,3.99887087425224,3.99887087425224,3.877232328955347,3.892437219619751,128300.0
2010-05-11,3.8468218902383287,3.9562968523063864,3.8468218902383287,3.916764259338379,177800.0
2010-05-12,3.901558324752457,4.029278886233799,3.901558324752457,3.9775824546813965,164200.0
2010-05-13,3.959340342462437,3.9775859874455155,3.9441354449703394,3.956299304962158,121900.0
2010-05-14,3.919805294953407,3.965419669142352,3.916764259338379,3.916764259338379,56100.0
2010-05-17,3.935008390695155,3.9441314940572028,3.7860011825564692,3.8954761028289795,132700.0
2010-05-18,3.904598574838819,3.9380490808817,3.8164106134448756,3.834656238555908,92000.0
2010-05-19,3.816412669963192,3.8376993407329607,3.728224661048116,3.8012077808380127,82900.0
2010-05-20,3.7312657421144575,3.7312657421144575,3.6947738917679276,3.703896999359131,208700.0
2010-05-21,3.6947731174018594,3.7616744423368473,3.5001515030587402,3.6582815647125244,296400.0
2010-05-24,3.6582810362701905,3.7495100498199463,3.6582810362701905,3.7495100498199463,92900.0
2010-05-25,3.6643651756195976,3.76775809670904,3.6430782100952284,3.719102382659912,181300.0
2010-05-26,3.746468906036702,3.7860014870917746,3.6765268480224407,3.6978135108947754,68300.0
2010-05-27,3.764715067940508,3.8468209800556443,3.7403873687946123,3.8133704662323,66900.0
2010-05-28,3.8012055273004925,3.846819877624512,3.7799188691504795,3.8468198776245117,57900.0
2010-06-01,3.8129627421691605,3.8190636221914973,3.7489049564644796,3.7550058364868164,78000.0
2010-06-02,3.7519569803620176,3.7519569803620176,3.7062012335966443,3.7367050647735596,72000.0
2010-06-03,3.7367025745970897,3.7885588784966235,3.733652135331023,3.776357412338257,84200.0
2010-06-04,3.727554072514339,3.758057613118477,3.7001006823363474,3.7214531898498535,76200.0
2010-06-07,3.7214513625378247,3.7367032708039294,3.6878973970771574,3.6970484256744385,60700.0
2010-06-08,3.7000981127920034,3.7000981127920034,3.6726447416790884,3.6756951808929443,80000.0
2010-06-09,3.6848462076286177,3.7336520714267354,3.6756951808929443,3.6756951808929443,95000.0
2010-06-10,3.6970507199310267,3.7855114936828613,3.6970507199310267,3.7855114936828613,59400.0
2010-06-11,3.755008005469657,3.8404183387756348,3.755008005469657,3.8404183387756348,68100.0
2010-06-14,3.8556673735328117,3.873969428673629,3.8190629723452565,3.8709189891815186,59900.0
2010-06-15,3.8953220510477924,3.922775132609081,3.8434657454777312,3.8465158939361572,90800.0
2010-06-16,3.819065828175675,3.8617708493755942,3.819065828175675,3.8404183387756348,69300.0
2010-06-17,3.837364045007564,3.8495655089461476,3.8190619945526123,3.8190619945526123,71300.0
2010-06-18,3.803810091902921,3.837364045007564,3.803810091902921,3.8190619945526123,59400.0
2010-06-21,3.83736436762313,3.83736436762313,3.800759972729969,3.831263780593872,59800.0
2010-06-22,3.849563735839039,3.9288733603627817,3.849563735839039,3.904470443725586,140000.0
2010-06-23,3.928878753259925,3.9349793453402238,3.867871377926378,3.901425361633301,97100.0
2010-06-24,3.901423866261787,3.9227763667178297,3.8861719555477565,3.8953232765197754,118200.0
2010-06-25,3.8922703952640134,3.89532083367502,3.8648170313765906,3.8678674697875977,51100.0
2010-06-28,3.8739682926659205,3.89837121963501,3.864817267778971,3.8983712196350098,68800.0
2010-06-29,3.8831223598310314,3.88922324180603,3.8038129304984976,3.8129639625549316,88300.0
2010-06-30,3.8251654355988647,3.8343164676552983,3.800762489510998,3.8129639625549316,126600.0
2010-07-01,3.806839942932129,3.8650296431723064,3.7425248573643284,3.806839942932129,107700.0
2010-07-02,3.7915266746343246,3.8037771529015423,3.7547752398326724,3.797651767730713,89000.0
2010-07-06,3.809900066757948,3.809900066757948,3.7670235633850098,3.7670235633850098,52900.0
2010-07-07,3.770086065207222,3.8160252571105957,3.770086065207222,3.8160252571105957,68800.0
2010-07-08,3.8190884590148926,3.8190884590148926,3.7823370421577867,3.8190884590148926,80800.0
2010-07-09,3.822151268505005,3.8650280721468033,3.8129634863225945,3.8466525077819824,59700.0
2010-07-12,3.8558401952202503,3.9170925617218013,3.840527030576282,3.9170925617218018,119800.0
2010-07-13,3.9201567941505346,3.9232194866981933,3.880342667254287,3.8925931453704834,139100.0
2010-07-14,3.898718334543202,3.917094198207909,3.892593241371263,3.914031505584717,85900.0
2010-07-15,3.917093555456638,3.9232189396979145,3.880342126232168,3.886467218399048,90800.0
2010-07-16,3.8925913595267394,3.898716449737549,3.871153105677451,3.898716449737549,53200.0
2010-07-19,3.895654050669296,3.898716449737549,3.8803408870308167,3.898716449737549,93500.0
2010-07-20,3.88340439008042,3.9201558152518428,3.88340439008042,3.907905340194702,55900.0
2010-07-21,3.9201549505234197,3.963031457728305,3.9017790959539687,3.9446558952331543,130900.0
2010-07-22,3.9814081192016606,3.996721285767308,3.9385313112327194,3.98140811920166,214500.0
2010-07-23,3.9814080858368572,4.015096818339478,3.9660949193995365,3.9783453941345215,142300.0
2010-07-26,3.9722188963935956,4.012032998204238,3.9722188963935956,3.9967198371887207,90000.0
2010-07-27,4.00284390063856,4.008969280304864,3.9722178785295674,3.990593433380127,160500.0
2010-07-28,3.9752799145824036,3.993655759835144,3.9752799145824036,3.9844679832458496,74800.0
2010-07-29,3.984469366791158,3.996719837188721,3.9722188963935956,3.9967198371887207,66700.0
2010-07-30,3.981406663751772,4.012032985687256,3.969156193392429,4.012032985687256,90000.0
2010-08-02,4.022800372947602,4.0258759788122855,3.9920449009126036,4.004347324371338,134300.0
2010-08-03,4.010494987529186,4.025872711064791,3.998192867361838,4.022797107696533,97500.0
2010-08-04,4.0104934696363825,4.038173302863063,3.9951157519209413,4.001266956329346,127300.0
2010-08-05,3.9951172566599884,4.0289483070373535,3.992041653297377,4.0289483070373535,77900.0
2010-08-06,4.0166461942657,4.059703468198577,4.0074193841609285,4.022797107696533,114900.0
2010-08-09,4.0289483070373535,4.0289483070373535,3.9981928600225998,4.0289483070373535,62200.0
2010-08-10,4.007418905828543,4.047400864926528,4.007418905828543,4.025872230529785,96500.0
2010-08-11,4.0104949801673655,4.0289483070373535,4.007419376804754,4.0289483070373535,90700.0
2010-08-12,4.001268463385212,4.041250427182119,4.001268463385212,4.0289483070373535,97600.0
2010-08-13,4.013570583529977,4.041250427182119,4.007419376804754,4.0289483070373535,91000.0
2010-08-16,4.022799276216357,4.044327924787973,4.016648359469826,4.041252613067627,108200.0
2010-08-17,4.028947833530933,4.0350987462275825,4.022796627528637,4.025872230529785,99600.0
2010-08-18,4.016647683885754,4.0720070985166545,4.016647683885754,4.053554058074951,183400.0
2010-08-19,4.038175454881704,4.084308339307529,4.038175454881704,4.078157424926758,102400.0
2010-08-20,4.078158108738024,4.078158108738024,4.041251736347888,4.062780380249023,92700.0
2010-08-23,4.059704775890069,4.062780380249023,4.047402651760023,4.062780380249023,57000.0
2010-08-24,4.032024923271023,4.062780380249023,4.032024923271023,4.062780380249023,106800.0
2010-08-25,4.053553860477933,4.062780380249023,4.032024923271023,4.062780380249023,93900.0
2010-08-26,4.053552355537907,4.0750809914462245,4.035099029541016,4.035099029541016,119300.0
2010-08-27,4.056629652692015,4.062780862139527,4.044327527102802,4.0597052574157715,90700.0
2010-08-30,4.062781873980474,4.096612654449955,4.059706268490735,4.087386131286621,159100.0
2010-08-31,4.065857479470213,4.087386131286621,4.053555350817139,4.087386131286621,60100.0
2010-09-01,4.101284599439911,4.119814629702106,4.082754863702554,4.098196506500244,134500.0
2010-09-02,4.08583909494546,4.13216397955495,4.070397761266857,4.073485851287842,144500.0
2010-09-03,4.104368898941902,4.104368898941902,4.076574028494795,4.0827507972717285,68900.0
2010-09-07,4.088930917465871,4.095107691750394,4.061136022235129,4.076577663421631,164800.0
2010-09-08,4.095108965655706,4.1012854473368,4.051872415788449,4.064225673675537,95400.0
2010-09-09,4.070395672563911,4.079660526921772,4.048777286363023,4.061130523681641,87900.0
2010-09-10,4.058044486837462,4.098192602051422,4.058044486837462,4.095104217529297,69300.0
2010-09-13,4.0981939448351765,4.101282035844565,4.085840402699003,4.09201717376709,72200.0
2010-09-14,4.085840402699003,4.107458806912652,4.085840402699003,4.09201717376709,93800.0
2010-09-15,4.098191219136007,4.098191219136007,4.039513111114502,4.039513111114502,111200.0
2010-09-16,4.033339149512953,4.0395156257934035,3.983925866646132,4.0148091316223145,307100.0
2010-09-17,4.02098689723838,4.054958261497141,4.02098689723838,4.045693397521973,124400.0
2010-09-20,4.045689878074433,4.067307973385272,4.0271598717191,4.039513111114502,236000.0
2010-09-21,4.0456911667992985,4.048779256738492,3.9592181689616925,3.999366283416748,559700.0
2010-09-22,4.011723431567737,4.0240766869222435,3.99937017621323,4.0086350440979,159500.0
2010-09-23,3.980837775768228,4.0148091316223145,3.980837775768228,4.0148091316223145,181400.0
2010-09-24,4.027161814541323,4.027161814541323,3.9993669388614816,4.0055437088012695,124700.0
2010-09-27,4.002454667880495,4.0364260134080565,3.999366283416748,3.999366283416748,125000.0
2010-09-28,4.008633352571868,4.054958261497141,4.0055452609299556,4.045693397521973,70500.0
2010-09-29,4.054960803891446,4.079667319665622,4.039519157901362,4.064225673675537,95800.0
2010-09-30,4.085836998318875,4.085836998318875,4.0580424352452935,4.061130523681641,78100.0
2010-10-01,4.068888222106634,4.096799850463867,4.0533817290457534,4.096799850463867,155000.0
2010-10-04,4.071989588711604,4.093698501586914,4.071989588711604,4.093698501586914,56000.0
2010-10-05,4.093696124494562,4.093696124494562,4.078189640404188,4.09059476852417,102800.0
2010-10-06,4.090596174557303,4.099900245666504,4.07819104217339,4.099900245666504,192900.0
2010-10-07,4.093698240611554,4.093698240611554,4.047179060055295,4.081293106079102,134300.0
2010-10-08,4.0812937916442875,4.090597570166016,4.06268623460083,4.071990013122559,81900.0
2010-10-11,4.081294959370565,4.081294959370565,4.053383320057607,4.062687397003174,125300.0
2010-10-12,4.059584194587746,4.087495821226196,4.056482837014199,4.081293106079102,79500.0
2010-10-13,4.081293106079102,4.087495821226196,4.071989329120197,4.081293106079102,155000.0
2010-10-14,4.075089742434584,4.087494874092581,4.068887028724752,4.078190803527832,129900.0
2010-10-15,4.084392272945289,4.084392272945289,4.0657844332462565,4.0750885009765625,103500.0
2010-10-18,4.081290996374579,4.115405320525717,4.078189640404188,4.09059476852417,143300.0
2010-10-19,4.087491512298584,4.099896633753878,4.078187449386045,4.087491512298584,135300.0
2010-10-20,4.096799850463867,4.115407701289274,4.081293357402987,4.096799850463867,121700.0
2010-10-21,4.099901449751227,4.11850900591104,4.090597375909549,4.115407943725586,80600.0
2010-10-22,4.106103869883907,4.11850900591104,4.1030025119366815,4.115407943725586,79100.0
2010-10-25,4.118506641815304,4.118506641815304,4.1061015129089355,4.1061015129089355,51200.0
2010-10-26,4.10920498576022,4.1123063435247476,4.09369849269934,4.096799850463867,83600.0
2010-10-27,4.09679774016956,4.112304225242921,4.087493967430183,4.1061015129089355,125800.0
2010-10-28,4.109204994681459,4.11230635245272,4.087496081806149,4.093698501586914,130900.0
2010-10-29,4.099900768748903,4.124711036682129,4.093698053884735,4.124711036682129,103300.0
2010-11-01,4.132492334794798,4.169862236086627,4.123149636729659,4.141834735870361,115700.0
2010-11-02,4.16675141954786,4.204121351477773,4.135609661111356,4.1885504722595215,96200.0
2010-11-03,4.176096433169059,4.250836343648728,4.176096433169059,4.2041239738464355,141600.0
2010-11-04,4.232150321798361,4.288205387355401,4.182323728854291,4.216579437255859,198400.0
2010-11-05,4.210348869927751,4.229033683172836,4.191663759692914,4.219691276550293,135700.0
2010-11-08,4.219694862777201,4.24149392908627,4.191667322099824,4.2041239738464355,181600.0
2010-11-09,4.216576386649603,4.2664029435451845,4.2041197474257075,4.253946304321289,144200.0
2010-11-10,4.238377800209119,4.263291092582922,4.179208805068804,4.225921154022217,95000.0
2010-11-11,4.188552366438421,4.2072374893482145,4.172981480178585,4.191666603088379,84900.0
2010-11-12,4.182324656918604,4.201009484923863,4.160525294925821,4.166753768920898,85300.0
2010-11-15,4.201007116236159,4.219692230696025,4.176093828282884,4.1885504722595215,81600.0
2010-11-16,4.18543812060937,4.18543812060937,4.098241573531454,4.110698223114014,186100.0
2010-11-17,4.126269826182613,4.2041239738464355,4.107584700067694,4.2041239738464355,88800.0
2010-11-18,4.201007861648414,4.225921154022217,4.179208805068804,4.225921154022217,96600.0
2010-11-19,4.201005250826847,4.266402676912655,4.18232044165358,4.244603633880615,114300.0
2010-11-22,4.257063852499781,4.281977150342579,4.219693905735583,4.232150554656982,102300.0
2010-11-23,4.229033700722779,4.257061217696468,4.216577059511111,4.247718811035156,68800.0
2010-11-24,4.247717161233877,4.26328773395858,4.2259178248379445,4.260173797607422,69500.0
2010-11-26,4.238377352595185,4.2788615226745605,4.216578298317767,4.2788615226745605,11000.0
2010-11-29,4.257059564266626,4.2695162006401715,4.219689655145991,4.260173797607422,120800.0
2010-11-30,4.238376867905689,4.278861033355404,4.235262929786331,4.250833511352539,73900.0
2010-12-01,4.283664592026404,4.289918260197159,4.252397145746557,4.255523681640625,62400.0
2010-12-02,4.2711583246482245,4.299299240112305,4.2617781188906525,4.299299240112305,114600.0
2010-12-03,4.280535752000452,4.333690713777204,4.280535752000452,4.321183681488037,124400.0
2010-12-06,4.2899185772027835,4.296171947644324,4.249270625663104,4.264904499053955,99200.0
2010-12-07,4.2992988677055965,4.2992988677055965,4.25239754478898,4.268031120300293,92600.0
2010-12-08,4.2492684609189855,4.2867895590275085,4.221127562789797,4.261775493621826,151800.0
2010-12-09,4.286791426111781,4.286791426111781,4.246143477575802,4.255523681640625,110100.0
2010-12-10,4.27428515929787,4.333693526684312,4.2430174091841435,4.299299240112305,142800.0
2010-12-13,4.30555280229144,4.330566882483536,4.25552434371589,4.271158218383789,118100.0
2010-12-14,4.311804388001156,4.311804388001156,4.264903081607648,4.280536651611328,225600.0
2010-12-15,4.299296591730349,4.299296591730349,4.246141628195479,4.261775493621826,114300.0
2010-12-16,4.274281699274745,4.308675958004663,4.255521004754984,4.289915561676025,123800.0
2010-12-17,4.314933958648515,4.36183529479597,4.302426915796432,4.330567836761475,195100.0
2010-12-20,4.314930963778983,4.364959100464223,4.302423929607674,4.355578899383545,129200.0
2010-12-21,4.33369371233714,4.3743416699497715,4.305553093858896,4.3149333000183105,123700.0
2010-12-22,4.33682160432946,4.364962527859134,4.327441395883385,4.343075275421143,261000.0
2010-12-23,4.355582107140857,4.361835479736328,4.330568020376102,4.361835479736328,165300.0
2010-12-27,4.352455271747404,4.368089150523234,4.352455271747404,4.361835479736328,70700.0
2010-12-28,4.358708644342874,4.361835479736328,4.34932843635395,4.361835479736328,47600.0
2010-12-29,4.368085471046867,4.371212005615234,4.34619793992119,4.371212005615234,104800.0
2010-12-30,4.358708593094917,4.371215636330241,4.327441134102322,4.3399481773376465,110800.0
2010-12-31,4.339945434004091,4.371212873232148,4.3243115652944395,4.368086338043213,54900.0
2011-01-03,4.38693136820616,4.3932117153902075,4.358669057183662,4.390071392059326,101600.0
2011-01-04,4.386927963929595,4.390067985346088,4.3492450116343155,4.368086338043213,119500.0
2011-01-05,4.3523884105218995,4.396352038721088,4.308425081800427,4.390071392059326,173500.0
2011-01-06,4.380649916717554,4.402631876517411,4.371229247933422,4.377509593963623,123800.0
2011-01-07,4.3900652387178205,4.4026265144348145,4.374364243026171,4.4026265144348145,108800.0
2011-01-10,4.3994903564453125,4.4120513445649125,4.386929368325713,4.3994903564453125,112000.0
2011-01-11,4.396350034546018,4.408911022665618,4.377508402627829,4.3994903564453125,111800.0
2011-01-12,4.402628840676491,4.424610485841203,4.396348199499457,4.4214701652526855,211500.0
2011-01-13,4.415189676726767,4.449732303619385,4.405768715274507,4.449732303619385,241400.0
2011-01-14,4.427752541516802,4.499978146490754,4.421471897878595,4.46543550491333,230200.0
2011-01-18,4.462294045402778,4.468574387962199,4.415190428035891,4.4246110916137695,182200.0
2011-01-19,4.437171818103168,4.465434106670302,4.399488866506148,4.418330192565918,146600.0
2011-01-20,4.437173207496541,4.46543550491333,4.424612219697699,4.46543550491333,125000.0
2011-01-21,4.462293939247047,4.515678197380865,4.456013297359544,4.5062575340271,171900.0
2011-01-24,4.49683665071886,4.534519604277803,4.49683665071886,4.512537956237793,139300.0
2011-01-25,4.531378746032715,4.543939728232965,4.484274838173695,4.531378746032715,183600.0
2011-01-26,4.543938724221815,4.543938724221815,4.490554486796964,4.534517765045166,125100.0
2011-01-27,4.540800279373949,4.581623554229736,4.5188186311737155,4.581623554229736,175700.0
2011-01-28,4.547081725968069,4.578484344859354,4.5439417036609955,4.5533623695373535,95600.0
2011-01-31,4.556500371838422,4.609884617091851,4.540799070385517,4.591042995452881,118700.0
2011-02-01,4.605237241561043,4.627317049306223,4.548460249285074,4.608391284942627,165500.0
2011-02-02,4.589470545142753,4.636784553527832,4.589470545142753,4.636784553527832,155700.0
2011-02-03,4.636781081109159,4.646243815536644,4.617855612254191,4.643089771270752,147800.0
2011-02-04,4.643093248413912,4.658864684813981,4.617859070499852,4.636784553527832,175400.0
2011-02-07,4.636780328760877,4.6557060953599185,4.621008906730818,4.6336259841918945,214400.0
2011-02-08,4.617857211813223,4.630474295691879,4.586314351709079,4.621011257171631,166800.0
2011-02-09,4.633628258165328,4.639936950399312,4.576851532134485,4.583159923553467,274300.0
2011-02-10,4.576851955616609,4.580006302025463,4.453835153006576,4.557926177978516,331600.0
2011-02-11,4.54531058916246,4.554773330688477,4.504304974796215,4.554773330688477,128500.0
2011-02-14,4.53584252974696,4.586310826469438,4.53584252974696,4.573693752288818,144800.0
2011-02-15,4.576851339867324,4.583159731021299,4.539000090498506,4.564234256744385,152700.0
2011-02-16,4.56423353620001,4.580004962817636,4.538999373937788,4.567387580871582,199700.0
2011-02-17,4.567387372012359,4.617855995043899,4.548461901588594,4.605238914489746,229800.0
2011-02-18,4.617858076898594,4.652554988861084,4.6083950366055895,4.652554988861084,196000.0
2011-02-22,4.627318346681675,4.658861195859828,4.586312763076038,4.643089771270752,149300.0
2011-02-23,4.630474295691879,4.636782687223703,4.586314351709079,4.621011257171631,130700.0
2011-02-24,4.630476614665204,4.6336306616031795,4.573699558369422,4.6241679191589355,150300.0
2011-02-25,4.611550828961557,4.636785009356314,4.5894709963199345,4.6241679191589355,99800.0
2011-02-28,4.617854194324026,4.6714768409729,4.617854194324026,4.6714768409729,190300.0
2011-03-01,4.680354747677052,4.696198631177649,4.632822190567144,4.674016952514648,205200.0
2011-03-02,4.6771823453143915,4.686688728731815,4.642325102446374,4.670844554901123,259300.0
2011-03-03,4.670843896063827,4.702532239255469,4.620142788719149,4.642324447631836,138500.0
2011-03-04,4.6581691148833,4.664506905076981,4.616974385231787,4.65183162689209,93100.0
2011-03-07,4.63598757358256,4.651831747274314,4.57577977399439,4.59479284286499,140100.0
2011-03-08,4.582118660403979,4.63281978658342,4.556768097314258,4.575780868530273,156300.0
2011-03-09,4.591627445293097,4.623315816814772,4.556770478381422,4.597965240478516,128800.0
2011-03-10,4.591624774677804,4.664507865905762,4.572612004585315,4.664507865905762,224800.0
2011-03-11,4.6486648054740956,4.696197044320026,4.632820625124584,4.693028450012207,171300.0
2011-03-14,4.6993675287588506,4.6993675287588506,4.648666376270447,4.674016952514648,86700.0
2011-03-15,4.642324941601569,4.6581691148833,4.594792723958845,4.65183162689209,122100.0
2011-03-16,4.651831767837704,4.686688708351666,4.591623967983386,4.632818698883057,85800.0
2011-03-17,4.696195424895434,4.696195424895434,4.639156818389893,4.639156818389893,132100.0
2011-03-18,4.670845026302225,4.67718281735513,4.626481697741933,4.658169746398926,100200.0
2011-03-21,4.670845355202414,4.696195916794086,4.645494793610741,4.664507865905762,104200.0
2011-03-22,4.683521124482929,4.702534198760986,4.667676946284975,4.702534198760986,157300.0
2011-03-23,4.696197044320026,4.712041224669537,4.677184269662695,4.693028450012207,95600.0
2011-03-24,4.734222885892748,4.734222885892748,4.686690647146663,4.708872318267822,153600.0
2011-03-25,4.702534827462893,4.721547602080285,4.670846466830433,4.708872318267822,90200.0
2011-03-28,4.686689549811995,4.731053183869681,4.667676477443691,4.715209007263184,177600.0
2011-03-29,4.71204043161406,4.737390995025635,4.680352378450869,4.737390995025635,210700.0
2011-03-30,4.746897058273646,4.756403745559064,4.699364830656687,4.715209007263184,166100.0
2011-03-31,4.715210111275356,4.762742350021441,4.699365930959126,4.708872318267822,164800.0
2011-04-01,4.734341336935474,4.785282419473218,4.724789959867847,4.759811878204346,137500.0
2011-04-04,4.766180004152538,4.766180004152538,4.708871130407245,4.7311577796936035,113200.0
2011-04-05,4.7343392691220965,4.798015594482422,4.715236523330334,4.798015594482422,171900.0
2011-04-06,4.791649669301038,4.791649669301038,4.737524699265721,4.782098293304443,194700.0
2011-04-07,4.775732595538901,4.813938419867265,4.7438942567821485,4.807570934295654,148900.0
2011-04-08,4.810753769929629,4.833040725013247,4.791651012581219,4.813937664031982,114400.0
2011-04-11,4.81393475173067,4.839405281874801,4.775728956514476,4.798015594482422,101400.0
2011-04-12,4.7980167804477185,4.801200673410891,4.747075707567934,4.756627082824707,102600.0
2011-04-13,4.775730216334976,4.817119914645809,4.71205387417706,4.724789142608643,113500.0
2011-04-14,4.72479089804134,4.845776144908202,4.7184231096433065,4.823489189147949,129600.0
2011-04-15,4.833038861468142,4.8362224507101,4.810751914978027,4.810751914978027,93300.0
2011-04-18,4.810753096113072,4.880797238389862,4.801201718776677,4.871245861053467,186500.0
2011-04-19,4.864876698754618,4.877611966147978,4.8394061639678965,4.848957538604736,163000.0
2011-04-20,4.858511270566365,4.88079792201713,4.810753769929629,4.813937664031982,207900.0
2011-04-21,4.8139385117908375,4.823489892147089,4.782100476059028,4.820306301116943,152100.0
2011-04-25,4.798017020125275,4.833039237204167,4.77891426865748,4.81712007522583,144400.0
2011-04-26,4.842591337598911,4.84895882116344,4.801201631714653,4.839407444000244,160100.0
2011-04-27,4.839408057430748,4.871246390187552,4.813937512678442,4.868062496185303,114700.0
2011-04-28,4.852139949798584,4.928551530827074,4.848956058014239,4.852139949798584,121300.0
2011-04-29,4.931737756788273,4.950840812903131,4.887164465241563,4.903083324432373,238000.0
2011-05-02,4.938263752985675,4.967049018747769,4.851908260718526,4.87429666519165,150000.0
2011-05-03,4.896686673956294,4.931868505323267,4.87429795852348,4.909480094909668,148000.0
2011-05-04,4.909481099142652,4.909481099142652,4.848712108419436,4.880695819854736,154000.0
2011-05-05,4.880694821509774,4.909480094909668,4.8551079796030265,4.909480094909668,74900.0
2011-05-06,4.938267724973524,4.957458019256592,4.90948274107799,4.957458019256592,95000.0
2011-05-09,4.954258378873884,4.954258378873884,4.887092822777921,4.912679672241211,97000.0
2011-05-10,4.9126768807627474,4.922272172623729,4.8934869070790485,4.903081893920898,117400.0
2011-05-11,4.903083159995111,4.922273443653258,4.867901329144256,4.919075012207031,146800.0
2011-05-12,4.906283112385041,4.925473096972856,4.883894695359489,4.912679672241211,169000.0
2011-05-13,4.906283112385041,4.919076537116686,4.880696262921751,4.912679672241211,100500.0
2011-05-16,4.919074734568131,4.98943869731762,4.8966863257466,4.973446846008301,90800.0
2011-05-17,4.986240620629908,4.9958356100901335,4.9030832319233735,4.909480094909668,128700.0
2011-05-18,4.931868190709619,4.941463179557762,4.877496078871483,4.893487930297852,144800.0
2011-05-19,4.922273376336902,4.979843616485596,4.896686535155437,4.979843616485596,157200.0
2011-05-20,4.95745503098413,4.970248451121386,4.845512376018746,4.893487930297852,230600.0
2011-05-23,4.877497182107223,4.883894046132348,4.746364519784799,4.755959510803223,285200.0
2011-05-24,4.765554736880064,4.829522160209418,4.733571330234667,4.781546592712402,180500.0
2011-05-25,4.79114219208762,4.81672934767734,4.727175065661619,4.743166923522949,100500.0
2011-05-26,4.759158989421168,4.762357422137111,4.660009710362269,4.695191860198975,221400.0
2011-05-27,4.717579505289007,4.765554768080843,4.656810818751395,4.749563217163086,164600.0
2011-05-31,4.717580831943792,4.749564552812175,4.717580831943792,4.739969253540039,182900.0
2011-06-01,4.723899431283242,4.746394399169111,4.7142589058846,4.7303266525268555,73600.0
2011-06-02,4.707830225060796,4.7335384891312975,4.694976093025545,4.711043834686279,99000.0
2011-06-03,4.7078322597914966,4.7335405349731445,4.678910680062252,4.7335405349731445,64700.0
2011-06-06,4.711044895327212,4.733539554836661,4.666055576308316,4.672482490539551,140300.0
2011-06-07,4.669265597828428,4.7110415835977415,4.588927234379717,4.64677095413208,302400.0
2011-06-08,4.630706654550841,4.640347179504031,4.598571469217952,4.608211994171143,168600.0
2011-06-09,4.637132780131402,4.6403460833789225,4.592143163532521,4.6274919509887695,152700.0
2011-06-10,4.6339246290276295,4.6339246290276295,4.534304755805,4.595362186431885,158500.0
2011-06-13,4.598572393874838,4.614639836538659,4.572863811385713,4.588931560516357,87300.0
2011-06-14,4.624280151802222,4.637134288373222,4.598571878660223,4.601785182952881,87700.0
2011-06-15,4.592144657141328,4.611426015231223,4.540728110857331,4.601785182952881,160400.0
2011-06-16,4.614636317796952,4.630704054675664,4.576073933168,4.611423015594482,75600.0
2011-06-17,4.627493007874416,4.6339202287707675,4.601784737222528,4.621066093444824,85200.0
2011-06-20,4.62106634187299,4.637134088510911,4.553582051167145,4.5728631019592285,106700.0
2011-06-21,4.608212920766496,4.611426531885989,4.537515008471755,4.588931560516357,186100.0
2011-06-22,4.592144459218089,4.604998595235069,4.563222576563186,4.5728631019592285,67000.0
2011-06-23,4.569649834626049,4.579290360099772,4.5503684772118245,4.560009002685547,65300.0
2011-06-24,4.572866053059628,4.582506891144164,4.537517232817253,4.5471577644348145,91300.0
2011-06-27,4.537513290452378,4.592143432932096,4.53429968054964,4.5567946434021,121500.0
2011-06-28,4.585721015930176,4.6017884682647185,4.569653257128624,4.585721015930176,71100.0
2011-06-29,4.5825047884386345,4.604999454046811,4.556796511610194,4.569650650024414,156100.0
2011-06-30,4.5889306018965845,4.637133839218944,4.5792900770188165,4.621066093444824,106900.0
2011-07-01,4.646901273881537,4.66950597598642,4.630754926106919,4.6630473136901855,95800.0
2011-07-05,4.643671799627672,4.682422848312967,4.643671799627672,4.6469011306762695,62500.0
2011-07-06,4.663045414746483,4.67273340424557,4.630753040313721,4.630753040313721,51800.0
2011-07-07,4.640444887035169,4.679195955916322,4.630757196806411,4.6727375984191895,87900.0
2011-07-08,4.659820575458806,4.675966623184696,4.640444887035169,4.6727375984191895,62900.0
2011-07-11,4.6695058320845355,4.6695058320845355,4.63075478339924,4.6469011306762695,85400.0
2011-07-12,4.6275258309204155,4.6533598654907165,4.617838144948049,4.640442848205566,45900.0
2011-07-13,4.656591553246419,4.656591553246419,4.608152790906428,4.6146111488342285,71600.0
2011-07-14,4.614610765946885,4.640444811446842,4.611381433267862,4.621069431304932,52500.0
2011-07-15,4.63075478339924,4.6469011306762695,4.595232757796583,4.6469011306762695,87000.0
2011-07-18,4.640441867307433,4.646900528567767,4.608149484903524,4.6275248527526855,81800.0
2011-07-19,4.646901223472314,4.646901223472314,4.614608528273387,4.637213230133057,70800.0
2011-07-20,4.650132501517797,4.650132501517797,4.601693743196908,4.621069431304932,121300.0
2011-07-21,4.6436711979376,4.6565882124923474,4.608149484903524,4.6275248527526855,91300.0
2011-07-22,4.643674144125866,4.65336183419682,4.614610765946885,4.621069431304932,78500.0
2011-07-25,4.6210678813161055,4.630755568137637,4.575858162872272,4.601692199707031,81500.0
2011-07-26,4.611377246774337,4.611377246774337,4.546792191658754,4.579084873199463,82700.0
2011-07-27,4.582316204662826,4.582316204662826,4.43054132563168,4.47898006439209,384500.0
2011-07-28,4.472522398343282,4.495127105516963,4.307830168450926,4.488668441772461,189400.0
2011-07-29,4.462832576613842,4.4918959356398105,4.430540195002919,4.482208251953125,126800.0
2011-08-01,4.5438755532970205,4.5438755532970205,4.462734918416717,4.524401664733887,79300.0
2011-08-02,4.488699687318044,4.54387534122363,4.430278333882261,4.4789628982543945,126000.0
2011-08-03,4.501682636633803,4.514665126556334,4.397822717253549,4.446506977081299,130900.0
2011-08-04,4.404314654794542,4.440016741095437,4.310191507366152,4.323173999786377,208900.0
2011-08-05,4.349139390944534,4.358876493314666,4.15764768723789,4.248525142669678,208800.0
2011-08-08,4.170627775248224,4.170627775248224,3.9758901735493395,3.9921183586120605,301900.0
2011-08-09,3.966154658666969,4.079751371494133,3.9109789974694666,4.024575710296631,546100.0
2011-08-10,3.9434357847644272,4.050541426654926,3.9434357847644272,4.0148396492004395,213500.0
2011-08-11,4.018085442829568,4.219314238604377,4.014839742205688,4.138173580169678,195300.0
2011-08-12,4.1251876432856545,4.144661521244104,4.089485894809751,4.115450859069824,167900.0
2011-08-15,4.125191915471795,4.216069384497785,4.11870051292067,4.183613300323486,93500.0
2011-08-16,4.173875358451208,4.199840344388148,4.138173580169678,4.138173580169678,133100.0
2011-08-17,4.170629220179295,4.209576692107201,4.1641378200944805,4.1998395919799805,109200.0
2011-08-18,4.112207055524003,4.154400219265423,4.053785704262509,4.09922456741333,133900.0
2011-08-19,4.021330000570282,4.082996747262738,4.001856111888634,4.008347511291504,121800.0
2011-08-22,4.044048774021353,4.076505147925543,3.9596624494919967,3.975890636444092,244000.0
2011-08-23,4.001856910529924,4.102471454665086,3.9369444511816045,4.040804386138916,107600.0
2011-08-24,4.053783642827179,4.0894856991214725,3.9986080190330666,4.02781867980957,104700.0
2011-08-25,4.021328779312936,4.037556653837865,3.9531706539168914,4.00185489654541,79200.0
2011-08-26,3.972644713386586,4.08299600701292,3.9596622264615413,4.018083572387695,202500.0
2011-08-29,4.01159478200891,4.076507568359375,3.9921211937254544,4.076507568359375,190300.0
2011-08-30,4.070011822094878,4.0894856991214725,4.008345112309751,4.02781867980957,161100.0
2011-08-31,4.047294041474613,4.154399630592682,4.047294041474613,4.128434658050537,218400.0
2011-09-01,4.161070096371262,4.281822681427002,4.102325477766976,4.281822681427002,244800.0
2011-09-02,4.239396535362801,4.298141160734013,4.22307854928861,4.262241840362549,103800.0
2011-09-06,4.183917303257588,4.2491892746028705,4.167599621661093,4.242661952972412,118100.0
2011-09-07,4.252449851512981,4.285085815906452,4.252449851512981,4.268767833709717,119700.0
2011-09-08,4.245924039670426,4.281823361609296,4.245924039670426,4.258978366851807,98600.0
2011-09-09,4.239394944937191,4.252449266651225,4.177386994605424,4.187177658081055,105700.0
2011-09-12,4.157806487712655,4.187178797371042,4.148015821573082,4.183915138244629,77200.0
2011-09-13,4.206764001860198,4.22960901260376,4.164337331022206,4.22960901260376,100200.0
2011-09-14,4.236133720735975,4.255715370178223,4.17738939488875,4.255715370178223,93300.0
2011-09-15,4.265504697232515,4.291613347447829,4.2165510558887185,4.281822681427002,141600.0
2011-09-16,4.291613347447829,4.3111949907291445,4.278559022340172,4.281822681427002,146200.0
2011-09-19,4.278562611163686,4.298144270869939,4.242663264815466,4.272035598754883,112600.0
2011-09-20,4.272036042991116,4.298144717821135,4.262245367739848,4.291617393493652,111400.0
2011-09-21,4.294878024763829,4.324250341029558,4.275296688079834,4.275296688079834,120400.0
2011-09-22,4.190446053973827,4.278562747357051,4.063166039931469,4.17412805557251,186700.0
2011-09-23,4.1219096201118175,4.239398617312874,4.1219096201118175,4.1904449462890625,87400.0
2011-09-26,4.177387794915173,4.226341432911511,4.1414881698941945,4.223077774047852,98200.0
2011-09-27,4.22308168882564,4.265508359663632,4.2035003399711375,4.22960901260376,132100.0
2011-09-28,4.268771936930521,4.278562611163686,4.236135941166741,4.272035598754883,91400.0
2011-09-29,4.281823967234659,4.3014056163962335,4.265505978139973,4.298141956329346,108200.0
2011-09-30,4.281826361237326,4.379734039306641,4.275299348694,4.379734039306641,348500.0
2011-10-03,4.340363334167824,4.35676688685686,4.215697084623336,4.317398548126221,138800.0
2011-10-04,4.271468183593177,4.274748643224992,4.140240099298283,4.169766426086426,102100.0
2011-10-05,4.166485432989569,4.245222091674805,4.166485432989569,4.245222091674805,91300.0
2011-10-06,4.232101808321351,4.281312483642953,4.202575778574615,4.261628150939941,56000.0
2011-10-07,4.297713589919449,4.297713589919449,4.2386609383761815,4.255064487457275,39000.0
2011-10-10,4.271469077689084,4.396135330200195,4.264907531308631,4.396135330200195,96300.0
2011-10-11,4.3961337643744525,4.3961337643744525,4.307555109890747,4.337081432342529,77900.0
2011-10-12,4.363329156875774,4.363329156875774,4.314118490645537,4.35020637512207,71100.0
2011-10-13,4.333802100815257,4.333802100815257,4.281310982507736,4.317398548126221,52600.0
2011-10-14,4.337084362917585,4.37317194092551,4.317400030358447,4.369891166687012,53700.0
2011-10-17,4.491277561573928,4.491277561573928,4.366611253576848,4.379734039306641,123400.0
2011-10-18,4.379729401923803,4.379729401923803,4.340360773547165,4.356764316558838,62500.0
2011-10-19,4.379732712285853,4.428943065644293,4.34364482780932,4.35020637512207,59000.0
2011-10-20,4.337081858515264,4.432222066391036,4.337081858515264,4.392853736877441,99000.0
2011-10-21,4.412536740045985,4.435501828351343,4.356764874388342,4.366607189178467,101500.0
2011-10-24,4.369889192722759,4.448626174520425,4.363327960081452,4.445345401763916,51700.0
2011-10-25,4.445345989438346,4.445345989438346,4.383012550311038,4.396135330200195,68000.0
2011-10-26,4.409257527185736,4.458468179918242,4.409257527185736,4.445345401763916,38500.0
2011-10-27,4.494554779738328,4.556888197285091,4.474870773155298,4.5076775550842285,77400.0
2011-10-28,4.527361521931479,4.543765068054199,4.471589652837205,4.543765068054199,52500.0
2011-10-31,4.520801864486944,4.520801864486944,4.451907192324823,4.478152751922607,49700.0
2011-11-01,4.4187961757039975,4.580379264543121,4.395713012077487,4.517724514007568,59400.0
2011-11-02,4.52761528907593,4.560591492364427,4.488044033820363,4.550698757171631,51600.0
2011-11-03,4.557294548897646,4.583675390016939,4.517723287218708,4.527616024017334,49100.0
2011-11-04,4.51772554314475,4.540809026514192,4.451773407413322,4.45836877822876,71000.0
2011-11-07,4.4253913332092845,4.497938819757577,4.303379837118909,4.468260288238525,49800.0
2011-11-08,4.497938308669112,4.517723784443975,4.43858125237559,4.484747886657715,36000.0
2011-11-09,4.422092233067458,4.478151593660621,4.379223291761839,4.4121994972229,46900.0
2011-11-10,4.4517726031641125,4.4517726031641125,4.369332369772184,4.4319868087768555,73400.0
2011-11-11,4.431989031055616,4.4715606396720435,4.431989031055616,4.445179462432861,36200.0
2011-11-14,4.428687927216947,4.464961504317074,4.4089021395813335,4.425390243530273,45000.0
2011-11-15,4.4715578190372645,4.5045337194370125,4.425391181096227,4.48145055770874,44000.0
2011-11-16,4.501235048468883,4.501235048468883,4.455068735131091,4.4979376792907715,42000.0
2011-11-17,4.471558386396111,4.501236606176158,4.385820468406108,4.392415523529053,72000.0
2011-11-18,4.435282140907784,4.435282140907784,4.36273468594978,4.3726277351379395,79400.0
2011-11-21,4.319868836382943,4.366035170951176,4.296785354614258,4.296785354614258,65600.0
2011-11-22,4.3297596265032645,4.333057310196408,4.2868906819456765,4.313271522521973,74900.0
2011-11-23,4.3033781313806685,4.313270866470982,4.286890029907227,4.286890029907227,20800.0
2011-11-25,4.309975737776012,4.309975737776012,4.270404459476721,4.273702144622803,33600.0
2011-11-28,4.33965338824425,4.352843811648341,4.280296325683594,4.280296325683594,48000.0
2011-11-29,4.273701633767048,4.319868276839986,4.273701633767048,4.290189743041992,49600.0
2011-11-30,4.385818810033869,4.385818810033869,4.323164080392068,4.342949867248535,96000.0
2011-12-01,4.337310695986538,4.370470690381132,4.337310695986538,4.347258567810059,48700.0
2011-12-02,4.343945776479073,4.373789412251797,4.340629711536318,4.363841533660889,62600.0
2011-12-05,4.360526123354552,4.4301619164198955,4.360526123354552,4.423530101776123,87700.0
2011-12-06,4.426848837087239,4.426848837087239,4.383740909073036,4.416900634765625,43700.0
2011-12-07,4.40694698917382,4.40694698917382,4.3771030536876765,4.383735179901123,33300.0
2011-12-08,4.363839862373445,4.380419864499963,4.317416235903879,4.350575923919678,61700.0
2011-12-09,4.380419963384817,4.383736027132426,4.340628147125244,4.340628147125244,54600.0
2011-12-12,4.314100172231128,4.3572080512651805,4.314100172231128,4.350575923919678,70600.0
2011-12-13,4.3572103929493196,4.410266175278018,4.3572103929493196,4.370474338531494,68800.0
2011-12-14,4.350574959650899,4.370471021040371,4.320731025685274,4.324047088623047,61100.0
2011-12-15,4.350576022130826,4.370472088379235,4.310784205871252,4.340628147125244,67000.0
2011-12-16,4.3671554063588305,4.3671554063588305,4.30746753230106,4.3439435958862305,66700.0
2011-12-19,4.3273654995864135,4.360525198245075,4.310785492138414,4.317417621612549,75000.0
2011-12-20,4.310785013475864,4.397000789642334,4.310785013475864,4.397000789642334,86900.0
2011-12-21,4.373786990580953,4.40694698917382,4.357207307521703,4.383735179901123,57300.0
2011-12-22,4.367156842797225,4.403632602142745,4.347260772821384,4.397000789642334,84800.0
2011-12-23,4.4036340253699935,4.476585883875926,4.3903700798450425,4.423530101776123,101900.0
2011-12-27,4.423529970673323,4.440109981147471,4.367158124803656,4.400318145751953,61500.0
2011-12-28,4.414654139961858,4.414654139961858,4.394648332159969,4.411319732666016,70800.0
2011-12-29,4.401316872597761,4.427991495256986,4.401316872597761,4.407985687255859,80800.0
2011-12-30,4.411322300497306,4.42799402869455,4.3946508902868295,4.397984981536865,90300.0
2012-01-03,4.424655949451524,4.471336364746094,4.401315423817759,4.471336364746094,57100.0
2012-01-04,4.484676344026968,4.528022696905901,4.4379959009163255,4.5213541984558105,58800.0
2012-01-05,4.604713439941406,4.61138193975851,4.494680172085211,4.604713439941406,158700.0
2012-01-06,4.661393931919433,4.6747315593168475,4.621382003686804,4.65139102935791,156200.0
2012-01-09,4.668062134460654,4.668062134460654,4.594706783311482,4.624715805053711,116800.0
2012-01-10,4.621382705747939,4.6947380776448675,4.61471420902272,4.658060550689697,80100.0
2012-01-11,4.718079792334153,4.718079792334153,4.678067845309272,4.701408386230469,68400.0
2012-01-12,4.701405858523577,4.761423587799072,4.611378787630557,4.761423587799072,107000.0
2012-01-13,4.731415447438095,4.754755980167533,4.681400610707227,4.718078136444092,111600.0
2012-01-17,4.751422833060683,4.768094555721387,4.69473916680629,4.731416702270508,82800.0
2012-01-18,4.744754423684073,4.751423240514898,4.6613961212189,4.701408386230469,90000.0
2012-01-19,4.724744511236855,4.781428133188517,4.711407207129783,4.734747409820557,79600.0
2012-01-20,4.764761380246464,4.7847675162122725,4.748089653272747,4.758092880249023,73400.0
2012-01-23,4.774760796910446,4.844781744596379,4.721411564004309,4.8181071281433105,124900.0
2012-01-24,4.844785540356803,4.844785540356803,4.764761628300993,4.774764537811279,69200.0
2012-01-25,4.844783245756293,4.851452060929153,4.768093779188057,4.801436901092529,112900.0
2012-01-26,4.808107743183429,4.834782379146678,4.754758471256931,4.758092880249023,102800.0
2012-01-27,4.801436237741298,4.808105051992815,4.768093120443404,4.791433334350586,71600.0
2012-01-30,4.7914339963198485,4.81477421345164,4.751422059242516,4.801436901092529,92200.0
2012-01-31,4.8114408258144925,4.8114408258144925,4.72808253191188,4.78476619720459,97400.0
2012-02-01,4.802527256256041,4.815932762750886,4.752256686803495,4.76566219329834,110400.0
2012-02-02,4.792471109608283,4.809228065298885,4.769011243796503,4.7790656089782715,46100.0
2012-02-03,4.7991744772753755,4.802525932878686,4.779066382880309,4.792471885681152,71600.0
2012-02-06,4.769012502472218,4.792472374475714,4.765661366139516,4.785769462585449,72300.0
2012-02-07,4.789122396206152,4.809230818468936,4.779068344881025,4.802527904510498,77300.0
2012-02-08,4.792474515761661,4.799177111034227,4.775717548161388,4.789123058319092,81200.0
2012-02-09,4.795826016925872,4.825988175346254,4.782420506645955,4.805880069732666,121300.0
2012-02-10,4.782417723798199,4.82263423123631,4.772363357229378,4.81593132019043,53000.0
2012-02-13,4.819284194125424,4.859500713400065,4.805878687700544,4.822635650634766,70200.0
2012-02-14,4.832692202660989,4.852800312902976,4.822638147539996,4.842746257781982,80600.0
2012-02-15,4.866206145881167,4.8729087427576125,4.836043660905537,4.842746257781982,87900.0
2012-02-16,4.85950280833385,4.879611236446164,4.829340325971689,4.852799892425537,90300.0
2012-02-17,4.842743750465844,4.916474195608926,4.819284194125424,4.822635650634766,70100.0
2012-02-21,4.8527977271812555,4.896365702308053,4.829338171194703,4.862852096557617,74900.0
2012-02-22,4.893013733511563,4.9097703737314395,4.859499813846958,4.882959365844727,51500.0
2012-02-23,4.909770890657666,4.933230764737837,4.889662792431758,4.90641975402832,96600.0
2012-02-24,4.936582939990108,4.939934396937036,4.85950134788593,4.866204261779785,64300.0
2012-02-27,4.916473285509331,4.916473285509331,4.859499813846958,4.882959365844727,62100.0
2012-02-28,4.919824187939906,4.943283737298578,4.899715774480765,4.929878234863281,71500.0
2012-02-29,4.9466351928105,4.9466351928105,4.879607680634014,4.929878234863281,65600.0
2012-03-01,4.938303212362317,4.968620268792324,4.918092055576009,4.95851469039917,46200.0
2012-03-02,4.951774573799221,4.978722981503542,4.92819479737053,4.9753546714782715,74100.0
2012-03-05,4.958512555761605,4.958512555761605,4.924826880618702,4.938301086425781,59100.0
2012-03-06,4.904617246106724,4.924828400429339,4.8338775634765625,4.8338775634765625,95900.0
2012-03-07,4.860825207271126,4.971987502047557,4.857456575005063,4.968618869781494,75400.0
2012-03-08,4.95851021513762,4.978721353682535,4.941667385516687,4.96524715423584,118000.0
2012-03-09,4.968615784410077,4.971984414584315,4.9046134173508396,4.96524715423584,125400.0
2012-03-12,4.965248718812567,4.975354612519701,4.911351904042609,4.91472053527832,68300.0
2012-03-13,4.961878524061603,4.982089983856772,4.907981726274822,4.96524715423584,83800.0
2012-03-14,4.978722929747509,4.9820915609881204,4.918089173668281,4.931563377380371,59100.0
2012-03-15,4.985464137854876,4.985464137854876,4.945041494727073,4.961884021759033,92700.0
2012-03-16,4.961884929334782,4.985465049743652,4.911356696495588,4.985465049743652,90200.0
2012-03-19,4.9820942256969225,4.985462858739272,4.934934326855618,4.945040225982666,101100.0
2012-03-20,4.951776504516602,4.985462187906365,4.94503956058894,4.951776504516602,121300.0
2012-03-21,4.968618615373463,4.982092822497338,4.945038833219288,4.971987247467041,109200.0
2012-03-22,4.938298780001909,5.002301468631,4.938298780001909,4.998932838439941,98200.0
2012-03-23,4.988831809958347,5.012411600257602,4.975357598180123,4.978725910186768,137200.0
2012-03-26,5.005671217573088,5.015777111053467,4.982091441952902,5.015777111053467,73100.0
2012-03-27,5.009041974752061,5.02251618386116,4.975356612604557,5.002305030822754,69700.0
2012-03-28,5.019149758345839,5.019149758345839,4.8945131889675215,4.992201328277588,107500.0
2012-03-29,4.992199451643198,5.052833557128906,4.978725241674208,5.052833557128906,133200.0
2012-03-30,5.0528320909554285,5.1303086954832136,5.0124094727778346,5.042726516723633,178300.0
2012-04-02,5.048821671629729,5.153793962226148,5.028504662438834,5.069139003753662,94200.0
2012-04-03,5.07930012072547,5.157182567568656,4.991258841128926,4.994645118713379,100200.0
2012-04-04,5.042048579431738,5.042048579431738,4.7982422503613,4.906600475311279,195800.0
2012-04-05,4.899829925069264,4.9607812860025176,4.882898865891602,4.954009056091309,80700.0
2012-04-09,4.950622557153406,5.004801685740261,4.913374486983215,4.967553615570068,72500.0
2012-04-10,4.981099566089554,4.981099566089554,4.859196498175401,4.8930583000183105,64600.0
2012-04-11,4.899828688897911,4.909987192668394,4.87951135842393,4.896442413330078,84600.0
2012-04-12,4.923531972006711,4.9777110893599765,4.855808075315129,4.896442413330078,128800.0
2012-04-13,4.916761916534818,4.933692655989695,4.865968729370721,4.8930583000183105,56600.0
2012-04-16,4.923531751540646,4.943849081104857,4.8761248645128195,4.909986972808838,81900.0
2012-04-17,4.9032151539659985,4.974325333657112,4.9032151539659985,4.957394599914551,74800.0
2012-04-18,4.967553583896089,4.974325813459726,4.926919237715041,4.940464019775391,66800.0
2012-04-19,4.9438512813546955,4.970940850874463,4.9336924505849264,4.950623512268066,75300.0
2012-04-20,4.9438471908945845,4.977708963311034,4.899826596113614,4.903212547302246,96800.0
2012-04-23,4.916757643788276,4.916757643788276,4.855806001332642,4.903212547302246,124500.0
2012-04-24,4.943850296023747,4.9506225255873835,4.920146685218327,4.940464019775391,46200.0
2012-04-25,4.957396066114579,4.977713081787834,4.9336924505849264,4.950623512268066,57600.0
2012-04-26,4.981097885500573,4.99125639033272,4.943849819160675,4.957394599914551,88700.0
2012-04-27,4.974324445235394,4.974324445235394,4.943848936181927,4.960779666900635,52100.0
2012-04-30,4.977713081787834,4.994644143470974,4.950623512268066,4.950623512268066,80000.0
2012-05-01,4.943133718319766,4.987390138063545,4.943133718319766,4.977177143096924,74600.0
2012-05-02,4.98057968121856,4.994197110862874,4.9431318308629795,4.953344821929932,63000.0
2012-05-03,4.970366776130149,4.987388319981135,4.9465360303415205,4.9669623374938965,54000.0
2012-05-04,4.963559150695801,4.973772144515196,4.943133163057011,4.963559150695801,46800.0
2012-05-07,4.943134367669898,4.980582237243652,4.9090906137553585,4.980582237243652,66000.0
2012-05-08,4.953344821929932,4.9669622515742455,4.922705524063942,4.953344821929932,42000.0
2012-05-09,4.909088381844526,4.977175534052568,4.909088381844526,4.973771095275879,31000.0
2012-05-10,4.997603457695424,4.997603457695424,4.966964148130302,4.977177143096924,52300.0
2012-05-11,5.004410394935785,5.05547600259068,4.96015366483427,4.973771095275879,92000.0
2012-05-14,5.014625007751374,5.018029447628667,4.963559708253009,4.977177143096924,58400.0
2012-05-15,5.0282430876466995,5.045264638787218,4.949942588806152,4.949942588806152,63000.0
2012-05-16,5.004410394935785,5.007814833712475,4.96015366483427,4.973771095275879,76800.0
2012-05-17,4.994198422150079,5.004411415898577,4.793341038660063,4.800149917602539,99000.0
2012-05-18,4.837599825028785,4.8716435848178135,4.738873311239028,4.7933430671691895,80300.0
2012-05-21,4.783128625626167,4.817172050476074,4.680997701745932,4.817172050476074,81600.0
2012-05-22,4.841002243128232,4.84781079744187,4.776319191489958,4.803554058074951,46100.0
2012-05-23,4.759298987820363,4.847812497596375,4.759298987820363,4.820577621459961,76000.0
2012-05-24,4.8580241070968375,4.892067527933709,4.793341055575911,4.88185453414917,85800.0
2012-05-25,4.902276968713791,4.922703266143799,4.861424698518757,4.922703266143799,45800.0
2012-05-29,4.946536149503998,4.960153579711914,4.87504455974615,4.960153579711914,40000.0
2012-05-30,4.9567509505864775,4.960155065659391,4.902280888771697,4.915898323059082,74600.0
2012-05-31,4.922704818529621,4.936322246222252,4.8750436592728725,4.892065525054932,61800.0
2012-06-01,4.881792799530789,4.8886394638709385,4.765396567405828,4.847558498382568,43600.0
2012-06-04,4.864677947075694,4.864677947075694,4.6900835164082215,4.7208943367004395,90600.0
2012-06-05,4.734590245700604,4.738013744354248,4.710626408090693,4.738013744354248,74300.0
2012-06-06,4.734590475695236,4.789365150883164,4.734590475695236,4.775671482086182,102000.0
2012-06-07,4.803058586359491,4.80990558366678,4.707202909437048,4.738013744354248,97000.0
2012-06-08,4.748284144492218,4.792788649703113,4.717473308078304,4.775671482086182,73000.0
2012-06-11,4.823599341041439,4.8304460119926,4.779094837169071,4.792788505554199,75100.0
2012-06-12,4.820177364086135,4.840718036390056,4.796213518467319,4.81675386428833,67800.0
2012-06-13,4.827022786369439,4.837292955923991,4.792788452543862,4.833869457244873,69600.0
2012-06-14,4.8612583822110675,4.8612583822110675,4.796213518467319,4.81675386428833,125400.0
2012-06-15,4.8509859523591095,4.868103116901393,4.772247126057707,4.830445289611816,91000.0
2012-06-18,4.8338679862246385,4.874948978424072,4.82017432215816,4.874948978424072,72200.0
2012-06-19,4.854410207794527,4.919455051422119,4.850986709055493,4.919455051422119,71600.0
2012-06-20,4.950267177444329,4.963960849487046,4.916032834096088,4.936573505401611,81900.0
2012-06-21,4.9639590246485,4.981076190030049,4.89891418797794,4.960535526275635,48500.0
2012-06-22,5.0324275041606885,5.0324275041606885,4.929724835405821,4.943418502807617,55500.0
2012-06-25,5.032425274378179,5.032425274378179,4.898912157988759,4.946839809417725,100400.0
2012-06-26,4.93314922194822,5.0324284101042975,4.9297257228607725,5.015311241149902,76400.0
2012-06-27,5.039274307623007,5.04612097781964,5.011886973870934,5.0324273109436035,54800.0
2012-06-28,5.025580640746971,5.035850809283305,4.991346310315493,5.0324273109436035,40400.0
2012-06-29,5.049544476159341,5.06666164137508,4.991346310315493,5.0324273109436035,78100.0
2012-07-02,5.111946327568695,5.111946327568695,4.970808143354956,5.008674621582031,45900.0
2012-07-03,5.063755087038166,5.0878517090529884,5.005234437894864,5.025888919830322,42500.0
2012-07-05,5.001789695958457,5.025886635311861,4.943269073415724,4.946711540222168,35300.0
2012-07-06,4.977691344876115,4.988018413393775,4.943267345428467,4.943267345428467,51400.0
2012-07-09,4.97425040756944,4.97425040756944,4.939826725836995,4.957038402557373,50300.0
2012-07-10,4.974252569373606,4.974252569373606,4.926059328345121,4.939828872680664,263000.0
2012-07-11,4.957038339588772,5.008674353969049,4.93638419647001,4.998347282409668,85000.0
2012-07-12,4.991464151507811,4.998349087227888,4.926058903626103,4.960482597351074,128400.0
2012-07-13,4.984575376071346,5.032768904112049,4.977690773946417,5.029326438903809,39800.0
2012-07-16,5.07064129427594,5.080968702645856,5.019005565594188,5.05342960357666,111500.0
2012-07-17,5.070638476517623,5.074080944061279,4.998348627851486,5.074080944061279,73800.0
2012-07-18,5.08096676876157,5.094736313055294,5.043100275734956,5.084409236907959,76700.0
2012-07-19,5.094734724385085,5.118831337312196,5.08096518438506,5.115388870239258,100600.0
2012-07-20,5.146370267647289,5.146370267647289,5.084407503595022,5.1119465827941895,83300.0
2012-07-23,5.108504381650449,5.1360434622826565,5.077522833866282,5.122273921966553,48800.0
2012-07-24,5.1222716023134005,5.163580204554848,5.1050596026398996,5.14292573928833,97600.0
2012-07-25,5.142929406296269,5.149814342391397,5.098178634845228,5.139487266540527,94600.0
2012-07-26,5.16013997545386,5.170467376708984,5.111946749430205,5.170467376708984,99400.0
2012-07-27,5.163580715981306,5.2117742541821155,5.111945040138141,5.167023181915283,82600.0
2012-07-30,5.160140256920017,5.198006740337483,5.118831634521484,5.118831634521484,63000.0
2012-07-31,5.156696170034971,5.1670235686097925,5.125714959185444,5.15325403213501,54200.0
2012-08-01,5.189260427911994,5.189260427911994,5.102715055878194,5.1407952308654785,57100.0
2012-08-02,5.241186997769954,5.241186997769954,5.140794395725647,5.185797691345215,51400.0
2012-08-03,5.244644831688188,5.244644831688188,5.192717785886961,5.220412254333496,54600.0
2012-08-06,5.223876220198415,5.248108807177592,5.192719848285623,5.230799674987793,30200.0
2012-08-07,5.24464632339997,5.24464632339997,5.1857954786763685,5.216951847076416,48600.0
2012-08-08,5.25503191480397,5.25503191480397,5.15810091909197,5.168486595153809,95900.0
2012-08-09,5.192719174337374,5.213490196298169,5.123482984708382,5.1477155685424805,63200.0
2012-08-10,5.178875018082158,5.196184158325195,5.158103983761635,5.196184158325195,50600.0
2012-08-13,5.210028393067628,5.216951847076416,5.161562894429308,5.216951847076416,48200.0
2012-08-14,5.216952409756326,5.216952409756326,5.154639996379658,5.158101558685303,80600.0
2012-08-15,5.18925482782879,5.206563949584961,5.165022255456575,5.206563949584961,73500.0
2012-08-16,5.223876220198415,5.241185352388214,5.199643633219238,5.230799674987793,44300.0
2012-08-17,5.241184761467675,5.241184761467675,5.192719262829357,5.216951847076416,33500.0
2012-08-20,5.258496648641429,5.275805789041291,5.230802156059405,5.265420436859131,55200.0
2012-08-21,5.2792649269104,5.331191990855109,5.2446466641844465,5.2792649269104,84700.0
2012-08-22,5.25157218778985,5.275804781635851,5.2273395939438485,5.248110294342041,71900.0
2012-08-23,5.261955936997952,5.261955936997952,5.1927197398290765,5.237723350524902,108600.0
2012-08-24,5.237723459921407,5.261956046900584,5.210028980475423,5.230799674987793,84100.0
2012-08-27,5.237724029433389,5.255033163505257,5.196182305747468,5.213491439819336,49500.0
2012-08-28,5.203106304675231,5.261957168579102,5.203106304675231,5.261957168579102,66100.0
2012-08-29,5.261958014121094,5.327732675003811,5.261958014121094,5.3208088874816895,86500.0
2012-08-30,5.241185102027228,5.32773042869789,5.2307994251229095,5.2792649269104,89900.0
2012-08-31,5.3000388312296245,5.3000388312296245,5.244649514734287,5.2584967613220215,43900.0
2012-09-04,5.275204691124466,5.306542594694632,5.243867119622111,5.303060531616211,51200.0
2012-09-05,5.320473487915408,5.355293474020712,5.296099696882494,5.351811408996582,66400.0
2012-09-06,5.456272375650607,5.466718241221166,5.216015143051209,5.233425140380859,141100.0
2012-09-07,5.264760083278151,5.271724211087573,5.216012184815875,5.257796287536621,80700.0
2012-09-10,5.271725121277702,5.313508899144739,5.240387204860437,5.292616844177246,45100.0
2012-09-11,5.323958396911621,5.341368399264414,5.278692523621631,5.323958396911621,98700.0
2012-09-12,5.369220490579501,5.369220490579501,5.303062594623874,5.316990852355957,86600.0
2012-09-13,5.33788348096806,5.3761852000294965,5.310027624911016,5.351811408996582,87300.0
2012-09-14,5.3692216873168945,5.393595479644793,5.344847894988996,5.3692216873168945,82100.0
2012-09-17,5.3831503074318405,5.42493409910359,5.365740311218264,5.393596172332764,78800.0
2012-09-18,5.397076596517731,5.404040725712309,5.355292817554136,5.383148670196533,77000.0
2012-09-19,5.383149267202881,5.463234769414489,5.383149267202881,5.459753036499023,86100.0
2012-09-20,5.511981697611663,5.532873751709592,5.38314830486692,5.431896209716797,127600.0
2012-09-21,5.5154680465782056,5.5189501136441725,5.414490426142517,5.452792167663574,75600.0
2012-09-24,5.484123112288481,5.484123112288481,5.431893501189031,5.449303150177002,40400.0
2012-09-25,5.45278765309585,5.498053491271553,5.400558018621995,5.4284138679504395,126700.0
2012-09-26,5.518945826333618,5.518945826333618,5.421450016633866,5.431896209716797,64200.0
2012-09-27,5.449306755967846,5.449306755967846,5.411005037955295,5.438860893249512,64500.0
2012-09-28,5.445826003631728,5.498055658695371,5.438861872520284,5.494573593139648,65600.0
2012-10-01,5.514881226799805,5.535890445069281,5.462358682021409,5.490370750427246,80800.0
2012-10-02,5.5148801473279745,5.563901424407959,5.51137855598009,5.563901424407959,97100.0
2012-10-03,5.6059205531584775,5.6059205531584775,5.514881164896308,5.5463948249816895,65700.0
2012-10-04,5.567405323586996,5.60242058582049,5.532390395283792,5.581411361694336,68000.0
2012-10-05,5.630433192625375,5.630433192625375,5.416841007877773,5.423843860626221,234200.0
2012-10-08,5.497371911815768,5.497371911815768,5.4098341414558675,5.430843353271484,55800.0
2012-10-09,5.493874524471005,5.493874524471005,5.374823346191357,5.392330646514893,81800.0
2012-10-10,5.434347813447163,5.434347813447163,5.308293143859507,5.318797588348389,46300.0
2012-10-11,5.346807479858398,5.364314767788218,5.322296675682448,5.346807479858398,65400.0
2012-10-12,5.371320401147014,5.374821993902871,5.3012902156812,5.336305141448975,41800.0
2012-10-15,5.336305239724882,5.346810018185914,5.297788720491913,5.311794757843018,90700.0
2012-10-16,5.339803612184721,5.374818851410419,5.325797583280456,5.364314079284668,108100.0
2012-10-17,5.385323980806159,5.437846512455842,5.301287796594621,5.346807479858398,107300.0
2012-10-18,5.378322174477533,5.406334243047973,5.357313290014801,5.402832984924316,97600.0
2012-10-19,5.406335326914788,5.427344549519665,5.336305141448975,5.336305141448975,125500.0
2012-10-22,5.336304226715553,5.406334400177002,5.329301376334512,5.406334400177002,53000.0
2012-10-23,5.343310368289699,5.451857113747748,5.343310368289699,5.444854259490967,94000.0
2012-10-24,5.4553552716150016,5.497373372480448,5.441349237993186,5.469361305236816,79400.0
2012-10-25,5.507879656179537,5.507879656179537,5.42384342634494,5.486870765686035,79800.0
2012-10-26,5.504380011530801,5.521887648030716,5.420343423117287,5.483370780944824,43900.0
2012-10-31,5.476362863564795,5.511377770261412,5.444849213786781,5.479864120483398,95200.0
2012-11-01,5.489724696290707,5.549587018809495,5.479160855792813,5.503809928894043,36300.0
2012-11-02,5.539024145844335,5.588322639465332,5.52141785281117,5.588322639465332,70800.0
2012-11-05,5.598885245899494,5.605928030212127,5.517895241214848,5.539022922515869,62500.0
2012-11-06,5.528462631988077,5.539026479422201,5.443951180877775,5.458036422729492,102900.0
2012-11-07,5.468598738730083,5.468598738730083,5.352395442040478,5.450992107391357,71200.0
2012-11-08,5.4228233787368465,5.4686005006388765,5.380567651400819,5.408738136291504,49000.0
2012-11-09,5.373523024641934,5.40169349813842,5.274926031585701,5.3383097648620605,131100.0
2012-11-12,5.352392887113165,5.377042293548584,5.334786264178837,5.377042293548584,26200.0
2012-11-13,5.377043995076619,5.3981716806288,5.338309345200108,5.3523945808410645,47800.0
2012-11-14,5.317182258807403,5.320703316250528,5.084775340815402,5.1516804695129395,348700.0
2012-11-15,5.165767517727425,5.190416607563363,4.894626186257461,5.123511791229248,174100.0
2012-11-16,5.155201933638819,5.320703389389746,5.127031458795319,5.28196907043457,138700.0
2012-11-19,5.341828370868516,5.3629560470581055,5.289008844576186,5.3629560470581055,57400.0
2012-11-20,5.377041714627594,5.422818459182516,5.334785689807356,5.369998931884766,79600.0
2012-11-21,5.384088516235352,5.394652363075331,5.355918034116313,5.384088516235352,29800.0
2012-11-23,5.41578049951101,5.422822952270508,5.348875351293245,5.422822952270508,30500.0
2012-11-26,5.412254849565771,5.412254849565771,5.3770419418189075,5.40521240234375,41500.0
2012-11-27,5.405216115689781,5.419301355628664,5.324225734177241,5.387609481811523,70800.0
2012-11-28,5.387610016835733,5.422822952270508,5.334790109955606,5.422822952270508,69100.0
2012-11-29,5.422818688307993,5.436903918570414,5.369999158778507,5.40521240234375,72400.0
2012-11-30,5.4333859610924575,5.4333859610924575,5.31718266121147,5.366480827331543,36600.0
2012-12-03,5.3654185389112925,5.415000087190614,5.3441695451820594,5.383126258850098,59200.0
2012-12-04,5.3583345965384765,5.41499901896706,5.3583345965384765,5.36541748046875,38100.0
2012-12-05,5.347712193728854,5.383127302727373,5.340628969281112,5.37250280380249,56200.0
2012-12-06,5.372500254069997,5.379583137409545,5.319377446910382,5.347709655761719,48500.0
2012-12-07,5.376038827255397,5.376038827255397,5.255626838794367,5.301666736602783,79200.0
2012-12-10,5.3264603056395865,5.368958618720233,5.305210980225978,5.319377422332764,83800.0
2012-12-11,5.361876089108278,5.418540510286994,5.347709983813598,5.39729118347168,127900.0
2012-12-12,5.393747863194678,5.414997183275146,5.365415661585044,5.404372692108154,74900.0
2012-12-13,5.411455154418945,5.432704472853256,5.386664564367631,5.411455154418945,77200.0
2012-12-14,5.425623525124913,5.457497347244548,5.400832924697019,5.443331241607666,120500.0
2012-12-17,5.436248226341991,5.453955604650397,5.3795834674166825,5.39729118347168,60900.0
2012-12-18,5.4468741261631966,5.457498623438665,5.372501969741557,5.41854190826416,67400.0
2012-12-19,5.40083388789444,5.4716644287109375,5.397292276416951,5.4716644287109375,80700.0
2012-12-20,5.443330509147443,5.521244248539442,5.425622795047459,5.478745937347412,68800.0
2012-12-21,5.425621989529623,5.503535717354119,5.400831396118126,5.475203514099121,81500.0
2012-12-24,5.503533110944832,5.503533110944832,5.3654134321787135,5.400828838348389,30200.0
2012-12-26,5.482289531735359,5.482289531735359,5.3972928733549725,5.439791202545166,66800.0
2012-12-27,5.47826201403476,5.47826201403476,5.385651522037017,5.431956768035889,35600.0
2012-12-28,5.421268872621771,5.435516608777837,5.367839607266906,5.39989709854126,39100.0
2012-12-31,5.41414431143698,5.449763818231041,5.34290563754165,5.403458595275879,110200.0
2013-01-02,5.431951133324831,5.556619000130641,5.431951133324831,5.5423712730407715,71800.0
2013-01-03,5.485383574802319,5.5744320116639985,5.449764403873345,5.549498558044434,67300.0
2013-01-04,5.503192813632392,5.6029269584433194,5.503192813632392,5.595803260803223,59700.0
2013-01-07,5.581556906840479,5.617176422932469,5.556623449391815,5.599366664886475,80000.0
2013-01-08,5.570867806986256,5.649230151322704,5.553058059748818,5.620734691619873,95000.0
2013-01-09,5.610050003780981,5.656355219178492,5.556621092003019,5.6421074867248535,98500.0
2013-01-10,5.592239900960368,5.620735364072334,5.517439225368279,5.588677883148193,123400.0
2013-01-11,5.620735482864183,5.645669268383655,5.531687073834111,5.60648775100708,78300.0
2013-01-14,5.638545232608742,5.649230946578388,5.577992287292875,5.60648775100708,70000.0
2013-01-15,5.663477567192877,5.663477567192877,5.58511522720081,5.634982109069824,78100.0
2013-01-16,5.663480077724292,5.663480077724292,5.617175192517598,5.652794361114502,75700.0
2013-01-17,5.642108235519041,5.674165722717433,5.631422519683838,5.631422519683838,92900.0
2013-01-18,5.617170853143491,5.684847458981074,5.6136088371276855,5.6136088371276855,65900.0
2013-01-22,5.645670707993404,5.6919755935668945,5.63498465160616,5.6919755935668945,59700.0
2013-01-23,5.691974417452765,5.727593918664687,5.6492312198141015,5.709784507751465,102400.0
2013-01-24,5.699101663960893,5.7382832053041,5.627862961099968,5.667044162750244,121900.0
2013-01-25,5.6812888804729775,5.713346704319516,5.642107699669874,5.6955366134643555,60500.0
2013-01-28,5.706221907451221,5.713345942843792,5.602925432415161,5.663478374481201,82200.0
2013-01-29,5.681289420043308,5.681289420043308,5.62786050117451,5.631422519683838,93400.0
2013-01-30,5.645669504761447,5.663478915558944,5.613612021817575,5.6421074867248535,72700.0
2013-01-31,5.624294545482558,5.642104285869041,5.570865664015653,5.6136088371276855,90100.0
2013-02-01,5.666263546058323,5.677008919027689,5.612538047525044,5.644773483276367,81800.0
2013-02-04,5.6447732909098205,5.6591001128023475,5.634027918306641,5.6519365310668945,49500.0
2013-02-05,5.687752352421969,5.694915590810616,5.6125364706605465,5.634026527404785,99300.0
2013-02-06,5.662679726594867,5.662679726594867,5.630444304335324,5.655516147613525,46000.0
2013-02-07,5.666265269226441,5.666265269226441,5.576722516721202,5.601794719696045,109900.0
2013-02-08,5.565976093575538,5.6304469686015395,5.565976093575538,5.623283386230469,74000.0
2013-02-11,5.6268634597895355,5.64119027857994,5.601791612300905,5.616118431091309,161300.0
2013-02-12,5.648354893066997,5.648354893066997,5.594629056581207,5.619700908660889,66700.0
2013-02-13,5.60537325658811,5.702079542984631,5.60537325658811,5.687752723693848,93400.0
2013-02-14,5.641192683346989,5.802369890419662,5.641192683346989,5.770134449005127,111200.0
2013-02-15,5.784461589059297,5.820278826159365,5.723572490936273,5.7486443519592285,121900.0
2013-02-19,5.766550119544655,5.766550119544655,5.716406083681568,5.7593865394592285,102400.0
2013-02-20,5.734314692316834,5.802367336815188,5.687752446496462,5.7593865394592285,115700.0
2013-02-21,5.73431647649138,5.788041977535027,5.73431647649138,5.773715496063232,74400.0
2013-02-22,5.827440997106879,5.83102278826403,5.745061849962834,5.773715496063232,98100.0
2013-02-25,5.7987874758734,5.7987874758734,5.7164079853770495,5.719989776611328,53600.0
2013-02-26,5.7020802858854065,5.752223989147008,5.7020802858854065,5.723570346832275,76600.0
2013-02-27,5.71998994403809,5.752225041354898,5.687754505142859,5.741480350494385,123200.0
2013-02-28,5.770134596531321,5.784461080216903,5.716408745607327,5.777297496795654,109100.0
2013-03-01,5.76901079997124,5.8158251907964456,5.7654095873137505,5.805022239685059,63100.0
2013-03-04,5.79062088145939,5.848238945007324,5.79062088145939,5.848238945007324,67000.0
2013-03-05,5.866245252866136,5.902256028872144,5.812227715134075,5.884250640869141,117400.0
2013-03-06,5.923861048708891,5.959871810915715,5.805023747587096,5.89865255355835,165800.0
2013-03-07,5.873444745269069,5.956271284184041,5.841034509793919,5.89865255355835,114800.0
2013-03-08,5.959873060977129,6.064306216492917,5.866244235367574,6.035497188568115,215800.0
2013-03-11,6.067906456438367,6.067906456438367,5.869843820257118,5.8734450340271,193300.0
2013-03-12,5.8734450340271,5.9058552710956445,5.837433583188573,5.8734450340271,124900.0
2013-03-13,5.844635653341155,5.931062717952005,5.844635653341155,5.895051956176758,108100.0
2013-03-14,5.869840749618389,5.902250969732457,5.833830004479145,5.891448020935059,97800.0
2013-03-15,5.920261639573717,5.963474842137516,5.826632118203524,5.866244792938232,144100.0
2013-03-18,5.880644582020223,5.995880618787399,5.8698409460004415,5.934661388397217,128000.0
2013-03-19,5.880650661835732,5.967077778765329,5.833836231071993,5.877049446105957,131100.0
2013-03-20,5.862640018852225,5.920258045196533,5.851836381339773,5.920258045196533,73100.0
2013-03-21,5.898654375797388,5.9778797255940805,5.88425020383711,5.913059234619141,87800.0
2013-03-22,5.956270382134402,5.956270382134402,5.880646281858219,5.909455299377441,73000.0
2013-03-25,5.8986525635986595,5.9418664399261685,5.877045968865536,5.8806471824646,73500.0
2013-03-26,5.923864730647561,6.031898458138197,5.8878532591967865,5.95627498626709,115300.0
2013-03-27,5.959872500508558,5.995883953743382,5.920260520125457,5.977878570556641,83200.0
2013-03-28,5.94907174528285,5.94907174528285,5.833835601806641,5.833835601806641,188600.0
2013-04-01,5.8798141233995205,5.890676097755189,5.814643658405363,5.836367607116699,92400.0
2013-04-02,5.879813743785039,5.887055059554635,5.81102262511364,5.825505256652832,89500.0
2013-04-03,5.771199359225471,5.782061338403811,5.655341010270767,5.69154691696167,187800.0
2013-04-04,5.720510626267587,5.778439791854489,5.7132693079266925,5.763957500457764,86000.0
2013-04-05,5.7675755936335795,5.796540163540692,5.702405138700121,5.745851993560791,52000.0
2013-04-08,5.74585282555141,5.814643602720373,5.74585282555141,5.7820587158203125,66700.0
2013-04-09,5.76757945029861,5.836370608790957,5.76757945029861,5.800164699554443,65000.0
2013-04-10,5.78206178124971,5.858093914895785,5.78206178124971,5.818267345428467,92600.0
2013-04-11,5.829129291029062,5.850852560351054,5.81464665110088,5.843611240386963,54700.0
2013-04-12,5.847229490789594,5.901537986999776,5.796541653069423,5.868952751159668,82800.0
2013-04-15,5.897918559070114,5.897918559070114,5.811024128494113,5.839988708496094,57600.0
2013-04-16,5.868954581813568,5.868954581813568,5.80740543999485,5.832749366760254,67700.0
2013-04-17,5.8001611906940695,5.865331649780273,5.8001611906940695,5.865331649780273,42500.0
2013-04-18,5.890673605345757,5.9558440427655785,5.850847073462615,5.894294261932373,78700.0
2013-04-19,5.92688328941483,5.930503257758101,5.843609515547991,5.919641971588135,64000.0
2013-04-22,5.908775742895625,5.955843584329068,5.847225966800063,5.916017055511475,52300.0
2013-04-23,5.937744156662908,5.973950052671895,5.887056316592343,5.890676975250244,114100.0
2013-04-24,5.948605764270662,5.948605764270662,5.894297268905236,5.901537895202637,103400.0
2013-04-25,5.9015369806883715,5.9015369806883715,5.800161322534286,5.850849151611328,103300.0
2013-04-26,5.879813657114499,5.879813657114499,5.80378191436412,5.858090400695801,44500.0
2013-04-29,5.879811635585909,5.930499446659267,5.811020541579472,5.894294261932373,82500.0
2013-04-30,5.868952751159668,5.8979180190797615,5.829126888909532,5.868952751159668,69100.0
2013-05-01,5.867861901892833,5.915183060889538,5.831460636505004,5.878781795501709,83400.0
2013-05-02,5.875141102209706,5.918822755836779,5.875141102209706,5.882421493530273,64400.0
2013-05-03,5.886063141762863,5.911543823376682,5.824181188859372,5.842381477355957,65000.0
2013-05-06,5.867859840393066,5.911540788075335,5.849658866945333,5.867859840393066,66900.0
2013-05-07,5.871499556306231,5.9151811998880275,5.871499556306231,5.907900810241699,50800.0
2013-05-08,5.933380463667748,5.9406608520673725,5.896979910261729,5.918820381164551,82600.0
2013-05-09,5.933380526300223,5.984342551339494,5.91882044364333,5.947941303253174,66100.0
2013-05-10,5.9625025164477305,6.006184161292912,5.94794243103013,5.995263576507568,55000.0
2013-05-13,5.980703277755618,6.006183947049654,5.9151811599731445,5.9151811599731445,75200.0
2013-05-14,5.89698179015332,5.977064005190344,5.878780813351992,5.922462463378906,77300.0
2013-05-15,5.944303429399317,5.966143909058211,5.904261971444404,5.958864212036133,108800.0
2013-05-16,5.962503256797859,5.998904516306005,5.947943169572367,5.955223560333252,39500.0
2013-05-17,5.9843414671768835,5.99526135361722,5.918819371351133,5.929739952087402,104400.0
2013-05-20,5.944305908067667,5.955226499598969,5.813261934026838,5.8715033531188965,201800.0
2013-05-21,5.8460202312237675,5.904261973195645,5.809619316065427,5.882421493530273,70700.0
2013-05-22,5.8569395109291476,5.922461629596982,5.853299316081359,5.900620460510254,53200.0
2013-05-23,5.849659081663419,5.929741979180683,5.835098996666934,5.907900810241699,74300.0
2013-05-24,5.9224613721439745,5.944301845985109,5.856939256324426,5.867859840393066,87200.0
2013-05-28,5.8969867924404795,5.911546891936288,5.795063318782369,5.802343368530273,57800.0
2013-05-29,5.849660941946594,5.8569413339082,5.722257206952256,5.747737884521484,147100.0
2013-05-30,5.729537702324315,5.784139604885548,5.714977264404297,5.714977264404297,67000.0
2013-05-31,5.744095524502681,5.765936345010963,5.5693703490286826,5.594851016998291,132800.0
2013-06-03,5.593752570186106,5.601074403561471,5.407050357729301,5.429015159606934,214100.0
2013-06-04,5.38142617475598,5.648667251439693,5.330174719675749,5.597415447235107,200300.0
2013-06-05,5.59375439922708,5.6340237977103795,5.5717895901674135,5.612058639526367,96100.0
2013-06-06,5.655986885723271,5.7108995899118735,5.619378765388442,5.699916839599609,114500.0
2013-06-07,5.710900434595286,5.710900434595286,5.666970125097097,5.688935279846191,84100.0
2013-06-10,5.681612992731539,5.696256310790156,5.586431250788403,5.608396053314209,157000.0
2013-06-11,5.586430547727339,5.612056263823823,5.498570650432939,5.579108715057373,124400.0
2013-06-12,5.56446516214878,5.608395108927354,5.509552815956608,5.582769393920898,127000.0
2013-06-13,5.5168775998024095,5.604737895048382,5.5095561121878065,5.575450897216797,134900.0
2013-06-14,5.604736657729432,5.637683868408203,5.564467262803742,5.637683868408203,79000.0
2013-06-17,5.637683906679096,5.637683906679096,5.568128218163765,5.586432456970215,101200.0
2013-06-18,5.615720192599233,5.626702598371274,5.549825059718212,5.5644683837890625,103400.0
2013-06-19,5.553486085248598,5.5937551399398915,5.535181842525503,5.575450897216797,102200.0
2013-06-20,5.560808787001852,5.560808787001852,5.407054022280695,5.443662166595459,139300.0
2013-06-21,5.421693417867767,5.527857552898977,5.421693417867767,5.498570919036865,97300.0
2013-06-24,5.454646620676847,5.5278636350144685,5.388751796547426,5.436342716217041,105700.0
2013-06-25,5.436339879789604,5.5571474016405356,5.410713798492085,5.531521320343018,115000.0
2013-06-26,5.560804482506657,5.674290445021739,5.557143915295872,5.579108715057373,121900.0
2013-06-27,5.630360256878732,5.652325055705928,5.535178530963064,5.582769393920898,163200.0
2013-06-28,5.553483484921996,5.593752520757981,5.535179250769556,5.546161651611328,99200.0
2013-07-01,5.622381370416752,5.662883007739229,5.556105644670124,5.600289344787598,105500.0
2013-07-02,5.611335076218586,5.611335076218586,5.5376955774114185,5.552423477172852,76000.0
2013-07-03,5.519284569699911,5.556104487701071,5.453009208894891,5.54137659072876,49400.0
2013-07-05,5.5597863433244,5.696019473045867,5.489828571947505,5.567150115966797,74100.0
2013-07-08,5.541379140569396,5.592926628121449,5.47510339812713,5.519287109375,67900.0
2013-07-09,5.5450595036870896,5.64447273572069,5.423553896093641,5.615016937255859,84900.0
2013-07-10,5.581877329408424,5.644470969343378,5.581877329408424,5.622379302978516,50600.0
2013-07-11,5.626061182792604,5.696018947717484,5.6150153492773605,5.684972763061523,116100.0
2013-07-12,5.615016511141314,5.707065962143631,5.596606550712693,5.696020126342773,100500.0
2013-07-15,5.70706701995001,5.743886947631836,5.684974993112744,5.743886947631836,70600.0
2013-07-16,5.721794583438682,5.7438866089734075,5.673928820730807,5.714430809020996,54000.0
2013-07-17,5.707066946835257,5.780706450114638,5.707066946835257,5.740204811096191,76100.0
2013-07-18,5.721793725889041,5.773341543650486,5.703383765892756,5.725475788116455,80800.0
2013-07-19,5.692337536399683,5.740203288621052,5.688655474427096,5.699701309204102,67800.0
2013-07-22,5.740204546194147,5.7438866089734075,5.6776108835100665,5.714430809020996,56400.0
2013-07-23,5.721795280247692,5.843300557633693,5.6150179046314825,5.817526817321777,146100.0
2013-07-24,5.84697874015,5.854342510577033,5.777020989819647,5.850660800933838,90000.0
2013-07-25,5.835932888475952,5.891162395477295,5.835932888475952,5.891162395477295,75100.0
2013-07-26,5.835935198195613,5.942712193687081,5.762295358194795,5.810161113739014,98200.0
2013-07-29,5.795432315398118,5.876435916127167,5.780704419914721,5.806478500366211,83100.0
2013-07-30,5.788068522595046,5.8432980426757375,5.721792817585636,5.76965856552124,89700.0
2013-07-31,5.747568709002673,5.799116537973143,5.747568709002673,5.795434474945068,52400.0
2013-08-01,5.794321330658802,5.8868823765357305,5.794321330658802,5.846155643463135,77500.0
2013-08-02,5.790623088975086,5.897993960972859,5.746193799158001,5.831349849700928,75300.0
2013-08-05,5.805427683891413,5.860964158447562,5.783212882213577,5.794320106506348,68600.0
2013-08-06,5.809131816158848,5.842453853369807,5.775810132040301,5.835049152374268,52900.0
2013-08-07,5.801726921566001,5.875775694512531,5.801726921566001,5.809131622314453,114800.0
2013-08-08,5.801727554936854,5.879478863291872,5.746191057437173,5.853561878204346,84700.0
2013-08-09,5.798024507185825,6.057195747167825,5.779512225316767,5.942419528961182,68800.0
2013-08-12,5.938715820035106,5.968335320371595,5.846154440118207,5.935013294219971,65100.0
2013-08-13,5.894289234856698,5.986850309081091,5.857264663929951,5.964635848999023,46900.0
2013-08-14,5.920205524534192,6.0312792242165285,5.920205524534192,5.957230091094971,76700.0
2013-08-15,5.957232139323148,5.9646371964183,5.857265987093932,5.94612455368042,73800.0
2013-08-16,5.886883935715197,5.905396220412155,5.775810933718371,5.7869181632995605,88100.0
2013-08-19,5.768407362460265,5.979446544252636,5.746192897583464,5.920207500457764,123000.0
2013-08-20,5.897992134094238,5.997958270038039,5.835050571409438,5.897992134094238,97900.0
2013-08-21,5.923907915768554,5.997957047189603,5.864668893105657,5.968337535858154,99500.0
2013-08-22,5.957231661446045,5.957231661446045,5.727680206298828,5.727680206298828,195100.0
2013-08-23,5.735082481085275,5.757297288088894,5.664736239576508,5.683248519897461,99500.0
2013-08-26,5.6499273550910045,5.753595646506753,5.575878575508327,5.598093032836914,128100.0
2013-08-27,5.575878906135103,5.635117933313877,5.49812759468985,5.549961566925049,94200.0
2013-08-28,5.516641754449026,5.609202860081343,5.516641754449026,5.561071395874023,91900.0
2013-08-29,5.535150898048933,5.605497496051363,5.512936443063614,5.594389915466309,62700.0
2013-08-30,5.572176558590932,5.62401053249987,5.538854516453778,5.579581260681152,33100.0
2013-09-03,5.639137574472493,5.639137574472493,5.527471765058742,5.546082496643066,55300.0
2013-09-04,5.52002465273143,5.57213560016961,5.486524783305227,5.538635730743408,74600.0
2013-09-05,5.538634522888068,5.579578601603979,5.37113556726171,5.404635429382324,219600.0
2013-09-06,5.404639521895765,5.412083744127993,5.29297334859651,5.326473236083984,154200.0
2013-09-09,5.3488018994483895,5.453023410616695,5.326468895972098,5.412079334259033,201400.0
2013-09-10,5.400916161331652,5.45302677154541,5.400916161331652,5.45302677154541,62000.0
2013-09-11,5.464194799965036,5.542361086925574,5.434417200644544,5.490250110626221,78800.0
2013-09-12,5.471634317677535,5.527467534629593,5.456745530818989,5.516300678253174,52400.0
2013-09-13,5.490247002604911,5.534913376300076,5.47535821137319,5.527469158172607,72900.0
2013-09-16,5.583303579209077,5.583303579209077,5.508859602481666,5.523748397827148,90800.0
2013-09-17,5.4976893196049845,5.5200223197993115,5.47535596443402,5.508855819702148,69400.0
2013-09-18,5.49024706990298,5.546079948962126,5.44930298225806,5.538635730743408,50600.0
2013-09-19,5.5460776050182385,5.5460776050182385,5.486522464531183,5.508855819702148,57000.0
2013-09-20,5.479079366175904,5.508856942488541,5.430690715923691,5.460468292236328,73400.0
2013-09-23,5.434414870248984,5.508858836627018,5.434414870248984,5.475358963012695,63900.0
2013-09-24,5.453024068638575,5.546079089297778,5.441857565552956,5.534912586212158,75500.0
2013-09-25,5.460472079536001,5.467916301289003,5.4232499058401205,5.434416770935059,147000.0
2013-09-26,5.404640753562795,5.453029096541976,5.404640753562795,5.4418625831604,55600.0
2013-09-27,5.415802147697009,5.44557972521888,5.352524706718851,5.382302284240723,118500.0
2013-09-30,5.330195169711608,5.386028433849726,5.32275094747938,5.326473236083984,110600.0
2013-10-01,5.318985691550419,5.371389619836614,5.318985691550419,5.330214977264404,111500.0
2013-10-02,5.285300446994158,5.363906205101998,5.274071154970969,5.348933696746826,74600.0
2013-10-03,5.337701363155295,5.341444577354291,5.270324935463577,5.333958148956299,114400.0
2013-10-04,5.318981170654297,5.3564125671826455,5.3040086834374085,5.318981170654297,50500.0
2013-10-07,5.318985899831211,5.333958400360337,5.2628391120901306,5.270325183868408,86000.0
2013-10-08,5.292783635524616,5.34893041819898,5.2815539934117135,5.322728633880615,150600.0
2013-10-09,5.315241860407601,5.37138899640592,5.277810793381236,5.363902568817139,86900.0
2013-10-10,5.348929444774355,5.427535140396934,5.348929444774355,5.420048713684082,87500.0
2013-10-11,5.4237903331709205,5.442506037480661,5.408817841117602,5.4350199699401855,55000.0
2013-10-14,5.427533545427342,5.449992461993505,5.401331773577127,5.4350199699401855,62300.0
2013-10-15,5.457481110581692,5.457481110581692,5.378875400883086,5.3975911140441895,133200.0
2013-10-16,5.416308012485943,5.4275373000509575,5.378876577972408,5.4088215827941895,106600.0
2013-10-17,5.382615430930146,5.498652141339202,5.382615430930146,5.494909286499023,83100.0
2013-10-18,5.472454113724503,5.4911698286093085,5.446252327069317,5.468710899353027,68800.0
2013-10-21,5.446252680515907,5.479940898100314,5.423793749802105,5.427536964416504,136800.0
2013-10-22,5.427536013092958,5.479939937591553,5.423792799134659,5.479939937591553,121300.0
2013-10-23,5.464967752362948,5.494912751802809,5.457481324016706,5.483683109283447,77100.0
2013-10-24,5.4761950510310085,5.513626108263785,5.468708625401001,5.4911675453186035,60500.0
2013-10-25,5.483681311383474,5.506140232086182,5.468708816572481,5.506140232086182,75800.0
2013-10-28,5.48368556546585,5.502401287741808,5.446254477886644,5.457483768463135,103500.0
2013-10-29,5.468711668879944,5.476198098676344,5.4462530934359865,5.453739166259766,60700.0
2013-10-30,5.457484156452381,5.4836859553178625,5.446254865077566,5.464970588684082,60000.0
2013-10-31,5.461222934012101,5.494911137729521,5.4462504386901855,5.4462504386901855,104700.0
2013-11-01,5.476363003216152,5.483890463205284,5.39732269912637,5.431197166442871,73700.0
2013-11-04,5.423671568252698,5.423671568252698,5.363450427897192,5.386033535003662,81700.0
2013-11-05,5.363448143005371,5.397322609761001,5.344628954924892,5.363448143005371,57900.0
2013-11-06,5.329574856968964,5.367213241468366,5.310755664719264,5.35968542098999,175400.0
2013-11-07,5.374738162932752,5.374738162932752,5.325808429785912,5.3408637046813965,76600.0
2013-11-08,5.3220449448780505,5.3220449448780505,5.2844065777094,5.306989669799805,87300.0
2013-11-11,5.322045684304561,5.412377347324405,5.29946258907654,5.404849529266357,152000.0
2013-11-12,5.38603052744696,5.401085804128978,5.337100788493875,5.36721134185791,99600.0
2013-11-13,5.367211612979684,5.4086135362101,5.33710105809463,5.38979434967041,74400.0
2013-11-14,5.416142304503212,5.480127334594727,5.363448644737791,5.480127334594727,162600.0
2013-11-15,5.472597935158101,5.559166039856054,5.45377875075019,5.536582946777344,195000.0
2013-11-18,5.525291822904436,5.555402375703962,5.502708728831741,5.540347099304199,103100.0
2013-11-19,5.513999229572618,5.540346228339928,5.498943955539604,5.517763137817383,107000.0
2013-11-20,5.506471878120705,5.570456883730308,5.506471878120705,5.510235786437988,75000.0
2013-11-21,5.5102363039739215,5.551638222514455,5.5102363039739215,5.536582946777344,73600.0
2013-11-22,5.521528612556034,5.577985816460605,5.521528612556034,5.529056072235107,59300.0
2013-11-25,5.521528430603612,5.540347617600365,5.4688347788019325,5.483890056610107,89600.0
2013-11-26,5.465074795020566,5.502712834630198,5.44249168409769,5.48765754699707,96700.0
2013-11-27,5.461310883375692,5.491421458641945,5.453783060085943,5.48765754699707,92600.0
2013-11-29,5.4650725606069,5.506474494934082,5.4650725606069,5.506474494934082,31600.0
2013-12-02,5.497013968297003,5.5197134280904026,5.4780978119351165,5.500797271728516,62100.0
2013-12-03,5.470532359218883,5.542413330863614,5.470532359218883,5.508364677429199,73000.0
2013-12-04,5.470533757690373,5.534848498611712,5.4251351807098676,5.440268039703369,104400.0
2013-12-05,5.413783552662279,5.4289164058584385,5.345685532881721,5.360818386077881,134000.0
2013-12-06,5.357035082579921,5.37595123927404,5.319203129987363,5.360818386077881,103500.0
2013-12-09,5.33811761014237,5.391082763671875,5.33811761014237,5.391082763671875,121100.0
2013-12-10,5.4289169387511365,5.4289169387511365,5.375951766967773,5.375951766967773,84100.0
2013-12-11,5.364601289659388,5.421349394715649,5.357034683227539,5.357034683227539,70000.0
2013-12-12,5.34190071520845,5.432697808648739,5.3116350173950195,5.3116350173950195,151800.0
2013-12-13,5.349466859604185,5.349466859604185,5.266236017383559,5.292718410491943,104200.0
2013-12-16,5.292717875677072,5.300284479112338,5.254885940887273,5.277585029602051,122600.0
2013-12-17,5.262456397198529,5.322987829966395,5.262456397198529,5.3154215812683105,96900.0
2013-12-18,5.270022721220409,5.338120398997573,5.258672807594398,5.288938522338867,187100.0
2013-12-19,5.285153891515196,5.341901998347529,5.281370588180863,5.319202899932861,170600.0
2013-12-20,5.29650424621641,5.36081896949841,5.29650424621641,5.3381195068359375,121700.0
2013-12-23,5.322989352209122,5.447835558194707,5.322989352209122,5.413786888122559,168400.0
2013-12-24,5.3646022856289655,5.428917009057478,5.3646022856289655,5.42513370513916,57100.0
2013-12-26,5.4100008502616115,5.44026656001671,5.4100008502616115,5.42513370513916,106900.0
2013-12-27,5.413785184319666,5.455400452952585,5.372169554890959,5.421351432800293,139000.0
2013-12-30,5.402433922294808,5.417566776275635,5.360818664046461,5.417566776275635,118200.0
2013-12-31,5.394869126718449,5.493232884447809,5.387302517295054,5.485666275024414,196600.0
2014-01-02,5.449535001806975,5.502775530436722,5.449535001806975,5.4799580574035645,106600.0
2014-01-03,5.476157371315865,5.502777828081632,5.407705648977734,5.44953727722168,174800.0
2014-01-06,5.422921657562256,5.495176413722883,5.422921657562256,5.422921657562256,179100.0
2014-01-07,5.43052499326293,5.495174130548228,5.43052499326293,5.491371154785156,103000.0
2014-01-08,5.483761417200467,5.529396003817369,5.483761417200467,5.514184474945068,87900.0
2014-01-09,5.514188688552878,5.529400229048913,5.498977148056843,5.506582736968994,94200.0
2014-01-10,5.502778602602463,5.517990138893261,5.476158142089844,5.476158142089844,98900.0
2014-01-13,5.460946605799047,5.510384189412046,5.457143993730072,5.476158142089844,74600.0
2014-01-14,5.498973846435547,5.498973846435547,5.438127720983833,5.498973846435547,88400.0
2014-01-15,5.502779491864662,5.537005544717876,5.491370565799131,5.525596618652344,114700.0
2014-01-16,5.510382752004785,5.5902433873673845,5.510382752004785,5.540805816650391,91200.0
2014-01-17,5.521792196704215,5.57122940943621,5.521792196704215,5.556017875671387,67600.0
2014-01-21,5.54460930043788,5.559820834159965,5.521792181190538,5.533200740814209,116600.0
2014-01-22,5.525596033292094,5.559822082519531,5.5179904460591365,5.559822082519531,56200.0
2014-01-23,5.548410892486572,5.559819449268494,5.51798783262046,5.548410892486572,63000.0
2014-01-24,5.544608790398976,5.571228881295997,5.51418572575337,5.540805816650391,122300.0
2014-01-27,5.5560160886760315,5.567425007333848,5.502775918958707,5.514184474945068,63500.0
2014-01-28,5.506578582264733,5.563622088089436,5.498972999090982,5.529396057128906,76400.0
2014-01-29,5.52559466491097,5.559820705662529,5.441931412708894,5.445734024047852,119900.0
2014-01-30,5.460945639021478,5.491368706217131,5.445734105423653,5.45334005355835,65600.0
2014-01-31,5.426719763801698,5.4571428298950195,5.4229167898721435,5.4571428298950195,65700.0
2014-02-03,5.459057448293174,5.478171868373799,5.417006015777588,5.417006015777588,54500.0
2014-02-04,5.4399403232794485,5.459054733855704,5.409357412188261,5.4552321434021,63700.0
2014-02-05,5.462878563095532,5.462878563095532,5.405535686767401,5.4361186027526855,55900.0
2014-02-06,5.447583198547363,5.462874645574247,5.413177351592662,5.447583198547363,78300.0
2014-02-07,5.455232611340407,5.485815525054932,5.439940789906055,5.485815525054932,77100.0
2014-02-10,5.497282895833091,5.497282895833091,5.455231489269326,5.478168487548828,93000.0
2014-02-11,5.459054733855704,5.481992099462624,5.4437632783101115,5.4552321434021,97000.0
2014-02-12,5.462878563095532,5.470524474380412,5.432295647110246,5.4361186027526855,57000.0
2014-02-13,5.428473872983541,5.466702708574271,5.424650916509028,5.451411247253418,47700.0
2014-02-14,5.462877688886367,5.481992099462624,5.451409188371437,5.4552321434021,62400.0
2014-02-18,5.474346470306683,5.539335250854492,5.443763557646194,5.539335250854492,165500.0
2014-02-19,5.5125742821350245,5.56227159723558,5.5125742821350245,5.531688690185547,73500.0
2014-02-20,5.527866127307385,5.546980536712157,5.512574672698975,5.512574672698975,88400.0
2014-02-21,5.504929087967552,5.531689408544249,5.49728354250068,5.516397953033447,67200.0
2014-02-24,5.512574020718459,5.535511017629763,5.504928112030029,5.504928112030029,49500.0
2014-02-25,5.48963763245675,5.531689408544249,5.48963763245675,5.516397953033447,68300.0
2014-02-26,5.501104828623391,5.501104828623391,5.455230476008129,5.470521926879883,90200.0
2014-02-27,5.46670064391703,5.481992099462624,5.436117732825843,5.4552321434021,148600.0
2014-02-28,5.436118268536262,5.489638185931511,5.436118268536262,5.462878227233887,89600.0
2014-03-03,5.430210223733817,5.457111359998086,5.4225239753723145,5.4225239753723145,82600.0
2014-03-04,5.434055901418166,5.472486061782815,5.430212775431501,5.460957050323486,71700.0
2014-03-05,5.4571135610640855,5.464799812525752,5.445584550372228,5.453270435333252,71000.0
2014-03-06,5.453272066138959,5.480173587799072,5.430214037859722,5.480173587799072,98800.0
2014-03-07,5.4724863146408005,5.4724863146408005,5.4417420383282655,5.4686431884765625,77400.0
2014-03-10,5.46095243380717,5.480167680995867,5.4571093110693605,5.476324558258057,51600.0
2014-03-11,5.468641463670928,5.472484588623047,5.434054438603562,5.472484588623047,74100.0
2014-03-12,5.460955437168308,5.468641320370577,5.4340542962095295,5.4571123123168945,73000.0
2014-03-13,5.453270435333252,5.484015074679275,5.449427676103061,5.453270435333252,70800.0
2014-03-14,5.4532710503202955,5.4686431884765625,5.449428290656741,5.4686431884765625,79900.0
2014-03-17,5.487856721930955,5.487856721930955,5.468641463670928,5.472484588623047,59000.0
2014-03-18,5.468641606168477,5.495543115033719,5.468641606168477,5.487856864929199,79400.0
2014-03-19,5.484014459098196,5.530130863189697,5.484014459098196,5.530130863189697,71600.0
2014-03-20,5.503225544001319,5.526283913339467,5.484010663803268,5.495539665222168,91800.0
2014-03-21,5.48785341994267,5.518597668059969,5.48785341994267,5.495539665222168,67700.0
2014-03-24,5.487855580612935,5.541658219251476,5.487855580612935,5.503227710723877,110400.0
2014-03-25,5.50322894986604,5.533973217010498,5.495543066330212,5.533973217010498,94200.0
2014-03-26,5.5262877378902555,5.541659872587422,5.51475872849253,5.530130863189697,55900.0
2014-03-27,5.522446767994513,5.545505162290225,5.510917754097029,5.537818908691406,78700.0
2014-03-28,5.533973541096037,5.568560935284234,5.533973541096037,5.553188800811768,78000.0
2014-03-31,5.557031926055033,5.568560935284234,5.537816666339302,5.553188800811768,94800.0
2014-04-01,5.5690239524121905,5.5690239524121905,5.53812787134749,5.545851707458496,75100.0
2014-04-02,5.5226805608530185,5.569024688576255,5.5226805608530185,5.526542663574219,43300.0
2014-04-03,5.5226782349618615,5.53040206884096,5.495643895609436,5.499505996704102,47400.0
2014-04-04,5.495643895609436,5.526540336056527,5.491782162825003,5.499505996704102,32700.0
2014-04-07,5.484060287475586,5.507232535565133,5.484060287475586,5.484060287475586,32300.0
2014-04-08,5.476339540978636,5.4956493289222585,5.472477436065674,5.472477436065674,42800.0
2014-04-09,5.472472865236985,5.484058801988239,5.445438890047297,5.468610763549805,55300.0
2014-04-10,5.453161741843984,5.472471878487761,5.445437908172607,5.445437908172607,35000.0
2014-04-11,5.449299499245206,5.449299499245206,5.418403428742131,5.422265529632568,54300.0
2014-04-14,5.4299890573507055,5.437712889862554,5.4106789236058335,5.426126956939697,53700.0
2014-04-15,5.4261281917754705,5.437714127334963,5.383645814206911,5.387507915496826,75500.0
2014-04-16,5.383646820835537,5.418405002323315,5.383646820835537,5.402956962585449,81600.0
2014-04-17,5.391370630536449,5.410680770874023,5.375922591928449,5.410680770874023,117700.0
2014-04-21,5.387508842574643,5.414543187945841,5.345026826006067,5.364336967468262,235500.0
2014-04-22,5.368200429785417,5.39909651874999,5.368200429785417,5.3913726806640625,76900.0
2014-04-23,5.379784081227248,5.414542256215977,5.372059878647418,5.387507915496826,278100.0
2014-04-24,5.3913726018217325,5.3913726018217325,5.379786660707056,5.38364839553833,66300.0
2014-04-25,5.360474444101278,5.383646317386009,5.360474444101278,5.37978458404541,52700.0
2014-04-28,5.387507915496826,5.3990938510563184,5.383645814206911,5.387507915496826,37900.0
2014-04-29,5.387510577465883,5.40682072514635,5.387510577465883,5.3913726806640625,76200.0
2014-04-30,5.387511653402576,5.429994060445825,5.383649549433098,5.414546012878418,90900.0
2014-05-01,5.3994035720825195,5.43433866559091,5.395521812762711,5.3994035720825195,109200.0
2014-05-02,5.387759960924563,5.407168392009489,5.356706619262695,5.356706619262695,196500.0
2014-05-05,5.345063401130007,5.387761666888664,5.345063401130007,5.376116752624512,89400.0
2014-05-06,5.360587934988854,5.387759514143522,5.360587934988854,5.383877754211426,89900.0
2014-05-07,5.37223284460014,5.399404423754808,5.37223284460014,5.383877754211426,103000.0
2014-05-08,5.379998589416982,5.379998589416982,5.356708758960148,5.364471912384033,118000.0
2014-05-09,5.356708146063141,5.383879735215624,5.356708146063141,5.37223482131958,101300.0
2014-05-12,5.37999599427933,5.387759514143522,5.356706175056758,5.383877754211426,118700.0
2014-05-13,5.379994458441532,5.383876217265494,5.356704645867549,5.368349552154541,101800.0
2014-05-14,5.368351084668045,5.391641274075618,5.360587934988854,5.383877754211426,146600.0
2014-05-15,5.3994064104720625,5.3994064104720625,5.356708146063141,5.37223482131958,119700.0
2014-05-16,5.395524598235914,5.411051273345947,5.3722347706634315,5.411051273345947,141700.0
2014-05-19,5.411048547682936,5.414930307051402,5.3799952131051105,5.387758731842041,78400.0
2014-05-20,5.403286183686904,5.403286183686904,5.360587934988854,5.383877754211426,100300.0
2014-05-21,5.38775985664243,5.40328652717284,5.379996336284712,5.391641616821289,85600.0
2014-05-22,5.379994974178218,5.407166918365814,5.368350066774924,5.395521640777588,127200.0
2014-05-23,5.4071686234841225,5.41881353455957,5.395523342223626,5.414931774139404,99900.0
2014-05-27,5.411051612821163,5.4188151359558105,5.395524936737027,5.4188151359558105,94400.0
2014-05-28,5.422694683074951,5.438221352818512,5.4110494031285254,5.422694683074951,85200.0
2014-05-29,5.426574879207896,5.442101915721038,5.418811731136252,5.430456638336182,82600.0
2014-05-30,5.4188123782957325,5.442102565662026,5.414930618703855,5.4343390464782715,130700.0
2014-06-02,5.462040265213334,5.462040265213334,5.426927089691162,5.426927089691162,87500.0
2014-06-03,5.423026386488872,5.438632203362301,5.391814752742015,5.411322116851807,135300.0
2014-06-04,5.411321398122161,5.415222944840322,5.395715583321491,5.4035186767578125,101300.0
2014-06-05,5.380107815964882,5.395713625101872,5.376206270662675,5.38400936126709,90500.0
2014-06-06,5.376210965140037,5.399619885321979,5.376210965140037,5.38791561126709,83000.0
2014-06-09,5.3957148092484575,5.41522216796875,5.3879120890034935,5.41522216796875,148300.0
2014-06-10,5.3957126788573815,5.423022747039795,5.3957126788573815,5.423022747039795,72700.0
2014-06-11,5.423024525849778,5.442531883266597,5.415221806126187,5.430827617645264,75700.0
2014-06-12,5.411320912566939,5.446434085735753,5.411320912566939,5.442532539367676,87700.0
2014-06-13,5.434728917929274,5.462038993835449,5.4269258264864355,5.462038993835449,94300.0
2014-06-16,5.469841307958443,5.469841307958443,5.430826600432395,5.434728145599365,107400.0
2014-06-17,5.434730026180969,5.497153282165527,5.423025386629898,5.497153282165527,153900.0
2014-06-18,5.481548720383448,5.497154537944607,5.462041355413991,5.485450267791748,101200.0
2014-06-19,5.501053925200229,5.516659736633301,5.477645022014674,5.516659736633301,102600.0
2014-06-20,5.512759338799856,5.5166608854886015,5.497153524116842,5.504956245422363,101700.0
2014-06-23,5.4932525631837885,5.528365742982744,5.489351016079013,5.520562648773193,90900.0
2014-06-24,5.508858379530879,5.543971559329833,5.508858379530879,5.520562648773193,125300.0
2014-06-25,5.528366329159156,5.559577965162727,5.524464781640697,5.536169052124023,124800.0
2014-06-26,5.536168619433349,5.559577530642481,5.524464349864794,5.555675983428955,91100.0
2014-06-27,5.555674488382289,5.571280300964804,5.55177294221868,5.559576034545898,75900.0
2014-06-30,5.567379716814624,5.579083984473761,5.5595766236605595,5.5751824378967285,49100.0
2014-07-01,5.578317141846405,5.597917769396956,5.539116260596179,5.543036460876465,71100.0
2014-07-02,5.5234363073332124,5.546956763331639,5.503835678100586,5.503835678100586,75300.0
2014-07-03,5.503836395336701,5.515596624868456,5.484235763549805,5.484235763549805,38000.0
2014-07-07,5.484235763549805,5.523437027123597,5.47639573514562,5.484235763549805,65700.0
2014-07-08,5.480314848251252,5.511676079333999,5.472474820868746,5.503835678100586,69200.0
2014-07-09,5.503834349637767,5.503834349637767,5.468553300305023,5.476393699645996,80600.0
2014-07-10,5.480313525465665,5.488153924806638,5.464633100634536,5.476393699645996,61500.0
2014-07-11,5.488156087703112,5.495996490134009,5.468555455476837,5.480315685272217,45700.0
2014-07-14,5.492074844523802,5.507755271410736,5.484234444154901,5.495995044708252,31500.0
2014-07-15,5.503834368995798,5.511674768364347,5.468553319538962,5.499914169311523,98800.0
2014-07-16,5.503836513644057,5.503836513644057,5.468555450439453,5.468555450439453,71800.0
2014-07-17,5.47639573379473,5.488155963323584,5.417593838448546,5.433274269104004,111300.0
2014-07-18,5.429352303349687,5.480313402519474,5.429352303349687,5.4528727531433105,105700.0
2014-07-21,5.464637279510498,5.495998527005908,5.456797248024973,5.464637279510498,93700.0
2014-07-22,5.456797248024973,5.480317716332651,5.456797248024973,5.464637279510498,69400.0
2014-07-23,5.468556987422828,5.492077827453613,5.456796754332971,5.492077827453613,53400.0
2014-07-24,5.4999160710959,5.519516702444045,5.472475411519066,5.488155841827393,88500.0
2014-07-25,5.472473499975509,5.519514774468896,5.472473499975509,5.476393699645996,48900.0
2014-07-28,5.495994200849636,5.495994200849636,5.4528727531433105,5.4528727531433105,74300.0
2014-07-29,5.456795103358724,5.492076165804946,5.452874902231153,5.484235763549805,69200.0
2014-07-30,5.476397531160291,5.480317359722434,5.437196254730225,5.437196254730225,85600.0
2014-07-31,5.445036303874536,5.445036303874536,5.413675434319478,5.421515464782715,80900.0
2014-08-01,5.456181340173174,5.456181340173174,5.420725951029662,5.436483860015869,40000.0
2014-08-04,5.456182352932662,5.456182352932662,5.357695309563468,5.393150329589844,92700.0
2014-08-05,5.397087113886653,5.397087113886653,5.330115928930482,5.345873832702637,109700.0
2014-08-06,5.310419460243445,5.349814414978027,5.310419460243445,5.349814414978027,106200.0
2014-08-07,5.365572321732235,5.3813302284864415,5.3261777426957835,5.349814414978027,140100.0
2014-08-08,5.369511472263335,5.37345104256821,5.341935231525425,5.353753566741943,72500.0
2014-08-11,5.404966354370117,5.408905548613036,5.385268880363249,5.404966354370117,118100.0
2014-08-12,5.424664439158971,5.424664439158971,5.389209057094177,5.420724868774414,84200.0
2014-08-13,5.40102795390915,5.420725432181097,5.369512138953295,5.3734517097473145,111100.0
2014-08-14,5.3773927670581125,5.4325456501796205,5.3773927670581125,5.424666881561279,86500.0
2014-08-15,5.42860221862793,5.432541787985455,5.4089047475383145,5.42860221862793,79500.0
2014-08-18,5.428606337338654,5.464061737060547,5.404969654656257,5.464061737060547,153800.0
2014-08-19,5.487696054362139,5.487696054362139,5.448301101971346,5.479816913604736,85500.0
2014-08-20,5.4837597683401835,5.4876993410783905,5.452243937831198,5.4758806228637695,83800.0
2014-08-21,5.4916379920894425,5.49951713678244,5.452243395719348,5.464061737060547,96300.0
2014-08-22,5.464062680725267,5.475881024107539,5.424668077551573,5.456183910369873,76100.0
2014-08-25,5.456181340173174,5.467999677988282,5.412846808687466,5.436483860015869,65000.0
2014-08-26,5.436484463684198,5.4601211419390365,5.4286053204671,5.452242374420166,78300.0
2014-08-27,5.456180832603438,5.507393750270809,5.440422925083135,5.487696647644043,101800.0
2014-08-28,5.464059598514513,5.487696647644043,5.464059598514513,5.487696647644043,79700.0
2014-08-29,5.475877327909319,5.483756468644683,5.460119422136701,5.471938133239746,63900.0
2014-09-02,5.463229282961112,5.490941194357951,5.4592703306054275,5.4751057624816895,58900.0
2014-09-03,5.471146810126005,5.486982242002267,5.443434898729166,5.4751057624816895,45500.0
2014-09-04,5.463228436545618,5.502816821329625,5.459269484803292,5.486981391906738,66300.0
2014-09-05,5.471146602216234,5.479064506626714,5.439475739667238,5.451352596282959,80600.0
2014-09-08,5.443434691872478,5.451352596282959,5.4355167874619985,5.451352596282959,66700.0
2014-09-09,5.439474832129434,5.455310260761903,5.4157218779539305,5.435515880584717,46400.0
2014-09-10,5.419681298996205,5.439475682267062,5.403845867888811,5.423640251159668,57600.0
2014-09-11,5.431558382413094,5.451352766510946,5.4196815254264985,5.4275994300842285,110600.0
2014-09-12,5.435516853157375,5.435516853157375,5.403845990225595,5.415722846984863,49900.0
2014-09-15,5.39988751887512,5.431558382413094,5.388010661888525,5.4275994300842285,93900.0
2014-09-16,5.423640477755363,5.4275994300842285,5.39196961421739,5.4275994300842285,84400.0
2014-09-17,5.419684410095215,5.435519850292736,5.407807924333742,5.419684410095215,36300.0
2014-09-18,5.419682703115686,5.4315595626831055,5.415724127473101,5.4315595626831055,38600.0
2014-09-19,5.427600785525504,5.427600785525504,5.4038474431668355,5.407806396484375,44600.0
2014-09-22,5.419681421691485,5.419681421691485,5.399887415518973,5.415722846984863,61700.0
2014-09-23,5.399887415518973,5.427599326197663,5.395928463265884,5.415722846984863,112600.0
2014-09-24,5.419684410095215,5.427602318967313,5.399890393008319,5.419684410095215,65700.0
2014-09-25,5.423640251159668,5.439475682267062,5.39196938894488,5.423640251159668,149900.0
2014-09-26,5.411762063367117,5.411762063367117,5.372173309326172,5.372173309326172,85800.0
2014-09-29,5.376136357080368,5.376136357080368,5.332588996487488,5.348424434661865,57100.0
2014-09-30,5.356344891516238,5.368221759796143,5.316756463223722,5.368221759796143,109700.0
2014-10-01,5.375378183328609,5.387314519922763,5.359462941386638,5.363441467285156,99800.0
2014-10-02,5.3634435357913555,5.379359163320767,5.323655605316162,5.323655605316162,113400.0
2014-10-03,5.3435495443414505,5.375380039215088,5.315697576739946,5.375380039215088,87400.0
2014-10-06,5.4032311733607985,5.4032311733607985,5.355485435062178,5.383337020874023,86900.0
2014-10-07,5.363443319050401,5.3833374732087815,5.355485885056707,5.375380039215088,76900.0
2014-10-08,5.355485435062178,5.383337020874023,5.343549095349872,5.383337020874023,74600.0
2014-10-09,5.371398314848219,5.371398314848219,5.315694788314737,5.3355889320373535,64900.0
2014-10-10,5.319678165218493,5.343551233645639,5.299784004770795,5.303762912750244,44900.0
2014-10-13,5.275907915341917,5.2958020629673515,5.200310230255127,5.200310230255127,138400.0
2014-10-14,5.212249635461397,5.236122321368218,5.16848241221639,5.204291820526123,142100.0
2014-10-15,5.116755635803822,5.136649785458876,5.0690099043013,5.104819297790527,229100.0
2014-10-16,5.0650301845730485,5.1883735890546685,5.0650301845730485,5.1684794425964355,102700.0
2014-10-17,5.180416462078997,5.22418328329551,5.1724586512491015,5.200310230255127,85600.0
2014-10-20,5.200311153472506,5.256014700822978,5.192353720679223,5.248056888580322,125800.0
2014-10-21,5.248056086132913,5.275908045274167,5.232140843530474,5.263971328735352,72400.0
2014-10-22,5.248055606322913,5.279886468066929,5.236119270324707,5.236119270324707,111000.0
2014-10-23,5.252033710479736,5.271927853742193,5.252033710479736,5.252033710479736,41600.0
2014-10-24,5.2679508349391195,5.287844985322975,5.252035590521906,5.271929740905762,72400.0
2014-10-27,5.259994055023726,5.283866734886573,5.244078808632026,5.267951488494873,57500.0
2014-10-28,5.267953359005036,5.287847518920898,5.2599959227084145,5.287847518920898,84800.0
2014-10-29,5.291821997004649,5.291821997004649,5.240097376301951,5.252033710479736,51700.0
2014-10-30,5.2321395672172795,5.291821997004649,4.802427742324797,5.252033710479736,85600.0
2014-10-31,5.287844985322975,5.287844985322975,5.252035590521906,5.271929740905762,69300.0
2014-11-03,5.2831264810957395,5.2831264810957395,5.259130280880867,5.263129711151123,76400.0
2014-11-04,5.251134316641869,5.259132799606384,5.239136401491673,5.243135452270508,50100.0
2014-11-05,5.239137513185719,5.247135997847435,5.211141863352398,5.215141296386719,110700.0
2014-11-06,5.227137501280665,5.227137501280665,5.1871443282629945,5.211140155792236,97900.0
2014-11-07,5.195139297627459,5.2111366322993415,5.191139868607852,5.207137584686279,58600.0
2014-11-10,5.199140957257951,5.207139818728952,5.183143615722656,5.183143615722656,81100.0
2014-11-11,5.167146619415289,5.203140735626221,5.167146619415289,5.203140735626221,245700.0
2014-11-12,5.199143056543701,5.231137752532959,5.1831457085490715,5.231137752532959,118700.0
2014-11-13,5.219137261492316,5.247132511316876,5.219137261492316,5.235134601593018,138400.0
2014-11-14,5.22713648169315,5.247133255004883,5.215138570268801,5.247133255004883,149400.0
2014-11-17,5.231138647117077,5.243136564813113,5.215141296386719,5.215141296386719,96500.0
2014-11-18,5.215141296386719,5.231138647117077,5.207142811725004,5.215141296386719,133800.0
2014-11-19,5.219139019239852,5.227137501280665,5.183144896539187,5.211140155792236,191300.0
2014-11-20,5.207140219535217,5.231136042981823,5.191142495361832,5.227136611938477,124400.0
2014-11-21,5.231135101336045,5.243133010899629,5.199140421562043,5.219137191772461,311100.0
2014-11-24,5.2191381312585206,5.227136611938477,5.2151387002151735,5.227136611938477,118600.0
2014-11-25,5.239136617233704,5.247135100527588,5.223139269239075,5.231137752532959,93800.0
2014-11-26,5.239138603210449,5.251136523402703,5.231139735477608,5.239138603210449,78600.0
2014-11-28,5.247134884456188,5.251134316641869,5.227138104934633,5.243135452270508,50000.0
2014-12-01,5.242332458496094,5.250373029755756,5.242332458496094,5.242332458496094,54900.0
2014-12-02,5.242327919703005,5.246348201852087,5.222226892352802,5.234287738800049,124900.0
2014-12-03,5.230268830438712,5.2624303292885255,5.230268830438712,5.254389762878418,153200.0
2014-12-04,5.2423291589381495,5.270470373843616,5.238308875838713,5.262430191040039,142200.0
2014-12-05,5.2543899255689785,5.266450775557577,5.246349742305233,5.250370025634766,142100.0
2014-12-08,5.230268586043297,5.246349334716797,5.2262483030261,5.246349334716797,176900.0
2014-12-09,5.218209764967629,5.342835903167725,5.218209764967629,5.342835903167725,441300.0
2014-12-10,5.314692197942968,5.326752662658691,5.254389107573826,5.326752662658691,257400.0
2014-12-11,5.318713828381687,5.342835149059382,5.310673643752712,5.314693927764893,186600.0
2014-12-12,5.250373217001781,5.266453976699061,5.161928846968967,5.194090366363525,154400.0
2014-12-15,5.2262496541999335,5.2262496541999335,5.125744853157627,5.145845890045166,134100.0
2014-12-16,5.117705143564481,5.145846753286085,5.085543632507324,5.085543632507324,108200.0
2014-12-17,5.077500927304672,5.194086442893343,5.077500927304672,5.178005695343018,153600.0
2014-12-18,5.206148895994332,5.2141894645379105,5.157906634919093,5.17398738861084,192000.0
2014-12-19,5.165946795318012,5.234290088957205,5.165946795318012,5.214189052581787,169500.0
2014-12-22,5.2262496541999335,5.238310122974301,5.145845890045166,5.145845890045166,203300.0
2014-12-23,5.1458440235042495,5.254388969892063,5.1458440235042495,5.165945053100586,283300.0
2014-12-24,5.169966937087109,5.2423305180566615,5.165947036340777,5.222229480743408,169200.0
2014-12-26,5.210169862893002,5.230270903490139,5.190068822295865,5.206149578094482,80000.0
2014-12-29,5.186049389986178,5.226251477788917,5.169968631544187,5.190069675445557,211800.0
2014-12-30,5.186047990144723,5.190068274518929,5.105644219637716,5.149866580963135,332300.0
2014-12-31,5.145845861167452,5.242330377611715,5.141825577133427,5.230269908905029,295900.0
2015-01-02,5.231078375102789,5.251291275024414,5.206823203620038,5.251291275024414,62800.0
2015-01-05,5.231079735135582,5.235122393276761,5.206824557346708,5.222994804382324,66100.0
2015-01-06,5.210865485715908,5.218950413785334,5.158312103913229,5.174482345581055,81000.0
2015-01-07,5.202780246734619,5.222993145491534,5.186610004834883,5.202780246734619,51500.0
2015-01-08,5.1987394300732745,5.227037652561258,5.1946971573142315,5.210867404937744,65900.0
2015-01-09,5.22703756008369,5.247250080108643,5.210867312746264,5.247250080108643,70600.0
2015-01-12,5.247247634113032,5.255332946777344,5.231077394313336,5.255332946777344,76900.0
2015-01-13,5.255332946777344,5.2593756031095,5.218949810845795,5.255332946777344,64900.0
2015-01-14,5.162353906241745,5.24320510119842,5.162353906241745,5.239162445068359,114900.0
2015-01-15,5.255335298453557,5.255335298453557,5.206824557346708,5.222994804382324,66600.0
2015-01-16,5.239163689283038,5.251291275024414,5.231078375102789,5.251291275024414,70700.0
2015-01-20,5.263417793135113,5.263417793135113,5.210864422059775,5.214906692504883,119100.0
2015-01-21,5.23916505141794,5.23916505141794,5.214909488099966,5.222994804382324,96900.0
2015-01-22,5.239162445068359,5.259375340189755,5.222992206077024,5.239162445068359,99600.0
2015-01-23,5.23511809207401,5.263416290283203,5.23511809207401,5.263416290283203,62500.0
2015-01-26,5.251290367854783,5.291716160714406,5.247247711463034,5.283630847930908,140500.0
2015-01-27,5.251292926394158,5.271505832672119,5.23916533683903,5.271505832672119,52900.0
2015-01-28,5.271502984931201,5.271502984931201,5.222992267387748,5.231077194213867,136900.0
2015-01-29,5.247247371799573,5.251290027929634,5.222992206077024,5.239162445068359,83900.0
2015-01-30,5.227036321164729,5.247248836398885,5.227036321164729,5.235121250152588,52700.0
2015-02-02,5.260323879778216,5.264389138240057,5.2034118120499855,5.223737716674805,115800.0
2015-02-03,5.239996108928756,5.272517387266152,5.22780033878907,5.260321617126465,75900.0
2015-02-04,5.272521884420639,5.296912670135498,5.26439136405932,5.296912670135498,100100.0
2015-02-05,5.300975101485809,5.329431132195955,5.276583941102583,5.30504035949707,68600.0
2015-02-06,5.321304097687922,5.333499491127821,5.313173576938278,5.325369358062744,48000.0
2015-02-09,5.325366126704264,5.3985388306280395,5.321300868796184,5.378212928771973,103000.0
2015-02-10,5.378214620586982,5.410736306397575,5.374149749084555,5.406671047210693,64200.0
2015-02-11,5.39041084230412,5.4066714927070265,5.39041084230412,5.39854097366333,40800.0
2015-02-12,5.406672761143291,5.418868154885458,5.394477367401123,5.394477367401123,93300.0
2015-02-13,5.414801177900001,5.426996955460644,5.402605788023813,5.406671047210693,75700.0
2015-02-17,5.431065695749337,5.431065695749337,5.378218451727839,5.390414237976074,69200.0
2015-02-18,5.406674898622326,5.410740160705071,5.386348975893329,5.390414237976074,96800.0
2015-02-19,5.402605264469804,5.475778372004806,5.398540005676877,5.439191818237305,181300.0
2015-02-20,5.4473240226550494,5.475780457358241,5.439193889657398,5.467649936676025,87000.0
2015-02-23,5.475778809351011,5.508300106923037,5.475778809351011,5.496104717254639,112600.0
2015-02-24,5.492041405464603,5.569279417663537,5.492041405464603,5.565214157104492,108100.0
2015-02-25,5.5652156576239395,5.5652156576239395,5.528629465781747,5.532694339752197,72100.0
2015-02-26,5.544886830297431,5.544886830297431,5.50016975402832,5.50016975402832,66900.0
2015-02-27,5.524563091485185,5.5408237471461765,5.479845997654,5.504237174987793,143900.0
2015-03-02,5.51731271661968,5.521399708469965,5.488704553181667,5.496878147125244,85500.0
2015-03-03,5.492789580667666,5.513224144304165,5.476442007709845,5.509137153625488,74800.0
2015-03-04,5.525487123500824,5.550008296966553,5.5050525524413665,5.550008296966553,70400.0
2015-03-05,5.550006701717653,5.550006701717653,5.521398544311523,5.521398544311523,73100.0
2015-03-06,5.505054763921169,5.5622711181640625,5.492793782505823,5.5622711181640625,105400.0
2015-03-09,5.570443132307109,5.5786167272644605,5.554095552635362,5.574530124664307,84700.0
2015-03-10,5.566353925553976,5.60313606262207,5.562266934822657,5.60313606262207,95800.0
2015-03-11,5.611313874553906,5.619487862164137,5.558184514116128,5.5622711181640625,80500.0
2015-03-12,5.578617136841993,5.6072256956857505,5.529574394226074,5.529574394226074,97500.0
2015-03-13,5.550008106187162,5.5704426765441895,5.521399941541532,5.5704426765441895,89200.0
2015-03-16,5.599049071890751,5.615396645059139,5.562266934822657,5.60313606262207,75600.0
2015-03-17,5.61130965432782,5.619483635790457,5.574527907016614,5.60313606262207,92300.0
2015-03-18,5.607226133863803,5.607226133863803,5.558183387415427,5.578617572784424,55000.0
2015-03-19,5.599051299293405,5.599051299293405,5.566356139949911,5.574530124664307,50200.0
2015-03-20,5.582703916495025,5.594964504241943,5.574530321249433,5.594964504241943,33100.0
2015-03-23,5.590879585837353,5.631748353891784,5.582705598372162,5.619487762451172,62700.0
2015-03-24,5.639920213772303,5.644007205963135,5.615398650384337,5.644007205963135,115400.0
2015-03-25,5.672614923020273,5.680788516998291,5.660354337174748,5.680788516998291,120000.0
2015-03-26,5.680788966409542,5.680788966409542,5.644007205963135,5.644007205963135,82900.0
2015-03-27,5.668528901255838,5.680789489199621,5.635833740234375,5.635833740234375,65500.0
2015-03-30,5.660354784969436,5.6726153717849055,5.639920213772303,5.644007205963135,76300.0
2015-03-31,5.656267792778604,5.688962950791207,5.644007205963135,5.644007205963135,72800.0
2015-04-01,5.681805626232361,5.685914039611816,5.673589191273313,5.685914039611816,44000.0
2015-04-02,5.694129058613472,5.698237470971289,5.677695800981966,5.69002103805542,71300.0
2015-04-06,5.7023463122285305,5.7023463122285305,5.665371381826649,5.677696228027344,49000.0
2015-04-07,5.690019593068837,5.710560866041915,5.690019593068837,5.7064528465271,72400.0
2015-04-08,5.710560830684413,5.710560830684413,5.694127577327898,5.698235988616943,58600.0
2015-04-09,5.694129058613472,5.710562316244976,5.681804213339784,5.69002103805542,61600.0
2015-04-10,5.702344959631143,5.706453371323457,5.6530451947224805,5.657153606414795,79800.0
2015-04-13,5.66126254335046,5.694129058613472,5.636612852803086,5.69002103805542,68000.0
2015-04-14,5.690020527079448,5.702345371246338,5.6818037031017,5.702345371246338,58700.0
2015-04-15,5.710562745762394,5.714671158429225,5.669479794493479,5.677696228027344,85100.0
2015-04-16,5.694129447240569,5.710562705993652,5.677696188487486,5.710562705993652,83300.0
2015-04-17,5.718779547598681,5.718779547598681,5.702346288798676,5.7146711349487305,88800.0
2015-04-20,5.718779547598681,5.726995981098785,5.7146711349487305,5.7146711349487305,48400.0
2015-04-21,5.726995981098785,5.731104393748735,5.710562722298781,5.7146711349487305,105900.0
2015-04-22,5.726994119500178,5.726994119500178,5.7064528465271,5.7064528465271,66200.0
2015-04-23,5.7187795312700915,5.722887943908311,5.706454685155227,5.710562705993652,88300.0
2015-04-24,5.726995059580118,5.726995059580118,5.698236959257464,5.702345371246338,122400.0
2015-04-27,5.710563736288822,5.72288897642719,5.685914039611816,5.685914039611816,100200.0
2015-04-28,5.690019557838518,5.702344399905988,5.677694323971383,5.698235988616943,96300.0
2015-04-29,5.698236959257464,5.702345371246338,5.690020527079448,5.702345371246338,66900.0
2015-04-30,5.710563736288822,5.710563736288822,5.677697212852904,5.685914039611816,38100.0
2015-05-01,5.476118039799299,5.70738675207621,5.476118039799299,5.670218467712402,36200.0
2015-05-04,5.699126966316719,5.699126966316719,5.649569388469448,5.666088581085205,113300.0
2015-05-05,5.670218083852681,5.670218083852681,5.645439491853355,5.666088581085205,64600.0
2015-05-06,5.674347980468775,5.674347980468775,5.628920299237598,5.666088581085205,61900.0
2015-05-07,5.633052731091754,5.66196123271787,5.628922832616939,5.637182235717773,97600.0
2015-05-08,5.666091478410248,5.666091478410248,5.641312479891697,5.6537017822265625,72100.0
2015-05-11,5.657829761505127,5.666089556158737,5.645440463373398,5.657829761505127,52700.0
2015-05-12,5.657831334243054,5.657831334243054,5.628922832616939,5.637182235717773,53800.0
2015-05-13,5.6413117864614515,5.649571582901947,5.616533184837508,5.620662689208984,28000.0
2015-05-14,5.641310329564277,5.65782952433033,5.628921031951904,5.628921031951904,49500.0
2015-05-15,5.653699864178321,5.6743489569636605,5.637180668719788,5.657829761505127,113100.0
2015-05-18,5.657829387421064,5.7073869705200195,5.64544009010849,5.7073869705200195,82800.0
2015-05-19,5.703257207835943,5.707386710853148,5.682608117355343,5.686738014221191,49700.0
2015-05-20,5.6949962364369915,5.7197752186593975,5.690866340425163,5.711515426635742,65900.0
2015-05-21,5.719774613221895,5.74042330339825,5.7115148220725365,5.732163906097412,74200.0
2015-05-22,5.74455487289833,5.761074066162109,5.7404249761202255,5.761074066162109,63200.0
2015-05-26,5.752811916898947,5.789980182440045,5.740422232486284,5.748682022094727,56800.0
2015-05-27,5.789979473197491,5.789979473197491,5.761070606957576,5.78171968460083,77100.0
2015-05-28,5.785851119812257,5.785851119812257,5.761072141271427,5.769331932067871,41100.0
2015-05-29,5.781723279043849,5.781723279043849,5.686738014221191,5.686738014221191,86200.0
2015-06-01,5.692966236041385,5.713728409408065,5.676356576549144,5.680509090423584,37200.0
2015-06-02,5.697118749915824,5.717880923282506,5.680509090423584,5.680509090423584,75700.0
2015-06-03,5.713728373455198,5.713728373455198,5.684661172522539,5.68881368637085,33000.0
2015-06-04,5.684661677604256,5.688814191821518,5.663899898529053,5.663899898529053,43800.0
2015-06-05,5.66805175576486,5.701271075962319,5.655594609692195,5.659747123718262,67300.0
2015-06-08,5.67220523139423,5.680510260854305,5.651443053749643,5.676357746124268,45800.0
2015-06-09,5.688814856774172,5.701272004876492,5.672205193969213,5.684662342071533,42800.0
2015-06-10,5.688814844842328,5.705424507612451,5.651443004608154,5.651443004608154,69200.0
2015-06-11,5.668051051663221,5.67220356517345,5.63898424910259,5.647289276123047,39800.0
2015-06-12,5.647289436022436,5.659746580900354,5.618222236633301,5.618222236633301,44500.0
2015-06-15,5.626526511757211,5.630679024829924,5.585002173040966,5.597459316253662,69800.0
2015-06-16,5.597461791473833,5.634833633643344,5.59330967257048,5.63068151473999,59400.0
2015-06-17,5.609918378134183,5.62652803892784,5.609918378134183,5.614070892333984,26300.0
2015-06-18,5.62652803892784,5.62652803892784,5.597460835534776,5.614070892333984,46700.0
2015-06-19,5.626527506229608,5.626527506229608,5.580850646367398,5.589155673980713,40100.0
2015-06-22,5.618222749531451,5.6223752635383475,5.580850915480458,5.609918117523193,70500.0
2015-06-23,5.6140718511097205,5.63068151473999,5.57670000894021,5.63068151473999,57700.0
2015-06-24,5.63068151473999,5.634833633643344,5.618223970013075,5.63068151473999,55700.0
2015-06-25,5.643138833580529,5.647291348614684,5.5933098411875655,5.601614475250244,63100.0
2015-06-26,5.614073936222819,5.614073936222819,5.531025191220869,5.535177707672119,42500.0
2015-06-29,5.535174823891319,5.535174823891319,5.481193326166276,5.485345840454102,46900.0
2015-06-30,5.472886992394247,5.510258817356825,5.4645819664001465,5.4645819664001465,129200.0
2015-07-01,5.512609958648682,5.53349113693369,5.491728780363673,5.512609958648682,54400.0
2015-07-02,5.525137198031126,5.525137198031126,5.495903794319402,5.500080108642578,36200.0
2015-07-06,5.500082186825229,5.52096336805572,5.495905870924049,5.516787052154541,36500.0
2015-07-07,5.512610736253362,5.516787052154541,5.504258502726408,5.516787052154541,42400.0
2015-07-08,5.52096336805572,5.52096336805572,5.49172955502287,5.516787052154541,67900.0
2015-07-09,5.537668233385033,5.537668233385033,5.516787052154541,5.516787052154541,49700.0
2015-07-10,5.537667452245762,5.537667452245762,5.50843364333661,5.512609958648682,64500.0
2015-07-13,5.504258502726408,5.537668233385033,5.504258502726408,5.516787052154541,52100.0
2015-07-14,5.512609958648682,5.525138506309546,5.50843364333661,5.512609958648682,36900.0
2015-07-15,5.525137551788093,5.533490180969238,5.508432691701085,5.533490180969238,81100.0
2015-07-16,5.516784848580172,5.554370880126953,5.516784848580172,5.554370880126953,75600.0
2015-07-17,5.541844549286212,5.554373098714345,5.512610736253362,5.516787052154541,42100.0
2015-07-20,5.500081410987816,5.5418437675578325,5.500081410987816,5.512609958648682,54200.0
2015-07-21,5.520964313633369,5.5460214167811746,5.516787997016911,5.5376691818237305,75000.0
2015-07-22,5.53349113693369,5.537667452245762,5.504257726299888,5.512609958648682,54600.0
2015-07-23,5.525140231974354,5.541845498440189,5.516787997016911,5.5376691818237305,94600.0
2015-07-24,5.537665355897108,5.562722441733182,5.49172670140564,5.495903015136719,91500.0
2015-07-27,5.49172955502287,5.525139285681495,5.470848772067783,5.516787052154541,86600.0
2015-07-28,5.51678532088223,5.537666495559811,5.491727831614075,5.533490180969238,61800.0
2015-07-29,5.533489707237047,5.558547194359984,5.533489707237047,5.554370880126953,61400.0
2015-07-30,5.558550366630551,5.558550366630551,5.529316548590813,5.5376691818237305,72500.0
2015-07-31,5.525137078770986,5.554370880126953,5.520961162813202,5.554370880126953,66200.0
2015-08-03,5.556472704852333,5.573272705078125,5.535473505638196,5.573272705078125,53300.0
2015-08-04,5.552270287435537,5.5648698806762695,5.531270698345083,5.5648698806762695,76500.0
2015-08-05,5.564871917646401,5.564871917646401,5.548072320331469,5.552272319793701,28300.0
2015-08-06,5.556474519345944,5.556474519345944,5.5228753089904785,5.5228753089904785,38700.0
2015-08-07,5.522870807431963,5.527070805436625,5.493471622467041,5.493471622467041,45800.0
2015-08-10,5.506072428443042,5.518672425231681,5.468273639678955,5.468273639678955,52800.0
2015-08-11,5.455673879463624,5.497673069512403,5.455673879463624,5.4892730712890625,42800.0
2015-08-12,5.489274351889271,5.514473951904179,5.464075152408417,5.506073951721191,53400.0
2015-08-13,5.506073126777144,5.585871514423563,5.4934735289244445,5.552272319793701,81800.0
2015-08-14,5.5522726482427895,5.569072246551514,5.5522726482427895,5.569072246551514,40800.0
2015-08-17,5.5522726482427895,5.598471443458278,5.5522726482427895,5.569072246551514,34400.0
2015-08-18,5.577472304600522,5.577472304600522,5.556472704852333,5.573272705078125,36800.0
2015-08-19,5.573272246262199,5.573272246262199,5.548072648532104,5.569072246551514,41300.0
2015-08-20,5.539673612266059,5.560673213936565,5.510274410247803,5.510274410247803,53300.0
2015-08-21,5.531268853095981,5.539668445609723,5.4892696889261305,5.5018696784973145,49000.0
2015-08-24,5.531272014772325,5.539671612087279,5.409474849700928,5.409474849700928,188200.0
2015-08-25,5.493473853895243,5.594271443747592,5.405275862640933,5.569072246551514,111600.0
2015-08-26,5.556469580785898,5.569069573871029,5.527070397988246,5.539669990539551,132800.0
2015-08-27,5.560670997273204,5.6404693717040955,5.5438714027404785,5.5438714027404785,82200.0
2015-08-28,5.585874128807612,5.598473732557367,5.5228753089904785,5.5228753089904785,74700.0
2015-08-31,5.585870236589021,5.585870236589021,5.510271865698864,5.531271457672119,47500.0
2015-09-01,5.53338538520747,5.55028120183962,5.457354008948777,5.46580171585083,37300.0
2015-09-02,5.508039975904819,5.520711734260278,5.478472405466104,5.482696056365967,47200.0
2015-09-03,5.482697300629428,5.524937041837579,5.470025539398193,5.470025539398193,36600.0
2015-09-04,5.4700247894265885,5.499592765349567,5.457353029932724,5.49114465713501,30200.0
2015-09-08,5.508040761146874,5.508040761146874,5.474249132162929,5.47847318649292,21100.0
2015-09-09,5.457354008948777,5.478473880445975,5.457354008948777,5.46580171585083,19800.0
2015-09-10,5.46580001498827,5.491143933463926,5.4531282571644,5.48691987991333,35600.0
2015-09-11,5.470028518565242,5.474252575552231,5.436236868325828,5.444684982299805,31500.0
2015-09-14,5.440460925312816,5.486924343684949,5.436236868325828,5.444684982299805,48900.0
2015-09-15,5.465801484711773,5.491145410002269,5.440457962249304,5.470025539398193,36400.0
2015-09-16,5.478472405466104,5.491144163821563,5.461576593382847,5.482696056365967,45900.0
2015-09-17,5.482697746104958,5.495369911193848,5.4615782766129275,5.495369911193848,26700.0
2015-09-18,5.470025077832938,5.512264815476865,5.470025077832938,5.47847318649292,26300.0
2015-09-21,5.4700247894265885,5.516488578950709,5.4700247894265885,5.49114465713501,33900.0
2015-09-22,5.470025077832938,5.491144946654901,5.4615773720009475,5.47847318649292,41000.0
2015-09-23,5.482697532482979,5.503817403980177,5.46580171585083,5.46580171585083,44200.0
2015-09-24,5.4489071430537726,5.478475131030622,5.440459434223341,5.453131198883057,94000.0
2015-09-25,5.453128485927252,5.512264029632617,5.453128485927252,5.482696056365967,56300.0
2015-09-28,5.46157566080424,5.474247416995961,5.3939924240112305,5.3939924240112305,94100.0
2015-09-29,5.402439203921498,5.432006764258388,5.343303680419922,5.343303680419922,84800.0
2015-09-30,5.381322565458414,5.389770675082964,5.3052915929776585,5.31373929977417,58100.0
2015-10-01,5.324360733952046,5.366853799859829,5.311612976277276,5.3201117515563965,56600.0
2015-10-02,5.320113291135786,5.320113291135786,5.269121435192428,5.311614513397217,60400.0
2015-10-05,5.298863804078388,5.332858085632324,5.294614417573195,5.332858085632324,43400.0
2015-10-06,5.332859244132289,5.332859244132289,5.281867810724103,5.30311393737793,69300.0
2015-10-07,5.311614513397217,5.3413594249941525,5.303115735658649,5.311614513397217,44200.0
2015-10-08,5.328607496361791,5.388097678275046,5.31161035942139,5.375349521636963,30300.0
2015-10-09,5.371105200496769,5.4178472663183195,5.371105200496769,5.409348487854004,27600.0
2015-10-12,5.39235173539029,5.39660112493705,5.337111292258778,5.3583574295043945,47400.0
2015-10-13,5.362603664398193,5.388099581436205,5.349855908501114,5.362603664398193,55100.0
2015-10-14,5.362606819051154,5.362606819051154,5.320114139315831,5.3583574295043945,41600.0
2015-10-15,5.371104533204957,5.371104533204957,5.324362067946505,5.366855144500732,52100.0
2015-10-16,5.366854575041639,5.417846018349772,5.354106815525598,5.4135966300964355,79500.0
2015-10-19,5.413598136771464,5.494334915079084,5.413598136771464,5.451841831207275,60300.0
2015-10-20,5.456087876227028,5.464586244645699,5.375351147408571,5.392348289489746,43200.0
2015-10-21,5.4178442052334255,5.4178442052334255,5.3668527789899,5.392348289489746,31100.0
2015-10-22,5.417847077191575,5.439093617366626,5.366855623917881,5.379603385925293,64100.0
2015-10-23,5.4093481919387045,5.4178469699380996,5.371104906673547,5.40084981918335,65400.0
2015-10-26,5.400846659162425,5.417843799972193,5.3371074824367435,5.345605850219727,46300.0
2015-10-27,5.354104995727539,5.362603364101747,5.328609080117253,5.354104995727539,56500.0
2015-10-28,5.315864564623486,5.349858869325399,5.315864564623486,5.328612327575684,114000.0
2015-10-29,5.332858085632324,5.354104612914486,5.328608699127132,5.332858085632324,38700.0
2015-10-30,5.354106042185058,5.354106042185058,5.290366443323385,5.3201117515563965,69900.0
2015-11-02,5.330799358594448,5.339348944904693,5.309424781289605,5.335073947906494,57000.0
2015-11-03,5.3436230101864,5.352173002692018,5.31797344035563,5.347898006439209,118000.0
2015-11-04,5.360726607650853,5.365001607109588,5.309427837205197,5.317977428436279,108900.0
2015-11-05,5.339348688683176,5.339348688683176,5.300874532917965,5.330799102783203,47700.0
2015-11-06,5.330799102783203,5.339348688683176,5.2837749534318865,5.330799102783203,62400.0
2015-11-09,5.3179740585719895,5.3179740585719895,5.215376582694078,5.2709503173828125,177000.0
2015-11-10,5.262400731569384,5.279500310882369,5.236751158756841,5.2709503173828125,87200.0
2015-11-11,5.2709503173828125,5.279500310882369,5.236751158756841,5.2709503173828125,57300.0
2015-11-12,5.27095010960375,5.2837746916614154,5.215376377105713,5.215376377105713,47800.0
2015-11-13,5.232480681289255,5.26667986945299,5.2111060867653,5.228205680847168,78600.0
2015-11-16,5.232475955744639,5.249575534383564,5.215376377105713,5.215376377105713,83000.0
2015-11-17,5.232475606426306,5.245300595313893,5.215376028928942,5.236750602722168,62900.0
2015-11-18,5.223926021520667,5.249575183923669,5.223926021520667,5.236750602722168,72900.0
2015-11-19,5.232475606426306,5.249575183923669,5.232475606426306,5.236750602722168,46900.0
2015-11-20,5.228200542395858,5.279499681909423,5.228200542395858,5.275224685668945,67600.0
2015-11-23,5.266676445153191,5.317975194045255,5.266676445153191,5.279501438140869,102900.0
2015-11-24,5.2452981672751715,5.270947317805231,5.241023172958196,5.24957275390625,93500.0
2015-11-25,5.258128965619832,5.27950355481598,5.241029375800189,5.262403964996338,64300.0
2015-11-27,5.288053145882611,5.292328145259117,5.262403964996338,5.262403964996338,24700.0
2015-11-30,5.275228084764628,5.309427261352539,5.270953085769553,5.309427261352539,58500.0
2015-12-01,5.333080534675108,5.333080534675108,5.290072065460529,5.294373035430908,45500.0
2015-12-02,5.3072750264296795,5.320177524940927,5.247062683105469,5.247062683105469,76300.0
2015-12-03,5.264268265195437,5.272870207765985,5.238463257810187,5.255666732788086,120500.0
2015-12-04,5.264268265195437,5.281471740173336,5.2298613152396385,5.255666732788086,82600.0
2015-12-07,5.247061831737909,5.264265297015884,5.225557397599699,5.2513628005981445,118600.0
2015-12-08,5.247062820632064,5.264266289152312,5.229859352111816,5.229859352111816,47900.0
2015-12-09,5.247063878403604,5.264267350391952,5.221258875502645,5.234161376953125,95000.0
2015-12-10,5.251363652663563,5.259965181616717,5.225558245478035,5.247062683105469,107900.0
2015-12-11,5.247062960977546,5.247062960977546,5.1653465858614265,5.1868510246276855,126300.0
2015-12-14,5.156745424360074,5.156745424360074,5.036321123327199,5.057825565338135,141800.0
2015-12-15,5.075030887641608,5.1137388153444086,5.0578274097918365,5.105136871337891,117200.0
2015-12-16,5.113735410860333,5.268566608428955,5.096531944463819,5.268566608428955,160900.0
2015-12-17,5.255664924783175,5.320177831216368,5.2040545176040105,5.285770893096924,119300.0
2015-12-18,5.268567120732904,5.3072750264296795,5.247062683105469,5.247062683105469,110300.0
2015-12-21,5.247062172892565,5.3029735412219825,5.247062172892565,5.268566608428955,78900.0
2015-12-22,5.2900710105896,5.311575445990315,5.281469072364117,5.2900710105896,91200.0
2015-12-23,5.328778945898249,5.3416814431548865,5.268566608428955,5.268566608428955,102800.0
2015-12-24,5.3072751655344526,5.311576135205275,5.229859352111816,5.229859352111816,75200.0
2015-12-28,5.204054592844584,5.242762091166301,5.199753622976706,5.216957092285156,213600.0
2015-12-29,5.255666732788086,5.255666732788086,5.212657840261739,5.255666732788086,126700.0
2015-12-30,5.255662869573135,5.324476718902588,5.247060933325506,5.324476718902588,211500.0
2015-12-31,5.324478865835647,5.345983304962831,5.264266518312143,5.3115763664245605,205900.0
2016-01-04,5.292101548746747,5.3007560424072935,5.235848990629079,5.248830318450928,44100.0
2016-01-05,5.274794889498011,5.31806654817577,5.261813556962332,5.31373929977417,55100.0
2016-01-06,5.292099774510516,5.326717324877807,5.274791205661287,5.322390079498291,52500.0
2016-01-07,5.279123050119506,5.313740217975829,5.244505882263184,5.244505882263184,72800.0
2016-01-08,5.244504402469373,5.26614022944209,5.235850319281733,5.240177154541016,44800.0
2016-01-11,5.227197567747693,5.244506152567948,5.214216232299805,5.214216232299805,60300.0
2016-01-12,5.244504184389726,5.248831432138147,5.196905697164275,5.2098870277404785,54000.0
2016-01-13,5.227195817642033,5.227195817642033,5.166615584719264,5.175270080566406,106900.0
2016-01-14,5.188252154867126,5.218542482002032,5.127672325935582,5.1449809074401855,119400.0
2016-01-15,5.119018952540479,5.123346202033801,5.067093196628285,5.106037616729736,83900.0
2016-01-19,5.149307464940275,5.149307464940275,5.0757458943552045,5.11469030380249,156700.0
2016-01-20,5.0714192390441895,5.09305506869191,4.9892031689166805,5.0714192390441895,159300.0
2016-01-21,5.0973805320729895,5.175269332766434,5.054109297096977,5.140652179718018,103200.0
2016-01-22,5.153634434367517,5.201233337858053,5.153634434367517,5.196906089782715,48900.0
2016-01-25,5.166618042306894,5.222871054063771,5.166618042306894,5.188253879547119,57800.0
2016-01-26,5.2055632082273,5.227199048549091,5.166618778181943,5.218544960021973,63500.0
2016-01-27,5.222868752896561,5.222868752896561,5.192578841707377,5.196906089782715,51000.0
2016-01-28,5.214216966769244,5.23152555402757,5.188253879547119,5.188253879547119,80200.0
2016-01-29,5.214215577722864,5.235851409199389,5.188252497417201,5.192579746246338,45500.0
2016-02-01,5.218693804585511,5.240456581115723,5.183873528173349,5.240456581115723,48500.0
2016-02-02,5.2186939326637924,5.227399209525698,5.162110878332745,5.209989070892334,96500.0
2016-02-03,5.209988957611007,5.314449787139893,5.183873542683567,5.314449787139893,159900.0
2016-02-04,5.327508382720943,5.331861021952426,5.236105034312423,5.305745601654053,112700.0
2016-02-05,5.297041830659884,5.297041830659884,5.231753889085783,5.2752790451049805,98700.0
2016-02-08,5.23175095220534,5.24480845017212,5.153405134223911,5.179520130157471,89800.0
2016-02-09,5.118588433445053,5.209991813152667,5.118588433445053,5.166466236114502,69100.0
2016-02-10,5.183870888818325,5.192576161034317,5.114230371451297,5.127287864685059,50800.0
2016-02-11,5.109880309945725,5.118585586547852,5.062002533905333,5.118585586547852,64900.0
2016-02-12,5.10117828564792,5.166466236114502,5.075062856406888,5.166466236114502,70000.0
2016-02-16,5.266570568084717,5.270922790138425,5.170814626367633,5.266570568084717,142800.0
2016-02-17,5.257866731500818,5.288334369659424,5.24480923158862,5.288334369659424,42400.0
2016-02-18,5.2883342323771405,5.3013921470408,5.249161733657446,5.29703950881958,102700.0
2016-02-19,5.288332923624228,5.336211102027932,5.262217930940684,5.266570568084717,117300.0
2016-02-22,5.2970381979122925,5.310095694254064,5.266570568084717,5.266570568084717,46700.0
2016-02-23,5.275276857527885,5.2796294958520145,5.236103942791592,5.240456581115723,41700.0
2016-02-24,5.2448084758579485,5.257865973888675,5.227398340120186,5.253513336181641,53200.0
2016-02-25,5.266573363387995,5.266573363387995,5.231753077935061,5.244810581207275,59300.0
2016-02-26,5.2143402099609375,5.2448082575516235,5.1969300749478435,5.2143402099609375,93200.0
2016-02-29,5.209989210114047,5.2709244894139164,5.209989210114047,5.2273993492126465,74700.0
2016-03-01,5.253666470927707,5.297447191861664,5.24053242165708,5.284312725067139,29500.0
2016-03-02,5.288693856240357,5.314962387084961,5.279937957641579,5.314962387084961,30000.0
2016-03-03,5.314961059079456,5.345607322804053,5.306204745144412,5.319338798522949,104000.0
2016-03-04,5.310584704512171,5.376255411217374,5.310584704512171,5.371877670288086,35200.0
2016-03-07,5.363118251210008,5.415654869690418,5.363118251210008,5.4068989753723145,82200.0
2016-03-08,5.411277770996094,5.424412241325286,5.376253351832935,5.411277770996094,39800.0
2016-03-09,5.459438320434765,5.476950535340947,5.380633144594881,5.402523517608643,126200.0
2016-03-10,5.402523571853572,5.437548002017603,5.385011356771557,5.389389514923096,45300.0
2016-03-11,5.411280047559184,5.463816698406455,5.411280047559184,5.450682640075684,71900.0
2016-03-14,5.463814066965804,5.50759479701528,5.4550581714702995,5.498838901519775,42600.0
2016-03-15,5.511973602830982,5.546998023986816,5.490083235227576,5.546998023986816,75600.0
2016-03-16,5.542617553401659,5.647690773010254,5.538239398203669,5.647690773010254,92600.0
2016-03-17,5.660824849830101,5.660824849830101,5.621422290802002,5.621422290802002,30600.0
2016-03-18,5.638938266011648,5.673962693578097,5.621426052228424,5.6345601081848145,60900.0
2016-03-21,5.647694481001086,5.665206695766821,5.603914152848817,5.630182266235352,33700.0
2016-03-22,5.638938421349831,5.660828793562913,5.582023620605469,5.582023620605469,39200.0
2016-03-23,5.577643231879992,5.625802114992452,5.560131024618357,5.573265075683594,60500.0
2016-03-24,5.577644083614357,5.58202224047932,5.533863767536773,5.568888187408447,54200.0
2016-03-28,5.582023991399374,5.582023991399374,5.538243244065012,5.564511775970459,62500.0
2016-03-29,5.546995681443341,5.617044494172801,5.542617526266786,5.603910446166992,53700.0
2016-03-30,5.630181795800958,5.643316268920898,5.5951573691959835,5.643316268920898,43600.0
2016-03-31,5.638938266011648,5.638938266011648,5.612669736574756,5.6345601081848145,102300.0
2016-04-01,5.634556576831673,5.643360353052053,5.608144408556187,5.61694860458374,43200.0
2016-04-04,5.634556568491729,5.634556568491729,5.533310413360596,5.533310413360596,44700.0
2016-04-05,5.5068983402709275,5.52890840920245,5.489290369087139,5.502496242523193,87600.0
2016-04-06,5.524510443210443,5.537716326523117,5.506902458857725,5.528912544250488,49800.0
2016-04-07,5.5465192794799805,5.564127259867233,5.524509199044075,5.5465192794799805,45400.0
2016-04-08,5.564126531897142,5.564126531897142,5.524508476257324,5.524508476257324,40200.0
2016-04-11,5.550920959721268,5.555323059769923,5.533312979334017,5.5465192794799805,35500.0
2016-04-12,5.555325327046466,5.594943404038818,5.528913555589924,5.581737518310547,58700.0
2016-04-13,5.568529125608865,5.590539206777977,5.546519464247134,5.564127445220947,64100.0
2016-04-14,5.586136878561052,5.599343178607877,5.559725118082129,5.59053897857666,50000.0
2016-04-15,5.581733231925949,5.599341205977786,5.56852693653166,5.586134910583496,56200.0
2016-04-18,5.577333177026137,5.643362998962402,5.577333177026137,5.643362998962402,71700.0
2016-04-19,5.656569004058838,5.656569004058838,5.625754724929957,5.656569004058838,61600.0
2016-04-20,5.647763122967094,5.6521652215045775,5.612547174281669,5.634557247161865,46000.0
2016-04-21,5.621349664761087,5.669771474551277,5.621349664761087,5.652163505554199,49200.0
2016-04-22,5.656568338995261,5.669774217179348,5.638960361480713,5.638960361480713,26100.0
2016-04-25,5.6565684046958005,5.6609700842700885,5.616950349876082,5.647764205932617,41500.0
2016-04-26,5.647763096256336,5.678576946258545,5.643360997739672,5.678576946258545,53200.0
2016-04-27,5.700587683281243,5.700587683281243,5.678577607940474,5.691783905029297,69100.0
2016-04-28,5.700586826213041,5.713792701509125,5.6565671019570205,5.660968780517578,51700.0
2016-04-29,5.682980161370743,5.700588139089806,5.638960426976737,5.647764205932617,54100.0
2016-05-02,5.63005989476889,5.661042793055256,5.625633645839315,5.634485721588135,50100.0
2016-05-03,5.652188626086557,5.652188626086557,5.5990745028036955,5.6300578117370605,62200.0
2016-05-04,5.630060830219865,5.652191656434511,5.599077504675199,5.643339157104492,71400.0
2016-05-05,5.647767278517901,5.647767278517901,5.599079360287747,5.603505611419678,55800.0
2016-05-06,5.621210193836859,5.621210193836859,5.576948948849176,5.603505611419678,51800.0
2016-05-09,5.6123581136835385,5.6123581136835385,5.576948948849176,5.603505611419678,64200.0
2016-05-10,5.599078003852506,5.603504253912131,5.576947597775258,5.59465217590332,61400.0
2016-05-11,5.590222767537994,5.599074840545654,5.568091951853544,5.599074840545654,86500.0
2016-05-12,5.603502112208442,5.638911254930907,5.590223789215088,5.590223789215088,56500.0
2016-05-13,5.603503754340208,5.647765406769501,5.603503754340208,5.643339157104492,79400.0
2016-05-16,5.652189500234783,5.687598639826163,5.63005868246261,5.647763252258301,92300.0
2016-05-17,5.669896777153678,5.683175105312697,5.656618026884219,5.674322605133057,65400.0
2016-05-18,5.674321775499032,5.7097309268195895,5.665469698724083,5.705305099487305,81600.0
2016-05-19,5.705306071713441,5.705306071713441,5.669896914358903,5.69645357131958,45200.0
2016-05-20,5.705304039382912,5.820383548736572,5.6831732183921035,5.820383548736572,63800.0
2016-05-23,5.815960271762833,5.838090680344623,5.784976939949452,5.793829441070557,53400.0
2016-05-24,5.780546188354492,5.798250753407686,5.771693694772832,5.780546188354492,69100.0
2016-05-25,5.798253870616813,5.798253870616813,5.767270548534133,5.776123046875,62400.0
2016-05-26,5.780549841595338,5.833663570322184,5.771697342419,5.8071064949035645,72600.0
2016-05-27,5.8071084977538,5.8071084977538,5.789403915405273,5.789403915405273,20400.0
2016-05-31,5.81153219601776,5.81153219601776,5.767270548534133,5.776123046875,73100.0
2016-06-01,5.767222685747869,5.825072964061654,5.767222685747869,5.807272911071777,53100.0
2016-06-02,5.807272911071777,5.825072964061654,5.793922977426054,5.807272911071777,45900.0
2016-06-03,5.820621810024439,5.820621810024439,5.789471828926161,5.793921947479248,39000.0
2016-06-06,5.793922977426054,5.807272911071777,5.785022738737745,5.807272911071777,69300.0
2016-06-07,5.825075226122825,5.825075226122825,5.776124743101586,5.8161749839782715,96300.0
2016-06-08,5.820622844717501,5.833972778363224,5.780572619393592,5.807272911071777,124200.0
2016-06-09,5.811724260958538,5.8206240771445055,5.789474083913376,5.802824020385742,45700.0
2016-06-10,5.785023688250136,5.829524040222168,5.776123448101006,5.829524040222168,50000.0
2016-06-13,5.80727346084635,5.816173275990464,5.771673351496332,5.776123046875,42300.0
2016-06-14,5.7894729311001,5.798372745513916,5.762772639085164,5.798372745513916,55800.0
2016-06-15,5.802822864914196,5.816172798728291,5.78502281169982,5.798372745513916,45700.0
2016-06-16,5.785023688250136,5.833973735909924,5.776123448101006,5.829524040222168,78200.0
2016-06-17,5.825073920147603,5.829524040222168,5.789473808324701,5.829524040222168,70900.0
2016-06-20,5.816172725373346,5.851772831353101,5.807272911071777,5.807272911071777,46100.0
2016-06-21,5.807272831167411,5.82507288391237,5.767222606394567,5.77167272567749,144900.0
2016-06-22,5.793923928399265,5.829524040222168,5.785023688250136,5.829524040222168,50100.0
2016-06-23,5.825069611351205,5.887369548764697,5.825069611351205,5.874019622802734,54800.0
2016-06-24,5.829526968620248,5.874026918559528,5.785026594293948,5.84287691116333,75600.0
2016-06-27,5.820623931158791,5.820623931158791,5.704923352935272,5.731623649597168,65000.0
2016-06-28,5.727173658276181,5.758323651426878,5.6871234245756686,5.700473785400391,100100.0
2016-06-29,5.713821482636834,5.749421582111041,5.6915713143687885,5.704921245574951,62400.0
2016-06-30,5.713823043095517,5.722722858201299,5.691572868750897,5.718273162841797,94700.0
2016-07-01,5.75406771230593,5.763016700744629,5.722747106192991,5.763016700744629,71200.0
2016-07-05,5.754067381912764,5.767490863800049,5.740644326736709,5.767490863800049,67900.0
2016-07-06,5.763015476389186,5.798810569116789,5.749592423294126,5.7853875160217285,55400.0
2016-07-07,5.803284559152906,5.816707611083984,5.771963535698887,5.816707611083984,41200.0
2016-07-08,5.839080538397221,5.879350127036909,5.839080538397221,5.861452579498291,28000.0
2016-07-11,5.8390811088159476,5.879350701389564,5.8390811088159476,5.865927219390869,31000.0
2016-07-12,5.865926646349552,5.901721741426786,5.848029098810934,5.861452579498291,49200.0
2016-07-13,5.870399411470644,5.870399411470644,5.816706784663692,5.85250186920166,45400.0
2016-07-14,5.870402245619586,5.883825302124023,5.839081638205474,5.883825302124023,39000.0
2016-07-15,5.897244930267334,5.9061934865167975,5.848026377406807,5.897244930267334,59400.0
2016-07-18,5.906196321759949,5.946465910991256,5.906196321759949,5.928568363189697,58700.0
2016-07-19,5.968838138261813,5.968838138261813,5.9061965056504,5.919619560241699,63300.0
2016-07-20,5.928567348357301,5.946464893095218,5.892772258881468,5.910669803619385,70600.0
2016-07-21,5.910672133702603,5.933044180122205,5.8883000872830005,5.89277458190918,45800.0
2016-07-22,5.906196321759949,5.933042856817886,5.8882987739583905,5.928568363189697,30400.0
2016-07-25,5.928567348357301,5.928567348357301,5.906195310757124,5.910669803619385,28000.0
2016-07-26,5.915145221244732,5.94646582275491,5.901721740559347,5.941991329193115,33800.0
2016-07-27,5.946465910991256,5.946465910991256,5.924093869561507,5.928568363189697,35400.0
2016-07-28,5.937520741290206,5.946469306945801,5.919622756556133,5.946469306945801,31500.0
2016-07-29,5.946465901041058,5.995684050735188,5.937517340510851,5.991209983825684,45600.0
2016-08-01,5.9732162195318805,5.982212233169999,5.923739431382845,5.928237438201904,50100.0
2016-08-02,5.932738704877199,5.959726333618164,5.905751505090041,5.959726333618164,95200.0
2016-08-03,5.941733781266835,5.959725387921279,5.901252559055904,5.9507293701171875,76100.0
2016-08-04,5.946231121427269,6.027193127790019,5.946231121427269,6.013699531555176,57100.0
2016-08-05,5.973220136731208,6.094663826766568,5.973220136731208,6.036190986633301,100200.0
2016-08-08,6.036189148080864,6.058678761121098,6.009201526641846,6.009201526641846,55200.0
2016-08-09,6.045186108696558,6.049684118116773,5.9957092919355475,6.027194499969482,52100.0
2016-08-10,6.0586801942370645,6.0586801942370645,5.9957093486200685,6.0181989669799805,55500.0
2016-08-11,6.03619072518976,6.112655172132628,6.031692715615756,6.103659152984619,128300.0
2016-08-12,6.099160485136314,6.148637294769287,6.027193631642361,6.148637294769287,105400.0
2016-08-15,6.162129155728528,6.162129155728528,6.045183534327473,6.094660758972168,116400.0
2016-08-16,6.117153860448342,6.148639073052277,6.054183006286621,6.054183006286621,96200.0
2016-08-17,6.094663562790412,6.121650762326835,6.063177924726183,6.103659152984619,53500.0
2016-08-18,6.130645956433584,6.130645956433584,6.054181519781038,6.063177108764648,65300.0
2016-08-19,6.072171691071728,6.072171691071728,6.0136988751647475,6.067673683166504,65200.0
2016-08-22,6.08566527984111,6.099159303543494,6.067673677191575,6.076669692993164,47900.0
2016-08-23,6.103656888501008,6.130644506978707,6.054180088404475,6.067673683166504,77900.0
2016-08-24,6.0496820804992515,6.067673683166504,6.0496820804992515,6.067673683166504,45200.0
2016-08-25,6.081166325127946,6.081166325127946,6.049680705899141,6.058676719665527,63400.0
2016-08-26,6.0811690725305265,6.094662670322813,6.0496834390768734,6.090164661407471,49200.0
2016-08-29,6.108155132621432,6.1396403312683105,6.090163529258406,6.1396403312683105,40400.0
2016-08-30,6.103658131885927,6.144139353372143,6.0766709368642715,6.126147747039795,103000.0
2016-08-31,6.112655162811279,6.144140371873694,6.108157153244133,6.112655162811279,47900.0
2016-09-01,6.117175102233887,6.126217696814806,6.08100558625949,6.117175102233887,56300.0
2016-09-02,6.099090576171875,6.126217929771544,6.099090576171875,6.099090576171875,37200.0
2016-09-06,6.117175957547766,6.126218553393037,6.09456989910929,6.108133792877197,43800.0
2016-09-07,6.117176303155777,6.184994482302793,6.103612839796265,6.171430587768555,77300.0
2016-09-08,6.144303078762936,6.162387838586661,6.099090963616277,6.126218318939209,72300.0
2016-09-09,6.117175957547766,6.153345478579447,6.090049032361357,6.108133792877197,60900.0
2016-09-12,6.09004818084041,6.121696399524347,6.09004818084041,6.117175102233887,63600.0
2016-09-13,6.103612007661207,6.117175469171547,6.05839989439385,6.071963787078857,60800.0
2016-09-14,6.094568252563477,6.117174304894563,6.0810047936346585,6.094568252563477,54500.0
2016-09-15,6.117175334846768,6.139781390984049,6.094569278709487,6.099090576171875,63600.0
2016-09-16,6.112654685974121,6.126218147669052,6.099090793104517,6.112654685974121,65300.0
2016-09-19,6.1397816093639825,6.1397816093639825,6.112654685974121,6.112654685974121,45700.0
2016-09-20,6.130739607312853,6.130739607312853,6.076484896749962,6.090048789978027,74900.0
2016-09-21,6.121695352486672,6.121695352486672,6.076483249664307,6.076483249664307,93700.0
2016-09-22,6.121696850045851,6.144302906987184,6.10813338835092,6.112654685974121,62900.0
2016-09-23,6.130737781524658,6.139779943142514,6.108131730718184,6.130737781524658,56100.0
2016-09-26,6.126213656156278,6.1488196965237005,6.121692361847922,6.135255813598633,71700.0
2016-09-27,6.148823678818451,6.180471897125244,6.130738921046764,6.180471897125244,47700.0
2016-09-28,6.180470341464578,6.234724601123523,6.153342996047842,6.207597255706787,106400.0
2016-09-29,6.203077574202435,6.216641033911169,6.171428926649243,6.189513683319092,90200.0
2016-09-30,6.194035357660351,6.239247467676885,6.180471897125244,6.180471897125244,95100.0
2016-10-03,6.185015388027296,6.194104524115202,6.171382117289299,6.175926685333252,19300.0
2016-10-04,6.1941072026098425,6.203195909234082,6.1486623693064955,6.185018062591553,47200.0
2016-10-05,6.198650503332158,6.235006189172725,6.162294817491591,6.216828346252441,58200.0
2016-10-06,6.189558216786594,6.189558216786594,6.116846882090898,6.139569282531738,64900.0
2016-10-07,6.148659706115723,6.148659706115723,6.125937299305885,6.148659706115723,24600.0
2016-10-10,6.1532042741564625,6.162293410237942,6.144115571468845,6.148659706115723,57100.0
2016-10-11,6.1395719774028885,6.1895609335996316,6.1395719774028885,6.162294387817383,65700.0
2016-10-12,6.17138038311267,6.175924949879586,6.139569282531738,6.139569282531738,75700.0
2016-10-13,6.1395719774028885,6.162294387817383,6.1395719774028885,6.162294387817383,53300.0
2016-10-14,6.148660349391521,6.166838190062392,6.139571645753039,6.153204917907715,45600.0
2016-10-17,6.153207189326731,6.162296329714322,6.116851494564505,6.121396064758301,55600.0
2016-10-18,6.130485562423436,6.139574703983287,6.094129862972279,6.116852283477783,53600.0
2016-10-19,6.112304174650202,6.166837692260742,6.112304174650202,6.166837692260742,45600.0
2016-10-20,6.148659409610708,6.162293113075474,6.112303733825684,6.112303733825684,73600.0
2016-10-21,6.130482695707934,6.153205105588062,6.116849423137426,6.144116401672363,91200.0
2016-10-24,6.139571810921928,6.157749652081826,6.1304826736450195,6.1304826736450195,91800.0
2016-10-25,6.148660681532328,6.162294387817383,6.1441165461645735,6.162294387817383,72200.0
2016-10-26,6.166840708246582,6.203196404433906,6.16229657126873,6.198652267456055,79900.0
2016-10-27,6.21228377717388,6.235006189172725,6.185016796096474,6.216828346252441,57500.0
2016-10-28,6.194105934253597,6.2395503248573245,6.1804726604118745,6.216828346252441,64400.0
2016-10-31,6.162295458754558,6.198651148378384,6.162295458754558,6.194106578826904,125700.0
2016-11-01,6.175837857282911,6.1849734852636775,6.157565730058397,6.166701793670654,56300.0
2016-11-02,6.143857479095459,6.162129157034441,6.125585801156477,6.143857479095459,122500.0
2016-11-03,6.125584654538454,6.13928830151978,6.09360933303833,6.09360933303833,78200.0
2016-11-04,6.075338435501367,6.10274573296917,6.052498730524105,6.079906463623047,81600.0
2016-11-07,6.121017527820535,6.134721612449751,6.047930818989303,6.125585556030273,105700.0
2016-11-08,6.111881907032204,6.125585556030273,6.0890422016146575,6.125585556030273,47900.0
2016-11-09,6.089039652897452,6.116447375052562,6.07533600963538,6.111879348754883,70900.0
2016-11-10,6.102745779061106,6.130153512367049,6.057066804392723,6.1210174560546875,92300.0
2016-11-11,6.079908642133643,6.18953874254903,6.079908642133643,6.139291286468506,48500.0
2016-11-14,6.125590243047552,6.21694869898984,6.125590243047552,6.157565593719482,61000.0
2016-11-15,6.184967838347202,6.212375568529044,6.171264191071827,6.207807540893555,64800.0
2016-11-16,6.175835777353925,6.253490113747842,6.175835777353925,6.189539432525635,83700.0
2016-11-17,6.175835163600986,6.239785838467791,6.175835163600986,6.216946125030518,42300.0
2016-11-18,6.198670864105225,6.2306466187164675,6.198670864105225,6.198670864105225,57000.0
2016-11-21,6.20780631558563,6.2945966453736295,6.20780631558563,6.258053302764893,54900.0
2016-11-22,6.280896421857102,6.303736132335558,6.258056711378646,6.262624740600586,62300.0
2016-11-23,6.2580567945992405,6.34941520209672,6.2580567945992405,6.340279579162598,63100.0
2016-11-25,6.349415676049371,6.367687358912757,6.2808969742194884,6.303736686706543,57400.0
2016-11-28,6.326573122221238,6.33114071384775,6.294597367049317,6.3083014488220215,66100.0
2016-11-29,6.2717601287266005,6.3174395479742085,6.248920854734024,6.280896186828613,91400.0
2016-11-30,6.271761249885828,6.331144331270729,6.253489566046728,6.294600963592529,82900.0
2016-12-01,6.262460993565064,6.331329522630411,6.2532782895001215,6.317555904388428,100600.0
2016-12-02,6.3359212398593545,6.377242534822455,6.303782211635023,6.312964916229248,127600.0
2016-12-05,6.345103506598124,6.349694858895236,6.28541724030203,6.312964916229248,116300.0
2016-12-06,6.303782211635023,6.322147620823473,6.299191297193366,6.312964916229248,79500.0
2016-12-07,6.299188916485382,6.368057423492164,6.299188916485382,6.354283809661865,78400.0
2016-12-08,6.37724012461589,6.37724012461589,6.331327494707842,6.354283809661865,90200.0
2016-12-09,6.368061065673828,6.4093823686535325,6.358878797153638,6.368061065673828,99700.0
2016-12-12,6.386423293013734,6.391014644226316,6.3037807226086695,6.331328392028809,136500.0
2016-12-13,6.349693312907884,6.349693312907884,6.257868478599903,6.267050743103027,389900.0
2016-12-14,6.299191595006959,6.340512891923651,6.294600242492777,6.3267388343811035,87900.0
2016-12-15,6.331329522630411,6.345103140872395,6.299190934113973,6.317555904388428,71700.0
2016-12-16,6.335918845269704,6.358875160223728,6.308371179753817,6.354283809661865,70600.0
2016-12-19,6.335921539409468,6.372651483811977,6.308373862179849,6.3267388343811035,131100.0
2016-12-20,6.349695564190669,6.349695564190669,6.299191996879091,6.322148323059082,103600.0
2016-12-21,6.308372786847905,6.326737755918647,6.299190521240234,6.299190521240234,79000.0
2016-12-22,6.322147919722396,6.335921539409468,6.312965214694032,6.3267388343811035,82300.0
2016-12-23,6.34510421138357,6.349695564190669,6.3037829118306865,6.322148323059082,45400.0
2016-12-27,6.312969418934921,6.354290743370327,6.312969418934921,6.3451080322265625,69000.0
2016-12-28,6.3542847102363655,6.3542847102363655,6.322146127458996,6.331328392028809,59800.0
2016-12-29,6.349693525666363,6.368058493143312,6.34051126085557,6.3588762283325195,99000.0
2016-12-30,6.3634664361191,6.381831401559425,6.3496928215026855,6.3496928215026855,90300.0
2017-01-03,6.353386619779172,6.394911651526427,6.353386619779172,6.385684013366699,73600.0
2017-01-04,6.3810699742773425,6.399525690615784,6.371842336117614,6.385684013366699,76100.0
2017-01-05,6.390301172590462,6.43644026595499,6.37184544724081,6.4041428565979,100400.0
2017-01-06,6.413362899267934,6.413362899267934,6.362609824704854,6.37645149230957,117000.0
2017-01-09,6.385683268506959,6.390297307058111,6.362613515770138,6.367227554321289,53200.0
2017-01-10,6.362612948599608,6.399524373680623,6.357998910459758,6.3949103355407715,62700.0
2017-01-11,6.385684327230488,6.427209801037755,6.376456248598204,6.390298366546631,77100.0
2017-01-12,6.394911965843765,6.399526005159908,6.37184264930107,6.390298366546631,71100.0
2017-01-13,6.385684013366699,6.399525690615784,6.371842336117614,6.385684013366699,61900.0
2017-01-17,6.371842861175537,6.390298579034782,6.358000742766836,6.371842861175537,144900.0
2017-01-18,6.385684327230488,6.390298366546631,6.358000531352642,6.390298366546631,87300.0
2017-01-19,6.385679963158358,6.390293999321197,6.334926445404544,6.339540481567383,94700.0
2017-01-20,6.344158698006591,6.3672284540031425,6.321088942010041,6.33031702041626,97700.0
2017-01-23,6.344156580775452,6.357998253746411,6.334928505448912,6.348770618438721,60500.0
2017-01-24,6.344157801584468,6.381069229955808,6.3395437630333165,6.367227554321289,58100.0
2017-01-25,6.371844187203184,6.408755630603218,6.371844187203184,6.399527549743652,205800.0
2017-01-26,6.390298366546631,6.413367683089327,6.381070287914346,6.390298366546631,79800.0
2017-01-27,6.394910858883032,6.408752974435385,6.376455144832159,6.381069183349609,66500.0
2017-01-30,6.376459048563822,6.4133704992631255,6.37184544724081,6.4041428565979,82200.0
2017-01-31,6.399528815255687,6.4133704992631255,6.367231405898597,6.4041428565979,110100.0
2017-02-01,6.412480818336251,6.421754321769005,6.384661192407949,6.407844066619873,58100.0
2017-02-02,6.4124860853564805,6.4403061763203375,6.398576260967225,6.417122840881348,80100.0
2017-02-03,6.4171204755963815,6.444940114120859,6.4171204755963815,6.440303802490234,79400.0
2017-02-06,6.431033134460449,6.444942959864527,6.426396378597298,6.431033134460449,111200.0
2017-02-07,6.4356698903236005,6.440306646186753,6.421760064919524,6.431033134460449,74500.0
2017-02-08,6.4356698903236005,6.4356698903236005,6.398576727789144,6.431033134460449,73300.0
2017-02-09,6.426393032073975,6.435666538971129,6.417119967361968,6.426393032073975,66000.0
2017-02-10,6.4356698903236005,6.440306646186753,6.426396378597298,6.431033134460449,72900.0
2017-02-13,6.46812487360533,6.46812487360533,6.421758651733398,6.421758651733398,52900.0
2017-02-14,6.417124249989402,6.454217417962773,6.417124249989402,6.444943904876709,82000.0
2017-02-15,6.44958019119972,6.477400286244188,6.44030712097517,6.4681267738342285,137800.0
2017-02-16,6.4588532274539805,6.4634895411317554,6.431033134460449,6.431033134460449,72000.0
2017-02-17,6.417119967361968,6.435666538971129,6.417119967361968,6.426393032073975,68900.0
2017-02-21,6.421760064919524,6.4588532274539805,6.421760064919524,6.431033134460449,102500.0
2017-02-22,6.431030757131764,6.449577331542969,6.42639400298266,6.449577331542969,112000.0
2017-02-23,6.449577331542969,6.472760660103277,6.435667511280869,6.449577331542969,102100.0
2017-02-24,6.421757691018769,6.463487151805069,6.421757691018769,6.449577331542969,57200.0
2017-02-27,6.454217417962773,6.458854174505805,6.444943904876709,6.444943904876709,54300.0
2017-02-28,6.454216471590829,6.495946389988438,6.4124865531932205,6.431033134460449,240100.0
2017-03-01,6.467376104930319,6.472035704410216,6.444078551894698,6.453397750854492,78200.0
2017-03-02,6.420776085060855,6.467371155473048,6.420776085060855,6.439414024353027,165600.0
2017-03-03,6.444081529369952,6.495335814239168,6.444081529369952,6.467379093170166,76200.0
2017-03-06,6.4580551827987485,6.476693131381398,6.430098482106646,6.472033977508545,85100.0
2017-03-07,6.453396211660175,6.467374562402037,6.4347582625497735,6.444077014923096,85400.0
2017-03-08,6.453397750854492,6.458056905970525,6.439418952414801,6.453397750854492,70100.0
2017-03-09,6.4487352254636345,6.4487352254636345,6.355545499966924,6.402140140533447,148000.0
2017-03-10,6.406802550894159,6.509311516130345,6.402142951482546,6.495332717895508,158000.0
2017-03-13,6.467376104930319,6.4860140584860435,6.453397750854492,6.453397750854492,71400.0
2017-03-14,6.448740080752891,6.448740080752891,6.388166602483034,6.40680456161499,56300.0
2017-03-15,6.41145933526495,6.444075628097883,6.360204652969013,6.402140140533447,98900.0
2017-03-16,6.430100197818871,6.453397750854492,6.416121843743045,6.453397750854492,68700.0
2017-03-17,6.4487385749816895,6.476695284969773,6.439419375409732,6.4487385749816895,69200.0
2017-03-20,6.444079803769542,6.448739404154647,6.434761047363281,6.434761047363281,72900.0
2017-03-21,6.434759934296385,6.448738288669815,6.406802781185652,6.420781135559082,68300.0
2017-03-22,6.406803065635669,6.4487385749816895,6.397483866063712,6.4487385749816895,94100.0
2017-03-23,6.444077014923096,6.4487366132916355,6.4347582625497735,6.444077014923096,51500.0
2017-03-24,6.448733216180876,6.448733216180876,6.42543568097478,6.439414024353027,63600.0
2017-03-27,6.420781665142778,6.434760465033047,6.411462909579843,6.425441265106201,54200.0
2017-03-28,6.42544102041569,6.458057330189753,6.420781420629711,6.4487385749816895,109300.0
2017-03-29,6.444076193581279,6.467373738090789,6.4394165958066365,6.458054542541504,66000.0
2017-03-30,6.453397888248915,6.472035842201446,6.420781135559082,6.420781135559082,51300.0
2017-03-31,6.425439065812694,6.4487366132916355,6.416120313439372,6.444077014923096,69200.0
2017-04-03,6.447825763902581,6.452507941256253,6.42441309089584,6.429095268249512,78700.0
2017-04-04,6.42441193804048,6.438459360699889,6.396316646162148,6.415046691894531,67500.0
2017-04-05,6.419729032147975,6.443141699921893,6.400998987240739,6.405681610107422,52500.0
2017-04-06,6.391634825610948,6.410364873695041,6.3729047775268555,6.3729047775268555,101900.0
2017-04-07,6.363538786856532,6.386951454223643,6.335443496704102,6.335443496704102,228400.0
2017-04-10,6.363540091747076,6.391634941101074,6.363540091747076,6.391634941101074,83100.0
2017-04-11,6.382268347265959,6.4056810128569355,6.372903102405787,6.386950969696045,57600.0
2017-04-12,6.386954953307579,6.424415062993628,6.368224898464555,6.377589702606201,48000.0
2017-04-13,6.377585724835873,6.3963157679967635,6.368220926535154,6.386950969696045,62300.0
2017-04-17,6.3729047775268555,6.386952648509603,6.354174729442763,6.3729047775268555,50800.0
2017-04-18,6.349492552341418,6.4010000729327805,6.349492552341418,6.3729047775268555,56000.0
2017-04-19,6.377584606121825,6.415044685872605,6.321394486495655,6.344807147979736,144700.0
2017-04-20,6.340125043898552,6.391632546120451,6.330760246476121,6.368220329284668,99600.0
2017-04-21,6.3541742498069995,6.372904296477282,6.349492073059082,6.349492073059082,79500.0
2017-04-24,6.382268347265959,6.3963157679967635,6.372903102405787,6.386950969696045,50500.0
2017-04-25,6.4056822038754015,6.424412250518799,6.377586910630537,6.424412250518799,107600.0
2017-04-26,6.433776454188528,6.433776454188528,6.396316364374057,6.405681610107422,77400.0
2017-04-27,6.400999269235123,6.415046691894531,6.386951846575714,6.415046691894531,71700.0
2017-04-28,6.405681610107422,6.410363786414609,6.386951565200187,6.405681610107422,51100.0
2017-05-01,6.403799448563605,6.427325620638041,6.3896839248087085,6.4226202964782715,52800.0
2017-05-02,6.4085081239802,6.4320343083573865,6.394392592843745,6.399097919464111,66200.0
2017-05-03,6.403802394866943,6.403802394866943,6.3802766606930446,6.403802394866943,72500.0
2017-05-04,6.389683141118065,6.394388464700728,6.352041449905462,6.3849778175354,69500.0
2017-05-05,6.389684391515641,6.389684391515641,6.356748017440382,6.375568866729736,52100.0
2017-05-08,6.370864287303497,6.384979813740222,6.361454085920511,6.366158962249756,57100.0
2017-05-09,6.3661560231439305,6.384976865945252,6.361451148986816,6.361451148986816,49800.0
2017-05-10,6.356747845656069,6.4179157163745835,6.356747845656069,6.413210391998291,139500.0
2017-05-11,6.403795752362761,6.427321910858154,6.384974915311275,6.427321910858154,94100.0
2017-05-12,6.422624014998396,6.4414448738098145,6.417919136839044,6.4414448738098145,81100.0
2017-05-15,6.44144432248933,6.446149648970626,6.4226234652887815,6.436739444732666,65200.0
2017-05-16,6.4320268630981445,6.441437056721658,6.413206027126992,6.4320268630981445,80600.0
2017-05-17,6.4085052408049945,6.427326090094349,6.3614533419438315,6.375568866729736,95100.0
2017-05-18,6.375568675923406,6.408505049012954,6.356747827197317,6.389684200286865,56000.0
2017-05-19,6.389686864617681,6.413213047516196,6.384981538293054,6.403802394866943,88100.0
2017-05-22,6.4085010738066694,6.436732553745973,6.389680236755185,6.427321910858154,40400.0
2017-05-23,6.413210391998291,6.427325916402739,6.399094867593843,6.413210391998291,80300.0
2017-05-24,6.4179183738408225,6.4179183738408225,6.3990975172669335,6.403802394866943,79300.0
2017-05-25,6.4085084830709995,6.446150200693837,6.4085084830709995,6.4414448738098145,72400.0
2017-05-26,6.432029912052433,6.436735235456702,6.417914390563965,6.417914390563965,43700.0
2017-05-30,6.417914390563965,6.4273245886481645,6.413209067159696,6.417914390563965,54500.0
2017-05-31,6.417916566594729,6.422621442869875,6.408505916595459,6.408505916595459,46400.0
2017-06-01,6.444437679949922,6.444437679949922,6.411340932545478,6.425525188446045,111400.0
2017-06-02,6.420794880653291,6.43497913197616,6.411338863407784,6.416066646575928,48500.0
2017-06-05,6.397160420112196,6.430257640126603,6.392432632318418,6.420801162719727,74700.0
2017-06-06,6.4255231147306535,6.43497913197616,6.411338863407784,6.416066646575928,30100.0
2017-06-07,6.434980510295745,6.434980510295745,6.4066120015737065,6.411340236663818,45300.0
2017-06-08,6.4255231147306535,6.4255231147306535,6.392426378007552,6.416066646575928,25400.0
2017-06-09,6.425526754040607,6.439711013397202,6.401886021173301,6.434982776641846,47100.0
2017-06-12,6.411342081104576,6.42079810309583,6.373516640411222,6.378244876861572,168100.0
2017-06-13,6.397156496949922,6.40661296855746,6.364059748142306,6.382972240447998,58700.0
2017-06-14,6.392426884812335,6.397154668355307,6.359329694556,6.387698650360107,54000.0
2017-06-15,6.397155974747088,6.397155974747088,6.330962482535262,6.349874973297119,134200.0
2017-06-16,6.354602500951659,6.378243226175756,6.340418246180932,6.364058971405029,56500.0
2017-06-19,6.382971461402441,6.382971461402441,6.335690010954247,6.364058971405029,77300.0
2017-06-20,6.34987680016313,6.3593328228098915,6.34514856338501,6.34514856338501,62000.0
2017-06-21,6.34987668421767,6.368789180075339,6.297866982426977,6.307323455810547,74700.0
2017-06-22,6.33096418836,6.335691974142316,6.264770227403424,6.307323455810547,61200.0
2017-06-23,6.293136899930045,6.316777172942383,6.264767941042212,6.312049388885498,64300.0
2017-06-26,6.297866086657597,6.316778579825271,6.241128607154576,6.250585079193115,80300.0
2017-06-27,6.264769336341519,6.2836818295091925,6.222216113986902,6.250585079193115,85900.0
2017-06-28,6.260040760040283,6.293137959466676,6.2505847394251575,6.260040760040283,78200.0
2017-06-29,6.269497012169817,6.288409503647625,6.241128049498422,6.245856285095215,67000.0
2017-06-30,6.25058622753028,6.293139457702637,6.25058622753028,6.293139457702637,91200.0
2017-07-03,6.305492877960205,6.329250965549741,6.291237481618715,6.305492877960205,21200.0
2017-07-05,6.314996719360352,6.334003463423667,6.300741774601996,6.314996719360352,62300.0
2017-07-06,6.295988791983658,6.310243734062836,6.276982051492606,6.286485195159912,51200.0
2017-07-07,6.286484593102658,6.319746725643809,6.276981450345469,6.310243129730225,77900.0
2017-07-10,6.295988189016243,6.338753464314584,6.295988189016243,6.310243129730225,63100.0
2017-07-11,6.314998528707125,6.334005278216174,6.300743579864502,6.300743579864502,69700.0
2017-07-12,6.305493815967536,6.3340037065787085,6.305493815967536,6.324500560760498,65700.0
2017-07-13,6.319749455289621,6.357762949050076,6.314997655280417,6.3340044021606445,76400.0
2017-07-14,6.329254935065768,6.372020244598389,6.310248181179798,6.372020244598389,50700.0
2017-07-17,6.35300994395959,6.372016687234492,6.32450005562549,6.362513542175293,59000.0
2017-07-18,6.357761370022945,6.386271256684214,6.357761370022945,6.376768112182617,79600.0
2017-07-19,6.376769034292616,6.414782524108887,6.367265435260277,6.414782524108887,105100.0
2017-07-20,6.395774597184407,6.400526395822387,6.362512913031468,6.386270999908447,117200.0
2017-07-21,6.400528907775879,6.405280255122114,6.3672667574124056,6.400528907775879,80500.0
2017-07-24,6.414782690290305,6.414782690290305,6.348258854810194,6.353010654449463,104900.0
2017-07-25,6.362511273121233,6.391021151287892,6.357759475708008,6.357759475708008,48900.0
2017-07-26,6.367263317108154,6.395773651564299,6.362511972329124,6.367263317108154,63700.0
2017-07-27,6.372016687234492,6.372016687234492,6.348258144851738,6.362513542175293,84000.0
2017-07-28,6.36726488812664,6.381520285450195,6.35300994395959,6.362513542175293,35900.0
2017-07-31,6.362512773593907,6.4290361404418945,6.362512773593907,6.4290361404418945,64700.0
2017-08-01,6.427124500274658,6.4414493158938555,6.403249503990878,6.427124500274658,52900.0
2017-08-02,6.4366758569138485,6.4366758569138485,6.374601488372243,6.408026218414307,126700.0
2017-08-03,6.417577879214255,6.417577879214255,6.322078296486558,6.360278129577637,273900.0
2017-08-04,6.355500351934832,6.388925075531006,6.345950170691522,6.388925075531006,118400.0
2017-08-07,6.369827747344971,6.393702754741705,6.360277562235121,6.369827747344971,48000.0
2017-08-08,6.3889256398505285,6.3889256398505285,6.355500913302023,6.379375457763672,56100.0
2017-08-09,6.384152569631856,6.38892766218678,6.317302639996577,6.369827747344971,94500.0
2017-08-10,6.336402117712453,6.345951846099301,6.288652109644736,6.3173017501831055,71700.0
2017-08-11,6.240902101577018,6.350726937981638,6.240902101577018,6.3173017501831055,172400.0
2017-08-14,6.326852366531332,6.365052193446199,6.317302182113687,6.32207727432251,86000.0
2017-08-15,6.322076430646244,6.345951433126399,6.302976519737679,6.312526702880859,85200.0
2017-08-16,6.322076752972553,6.3316269366026425,6.307751932905239,6.326851844787598,129100.0
2017-08-17,6.326852366531332,6.331627458740155,6.302977360865077,6.32207727432251,137800.0
2017-08-18,6.326851844787598,6.3316269366026425,6.312527024720283,6.326851844787598,75200.0
2017-08-21,6.322077139907353,6.345952145065997,6.302977226856008,6.336402416229248,72400.0
2017-08-22,6.341176376969141,6.355501651763916,6.317301374355649,6.355501651763916,74000.0
2017-08-23,6.331626649150424,6.355501651763916,6.331626649150424,6.355501651763916,59100.0
2017-08-24,6.35550269559879,6.35550269559879,6.326852596681515,6.34595251083374,72200.0
2017-08-25,6.35072478303262,6.355499873294657,6.331624877362142,6.341174602508545,42300.0
2017-08-28,6.345953057655632,6.384152889251709,6.331628234651582,6.384152889251709,47000.0
2017-08-29,6.355499873294657,6.374599778965136,6.336399967624179,6.341174602508545,50800.0
2017-08-30,6.3459514685673994,6.365051379582634,6.336401740748682,6.355501651763916,85200.0
2017-08-31,6.393700730893956,6.393700730893956,6.350725822258594,6.379375457763672,75700.0
2017-09-01,6.382256803268747,6.425445079803467,6.372659205088289,6.425445079803467,116400.0
2017-09-05,6.42064559496318,6.42064559496318,6.353463787791265,6.387054920196533,39000.0
2017-09-06,6.382256149731389,6.420645623244832,6.358262614375831,6.415846824645996,101900.0
2017-09-07,6.430243400906302,6.4782304763793945,6.396652722658338,6.4782304763793945,163900.0
2017-09-08,6.473431834969335,6.473431834969335,6.4014516776452375,6.406250476837158,82800.0
2017-09-11,6.415847617582321,6.430243557519405,6.396652878453317,6.406250476837158,43100.0
2017-09-12,6.430242162794052,6.4398397590961665,6.382255554199219,6.382255554199219,45200.0
2017-09-13,6.372657957897104,6.406249087315925,6.372657957897104,6.382255554199219,64400.0
2017-09-14,6.4110488183904,6.4110488183904,6.382256938516233,6.406250476837158,43300.0
2017-09-15,6.41584782529155,6.420646624638829,6.3822571451379835,6.391854286193848,69100.0
2017-09-18,6.382255412425076,6.391852550875422,6.339067145302096,6.348664283752441,86600.0
2017-09-19,6.358261329841818,6.358261329841818,6.334267799333577,6.343865394592285,110200.0
2017-09-20,6.334267799333577,6.363060127471172,6.334267799333577,6.343865394592285,85200.0
2017-09-21,6.35826088872308,6.367858483315934,6.30547549137788,6.319871425628662,74000.0
2017-09-22,6.3150731000983065,6.377456096696668,6.3150731000983065,6.372657299041748,106200.0
2017-09-25,6.367859617384626,6.387054352350276,6.363060819233569,6.382255554199219,50700.0
2017-09-26,6.387056986406873,6.39665412902832,6.358264643264992,6.39665412902832,31600.0
2017-09-27,6.425444421843668,6.425444421843668,6.382256149731389,6.415846824645996,50300.0
2017-09-28,6.411048662244799,6.4782304763793945,6.406250320808424,6.4782304763793945,141800.0
2017-09-29,6.492628238617845,6.492628238617845,6.444641607312309,6.473433494567871,109400.0
2017-10-02,6.485968405099763,6.485968405099763,6.457034974174576,6.476324081420898,42300.0
2017-10-03,6.461858523662267,6.461858523662267,6.428102692503277,6.437747478485107,63700.0
2017-10-04,6.423278421468144,6.437745596210963,6.399167383340592,6.403989315032959,46400.0
2017-10-05,6.413635592220023,6.4232799177399285,6.389524088587241,6.418457984924316,48700.0
2017-10-06,6.423277552285067,6.428099943213452,6.379876953706625,6.38469934463501,55900.0
2017-10-09,6.384700546757856,6.408812046051025,6.375056222973747,6.408812046051025,68300.0
2017-10-10,6.413634252892393,6.418456644589649,6.394345145991952,6.399167537689209,55200.0
2017-10-11,6.413636684417725,6.418459077943237,6.399169963729945,6.413636684417725,36300.0
2017-10-12,6.408814290892212,6.4232810115799905,6.399169963729945,6.413636684417725,64700.0
2017-10-13,6.408811706613898,6.418456489775778,6.403989315032959,6.403989315032959,23600.0
2017-10-16,6.423280299512362,6.442569411587314,6.403991187437409,6.437747478485107,43300.0
2017-10-17,6.428104400634766,6.442571123563026,6.418460071978869,6.428104400634766,79500.0
2017-10-18,6.428102154855636,6.4618579831912815,6.413635436981597,6.423279762268066,107500.0
2017-10-19,6.43292679490713,6.43292679490713,6.399170954778246,6.428104400634766,79100.0
2017-10-20,6.4232820063624025,6.43292679490713,6.4088152834341425,6.428104400634766,69000.0
2017-10-23,6.4281023104442205,6.4329247031485135,6.413635592220023,6.418457984924316,41000.0
2017-10-24,6.432924547443205,6.437746940030774,6.418457829569166,6.423279762268066,58800.0
2017-10-25,6.41845671826069,6.423278650124708,6.370233720511792,6.379878044128418,53300.0
2017-10-26,6.375058690900632,6.384703018418275,6.341302394866943,6.341302394866943,41900.0
2017-10-27,6.346122512623735,6.37023401260376,6.341300120650009,6.37023401260376,43300.0
2017-10-30,6.365410054698417,6.399166330321635,6.350943342224751,6.375054836273193,58900.0
2017-10-31,6.375055490142038,6.379877421535498,6.336477279663086,6.336477279663086,63200.0
2017-11-01,6.343262195587158,6.377183235518798,6.338416200699921,6.343262195587158,54100.0
2017-11-02,6.33841695264597,6.357800472354935,6.314187437474873,6.333570957183838,59300.0
2017-11-03,6.319036484115318,6.323882481917365,6.285115423780566,6.294806957244873,47000.0
2017-11-06,6.280267147063184,6.2996506690979,6.270575154976016,6.2996506690979,92900.0
2017-11-07,6.309343338012695,6.319034868999893,6.289959351758965,6.309343338012695,44000.0
2017-11-08,6.309339590738419,6.314185122284301,6.27541809708088,6.2899556159973145,55900.0
2017-11-09,6.251191139221191,6.285112646707534,6.251191139221191,6.251191139221191,59900.0
2017-11-10,6.270573310897408,6.270573310897408,6.207577229415467,6.23180627822876,105900.0
2017-11-13,6.241500657482345,6.241500657482345,6.183350086212158,6.183350086212158,176700.0
2017-11-14,6.1978881867451205,6.222117709216965,6.130045616251895,6.163967132568359,160400.0
2017-11-15,6.115505180222814,6.23180627822876,6.115505180222814,6.23180627822876,71200.0
2017-11-16,6.260880578164446,6.2899556159973145,6.236651071877461,6.2899556159973145,92900.0
2017-11-17,6.270576104628389,6.289959629598659,6.217271526495069,6.226963520050049,152100.0
2017-11-20,6.260885431489991,6.260885431489991,6.1930428537239655,6.1978888511657715,76500.0
2017-11-21,6.2027348486075775,6.2269643736768545,6.1930428537239655,6.1978888511657715,64700.0
2017-11-22,6.197886280463599,6.241499315070934,6.188194751739502,6.188194751739502,74500.0
2017-11-24,6.21727190377683,6.236655429923347,6.197888377630313,6.222117900848389,48900.0
2017-11-27,6.222114170194721,6.236651690553277,6.183347141145611,6.202730655670166,92200.0
2017-11-28,6.20757922106282,6.226962743616177,6.173657709989721,6.2124247550964355,115500.0
2017-11-29,6.21242552971758,6.226963520050049,6.188196470109509,6.226963520050049,121800.0
2017-11-30,6.241498758725593,6.256036281585693,6.2124232508658705,6.256036281585693,91100.0
2017-12-01,6.25798674758489,6.25798674758489,6.233636512432624,6.253116607666016,64800.0
2017-12-04,6.26285364153855,6.2969441413879395,6.257983968224551,6.2969441413879395,155500.0
2017-12-05,6.2872058402277515,6.340776443481445,6.2823357009424985,6.340776443481445,188600.0
2017-12-06,6.355385780334473,6.360255919147255,6.3212952730869985,6.355385780334473,168400.0
2017-12-07,6.335905689525345,6.360255919147255,6.331035550712563,6.355385780334473,142800.0
2017-12-08,6.350515303595213,6.379735670475017,6.335905352376297,6.374865531921387,115600.0
2017-12-11,6.360256195068359,6.369996008674457,6.345645777996183,6.360256195068359,109400.0
2017-12-12,6.355385705214292,6.360255843969509,6.335905614635418,6.345645427703857,134800.0
2017-12-13,6.34077412452271,6.360254210097387,6.316423901443895,6.350513935089111,245600.0
2017-12-14,6.331035752786152,6.350515844217044,6.306685522387033,6.316425800323486,245800.0
2017-12-15,6.316425864649786,6.340776095296888,6.287205494984861,6.2920756340026855,175700.0
2017-12-18,6.321294782591929,6.326164921026817,6.287204742431641,6.287204742431641,97600.0
2017-12-19,6.282335355967037,6.29694577302051,6.277465681391233,6.2920756340026855,83000.0
2017-12-20,6.2823337281202445,6.321293901283633,6.2823337281202445,6.2969441413879395,148300.0
2017-12-21,6.292076798132799,6.296946938051673,6.243376327828267,6.253116607666016,177900.0
2017-12-22,6.262853622436523,6.287203846699847,6.248243673655288,6.262853622436523,166900.0
2017-12-26,6.26285364153855,6.3066839524578375,6.26285364153855,6.2969441413879395,94600.0
2017-12-27,6.292077685035002,6.292077685035002,6.262857305845092,6.277467727661133,89800.0
2017-12-28,6.277464590075464,6.282334263804692,6.243374087319232,6.272594451904297,181200.0
2017-12-29,6.257985990445093,6.287205897538875,6.248245711785799,6.2823357582092285,292600.0
2018-01-02,6.2940828173640275,6.30387166191383,6.27940001729712,6.289188861846924,101000.0
2018-01-03,6.298978472260243,6.318555698433039,6.28919009255279,6.308767318725586,69000.0
2018-01-04,6.313658073298552,6.328341335550113,6.308764119305685,6.318552494049072,77900.0
2018-01-05,6.328344544898382,6.328344544898382,6.298978472260243,6.308767318725586,75500.0
2018-01-08,6.318551892079301,6.318551892079301,6.279397463320697,6.2940802574157715,112900.0
2018-01-09,6.289186303889152,6.298974677699999,6.279397463320697,6.2940802574157715,100000.0
2018-01-10,6.294080306283134,6.294080306283134,6.2549258772205345,6.26471471786499,198100.0
2018-01-11,6.26471471786499,6.2842919323962905,6.26471471786499,6.26471471786499,170200.0
2018-01-12,6.2793995603159285,6.284293982234641,6.259822339398846,6.274505138397217,132900.0
2018-01-16,6.274503043036469,6.303869097984227,6.274503043036469,6.2940802574157715,119600.0
2018-01-17,6.303871828113082,6.308766250517023,6.274505760447244,6.284294605255127,124700.0
2018-01-18,6.294080306283134,6.294080306283134,6.2549258772205345,6.26471471786499,102900.0
2018-01-19,6.245133721496461,6.254922089455808,6.220662101462101,6.235344886779785,151300.0
2018-01-22,6.264717382397172,6.294082983305199,6.254928537589289,6.284294605255127,161200.0
2018-01-23,6.303869698555165,6.33323528954298,6.294080857054125,6.318552494049072,179700.0
2018-01-24,6.31855246839018,6.35281247998939,6.31855246839018,6.333235263824463,111800.0
2018-01-25,6.338129356530719,6.3528121512051055,6.318552141378993,6.343023777008057,131300.0
2018-01-26,6.352813298969449,6.352813298969449,6.3234477043151855,6.3234477043151855,96200.0
2018-01-29,6.3332361997495035,6.35281341880755,6.3087650259952355,6.347919464111328,206100.0
2018-01-30,6.333236410842165,6.343025254076319,6.289188016561677,6.313659191131592,121400.0
2018-01-31,6.323450121665711,6.347921771071178,6.298978472260243,6.308767318725586,96400.0
2018-02-01,6.333350823988105,6.348102286087821,6.308764741194894,6.328433513641357,132200.0
2018-02-02,6.3284323952646835,6.343183854757485,6.308763626294135,6.333349704742432,102600.0
2018-02-05,6.333349607036377,6.338266916438264,6.294012069702148,6.294012069702148,63000.0
2018-02-06,6.289097785949707,6.318601187614515,6.284180474182129,6.289097785949707,122200.0
2018-02-07,6.308765411376953,6.333351496781951,6.298931258579299,6.308765411376953,85800.0
2018-02-08,6.308763528967376,6.333349607036377,6.294012069702148,6.294012069702148,168700.0
2018-02-09,6.298930839113529,6.333351075024028,6.254675982119719,6.279262065887451,287600.0
2018-02-12,6.2940132515369305,6.343184947967529,6.2940132515369305,6.343184947967529,57100.0
2018-02-13,6.308764741194894,6.338268134334852,6.303847430848147,6.328433513641357,87800.0
2018-02-14,6.313680583668558,6.357935428619385,6.313680583668558,6.357935428619385,103300.0
2018-02-15,6.36777036003929,6.377604979654003,6.348101589750338,6.362853050231934,66700.0
2018-02-16,6.353018448526857,6.3776045268776835,6.3481011390686035,6.3481011390686035,46100.0
2018-02-20,6.367769578086004,6.3776041964930394,6.348100810212349,6.357935428619385,67700.0
2018-02-21,6.353018899557695,6.372687669846647,6.348101589750338,6.362853050231934,79200.0
2018-02-22,6.362855545394214,6.387441635131836,6.362855545394214,6.387441635131836,59200.0
2018-02-23,6.3972729399288095,6.3972729399288095,6.36285224457609,6.372686862945557,75300.0
2018-02-26,6.3874395896137806,6.407108361317006,6.338267894825972,6.377605438232422,125600.0
2018-02-27,6.3972762586031475,6.3972762586031475,6.357938702599215,6.387441635131836,105400.0
2018-02-28,6.407107976704045,6.426776747226571,6.377605055390495,6.416942596435547,125600.0
2018-03-01,6.431764027610177,6.436703580322984,6.362605107458263,6.3724846839904785,155100.0
2018-03-02,6.362604174959055,6.402123417509205,6.342844553683981,6.382363796234131,178900.0
2018-03-05,6.372481398830919,6.397181034088135,6.3576618061191335,6.397181034088135,78700.0
2018-03-06,6.402122450239542,6.402122450239542,6.372482787251795,6.37742280960083,87000.0
2018-03-07,6.372486112199994,6.382366162053139,6.362606533453554,6.367546558380127,39400.0
2018-03-08,6.367542732682424,6.39718192222086,6.362602710723877,6.362602710723877,84500.0
2018-03-09,6.387303819329532,6.402123417509205,6.372483750043327,6.382363796234131,94100.0
2018-03-12,6.3971814939938145,6.41200108777101,6.372481856960895,6.387301921844482,102700.0
2018-03-13,6.387302854298899,6.416942046180186,6.37742280960083,6.37742280960083,66900.0
2018-03-14,6.382363810209037,6.392243385314941,6.3724837639966,6.392243385314941,113700.0
2018-03-15,6.392242405541473,6.397182427890508,6.362603213660187,6.37742280960083,81500.0
2018-03-16,6.387300541863358,6.411999702453613,6.372480480181657,6.411999702453613,111200.0
2018-03-19,6.392245803689332,6.416945457458496,6.382366224845693,6.416945457458496,64000.0
2018-03-20,6.416943135939151,6.456462379229872,6.402123537481766,6.4515228271484375,83800.0
2018-03-21,6.451522797767919,6.451522797767919,6.4169431067161105,6.436702728271484,87400.0
2018-03-22,6.407061565533948,6.451520818168193,6.397181522234607,6.402121543884277,35400.0
2018-03-23,6.411999702453613,6.441639354710726,6.397180111878202,6.411999702453613,40900.0
2018-03-26,6.456462449546701,6.500921716509599,6.33296469514156,6.495981693267822,118600.0
2018-03-27,6.5009212147262545,6.510801260447201,6.466341996915959,6.481161594390869,73100.0
2018-03-28,6.49598077552334,6.515740394592285,6.476221156454395,6.515740394592285,84900.0
2018-03-29,6.520681404496312,6.545381049849127,6.515741381204438,6.535501003265381,65400.0
2018-04-02,6.55038849663161,6.55038849663161,6.48587703704834,6.48587703704834,47800.0
2018-04-03,6.520611308645407,6.520611308645407,6.48091203972769,6.4908366203308105,74400.0
2018-04-04,6.495801312676208,6.5106884251699135,6.475951671600342,6.475951671600342,33900.0
2018-04-05,6.49084047879391,6.500765538549573,6.451141186277052,6.461066246032715,64600.0
2018-04-06,6.45114024365398,6.525576287933472,6.45114024365398,6.515651702880859,143300.0
2018-04-09,6.485875968228259,6.5454248888182125,6.485875968228259,6.520613193511963,47500.0
2018-04-10,6.5305373215562454,6.575199127197266,6.510687682743872,6.575199127197266,76000.0
2018-04-11,6.560312916739145,6.565274972183691,6.505726047574071,6.550387859344482,105500.0
2018-04-12,6.560313528336205,6.575200642563292,6.540463884949146,6.57023811340332,53100.0
2018-04-13,6.575198789788007,6.595048427581787,6.570236262026388,6.595048427581787,67200.0
2018-04-16,6.624825085690927,6.624825085690927,6.570238210629121,6.6198625564575195,50700.0
2018-04-17,6.604975832745047,6.634750063401191,6.600013303218068,6.624825477600098,54700.0
2018-04-18,6.659562237783221,6.659562237783221,6.600013303218068,6.624825477600098,92900.0
2018-04-19,6.614898065375568,6.629785175407729,6.590085899820169,6.595048427581787,75800.0
2018-04-20,6.575200029578355,6.600012199812226,6.545425330647151,6.550387859344482,55600.0
2018-04-23,6.565274972183691,6.570237500881023,6.5355007465052735,6.550387859344482,51100.0
2018-04-24,6.5503857270727694,6.560310781236644,6.515648984004472,6.53549861907959,70500.0
2018-04-25,6.520613193511963,6.550387417180563,6.515650665149612,6.520613193511963,74900.0
2018-04-26,6.570235480619533,6.619859805828444,6.5404612640962965,6.585123062133789,108800.0
2018-04-27,6.624824802062203,6.629786857830334,6.525576114654541,6.525576114654541,106700.0
2018-04-30,6.525574458677208,6.595048427581787,6.525574458677208,6.595048427581787,70800.0
2018-05-01,6.610004778651568,6.639914035797119,6.595049674679722,6.639914035797119,55900.0
2018-05-02,6.66982461921076,6.66982461921076,6.5751108502360545,6.590065956115723,62200.0
2018-05-03,6.58009601152299,6.619975343834106,6.560156345367432,6.560156345367432,52600.0
2018-05-04,6.560155570841375,6.570125640441606,6.520276243238619,6.55517053604126,99900.0
2018-05-07,6.550184784601097,6.560154376987922,6.5252600905355385,6.535229682922363,63200.0
2018-05-08,6.525262048444991,6.565141380756106,6.5152919776676415,6.560156345367432,48800.0
2018-05-09,6.5551712035842,6.565141274199728,6.5053222767039545,6.510307312011719,49700.0
2018-05-10,6.515289605555934,6.530244706277047,6.480395321337938,6.520274639129639,61500.0
2018-05-11,6.530248230129079,6.535232790993584,6.5003384879459265,6.515293121337891,47700.0
2018-05-14,6.525259672703343,6.570124024068748,6.510305047381197,6.520274639129639,87800.0
2018-05-15,6.535229264451784,6.535229264451784,6.480395321337938,6.520274639129639,63000.0
2018-05-16,6.5302446433137185,6.5302446433137185,6.480395258855246,6.495349884033203,107600.0
2018-05-17,6.5053201882711775,6.5053201882711775,6.465440869409969,6.475410461425781,73200.0
2018-05-18,6.480396809389625,6.480396809389625,6.455472111196773,6.465442180633545,52000.0
2018-05-21,6.460454109073965,6.480393763175474,6.460454109073965,6.470423698425293,172900.0
2018-05-22,6.49036556254797,6.49036556254797,6.4604558357025725,6.475410461425781,101000.0
2018-05-23,6.475410461425781,6.4953501208563855,6.4604558357025725,6.475410461425781,52700.0
2018-05-24,6.475411655600489,6.480396690227209,6.455471992492676,6.455471992492676,26100.0
2018-05-25,6.470425427718385,6.485380528840573,6.4604558357025725,6.475410461425781,44600.0
2018-05-29,6.465439141449056,6.485378795550565,6.4405144549724564,6.470423698425293,42200.0
2018-05-30,6.46544354618597,6.505322881557731,6.46544354618597,6.480398178100586,71300.0
2018-05-31,6.49036556254797,6.5053201882711775,6.470425427718385,6.475410461425781,59900.0
2018-06-01,6.470402717590332,6.500450759788094,6.470402717590332,6.470402717590332,25500.0
2018-06-04,6.47541046142578,6.480418149728736,6.470402295517836,6.475410461425781,51300.0
2018-06-05,6.475407963847346,6.475407963847346,6.440351293618154,6.465391635894775,88500.0
2018-06-06,6.465391635894775,6.4703997998710605,6.4453594575944395,6.465391635894775,84800.0
2018-06-07,6.465395180069306,6.47541151351259,6.435347134949586,6.440354824066162,78700.0
2018-06-08,6.445364368721663,6.460388394493461,6.425332175157543,6.4353485107421875,31400.0
2018-06-11,6.455379009246826,6.455379009246826,6.435346820942777,6.455379009246826,109500.0
2018-06-12,6.4603866981190565,6.480418886423107,6.420322321510958,6.455379009246826,57100.0
2018-06-13,6.450372536513985,6.460388394493461,6.415316317178067,6.4353485107421875,43900.0
2018-06-14,6.43034044923013,6.49544519879086,6.43034044923013,6.445364475250244,74200.0
2018-06-15,6.47541151351259,6.485427369350808,6.435347134949586,6.440354824066162,45700.0
2018-06-18,6.445361392688633,6.450369558168522,6.415313355019193,6.425329208374023,45000.0
2018-06-19,6.42032263478466,6.440354824066162,6.385266422943299,6.440354824066162,123700.0
2018-06-20,6.480418572454579,6.480418572454579,6.440354197787551,6.470402717590332,66600.0
2018-06-21,6.460385411523353,6.485425761317852,6.425329208374023,6.425329208374023,55500.0
2018-06-22,6.465394442395348,6.4804184632410315,6.450370421549665,6.460386276245117,48900.0
2018-06-25,6.445360745988139,6.445360745988139,6.395280529028928,6.410304546356201,46100.0
2018-06-26,6.410308149385744,6.435348510742187,6.4002918138011,6.4353485107421875,55200.0
2018-06-27,6.425331962536958,6.455380490691387,6.415316104888916,6.415316104888916,63500.0
2018-06-28,6.420324802398682,6.445365166855891,6.3952849155467,6.420324802398682,28500.0
2018-06-29,6.425332175157543,6.440356200929341,6.405299981593422,6.4353485107421875,79400.0
2018-07-02,6.430313134770628,6.4403764531545376,6.244146063277188,6.329682350158691,321700.0
2018-07-03,6.329686510103742,6.380002175400477,6.319623664951842,6.369938850402832,143800.0
2018-07-05,6.380002730356116,6.380002730356116,6.34478156964644,6.364907741546631,67300.0
2018-07-06,6.369935476414279,6.405156135559082,6.359872636592403,6.405156135559082,56900.0
2018-07-09,6.410186653954496,6.410186653954496,6.3749660010813045,6.385028839111328,113000.0
2018-07-10,6.390062838313307,6.420252323150635,6.3799999965979195,6.420252323150635,72300.0
2018-07-11,6.430316696192706,6.445411682128906,6.410190528123468,6.445411682128906,73300.0
2018-07-12,6.46050618821941,6.46050618821941,6.4202538520809345,6.445411682128906,56000.0
2018-07-13,6.430314984522266,6.445409966440368,6.400125980377197,6.400125980377197,66100.0
2018-07-16,6.420252724586056,6.430315566930636,6.405157741300765,6.425284385681152,55000.0
2018-07-17,6.435344622680248,6.45547077906696,6.405155148177472,6.440376281738281,85500.0
2018-07-18,6.4504417314654106,6.4655367147507015,6.425284385681152,6.425284385681152,54600.0
2018-07-19,6.420252652306061,6.435347155575803,6.395094826959419,6.4303154945373535,64000.0
2018-07-20,6.410188015496468,6.42528299551583,6.379999015148763,6.390061855316162,43500.0
2018-07-23,6.38503224989512,6.4051584165516555,6.380001068115234,6.380001068115234,33100.0
2018-07-24,6.380002858355566,6.470570393800557,6.380002858355566,6.450444221496582,71900.0
2018-07-25,6.450440769280908,6.4906930923461905,6.420251766904716,6.490693092346191,75800.0
2018-07-26,6.4403784730877405,6.485662460327148,6.4403784730877405,6.485662460327148,62100.0
2018-07-27,6.490688729542677,6.520878191472159,6.480625895462996,6.495720386505127,40800.0
2018-07-30,6.480633719875444,6.510822738408508,6.445413038304936,6.450444221496582,31600.0
2018-07-31,6.445411229710389,6.460505734741375,6.380001068115234,6.380001068115234,126400.0
2018-08-01,6.410334569779942,6.410334569779942,6.374945960459955,6.380001544952393,53800.0
2018-08-02,6.364833566728553,6.4356098021341355,6.364833566728553,6.420443534851074,51600.0
2018-08-03,6.4406654106826196,6.460887261182135,6.430554726496334,6.45077657699585,35200.0
2018-08-06,6.465942688489705,6.476053854559226,6.445720838477598,6.455832004547119,33100.0
2018-08-07,6.440667767173167,6.445723352179504,6.400224051376721,6.405279636383057,44100.0
2018-08-08,6.4153896834846185,6.4153896834846185,6.385057140730529,6.395167827606201,35000.0
2018-08-09,6.374946608472161,6.410335221389394,6.374946608472161,6.405279636383057,73700.0
2018-08-10,6.4103314411221595,6.435608386993408,6.395164695047205,6.435608386993408,41600.0
2018-08-13,6.430555513307091,6.44066619873047,6.4052780765581385,6.440666198730469,39200.0
2018-08-14,6.445720838477598,6.460887105454945,6.445720838477598,6.455832004547119,36700.0
2018-08-15,6.450778511343876,6.496277809143066,6.445722926671279,6.496277809143066,62900.0
2018-08-16,6.511442184448242,6.531664035121527,6.496275916975016,6.511442184448242,49600.0
2018-08-17,6.531662431623837,6.531662431623837,6.501329421997069,6.50132942199707,19800.0
2018-08-20,6.496276548478103,6.516498401117155,6.465943528456027,6.506387233734131,56400.0
2018-08-21,6.50133080547916,6.506386388513921,6.455832004547119,6.455832004547119,53000.0
2018-08-22,6.450776421512359,6.465942688489705,6.440665255442838,6.455832004547119,54100.0
2018-08-23,6.465944783234576,6.50638849636117,6.455834096016473,6.496277809143066,66600.0
2018-08-24,6.501330387034249,6.521552235744818,6.486164121033048,6.5164971351623535,35000.0
2018-08-27,6.506386419964592,6.516497586082989,6.4709983028040785,6.486164569854736,54800.0
2018-08-28,6.50133080547916,6.50133080547916,6.455832004547119,6.455832004547119,37100.0
2018-08-29,6.450777543708259,6.486165666853934,6.440666375879771,6.465943813323975,105400.0
2018-08-30,6.460887261182135,6.470998427495366,6.4507765769958505,6.45077657699585,32600.0
2018-08-31,6.465941565432919,6.465941565432919,6.440664136776439,6.4457197189331055,28500.0
2018-09-04,6.466035370620968,6.466035370620968,6.420321464538573,6.420321464538574,66600.0
2018-09-05,6.41524441306979,6.450799848308797,6.410164926776654,6.430482387542725,100900.0
2018-09-06,6.4457215775588805,6.471118529407482,6.420325110116845,6.435563087463379,64900.0
2018-09-07,6.4457215775588805,6.4457215775588805,6.415245622865812,6.435563087463379,41500.0
2018-09-10,6.425405502319336,6.450802459659492,6.405088033328545,6.425405502319336,128600.0
2018-09-11,6.4457215775588805,6.450801064809914,6.415245622865812,6.435563087463379,92300.0
2018-09-12,6.4304834316260076,6.46095986992665,6.425403944508141,6.450800895690918,104800.0
2018-09-13,6.46095986992665,6.46095986992665,6.4304834316260076,6.450800895690918,46400.0
2018-09-14,6.450801064809914,6.450801064809914,6.415245622865812,6.435563087463379,39900.0
2018-09-17,6.440643967367432,6.4457229713101265,6.425405502319336,6.425405502319336,53100.0
2018-09-18,6.420325110116845,6.43556308746338,6.415245622865812,6.435563087463379,72600.0
2018-09-19,6.440641360128999,6.455879334601934,6.425402901249589,6.430482387542725,68800.0
2018-09-20,6.4457215775588805,6.4457215775588805,6.420325110116845,6.435563087463379,50200.0
2018-09-21,6.445721008153211,6.445721008153211,6.410165569350025,6.415245056152344,77000.0
2018-09-24,6.415247010027276,6.435564479018066,6.415247010027276,6.425405502319336,31900.0
2018-09-25,6.4304823875427255,6.4304823875427255,6.410164926776654,6.430482387542725,41900.0
2018-09-26,6.430484990668702,6.4457229713101265,6.415247010027276,6.425405502319336,126900.0
2018-09-27,6.435561327050443,6.4660372734069815,6.435561327050443,6.466037273406982,49200.0
2018-09-28,6.466038436878305,6.466038436878305,6.430482998262505,6.460959434509277,100900.0
2018-10-01,6.476269628830694,6.476269628830694,6.445649240187862,6.460959434509277,34100.0
2018-10-02,6.466063803674938,6.466063803674938,6.435442924499511,6.435442924499512,56100.0
2018-10-03,6.450755544977452,6.460962183300002,6.435444857439863,6.440548419952393,29200.0
2018-10-04,6.450753064338465,6.450753064338465,6.4150286271911074,6.425235748291016,24300.0
2018-10-05,6.435441810161815,6.435441810161815,6.3180628481693795,6.3282694816589355,101100.0
2018-10-08,6.353786945343018,6.363994065775673,6.323166557449633,6.353786945343018,60900.0
2018-10-09,6.343581920843754,6.363995680185308,6.282340642819091,6.3027544021606445,225200.0
2018-10-10,6.302751652406828,6.312958284273466,6.200682413527238,6.241509914398193,223400.0
2018-10-11,6.246614362029532,6.277235235388521,6.205786855352393,6.231304168701172,91400.0
2018-10-12,6.2415092711018545,6.256819947377082,6.210888891955703,6.215992450714111,70000.0
2018-10-15,6.241510830136347,6.25682151023595,6.221097076705817,6.23640775680542,64800.0
2018-10-16,6.236408381307673,6.302753208276111,6.231304820763412,6.26192569732666,251200.0
2018-10-17,6.292545346764021,6.297648906707764,6.236407647489648,6.297648906707764,96500.0
2018-10-18,6.277234400561851,6.277234400561851,6.2313033399830005,6.2517170906066895,85500.0
2018-10-19,6.246616478848951,6.282340924324257,6.246616478848951,6.267030239105225,77900.0
2018-10-22,6.256821482049952,6.267028115368102,6.231304168701173,6.231304168701172,59600.0
2018-10-23,6.236408381307673,6.26192569732666,6.175167114883497,6.26192569732666,66200.0
2018-10-24,6.236407934657298,6.251718128491248,6.180269746095668,6.185373306274414,87200.0
2018-10-25,6.18027078996367,6.236408988007225,6.164960593543777,6.200684547424316,126400.0
2018-10-26,6.210888635986716,6.210888635986716,6.170061141006367,6.175164699554443,64800.0
2018-10-29,6.226198824928814,6.226198824928814,6.175164699554443,6.175164699554443,77000.0
2018-10-30,6.175165088687902,6.175165088687902,6.134337591134772,6.159854412078857,82400.0
2018-10-31,6.159854314267045,6.1751649906329735,6.124130376150855,6.1445441246032715,147300.0
2018-11-01,6.149673162287551,6.190705138366922,6.144544042992695,6.165060520172119,57200.0
2018-11-02,6.190705398481163,6.190705398481163,6.154802540188122,6.159931659698486,81600.0
2018-11-05,6.165063426836848,6.20096630054862,6.149676061697543,6.1548051834106445,144800.0
2018-11-06,6.1548051834106445,6.175321181123082,6.149676061697543,6.1548051834106445,94700.0
2018-11-07,6.165061371784791,6.2112219843956895,6.159932251781423,6.195835113525391,68500.0
2018-11-08,6.206091403961182,6.221478269997878,6.180446301140254,6.206091403961182,125600.0
2018-11-09,6.195835113525391,6.206093353532127,6.175319122651723,6.195835113525391,106600.0
2018-11-12,6.221478269997878,6.221478269997878,6.175317182748138,6.206091403961182,53500.0
2018-11-13,6.226608544683402,6.288156509399415,6.190705198410921,6.288156509399414,176300.0
2018-11-14,6.252253895231568,6.2830281257629395,6.2368670245357825,6.2830281257629395,37700.0
2018-11-15,6.277901703188468,6.324062824249268,6.257385703732559,6.324062824249268,133300.0
2018-11-16,6.308675573590707,6.308675573590707,6.221482458778236,6.2368693351745605,123500.0
2018-11-19,6.221482962835726,6.221482962835726,6.124031596436985,6.170192718505859,89300.0
2018-11-20,6.1189003715546315,6.159932353982741,6.093255260252109,6.098384380340576,143400.0
2018-11-21,6.098385378085734,6.12403000444411,6.067611141659831,6.088127136230469,82200.0
2018-11-23,6.098384205068518,6.113771075751877,6.0727390945030555,6.082996845245361,40900.0
2018-11-26,6.098384783339612,6.129158527624407,6.088126542484783,6.118900775909424,136800.0
2018-11-27,6.134286514879683,6.134286514879683,6.077867668019782,6.103512287139893,111600.0
2018-11-28,6.093255085127466,6.108641955810824,6.067609974562003,6.082996845245361,320700.0
2018-11-29,6.082998015302835,6.098385378085734,6.067611141659831,6.088127136230469,209100.0
2018-11-30,6.113772283684504,6.113772283684504,6.052224299650889,6.077869415283203,237500.0
2018-12-03,6.108799676139901,6.134574808066506,6.108799676139901,6.119109630584717,148300.0
2018-12-04,6.134573936462402,6.134573936462402,6.103643585893428,6.134573936462402,269100.0
2018-12-06,6.041781549687969,6.093332290649414,6.041781549687969,6.093332290649414,213600.0
2018-12-07,6.062402997145168,6.093333348767346,6.0469373297050035,6.052092552185059,243900.0
2018-12-10,6.052095136879239,6.072715543976829,6.036629954463368,6.062405586242676,195400.0
2018-12-11,6.062403733620867,6.07271368820438,6.041783332824707,6.041783332824707,169000.0
2018-12-12,6.0469373297050035,6.083023395436311,6.016006978082825,6.052092552185059,269900.0
2018-12-13,6.046937914475441,6.052093137454033,5.990231936598301,6.010852336883545,234100.0
2018-12-14,5.990233803958182,6.005698986085858,5.918062134646899,5.938683032989502,446700.0
2018-12-17,5.95930156670629,5.969611521007918,5.742787118451775,5.881974697113037,325400.0
2018-12-18,5.9129055148318175,5.9129055148318175,5.825268691358518,5.845889091491699,229100.0
2018-12-19,5.8407321062846975,5.866507721581431,5.763405752023465,5.784026145935059,329700.0
2018-12-20,5.820113128095497,5.820113128095497,5.603598693542895,5.655149936676025,286800.0
2018-12-21,5.593288874649339,5.701546094533813,5.593288874649339,5.649994850158691,148500.0
2018-12-24,5.624220256991042,5.675771510798097,5.624220256991042,5.66546106338501,89600.0
2018-12-26,5.665460893853187,5.7376325486975785,5.665460893853187,5.727322101593018,141400.0
2018-12-27,5.6963928146084415,5.747943584936604,5.6963928146084415,5.722168445587158,170800.0
2018-12-28,5.722166784555668,5.8768195422768,5.71701156153053,5.768562316894531,427200.0
2018-12-31,5.8304257981710474,5.840735755754334,5.773719310760497,5.773719310760498,276600.0
2019-01-02,5.752986580418381,5.882558345794677,5.752986580418381,5.882558345794678,54600.0
2019-01-03,5.851460674971397,5.88255811492314,5.851460674971397,5.87737512588501,114900.0
2019-01-04,5.8877393670858265,6.001762630475059,5.8877393670858265,5.9862141609191895,77700.0
2019-01-07,5.9914001480972905,6.110605964827073,5.9914001480972905,6.095057487487793,87800.0
2019-01-08,6.126151077535219,6.162431497103694,6.110602608735537,6.1468825340271,106700.0
2019-01-09,6.136517533708206,6.157248991824371,6.105420099395484,6.115786075592041,129700.0
2019-01-10,6.110600948333741,6.131332399192372,6.095052483758962,6.11060094833374,168300.0
2019-01-11,6.084688672578274,6.095054648828153,6.053591732382543,6.063957214355469,69600.0
2019-01-14,6.043227903010077,6.069142358564021,6.043227903010077,6.058776378631592,112700.0
2019-01-15,6.063960038532051,6.095057487487794,6.063960038532051,6.095057487487793,54200.0
2019-01-16,6.105420600136295,6.120969565706392,6.053592197733612,6.084689140319824,144000.0
2019-01-17,6.058775396586961,6.0898728370666495,6.012129977283001,6.08987283706665,202500.0
2019-01-18,6.089872850211645,6.120970290758457,6.063958398802143,6.069141387939453,352600.0
2019-01-22,6.063957214355469,6.095054648828153,6.043225756132664,6.063957214355469,160200.0
2019-01-23,6.079506151796458,6.084689140319823,6.058774691979987,6.084689140319824,209100.0
2019-01-24,6.084688672578274,6.084688672578274,6.05877422623053,6.063957214355469,91200.0
2019-01-25,6.079506151796458,6.095055117366555,6.063957680503352,6.084689140319824,86200.0
2019-01-28,6.069141387939453,6.089872850211645,6.048409925667261,6.069141387939453,63100.0
2019-01-29,6.063957925326462,6.100238352177797,6.053592442138231,6.0795063972473145,46000.0
2019-01-30,6.105420099395484,6.115786075592041,6.084688641279319,6.115786075592041,75600.0
2019-01-31,6.126150608062745,6.141699569947757,6.11578512774961,6.126150608062744,63600.0
2019-02-01,6.126153481723573,6.167827954649674,6.126153481723573,6.1313629150390625,76800.0
2019-02-04,6.13657231654436,6.13657231654436,6.115735078502402,6.126153945922852,50600.0
2019-02-05,6.126153481723573,6.136571851555646,6.120944048408085,6.1313629150390625,142400.0
2019-02-06,6.126153135629451,6.167827606201172,6.126153135629451,6.167827606201172,105700.0
2019-02-07,6.146989228285147,6.1574075955920256,6.105314765460064,6.110523700714111,46000.0
2019-02-08,6.094898689196399,6.115735930140016,6.07927088268844,6.089689254760742,59900.0
2019-02-11,6.094895901354401,6.120942564819774,6.094895901354401,6.110523700714111,31800.0
2019-02-12,6.115731336433674,6.157405787017996,6.115731336433674,6.141777992248535,64900.0
2019-02-13,6.1365715048729434,6.167827606201172,6.1365715048729434,6.167827606201172,64600.0
2019-02-14,6.16783011680436,6.2095046043396,6.16783011680436,6.2095046043396,53600.0
2019-02-15,6.240757896733261,6.245967329934276,6.214711724325979,6.230339527130127,70900.0
2019-02-19,6.235547100003001,6.240756034851075,6.2303376683561815,6.240756034851074,31500.0
2019-02-20,6.22513058270058,6.25638668756187,6.22513058270058,6.235549449920654,54700.0
2019-02-21,6.230337711097146,6.256384372711182,6.219918847732032,6.256384372711182,36300.0
2019-02-22,6.272015100932202,6.423085212707519,6.245968427150461,6.4230852127075195,195400.0
2019-02-25,6.4126645219821325,6.438710689544678,6.3553617610274085,6.438710689544678,79500.0
2019-02-26,6.428288389091183,6.43870675038255,6.344939511566256,6.412660598754883,104900.0
2019-02-27,6.4022443952118335,6.4022443952118335,6.355360507965088,6.355360507965088,45100.0
2019-02-28,6.38140824231068,6.39182710647583,6.344943211330231,6.39182710647583,73900.0
2019-03-01,6.39706276568066,6.39706276568066,6.3708881051702235,6.381357669830322,22400.0
2019-03-04,6.376120819642727,6.3813553504501614,6.323771517648836,6.339476108551025,39900.0
2019-03-05,6.339476858687317,6.349946920020972,6.318537235260011,6.31853723526001,43200.0
2019-03-06,6.323772265926838,6.329007296593665,6.297597611832703,6.31853723526001,34800.0
2019-03-07,6.308067361597966,6.3342420143992815,6.2923627696131685,6.323771953582764,63700.0
2019-03-08,6.318537950499376,6.323772981758793,6.245249509827772,6.281893730163574,120400.0
2019-03-11,6.271422568603925,6.308067281757952,6.271422568603925,6.292362689971924,282500.0
2019-03-12,6.313303418480018,6.313303418480018,6.281893730163574,6.281893730163574,46700.0
2019-03-13,6.271424933199306,6.308069660169962,6.2295456731529795,6.276659965515137,113600.0
2019-03-14,6.281893401815324,6.281893401815324,6.260953777112208,6.27142333984375,71400.0
2019-03-15,6.276658370829537,6.281893401815324,6.250483715140633,6.27142333984375,124500.0
2019-03-18,6.281892258706261,6.29236231877261,6.260952637813505,6.26618766784668,88900.0
2019-03-19,6.276657228673086,6.287127288739436,6.25571760778033,6.26618766784668,46600.0
2019-03-20,6.27142366764474,6.2923637926824085,6.260954104365965,6.281893730163574,70400.0
2019-03-21,6.27666081368891,6.27666081368891,6.208606882107367,6.213841915130615,79300.0
2019-03-22,6.203372568584116,6.224312202180372,6.1510232349733505,6.161493301391602,108500.0
2019-03-25,6.156257662358276,6.171962261199951,6.151022629664318,6.171962261199951,101000.0
2019-03-26,6.177197131152114,6.192901729580043,6.140552402500036,6.166727066040039,117700.0
2019-03-27,6.156257466762249,6.18243213016022,6.130082803364279,6.151022434234619,45400.0
2019-03-28,6.151022467612111,6.171962098596077,6.151022467612111,6.166727066040039,93300.0
2019-03-29,6.171960867199266,6.187665462493897,6.166725835687694,6.1876654624938965,110200.0
2019-04-01,6.194508686079114,6.252401107680803,6.194508686079114,6.247138023376465,69900.0
2019-04-02,6.241873385858688,6.2945032119750985,6.241873385858688,6.294503211975098,68600.0
2019-04-03,6.299769202340144,6.315557956695557,6.2892430314929015,6.315557956695557,77400.0
2019-04-04,6.310292720794678,6.326081971684742,6.2945039718198945,6.310292720794678,76000.0
2019-04-05,6.305028876049248,6.326081208027988,6.2945032119750985,6.294503211975098,90400.0
2019-04-08,6.29450090726344,6.3260788917541495,6.283974745128191,6.32607889175415,68300.0
2019-04-09,6.299764846550136,6.315553589988879,6.278713021326777,6.283975601196289,48100.0
2019-04-10,6.2945064018196994,6.3418731689453125,6.28924331615786,6.3418731689453125,47600.0
2019-04-11,6.352398881248064,6.378713807819482,6.320821370894744,6.362925052642822,64400.0
2019-04-12,6.368185043334961,6.378710707698657,6.352395793916566,6.368185043334961,41700.0
2019-04-15,6.368185043334961,6.378710707698657,6.35765887705603,6.368185043334961,41700.0
2019-04-16,6.394501929472488,6.415553768260855,6.378713175860071,6.3997650146484375,67100.0
2019-04-17,6.378711932874724,6.394500683410473,6.352397014038257,6.373448848724365,69900.0
2019-04-18,6.383974796738037,6.394500462760225,6.378711712769286,6.389237880706787,60000.0
2019-04-22,6.368188095339039,6.399765605479131,6.3418731689453125,6.3418731689453125,55400.0
2019-04-23,6.368185043334961,6.368185043334961,6.341870129552869,6.368185043334961,89600.0
2019-04-24,6.394499455201819,6.405025621480749,6.341870129552869,6.368185043334961,54600.0
2019-04-25,6.383975738859225,6.389238823604679,6.368186986538246,6.3787126541137695,68700.0
2019-04-26,6.3787100390553,6.394498784903418,6.368184375794948,6.383973121643066,19300.0
2019-04-29,6.389237880706787,6.405026630697725,6.34713421278741,6.389237880706787,38600.0
2019-04-30,6.405024950078952,6.405024950078952,6.347132547359063,6.383973121643066,63900.0
2019-05-01,6.380271725183443,6.40672352513357,6.359109982501895,6.40143346786499,62600.0
2019-05-02,6.401433442050848,6.42259518464706,6.401433442050848,6.406723499298096,50900.0
2019-05-03,6.412014350848686,6.438466656423302,6.412014350848686,6.42788553237915,59100.0
2019-05-06,6.38555980392992,6.422593220549885,6.38555980392992,6.412012100219727,38000.0
2019-05-07,6.40143166460381,6.406721720382199,6.38555998366184,6.39085054397583,64900.0
2019-05-08,6.38026992788345,6.406721720382199,6.38026992788345,6.39085054397583,65100.0
2019-05-09,6.3802710639182445,6.385561120638552,6.364399380150252,6.36968994140625,52100.0
2019-05-10,6.37498116337912,6.40143346786499,6.369690601574797,6.40143346786499,65600.0
2019-05-13,6.3802710639182445,6.3802710639182445,6.359109323429946,6.36968994140625,120700.0
2019-05-14,6.380273205546515,6.396144390106202,6.374982642514666,6.396144390106201,44000.0
2019-05-15,6.396143169318223,6.438466656423302,6.396143169318223,6.42788553237915,282700.0
2019-05-16,6.449048069001113,6.449048069001113,6.4067245766913175,6.443758010864258,42300.0
2019-05-17,6.433176471811852,6.433176471811852,6.36969123742979,6.385562419891357,33900.0
2019-05-20,6.364399458488301,6.3802711424516545,6.348528279060645,6.359109401702881,65300.0
2019-05-21,6.374982642514666,6.401434953138051,6.3696920794828165,6.396144390106201,74300.0
2019-05-22,6.385562923509287,6.412015232722008,6.38027286529541,6.38027286529541,35300.0
2019-05-23,6.369690019809419,6.374980581130537,6.348528279060645,6.359109401702881,66000.0
2019-05-24,6.396142243150546,6.396142243150546,6.359109323429946,6.36968994140625,48300.0
2019-05-28,6.36969123742979,6.396143544556264,6.36969123742979,6.385562419891357,39100.0
2019-05-29,6.37498007810615,6.401432378088796,6.359108899930825,6.364398956298828,74200.0
2019-05-30,6.369690601574797,6.40143346786499,6.353819420697572,6.40143346786499,176100.0
2019-05-31,6.380272316114969,6.385562373873506,6.337948322296143,6.337948322296143,225700.0
2019-06-03,6.3395424990407,6.3395424990407,6.281040192503627,6.302313804626465,45000.0
2019-06-04,6.307632920292992,6.3395435976084515,6.296996365989845,6.328906536102295,61200.0
2019-06-05,6.350180151911598,6.3608172134177545,6.328906536102295,6.328906536102295,40800.0
2019-06-06,6.371453764878181,6.371453764878181,6.328906533278558,6.350180149078369,53200.0
2019-06-07,6.350180370531203,6.382091048945261,6.350180370531203,6.3608174324035645,39700.0
2019-06-10,6.3608174324035645,6.3714539870729,6.3342252849256875,6.3608174324035645,35600.0
2019-06-11,6.38740839823695,6.38740839823695,6.334224113120071,6.371452808380127,80600.0
2019-06-12,6.3608175391182264,6.392728218067646,6.3448624532450335,6.387409687042236,322500.0
2019-06-13,6.403362017953433,6.403362017953433,6.355496273724426,6.392725467681885,43200.0
2019-06-14,6.403364665486958,6.403364665486958,6.339543815861868,6.3608174324035645,65600.0
2019-06-17,6.392726563735484,6.419318197574983,6.371452445139238,6.398044586181641,44200.0
2019-06-18,6.398048521122443,6.4352777443597615,6.376774896645354,6.38209342956543,68600.0
2019-06-19,6.371452808380127,6.38740839823695,6.355497725726236,6.371452808380127,50900.0
2019-06-20,6.39804721146902,6.403365743300415,6.265086958902813,6.344863414764404,99900.0
2019-06-21,6.339544882933009,6.3714550595151564,6.339544882933009,6.344863414764404,40700.0
2019-06-24,6.37677251800908,6.382091048945261,6.339543815861868,6.3608174324035645,66300.0
2019-06-25,6.344862128361529,6.371453767720902,6.328906536102295,6.328906536102295,61100.0
2019-06-26,6.339545726776123,6.3448642593154565,6.318272103821969,6.339545726776123,44500.0
2019-06-27,6.32359052742128,6.360819240148896,6.32359052742128,6.334227085113525,40600.0
2019-06-28,6.3342249160201325,6.4086828231811515,6.3235883619702715,6.408682823181152,91100.0
2019-07-01,6.395849415571438,6.401197238133768,6.3584156776279865,6.385153770446777,76700.0
2019-07-02,6.374457836151123,6.395848613722246,6.358414880471872,6.374457836151123,108200.0
2019-07-03,6.401198255882891,6.401198255882891,6.358416688575117,6.379807472229004,83000.0
2019-07-05,6.358414173126222,6.369109305723813,6.34237070923537,6.358414173126221,48700.0
2019-07-08,6.353068865162518,6.385154785645093,6.353068865162518,6.379807472229004,121000.0
2019-07-09,6.390501593009108,6.390501593009108,6.363762990193887,6.385153770446777,43100.0
2019-07-10,6.3851526763516695,6.427934739523179,6.37980536470203,6.422586917877197,107500.0
2019-07-11,6.449326361122161,6.518846011643238,6.422587759385218,6.460021495819092,177600.0
2019-07-12,6.481410654789151,6.481410654789151,6.443976927714099,6.470715522766113,30700.0
2019-07-15,6.465369318165762,6.470717140512432,6.449326361122161,6.460021495819092,54000.0
2019-07-16,6.476062498647208,6.502801092315517,6.4707151879105504,6.492105960845947,57400.0
2019-07-17,6.47606325149536,6.513497490981259,6.44932516471498,6.476063251495361,77200.0
2019-07-18,6.465366743105553,6.50814828484684,6.465366743105553,6.502800464630127,138000.0
2019-07-19,6.4921053341929085,6.524191235500771,6.481409693759484,6.502800464630127,257600.0
2019-07-22,6.497456206081688,6.524194811826172,6.492108892929981,6.5188469886779785,109100.0
2019-07-23,6.53488956277711,6.540236875196183,6.497455315865107,6.513498783111572,179900.0
2019-07-24,6.524193833989909,6.524193833989909,6.449326361122161,6.460021495819092,62500.0
2019-07-25,6.470716292698346,6.481411425993967,6.406543452939252,6.422586917877197,87600.0
2019-07-26,6.433280761135501,6.454671533433689,6.411889988837315,6.443976402282715,38000.0
2019-07-29,6.460018306754801,6.460018306754801,6.438627537924334,6.4493231773376465,55300.0
2019-07-30,6.454670429229736,6.460018248888489,6.42793235092828,6.454670429229736,41900.0
2019-07-31,6.449325072548164,6.502801755341008,6.443977251269987,6.481410980224609,67700.0
2019-08-01,6.515846438645159,6.515846438645159,6.462041241788031,6.483563423156738,39200.0
2019-08-02,6.462041854858398,6.4674225289933736,6.435138997312852,6.462041854858398,38700.0
2019-08-05,6.462044625951259,6.462044625951259,6.381336018704669,6.408238887786865,33600.0
2019-08-06,6.451280784529447,6.456661458896238,6.392094905882797,6.418997764587402,71900.0
2019-08-07,6.429759743639887,6.429759743639887,6.375954529791478,6.392096042633057,67800.0
2019-08-08,6.392097371589367,6.429761080426713,6.381336018704669,6.408238887786865,73900.0
2019-08-09,6.397475851757851,6.424378198474837,6.370572991911492,6.381333827972412,34500.0
2019-08-12,6.397475179338336,6.397475179338336,6.300625099322814,6.332908630371094,81500.0
2019-08-13,6.338288791271376,6.3705723223196555,6.327527956341495,6.332908630371094,64300.0
2019-08-14,6.322145678774251,6.322145678774251,6.262959818848405,6.289862155914307,76600.0
2019-08-15,6.332906724144979,6.332906724144979,6.252198177382481,6.2575788497924805,64900.0
2019-08-16,6.289862590208256,6.306004609317375,6.262960251284838,6.295243263244629,49600.0
2019-08-19,6.306004433343836,6.359809622818424,6.252198730740039,6.322145938873291,123700.0
2019-08-20,6.349050139330576,6.354430813360175,6.322147282311895,6.332908630371094,67400.0
2019-08-21,6.34367036819458,6.35981187945148,6.34367036819458,6.34367036819458,27600.0
2019-08-22,6.332909531733111,6.36519255424691,6.332909531733111,6.34367036819458,67000.0
2019-08-23,6.354431814810785,6.354431814810785,6.311386928919484,6.327528953552246,45900.0
2019-08-26,6.349050321958749,6.359811157198162,6.300625280558059,6.306005954742432,62600.0
2019-08-27,6.327527703355163,6.332908377169634,6.273721991469055,6.300624847412109,52800.0
2019-08-28,6.289863499783169,6.343669211669277,6.284483339097996,6.300624847412109,45800.0
2019-08-29,6.284483339097996,6.311385681911752,6.284483339097996,6.300624847412109,73500.0
2019-08-30,6.295244606373686,6.322147464166218,6.284483771134274,6.306005954742432,33800.0
2019-09-03,6.3244183502929525,6.3244183502929525,6.264855862238687,6.313588619232178,93900.0
2019-09-04,6.3190000072921695,6.346073803654864,6.3190000072921695,6.329829216003418,82200.0
2019-09-05,6.329827410417449,6.3623160600632245,6.3189982047952356,6.33524227142334,100700.0
2019-09-06,6.3352440785539,6.3352440785539,6.302755936030438,6.329829216003418,92500.0
2019-09-09,6.324415644680476,6.356903791184234,6.324415644680476,6.34607458114624,125100.0
2019-09-10,6.356903930410116,6.367733657075075,6.324415783194819,6.351489067077637,82600.0
2019-09-11,6.356904228211004,6.383978029751933,6.356904228211004,6.367733955383301,44100.0
2019-09-12,6.378563461457414,6.411052128088535,6.3677342501736,6.405637264251709,51600.0
2019-09-13,6.411050083703875,6.438123877864755,6.411050083703875,6.421879291534424,48800.0
2019-09-16,6.411048037872222,6.438121823393578,6.411048037872222,6.4164628982543945,63500.0
2019-09-17,6.421879291534423,6.432709015754645,6.416464945813986,6.421879291534424,45500.0
2019-09-18,6.432709015754645,6.438123877864755,6.411050083703875,6.421879291534424,37100.0
2019-09-19,6.4272986427138985,6.438128374498016,6.416469427319814,6.432713508605957,69700.0
2019-09-20,6.454369644218157,6.4706137184282735,6.438125570008041,6.459784507751465,81800.0
2019-09-23,6.4651971869664315,6.5085155676675654,6.4651971869664315,6.470612049102783,214000.0
2019-09-24,6.486858663444961,6.513932468356125,6.476029451314422,6.503103256225586,60800.0
2019-09-25,6.497687816619873,6.51393189157227,6.486858089058387,6.497687816619873,102400.0
2019-09-26,6.486856049899418,6.5193447059811565,6.486856049899418,6.513929843902588,97600.0
2019-09-27,6.497688391965378,6.530177061136751,6.497688391965378,6.503103256225586,63300.0
2019-09-30,6.508517544181359,6.524761619133756,6.49227295283913,6.497687816619873,47800.0
2019-10-01,6.49386820640567,6.5374877670879075,6.49386820640567,6.521130561828613,85500.0
2019-10-02,6.477512309406081,6.52113187889814,6.472059733223003,6.510226726531982,98000.0
2019-10-03,6.499321937561035,6.515679145729885,6.472059577288772,6.499321937561035,51600.0
2019-10-04,6.510227312758021,6.515679889432087,6.472060316012219,6.482965469360352,65800.0
2019-10-07,6.461155570379927,6.472060203552246,6.450250417221285,6.472060203552246,64200.0
2019-10-08,6.450249728842672,6.466606936848652,6.439345096834108,6.455702304840088,90700.0
2019-10-09,6.455702239685699,6.466606871584207,6.390272888335862,6.412082672119141,147200.0
2019-10-10,6.4229887927544835,6.4229887927544835,6.346654791813248,6.417536735534668,86200.0
2019-10-11,6.428438663482665,6.450248443138799,6.417534033647681,6.428438663482666,95900.0
2019-10-14,6.433894366586147,6.455704156846313,6.422989211462855,6.450251579284668,53700.0
2019-10-15,6.461155682650419,6.4829654693603525,6.450250529302286,6.482965469360352,69400.0
2019-10-16,6.482964729392187,6.537488929950441,6.482964729392187,6.499321937561035,176800.0
2019-10-17,6.51022451805817,6.537486869739027,6.499319889377492,6.52658224105835,81400.0
2019-10-18,6.532034295405634,6.548392018405813,6.504772463710886,6.52658224105835,91100.0
2019-10-21,6.51568279097455,6.570207542023334,6.504778152756732,6.564754962921143,58400.0
2019-10-22,6.57020378112793,6.57020378112793,6.537488845227928,6.57020378112793,47900.0
2019-10-23,6.5592975474290265,6.5592975474290265,6.499320781487495,6.521130561828613,101300.0
2019-10-24,6.51023021187236,6.564754962921143,6.4993255736545406,6.564754962921143,69000.0
2019-10-25,6.5538467295158425,6.581108570098877,6.537489001182488,6.581108570098877,54700.0
2019-10-28,6.559298629165841,6.575656357108975,6.548393997190018,6.57020378112793,58400.0
2019-10-29,6.564751091206231,6.5811082988791965,6.499321740528114,6.559298515319824,158900.0
2019-10-30,6.526586264532739,6.570205846118029,6.526586264532739,6.542943477630615,64300.0
2019-10-31,6.532036304473876,6.542941456494777,6.526584248449694,6.532036304473877,67200.0
2019-11-01,6.528192398580427,6.583096981048585,6.528192398580427,6.583096981048584,75100.0
2019-11-04,6.566629310354782,6.599572497046413,6.561138691970478,6.594081878662109,92900.0
2019-11-05,6.583096981048585,6.58858759637957,6.561135043338542,6.583096981048584,42400.0
2019-11-06,6.572114944458008,6.594076877725139,6.572114944458008,6.572114944458008,64800.0
2019-11-07,6.572117538909606,6.583098248071092,6.561136306134123,6.57760763168335,66400.0
2019-11-08,6.583098248071092,6.583098248071092,6.544664980584895,6.57760763168335,181000.0
2019-11-11,6.550153797232099,6.588587054158255,6.550153797232099,6.566625118255615,80900.0
2019-11-12,6.583098248071092,6.599570097234318,6.55564568974638,6.57760763168335,145700.0
2019-11-13,6.577611501037735,6.616045314747056,6.577611501037735,6.6105546951293945,100300.0
2019-11-14,6.588592740273057,6.632516649985733,6.588592740273057,6.6105546951293945,92300.0
2019-11-15,6.599569858518244,6.6380031246142535,6.594079242329105,6.61604118347168,103300.0
2019-11-18,6.632512405654843,6.638003021758905,6.61604108095663,6.627021789550781,87200.0
2019-11-19,6.63251256942749,6.643493801906766,6.627021953187851,6.63251256942749,60700.0
2019-11-20,6.621531799660818,6.632512508425115,6.616041183471679,6.61604118347168,24300.0
2019-11-21,6.627023899686416,6.627023899686416,6.588590621948242,6.588590621948242,50400.0
2019-11-22,6.599569919217629,6.63251256942749,6.594079302977991,6.63251256942749,44300.0
2019-11-25,6.632510827158237,6.638001441955566,6.588586956007296,6.638001441955566,99500.0
2019-11-26,6.6160427385983835,6.665457248687743,6.6160427385983835,6.665457248687744,83300.0
2019-11-27,6.6434934628071485,6.681926727294922,6.6434934628071485,6.681926727294922,75700.0
2019-11-29,6.670947237373686,6.676437854766846,6.643495197636075,6.676437854766846,22400.0
2019-12-02,6.67809521106842,6.711264790326286,6.67809521106842,6.6946797370910645,97100.0
2019-12-03,6.6836234129610075,6.689151763916016,6.595171906531138,6.689151763916016,92400.0
2019-12-04,6.667039447078435,6.749962609515591,6.667039447078435,6.738905906677246,85300.0
2019-12-05,6.7333787207361615,6.777604481856542,6.6670400790555915,6.77207612991333,135000.0
2019-12-06,6.7554916647641665,6.799717426300048,6.7554916647641665,6.799717426300049,99000.0
2019-12-09,6.777606855707337,6.81077592455873,6.694683129153168,6.722324371337891,187300.0
2019-12-10,6.7223198296927675,6.7223198296927675,6.678094082961564,6.711263656616211,113000.0
2019-12-11,6.722322295942295,6.772076411071543,6.705737766636773,6.761019706726074,140800.0
2019-12-12,6.761018603935118,6.794188184348548,6.744434077334701,6.755490779876709,84700.0
2019-12-13,6.722321379632336,6.749962609515591,6.694680149749081,6.738905906677246,130800.0
2019-12-16,6.749965190887451,6.777606431341475,6.722323950433427,6.749965190887451,157200.0
2019-12-17,6.749964540209487,6.799718662788007,6.749964540209487,6.788661956787109,101300.0
2019-12-18,6.799715739197301,6.832884788513184,6.78313121453936,6.832884788513184,79800.0
2019-12-19,6.84947055297207,6.904752483320672,6.827357675390112,6.893696308135986,109900.0
2019-12-20,6.893696308135986,6.893696308135986,6.8605267281567555,6.893696308135986,149600.0
2019-12-23,6.85500173789419,6.89369968804526,6.827361022774228,6.871586799621582,99100.0
2019-12-24,6.854999507382356,6.877112388610841,6.854999507382356,6.87711238861084,57700.0
2019-12-26,6.860529941160782,6.893699536674388,6.832888699434916,6.838417053222656,65200.0
2019-12-27,6.871583430554028,6.9379220632999035,6.871583430554028,6.893696308135986,101400.0
2019-12-30,6.893699128903327,6.921340368994179,6.893699128903327,6.915812015533447,81500.0
2019-12-31,6.910281247290483,6.976619883998957,6.910281247290483,6.937922477722168,92200.0
2020-01-02,6.939591387697962,6.939591387697962,6.900635823379481,6.928461074829102,45400.0
2020-01-03,6.922897176932759,6.9284623343788985,6.872812352085377,6.889507293701172,79900.0
2020-01-06,6.856116879746959,6.900637077870825,6.856116879746959,6.889507293701172,86700.0
2020-01-07,6.900636763980644,6.934027176416022,6.889506980317251,6.922896862030029,81900.0
2020-01-08,6.939592068328935,7.011937516904535,6.939592068328935,6.98411226272583,124300.0
2020-01-09,7.006372359924278,7.023067300142468,6.945156694586611,6.98411226272583,91000.0
2020-01-10,7.006371666143855,7.039761543273926,7.006371666143855,7.039761543273926,80900.0
2020-01-13,7.039764334736374,7.039764334736374,7.011939603002211,7.028634548187256,35600.0
2020-01-14,7.034196461899989,7.050891399383545,7.011936368347749,7.050891399383545,48300.0
2020-01-15,7.056457012561489,7.062021638268148,7.011936822573043,7.039761543273926,67800.0
2020-01-16,7.039759758541064,7.073150157928467,7.039759758541064,7.073150157928467,59500.0
2020-01-17,7.084281477796912,7.095411790253919,6.945155756419385,6.989676475524902,95100.0
2020-01-21,6.978546331235074,7.050891771781451,6.978546331235074,7.023066520690918,49600.0
2020-01-22,7.056458059472399,7.078718157769177,7.034197961175622,7.062022686004639,54000.0
2020-01-23,7.039760222090913,7.10654102526306,7.039760222090913,7.067585468292236,51300.0
2020-01-24,7.095416143408143,7.117676251256589,7.084285824122503,7.1121110916137695,117200.0
2020-01-27,7.073151866509373,7.073151866509373,7.023066520690918,7.023066520690918,45600.0
2020-01-28,7.0508900685776625,7.089845092260971,7.0341951342451585,7.073150157928467,72600.0
2020-01-29,7.078717107555712,7.078717107555712,7.039761543273926,7.039761543273926,114400.0
2020-01-30,7.050890836113236,7.067585772263094,7.0230655887151725,7.034195899963379,84100.0
2020-01-31,7.034198663787497,7.067588549206513,6.97854814712559,7.006373405456543,83700.0
2020-02-03,7.002453327178955,7.013657508939941,6.963239759505086,7.002453327178955,93700.0
2020-02-04,7.002450737119337,7.041664290288935,7.002450737119337,7.008052825927734,33800.0
2020-02-05,7.0080520110836355,7.019255653153162,6.991245746612549,6.991245746612549,29800.0
2020-02-06,6.980042457580567,6.9912461002167525,6.968838280699823,6.980042457580566,68700.0
2020-02-07,6.985644817352295,7.002450549081608,6.957634908307052,6.985644817352295,99200.0
2020-02-10,7.002450737119337,7.030460646916733,7.002450737119337,7.008052825927734,42300.0
2020-02-11,7.019257068634033,7.03046124720749,7.008053424305216,7.019257068634033,29900.0
2020-02-12,7.024859157920761,7.03046124720749,7.008053424305216,7.019257068634033,48200.0
2020-02-13,7.008052825927734,7.052868467905731,6.991246559502541,7.008052825927734,120000.0
2020-02-14,7.019255653153162,7.03045982946722,6.968837928228965,6.991245746612549,114100.0
2020-02-18,7.013654914736133,7.030460646916733,6.97444082732194,7.008052825927734,62100.0
2020-02-19,7.0080520110836355,7.03045982946722,6.991245746612549,6.991245746612549,93000.0
2020-02-20,7.002451193478569,7.036063194274902,7.002451193478569,7.036063194274902,36400.0
2020-02-21,7.036062092646162,7.047265734994379,7.0248579160534,7.041663646697998,90100.0
2020-02-24,7.013655977715965,7.013655977715965,6.940830414903233,6.96323823928833,75800.0
2020-02-25,6.9856447692270045,6.99684841222117,6.890411399676006,6.946430683135986,110000.0
2020-02-26,6.946427974627116,6.996845684053734,6.907214438070577,6.912816524505615,53200.0
2020-02-27,6.8904106133544305,6.907216343050126,6.783973078711157,6.800779342651367,102600.0
2020-02-28,6.722350507702053,6.722350507702053,6.498272371143086,6.599107265472412,204300.0
2020-03-02,6.589519134022312,6.7305619200208335,6.555668628647034,6.71363639831543,123800.0
2020-03-03,6.71927931998501,6.928022612284393,6.7136374785087956,6.770054817199707,116200.0
2020-03-04,6.8264709527847,6.995721862957203,6.8264709527847,6.877245903015137,175500.0
2020-03-05,6.832114434104612,6.837756276385777,6.645937943111698,6.696713447570801,101800.0
2020-03-06,6.640293977776553,6.651577119781486,6.544384849574979,6.634652137756348,97700.0
2020-03-09,6.431552308268011,6.431552308268011,6.109974854265307,6.183317184448242,198900.0
2020-03-10,6.256660272016891,6.307435778908179,6.104333751343026,6.2453765869140625,142500.0
2020-03-11,6.211523670856108,6.211523670856108,5.980213615969184,6.002780437469482,148600.0
2020-03-12,5.754545019530267,5.754545019530267,5.35962536351029,5.602219104766846,185200.0
2020-03-13,5.675560361438241,5.878661722903851,5.675560361438241,5.788394451141357,396400.0
2020-03-16,5.6135050004056515,5.698131028373019,5.286285650217614,5.42168664932251,176100.0
2020-03-17,5.410402954942888,5.551445782598185,5.320135631329208,5.466819763183594,119700.0
2020-03-18,5.229866596064097,5.246791579193464,3.8363637642508936,4.823663234710693,324700.0
2020-03-19,4.705187404739125,4.772887877133904,4.231283559940144,4.394893169403076,288300.0
2020-03-20,4.456950632268107,5.133955944837889,4.315907892443279,4.490800857543945,293000.0
2020-03-23,4.400535058513009,4.541577845401019,3.920989367879563,4.276417255401611,254900.0
2020-03-24,4.383609769140404,4.818021538369893,4.366684516487255,4.710829257965088,163800.0
2020-03-25,4.710828456102204,5.04368892177207,4.70518661650557,5.004197120666504,96500.0
2020-03-26,5.026763008662395,5.427324399125572,5.0041961924969485,5.31449031829834,159200.0
2020-03-27,5.122673806656212,5.246791605646882,4.846230082662209,5.184732437133789,191200.0
2020-03-30,5.275002498550514,5.275002498550514,5.122675971148889,5.20166015625,102400.0
2020-03-31,5.16216625450014,5.478102362606293,5.150883110301125,5.365268230438232,305000.0
2020-04-01,5.099480413141922,5.327135570650294,5.099480413141922,5.241765022277832,345500.0
2020-04-02,5.2076142977127455,5.366973384044462,5.2076142977127455,5.361281871795654,114100.0
2020-04-03,5.338517399267034,5.378356907177824,5.20192433548211,5.287294864654541,127800.0
2020-04-06,5.389739837018626,5.708456980122338,5.37835681052149,5.623086452484131,222200.0
2020-04-07,5.714148424081535,5.8848900200601255,5.714148424081535,5.782444953918457,171300.0
2020-04-08,5.793829207585454,6.072706899187408,5.793829207585454,5.839360237121582,177400.0
2020-04-09,5.9873351074934495,6.266212741012413,5.9873351074934495,6.055631637573242,176900.0
2020-04-13,6.049939641730866,6.089779145406014,5.816593046880656,5.873506546020508,139200.0
2020-04-14,5.936113233655364,6.0385577687688485,5.884890694712306,5.9133477210998535,249700.0
2020-04-15,5.890581945005767,5.890581945005767,5.725531850669324,5.862124919891357,231300.0
2020-04-16,5.822283516559607,5.83366654107298,5.7482960283126125,5.788135528564453,261000.0
2020-04-17,5.91903681767908,5.91903681767908,5.827974796295165,5.827974796295166,275400.0
2020-04-20,5.70845598528829,5.850740535070558,5.70845598528829,5.788135528564453,156800.0
2020-04-21,5.6060124830325675,5.771062568643271,5.6060124830325675,5.71414852142334,208100.0
2020-04-22,5.714147497544976,5.845049565586354,5.714147497544976,5.788135528564453,87600.0
2020-04-23,5.788138625604915,5.850743665608894,5.753990076565525,5.833669662475586,150800.0
2020-04-24,5.82228903270625,5.884894641298573,5.8165980578303085,5.845055103302002,197300.0
2020-04-27,5.816594355768111,5.8848908957679775,5.816594355768111,5.856433868408203,124000.0
2020-04-28,5.833667435371918,5.896272451475347,5.833667435371918,5.867815971374512,108400.0
2020-04-29,5.867815626832638,6.004408677277516,5.867815626832638,5.970260143280029,163200.0
2020-04-30,5.919038801349575,5.941804314325048,5.873507775398627,5.930421829223633,109800.0
2020-05-01,5.891983315285487,5.891983315285487,5.777241240722793,5.8288750648498535,85700.0
2020-05-04,5.777241240722793,5.846086157181953,5.771504574699266,5.8288750648498535,72200.0
2020-05-05,5.82887516609833,5.943616695523342,5.82887516609833,5.886246204376221,577300.0
2020-05-06,5.8747704073499625,5.937878644159349,5.8747704073499625,5.91493034362793,77000.0
2020-05-07,5.9550906003641995,5.978038904238926,5.909193992614746,5.909193992614746,132100.0
2020-05-08,5.943617007317455,5.983776955071023,5.932143127338434,5.978039741516113,181200.0
2020-05-11,5.960826687740707,5.989511651820493,5.949352264404298,5.949352264404297,62300.0
2020-05-12,5.9837763860100495,5.9895130518886,5.949353655085014,5.972301959991455,143600.0
2020-05-13,5.94935503507983,6.012462751428136,5.937881153530535,5.943617820739746,157100.0
2020-05-14,5.926405083738111,5.937879509240835,5.869034050485933,5.909193992614746,121900.0
2020-05-15,5.903458118438721,5.937880855621331,5.897720904386478,5.903458118438721,38000.0
2020-05-18,5.955091211437881,6.02393613012649,5.955091211437881,5.989513397216797,99200.0
2020-05-19,5.989515096886316,6.023937839564295,5.966566784144642,6.0067267417907715,59400.0
2020-05-20,6.041147846879012,6.075570583343506,6.0296739661447365,6.075570583343506,109100.0
2020-05-21,6.098517070207945,6.132939249259091,6.081305980682373,6.081305980682373,124400.0
2020-05-22,6.104256923598923,6.144416332244873,6.098519708897813,6.144416332244873,51300.0
2020-05-26,6.1845732658053905,6.2648925980841526,6.173099388125961,6.190310478210449,167600.0
2020-05-27,6.21899748356513,6.270631313323975,6.201786389355789,6.270631313323975,98800.0
2020-05-28,6.264895945394062,6.362426419867472,6.264895945394062,6.345215320587158,154800.0
2020-05-29,6.3624251917311465,6.419795693968313,6.345214095773084,6.379636287689209,152600.0
2020-06-01,6.376739411172174,6.41728162765503,6.359363702097001,6.417281627655029,124800.0
2020-06-02,6.388323918695904,6.446241855621337,6.388323918695904,6.446241855621338,97800.0
2020-06-03,6.463617156681813,6.51574319058189,6.440450091875822,6.480992317199707,115700.0
2020-06-04,6.457825013301323,6.486783981323243,6.4520336615740375,6.486783981323242,94400.0
2020-06-05,6.51574118546624,6.591034261002063,6.51574118546624,6.533116340637207,218000.0
2020-06-08,6.527326322100608,6.5852437019348145,6.527326322100608,6.5852437019348145,92500.0
2020-06-09,6.556284735844542,6.596827509309458,6.5447014808162365,6.5852437019348145,123700.0
2020-06-10,6.602619269067063,6.619994981203833,6.538909981604684,6.562077045440674,122500.0
2020-06-11,6.452033240784298,6.452033240784298,6.330406024901637,6.336197376251221,99800.0
2020-06-12,6.4462403506708394,6.486782565645758,6.365155368374751,6.4230732917785645,107000.0
2020-06-15,6.336195151878272,6.428863921441875,6.330403802561789,6.394113063812256,92000.0
2020-06-16,6.475201374668477,6.533118764172227,6.434658594434781,6.457825660705566,190200.0
2020-06-17,6.469407796246036,6.486782953367209,6.440448832813223,6.4751996994018555,107400.0
2020-06-18,6.4636170157604145,6.4867840800613115,6.446241855621337,6.446241855621338,58100.0
2020-06-19,6.492575984223131,6.492575984223131,6.42886669548226,6.446241855621338,78100.0
2020-06-22,6.428865433705145,6.457823844137886,6.405698373951188,6.417281627655029,82200.0
2020-06-23,6.457821448242445,6.457821448242445,6.405695997394642,6.428863048553467,154100.0
2020-06-24,6.399906488255199,6.411489741990405,6.313029599682919,6.353572368621826,86700.0
2020-06-25,6.359365803456159,6.359365803456159,6.3130316686378105,6.324615478515625,125700.0
2020-06-26,6.2724870134694815,6.324613033071948,6.231944799265892,6.237736701965332,58700.0
2020-06-29,6.237737015444624,6.272487328695161,6.237737015444624,6.243528366088867,88700.0
2020-06-30,6.272486762661207,6.30723762512207,6.231944550078718,6.30723762512207,145900.0
2020-07-01,6.321858766756487,6.327706500630498,6.2926178664912955,6.316010475158691,103800.0
2020-07-02,6.3335540079386154,6.3335540079386154,6.251679608879416,6.280920505523682,110400.0
2020-07-06,6.2984675212265415,6.304315256366141,6.275074349772525,6.292619228363037,101700.0
2020-07-07,6.2867686793076665,6.2926169700723396,6.26337607397268,6.27507209777832,125500.0
2020-07-08,6.2926190490710185,6.32185995483149,6.251681557916803,6.263378143310547,93500.0
2020-07-09,6.263377600201442,6.280921919046869,6.228288404786748,6.23998498916626,56100.0
2020-07-10,6.263377600201442,6.263377600201442,6.216592378131077,6.23998498916626,67500.0
2020-07-13,6.23998319905098,6.280920117187679,6.228286618026963,6.245831489562988,49400.0
2020-07-14,6.193197990402272,6.263375803375333,6.181501409378255,6.245831489562988,67700.0
2020-07-15,6.269226614632926,6.333556162959757,6.269226614632926,6.292619228363037,104700.0
2020-07-16,6.2984659729579935,6.327706314639939,6.269225073552281,6.286769390106201,87700.0
2020-07-17,6.280921098680306,6.304313706660122,6.280921098680306,6.286769390106201,66900.0
2020-07-20,6.304315256366141,6.304315256366141,6.286770935499534,6.292619228363037,42000.0
2020-07-21,6.321859128114657,6.333555154255009,6.292618226178051,6.310162544250488,88200.0
2020-07-22,6.304312507675427,6.321857378616347,6.27507161383089,6.298464775085449,193400.0
2020-07-23,6.286769934245967,6.310162544250488,6.286769934245967,6.310162544250488,38800.0
2020-07-24,6.29261840794253,6.356947947882189,6.29261840794253,6.3394036293029785,78600.0
2020-07-27,6.356949979141177,6.3920391852356095,6.356949979141177,6.386190891265869,73900.0
2020-07-28,6.36279348094769,6.409578682021133,6.36279348094769,6.403730392456055,57400.0
2020-07-29,6.42712622738783,6.42712622738783,6.392037587786492,6.397885322570801,50900.0
2020-07-30,6.374489987466007,6.397882589782953,6.339401362852404,6.345249652862549,135800.0
2020-07-31,6.356947422027589,6.374491739155511,6.339403104899666,6.356947422027588,125200.0
2020-08-03,6.365805918518813,6.389426697759254,6.353995810480492,6.371711254119873,116700.0
2020-08-04,6.359901146081552,6.383521925321993,6.359901146081552,6.371711254119873,86500.0
2020-08-05,6.371709644170346,6.483908176422119,6.371709644170346,6.483908176422119,86600.0
2020-08-06,6.454382785349943,6.454382785349943,6.413046008770135,6.442572116851807,123000.0
2020-08-07,6.4602890994305255,6.466194435090043,6.377616652852512,6.4543843269348145,116700.0
2020-08-10,6.436665632563328,6.525243940982048,6.436665632563328,6.519338607788086,201100.0
2020-08-11,6.507529258728027,6.548865469549118,6.489813257093015,6.507529258728027,105100.0
2020-08-12,6.531152795281618,6.531152795281618,6.4839106674240945,6.495721340179443,87300.0
2020-08-13,6.507529918675211,6.531150693420376,6.472098474975619,6.501624584197998,71300.0
2020-08-14,6.507529258728027,6.519339363321066,6.495718590971352,6.507529258728027,52200.0
2020-08-17,6.537056382442067,6.572487831115723,6.507530832238421,6.572487831115723,95800.0
2020-08-18,6.57249003478933,6.602016158056487,6.554774586094619,6.596110820770264,106900.0
2020-08-19,6.578392811166084,6.613823694762578,6.572487476178754,6.60201358795166,109100.0
2020-08-20,6.631540289237852,6.631540289237852,6.596109399482852,6.613824844360352,126400.0
2020-08-21,6.619727429349293,6.643348200424257,6.590201324714687,6.6256327629089355,104800.0
2020-08-24,6.637447055445907,6.637447055445907,6.584300146197816,6.596110820770264,101500.0
2020-08-25,6.613824727068689,6.613824727068689,6.578393837942032,6.584298610687256,137200.0
2020-08-26,6.590204247620638,6.6256357015295455,6.590204247620638,6.607919692993164,74200.0
2020-08-27,6.613826269464973,6.613826269464973,6.578395372075553,6.596110820770264,110100.0
2020-08-28,6.613822000179739,6.637442770913239,6.602011896394787,6.631537437438965,110900.0
2020-08-31,6.643347904728192,6.649253238024987,6.590201031384193,6.61972713470459,164200.0
2020-09-01,6.634632218488289,6.646553993225098,6.592905154176534,6.646553993225098,92200.0
2020-09-02,6.634632218488289,6.646553993225098,6.604826928913343,6.646553993225098,51300.0
2020-09-03,6.616749148116776,6.640593265632083,6.586943859100491,6.62270975112915,95500.0
2020-09-04,6.616750591192678,6.652516491021678,6.569062345761526,6.634633541107178,72400.0
2020-09-08,6.59886577177425,6.634632233040356,6.575021653759719,6.616749286651611,62400.0
2020-09-09,6.6405947139082535,6.646555318220601,6.622711195505025,6.634633541107178,20300.0
2020-09-10,6.634634135189642,6.664439433375137,6.634634135189642,6.658478260040283,65100.0
2020-09-11,6.658476336450521,6.664437508063234,6.628671046875576,6.646553993225098,67200.0
2020-09-14,6.64059233594004,6.730007621982029,6.64059233594004,6.676358222961426,250200.0
2020-09-15,6.706164572374988,6.724047518724509,6.640593390101,6.646553993225098,195000.0
2020-09-16,6.6644364501171385,6.682319393627832,6.646552938117922,6.676358222961426,64100.0
2020-09-17,6.64059317680997,6.6703978969389945,6.64059317680997,6.664437294006348,54100.0
2020-09-18,6.652514108784327,6.676358222961426,6.64059233594004,6.676358222961426,66300.0
2020-09-21,6.6763589427879655,6.6763589427879655,6.604826592544249,6.6405930519104,135800.0
2020-09-22,6.640593390101,6.658476336450521,6.622709875262864,6.646553993225098,45900.0
2020-09-23,6.634631483065567,6.658475598384774,6.557137966156006,6.557137966156006,156700.0
2020-09-24,6.58098148367338,6.5988644264162,6.521370916545979,6.5750203132629395,60300.0
2020-09-25,6.569059711341,6.59290382449426,6.563098540930559,6.5750203132629395,70900.0
2020-09-28,6.586945162671979,6.640594579820914,6.563101040437866,6.598866939544678,79700.0
2020-09-29,6.5869409929733,6.59886276229922,6.557135716925965,6.580979824066162,107400.0
2020-09-30,6.59886129789243,6.59886129789243,6.539251327514648,6.539251327514648,174700.0
2020-10-01,6.554300925825051,6.572356689956238,6.500133059449096,6.548282146453857,83600.0
2020-10-02,6.53624380318111,6.59041166305542,6.53624380318111,6.59041166305542,55200.0
2020-10-05,6.57235699280425,6.602450317064496,6.548282448192537,6.5843939781188965,50500.0
2020-10-06,6.572357654571533,6.5964322016073,6.560320094062412,6.572357654571533,116700.0
2020-10-07,6.602450981861861,6.602450981861861,6.560320094062412,6.572357654571533,100900.0
2020-10-08,6.584394641098179,6.602450981861861,6.572357654571533,6.572357654571533,60000.0
2020-10-09,6.590413428753573,6.596432209014893,6.578376442213411,6.596432209014893,63200.0
2020-10-12,6.5843939781188965,6.608468522730609,6.578375772452782,6.5843939781188965,57100.0
2020-10-13,6.578375772452782,6.590412757767429,6.548282448192537,6.5843939781188965,66900.0
2020-10-14,6.560321379392478,6.590414712578838,6.560321379392478,6.578377723693848,81400.0
2020-10-15,6.5783754693274314,6.5783754693274314,6.524207602951477,6.548282146453857,162800.0
2020-10-16,6.554300773564451,6.560318978813445,6.512169892927218,6.530226230621338,100900.0
2020-10-19,6.542263215101705,6.554300773564451,6.518188672158591,6.530226230621338,55000.0
2020-10-20,6.53022638232267,6.548282146453857,6.524207602951477,6.548282146453857,36700.0
2020-10-21,6.536244435870332,6.548281994333078,6.518188672158591,6.530226230621338,136000.0
2020-10-22,6.518190860748291,6.536246630522553,6.494116309721751,6.518190860748291,97100.0
2020-10-23,6.530229522608364,6.536247730891227,6.512173175811768,6.512173175811768,61900.0
2020-10-26,6.500134748039464,6.506153528974203,6.4459668675919,6.464022636413574,97200.0
2020-10-27,6.4820778899292915,6.52420820142754,6.445965784371903,6.494114875793457,47600.0
2020-10-28,6.488097362556785,6.488097362556785,6.355687622288065,6.379762172698975,151000.0
2020-10-29,6.367724898421207,6.421892782790611,6.355687909662774,6.391799449920654,85900.0
2020-10-30,6.4158733640225565,6.4158733640225565,6.271426069376267,6.325593948364258,304900.0
2020-11-02,6.389426934442341,6.395506452080466,6.346870890750174,6.365109443664551,59300.0
2020-11-03,6.383346810543006,6.419823333132673,6.383346810543006,6.4076642990112305,72700.0
2020-11-04,6.444138415116421,6.492773373890742,6.438058900326021,6.486693859100342,70300.0
2020-11-05,6.504935512803246,6.535332524219687,6.504935512803246,6.529253005981445,28000.0
2020-11-06,6.523172846918305,6.553569855348598,6.523172846918305,6.541411399841309,30500.0
2020-11-09,6.62044223325371,6.711632662838836,6.614362716674805,6.614362716674805,177200.0
2020-11-10,6.590045423678045,6.6751563391839035,6.590045423678045,6.650838851928711,155900.0
2020-11-11,6.638680584759236,6.71163304857504,6.638680584759236,6.7055535316467285,75200.0
2020-11-12,6.68731553042539,6.71771253515498,6.656918525695801,6.656918525695801,91000.0
2020-11-13,6.656918297643398,6.7055532716347495,6.656918297643398,6.699474334716797,50100.0
2020-11-16,6.717711329732757,6.7602667808532715,6.699473362077471,6.7602667808532715,114700.0
2020-11-17,6.717713512000267,6.748110521149988,6.681236985065657,6.723793029785156,99300.0
2020-11-18,6.748108070613525,6.748108070613525,6.717711072502299,6.7359490394592285,87400.0
2020-11-19,6.7298715856955225,6.772427627998831,6.7298715856955225,6.742030620574951,58500.0
2020-11-20,6.754187144336068,6.827139593427985,6.754187144336068,6.821060657501221,65400.0
2020-11-23,6.827144524625881,6.875780105590821,6.821065584308342,6.87578010559082,70700.0
2020-11-24,6.9122532153493275,6.930491188328827,6.887935724785092,6.924412250518799,55300.0
2020-11-25,6.936569566335693,7.015601542629327,6.894014109783204,6.979125022888184,95400.0
2020-11-27,6.979124924988663,7.003442990991379,6.9608869552612305,6.9608869552612305,58900.0
2020-11-30,6.98520668514918,7.021683216094971,6.979127166695749,7.021683216094971,145000.0
2020-12-01,7.0554250223681105,7.061560314983964,7.030884436998405,7.037019729614258,117000.0
2020-12-02,6.981802609977201,7.04315377508767,6.981802609977201,7.000207901000977,139700.0
2020-12-03,6.987938845215536,7.0063441387235725,6.9695329666137695,6.9695329666137695,116600.0
2020-12-04,6.98180183071739,7.00634241104126,6.98180183071739,7.00634241104126,79200.0
2020-12-07,6.994073266396992,7.049289729752258,6.994073266396992,7.037019729614258,88700.0
2020-12-08,7.0431526895838825,7.178126168174394,7.0431526895838825,7.129045009613037,141100.0
2020-12-09,7.116775012519479,7.178126168174394,7.092234433238801,7.129045009613037,106100.0
2020-12-10,7.104505405660807,7.135181280246324,7.098370113724975,7.116775989532471,79800.0
2020-12-11,7.116776611516692,7.147451903689492,7.0983707341005795,7.135181903839111,69500.0
2020-12-14,7.159723438840945,7.159723438840945,7.092236967973102,7.104506969451904,80000.0
2020-12-15,7.11677580714992,7.165856971191481,7.11677580714992,7.153586387634277,111100.0
2020-12-16,7.178130349556534,7.178130349556534,7.122913867737084,7.141319751739502,160600.0
2020-12-17,7.190398365900061,7.190398365900061,7.122911318895036,7.135181903839111,177100.0
2020-12-18,7.147451095855675,7.159721679412879,7.122910513834895,7.153586387634277,132200.0
2020-12-21,7.141317013172196,7.141317013172196,7.073829967897875,7.098370552062988,149900.0
2020-12-22,7.098372010876953,7.110642598028125,7.049290832459863,7.08610200881958,150600.0
2020-12-23,7.104506647089932,7.129047234027796,7.037020179284239,7.049290180206299,110200.0
2020-12-24,7.07383075896456,7.07383075896456,7.018614292144775,7.018614292144775,48300.0
2020-12-28,7.030884886276337,7.067696059230006,7.024749593268434,7.049290180206299,156000.0
2020-12-29,7.055427551269532,7.07383285062046,7.024751662288707,7.055427551269531,128800.0
2020-12-30,7.0554261260354485,7.110642598028125,7.030885536826903,7.08610200881958,142400.0
2020-12-31,7.061558562864563,7.129045009613038,7.0431526895838825,7.129045009613037,224400.0
2021-01-04,7.125951241219684,7.150715600224655,7.039275689487842,7.107377529144287,118800.0
2021-01-05,7.113568766502753,7.1569068375831195,7.088804407497783,7.107377529144287,78900.0
2021-01-06,7.125951241219684,7.1321424785781495,7.094995644856248,7.107377529144287,150100.0
2021-01-07,7.132143626366147,7.138334274291991,7.094996786666141,7.138334274291992,126400.0
2021-01-08,7.132144132499815,7.156908497247564,7.125952893705621,7.150717258453369,169300.0
2021-01-11,7.14452413045272,7.1816709629662245,7.132142246567468,7.156906604766846,150700.0
2021-01-12,7.156907258952289,7.181671619415283,7.144524783506329,7.181671619415283,109100.0
2021-01-13,7.194052532309109,7.21262565253936,7.163096938306126,7.175479412078857,118600.0
2021-01-14,7.181669751498727,7.255962813564452,7.181669751498727,7.243580341339111,135100.0
2021-01-15,7.2435840136231375,7.305495225279459,7.218819647046424,7.231202125549316,129400.0
2021-01-19,7.249773663246209,7.268346786499023,7.249773663246209,7.268346786499023,139600.0
2021-01-20,7.293111147645757,7.293111147645757,7.255964901140128,7.268346786499023,179500.0
2021-01-21,7.293111147645757,7.293111147645757,7.249773663246209,7.268346786499023,159600.0
2021-01-22,7.274539619451298,7.286922097954191,7.231202125549317,7.231202125549316,149500.0
2021-01-25,7.2559665287426265,7.3178771502823015,7.2559665287426265,7.305495262145996,132900.0
2021-01-26,7.305495262145997,7.305495262145997,7.286922134727002,7.305495262145996,91800.0
2021-01-27,7.274538486248065,7.286920962822057,7.255965361816056,7.262156009674072,90100.0
2021-01-28,7.268345389903193,7.2993009829958,7.243581033514874,7.280727863311768,149500.0
2021-01-29,7.262157775691695,7.274540255276869,7.231202757587008,7.2497758865356445,204500.0
2021-02-01,7.252894192435974,7.309118275409795,7.23415303003497,7.259141445159912,184900.0
2021-02-02,7.271639347076416,7.290380518231126,7.259144835792549,7.271639347076416,154800.0
2021-02-03,7.27163600431144,7.34660125023991,7.265388751541364,7.32161283493042,132200.0
2021-02-04,7.309124044051256,7.359100913744805,7.302876786396742,7.352854251861572,81600.0
2021-02-05,7.35285205083142,7.421570077146919,7.327863027693672,7.396581649780273,227600.0
2021-02-08,7.427818334095191,7.427818334095191,7.377841472625732,7.377841472625732,152100.0
2021-02-09,7.409076910048352,7.440312598867544,7.390335735065321,7.434065341949463,124000.0
2021-02-10,7.477792418283661,7.477792418283661,7.427815575375796,7.45905065536499,137000.0
2021-02-11,7.465298212891836,7.4777927220117775,7.44030979042294,7.44655704498291,85000.0
2021-02-12,7.4465577333479205,7.465298902989293,7.434063223072978,7.440310478210449,173700.0
2021-02-16,7.4590514200193345,7.471545929912639,7.359097723956989,7.4153218269348145,553900.0
2021-02-17,7.415321826934814,7.471545929912639,7.390333402919228,7.4153218269348145,142600.0
2021-02-18,7.434063223072978,7.490287327768137,7.434063223072978,7.440310478210449,171900.0
2021-02-19,7.440308593742072,7.477791519302248,7.421567428847429,7.47154426574707,320600.0
2021-02-22,7.46530052529338,7.527771898701828,7.452806608074392,7.51527738571167,223300.0
2021-02-23,7.515275516587129,7.5340172814111,7.446557499545634,7.49653434753418,213900.0
2021-02-24,7.515277065850365,7.658960980265928,7.490288636704765,7.640219211578369,202500.0
2021-02-25,7.62772279229212,7.665205721598223,7.540263021091844,7.559004783630371,163800.0
2021-02-26,7.56525165425972,7.677699849561484,7.56525165425972,7.633970260620117,222200.0
2021-03-01,7.649723856208767,7.706434646941776,7.605614662170411,7.60561466217041,152400.0
2021-03-02,7.567809293452322,7.69383430480957,7.567809293452322,7.69383430480957,171800.0
2021-03-03,7.693833556924249,7.700134957113242,7.630820756903506,7.643423557281494,86200.0
2021-03-04,7.6119158346316595,7.649723628261577,7.454384462886907,7.473288059234619,158500.0
2021-03-05,7.473289155171378,7.536301953483726,7.403975557775462,7.511096954345703,198900.0
2021-03-08,7.504795963847171,7.624520166986791,7.504795963847171,7.599315166473389,173500.0
2021-03-09,7.618220327892418,7.662328937596777,7.593015322213537,7.611918926239014,118300.0
2021-03-10,7.611917366262783,7.643423767138189,7.593013766111385,7.599315166473389,137500.0
2021-03-11,7.618218350915944,7.68123054829371,7.473289155171378,7.511096954345703,281100.0
2021-03-12,7.498493148130712,7.599313732088862,7.498493148130712,7.59301233291626,138900.0
2021-03-15,7.6182163235800635,7.712734894961017,7.605613526897579,7.668626308441162,295000.0
2021-03-16,7.68753208385264,7.756846283405234,7.6812306837233875,7.712737083435059,122200.0
2021-03-17,7.681230821274434,7.782051422344135,7.681230821274434,7.744243621826172,101300.0
2021-03-18,7.719040997356971,7.876572446282623,7.719040997356971,7.737944602966309,434300.0
2021-03-19,7.725340368884168,7.775750371215008,7.712737567834143,7.73164176940918,128400.0
2021-03-22,7.750545022068265,7.819858621927495,7.706435821308208,7.744243621826172,250300.0
2021-03-23,7.7316390899847445,7.7379398873915655,7.668626308441161,7.668626308441162,199900.0
2021-03-24,7.693833556924249,7.693833556924249,7.599314957827732,7.643423557281494,157500.0
2021-03-25,7.611916611235951,7.756845800513431,7.611916611235951,7.706435203552246,178000.0
2021-03-26,7.706435821308208,7.769448621859946,7.706435821308208,7.744243621826172,85800.0
2021-03-29,7.725338123683055,7.7820495100569795,7.725338123683055,7.750543117523193,138200.0
2021-03-30,7.756843706022307,7.813554485538393,7.74424090995136,7.775747299194336,154200.0
2021-03-31,7.756846289261826,7.794653488196703,7.725339889526367,7.725339889526367,250100.0
2021-04-01,7.736773107100186,7.793941476782493,7.730420931407304,7.7812371253967285,145000.0
2021-04-05,7.781237630062468,7.781237630062468,7.654197136849472,7.673253059387207,248000.0
2021-04-06,7.67325012646348,7.711362562748202,7.67325012646348,7.692306041717529,99600.0
2021-04-07,7.711364012648877,7.832052306318658,7.698659662906407,7.8129963874816895,215100.0
2021-04-08,7.825701122518343,7.832053298194038,7.755829007416149,7.768532752990723,104000.0
2021-04-09,7.793943470202863,7.800295041743441,7.755831012074541,7.76218318939209,113900.0
2021-04-12,7.755829007416149,7.806645201268075,7.755829007416149,7.768532752990723,112400.0
2021-04-13,7.774885140612421,7.8257013358496135,7.755829218842681,7.819349765777588,123000.0
2021-04-14,7.81299751176645,7.8828696280743715,7.81299751176645,7.838405609130859,196400.0
2021-04-15,7.8638125748980965,7.889220668606299,7.774883944031017,7.8129963874816895,172800.0
2021-04-16,7.793941476782493,7.838405495079036,7.768532774010964,7.7812371253967285,136800.0
2021-04-19,7.768533954628372,7.851110433854894,7.73677428289094,7.774886131286621,225600.0
2021-04-20,7.793937993644211,7.793937993644211,7.711361563870888,7.72406530380249,209600.0
2021-04-21,7.743123278021241,7.755827627111637,7.673251175354184,7.68595552444458,222800.0
2021-04-22,7.692309689419432,7.705014042797632,7.654197840838652,7.666901588439941,177300.0
2021-04-23,7.666900350107432,7.7177165438587485,7.666900350107432,7.705012798309326,115200.0
2021-04-26,7.705012948081811,7.730421045451361,7.692308596508624,7.717716693878174,95700.0
2021-04-27,7.724070713551126,7.774886920421044,7.705014787419149,7.749478816986084,165000.0
2021-04-28,7.74312465606476,7.80029302559238,7.74312465606476,7.768532752990723,118700.0
2021-04-29,7.800293238231017,7.83205351169847,7.755829218842681,7.819349765777588,261700.0
2021-04-30,7.806644612661878,7.832052707672119,7.781236517651637,7.832052707672119,211100.0
2021-05-03,7.837174599221134,7.881995458257116,7.837174599221134,7.856383800506592,142400.0
2021-05-04,7.843577129555144,7.869188785552979,7.824368540214278,7.8691887855529785,167600.0
2021-05-05,7.856384789433124,7.881996450407528,7.843578653630839,7.862787246704102,148800.0
2021-05-06,7.869189818498033,7.952427864074708,7.843578159138296,7.952427864074707,206600.0
2021-05-07,7.933220584898347,7.946026111382044,7.881997257703106,7.920414447784424,131600.0
2021-05-10,7.920413636554052,7.926816704455194,7.856384789433124,7.862787246704102,137500.0
2021-05-11,7.862785049101955,7.881994247436523,7.817964807581282,7.881994247436523,138800.0
2021-05-12,7.86918932406681,7.926815706663009,7.856383800506592,7.856383800506592,162300.0
2021-05-13,7.888397877357775,7.939621192616196,7.881995420923036,7.907607078552246,122400.0
2021-05-14,7.9140095349869855,7.926815669116633,7.881995420923036,7.907607078552246,87100.0
2021-05-17,7.920414497549833,7.978040893664113,7.907608970985677,7.965234756469727,146100.0
2021-05-18,7.978040893664113,7.978040893664113,7.920414497549833,7.965234756469727,79800.0
2021-05-19,7.946024796577242,8.022859774656451,7.939621729079777,7.952427864074707,174300.0
2021-05-20,7.958829785823221,8.035664752841308,7.926815063574842,8.022858619689941,83500.0
2021-05-21,8.022858619689941,8.042067819416992,8.016456163744296,8.022858619689941,155500.0
2021-05-24,8.048471133870548,8.099694450679788,8.02926254272461,8.02926254272461,107800.0
2021-05-25,8.03566637843512,8.138113021850586,8.029263310564113,8.138113021850586,165400.0
2021-05-26,8.13810980337301,8.13810980337301,8.067677916536976,8.080483436584473,187900.0
2021-05-27,8.086886501923182,8.118901217986805,8.074080371245763,8.080483436584473,238600.0
2021-05-28,8.11250348548384,8.144518222592673,8.061280150361837,8.067683219909668,261400.0
2021-06-01,8.072845908094614,8.085751816311861,8.053486122643367,8.05993938446045,117000.0
2021-06-02,8.059936927243461,8.11156177520752,8.059936927243461,8.11156177520752,133400.0
2021-06-03,8.079295601796476,8.111560665798606,8.05993582489522,8.066389083862305,157600.0
2021-06-04,8.066389083862305,8.105108022248169,8.053482565928133,8.066389083862305,127200.0
2021-06-07,8.085751619326459,8.092204880986328,8.059939188103892,8.079298973083496,150400.0
2021-06-08,8.085748245346913,8.092201504313998,8.047029922377696,8.066389083862305,80100.0
2021-06-09,8.066393887721201,8.085753060734968,8.014769016073148,8.034128189086914,91700.0
2021-06-10,8.034122736298208,8.079294929894482,7.982497899688121,8.008310317993164,97400.0
2021-06-11,8.008313154001288,8.04703210287881,8.001859893285564,8.040578842163086,127200.0
2021-06-14,8.047033028568965,8.072845458984375,8.034126505652818,8.072845458984375,89000.0
2021-06-15,8.092201504313998,8.092201504313998,8.066389083862305,8.066389083862305,142500.0
2021-06-16,8.066389067655328,8.137373069900702,8.066389067655328,8.098654747009277,111500.0
2021-06-17,8.105109783632074,8.28579676606041,8.079297357570882,8.16964054107666,655000.0
2021-06-18,8.169640686192297,8.240625320684043,8.111562572668792,8.214812278747559,234300.0
2021-06-21,8.240624873539407,8.240624873539407,8.214811833003564,8.227718353271484,138300.0
2021-06-22,8.143829941831765,8.150283203648849,8.034126952609038,8.05993938446045,307100.0
2021-06-23,8.072845711423629,8.214813775439298,8.06639244976376,8.079298973083496,231500.0
2021-06-24,8.098656400530485,8.098656400530485,8.066390714588776,8.092203140258789,200700.0
2021-06-25,8.105108667862838,8.156733512878418,8.092202148900597,8.156733512878418,105800.0
2021-06-28,8.169637828400555,8.247075080871582,8.13091950987333,8.247075080871582,97100.0
2021-06-29,8.240623663056128,8.279341987338954,8.176092302029193,8.221263885498047,108800.0
2021-06-30,8.240624895767322,8.259984060804664,8.182546785238538,8.195452690124512,145200.0
2021-07-01,8.188956260681152,8.214952921643565,8.182456940488226,8.188956260681152,114200.0
2021-07-02,8.182454673149667,8.201952008516493,8.175955354757688,8.195452690124512,109900.0
2021-07-06,8.182451298659577,8.182451298659577,8.156454655621939,8.169452667236328,106300.0
2021-07-07,8.156456434167731,8.175953765745211,8.110961834074951,8.130459785461426,82100.0
2021-07-08,8.117461592425665,8.130460227389852,8.071967609669072,8.104463577270508,103100.0
2021-07-09,8.104461369546664,8.169452667236328,8.091462738123415,8.169452667236328,91200.0
2021-07-12,8.195451295306786,8.234446579212781,8.156456631209801,8.221447944641113,107900.0
2021-07-13,8.201953829202646,8.240949128401665,8.175957169673051,8.21495246887207,141400.0
2021-07-14,8.21494924716429,8.234446579212781,8.195451295306786,8.221447944641113,118200.0
2021-07-15,8.221449196519325,8.234447833070293,8.156457873191801,8.162957191467285,94300.0
2021-07-16,8.162955751296556,8.162955751296556,8.091464502497471,8.130459785461426,81000.0
2021-07-19,8.091467240222972,8.130462536380877,8.02647590637207,8.02647590637207,100400.0
2021-07-20,8.045972433818187,8.065469770027947,8.02647509760843,8.05897045135498,44500.0
2021-07-21,8.09796622274406,8.09796622274406,8.052472228959672,8.091466903686523,48500.0
2021-07-22,8.091463032380863,8.097962348328844,8.032970428466797,8.032970428466797,55600.0
2021-07-23,8.039469393830277,8.110960006713867,8.032970078165718,8.110960006713867,49100.0
2021-07-26,8.071969902048622,8.136961855708728,7.961483952711965,8.02647590637207,161800.0
2021-07-27,8.013473100431735,8.04596906036276,8.006973784483753,8.032970428466797,74900.0
2021-07-28,8.045972433818187,8.065469770027947,8.032973796472254,8.05897045135498,71400.0
2021-07-29,8.03947213642905,8.07196810602872,8.03947213642905,8.065468788146973,35600.0
2021-07-30,8.0589679503871,8.078465900355134,8.026472606724944,8.052469253540039,78700.0
2021-08-02,8.065565272319764,8.065565272319764,8.026285270627401,8.032832145690918,87500.0
2021-08-03,8.026281926893864,8.032828799229968,7.960814452221055,7.980454444885254,163400.0
2021-08-04,7.973910030704877,7.980456280202353,7.9542694091796875,7.9542694091796875,131500.0
2021-08-05,7.980457747448186,7.980457747448186,7.914990870027246,7.934630870819092,168700.0
2021-08-06,7.928081788875905,7.99354927241738,7.928081788875905,7.967362403869629,74400.0
2021-08-09,7.9542695808451755,7.9870033264160165,7.9542695808451755,7.987003326416016,74200.0
2021-08-10,7.9673634576371954,7.993550329648436,7.960816583548316,7.973910331726074,90500.0
2021-08-11,7.987003567767419,8.052471060887399,7.980456693586564,8.045924186706543,120600.0
2021-08-12,8.059018722544202,8.059018722544202,7.980457473386008,8.013191223144531,174400.0
2021-08-13,8.00664234161377,8.019736087973223,7.993549219598507,8.00664234161377,47300.0
2021-08-16,8.026285270627401,8.039378396410067,8.019738395563884,8.032832145690918,71400.0
2021-08-17,8.013190369529184,8.019737243652344,7.960816625232466,8.019737243652344,168300.0
2021-08-18,8.006645365954123,8.039379119873047,7.993552238993209,8.039379119873047,81100.0
2021-08-19,8.01318769259337,8.072108291329863,7.97390770966509,8.052468299865723,123600.0
2021-08-20,8.052468277328622,8.085202012573287,8.039374533493126,8.072108268737793,22500.0
2021-08-23,8.091752183456853,8.124485934572576,8.072112182525169,8.078659057617188,119600.0
2021-08-24,8.091751397810095,8.117938271291255,8.085205147698039,8.1113920211792,63400.0
2021-08-25,8.117934616372864,8.170308339755087,8.104841497699324,8.163762092590332,107100.0
2021-08-26,8.170308339755087,8.176855211263872,8.13757523089922,8.163762092590332,69300.0
2021-08-27,8.150671105708552,8.176857976254711,8.144124231985954,8.157217979431152,87300.0
2021-08-30,8.176859921928761,8.209593673986475,8.137579918935016,8.203046798706055,101900.0
2021-08-31,8.196497912936113,8.29469851319745,8.17031042023262,8.281604766845703,221600.0
2021-09-01,8.307980783521218,8.31457394096234,8.261824908524966,8.288199424743652,95200.0
2021-09-02,8.288195625422837,8.288195625422837,8.20907211303711,8.20907211303711,103300.0
2021-09-03,8.195889853449847,8.215670585632324,8.16292154726696,8.215670585632324,78400.0
2021-09-07,8.209073146554536,8.242041438070387,8.195886207238908,8.202479362487793,74300.0
2021-09-08,8.209074165235602,8.255230030612518,8.209074165235602,8.248636245727539,78600.0
2021-09-09,8.248638070955776,8.268418801169783,8.215669768053715,8.255231857299805,44900.0
2021-09-10,8.26841697156454,8.281604541334497,8.248636245727539,8.248636245727539,34100.0
2021-09-13,8.275013185803171,8.307981491088867,8.261825612161646,8.307981491088867,48800.0
2021-09-14,8.321168028135821,8.373917062480732,8.294793510963364,8.314574241638184,92300.0
2021-09-15,8.347538868689266,8.380507157838691,8.334351930320185,8.354132652282715,88700.0
2021-09-16,8.360730035638383,8.367323193252739,8.307981001815017,8.321167945861816,38400.0
2021-09-17,8.327761732294258,8.360730035638383,8.294793428950134,8.321167945861816,158100.0
2021-09-20,8.301388210101335,8.314575155728267,8.169515609741211,8.169515609741211,169000.0
2021-09-21,8.156326787201476,8.169514359628584,7.879394054412842,7.879394054412842,257700.0
2021-09-22,7.918952134476204,8.037637082154141,7.820047277790554,7.984888076782227,279300.0
2021-09-23,7.938734443466579,8.044232475329066,7.938734443466579,7.958515167236328,175500.0
2021-09-24,7.958516911749753,8.0046727824204,7.951923754926526,7.971704483032227,58900.0
2021-09-27,7.998075642534078,8.024450145220035,7.945326637162163,7.984888076782227,51300.0
2021-09-28,7.984888076782227,8.0640115848401,7.945326637162163,7.984888076782227,161500.0
2021-09-29,7.984892705761111,8.09039140648209,7.9717057611823074,8.070610046386719,100500.0
2021-09-30,8.057423101807915,8.09039140648209,8.050829315109459,8.070610046386719,63900.0
2021-10-01,8.076582280138684,8.096491508586102,8.036763190340888,8.043399810791016,105000.0
2021-10-04,8.030128180393804,8.043400790006924,7.95048999110294,7.977036476135254,142500.0
2021-10-05,7.963764805575785,8.030129765450182,7.963764805575785,8.003583908081055,109200.0
2021-10-06,7.977034878033,8.043399178609386,7.977034878033,8.030126571655273,108900.0
2021-10-07,8.05667241846641,8.06330840549201,7.996944104915625,8.030126571655273,69700.0
2021-10-08,8.050037714505484,8.063310324618573,7.996946008246997,8.016855239868164,42600.0
2021-10-11,8.03012910454506,8.05003833770752,7.996946627338884,8.05003833770752,45400.0
2021-10-12,8.050037714505484,8.063310324618573,7.996946008246997,8.016855239868164,99400.0
2021-10-13,8.016853331798249,8.043399178609386,7.9836708650586,8.030126571655273,194400.0
2021-10-14,8.043400761132567,8.056674003601074,8.030128151567094,8.056674003601074,50700.0
2021-10-15,8.069948235052289,8.076584857620361,7.9903106629449105,8.003583908081055,83800.0
2021-10-18,7.977037071981856,8.07658386667655,7.977037071981856,8.063310623168945,150500.0
2021-10-19,8.050035798537898,8.069945025420523,8.023489951726761,8.030126571655273,95900.0
2021-10-20,8.043397264445932,8.043397264445932,8.010214805603027,8.010214805603027,76400.0
2021-10-21,8.02349314288211,8.036765755115091,8.003583908081055,8.003583908081055,89100.0
2021-10-22,8.030127826280932,8.089855516260648,8.023491205315516,8.083219528198242,88300.0
2021-10-25,8.063308393295893,8.136309946593284,8.063308393295893,8.096490859985352,149400.0
2021-10-26,8.116400086486685,8.129673326323058,8.043399166095362,8.103127479553223,115100.0
2021-10-27,8.116402623612723,8.129675867598213,8.103130012530343,8.123039245605469,117400.0
2021-10-28,8.123038293578208,8.123038293578208,8.096492441621535,8.116401672363281,62900.0
2021-10-29,8.103128435494039,8.116401043993296,8.089855194091797,8.089855194091797,93600.0
2021-11-01,8.095865917034898,8.142624015127412,8.082506733450455,8.129264831542969,90300.0
2021-11-02,8.122585498564067,8.142624593880704,8.109226314030094,8.135945320129395,94500.0
2021-11-03,8.122584921235092,8.142624015127412,8.109225737650648,8.129264831542969,147600.0
2021-11-04,8.129264717969384,8.149303811581738,8.129264717969384,8.142623901367188,82100.0
2021-11-05,8.135944628183935,8.15598372179629,8.135944628183935,8.142623901367188,96400.0
2021-11-08,8.129265409346731,8.155984415446033,8.115905587781404,8.135945320129395,74600.0
2021-11-09,8.129265698945678,8.135945609966308,8.102546691894531,8.102546691894531,50800.0
2021-11-10,8.109226139006505,8.135945144529124,8.082507133483887,8.082507133483887,54900.0
2021-11-11,8.082505488799358,8.129263579691443,8.075825579520144,8.089184761047363,49100.0
2021-11-12,8.095866317729525,8.095866317729525,8.069147312206907,8.082507133483887,52700.0
2021-11-15,8.095864670326579,8.12258367041223,8.075825579520144,8.089184761047363,94300.0
2021-11-16,8.082507595864016,8.115905876904415,8.055788588812868,8.102546691894531,111100.0
2021-11-17,8.10254706831338,8.122586165274848,8.069148148689994,8.095867156982422,79700.0
2021-11-18,8.095864670326579,8.109224488885008,8.082505488799358,8.089184761047363,37400.0
2021-11-19,8.102545444320272,8.115904627273201,8.062466621398926,8.062466621398926,36400.0
2021-11-22,8.062467110824088,8.075826931619293,8.042428016662598,8.042428016662598,56800.0
2021-11-23,8.069148148689994,8.095867156982422,8.055788963059483,8.095867156982422,126800.0
2021-11-24,8.075827283472636,8.162664211330888,8.075827283472636,8.149304389953613,131300.0
2021-11-26,8.122584455951516,8.12926436587675,8.075826360537432,8.109225273132324,35100.0
2021-11-29,8.109227389880449,8.135946399524558,8.02239044927923,8.04910945892334,114800.0
2021-11-30,8.055787837457803,8.055787837457803,7.9689509133829235,8.042428016662598,147500.0
2021-12-01,8.06192737983511,8.06192737983511,8.001412391662598,8.001412391662598,85200.0
2021-12-02,7.981238842010499,8.001410285679247,7.96106739834175,7.981238842010498,92700.0
2021-12-03,7.9610696900050515,8.048480159383008,7.914002760816466,7.927450180053711,88600.0
2021-12-06,7.900553805612969,7.914001864566057,7.8400388228015645,7.866934299468994,134900.0
2021-12-07,7.866933623797105,7.947620046869435,7.866933623797105,7.934172630310059,120500.0
2021-12-08,7.907276153564453,7.961067095460379,7.907276153564453,7.907276153564453,118400.0
2021-12-09,7.914003888554939,7.94089937210083,7.900555826162539,7.94089937210083,108100.0
2021-12-10,7.961068104667501,7.9812395501259115,7.9207245725119915,7.934172630310059,83700.0
2021-12-13,7.967792431589446,7.967792431589446,7.907277451712057,7.920724868774414,56500.0
2021-12-14,7.900552930543019,7.947619849188176,7.893828901811233,7.914000988006592,88600.0
2021-12-15,7.940895652559059,7.947619039367093,7.860208598476561,7.907276153564453,111500.0
2021-12-16,7.920725150237791,7.920725150237791,7.887105644529158,7.9005537033081055,68100.0
2021-12-17,7.90727773269758,7.914001762087054,7.8736582269889475,7.9005537033081055,69300.0
2021-12-20,7.900553805612969,7.907277835089513,7.853486881754652,7.866934299468994,77400.0
2021-12-21,7.893832206726074,7.954347208170651,7.840041236828437,7.893832206726074,191600.0
2021-12-22,7.893830670102372,7.9610696900050515,7.88710663986434,7.927450180053711,129300.0
2021-12-23,7.914001184851648,7.9812395501259115,7.914001184851648,7.934172630310059,182000.0
2021-12-27,7.94089937210083,7.994690339192611,7.94089937210083,7.94089937210083,168000.0
2021-12-28,7.974518245604012,7.974518245604012,7.92745130970843,7.94089937210083,79900.0
2021-12-29,7.940896956226019,7.967792431589446,7.920724868774413,7.920724868774414,113500.0
2021-12-30,7.927448601411025,7.974515521226878,7.927448601411025,7.934172630310059,113900.0
2021-12-31,7.920726431690175,8.135890918292507,7.920726431690175,8.10899543762207,534500.0
2022-01-03,8.060940461792885,8.108317739672895,8.013563183912877,8.074477195739746,129700.0
2022-01-04,8.108318047643479,8.121854782104492,8.060940767963984,8.121854782104492,94300.0
2022-01-05,8.101547517732797,8.142156416105985,8.081242423079402,8.088010787963867,121000.0
2022-01-06,8.108318433184202,8.203073642515713,8.088013975994256,8.196305274963379,109400.0
2022-01-07,8.223376345250697,8.351972719440825,8.169230707318093,8.34520435333252,255400.0
2022-01-10,8.291059494018555,8.345205137036011,8.250449939021973,8.291059494018555,79600.0
2022-01-11,8.284292221069336,8.324901781427695,8.257219395986118,8.284292221069336,138100.0
2022-01-12,8.277523040771484,8.33843705259515,8.263986952292337,8.277523040771484,153500.0
2022-01-13,8.284290086062933,8.311362904169012,8.263985633850098,8.263985633850098,68900.0
2022-01-14,8.257218501181452,8.291059690234993,8.203072856882581,8.250450134277344,101200.0
2022-01-18,8.27075613126126,8.33843787123577,8.243683306178042,8.284292221069336,174200.0
2022-01-19,8.31136330728981,8.406118497990386,8.29105885409216,8.338436126708984,242500.0
2022-01-20,8.37227824199352,8.379046608966593,8.250450218346188,8.277523040771484,129100.0
2022-01-21,8.243681720460412,8.243681720460412,8.020330795119884,8.033866882324219,127500.0
2022-01-24,8.060939994777383,8.060939994777383,7.681920502762042,7.722529411315918,431800.0
2022-01-25,7.790213784900984,8.060942062943111,7.715763024339052,7.912041187286377,204800.0
2022-01-26,7.979719220389983,8.027096481799445,7.884964052104284,7.905269145965576,161100.0
2022-01-27,7.986493550206011,8.148930549621582,7.945883977618489,8.148930549621582,151200.0
2022-01-28,8.155698702266472,8.169234795790597,8.06094346572862,8.128625869750977,162000.0
2022-01-31,8.108318877865988,8.236915286544683,8.10155115540955,8.18953800201416,141000.0
2022-02-01,8.184089212023942,8.2862198453908,8.184089212023942,8.272602081298828,173000.0
2022-02-02,8.333881480357888,8.361116361692492,8.25898571902043,8.354308128356934,222700.0
2022-02-03,8.29984099833656,8.340693661158097,8.238562978100823,8.252180099487305,79800.0
2022-02-04,8.224940053367563,8.340688434610652,8.224940053367563,8.238557815551758,118000.0
2022-02-07,8.272601525476608,8.320263047265476,8.211323539172097,8.231749534606934,119900.0
2022-02-08,8.23855987219177,8.313455634909584,8.23855987219177,8.26579475402832,130800.0
2022-02-09,8.320264262338886,8.340690260756691,8.279411616172492,8.333881378173828,78200.0
2022-02-10,8.306649883695323,8.327075890440568,8.245371214128541,8.252180099487305,94100.0
2022-02-11,8.279410407065116,8.320263047265476,8.211323539172097,8.231749534606934,161300.0
2022-02-14,8.252176636654756,8.265794401657907,8.10919335077553,8.143237113952637,101800.0
2022-02-15,8.197704593307693,8.34749671999084,8.156851959001164,8.299835205078125,236300.0
2022-02-16,8.286222000206285,8.367926658013051,8.272604232573041,8.320265769958496,225000.0
2022-02-17,8.320264667483086,8.35430843272433,8.24536825408618,8.29302978515625,113000.0
2022-02-18,8.293032762308842,8.320267654412852,8.245371214128541,8.252180099487305,122400.0
2022-02-22,8.245368570178101,8.245368570178101,8.116003036499023,8.116003036499023,126500.0
2022-02-23,8.156853772930843,8.211324180562933,8.034297141418172,8.061532020568848,94900.0
2022-02-24,7.966212586224722,8.10238703270196,7.932168812272667,8.088769912719727,184100.0
2022-02-25,8.11600272536642,8.313455784568673,8.068341843627163,8.29302978515625,81700.0
2022-02-28,8.279412620802368,8.34750015623122,8.252177736497,8.286221504211426,77300.0
2022-03-01,8.301288793648851,8.328685760498047,8.23279670312347,8.328685760498047,108800.0
2022-03-02,8.33553497581728,8.404027717979186,8.301288604736328,8.301288604736328,137700.0
2022-03-03,8.342384686877525,8.438273745589537,8.294439504326297,8.321836471557617,70900.0
2022-03-04,8.30813863421159,8.31498803958177,8.184851950329335,8.205399513244629,105800.0
2022-03-07,8.24649238475364,8.24649238475364,8.041014868461444,8.068411827087402,64000.0
2022-03-08,8.116360781578344,8.171154724396475,8.034169214155824,8.109511375427246,108000.0
2022-03-09,8.136907673581781,8.294440082850715,8.047867360570757,8.267043113708496,151400.0
2022-03-10,8.205400871772472,8.246496657602332,8.09581298048665,8.123209953308105,104600.0
2022-03-11,8.178003898951015,8.212250278276674,8.102662386990852,8.123209953308105,113900.0
2022-03-14,8.061566213245765,8.116360151812316,7.945128930493028,7.993073463439941,87500.0
2022-03-15,8.041015429776726,8.061563640076857,7.951975144728015,8.013618469238281,101100.0
2022-03-16,8.068416007665196,8.17115514564217,8.068416007665196,8.123209953308105,78800.0
2022-03-17,8.157454852369616,8.349233627319336,8.157454852369616,8.349233627319336,131100.0
2022-03-18,8.369785428092534,8.37663418309209,8.308142060727912,8.362936019897461,138500.0
2022-03-21,8.349235953375945,8.36978417488448,8.301291409580209,8.342387199401855,127800.0
2022-03-22,8.34923642981812,8.445126176076883,8.335538267892844,8.390332221984863,172300.0
2022-03-23,8.390326973167934,8.506764216071582,8.369779416536423,8.47936725616455,323300.0
2022-03-24,8.493067955158704,8.609505232962247,8.451972829578184,8.595807075500488,151200.0
2022-03-25,8.623204652954636,8.657451028821825,8.390330080892097,8.40402889251709,172700.0
2022-03-28,8.445125876064738,8.458824690698822,8.349236133212447,8.369784355163574,92900.0
2022-03-29,8.451972007751465,8.561559869570742,8.417725637634145,8.451972007751465,94900.0
2022-03-30,8.486215576194223,8.616350955842382,8.390325902162182,8.547858238220215,125300.0
2022-03-31,8.595806543093708,8.636901666128878,8.561560171767598,8.609504699707031,234900.0
2022-04-01,8.645327000574106,8.67288180097046,8.528218934650033,8.555773735046387,126100.0
2022-04-04,8.569551078857874,8.659104347229004,8.52821920543014,8.659104347229004,105500.0
2022-04-05,8.652216908806395,8.679771712527247,8.58332957102509,8.638439178466797,116100.0
2022-04-06,8.590216829494993,8.707324887644509,8.562662030927944,8.62466049194336,145500.0
2022-04-07,8.617771438144677,8.776211362173978,8.617771438144677,8.734879493713379,163000.0
2022-04-08,8.721101766254376,8.824432751322282,8.707324695753579,8.734879493713379,73700.0
2022-04-11,8.714211078866086,8.727988803441768,8.665990356767335,8.672879219055176,72100.0
2022-04-12,8.721101382633718,8.796877566408607,8.638436992390528,8.679769515991211,95400.0
2022-04-13,8.714214515014683,8.796879581148742,8.693548576960332,8.762435913085938,70800.0
2022-04-14,8.77621317291906,8.87265531415581,8.693548761983992,8.796879768371582,204300.0
2022-04-18,8.803767786336078,8.838211454387698,8.727992242189176,8.748658180236816,138700.0
2022-04-19,8.776208050944796,8.88642720119874,8.776208050944796,8.858872413635254,106400.0
2022-04-20,8.907097711159006,8.955318446413052,8.845099247570518,8.941540718078613,114100.0
2022-04-21,9.003542299397813,9.003542299397813,8.7831038253797,8.831324577331543,109300.0
2022-04-22,8.87954176318334,8.927762492201685,8.714212329341002,8.77621078491211,98200.0
2022-04-25,8.776212983286447,8.872655122439317,8.638438968038294,8.748658180236816,111400.0
2022-04-26,8.714213183737533,8.80376644423637,8.665992449991322,8.693547248840332,75600.0
2022-04-27,8.700437441964556,8.824434384207319,8.679771503910205,8.762435913085938,70700.0
2022-04-28,8.81065218853589,8.969092718536162,8.769319676418169,8.879539489746094,215800.0
2022-04-29,8.755547523498535,8.824434863364651,8.700437914388987,8.755547523498535,133600.0
2022-05-02,8.715363060947542,8.874706291330387,8.535236160758572,8.576804161071777,149400.0
2022-05-03,8.556020175721999,8.569875734848111,8.472884178161621,8.472884178161621,145700.0
2022-05-04,8.47981684149509,8.535240429162277,8.445176934027778,8.514456748962402,136400.0
2022-05-05,8.431318569587347,8.48674213886261,8.285831535064517,8.313543319702148,114800.0
2022-05-06,8.348180058264523,8.438243489448716,8.278900292522584,8.327396392822266,99000.0
2022-05-09,8.168056444400241,8.223480014755882,7.994857621863594,8.043353080749512,186100.0
2022-05-10,8.133415512512729,8.133415512512729,7.842441474830925,7.9740729331970215,235800.0
2022-05-11,8.015639252141968,8.029495471549044,7.787016917532451,7.807801246643066,155100.0
2022-05-12,7.7731615715060824,7.8078014602706425,7.593034678491109,7.669241905212402,164000.0
2022-05-13,7.690027236938476,7.842441710241386,7.516828431247979,7.690027236938477,193800.0
2022-05-16,7.752379023871675,7.773163358328675,7.6484599943909775,7.676171779632568,112700.0
2022-05-17,7.773164231047118,7.793947907136493,7.710812542077842,7.752379894256592,104500.0
2022-05-18,7.759305866402975,7.7731620871082665,7.6830986346267744,7.731594085693359,78600.0
2022-05-19,7.683098124998596,7.724665462955328,7.662314456020229,7.669241905212402,152800.0
2022-05-20,7.703883564874159,7.717739787845494,7.63460443212072,7.676171779632568,97300.0
2022-05-23,7.7385209653185285,7.752376523119277,7.620745750858286,7.6484575271606445,173600.0
2022-05-24,7.690024947972565,7.696952396005434,7.551465416102143,7.6207451820373535,72700.0
2022-05-25,7.641529144161101,7.641529144161101,7.385195057371928,7.468330383300781,109700.0
2022-05-26,7.516828100594397,7.59996344438472,7.461404538067515,7.5237555503845215,114600.0
2022-05-27,7.572252728595254,7.655388084083358,7.551468394197422,7.6138200759887695,78900.0
2022-05-31,7.599963052066835,7.599963052066835,7.5445394924009745,7.551466941833496,52100.0
2022-06-01,7.573785285598297,7.6295773909545215,7.4343050222077345,7.504045486450195,161900.0
2022-06-02,7.517990991713764,7.573783080828607,7.511017479395033,7.552861213684082,70600.0
2022-06-03,7.517991619995522,7.5598360228756905,7.4552253482223785,7.483121395111084,99700.0
2022-06-06,7.483122988801946,7.5319415800748075,7.469175294934244,7.511019706726074,81800.0
2022-06-07,7.524966239929199,7.5389145967398425,7.4621999644698205,7.524966239929199,61900.0
2022-06-08,7.511017396420309,7.524965085997856,7.4412769532501,7.476147174835205,88200.0
2022-06-09,7.4831230915912625,7.5528635571708245,7.462201217955142,7.545889377593994,57000.0
2022-06-10,7.469173788459494,7.524965882866191,7.4621996103851,7.497069835662842,61000.0
2022-06-13,7.448252691748715,7.469174563047364,7.322720133768228,7.336668491363525,123400.0
2022-06-14,7.322718787285144,7.455224834604104,7.322718787285144,7.413381099700928,102400.0
2022-06-15,7.524965842131344,7.587732114272662,7.329693512764971,7.378511428833008,101100.0
2022-06-16,7.315744913155492,7.315744913155492,6.960069826257685,6.987966537475586,273800.0
2022-06-17,7.001916885375977,7.043761302989527,6.9600724677624255,7.001916885375977,130900.0
2022-06-21,7.064681653254825,7.071655832199713,7.001915372939447,7.03678560256958,60600.0
2022-06-22,7.036784262440267,7.190212844536365,6.987966349311856,7.162316799163818,137600.0
2022-06-23,7.239032644163424,7.239032644163424,7.120474254160127,7.155344486236572,69600.0
2022-06-24,7.176265077398484,7.225082994527527,7.176265077398484,7.1971869468688965,72400.0
2022-06-27,7.218109199701104,7.218109199701104,7.1204727041596625,7.134420394897461,98600.0
2022-06-28,7.162319709816629,7.162319709816629,7.043761302529509,7.1204752922058105,70000.0
2022-06-29,7.085601488376919,7.113497531043988,7.057705445709849,7.0646796226501465,73600.0
2022-06-30,7.07862854357626,7.07862854357626,6.9530966622708315,6.967044353485107,154100.0
2022-07-01,6.961425303559918,7.024647235870361,6.9544004955426315,7.024647235870361,69800.0
2022-07-05,7.017622821904537,7.017622821904537,6.954400886044073,6.975475311279297,60300.0
2022-07-06,6.9895234305381155,6.996548238118036,6.912252556926557,6.954400062561035,64500.0
2022-07-07,6.989523865706497,7.031672043887648,6.961425303559918,7.024647235870361,98500.0
2022-07-08,6.97547491959449,7.038696851904933,6.968450111577204,7.024647235870361,22900.0
2022-07-11,7.017621534638617,7.045720093208765,6.9754740317446355,6.9824981689453125,88300.0
2022-07-12,7.003573483472973,7.024647237607478,6.884154426839841,6.898203372955322,120800.0
2022-07-13,6.877129618820818,6.912252988993369,6.694488629861608,6.898203372955322,1490900.0
2022-07-14,6.891179234858864,6.905228180974345,6.842006248648268,6.898203372955322,107700.0
2022-07-15,6.926303386688233,6.947377815161974,6.83498287307014,6.926303386688232,132600.0
2022-07-18,6.9754738975493344,6.9754738975493344,6.919276781490168,6.940350532531738,77700.0
2022-07-19,6.996549192002512,7.024647756230529,6.954401010699177,7.017622947692871,93700.0
2022-07-20,7.052746843947155,7.059771653006228,7.003574520378972,7.010598659515381,114800.0
2022-07-21,7.0246468271622655,7.115967316306078,7.010597211945128,7.10894250869751,149700.0
2022-07-22,7.115966376952161,7.172163490557272,7.05976926334705,7.073818206787109,126300.0
2022-07-25,7.122991536864181,7.122991536864181,7.0808433646089926,7.094892978668213,65700.0
2022-07-26,7.080843817318896,7.094893432276371,7.059770064805198,7.0667948722839355,75400.0
2022-07-27,7.130016241755562,7.179189224956151,7.052745368043956,7.144065856933594,130900.0
2022-07-28,7.193237679940941,7.242410659790039,7.144065370014322,7.242410659790039,72800.0
2022-07-29,7.270509892285511,7.375879329016734,7.25646027676266,7.305632591247559,117200.0
2022-08-01,7.292901090387949,7.3848575387601905,7.292901090387949,7.356563091278076,100800.0
2022-08-02,7.299974690574266,7.335342920969801,7.243385791778565,7.2433857917785645,137900.0
2022-08-03,7.28582763671875,7.307048304634106,7.257533187967319,7.28582763671875,117700.0
2022-08-04,7.2929010733986805,7.356563074140503,7.278753512394161,7.3353424072265625,71500.0
2022-08-05,7.3211955378700635,7.363636871796815,7.264606642905835,7.356563091278076,40700.0
2022-08-08,7.3565647736319795,7.526332171941174,7.3565647736319795,7.490963935852051,93000.0
2022-08-09,7.448519329452398,7.561697105936752,7.441446224366695,7.455593109130859,137200.0
2022-08-10,7.526331679163689,7.533404786244015,7.413153196170119,7.469742774963379,147700.0
2022-08-11,7.519256773896343,7.653655232640832,7.469741658768297,7.646582126617432,329500.0
2022-08-12,7.674875300038239,7.773905513849869,7.639507077422912,7.717316627502441,80900.0
2022-08-15,7.710244128385126,7.710244128385126,7.618287678745284,7.646582126617432,87800.0
2022-08-16,7.639508281326022,7.681949615478516,7.639508281326022,7.681949615478516,56100.0
2022-08-17,7.674876393533456,7.674876393533456,7.62536060498003,7.653655052185059,43200.0
2022-08-18,7.660729162138102,7.660729162138102,7.526330700781671,7.582919597625732,85600.0
2022-08-19,7.582918302877099,7.582918302877099,7.391930302694073,7.406077861785889,181500.0
2022-08-22,7.384858244515992,7.413152694702148,7.3636375755246,7.413152694702148,61600.0
2022-08-23,7.427300759516671,7.483889663716981,7.420226977843394,7.469742774963379,24800.0
2022-08-24,7.505106902637149,7.533401341800438,7.455591802749552,7.483886241912842,39400.0
2022-08-25,7.526331170039681,7.5475518390310725,7.370711356719366,7.413152694702148,80300.0
2022-08-26,7.413152300099006,7.448520529597272,7.384857851418967,7.39900541305542,63900.0
2022-08-29,7.406078456055253,7.455593567664243,7.39900467594174,7.434372901916504,36400.0
2022-08-30,7.46973980055218,7.46973980055218,7.335340700648747,7.349488258361816,42800.0
2022-08-31,7.34241533279419,7.377783556594452,7.314120888672532,7.3424153327941895,46900.0
2022-09-01,7.34953701778021,7.370902440607749,7.264077363988924,7.2925639152526855,33000.0
2022-09-02,7.313929886435908,7.335294631692294,7.256956100463866,7.256956100463867,51500.0
2022-09-06,7.242712497711182,7.285441984296913,7.228468882733975,7.242712497711182,33200.0
2022-09-07,7.242712863550863,7.299685967991594,7.242712863550863,7.285442352294922,41500.0
2022-09-08,7.24983370042121,7.356658087147229,7.24983370042121,7.313928604125977,43500.0
2022-09-09,7.321051280943337,7.392268006611691,7.28544291810916,7.363781452178955,30600.0
2022-09-12,7.356658267759989,7.413631365968993,7.3424153327941895,7.3424153327941895,39500.0
2022-09-13,7.235588120562531,7.321047742556652,7.214223384857178,7.214223384857178,62800.0
2022-09-14,7.2569554335154445,7.264077241004047,6.9436033749192845,7.242712497711182,30500.0
2022-09-15,7.256954120833706,7.2783195394348095,7.15725155071984,7.171494483947754,69900.0
2022-09-16,7.164373871277749,7.164373871277749,6.986332778523234,7.04330587387085,243500.0
2022-09-19,7.007699720439964,7.050429215784576,7.007699720439964,7.014821529388428,63300.0
2022-09-20,6.993452783207428,7.021939326307494,6.979209851243775,7.000574588775635,74800.0
2022-09-21,7.007699720439964,7.071794642629965,6.986334972767659,7.014821529388428,56100.0
2022-09-22,7.000577827764982,7.000577827764982,6.915118158924768,6.936482906341553,58200.0
2022-09-23,6.843899588475077,6.89375155794099,6.808291912078857,6.808291912078857,110700.0
2022-09-26,6.7584420576556905,7.406511750968824,6.737077309297319,6.907996654510498,698700.0
2022-09-27,6.907995144209858,6.964968246824842,6.851022041594875,6.9578471183776855,152100.0
2022-09-28,6.972091466635058,7.08603769494472,6.89375360446544,7.064672946929932,100200.0
2022-09-29,7.029062566318771,7.171495310885803,6.957846533621705,7.121644020080566,315100.0
2022-09-30,7.071793919819902,7.135888835458743,7.00769900418106,7.114523410797119,299900.0
2022-10-03,7.121695428402098,7.179070561677065,6.94239796592644,7.107351303100586,78600.0
2022-10-04,7.179071241903894,7.265133949970904,7.179071241903894,7.236446380615234,81800.0
2022-10-05,7.229273588124318,7.229273588124318,7.035632685495997,7.186242580413818,98000.0
2022-10-06,7.17907086005907,7.250789437650831,7.10735159850174,7.164726734161377,50600.0
2022-10-07,7.136038869738069,7.157554373724797,7.078663736463103,7.107351303100586,36700.0
2022-10-10,7.085834974436905,7.150382162850375,6.99260022272472,7.0428032875061035,42600.0
2022-10-11,7.035630527841619,7.085833582763008,7.02128640702675,7.049973964691162,29900.0
2022-10-12,7.028458698604707,7.042802135926015,6.92087984085083,6.92087984085083,53600.0
2022-10-13,6.834819315932279,6.956741649376203,6.834819315932279,6.8778510093688965,166100.0
2022-10-14,6.885022112528503,6.899365552364256,6.827646985254555,6.834818363189697,69500.0
2022-10-17,6.92088096685216,6.92088096685216,6.820474837371259,6.863505840301514,113500.0
2022-10-18,6.928051901494158,6.935223962137487,6.877848844921559,6.92087984085083,55800.0
2022-10-19,6.9137100264750435,6.920881404773551,6.877850399120493,6.8993659019470215,49200.0
2022-10-20,6.8850233686812645,6.9495698856666825,6.8850233686812645,6.892194747924805,112200.0
2022-10-21,6.89219427127928,6.956741467766381,6.849163262931576,6.935225963592529,128000.0
2022-10-24,6.885022714459139,6.963913350366552,6.885022714459139,6.949569225311279,94200.0
2022-10-25,6.928053337184756,7.014116030843298,6.928053337184756,6.9639129638671875,83700.0
2022-10-26,6.92088265286078,6.999773984060872,6.92088265286078,6.956742286682129,70700.0
2022-10-27,6.949567851199889,7.014115033254892,6.928052351836687,6.999771595001221,70500.0
2022-10-28,6.999770909769772,7.064318085506031,6.949567170883057,7.049973964691162,50900.0
2022-10-31,7.035630527841619,7.128864577276963,6.999770909769772,7.049973964691162,27300.0
2022-11-01,7.0933151271379895,7.114985629278562,7.013858685902055,7.057199001312256,61900.0
2022-11-02,7.086093590298788,7.1511030418048485,7.028306263063844,7.064423084259033,144000.0
2022-11-03,7.057200776780799,7.143880740537424,7.035530269188305,7.136657238006592,48200.0
2022-11-04,7.151103054110081,7.266677019907775,7.151103054110081,7.223336696624756,45300.0
2022-11-07,7.201667874552945,7.27390083817778,7.201667874552945,7.245007514953613,42800.0
2022-11-08,7.25222938243961,7.25222938243961,7.172772933710125,7.1944427490234375,73100.0
2022-11-09,7.1944447383581815,7.1944447383581815,7.114988267658202,7.129434585571289,45900.0
2022-11-10,7.2233360511790075,7.382249637188828,7.201666235909353,7.28112268447876,249700.0
2022-11-11,7.310015476179104,7.310015476179104,7.194442217879191,7.208888530731201,57600.0
2022-11-14,7.23055887863824,7.23055887863824,7.136655436060621,7.143878936767578,68600.0
2022-11-15,7.230559033315653,7.230559033315653,7.187218717017707,7.208888530731201,77300.0
2022-11-16,7.201666250418212,7.237783068521071,7.187219247628664,7.1944427490234375,88300.0
2022-11-17,7.158325089748824,7.179994902515726,7.12943177643598,7.151101589202881,45300.0
2022-11-18,7.1655492782592765,7.201666095585641,7.158325777019805,7.165549278259277,32600.0
2022-11-21,7.2883473467984645,7.2883473467984645,7.136657238006593,7.136657238006592,118600.0
2022-11-22,7.151102317531922,7.245005767580325,7.151102317531922,7.237782955169678,85000.0
2022-11-23,7.223336372616135,7.273899506785716,7.223336372616135,7.252229690551758,60700.0
2022-11-25,7.23778285023698,7.259452664896752,7.2305593490600595,7.230559349060059,5400.0
2022-11-28,7.230560453249501,7.273900089187506,7.216113448689438,7.259453773498535,43500.0
2022-11-29,7.230560453249501,7.302793409436539,7.230560453249501,7.259453773498535,68200.0
2022-11-30,7.2305595927272615,7.367802675358848,7.201666275916875,7.35335636138916,124500.0
2022-12-01,7.331537403587699,7.396997670454856,7.331537403587699,7.338810920715332,117600.0
2022-12-02,7.324263681213909,7.331537198137718,7.2442570759742635,7.295170307159424,70400.0
2022-12-05,7.287897380549979,7.3024437205506105,7.193343742803278,7.244256973266602,60000.0
2022-12-06,7.207888648286297,7.258801868616845,7.142428397209533,7.164248943328857,89400.0
2022-12-07,7.127881148708266,7.200614212217632,7.098787784576416,7.098787784576416,380400.0
2022-12-08,7.098789271144198,7.1497024956266175,7.098789271144198,7.113335609436035,83200.0
2022-12-09,7.076969146728516,7.098789695932995,7.076969146728516,7.076969146728516,80800.0
2022-12-12,7.069696057834804,7.156976170445027,7.069696057834804,7.120609283447266,91200.0
2022-12-13,7.178794903625078,7.222435299932472,7.113334655984271,7.135155200958252,122200.0
2022-12-14,7.098789853866374,7.127883226478912,7.062422964690523,7.084242820739746,84100.0
2022-12-15,7.091514270133325,7.098787784576416,7.055147391558385,7.098787784576416,127700.0
2022-12-16,7.026055128134974,7.113335234203906,7.026055128134974,7.106062412261963,113900.0
2022-12-19,7.076968930895468,7.0915159632548,6.938775591685223,6.975142478942871,377300.0
2022-12-20,6.960595130920409,7.0042355323786305,6.938775277011624,6.96059513092041,159000.0
2022-12-21,6.960596133293914,7.0115100579339,6.953323310037415,6.996963024139404,97400.0
2022-12-22,6.953322624044555,7.018782188739504,6.953322624044555,6.975142478942871,160000.0
2022-12-23,7.004234056176993,7.040600934120774,6.967867178233211,7.0260539054870605,139800.0
2022-12-27,7.033329914984894,7.033329914984894,6.989689507242156,6.996963024139404,203500.0
2022-12-28,6.996962016528818,6.996962016528818,6.953322308711248,6.96059513092041,149100.0
2022-12-29,6.996962969832103,7.018782826713742,6.953323256068827,6.98241662979126,262900.0
2022-12-30,6.960594277905878,7.018781010292341,6.924228090394762,6.9315009117126465,183200.0
2023-01-03,6.975465297698975,7.012100584070504,6.946155950564477,6.975465297698975,200400.0
2023-01-04,7.004774422954594,7.0560643863852635,7.004774422954594,7.048737049102783,77400.0
2023-01-05,7.004773545788114,7.048736166431124,7.004773545788114,7.026754856109619,53200.0
2023-01-06,7.063390406014183,7.107353023961282,7.034081761125046,7.09269905090332,162300.0
2023-01-09,7.129334332934832,7.165970313739556,7.09269905090332,7.09269905090332,119000.0
2023-01-10,7.092700334151445,7.13666296005249,7.0853729969101575,7.13666296005249,91100.0
2023-01-11,7.136661103861501,7.231914366903573,7.1220071319636515,7.202605724334717,110800.0
2023-01-12,7.202607994769509,7.239243984222411,7.158645366444729,7.239243984222412,115100.0
2023-01-13,7.187954018252375,7.253897960739546,7.187954018252375,7.239243984222412,115900.0
2023-01-17,7.275879087706836,7.275879087706836,7.187953142990454,7.217261791229248,85900.0
2023-01-18,7.246570218493793,7.275878865838859,7.202606898089557,7.209934234619141,94000.0
2023-01-19,7.187952297744412,7.217260942536743,7.158643652952082,7.180624961853027,82800.0
2023-01-20,7.180625806237432,7.239243102715021,7.180625806237432,7.217261791229248,88900.0
2023-01-23,7.224588285603354,7.2758789430816915,7.224588285603354,7.261224269866943,78100.0
2023-01-24,7.275880799714285,7.356479426642421,7.2465721445791935,7.349152088165283,97100.0
2023-01-25,7.341823022019268,7.341823022019268,7.268551059010894,7.283205032348633,124800.0
2023-01-26,7.312516094553056,7.356479426642421,7.312516094553056,7.349152088165283,55700.0
2023-01-27,7.3638050742213705,7.3638050742213705,7.31984175222699,7.356477737426758,227100.0
2023-01-30,7.356476853402653,7.363804189316744,7.327168208519503,7.334495544433594,89000.0
2023-01-31,7.371134103596695,7.407769398435466,7.312516094553056,7.349152088165283,651200.0
2023-02-01,7.356529712677001,7.371286677785489,7.304878575586351,7.356529712677002,180300.0
2023-02-02,7.356528697111708,7.400800290009875,7.341771030356131,7.378664493560791,210700.0
2023-02-03,7.363907843389056,7.393423180974787,7.349150878280569,7.356529712677002,173900.0
2023-02-06,7.3712855617282385,7.3712855617282385,7.304877469583688,7.327013969421387,118300.0
2023-02-07,7.304878575586351,7.363907843389056,7.304878575586351,7.356529712677002,157000.0
2023-02-08,7.356528697111708,7.38604332693858,7.327014067284836,7.378664493560791,223600.0
2023-02-09,7.386045341801725,7.400802308898621,7.334394197751405,7.34177303314209,64500.0
2023-02-10,7.334393399794007,7.386044538224857,7.334393399794007,7.371286869049072,51400.0
2023-02-13,7.3934234914052555,7.42293812654585,7.3934234914052555,7.4155592918396,76500.0
2023-02-14,7.393423644774523,7.467209882314428,7.393423644774523,7.445074081420898,134400.0
2023-02-15,7.45245343115615,7.474589233579,7.400802287256871,7.430316925048828,113400.0
2023-02-16,7.393422859496732,7.43769445658157,7.386044025421143,7.386044025421143,83800.0
2023-02-17,7.400800290009875,7.408179123387663,7.363906826805215,7.378664493560791,94200.0
2023-02-21,7.34914969957556,7.378664328743162,7.260605812072754,7.260605812072754,98700.0
2023-02-22,7.282740756819912,7.31963421488837,7.275361924469384,7.312255382537842,149900.0
2023-02-23,7.327013969421387,7.349149765574812,7.312256302862921,7.327013969421387,57700.0
2023-02-24,7.3048807261118025,7.378667684429936,7.3048807261118025,7.3491530418396,51700.0
2023-02-27,7.349151068969792,7.4081803383041365,7.334393399794007,7.371286869049072,44000.0
2023-02-28,7.3934232715271815,7.42293790579002,7.371286768066762,7.408180236816406,80600.0
2023-03-01,7.378665411852134,7.437694678852202,7.378665411852134,7.393423080444336,193700.0
2023-03-02,7.385990634369972,7.393421378834847,7.3488383293151855,7.3488383293151855,115200.0
2023-03-03,7.341407584850311,7.371129854075017,7.333976840385435,7.3488383293151855,123700.0
2023-03-06,7.348840622443329,7.430576711157455,7.3265483820926445,7.415715217590332,612500.0
2023-03-07,7.3859940454360276,7.460300107131883,7.348841723223224,7.400855541229248,95300.0
2023-03-08,7.378562900942558,7.415715217590332,7.378562900942558,7.415715217590332,53100.0
2023-03-09,7.400850826285295,7.400850826285295,7.296822547912598,7.296822547912598,96900.0
2023-03-10,7.2968255282264955,7.2968255282264955,7.140783401250971,7.15564489364624,158300.0
2023-03-13,7.155644828758532,7.155644828758532,6.977311173442202,6.9847412109375,265700.0
2023-03-14,7.007032694429858,7.125921785165634,7.007032694429858,7.0961995124816895,151900.0
2023-03-15,7.066480288405414,7.066480288405414,6.962451934814453,6.962451934814453,469300.0
2023-03-16,6.962449297839342,7.066477612030364,6.962449297839342,6.999602317810059,155000.0
2023-03-17,7.014462163775565,7.014462163775565,6.925295352935792,6.925295352935791,117800.0
2023-03-20,6.925293634655162,7.014460423371171,6.925293634655162,6.99216890335083,96400.0
2023-03-21,7.029324353073295,7.140782700561112,7.029324353073295,7.118491172790527,126500.0
2023-03-22,7.140783401250971,7.170505677406549,7.096200341335085,7.15564489364624,86300.0
2023-03-23,7.207656970913975,7.207656970913975,7.125920908250283,7.148212432861328,76400.0
2023-03-24,7.1556443448797085,7.170505127500343,7.088769051499586,7.103630542755127,42400.0
2023-03-27,7.125920139491213,7.215086936950684,7.125920139491213,7.215086936950684,85600.0
2023-03-28,7.2299495338846125,7.2299495338846125,7.177935732777064,7.2002272605896,91500.0
2023-03-29,7.200227102877584,7.281963884124696,7.200227102877584,7.252241611480713,50100.0
2023-03-30,7.289394361045492,7.326546669006348,7.267102125907157,7.326546669006348,99900.0
2023-03-31,7.371132501353013,7.393424034118653,7.304257194421042,7.393424034118652,95600.0
2023-04-03,7.379922310913697,7.424921435962963,7.357422748389064,7.372422218322754,71500.0
2023-04-04,7.372422621389363,7.42492184189982,7.312423307877916,7.319923400878906,61500.0
2023-04-05,7.319923642477539,7.319923642477539,7.259924326985778,7.297423362731934,75100.0
2023-04-06,7.2824225425720215,7.304922102901811,7.244922798523621,7.2824225425720215,57100.0
2023-04-10,7.289923984731658,7.34992330022342,7.2674237049860535,7.297423362731934,132200.0
2023-04-11,7.312422194761116,7.334921755090906,7.274922450712716,7.2824225425720215,73800.0
2023-04-12,7.334921836853027,7.357422112681753,7.304922184329528,7.334921836853027,70000.0
2023-04-13,7.364922128173882,7.364922128173882,7.312422910516265,7.327423095703125,54900.0
2023-04-14,7.357422112681753,7.379921673262345,7.327422460158254,7.334921836853027,64400.0
2023-04-17,7.364921332621361,7.387421607971191,7.349921864302928,7.387421607971191,57400.0
2023-04-18,7.409922442616386,7.409922442616386,7.334922942379573,7.394922256469727,95600.0
2023-04-19,7.364922128173882,7.387422405954172,7.327423095703125,7.327423095703125,102000.0
2023-04-20,7.342421135369022,7.372420784650739,7.3349210442365775,7.349921226501465,22200.0
2023-04-21,7.357421317633909,7.387420966915627,7.3274216683521916,7.349921226501465,58200.0
2023-04-24,7.387422005333672,7.4024214744589125,7.372421820960273,7.379921913146973,73600.0
2023-04-25,7.387421765205254,7.447421070252254,7.319922368215345,7.334921836853027,91600.0
2023-04-26,7.327425727603997,7.327425727603997,7.274925775840992,7.304925441741943,44600.0
2023-04-27,7.319923000682545,7.379922310913697,7.2824232529760256,7.372422218322754,60400.0
2023-04-28,7.3799200115935815,7.439919303131092,7.372419921339399,7.402419567108154,85200.0
2023-05-01,7.419076815704883,7.419076815704883,7.350942322594771,7.388794898986816,71800.0
2023-05-02,7.37365320105415,7.3812238603394285,7.282807455564233,7.313089370727539,59000.0
2023-05-03,7.320659902421685,7.35851247621054,7.260096073150635,7.260096073150635,85200.0
2023-05-04,7.267667293548585,7.290378550784653,7.237385376574543,7.267667293548584,58300.0
2023-05-05,7.320660571675888,7.328231231521327,7.2752373345811145,7.297949314117432,71100.0
2023-05-08,7.313089808020722,7.313089808020722,7.252525974072638,7.267667293548584,56700.0
2023-05-09,7.28280789104668,7.290378550784653,7.260096633810611,7.267667293548584,27600.0
2023-05-10,7.2903779029381575,7.305518499090811,7.244954670524624,7.252525329589844,29600.0
2023-05-11,7.244957447052001,7.267669432951708,7.237387507063495,7.244957447052002,30600.0
2023-05-12,7.252525413997305,7.267666732303964,7.22224349936178,7.260096073150635,49900.0
2023-05-15,7.290380395998609,7.297951057652736,7.260098471360134,7.282809734344482,70400.0
2023-05-16,7.290380001068115,7.305520601578148,7.267668739314069,7.290380001068115,52700.0
2023-05-17,7.290378654271993,7.313089911830449,7.260096736868097,7.297949314117432,64500.0
2023-05-18,7.30551925198501,7.30551925198501,7.2752373345811145,7.297949314117432,60300.0
2023-05-19,7.28280789104668,7.297949210522627,7.260096633810611,7.267667293548584,49300.0
2023-05-22,7.29037798778616,7.29037798778616,7.260096073150635,7.260096073150635,32400.0
2023-05-23,7.267668543150804,7.290379804291845,7.222245298890748,7.22981595993042,157000.0
2023-05-24,7.244956461022914,7.252527121959126,7.19196327842536,7.199533939361572,43400.0
2023-05-25,7.191963179310403,7.199533840142282,7.154110597128969,7.169251918792725,57700.0
2023-05-26,7.169249835572749,7.237384319305419,7.169249835572749,7.23738431930542,41200.0
2023-05-30,7.237384319305419,7.25252491459171,7.214672343409366,7.23738431930542,38000.0
2023-05-31,7.214672343409366,7.2676662318557455,7.2071024067550935,7.23738431930542,84000.0
2023-06-01,7.24273999870919,7.288628121162056,7.24273999870919,7.280980587005615,30900.0
2023-06-02,7.273333660672523,7.349814121947745,7.273333660672523,7.30392599105835,64300.0
2023-06-05,7.311573664897761,7.326869464164746,7.258036544016738,7.2733330726623535,79100.0
2023-06-06,7.258034492305895,7.31921913083534,7.258034492305895,7.3115715980529785,67700.0
2023-06-07,7.326868109931285,7.395701017356828,7.326868109931285,7.3727569580078125,122900.0
2023-06-08,7.365107683491624,7.365107683491624,7.326867103576661,7.32686710357666,56300.0
2023-06-09,7.326867309520588,7.357459628436771,7.3039232526780555,7.334515571594238,83800.0
2023-06-12,7.319218759405671,7.388051656602828,7.319218759405671,7.34981107711792,69700.0
2023-06-13,7.365110193786765,7.3957025222700254,7.349813664855812,7.357461929321289,25300.0
2023-06-14,7.342163544723649,7.388051656602828,7.342163544723649,7.34981107711792,58900.0
2023-06-15,7.38040411636967,7.410996437072753,7.357460058186971,7.410996437072754,74200.0
2023-06-16,7.40335006071235,7.433942386195518,7.3880535332814805,7.418645858764648,42800.0
2023-06-20,7.418644699593139,7.418644699593139,7.372756583227743,7.410996437072754,113100.0
2023-06-21,7.410995895510623,7.433940681395079,7.410995895510623,7.426292419433594,42800.0
2023-06-22,7.433942298059714,7.456886359555425,7.403349972939245,7.441589832305908,72300.0
2023-06-23,7.441590646529838,7.479831239459172,7.418646582523696,7.472183704376221,69200.0
2023-06-26,7.472181983366842,7.525718363510107,7.45688545796678,7.487477779388428,76700.0
2023-06-27,7.472180680990702,7.548661106525301,7.472180680990702,7.518068790435791,57400.0
2023-06-28,7.50277447745274,7.586903180953739,7.50277447745274,7.563959121704102,73800.0
2023-06-29,7.556310925449579,7.571606721958031,7.533366865997651,7.5486626625061035,52000.0
2023-06-30,7.548662576855769,7.609847220952348,7.548662576855769,7.571606636047363,130400.0
2023-07-03,7.569289815700034,7.661974906921387,7.553841932198662,7.661974906921387,58100.0
2023-07-05,7.638804512689963,7.638804512689963,7.5461194130428355,7.577014446258545,119000.0
2023-07-06,7.530669689178467,7.561564714849737,7.522945748611771,7.530669689178467,39400.0
2023-07-07,7.546117508818397,7.600183619153656,7.538393568314643,7.592459678649902,38800.0
2023-07-10,7.623354361691235,7.623354361691235,7.538393229752223,7.56928825378418,40300.0
2023-07-11,7.592459602744198,7.607907483597265,7.530669552522932,7.553840637207031,82300.0
2023-07-12,7.561564309661224,7.600183273829783,7.561564309661224,7.58473539352417,39000.0
2023-07-13,7.623356476326494,7.631080418625889,7.5847375014252005,7.6156325340271,72000.0
2023-07-14,7.607908927916937,7.638803958892822,7.584737102238293,7.638803958892822,78900.0
2023-07-17,7.669698715209962,7.6928698034631875,7.6465268903611205,7.669698715209961,66200.0
2023-07-18,7.661974773593681,7.716040891716413,7.661974773593681,7.669698715209961,50700.0
2023-07-19,7.654250621795654,7.7083167384337585,7.62335559277451,7.654250621795654,55300.0
2023-07-20,7.677422389698517,7.692870273875703,7.63108021035828,7.685146331787109,40500.0
2023-07-21,7.6928698034631875,7.716040891716413,7.669698715209962,7.669698715209961,30800.0
2023-07-24,7.700595844604355,7.739214826619394,7.700595844604355,7.716042995452881,53800.0
2023-07-25,7.716041363545821,7.723765305634414,7.685146331787109,7.685146331787109,46600.0
2023-07-26,7.677424013437843,7.739214826619394,7.677424013437843,7.716042995452881,29300.0
2023-07-27,7.723766192217675,7.762385170497912,7.677423270962241,7.731490135192871,52400.0
2023-07-28,7.739214141079557,7.793280269153943,7.739214141079557,7.770109176635742,54300.0
2023-07-31,7.785554752675837,7.816449781988217,7.785554752675837,7.793278694152832,53300.0
2023-08-01,7.783139461353078,7.814335124520549,7.720749622509227,7.751944541931152,63700.0
2023-08-02,7.736347664422379,7.7597436686885075,7.689554912144556,7.71295166015625,58900.0
2023-08-03,7.712951681826996,7.798737526874207,7.712951681826996,7.759743690490723,77900.0
2023-08-04,7.744148266012029,7.822135211788897,7.728550430609219,7.790940284729004,51700.0
2023-08-07,7.79873920243041,7.837733047191707,7.767544275370517,7.790940284729004,32900.0
2023-08-08,7.7987394177371225,7.822135427741524,7.7519466539825705,7.814337253570557,30500.0
2023-08-09,7.783139461353078,7.8221332965668715,7.751944541931152,7.751944541931152,51400.0
2023-08-10,7.775341533366861,7.829932458132397,7.759743701293525,7.783139705657959,30200.0
2023-08-11,7.798738234603114,7.80653715133667,7.751945477947416,7.80653715133667,18000.0
2023-08-14,7.8065378804404615,7.8299338890806,7.767544036876428,7.822134971618652,32900.0
2023-08-15,7.822134241058146,7.822134241058146,7.790939317869559,7.80653715133667,41800.0
2023-08-16,7.814337746943965,7.822135921607287,7.744148968753507,7.798739910125732,43400.0
2023-08-17,7.798737050550146,7.876724718553857,7.767542132097766,7.837730884552002,115900.0
2023-08-18,7.822135427741524,7.837733263574958,7.814337253570556,7.814337253570557,23700.0
2023-08-21,7.814337253570556,7.8455321814916745,7.814337253570556,7.814337253570557,27300.0
2023-08-22,7.829934345658241,7.868928191496076,7.814337253570556,7.814337253570557,24900.0
2023-08-23,7.8377311173304705,7.89232204030709,7.8299322015493695,7.845530033111572,29600.0
2023-08-24,7.861128575732693,7.907921335333367,7.84553148502959,7.853329658508301,68300.0
2023-08-25,7.853327497927717,7.907919159733712,7.845529326594413,7.8767242431640625,20200.0
2023-08-28,7.907920602032806,8.05609629682754,7.884523852529206,7.939115524291992,175700.0
2023-08-29,7.923519602408557,8.040501146905164,7.900123591007553,7.985909461975098,121000.0
2023-08-30,7.9859063548715,8.040498018561404,7.900120517280942,7.954711437225342,87300.0
2023-08-31,7.923516519579184,7.970309267921173,7.884522686585111,7.954711437225342,137800.0
2023-09-01,7.952349856590309,7.99959111662608,7.944476062955583,7.98384428024292,28700.0
2023-09-05,7.975972278971084,7.991719118892879,7.90510962210686,7.912983417510986,41300.0
2023-09-06,7.936605088244505,7.999593957922116,7.865742422135554,7.8736162185668945,36700.0
2023-09-07,7.865741209613675,7.928730069581409,7.842120574847384,7.881488800048828,50400.0
2023-09-08,7.857867644009511,7.936604096713144,7.849994599448318,7.897235870361328,70100.0
2023-09-11,7.936603864798986,7.936603864798986,7.857867414396098,7.881488800048828,49800.0
2023-09-12,7.8657414394571665,7.91298346125664,7.857867644009511,7.897235870361328,50800.0
2023-09-13,7.905108886487236,7.952350903629375,7.897235091815815,7.920856475830078,37300.0
2023-09-14,7.905108076834645,8.007465144420395,7.905108076834645,7.99959135055542,145800.0
2023-09-15,8.007464910260806,8.01533870389553,7.928728475686133,7.98384428024292,44200.0
2023-09-18,7.9287289642129055,7.991717815399171,7.9287289642129055,7.99171781539917,106600.0
2023-09-19,7.960223132116853,8.015338938285373,7.960223132116853,7.99959135055542,86500.0
2023-09-20,8.023212895254943,8.031086690016888,7.96809783369412,8.015339851379395,39500.0
2023-09-21,7.968097209930419,7.983844798221547,7.944476578380066,7.96809720993042,29300.0
2023-09-22,7.999591542687561,8.031085968017578,7.968097117357544,8.031085968017578,45700.0
2023-09-25,8.007468088633615,8.038962524787188,7.952353013086508,7.960226058959961,94800.0
2023-09-26,7.96809874588852,7.991719381992069,7.881489246251188,7.905109882354736,66800.0
2023-09-27,7.920857473681424,7.944478109784972,7.873615450587844,7.905109882354736,73100.0
2023-09-28,7.881488986780937,7.936604052836908,7.881488986780937,7.912983417510986,43300.0
2023-09-29,7.936605088244505,7.975973319514651,7.8736162185668945,7.8736162185668945,115800.0
2023-10-02,7.9268810044799505,7.9268810044799505,7.759915581336247,7.791718482971191,111500.0
2023-10-03,7.751967050454228,7.839424867287386,7.704262304209912,7.807621955871582,201800.0
2023-10-04,7.807623590613971,7.847377427767598,7.775820672539344,7.823525428771973,65900.0
2023-10-05,7.823525913422069,7.895082673083106,7.799673912948864,7.8394269943237305,60300.0
2023-10-06,7.79967364958662,7.871229648590088,7.79967364958662,7.871229648590088,33700.0
2023-10-09,7.863279030915205,7.974588861728986,7.863279030915205,7.958687782287598,70700.0
2023-10-10,7.934834957122803,7.958687713440576,7.910982959046375,7.934834957122803,29200.0
2023-10-11,7.942785875895394,7.966638632213168,7.926884796591558,7.934834957122803,35700.0
2023-10-12,7.942785306832631,7.974588221403122,7.87917947769165,7.87917947769165,70800.0
2023-10-13,7.879180771470499,7.942786611055699,7.871229851961995,7.887131690979004,36600.0
2023-10-16,7.934834388629685,7.942785306832631,7.847376563121159,7.87917947769165,50100.0
2023-10-17,7.863277435302734,7.879178511517484,7.85532651807476,7.863277435302734,47300.0
2023-10-18,7.87122859301459,7.87122859301459,7.791721685370367,7.799672603607178,110400.0
2023-10-19,7.8314759178643785,7.87122899459399,7.759919166564941,7.759919166564941,82100.0
2023-10-20,7.751968441941162,7.79172227790708,7.704263687133789,7.704263687133789,51000.0
2023-10-23,7.712215423583984,7.759920183448766,7.69631434245668,7.712215423583984,59600.0
2023-10-24,7.751969814300537,7.823526580058873,7.712215971296852,7.751969814300537,47400.0
2023-10-25,7.744018047620692,7.744018047620692,7.608855451126495,7.624757289886475,53200.0
2023-10-26,7.656559651898911,7.672460731260159,7.577051980368623,7.585002899169922,27900.0
2023-10-27,7.6247574186975084,7.6247574186975084,7.561151579065862,7.600905418395996,31100.0
2023-10-30,7.624757426633181,7.656560346482104,7.592954506784258,7.616806507110596,46600.0
2023-10-31,7.632708366107071,7.759920045835285,7.632708366107071,7.720166206359863,95900.0
2023-11-01,7.749880704432143,7.862314487045715,7.749880704432143,7.830190658569336,18900.0
2023-11-02,7.854281866698419,7.918529511612294,7.854281866698419,7.894436836242676,45600.0
2023-11-03,7.910499565436408,8.030963714801477,7.910499565436408,7.9827775955200195,57700.0
2023-11-06,7.974747000332782,7.990808529068244,7.870344382929008,7.87837553024292,41900.0
2023-11-07,7.894434933586427,7.926558748301129,7.782001199138894,7.918527603149414,145600.0
2023-11-08,7.95868256301583,7.95868256301583,7.878373409175155,7.918527603149414,106000.0
2023-11-09,7.894435880766632,7.93459084545087,7.870343208312988,7.870343208312988,48400.0
2023-11-10,7.870342959000399,7.934590594103078,7.870342959000399,7.9265594482421875,25800.0
2023-11-13,7.9426224403444685,7.958683967590332,7.902467473391373,7.958683967590332,24600.0
2023-11-14,7.974746956629066,8.030963455733648,7.974746956629066,8.014901161193848,52400.0
2023-11-15,8.047025493653663,8.055055874775116,7.966715555300469,8.022932052612305,63300.0
2023-11-16,7.990808416032204,8.079149503450864,7.966715740323638,8.047025680541992,74200.0
2023-11-17,8.04702498322272,8.095210330464322,8.022931543709632,8.087179183959961,60700.0
2023-11-20,8.071118356250558,8.087179884758818,8.038994533341686,8.047025680541992,44900.0
2023-11-21,7.99883937746328,8.030963199626092,7.990808230449494,8.022932052612305,57600.0
2023-11-22,7.998840072749954,8.063087722660201,7.990808925038072,8.030963897705078,83500.0
2023-11-24,8.030963199626092,8.038994346639877,8.006870524477065,8.022932052612305,43900.0
2023-11-27,7.99884081408921,8.038995790477813,7.974748134613037,7.974748134613037,52000.0
2023-11-28,7.918529951941456,7.982777600427977,7.918529951941456,7.934592247009277,72400.0
2023-11-29,7.926560915670257,7.9426232103656185,7.886405944824219,7.886405944824219,153800.0
2023-11-30,7.870345152185321,7.886406682490655,7.782004054882451,7.854282855987549,159100.0
2023-12-01,7.8518494939631855,8.00596602929926,7.819403866862708,7.965408802032471,178300.0
2023-12-04,7.932962255678683,7.957297053357758,7.884294207449893,7.892405033111572,94600.0
2023-12-05,7.900518645405523,7.924853449285153,7.868073013797559,7.916741847991943,88600.0
2023-12-06,7.924851662674113,7.957297286967402,7.876182839451828,7.908628463745117,89000.0
2023-12-07,7.89240502068715,7.981631064907269,7.87618259582465,7.924851417541504,106300.0
2023-12-08,7.9005178490443875,7.9816323066705115,7.9005178490443875,7.957298278808594,50000.0
2023-12-11,7.94107507785745,7.97352070619494,7.924852650471104,7.957298278808594,52500.0
2023-12-12,7.932963174931994,7.997854429132948,7.924852348330451,7.965408802032471,74000.0
2023-12-13,7.949186531373734,8.030300213935485,7.949186531373734,8.005966186523438,107600.0
2023-12-14,8.005965239684764,8.127636909484863,8.005965239684764,8.127636909484863,72900.0
2023-12-15,8.160083988503587,8.160083988503587,8.014078268133385,8.095191955566406,149100.0
2023-12-18,8.062746725348868,8.103303957857202,8.014078665190764,8.030301094055176,174200.0
2023-12-19,8.005967063976124,8.078969927778148,8.005967063976124,8.030301094055176,128200.0
2023-12-20,8.014076136675364,8.046521757732162,7.941073295906412,7.949184894561768,159300.0
2023-12-21,7.97352070619494,8.00596633453243,7.94107507785745,7.957298278808594,127100.0
2023-12-22,7.981630378808587,8.014075999309247,7.9491847583079265,7.997852802276611,109500.0
2023-12-26,7.981633033897071,8.038412695269816,7.981633033897071,8.030301094055176,122600.0
2023-12-27,8.03029884870458,8.046522046597696,7.981630802154541,7.981630802154541,128800.0
2023-12-28,7.981631490051741,8.038411140441895,7.973519890406084,8.038411140441895,134700.0
2023-12-29,8.005967313817045,8.184418678283691,8.005967313817045,8.184418678283691,234200.0
2024-01-02,8.116437857934569,8.190149326847962,8.083677291870117,8.083677291870117,130100.0
2024-01-03,8.026346996017985,8.067297901415365,7.969015416032229,7.977205753326416,151100.0
2024-01-04,7.952634685460769,8.018155814770711,7.944444349028657,7.993585586547852,132600.0
2024-01-05,7.969014993380971,8.009965896606445,7.969014993380971,8.009965896606445,171000.0
2024-01-08,8.001775853073992,8.067296981811523,7.993585516713435,8.067296981811523,99500.0
2024-01-09,8.0263460810822,8.091867209819732,8.0263460810822,8.067296981811523,166800.0
2024-01-10,8.04272467042811,8.083675564526542,8.00996411136403,8.075485229492188,220600.0
2024-01-11,8.0263460810822,8.075486537098616,8.018155744721643,8.067296981811523,191800.0
2024-01-12,8.034536008179384,8.059106234936033,8.026345672236026,8.042725563049316,134800.0
2024-01-16,8.042725382319302,8.07548594428314,8.026345491874087,8.050915718078613,99500.0
2024-01-17,8.059107861412578,8.075487755531633,7.977206047596551,7.985396385192871,162100.0
2024-01-18,7.993585461249155,8.034536361694336,7.993585461249155,8.034536361694336,115300.0
2024-01-19,8.026346025390607,8.05910658953206,7.977204788641698,8.034536361694336,112500.0
2024-01-22,8.034536417442759,8.083676873459174,8.034536417442759,8.067296981811523,66400.0
2024-01-23,8.059106826782227,8.100057728432953,8.026346261676343,8.059106826782227,125300.0
2024-01-24,8.075486773698369,8.100057783499937,8.034536652842734,8.091867446899414,78300.0
2024-01-25,8.100059202718967,8.141009330749512,8.100059202718967,8.141009330749512,73100.0
2024-01-26,8.116437139343047,8.132817811461758,8.100057248297773,8.108246803283691,54100.0
2024-01-29,8.108249343802536,8.165580933108016,8.100059786250622,8.157390594482422,62500.0
2024-01-30,8.124627408749085,8.198338870531689,8.124627408749085,8.181958198547363,100300.0
2024-01-31,8.165579131783522,8.247480156751081,8.165579131783522,8.222909927368164,139700.0
2024-02-01,8.22043137252715,8.261781790424589,8.22043137252715,8.236971855163574,88300.0
2024-02-02,8.195619607330142,8.228699776523156,8.195619607330142,8.203889846801758,80900.0
2024-02-05,8.203889846801758,8.212160086273371,8.179079917080358,8.203889846801758,66800.0
2024-02-06,8.212159902438831,8.253509521484375,8.212159902438831,8.253509521484375,63400.0
2024-02-07,8.286591483080338,8.294860934675762,8.253510521924545,8.270051002502441,44800.0
2024-02-08,8.261780762213492,8.286591483080338,8.261780762213492,8.270051002502441,57300.0
2024-02-09,8.261780762213492,8.286591483080338,8.261780762213492,8.270051002502441,57900.0
2024-02-12,8.245240028094958,8.311400364656542,8.245240028094958,8.294859886169434,39900.0
2024-02-13,8.253508593125694,8.270049069838173,8.253508593125694,8.261778831481934,55500.0
2024-02-14,8.286590508612875,8.319670677185059,8.286590508612875,8.319670677185059,61600.0
2024-02-15,8.35275161408122,8.385831785696267,8.294860722234759,8.369291305541992,133300.0
2024-02-16,8.36929039437296,8.385830872726466,8.31140029752253,8.327939987182617,97500.0
2024-02-20,8.270050954675419,8.377561711729422,8.270050954675419,8.3114013671875,101500.0
2024-02-21,8.336209196866399,8.418910001033824,8.336209196866399,8.410639762878418,82200.0
2024-02-22,8.394098394049799,8.427178554460797,8.377558708190918,8.377558708190918,71000.0
2024-02-23,8.394101237079902,8.435451648772087,8.361021065464854,8.369291305541992,86200.0
2024-02-26,8.361021041870117,8.385831762031515,8.336211110402221,8.361021041870117,76200.0
2024-02-27,8.361021112514713,8.402371524439587,8.361021112514713,8.385831832885742,82200.0
2024-02-28,8.361019071807476,8.402369473639794,8.361019071807476,8.394099235534668,76300.0
2024-02-29,8.402371243367458,8.468531584756692,8.394101003520435,8.460261344909668,107800.0
2024-03-01,8.457757006607606,8.499503251300796,8.441058190232972,8.466106414794922,159800.0
2024-03-04,8.424357401048368,8.449404821133939,8.3993099809628,8.416007995605469,73600.0
2024-03-05,8.407656603207874,8.474450238479687,8.407656603207874,8.457752227783203,147000.0
2024-03-06,8.441056384479038,8.491152026642832,8.424358367919922,8.424358367919922,112100.0
2024-03-07,8.432708740234375,8.474454184535453,8.416009925519294,8.432708740234375,62800.0
2024-03-08,8.424358367919922,8.441056384479038,8.390961538558466,8.424358367919922,100800.0
2024-03-11,8.407659530639648,8.432707749770229,8.399310920506005,8.407659530639648,42500.0
2024-03-12,8.416008961518752,8.466104603682545,8.407659555117585,8.424358367919922,115400.0
2024-03-13,8.474454911459937,8.507851747511511,8.432709463578004,8.499503135681152,102700.0
2024-03-14,8.49115384311348,8.507851863244722,8.432709578289046,8.466106414794922,111200.0
2024-03-15,8.482799641949397,8.49949844888882,8.457752227783203,8.457752227783203,77400.0
2024-03-18,8.474452784172794,8.582992673155188,8.474452784172794,8.557945251464844,123400.0
2024-03-19,8.532900565279244,8.633091080403196,8.532900565279244,8.591344833374023,127200.0
2024-03-20,8.60804152075281,8.666485774386437,8.591342707575636,8.658136367797852,174500.0
2024-03-21,8.649787082720264,8.699882726712282,8.633089065551758,8.633089065551758,141300.0
2024-03-22,8.641438705381882,8.666486129931982,8.557946228557187,8.574645042419434,88600.0
2024-03-25,8.582995434685728,8.641440499091805,8.574646822264947,8.59969425201416,69900.0
2024-03-26,8.624741681763373,8.658138520176802,8.59969425201416,8.59969425201416,58300.0
2024-03-27,8.641438472257637,8.66648589613202,8.624739658845881,8.633089065551758,62700.0
2024-03-28,8.608043553542755,8.6748372295383,8.608043553542755,8.641440391540527,119400.0
2024-04-01,8.647340426843405,8.714766017386804,8.630483627319336,8.630483627319336,89400.0
2024-04-02,8.613626129470212,8.638910520570615,8.588340934593507,8.596769332885742,193200.0
2024-04-03,8.554628895921942,8.61362688536872,8.554628895921942,8.579914093017578,79700.0
2024-04-04,8.579914093017578,8.60519848633684,8.554628895921942,8.579914093017578,110800.0
2024-04-05,8.5714856939857,8.596770087304963,8.554628895921942,8.579914093017578,198700.0
2024-04-08,8.638909339904785,8.638909339904785,8.58833976083894,8.638909339904785,134700.0
2024-04-09,8.647339296016138,8.66419528955948,8.613626505153118,8.622054100036621,137700.0
2024-04-10,8.605196175984913,8.672621742584555,8.554626599147102,8.613624572753906,242100.0
2024-04-11,8.655768766287624,8.697909157251262,8.638911966881022,8.681053161621094,160900.0
2024-04-12,8.664195672007247,8.689480869102884,8.5714856939857,8.579914093017578,98900.0
2024-04-15,8.613624452396628,8.638908838574158,8.478773321081604,8.49562931060791,158000.0
2024-04-16,8.520915355808231,8.596769332885742,8.453489777022956,8.596769332885742,115200.0
2024-04-17,8.622052545624106,8.68947891897063,8.622052545624106,8.638909339904785,148300.0
2024-04-18,8.67262368821932,8.67262368821932,8.613626505153118,8.622054100036621,51500.0
2024-04-19,8.64733891886285,8.664194911671018,8.596769332885742,8.596769332885742,65300.0
2024-04-22,8.647338089637577,8.70633526447316,8.638909692153574,8.655766487121582,81100.0
2024-04-23,8.672623606066876,8.74847758573422,8.647339214103205,8.731620788574219,65300.0
2024-04-24,8.74847758573422,8.765333579117891,8.672623606066876,8.731620788574219,146800.0
2024-04-25,8.714765199431174,8.714765199431174,8.647339615216247,8.697908401489258,112600.0
2024-04-26,8.689481932421945,8.723194728898472,8.681053532358694,8.706337928771973,63300.0
2024-04-29,8.706337323360124,8.723194122314453,8.630483335618473,8.723194122314453,101600.0
2024-04-30,8.689481932421945,8.723194728898472,8.664196732232195,8.706337928771973,109800.0
2024-05-01,8.72080135345459,8.771850303757141,8.661244920931228,8.72080135345459,137500.0
2024-05-02,8.712290498504927,8.78886349574923,8.652734083490605,8.77184772491455,126400.0
2024-05-03,8.771848852177996,8.788864625199357,8.703783325906336,8.75483226776123,98700.0
2024-05-06,8.79737242747674,8.79737242747674,8.720799424656498,8.788864135742188,110800.0
2024-05-07,8.79737184735773,8.890960616080257,8.771847785232552,8.865436553955078,250700.0
2024-05-08,8.899468514297888,8.91648428449824,8.856927871704102,8.856927871704102,90800.0
2024-05-09,8.882452324906762,8.882452324906762,8.8399124918299,8.865436553955078,77200.0
2024-05-10,8.890961256569131,8.899469548355547,8.839913128641358,8.882452964782715,81300.0
2024-05-13,8.890961256569131,8.890961256569131,8.865437192605246,8.882452964782715,27400.0
2024-05-14,8.873945484391662,8.882452964782715,8.848420609032411,8.882452964782715,54000.0
2024-05-15,8.933503048187129,9.001567768404536,8.899470688078425,8.976043701171875,177200.0
2024-05-16,9.001566736707803,9.001566736707803,8.924993732390616,8.950518608093262,98400.0
2024-05-17,8.967535408295833,8.993059475528494,8.942011341063171,8.976043701171875,57000.0
2024-05-20,9.001566910999827,9.01007520306545,8.907978132464146,8.933502197265625,80200.0
2024-05-21,8.933505237383017,8.942013532344054,8.890964573973488,8.916488647460938,79300.0
2024-05-22,8.967535046757957,8.967535046757957,8.865437970548022,8.899470329284668,124700.0
2024-05-23,8.890961746683532,8.907978331194405,8.83991361594173,8.848421096801758,58500.0
2024-05-24,8.882454163783022,8.882454163783022,8.822897736029592,8.839914321899414,148400.0
2024-05-28,8.865435781346532,8.865435781346532,8.746322149484087,8.780354499816895,153000.0
2024-05-29,8.788865867097186,8.805882453918457,8.771850091671435,8.805882453918457,115300.0
2024-05-30,8.814389443094683,8.899470749652844,8.814389443094683,8.839914321899414,112600.0
2024-05-31,8.865437409284874,8.92499383045468,8.856929117290507,8.907978057861328,119700.0
2024-06-03,8.871051211327714,8.91398966784863,8.776587262168048,8.819525718688965,155300.0
2024-06-04,8.810936726012889,8.853875176990044,8.793761018028892,8.845287322998047,85700.0
2024-06-05,8.836699469006048,8.853875176990044,8.810936726012889,8.845287322998047,57200.0
2024-06-06,8.85387632010911,8.888226921529256,8.810937863588194,8.819525718688965,117400.0
2024-06-07,8.845289211740148,8.939753168874594,8.793762895768536,8.853877067565918,179500.0
2024-06-10,8.862462211999208,8.871050065991207,8.810936726012889,8.845287322998047,145200.0
2024-06-11,8.84528904033501,8.888227499648785,8.819526292339942,8.871051788330078,72400.0
2024-06-12,8.931163236428363,8.931163236428363,8.82811144742913,8.862462043762207,130400.0
2024-06-13,8.845288727418124,8.853876582773667,8.725061209389402,8.759411811828613,209500.0
2024-06-14,8.75941201988108,8.776587731000122,8.690710813370874,8.725061416625977,184900.0
2024-06-17,8.742234427483917,8.759409314315077,8.673533242193816,8.707883834838867,253900.0
2024-06-18,8.699295981931922,8.742234427483917,8.673533242193816,8.707883834838867,151900.0
2024-06-20,8.699298668930394,8.785174767576661,8.699298668930394,8.725061416625977,170400.0
2024-06-21,8.759412938676345,8.759412938676345,8.70788743788055,8.74223804473877,93200.0
2024-06-24,8.725062757643986,8.733650614523437,8.647773683695142,8.673537254333496,208600.0
2024-06-25,8.716473019763967,8.716473019763967,8.613421216398287,8.656359672546387,188300.0
2024-06-26,8.66494638804466,8.682121276855469,8.6220079375434,8.682121276855469,141800.0
2024-06-27,8.69929773543934,8.725060480370411,8.673534990508267,8.716472625732422,133200.0
2024-06-28,8.716473019763967,8.742236584842585,8.639184781476906,8.656359672546387,332400.0
2024-07-01,8.688442380952905,8.783824180883297,8.679771082702729,8.731797218322754,225100.0
2024-07-02,8.749140395351729,8.801166534423828,8.749140395351729,8.801166534423828,162400.0
2024-07-03,8.809837156823475,8.905219782699724,8.775152791124977,8.844521522521973,165400.0
2024-07-05,8.870535895312672,8.922562864986162,8.75781231041126,8.792496681213379,184000.0
2024-07-08,8.801166348010252,8.844522014279084,8.792495876308928,8.835850715637207,105300.0
2024-07-09,8.861865422817614,8.931234164421848,8.75781231041126,8.792496681213379,266800.0
2024-07-10,8.827179630234552,8.844521399372082,8.766481370901953,8.78382396697998,226500.0
2024-07-11,8.792495358794858,8.86186408996582,8.783824060663362,8.86186408996582,141100.0
2024-07-12,8.835850715637207,8.887877680547916,8.818508945294006,8.835850715637207,692700.0
2024-07-15,8.879207118607422,8.957247158978134,8.801167078236707,8.88787841796875,225800.0
2024-07-16,8.922561241668916,8.948574308302685,8.79249508155959,8.81850814819336,288800.0
2024-07-17,8.818509274225965,8.974589347839355,8.757811835349907,8.974589347839355,510300.0
2024-07-18,8.90521947289323,8.957245606160768,8.783823783701507,8.81850814819336,287200.0
2024-07-19,8.861865459615705,8.957247272982436,8.78382541825173,8.948575973510742,889500.0
2024-07-22,8.91389080866809,8.939904704766297,8.88787773951044,8.931233406066895,82700.0
2024-07-23,8.957247926332498,8.965919226436682,8.887879179380393,8.922563552856445,129100.0
2024-07-24,8.939903933997675,8.965917000912563,8.887876973227407,8.8965482711792,101300.0
2024-07-25,8.931233100004496,8.974588765075206,8.887877434933786,8.905220031738281,125400.0
2024-07-26,8.931235772977184,8.974591451023539,8.91389317098233,8.93990707397461,95500.0
2024-07-29,8.97458907262335,9.009273440480403,8.905220336909245,8.931233406066895,151800.0
2024-07-30,8.983259662795183,9.017944031109428,8.97458919092205,8.991930961608887,76300.0
2024-07-31,9.017941627209087,9.104652938350469,8.957244205574328,9.00059986114502,193700.0
2024-08-01,8.971718932672909,9.094259784455295,8.927954283126251,9.024236679077148,148600.0
2024-08-02,8.980469504017364,9.01548104686039,8.814164049457213,8.875434875488281,191600.0
2024-08-05,8.75289501346798,8.822918106796434,8.542825733482616,8.595342636108398,263700.0
2024-08-06,8.595342284365707,8.770400845264131,8.577836929120515,8.717883110046387,263700.0
2024-08-07,8.796660843407354,8.892942401050808,8.744143098948323,8.840425491333008,196000.0
2024-08-08,8.840424065188262,8.971717153043684,8.840424065188262,8.962964057922363,199800.0
2024-08-09,8.97171825627969,9.067999810230495,8.94545980242787,9.015482902526855,111700.0
2024-08-12,9.050493083929192,9.05924617880319,8.971716899545344,8.99797534942627,100200.0
2024-08-13,9.050492810609503,9.076751259697438,8.97171662860465,9.006728172302246,111600.0
2024-08-14,9.041740244532054,9.059246434774694,8.91919941705686,8.962964057922363,118100.0
2024-08-15,9.024236124537133,9.03298838611563,8.927953734502797,8.954212188720703,163100.0
2024-08-16,8.989224026044944,9.006729382876074,8.962964738686512,8.971717834472656,91700.0
2024-08-19,8.980471477679819,9.006729931897723,8.936706830822503,8.954212188720703,79900.0
2024-08-20,8.980470503900824,8.980470503900824,8.892941219677253,8.927952766418457,123700.0
2024-08-21,8.927952766418457,8.997975859900867,8.927952766418457,8.927952766418457,124700.0
2024-08-22,8.97171713496808,8.989223325175448,8.892940948517102,8.936705589294434,79100.0
2024-08-23,8.936705084907054,9.006728172302246,8.919198895687733,9.006728172302246,67500.0
2024-08-26,9.05049255817167,9.059245652537188,9.006727921085105,9.041739463806152,65500.0
2024-08-27,9.059245652537188,9.085504100892718,9.02423410981614,9.041739463806152,87600.0
2024-08-28,9.068000532124213,9.103012084960938,9.05924826997098,9.103012084960938,99700.0
2024-08-29,9.129269171022877,9.14677452584325,9.067998342298916,9.085504531860352,113500.0
2024-08-30,9.129270568595878,9.566915357736756,9.129270568595878,9.155529022216797,107400.0
2024-09-03,9.197052398914947,9.214722452781519,9.055695338200543,9.144043922424316,57900.0
2024-09-04,9.108703988115396,9.161712460711994,9.082198909262615,9.091033935546875,81800.0
2024-09-05,9.073365392067116,9.170548160669632,9.055695338200543,9.144043922424316,63600.0
2024-09-06,9.170546048494876,9.188215255737305,9.108702559314851,9.188215255737305,74100.0
2024-09-09,9.188215255737305,9.214720330432472,9.144041816354058,9.188215255737305,50100.0
2024-09-10,9.214722821781711,9.232392033801297,9.1617135006138,9.205887794494629,67500.0
2024-09-11,9.223555282631835,9.223555282631835,9.161711788289967,9.197051048278809,52600.0
2024-09-12,9.19705277796007,9.241227071892547,9.117539217392531,9.126374244689941,102700.0
2024-09-13,9.161713322348085,9.188217561139043,9.091034790535828,9.135209083557129,91600.0
2024-09-16,9.161711023596487,9.205885305534082,9.12637176655728,9.188215255737305,106900.0
2024-09-17,9.214722452781519,9.25006171796012,9.144043922424316,9.144043922424316,92200.0
2024-09-18,9.17938337657843,9.205887615369386,9.117539029326785,9.135209083557129,78800.0
2024-09-19,9.170547109617175,9.188216318904104,9.064529326232256,9.10870361328125,118900.0
2024-09-20,9.135207078890886,9.135207078890886,9.073363587764984,9.099867820739746,49600.0
2024-09-23,9.117537795004182,9.135207846842373,9.020355037557467,9.029190063476562,159100.0
2024-09-24,9.046858229437577,9.073363304138184,9.020353997291318,9.073363304138184,85500.0
2024-09-25,9.082198535519186,9.135207848488868,9.064529326232256,9.10870361328125,113100.0
2024-09-26,9.099867536284442,9.144041818231106,9.073363304138184,9.073363304138184,139300.0
2024-09-27,9.073363304138184,9.099867536284442,9.064528279237981,9.073363304138184,90500.0
2024-09-30,9.108703410432057,9.152876853942871,9.055694098642883,9.152876853942871,304800.0
2024-10-01,9.123448111464839,9.185876978808235,9.07885715688548,9.150203704833984,149700.0
2024-10-02,9.141283861578389,9.176957130432129,9.12344680189261,9.176957130432129,133800.0
2024-10-03,9.176957953532588,9.221549756228749,9.141284681479238,9.212631225585938,107000.0
2024-10-04,9.275057678837312,9.275057678837312,9.15912020205488,9.185874938964844,95600.0
2024-10-07,9.212629913583777,9.310731185130077,9.212629913583777,9.239384651184082,59400.0
2024-10-08,9.292894720994392,9.292894720994392,9.239384396749578,9.26613998413086,96800.0
2024-10-09,9.292894720994392,9.292894720994392,9.248302925876672,9.26613998413086,72000.0
2024-10-10,9.301814801366373,9.301814801366373,9.283977740137534,9.292896270751953,53800.0
2024-10-11,9.310731185130077,9.31964971450277,9.203711384211084,9.239384651184082,94900.0
2024-10-14,9.2839769145443,9.2839769145443,9.239385115955496,9.257222175598145,71100.0
2024-10-15,9.2839769145443,9.2839769145443,9.230467436651988,9.257222175598145,108400.0
2024-10-16,9.275056238798525,9.275056238798525,9.230465301044324,9.24830150604248,58300.0
2024-10-17,9.266140705419469,9.266140705419469,9.230467436651988,9.257222175598145,87700.0
2024-10-18,9.24830400614552,9.2750587461342,9.230467796325684,9.230467796325684,79800.0
2024-10-21,9.24830472987535,9.257223260742117,9.176958183977053,9.221549987792969,85100.0
2024-10-22,9.194794526168161,9.24830400614552,9.15912125601064,9.230467796325684,72500.0
2024-10-23,9.230466734159954,9.239384412784775,9.15912020205488,9.185874938964844,81100.0
2024-10-24,9.17695715301399,9.248303690897034,9.096692085266113,9.096692085266113,231800.0
2024-10-25,9.15911878001646,9.257220033800369,9.150200252258573,9.24830150604248,112800.0
2024-10-28,9.275059239049824,9.275059239049824,9.203712694943126,9.212631225585938,95900.0
2024-10-29,9.212630993797328,9.257222795371565,9.185876253059936,9.203712463378906,78900.0
2024-10-30,9.230468257486802,9.301814801366373,9.203712665643545,9.292896270751953,76100.0
2024-10-31,9.239382978284592,9.275056238798525,9.20370971777066,9.24830150604248,127300.0
2024-11-01,9.299618927804717,9.308621669186978,9.236601455226236,9.281614303588867,71800.0
2024-11-04,9.263606746095583,9.27260948546154,9.146573709983576,9.182583808898926,107200.0
2024-11-05,9.173581967625468,9.227597550560851,9.155577345679383,9.191587448120117,115700.0
2024-11-06,9.254605183346571,9.299618027350744,9.191587716869881,9.272610664367676,133800.0
2024-11-07,9.308619606888252,9.308619606888252,9.290614128112793,9.290614128112793,95900.0
2024-11-08,9.308619606888252,9.308619606888252,9.272609507885818,9.290614128112793,55600.0
2024-11-11,9.290615027075148,9.30862050759282,9.263607664847203,9.299617767333984,284200.0
2024-11-12,9.308620233931018,9.308620233931018,9.218594551086426,9.218594551086426,76200.0
2024-11-13,9.218594822101586,9.344630610079601,9.218594822101586,9.299617767333984,146400.0
2024-11-14,9.31762234627598,9.326624227115227,9.272609507885818,9.290614128112793,96900.0
2024-11-15,9.272611562206606,9.35363451754961,9.254606079442086,9.281614303588867,102600.0
2024-11-18,9.32662582397461,9.353634046762012,9.290615718806702,9.32662582397461,92400.0
2024-11-19,9.32662582397461,9.353634046762012,9.281613836426196,9.32662582397461,144100.0
2024-11-20,9.326626293402827,9.335629034785088,9.281614303588867,9.281614303588867,162300.0
2024-11-21,9.335627555847168,9.371637657122866,9.308620194527528,9.335627555847168,68300.0
2024-11-22,9.34463098978709,9.380641093737097,9.317623626461735,9.362635612487793,99200.0
2024-11-25,9.362636248279934,9.425654578383305,9.344631624356584,9.398646354675293,126100.0
2024-11-26,9.407648663728077,9.425654145372922,9.335628454245937,9.34463119506836,86700.0
2024-11-27,9.389643779178153,9.398645661201298,9.344630934868038,9.371638298034668,132000.0
2024-11-29,9.371638989515938,9.425654578383305,9.362636248279934,9.398646354675293,98200.0
2024-12-02,9.368658371136016,9.41409248866975,9.341396860695484,9.377744674682617,112500.0
2024-12-03,9.377745724362324,9.450441360473633,9.359572248634667,9.450441360473633,115300.0
2024-12-04,9.41409248866975,9.44135399911028,9.377744674682617,9.377744674682617,67800.0
2024-12-05,9.414093409103845,9.42318058013916,9.332311469587001,9.42318058013916,93200.0
2024-12-06,9.405007793347016,9.4413556135495,9.350485629743094,9.368659973144531,108500.0
2024-12-09,9.395920066690321,9.46861570280163,9.359572248634667,9.450441360473633,144900.0
2024-12-10,9.414091757858326,9.450439569023795,9.40500545501709,9.40500545501709,134800.0
2024-12-11,9.441355836450342,9.477703657510961,9.395920843474464,9.468616485595703,112900.0
2024-12-12,9.46861570280163,9.486789178529287,9.377745724362324,9.450441360473633,107500.0
2024-12-13,9.432267155103123,9.477702140808105,9.432267155103123,9.477702140808105,48800.0
2024-12-16,9.477702445541896,9.504963091201281,9.432267458376057,9.486788749694824,138800.0
2024-12-17,9.450441618924863,9.50496378079959,9.432268142700195,9.432268142700195,124200.0
2024-12-18,9.423180087301308,9.495875718581143,9.323223810941608,9.341397285461426,133600.0
2024-12-19,9.359572277223949,9.395920095390629,9.314137287865512,9.332311630249023,111300.0
2024-12-20,9.332311372740756,9.43226765329093,9.332311372740756,9.350484848022461,205500.0
2024-12-23,9.4050075495579,9.550398826599121,9.359572558832427,9.550398826599121,199700.0
2024-12-24,9.495875920448052,9.532223736860665,9.486788749694824,9.486788749694824,71000.0
2024-12-26,9.523137092590332,9.623094243201333,9.514050787935071,9.523137092590332,86500.0
2024-12-27,9.56857138207652,9.56857138207652,9.47770227597093,9.504962921142578,76200.0
2024-12-30,9.368660153764962,9.54131208640526,9.368660153764962,9.51405143737793,94100.0
2024-12-31,9.47770107734803,9.514048888513498,9.368657643851622,9.40500545501709,269300.0
2025-01-02,9.46646574963357,9.503157443438392,9.411428646325833,9.493985176086426,50800.0
2025-01-03,9.503156687222964,9.549021519529033,9.457292729715808,9.46646499633789,68400.0
2025-01-06,9.512330613908603,9.521503756086863,9.448120368258751,9.457293510437012,62700.0
2025-01-07,9.50315600601005,9.50315600601005,9.402254082008762,9.438945770263672,139400.0
2025-01-08,9.420601038830736,9.484811279179885,9.374736206524666,9.46646499633789,135200.0
2025-01-10,9.37473717972121,9.45729371148259,9.365564037347944,9.429774284362793,155500.0
2025-01-13,9.4297740898731,9.438947232057169,9.319699008061233,9.347217559814453,187900.0
2025-01-14,9.402254755988743,9.475638137758887,9.393081614567745,9.46646499633789,169200.0
2025-01-15,9.521504823371442,9.558196521398346,9.475639982138045,9.539850234985352,275500.0
2025-01-16,9.549021042902536,9.576539590993061,9.51232935384888,9.521502494812012,152100.0
2025-01-17,9.503156687222964,9.55819466095003,9.457292729715808,9.46646499633789,630900.0
2025-01-21,9.521503196876326,9.539848605356411,9.448119813358119,9.512330055236816,139800.0
2025-01-22,9.539847901939405,9.558194183865668,9.493983946721487,9.521502494812012,67200.0
2025-01-23,9.52150274685557,9.567367578086445,9.503156464443661,9.530675888061523,73400.0
2025-01-24,9.530675360614174,9.62240414320057,9.530675360614174,9.549020767211914,127700.0
2025-01-27,9.576539314507949,9.585712455206242,9.512329079217587,9.549020767211914,77900.0
2025-01-28,9.530676036141553,9.585713134634611,9.512329753444597,9.576539993286133,70100.0
2025-01-29,9.539850234985352,9.567369664604842,9.50315853695845,9.539850234985352,63500.0
2025-01-30,9.53984950249815,9.585714340209961,9.53984950249815,9.585714340209961,79000.0
2025-01-31,9.585713360724636,9.622405052185059,9.567367952393887,9.622405052185059,153900.0
2025-02-03,9.628885844406499,9.628885844406499,9.582593828673573,9.601110458374023,84100.0
2025-02-04,9.591852188110352,9.638145089152777,9.582594314272784,9.591852188110352,66100.0
2025-02-05,9.591852188110352,9.665920476592776,9.591852188110352,9.591852188110352,72000.0
2025-02-06,9.638144582240596,9.638144582240596,9.591851683632916,9.619627952575684,60300.0
2025-02-07,9.619628458513995,9.665920476592776,9.591852188110352,9.591852188110352,74700.0
2025-02-10,9.591851216910213,9.656661624992845,9.591851216910213,9.610368728637695,69400.0
2025-02-11,9.62888582592634,9.638144582240596,9.591851683632916,9.619627952575684,90300.0
2025-02-12,9.619627952575684,9.638144582240596,9.601110439947172,9.619627952575684,42400.0
2025-02-13,9.647403231093564,9.71221275864425,9.610369089212659,9.656661987304688,98900.0
2025-02-14,9.665919753707351,9.693696022033691,9.656661880562153,9.693696022033691,100500.0
2025-02-18,9.66591986055222,9.693696129185593,9.647403231093564,9.656661987304688,125100.0
2025-02-19,9.647403338554852,9.675178724534021,9.610369196261427,9.619627952575684,91200.0
2025-02-20,9.647404691739528,9.69369759684044,9.628887176513672,9.628887176513672,69600.0
2025-02-21,9.647402869129104,9.656661624992845,9.601109972773955,9.610368728637695,71500.0
2025-02-24,9.628885357401622,9.656661624992845,9.591851216910213,9.610368728637695,134300.0
2025-02-25,9.628885357401622,9.628885357401622,9.601109972773955,9.610368728637695,82200.0
2025-02-26,9.591851791301256,9.619628060555812,9.58259391784668,9.58259391784668,83200.0
2025-02-27,9.57333555747157,9.61036970171278,9.57333555747157,9.591852188110352,91000.0
2025-02-28,9.582593828673573,9.628885844406499,9.582593828673573,9.601110458374023,72100.0
2025-03-03,9.616998294023695,9.654382119711514,9.579614468335876,9.588960647583008,90100.0
2025-03-04,9.560921288135015,9.60765128905379,9.504846000072993,9.532883644104004,90100.0
2025-03-05,9.514193301231508,9.60765242279699,9.504847121684739,9.523538589477539,91400.0
2025-03-06,9.523537084039798,9.570267083086042,9.467461798224784,9.50484561920166,81000.0
2025-03-07,9.523539978997277,9.560923811338059,9.514194689387734,9.551578521728516,66900.0
2025-03-10,9.551576000991767,9.551576000991767,9.523537465660123,9.532883644104004,54000.0
2025-03-11,9.551577128117849,9.58896095500419,9.504847121684739,9.523538589477539,94100.0
2025-03-12,9.514193878477155,9.532885347404006,9.47681004932266,9.495501518249512,118000.0
2025-03-13,9.476808547973633,9.570267660403355,9.439424724741613,9.476808547973633,87800.0
2025-03-14,9.476808356041982,9.570267466578898,9.476808356041982,9.532883644104004,79800.0
2025-03-17,9.570268289088743,9.588960647583008,9.532884463400924,9.588960647583008,132600.0
2025-03-18,9.551576211308431,9.58896003460648,9.53288385400908,9.570267677307129,41900.0
2025-03-19,9.588959823466661,9.588959823466661,9.514192178516875,9.532883644104004,95400.0
2025-03-20,9.514192178516875,9.551576000991767,9.48615364318523,9.532883644104004,69500.0
2025-03-21,9.532884047554948,9.570267871612,9.486154044658466,9.514192581176758,83300.0
2025-03-24,9.579613855956804,9.579613855956804,9.486153852061355,9.570267677307129,122800.0
2025-03-25,9.579614468335876,9.626344473270827,9.570268289088743,9.588960647583008,66700.0
2025-03-26,9.570268252412339,9.598306790046284,9.542230606079102,9.542230606079102,71200.0
2025-03-27,9.542229440178536,9.588959439224778,9.467461798224784,9.50484561920166,197300.0
2025-03-28,9.48615533813569,9.5702691765585,9.48615533813569,9.495501518249512,133700.0
2025-03-31,9.504846192572485,9.542230015804503,9.458116190707297,9.476808547973633,154100.0
2025-04-01,9.502286911010742,9.502286911010742,9.445670013575782,9.502286911010742,98400.0
2025-04-02,9.492850677094129,9.492850677094129,9.436232883831053,9.455105781555176,125300.0
2025-04-03,9.42679574717897,9.42679574717897,9.332433965170981,9.351305961608887,91400.0
2025-04-04,9.294689348803466,9.332434242711013,8.785132831096945,8.813441276550293,273300.0
2025-04-07,8.539789625915954,8.719077627163383,8.124594938960085,8.568098068237305,330100.0
2025-04-08,8.728516140962647,9.153146475946523,8.728516140962647,8.82287883758545,248500.0
2025-04-09,8.804005269941703,9.530595639013873,8.72851547833801,9.275816917419434,163500.0
2025-04-10,9.28525235221684,9.322997243896209,8.926675431308231,9.087091445922852,187500.0
2025-04-11,9.068218814989562,9.24750773063507,8.936112140207852,9.22863483428955,143200.0
2025-04-14,9.32299869933466,9.3418706981659,9.105964863364647,9.1814546585083,111600.0
2025-04-15,9.247508889514423,9.332435133893584,9.228635990803792,9.304125785827637,97300.0
2025-04-16,9.238071655052309,9.360742786518063,9.17201831499739,9.190890312194824,70200.0
2025-04-17,9.200328187917368,9.32299933841206,9.19089173790022,9.21920108795166,45000.0
2025-04-21,9.162582993518907,9.285254140074246,9.077656745910645,9.077656745910645,93600.0
2025-04-22,9.143708388471893,9.190889728332124,9.077655052613094,9.153144836425781,61500.0
2025-04-23,9.294689446463144,9.313561443660578,9.16258186644404,9.190890312194824,161400.0
2025-04-24,9.247507889985757,9.266379886747243,9.228634993315024,9.23807144165039,52900.0
2025-04-25,9.266380310058594,9.360742997904483,9.23807186366854,9.266380310058594,62700.0
2025-04-28,9.247508312434988,9.341870100371592,9.228635414902095,9.266380310058594,59700.0
2025-04-29,9.275817075691474,9.294689973869074,9.256945077423191,9.285253524780273,82900.0
2025-04-30,9.285253043745577,9.417359724507548,9.256944597855052,9.37961483001709,128100.0
2025-05-01,9.395815269606794,9.481578437699765,9.376757292684852,9.386286735534668,82100.0
2025-05-02,9.424403190612793,9.472048585246148,9.424403190612793,9.424403190612793,52400.0
2025-05-05,9.443461166710605,9.472048585246148,9.405344305737332,9.424403190612793,63500.0
2025-05-06,9.395814643743297,9.433931503825875,9.348169250223293,9.37675666809082,61800.0
2025-05-07,9.395814895629883,9.424403223041445,9.357698034525452,9.395814895629883,50900.0
2025-05-08,9.395814895629883,9.452990641675354,9.376756919466494,9.395814895629883,57600.0
2025-05-09,9.395814895629883,9.452990641675354,9.376756919466494,9.395814895629883,84300.0
2025-05-12,9.452990609148337,9.50063691255934,9.405344305737332,9.424403190612793,112100.0
2025-05-13,9.452990455160124,9.500636757794975,9.414873594807771,9.48157787322998,135300.0
2025-05-14,9.462519897442622,9.48157787322998,9.443461012877627,9.48157787322998,175000.0
2025-05-15,9.500637793424302,9.5196957712891,9.443462042274437,9.452991485595703,123500.0
2025-05-16,9.443460761632988,9.491107063000202,9.433931319604023,9.462519645690918,92100.0
2025-05-19,9.443461747406038,9.462520633453465,9.38628690681917,9.433932304382324,73300.0
2025-05-20,9.443461747406038,9.500637496770613,9.414874327112603,9.433932304382324,73800.0
2025-05-21,9.414873780570925,9.424403223041445,9.338640058362063,9.395814895629883,150400.0
2025-05-22,9.357697783660717,9.424402970388453,9.348169250223293,9.37675666809082,103400.0
2025-05-23,9.319581173421021,9.414873780570925,9.319581173421021,9.395814895629883,85500.0
2025-05-27,9.433932304382324,9.472049167699472,9.395815441065176,9.433932304382324,161800.0
2025-05-28,9.433932304382324,9.472049167699472,9.38628690681917,9.433932304382324,102300.0
2025-05-29,9.433931022748435,9.452989906206643,9.376756189928974,9.443460464477539,94100.0
2025-05-30,9.433931022748435,9.462519347935746,9.424402489796913,9.443460464477539,103900.0
2025-06-02,9.430951586093048,9.47906886863777,9.421327946031939,9.46944522857666,126500.0
2025-06-03,9.440574386725428,9.479068025786296,9.430950747520024,9.459820747375488,125100.0
2025-06-04,9.459821007174725,9.469444646644426,9.392457366408356,9.440574645996094,87000.0
2025-06-05,9.440574645996094,9.469444646644426,9.421327367056689,9.440574645996094,106200.0
2025-06-06,9.459820747375488,9.488690747230951,9.430950747520024,9.459820747375488,133200.0
2025-06-09,9.430950525296725,9.556055078736868,9.430950525296725,9.4790678024292,160500.0
2025-06-10,9.4790678024292,9.507937801604394,9.469444163450559,9.4790678024292,95600.0
2025-06-11,9.507937801604394,9.536807800779588,9.450196885493279,9.4790678024292,119400.0
2025-06-12,9.488690154127719,9.52718379078249,9.479067433284543,9.50793743133545,56300.0
2025-06-13,9.50793743133545,9.50793743133545,9.450196517472946,9.50793743133545,98200.0
2025-06-16,9.527184971380917,9.536808611177333,9.479068607920443,9.488691329956055,110300.0
2025-06-17,9.507938014095611,9.55605529230345,9.45982073588777,9.536808013916016,176800.0
2025-06-18,9.52718448638916,9.536808125695675,9.507938125536889,9.52718448638916,122600.0
2025-06-20,9.546431430000922,9.565677790177805,9.527184152063315,9.556055068969727,95600.0
2025-06-23,9.556054589220864,9.62341822309914,9.556054589220864,9.594548225402832,145500.0
2025-06-24,9.623419054999799,9.681159973144531,9.604171776364636,9.681159973144531,114600.0
2025-06-25,9.690782694701355,9.729276334210924,9.661912694509368,9.681159973144531,90400.0
2025-06-26,9.719654195619887,9.73890055764865,9.681160553801545,9.710030555725098,86600.0
2025-06-27,9.710030295591343,9.748523936378431,9.671536654804253,9.729276657104492,93000.0
2025-06-30,9.710029703236723,9.806263340453375,9.700406064186838,9.777393341064453,207000.0
2025-07-01,9.755046260829914,9.76476266478727,9.735614379522485,9.745329856872559,120100.0
2025-07-02,9.735615173635583,9.774479866027832,9.687034076493433,9.774479866027832,78200.0
2025-07-03,9.774479468541605,9.813344159353393,9.764763064186829,9.784194946289062,65900.0
2025-07-07,9.784194760150523,9.793911164320452,9.71618178417563,9.764762878417969,65700.0
2025-07-08,9.75504647424804,9.784194760150523,9.745330070078113,9.764762878417969,54800.0
2025-07-09,9.745330255477274,9.803627754998617,9.745330255477274,9.784194946289062,100200.0
2025-07-10,9.774480075757038,9.85220946220936,9.774480075757038,9.842493057250977,117700.0
2025-07-11,9.84249173386026,9.861923614556902,9.823058926556365,9.852208137512207,83900.0
2025-07-14,9.871641159057617,9.871641159057617,9.823060061790699,9.871641159057617,59800.0
2025-07-15,9.891073968607328,9.891073968607328,9.823060061790699,9.871641159057617,144200.0
2025-07-16,9.85220887840637,9.85220887840637,9.803627783100548,9.832776069641113,113900.0
2025-07-17,9.832776069641113,9.891073569329563,9.823059665258484,9.832776069641113,154300.0
2025-07-18,9.871640421478896,9.959086204704196,9.803627446351346,9.939653396606445,400300.0
2025-07-21,9.910505851549681,9.910505851549681,9.871641159057617,9.871641159057617,69200.0
2025-07-22,9.881357378286785,9.900789260864258,9.871640973694378,9.900789260864258,94500.0
2025-07-23,9.891073782879193,9.92993847464148,9.891073782879193,9.900789260864258,111400.0
2025-07-24,9.900789260864258,9.910505665456665,9.871640973694378,9.900789260864258,80300.0
2025-07-25,9.920221328735352,9.959086017593377,9.910504924869027,9.920221328735352,196300.0
2025-07-28,9.920221515115983,9.959086204704196,9.920221515115983,9.939653396606445,87000.0
2025-07-29,9.968802452087402,9.978518855983578,9.939653240398872,9.968802452087402,93300.0
2025-07-30,9.968802237916849,9.978518641604278,9.939653026854563,9.949369430541992,175500.0
2025-07-31,9.988234704315913,9.997951108573034,9.881357037309499,9.959086418151855,257400.0
2025-08-01,9.956142537319423,9.956142537319423,9.789389329974695,9.887479782104492,207200.0
2025-08-04,9.897290229797363,9.93652622837549,9.838435764200176,9.897290229797363,112100.0
2025-08-05,9.887480664313994,9.907099130674363,9.82862713615282,9.848244667053223,155300.0
2025-08-06,9.848244927632047,9.88748092593098,9.828627396212575,9.858054161071777,125100.0
2025-08-07,9.887480402175326,9.926716398395866,9.838435173034668,9.838435173034668,67500.0
2025-08-08,9.867863655090332,9.897290420726602,9.838435953994049,9.867863655090332,73200.0
2025-08-11,9.858053900233406,9.897289897494177,9.82862713615282,9.848244667053223,32100.0
2025-08-12,9.858053711235955,9.887480474752376,9.828626947719535,9.877671241760254,72200.0
2025-08-13,9.887480664313994,9.897289897494177,9.818817902972635,9.848244667053223,181600.0
2025-08-14,9.858053638874907,9.867862871795026,9.799199176814128,9.838435173034668,115900.0
2025-08-15,9.858054161071777,9.88748092593098,9.848244927632047,9.858054161071777,120500.0
2025-08-18,9.877671953329079,9.897290420726602,9.838435953994049,9.867863655090332,102700.0
2025-08-19,9.867863655090332,9.897290420726602,9.84824518769281,9.867863655090332,54800.0
2025-08-20,9.887480996287833,9.897290229797363,9.848244997709706,9.897290229797363,117100.0
2025-08-21,9.91690731048584,9.936525776612951,9.897289779818681,9.91690731048584,170800.0
2025-08-22,9.848244878915452,9.975762106621186,9.848244878915452,9.96595287322998,93000.0
2025-08-25,9.965952683782762,10.005188681141751,9.956143450578024,9.995379447937012,125400.0
2025-08-26,9.985571410494668,10.034615706876908,9.956143710113334,10.005188941955566,189300.0
2025-08-27,10.024807147551229,10.034615445296001,9.946335152833251,9.995379447937012,145400.0
2025-08-28,10.005188510243983,10.02480697631836,9.985570979629557,10.02480697631836,73800.0
2025-08-29,10.034615273895596,10.044424506932785,9.92671651686638,10.02480697631836,167800.0
2025-09-02,10.00202994712394,10.061447415688415,9.942611534135832,10.051544189453125,232100.0
2025-09-03,10.03173882580255,10.051544334134576,9.982223638337013,10.011932373046875,128300.0
2025-09-04,10.041642189025879,10.041642189025879,9.952515039258033,10.041642189025879,142200.0
2025-09-05,10.051544334134576,10.051544334134576,9.972320411959174,10.011932373046875,111800.0
2025-09-08,10.021835891384095,10.031739118050435,9.863388042417338,9.932708740234375,264900.0
2025-09-09,9.903000023841859,9.912903250527382,9.863388061523438,9.863388061523438,242400.0
2025-09-10,9.863387934468955,9.89309666971916,9.80396951954488,9.83367919921875,189500.0
2025-09-11,9.863388482131063,9.863388482131063,9.803970063907794,9.813873291015625,123100.0
2025-09-12,9.81387314400764,9.863388334381359,9.81387314400764,9.853485107421875,128900.0
2025-09-15,9.883193697015798,9.912903377452777,9.843581734190185,9.893096923828125,166800.0
2025-09-16,9.893096797156334,9.893096797156334,9.833679325890541,9.863388061523438,140100.0
2025-09-17,9.89309707083611,9.89309707083611,9.823776370967124,9.853485107421875,108100.0
2025-09-18,9.87329143485658,9.903000170930738,9.813873018284571,9.823776245117188,126200.0
2025-09-19,9.853484834837912,9.883193570470809,9.813872872519493,9.863388061523438,85400.0
2025-09-22,9.87329168706469,9.883193969726562,9.823776496060457,9.883193969726562,65000.0
2025-09-23,9.883193832016726,9.922806739807129,9.87329154949283,9.922806739807129,132200.0
2025-09-24,9.902999877929688,9.93270861312485,9.863387916194915,9.902999877929688,151000.0
2025-09-25,9.853484961002511,9.912903377452777,9.853484961002511,9.893096923828125,162700.0
2025-09-26,9.883193969726562,9.972321124649437,9.863388459979099,9.883193969726562,118700.0
2025-09-29,9.873291015625,9.912902976849805,9.853484562800773,9.873291015625,125000.0
2025-09-30,9.853484689655307,9.902999877929688,9.853484689655307,9.902999877929688,139500.0
2025-10-01,9.869999885559082,9.920000076293945,9.850000381469727,9.880000114440918,137300.0
2025-10-02,9.859999656677246,9.880000114440918,9.800000190734863,9.8100004196167,162600.0
2025-10-03,9.789999961853027,9.829999923706055,9.770000457763672,9.770000457763672,118800.0
2025-10-06,9.760000228881836,9.8100004196167,9.720000267028809,9.75,146200.0
2025-10-07,9.8100004196167,9.880000114440918,9.800000190734863,9.850000381469727,167500.0
2025-10-08,9.880000114440918,9.979999542236328,9.850000381469727,9.899999618530273,163900.0
2025-10-09,9.930000305175781,9.949999809265137,9.869999885559082,9.890000343322754,50700.0
2025-10-10,9.930000305175781,9.930000305175781,9.779999732971191,9.779999732971191,87400.0
2025-10-13,9.779999732971191,9.899999618530273,9.779999732971191,9.850000381469727,119600.0
2025-10-14,9.779999732971191,9.850000381469727,9.770000457763672,9.8100004196167,140200.0
2025-10-15,9.869999885559082,9.880000114440918,9.800000190734863,9.829999923706055,130500.0
2025-10-16,9.8100004196167,9.869999885559082,9.75,9.770000457763672,116100.0
2025-10-17,9.760000228881836,9.800000190734863,9.649999618530273,9.6899995803833,197900.0
2025-10-20,9.6899995803833,9.729999542236328,9.680000305175781,9.6899995803833,149100.0
2025-10-21,9.720000267028809,9.75,9.680000305175781,9.75,79600.0
2025-10-22,9.770000457763672,9.789999961853027,9.649999618530273,9.670000076293945,184700.0
2025-10-23,9.6899995803833,9.6899995803833,9.59000015258789,9.65999984741211,417900.0
2025-10-24,9.6899995803833,9.710000038146973,9.65999984741211,9.670000076293945,152100.0
2025-10-27,9.609999656677246,9.720000267028809,9.609999656677246,9.699999809265137,137300.0
2025-10-28,9.729999542236328,9.729999542236328,9.680000305175781,9.699999809265137,81700.0
2025-10-29,9.739999771118164,9.75,9.6899995803833,9.699999809265137,100100.0
2025-10-30,9.710000038146973,9.710000038146973,9.680000305175781,9.70009994506836,7472.0
