timestamp,open,high,low,close,volume
2010-01-05,16.012643814086914,16.012643814086914,16.012643814086914,16.012643814086914,0.0
2010-01-06,16.012643814086914,16.012643814086914,16.012643814086914,16.012643814086914,0.0
2010-01-07,16.012643814086914,16.012643814086914,16.012643814086914,16.012643814086914,0.0
2010-01-08,17.690162694236573,17.690162694236573,17.613910675048828,17.613910675048828,379.0
2010-01-11,17.42328643798828,17.42328643798828,17.42328643798828,17.42328643798828,284.0
2010-01-12,17.42328643798828,17.42328643798828,17.42328643798828,17.42328643798828,0.0
2010-01-13,18.185794830322266,18.185794830322266,18.185794830322266,18.185794830322266,189.0
2010-01-14,18.185794830322266,18.185794830322266,18.185794830322266,18.185794830322266,0.0
2010-01-15,18.185794830322266,18.185794830322266,18.185794830322266,18.185794830322266,0.0
2010-01-19,18.185794830322266,18.185794830322266,18.185794830322266,18.185794830322266,0.0
2010-01-20,18.185794830322266,18.185794830322266,18.185794830322266,18.185794830322266,0.0
2010-01-21,17.957040786743164,17.957040786743164,17.957040786743164,17.957040786743164,568.0
2010-01-22,17.957040786743164,17.957040786743164,17.957040786743164,17.957040786743164,0.0
2010-01-25,17.957040786743164,17.957040786743164,17.957040786743164,17.957040786743164,0.0
2010-01-26,17.88078498840332,17.88078498840332,17.88078498840332,17.88078498840332,284.0
2010-01-27,17.88078498840332,17.88078498840332,17.88078498840332,17.88078498840332,0.0
2010-01-28,16.92765998840332,16.92765998840332,16.92765998840332,16.92765998840332,189.0
2010-01-29,16.92765998840332,16.92765998840332,16.92765998840332,16.92765998840332,947.0
2010-02-01,16.92765998840332,16.92765998840332,16.92765998840332,16.92765998840332,0.0
2010-02-02,16.92765998840332,16.92765998840332,16.92765998840332,16.92765998840332,0.0
2010-02-03,16.92765998840332,16.92765998840332,16.92765998840332,16.92765998840332,0.0
2010-02-04,16.92765998840332,16.92765998840332,16.92765998840332,16.92765998840332,0.0
2010-02-05,16.58452606201172,16.58452606201172,16.58452606201172,16.58452606201172,189.0
2010-02-08,16.58452606201172,16.58452606201172,16.58452606201172,16.58452606201172,0.0
2010-02-09,16.58452606201172,16.58452606201172,16.58452606201172,16.58452606201172,0.0
2010-02-10,16.58452606201172,16.58452606201172,16.58452606201172,16.58452606201172,0.0
2010-02-11,16.58452606201172,16.58452606201172,16.58452606201172,16.58452606201172,0.0
2010-02-12,16.58452606201172,16.58452606201172,16.58452606201172,16.58452606201172,0.0
2010-02-16,16.58452606201172,16.58452606201172,16.58452606201172,16.58452606201172,0.0
2010-02-17,16.58452606201172,16.58452606201172,16.58452606201172,16.58452606201172,0.0
2010-02-18,16.58452606201172,16.58452606201172,16.58452606201172,16.58452606201172,0.0
2010-02-19,16.58452606201172,16.58452606201172,16.58452606201172,16.58452606201172,0.0
2010-02-22,16.58452606201172,16.58452606201172,16.58452606201172,16.58452606201172,0.0
2010-02-23,19.024551391601562,19.024551391601562,19.024551391601562,19.024551391601562,284.0
2010-02-24,19.024551391601562,19.024551391601562,19.024551391601562,19.024551391601562,0.0
2010-02-25,19.024551391601562,19.024551391601562,19.024551391601562,19.024551391601562,0.0
2010-02-26,19.024551391601562,19.024551391601562,19.024551391601562,19.024551391601562,0.0
2010-03-01,18.10954475402832,18.10954475402832,18.10954475402832,18.10954475402832,1136.0
2010-03-02,18.300168991088867,18.300168991088867,18.300168991088867,18.300168991088867,379.0
2010-03-03,18.10954475402832,18.10954475402832,18.10954475402832,18.10954475402832,189.0
2010-03-04,18.10954475402832,18.10954475402832,18.10954475402832,18.10954475402832,0.0
2010-03-05,18.10954475402832,18.10954475402832,18.10954475402832,18.10954475402832,0.0
2010-03-08,18.10954475402832,18.10954475402832,18.10954475402832,18.10954475402832,0.0
2010-03-09,18.10954475402832,18.10954475402832,18.10954475402832,18.10954475402832,0.0
2010-03-10,18.10954475402832,18.10954475402832,18.10954475402832,18.10954475402832,0.0
2010-03-11,18.10954475402832,18.10954475402832,18.10954475402832,18.10954475402832,0.0
2010-03-12,18.10954475402832,18.10954475402832,18.10954475402832,18.10954475402832,0.0
2010-03-15,18.10954475402832,18.10954475402832,18.10954475402832,18.10954475402832,0.0
2010-03-16,18.10954475402832,18.10954475402832,18.10954475402832,18.10954475402832,0.0
2010-03-17,18.10954475402832,18.10954475402832,18.10954475402832,18.10954475402832,0.0
2010-03-18,18.986421585083008,18.986421585083008,18.986421585083008,18.986421585083008,1326.0
2010-03-19,18.986421585083008,18.986421585083008,18.986421585083008,18.986421585083008,0.0
2010-03-22,18.986421585083008,18.986421585083008,18.986421585083008,18.986421585083008,0.0
2010-03-23,18.986421585083008,18.986421585083008,18.986421585083008,18.986421585083008,0.0
2010-03-24,18.986421585083008,18.986421585083008,18.986421585083008,18.986421585083008,0.0
2010-03-25,18.986421585083008,18.986421585083008,18.986421585083008,18.986421585083008,0.0
2010-03-26,18.986421585083008,18.986421585083008,18.986421585083008,18.986421585083008,0.0
2010-03-29,18.300168991088867,18.300168991088867,18.300168991088867,18.300168991088867,189.0
2010-03-30,18.300168991088867,18.300168991088867,18.300168991088867,18.300168991088867,0.0
2010-03-31,18.300168991088867,18.300168991088867,18.300168991088867,18.300168991088867,284.0
2010-04-01,18.300168991088867,18.300168991088867,18.300168991088867,18.300168991088867,0.0
2010-04-05,18.4984188079834,18.4984188079834,18.4984188079834,18.4984188079834,2652.0
2010-04-06,18.4984188079834,18.4984188079834,18.4984188079834,18.4984188079834,0.0
2010-04-07,18.4984188079834,18.4984188079834,18.4984188079834,18.4984188079834,0.0
2010-04-08,18.4984188079834,18.4984188079834,18.4984188079834,18.4984188079834,0.0
2010-04-09,18.4984188079834,18.4984188079834,18.4984188079834,18.4984188079834,0.0
2010-04-12,18.4984188079834,18.4984188079834,18.4984188079834,18.4984188079834,0.0
2010-04-13,18.4984188079834,18.4984188079834,18.4984188079834,18.4984188079834,0.0
2010-04-14,18.4984188079834,18.4984188079834,18.4984188079834,18.4984188079834,0.0
2010-04-15,18.4984188079834,18.4984188079834,18.4984188079834,18.4984188079834,0.0
2010-04-16,18.49079704284668,18.49079704284668,18.49079704284668,18.49079704284668,95.0
2010-04-19,18.49079704284668,18.49079704284668,18.49079704284668,18.49079704284668,0.0
2010-04-20,18.49079704284668,18.49079704284668,18.49079704284668,18.49079704284668,0.0
2010-04-21,18.49079704284668,18.49079704284668,18.49079704284668,18.49079704284668,0.0
2010-04-22,18.49079704284668,18.49079704284668,18.49079704284668,18.49079704284668,0.0
2010-04-23,18.49079704284668,18.49079704284668,18.49079704284668,18.49079704284668,0.0
2010-04-26,18.49079704284668,18.49079704284668,18.49079704284668,18.49079704284668,0.0
2010-04-27,18.49079704284668,18.49079704284668,18.49079704284668,18.49079704284668,0.0
2010-04-28,18.49079704284668,18.49079704284668,18.49079704284668,18.49079704284668,0.0
2010-04-29,18.49079704284668,18.49079704284668,18.49079704284668,18.49079704284668,0.0
2010-04-30,18.49079704284668,18.49079704284668,18.49079704284668,18.49079704284668,0.0
2010-05-03,18.49079704284668,18.49079704284668,18.49079704284668,18.49079704284668,0.0
2010-05-04,18.49079704284668,18.49079704284668,18.49079704284668,18.49079704284668,0.0
2010-05-05,18.49079704284668,18.49079704284668,18.49079704284668,18.49079704284668,0.0
2010-05-06,18.49079704284668,18.49079704284668,18.49079704284668,18.49079704284668,0.0
2010-05-07,18.49079704284668,18.49079704284668,18.49079704284668,18.49079704284668,0.0
2010-05-10,18.49079704284668,18.49079704284668,18.49079704284668,18.49079704284668,0.0
2010-05-11,17.347036361694336,17.347036361694336,17.347036361694336,17.347036361694336,189.0
2010-05-12,17.347036361694336,17.347036361694336,17.347036361694336,17.347036361694336,0.0
2010-05-13,17.347036361694336,17.347036361694336,17.347036361694336,17.347036361694336,0.0
2010-05-14,17.347036361694336,17.347036361694336,17.347036361694336,17.347036361694336,0.0
2010-05-17,17.347036361694336,17.347036361694336,17.347036361694336,17.347036361694336,0.0
2010-05-18,17.347036361694336,17.347036361694336,17.347036361694336,17.347036361694336,0.0
2010-05-19,17.934158325195312,17.934158325195312,17.934158325195312,17.934158325195312,5777.0
2010-05-20,17.934158325195312,17.934158325195312,17.934158325195312,17.934158325195312,0.0
2010-05-21,17.934158325195312,17.934158325195312,17.934158325195312,17.934158325195312,0.0
2010-05-24,17.934158325195312,17.934158325195312,17.934158325195312,17.934158325195312,0.0
2010-05-25,17.934158325195312,17.934158325195312,17.934158325195312,17.934158325195312,0.0
2010-05-26,17.934158325195312,17.934158325195312,17.934158325195312,17.934158325195312,0.0
2010-05-27,17.934158325195312,17.934158325195312,17.934158325195312,17.934158325195312,0.0
2010-05-28,17.934158325195312,17.934158325195312,17.934158325195312,17.934158325195312,0.0
2010-06-01,17.934158325195312,17.934158325195312,17.934158325195312,17.934158325195312,0.0
2010-06-02,17.934158325195312,17.934158325195312,17.934158325195312,17.934158325195312,0.0
2010-06-03,17.934158325195312,17.934158325195312,17.934158325195312,17.934158325195312,0.0
2010-06-04,17.934158325195312,17.934158325195312,17.934158325195312,17.934158325195312,0.0
2010-06-07,17.934158325195312,17.934158325195312,17.934158325195312,17.934158325195312,0.0
2010-06-08,17.934158325195312,17.934158325195312,17.934158325195312,17.934158325195312,0.0
2010-06-09,17.934158325195312,17.934158325195312,17.934158325195312,17.934158325195312,0.0
2010-06-10,17.934158325195312,17.934158325195312,17.934158325195312,17.934158325195312,0.0
2010-06-11,17.934158325195312,17.934158325195312,17.934158325195312,17.934158325195312,0.0
2010-06-14,17.934158325195312,17.934158325195312,17.934158325195312,17.934158325195312,0.0
2010-06-15,17.934158325195312,17.934158325195312,17.934158325195312,17.934158325195312,0.0
2010-06-16,17.934158325195312,17.934158325195312,17.934158325195312,17.934158325195312,0.0
2010-06-17,17.934158325195312,17.934158325195312,17.934158325195312,17.934158325195312,0.0
2010-06-18,17.934158325195312,17.934158325195312,17.934158325195312,17.934158325195312,0.0
2010-06-21,17.934158325195312,17.934158325195312,17.934158325195312,17.934158325195312,0.0
2010-06-22,17.934158325195312,17.934158325195312,17.934158325195312,17.934158325195312,0.0
2010-06-23,17.080156326293945,17.080156326293945,17.080156326293945,17.080156326293945,474.0
2010-06-24,17.080156326293945,17.080156326293945,17.080156326293945,17.080156326293945,0.0
2010-06-25,17.080156326293945,17.080156326293945,17.080156326293945,17.080156326293945,0.0
2010-06-28,17.080156326293945,17.080156326293945,17.080156326293945,17.080156326293945,0.0
2010-06-29,17.080156326293945,17.080156326293945,17.080156326293945,17.080156326293945,0.0
2010-06-30,17.080156326293945,17.080156326293945,17.080156326293945,17.080156326293945,0.0
2010-07-01,17.080156326293945,17.080156326293945,17.080156326293945,17.080156326293945,0.0
2010-07-02,15.509397506713867,15.509397506713867,15.509397506713867,15.509397506713867,284.0
2010-07-06,15.509397506713867,15.509397506713867,15.509397506713867,15.509397506713867,0.0
2010-07-07,15.509397506713867,15.509397506713867,15.509397506713867,15.509397506713867,0.0
2010-07-08,15.509397506713867,15.509397506713867,15.509397506713867,15.509397506713867,0.0
2010-07-09,15.364516258239746,15.364516258239746,15.364516258239746,15.364516258239746,474.0
2010-07-12,15.364516258239746,15.364516258239746,15.364516258239746,15.364516258239746,0.0
2010-07-13,15.364516258239746,15.364516258239746,15.364516258239746,15.364516258239746,0.0
2010-07-14,15.364516258239746,15.364516258239746,15.364516258239746,15.364516258239746,0.0
2010-07-15,15.364516258239746,15.364516258239746,15.364516258239746,15.364516258239746,0.0
2010-07-16,15.364516258239746,15.364516258239746,15.364516258239746,15.364516258239746,0.0
2010-07-19,15.250141143798828,15.250141143798828,15.250141143798828,15.250141143798828,95.0
2010-07-20,15.250141143798828,15.250141143798828,15.250141143798828,15.250141143798828,0.0
2010-07-21,15.250141143798828,15.250141143798828,15.250141143798828,15.250141143798828,0.0
2010-07-22,15.250141143798828,15.250141143798828,15.250141143798828,15.250141143798828,0.0
2010-07-23,15.250141143798828,15.250141143798828,15.250141143798828,15.250141143798828,0.0
2010-07-26,15.250141143798828,15.250141143798828,15.250141143798828,15.250141143798828,0.0
2010-07-27,15.250141143798828,15.250141143798828,15.250141143798828,15.250141143798828,0.0
2010-07-28,15.250141143798828,15.250141143798828,15.250141143798828,15.250141143798828,0.0
2010-07-29,15.250141143798828,15.250141143798828,15.250141143798828,15.250141143798828,0.0
2010-07-30,15.250141143798828,15.250141143798828,15.250141143798828,15.250141143798828,0.0
2010-08-02,15.250141143798828,15.250141143798828,15.250141143798828,15.250141143798828,0.0
2010-08-03,15.250141143798828,15.250141143798828,15.250141143798828,15.250141143798828,0.0
2010-08-04,15.250141143798828,15.250141143798828,15.250141143798828,15.250141143798828,0.0
2010-08-05,15.250141143798828,15.250141143798828,15.250141143798828,15.250141143798828,0.0
2010-08-06,15.250141143798828,15.250141143798828,15.250141143798828,15.250141143798828,0.0
2010-08-09,15.250141143798828,15.250141143798828,15.250141143798828,15.250141143798828,0.0
2010-08-10,15.250141143798828,15.250141143798828,15.250141143798828,15.250141143798828,0.0
2010-08-11,15.250141143798828,15.250141143798828,15.250141143798828,15.250141143798828,0.0
2010-08-12,15.250141143798828,15.250141143798828,15.250141143798828,15.250141143798828,0.0
2010-08-13,15.250141143798828,15.250141143798828,15.250141143798828,15.250141143798828,0.0
2010-08-16,15.250141143798828,15.250141143798828,15.250141143798828,15.250141143798828,0.0
2010-08-17,15.250141143798828,15.250141143798828,15.250141143798828,15.250141143798828,0.0
2010-08-18,15.250141143798828,15.250141143798828,15.250141143798828,15.250141143798828,0.0
2010-08-19,15.250141143798828,15.250141143798828,15.250141143798828,15.250141143798828,0.0
2010-08-20,15.250141143798828,15.250141143798828,15.250141143798828,15.250141143798828,0.0
2010-08-23,15.250141143798828,15.250141143798828,15.250141143798828,15.250141143798828,0.0
2010-08-24,15.250141143798828,15.250141143798828,15.250141143798828,15.250141143798828,0.0
2010-08-25,15.250141143798828,15.250141143798828,15.250141143798828,15.250141143798828,0.0
2010-08-26,15.250141143798828,15.250141143798828,15.250141143798828,15.250141143798828,0.0
2010-08-27,15.250141143798828,15.250141143798828,15.250141143798828,15.250141143798828,0.0
2010-08-30,15.250141143798828,15.250141143798828,15.250141143798828,15.250141143798828,0.0
2010-08-31,15.250141143798828,15.250141143798828,15.250141143798828,15.250141143798828,0.0
2010-09-01,15.250141143798828,15.250141143798828,15.250141143798828,15.250141143798828,0.0
2010-09-02,15.250141143798828,15.250141143798828,15.250141143798828,15.250141143798828,0.0
2010-09-03,15.250141143798828,15.250141143798828,15.250141143798828,15.250141143798828,0.0
2010-09-07,15.250141143798828,15.250141143798828,15.250141143798828,15.250141143798828,0.0
2010-09-08,15.250141143798828,15.250141143798828,15.250141143798828,15.250141143798828,0.0
2010-09-09,15.250141143798828,15.250141143798828,15.250141143798828,15.250141143798828,0.0
2010-09-10,15.250141143798828,15.250141143798828,15.250141143798828,15.250141143798828,0.0
2010-09-13,15.250141143798828,15.250141143798828,15.250141143798828,15.250141143798828,0.0
2010-09-14,15.250141143798828,15.250141143798828,15.250141143798828,15.250141143798828,0.0
2010-09-15,15.250141143798828,15.250141143798828,15.250141143798828,15.250141143798828,0.0
2010-09-16,15.250141143798828,15.250141143798828,15.250141143798828,15.250141143798828,0.0
2010-09-17,15.250141143798828,15.250141143798828,15.250141143798828,15.250141143798828,0.0
2010-09-20,15.250141143798828,15.250141143798828,15.250141143798828,15.250141143798828,0.0
2010-09-21,15.250141143798828,15.250141143798828,15.250141143798828,15.250141143798828,0.0
2010-09-22,17.499534606933594,17.499534606933594,17.499534606933594,17.499534606933594,379.0
2010-09-23,17.613910675048828,17.613910675048828,17.613910675048828,17.613910675048828,189.0
2010-09-24,18.66617202758789,18.66617202758789,18.66617202758789,18.66617202758789,189.0
2010-09-27,18.66617202758789,18.66617202758789,18.66617202758789,18.66617202758789,0.0
2010-09-28,18.66617202758789,18.66617202758789,18.66617202758789,18.66617202758789,0.0
2010-09-29,18.66617202758789,18.66617202758789,18.66617202758789,18.66617202758789,0.0
2010-09-30,18.66617202758789,18.66617202758789,18.66617202758789,18.66617202758789,0.0
2010-10-01,18.910175323486328,18.910175323486328,18.910175323486328,18.910175323486328,95.0
2010-10-04,18.910175323486328,18.910175323486328,18.910175323486328,18.910175323486328,0.0
2010-10-05,18.910175323486328,18.910175323486328,18.910175323486328,18.910175323486328,0.0
2010-10-06,18.910175323486328,18.910175323486328,18.910175323486328,18.910175323486328,0.0
2010-10-07,19.44392967224121,19.44392967224121,19.44392967224121,19.44392967224121,568.0
2010-10-08,19.44392967224121,19.44392967224121,19.44392967224121,19.44392967224121,0.0
2010-10-11,19.44392967224121,19.44392967224121,19.44392967224121,19.44392967224121,0.0
2010-10-12,19.44392967224121,19.44392967224121,19.44392967224121,19.44392967224121,0.0
2010-10-13,19.44392967224121,19.44392967224121,19.44392967224121,19.44392967224121,0.0
2010-10-14,19.44392967224121,19.44392967224121,19.44392967224121,19.44392967224121,0.0
2010-10-15,19.44392967224121,19.44392967224121,19.44392967224121,19.44392967224121,0.0
2010-10-18,18.79580028312361,20.244564056396484,18.79580028312361,20.244564056396484,758.0
2010-10-19,20.244564056396484,20.244564056396484,20.244564056396484,20.244564056396484,0.0
2010-10-20,20.244564056396484,20.244564056396484,20.244564056396484,20.244564056396484,0.0
2010-10-21,20.244564056396484,20.244564056396484,20.244564056396484,20.244564056396484,0.0
2010-10-22,20.244564056396484,20.244564056396484,20.244564056396484,20.244564056396484,0.0
2010-10-25,20.244564056396484,20.244564056396484,20.244564056396484,20.244564056396484,0.0
2010-10-26,20.244564056396484,20.244564056396484,20.244564056396484,20.244564056396484,0.0
2010-10-27,20.244564056396484,20.244564056396484,20.244564056396484,20.244564056396484,0.0
2010-10-28,20.244564056396484,20.244564056396484,20.244564056396484,20.244564056396484,0.0
2010-10-29,20.244564056396484,20.244564056396484,20.244564056396484,20.244564056396484,0.0
2010-11-01,20.587688446044922,20.587688446044922,20.587688446044922,20.587688446044922,379.0
2010-11-02,20.587688446044922,20.587688446044922,20.587688446044922,20.587688446044922,0.0
2010-11-03,20.587688446044922,20.587688446044922,20.587688446044922,20.587688446044922,0.0
2010-11-04,20.587688446044922,20.587688446044922,20.587688446044922,20.587688446044922,0.0
2010-11-05,20.587688446044922,20.587688446044922,20.587688446044922,20.587688446044922,0.0
2010-11-08,20.587688446044922,20.587688446044922,20.587688446044922,20.587688446044922,0.0
2010-11-09,20.587688446044922,20.587688446044922,20.587688446044922,20.587688446044922,0.0
2010-11-10,20.587688446044922,20.587688446044922,20.587688446044922,20.587688446044922,0.0
2010-11-11,20.587688446044922,20.587688446044922,20.587688446044922,20.587688446044922,0.0
2010-11-12,21.807699785160562,21.807699785160562,21.693323135375977,21.693323135375977,1136.0
2010-11-15,21.693323135375977,21.693323135375977,21.693323135375977,21.693323135375977,0.0
2010-11-16,21.693323135375977,21.693323135375977,21.693323135375977,21.693323135375977,0.0
2010-11-17,21.083314895629883,21.083314895629883,21.083314895629883,21.083314895629883,1231.0
2010-11-18,21.083314895629883,21.083314895629883,21.083314895629883,21.083314895629883,0.0
2010-11-19,21.083314895629883,21.083314895629883,21.083314895629883,21.083314895629883,0.0
2010-11-22,21.083314895629883,21.083314895629883,21.083314895629883,21.083314895629883,0.0
2010-11-23,21.083314895629883,21.083314895629883,21.083314895629883,21.083314895629883,0.0
2010-11-24,21.068065643310547,21.068065643310547,21.068065643310547,21.068065643310547,95.0
2010-11-26,21.068065643310547,21.068065643310547,21.068065643310547,21.068065643310547,0.0
2010-11-29,21.068065643310547,21.068065643310547,21.068065643310547,21.068065643310547,0.0
2010-11-30,21.068065643310547,21.068065643310547,21.068065643310547,21.068065643310547,0.0
2010-12-01,20.59531021118164,20.59531021118164,20.59531021118164,20.59531021118164,4640.0
2010-12-02,20.59531021118164,20.59531021118164,20.59531021118164,20.59531021118164,0.0
2010-12-03,20.59531021118164,20.59531021118164,20.59531021118164,20.59531021118164,0.0
2010-12-06,20.59531021118164,20.59531021118164,20.59531021118164,20.59531021118164,0.0
2010-12-07,20.59531021118164,20.59531021118164,20.59531021118164,20.59531021118164,0.0
2010-12-08,20.59531021118164,20.59531021118164,20.59531021118164,20.59531021118164,0.0
2010-12-09,20.59531021118164,20.59531021118164,20.59531021118164,20.59531021118164,0.0
2010-12-10,20.59531021118164,20.59531021118164,20.59531021118164,20.59531021118164,0.0
2010-12-13,20.59531021118164,20.59531021118164,20.59531021118164,20.59531021118164,0.0
2010-12-14,20.59531021118164,20.59531021118164,20.59531021118164,20.59531021118164,0.0
2010-12-15,20.59531021118164,20.59531021118164,20.59531021118164,20.59531021118164,0.0
2010-12-16,20.59531021118164,20.59531021118164,20.59531021118164,20.59531021118164,0.0
2010-12-17,20.59531021118164,20.59531021118164,20.59531021118164,20.59531021118164,0.0
2010-12-20,20.59531021118164,20.59531021118164,20.59531021118164,20.59531021118164,0.0
2010-12-21,20.59531021118164,20.59531021118164,20.59531021118164,20.59531021118164,0.0
2010-12-22,20.59531021118164,20.59531021118164,20.59531021118164,20.59531021118164,0.0
2010-12-23,20.59531021118164,20.59531021118164,20.59531021118164,20.59531021118164,0.0
2010-12-27,23.63772201538086,23.63772201538086,23.63772201538086,23.63772201538086,1515.0
2010-12-28,23.63772201538086,23.63772201538086,23.63772201538086,23.63772201538086,0.0
2010-12-29,23.63772201538086,23.63772201538086,23.63772201538086,23.63772201538086,0.0
2010-12-30,23.63772201538086,23.63772201538086,23.63772201538086,23.63772201538086,0.0
2010-12-31,23.63772201538086,23.63772201538086,23.63772201538086,23.63772201538086,0.0
2011-01-03,23.63772201538086,23.63772201538086,23.63772201538086,23.63772201538086,0.0
2011-01-04,23.63772201538086,23.63772201538086,23.63772201538086,23.63772201538086,0.0
2011-01-05,23.63772201538086,23.63772201538086,23.63772201538086,23.63772201538086,0.0
2011-01-06,23.63772201538086,23.63772201538086,23.63772201538086,23.63772201538086,0.0
2011-01-07,23.63772201538086,23.63772201538086,23.63772201538086,23.63772201538086,0.0
2011-01-10,23.63772201538086,23.63772201538086,23.63772201538086,23.63772201538086,0.0
2011-01-11,26.306489944458008,26.306489944458008,26.306489944458008,26.306489944458008,947.0
2011-01-12,26.192113876342773,26.192113876342773,26.192113876342773,26.192113876342773,189.0
2011-01-13,26.192113876342773,26.192113876342773,26.192113876342773,26.192113876342773,0.0
2011-01-14,26.192113876342773,26.192113876342773,26.192113876342773,26.192113876342773,0.0
2011-01-18,26.382738113403324,26.382738113403324,26.382738113403324,26.38273811340332,189.0
2011-01-19,26.382738113403324,26.382738113403324,26.382738113403324,26.38273811340332,0.0
2011-01-20,26.382738113403324,26.382738113403324,26.382738113403324,26.38273811340332,0.0
2011-01-21,26.382738113403324,26.382738113403324,26.382738113403324,26.38273811340332,0.0
2011-01-24,26.382738113403324,26.382738113403324,26.382738113403324,26.38273811340332,0.0
2011-01-25,26.382738113403324,26.382738113403324,26.382738113403324,26.38273811340332,0.0
2011-01-26,26.382738113403324,26.382738113403324,26.382738113403324,26.38273811340332,0.0
2011-01-27,26.382738113403324,26.382738113403324,26.382738113403324,26.38273811340332,0.0
2011-01-28,26.382738113403324,26.382738113403324,26.382738113403324,26.38273811340332,0.0
2011-01-31,26.382738113403324,26.382738113403324,26.382738113403324,26.38273811340332,0.0
2011-02-01,26.382738113403324,26.382738113403324,26.382738113403324,26.38273811340332,0.0
2011-02-02,26.840242385864258,26.840242385864258,26.840242385864258,26.840242385864258,189.0
2011-02-03,26.840242385864258,26.840242385864258,26.840242385864258,26.840242385864258,0.0
2011-02-04,26.840242385864258,26.840242385864258,26.840242385864258,26.840242385864258,0.0
2011-02-07,26.840242385864258,26.840242385864258,26.840242385864258,26.840242385864258,0.0
2011-02-08,27.069000244140625,27.069000244140625,27.069000244140625,27.069000244140625,18940.0
2011-02-09,27.069000244140625,27.069000244140625,27.069000244140625,27.069000244140625,0.0
2011-02-10,27.069000244140625,27.069000244140625,27.069000244140625,27.069000244140625,0.0
2011-02-11,27.069000244140625,27.069000244140625,27.069000244140625,27.069000244140625,0.0
2011-02-14,27.069000244140625,27.069000244140625,27.069000244140625,27.069000244140625,0.0
2011-02-15,27.069000244140625,27.069000244140625,27.069000244140625,27.069000244140625,0.0
2011-02-16,27.069000244140625,27.069000244140625,27.069000244140625,27.069000244140625,0.0
2011-02-17,27.069000244140625,27.069000244140625,27.069000244140625,27.069000244140625,0.0
2011-02-18,27.069000244140625,27.069000244140625,27.069000244140625,27.069000244140625,0.0
2011-02-22,27.069000244140625,27.069000244140625,27.069000244140625,27.069000244140625,0.0
2011-02-23,27.069000244140625,27.069000244140625,27.069000244140625,27.069000244140625,0.0
2011-02-24,27.069000244140625,27.069000244140625,27.069000244140625,27.069000244140625,0.0
2011-02-25,27.069000244140625,27.069000244140625,27.069000244140625,27.069000244140625,0.0
2011-02-28,27.069000244140625,27.069000244140625,27.069000244140625,27.069000244140625,0.0
2011-03-01,27.069000244140625,27.069000244140625,27.069000244140625,27.069000244140625,0.0
2011-03-02,27.069000244140625,27.069000244140625,27.069000244140625,27.069000244140625,0.0
2011-03-03,27.069000244140625,27.069000244140625,27.069000244140625,27.069000244140625,0.0
2011-03-04,27.069000244140625,27.069000244140625,27.069000244140625,27.069000244140625,0.0
2011-03-07,26.306489944458008,26.306489944458008,26.306489944458008,26.306489944458008,189.0
2011-03-08,26.306489944458008,26.306489944458008,26.306489944458008,26.306489944458008,0.0
2011-03-09,26.306489944458008,26.306489944458008,26.306489944458008,26.306489944458008,0.0
2011-03-10,26.611495971679688,26.611495971679688,26.611495971679688,26.611495971679688,474.0
2011-03-11,26.611495971679688,26.611495971679688,26.611495971679688,26.611495971679688,0.0
2011-03-14,26.611495971679688,26.611495971679688,26.611495971679688,26.611495971679688,0.0
2011-03-15,26.611495971679688,26.611495971679688,26.611495971679688,26.611495971679688,0.0
2011-03-16,26.611495971679688,26.611495971679688,26.611495971679688,26.611495971679688,0.0
2011-03-17,26.611495971679688,26.611495971679688,26.611495971679688,26.611495971679688,0.0
2011-03-18,26.611495971679688,26.611495971679688,26.611495971679688,26.611495971679688,0.0
2011-03-21,26.611495971679688,26.611495971679688,26.611495971679688,26.611495971679688,0.0
2011-03-22,26.611495971679688,26.611495971679688,26.611495971679688,26.611495971679688,0.0
2011-03-23,26.611495971679688,26.611495971679688,26.611495971679688,26.611495971679688,0.0
2011-03-24,26.611495971679688,26.611495971679688,26.611495971679688,26.611495971679688,0.0
2011-03-25,26.611495971679688,26.611495971679688,26.611495971679688,26.611495971679688,0.0
2011-03-28,26.611495971679688,26.611495971679688,26.611495971679688,26.611495971679688,0.0
2011-03-29,26.611495971679688,26.611495971679688,26.611495971679688,26.611495971679688,0.0
2011-03-30,26.611495971679688,26.611495971679688,26.611495971679688,26.611495971679688,0.0
2011-03-31,26.611495971679688,26.611495971679688,26.611495971679688,26.611495971679688,0.0
2011-04-01,26.611495971679688,26.611495971679688,26.611495971679688,26.611495971679688,0.0
2011-04-04,26.001487731933594,26.001487731933594,26.001487731933594,26.001487731933594,758.0
2011-04-05,26.001487731933594,26.001487731933594,26.001487731933594,26.001487731933594,0.0
2011-04-06,26.687746047973633,26.687746047973633,26.687746047973633,26.687746047973633,95.0
2011-04-07,26.687746047973633,26.687746047973633,26.687746047973633,26.687746047973633,0.0
2011-04-08,26.687746047973633,26.687746047973633,26.687746047973633,26.687746047973633,0.0
2011-04-11,26.687746047973633,26.687746047973633,26.687746047973633,26.687746047973633,0.0
2011-04-12,26.687746047973633,26.687746047973633,26.687746047973633,26.687746047973633,0.0
2011-04-13,26.687746047973633,26.687746047973633,26.687746047973633,26.687746047973633,0.0
2011-04-14,26.687746047973633,26.687746047973633,26.687746047973633,26.687746047973633,0.0
2011-04-15,26.687746047973633,26.687746047973633,26.687746047973633,26.687746047973633,0.0
2011-04-18,25.162731170654297,25.162731170654297,25.162731170654297,25.162731170654297,1136.0
2011-04-19,25.162731170654297,25.162731170654297,25.162731170654297,25.162731170654297,0.0
2011-04-20,25.162731170654297,25.162731170654297,25.162731170654297,25.162731170654297,0.0
2011-04-21,25.162731170654297,25.162731170654297,25.162731170654297,25.162731170654297,0.0
2011-04-25,25.162731170654297,25.162731170654297,25.162731170654297,25.162731170654297,0.0
2011-04-26,25.162731170654297,25.162731170654297,25.162731170654297,25.162731170654297,0.0
2011-04-27,25.162731170654297,25.162731170654297,25.162731170654297,25.162731170654297,0.0
2011-04-28,25.162731170654297,25.162731170654297,25.162731170654297,25.162731170654297,0.0
2011-04-29,25.162731170654297,25.162731170654297,25.162731170654297,25.162731170654297,0.0
2011-05-02,25.162731170654297,25.162731170654297,25.162731170654297,25.162731170654297,0.0
2011-05-03,25.162731170654297,25.162731170654297,25.162731170654297,25.162731170654297,0.0
2011-05-04,25.162731170654297,25.162731170654297,25.162731170654297,25.162731170654297,0.0
2011-05-05,25.162731170654297,25.162731170654297,25.162731170654297,25.162731170654297,0.0
2011-05-06,25.162731170654297,25.162731170654297,25.162731170654297,25.162731170654297,0.0
2011-05-09,26.306489944458008,26.306489944458008,26.306489944458008,26.306489944458008,568.0
2011-05-10,26.306489944458008,26.306489944458008,26.306489944458008,26.306489944458008,0.0
2011-05-11,26.306489944458008,26.306489944458008,26.306489944458008,26.306489944458008,0.0
2011-05-12,26.306489944458008,26.306489944458008,26.306489944458008,26.306489944458008,0.0
2011-05-13,26.306489944458008,26.306489944458008,26.306489944458008,26.306489944458008,0.0
2011-05-16,26.306489944458008,26.306489944458008,26.306489944458008,26.306489944458008,0.0
2011-05-17,26.306489944458008,26.306489944458008,26.306489944458008,26.306489944458008,0.0
2011-05-18,25.162731170654297,25.162731170654297,25.162731170654297,25.162731170654297,189.0
2011-05-19,25.162731170654297,25.162731170654297,25.162731170654297,25.162731170654297,758.0
2011-05-20,25.162731170654297,25.162731170654297,25.162731170654297,25.162731170654297,0.0
2011-05-23,25.162731170654297,25.162731170654297,25.162731170654297,25.162731170654297,0.0
2011-05-24,25.162731170654297,25.162731170654297,25.162731170654297,25.162731170654297,0.0
2011-05-25,24.247718811035156,24.247718811035156,24.247718811035156,24.247718811035156,1042.0
2011-05-26,24.247718811035156,24.247718811035156,24.247718811035156,24.247718811035156,0.0
2011-05-27,24.247718811035156,24.247718811035156,24.247718811035156,24.247718811035156,0.0
2011-05-31,24.247718811035156,24.247718811035156,24.247718811035156,24.247718811035156,0.0
2011-06-01,24.247718811035156,24.247718811035156,24.247718811035156,24.247718811035156,0.0
2011-06-02,24.247718811035156,24.247718811035156,24.247718811035156,24.247718811035156,0.0
2011-06-03,24.247718811035156,24.247718811035156,24.247718811035156,24.247718811035156,0.0
2011-06-06,24.247718811035156,24.247718811035156,24.247718811035156,24.247718811035156,0.0
2011-06-07,24.247718811035156,24.247718811035156,24.247718811035156,24.247718811035156,0.0
2011-06-08,24.247718811035156,24.247718811035156,24.247718811035156,24.247718811035156,0.0
2011-06-09,24.247718811035156,24.247718811035156,24.247718811035156,24.247718811035156,0.0
2011-06-10,24.247718811035156,24.247718811035156,24.247718811035156,24.247718811035156,0.0
2011-06-13,24.247718811035156,24.247718811035156,24.247718811035156,24.247718811035156,0.0
2011-06-14,24.247718811035156,24.247718811035156,24.247718811035156,24.247718811035156,0.0
2011-06-15,24.247718811035156,24.247718811035156,24.247718811035156,24.247718811035156,0.0
2011-06-16,24.247718811035156,24.247718811035156,24.247718811035156,24.247718811035156,0.0
2011-06-17,23.2564640045166,23.2564640045166,23.2564640045166,23.2564640045166,284.0
2011-06-20,23.2564640045166,23.2564640045166,23.2564640045166,23.2564640045166,0.0
2011-06-21,23.2564640045166,23.2564640045166,23.2564640045166,23.2564640045166,0.0
2011-06-22,23.2564640045166,23.2564640045166,23.2564640045166,23.2564640045166,0.0
2011-06-23,23.2564640045166,23.2564640045166,23.2564640045166,23.2564640045166,0.0
2011-06-24,24.102848052978516,24.102848052978516,24.102848052978516,24.102848052978516,284.0
2011-06-27,23.332714080810547,23.332714080810547,23.332714080810547,23.332714080810547,758.0
2011-06-28,23.332714080810547,23.332714080810547,23.332714080810547,23.332714080810547,0.0
2011-06-29,23.332714080810547,23.332714080810547,23.332714080810547,23.332714080810547,0.0
2011-06-30,23.332714080810547,23.332714080810547,23.332714080810547,23.332714080810547,0.0
2011-07-01,23.332714080810547,23.332714080810547,23.332714080810547,23.332714080810547,0.0
2011-07-05,23.332714080810547,23.332714080810547,23.332714080810547,23.332714080810547,0.0
2011-07-06,23.332714080810547,23.332714080810547,23.332714080810547,23.332714080810547,0.0
2011-07-07,25.2771053314209,25.2771053314209,25.2771053314209,25.2771053314209,284.0
2011-07-08,24.47647476196289,24.47647476196289,24.47647476196289,24.47647476196289,189.0
2011-07-11,24.47647476196289,24.47647476196289,24.47647476196289,24.47647476196289,0.0
2011-07-12,24.47647476196289,24.47647476196289,24.47647476196289,24.47647476196289,0.0
2011-07-13,23.2564640045166,23.2564640045166,23.2564640045166,23.2564640045166,284.0
2011-07-14,23.2564640045166,23.2564640045166,23.2564640045166,23.2564640045166,0.0
2011-07-15,23.2564640045166,23.2564640045166,23.2564640045166,23.2564640045166,0.0
2011-07-18,23.2564640045166,23.2564640045166,23.2564640045166,23.2564640045166,0.0
2011-07-19,22.776084899902344,22.776084899902344,22.776084899902344,22.776084899902344,189.0
2011-07-20,22.776084899902344,22.776084899902344,22.776084899902344,22.776084899902344,0.0
2011-07-21,22.776084899902344,22.776084899902344,22.776084899902344,22.776084899902344,0.0
2011-07-22,22.776084899902344,22.776084899902344,22.776084899902344,22.776084899902344,0.0
2011-07-25,22.776084899902344,22.776084899902344,22.776084899902344,22.776084899902344,0.0
2011-07-26,22.776084899902344,22.776084899902344,22.776084899902344,22.776084899902344,0.0
2011-07-27,22.776084899902344,22.776084899902344,22.776084899902344,22.776084899902344,0.0
2011-07-28,22.776084899902344,22.776084899902344,22.776084899902344,22.776084899902344,0.0
2011-07-29,22.493953704833984,22.493953704833984,22.493953704833984,22.493953704833984,852.0
2011-08-01,22.493953704833984,22.493953704833984,22.493953704833984,22.493953704833984,0.0
2011-08-02,22.493953704833984,22.493953704833984,22.493953704833984,22.493953704833984,0.0
2011-08-03,22.493953704833984,22.493953704833984,22.493953704833984,22.493953704833984,0.0
2011-08-04,22.493953704833984,22.493953704833984,22.493953704833984,22.493953704833984,0.0
2011-08-05,22.493953704833984,22.493953704833984,22.493953704833984,22.493953704833984,0.0
2011-08-08,22.493953704833984,22.493953704833984,22.493953704833984,22.493953704833984,0.0
2011-08-09,22.493953704833984,22.493953704833984,22.493953704833984,22.493953704833984,0.0
2011-08-10,22.493953704833984,22.493953704833984,22.493953704833984,22.493953704833984,0.0
2011-08-11,22.493953704833984,22.493953704833984,22.493953704833984,22.493953704833984,0.0
2011-08-12,22.493953704833984,22.493953704833984,22.493953704833984,22.493953704833984,0.0
2011-08-15,22.493953704833984,22.493953704833984,22.493953704833984,22.493953704833984,0.0
2011-08-16,22.493953704833984,22.493953704833984,22.493953704833984,22.493953704833984,0.0
2011-08-17,22.493953704833984,22.493953704833984,22.493953704833984,22.493953704833984,0.0
2011-08-18,22.493953704833984,22.493953704833984,22.493953704833984,22.493953704833984,0.0
2011-08-19,22.493953704833984,22.493953704833984,22.493953704833984,22.493953704833984,0.0
2011-08-22,22.493953704833984,22.493953704833984,22.493953704833984,22.493953704833984,0.0
2011-08-23,22.493953704833984,22.493953704833984,22.493953704833984,22.493953704833984,0.0
2011-08-24,22.493953704833984,22.493953704833984,22.493953704833984,22.493953704833984,0.0
2011-08-25,18.033292770385742,18.033292770385742,18.033292770385742,18.033292770385742,284.0
2011-08-26,17.766416549682617,17.766416549682617,17.766416549682617,17.766416549682617,947.0
2011-08-29,17.766416549682617,17.766416549682617,17.766416549682617,17.766416549682617,0.0
2011-08-30,17.766416549682617,17.766416549682617,17.766416549682617,17.766416549682617,0.0
2011-08-31,17.766416549682617,17.766416549682617,17.766416549682617,17.766416549682617,0.0
2011-09-01,17.766416549682617,17.766416549682617,17.766416549682617,17.766416549682617,0.0
2011-09-02,17.766416549682617,17.766416549682617,17.766416549682617,17.766416549682617,0.0
2011-09-06,17.766416549682617,17.766416549682617,17.766416549682617,17.766416549682617,0.0
2011-09-07,17.766416549682617,17.766416549682617,17.766416549682617,17.766416549682617,0.0
2011-09-08,17.766416549682617,17.766416549682617,17.766416549682617,17.766416549682617,0.0
2011-09-09,17.766416549682617,17.766416549682617,17.766416549682617,17.766416549682617,0.0
2011-09-12,17.766416549682617,17.766416549682617,17.766416549682617,17.766416549682617,0.0
2011-09-13,17.766416549682617,17.766416549682617,17.766416549682617,17.766416549682617,0.0
2011-09-14,17.766416549682617,17.766416549682617,17.766416549682617,17.766416549682617,0.0
2011-09-15,17.766416549682617,17.766416549682617,17.766416549682617,17.766416549682617,0.0
2011-09-16,17.766416549682617,17.766416549682617,17.766416549682617,17.766416549682617,0.0
2011-09-19,18.147666931152344,18.147666931152344,18.147666931152344,18.147666931152344,1989.0
2011-09-20,18.147666931152344,18.147666931152344,18.147666931152344,18.147666931152344,0.0
2011-09-21,18.147666931152344,18.147666931152344,18.147666931152344,18.147666931152344,0.0
2011-09-22,18.147666931152344,18.147666931152344,18.147666931152344,18.147666931152344,0.0
2011-09-23,18.147666931152344,18.147666931152344,18.147666931152344,18.147666931152344,0.0
2011-09-26,16.88953172880013,17.156408309936523,16.88953172880013,17.156408309936523,379.0
2011-09-27,17.156408309936523,17.156408309936523,17.156408309936523,17.156408309936523,0.0
2011-09-28,17.690166473388672,17.690166473388672,17.690166473388672,17.690166473388672,284.0
2011-09-29,17.690166473388672,17.690166473388672,17.690166473388672,17.690166473388672,0.0
2011-09-30,17.690166473388672,17.690166473388672,17.690166473388672,17.690166473388672,0.0
2011-10-03,17.690166473388672,17.690166473388672,17.690166473388672,17.690166473388672,0.0
2011-10-04,17.690166473388672,17.690166473388672,17.690166473388672,17.690166473388672,0.0
2011-10-05,17.690166473388672,17.690166473388672,17.690166473388672,17.690166473388672,0.0
2011-10-06,17.690166473388672,17.690166473388672,17.690166473388672,17.690166473388672,0.0
2011-10-07,17.690166473388672,17.690166473388672,17.690166473388672,17.690166473388672,0.0
2011-10-10,17.690166473388672,17.690166473388672,17.690166473388672,17.690166473388672,0.0
2011-10-11,17.690166473388672,17.690166473388672,17.690166473388672,17.690166473388672,0.0
2011-10-12,20.206436157226562,20.206436157226562,20.206436157226562,20.206436157226562,284.0
2011-10-13,20.206436157226562,20.206436157226562,20.206436157226562,20.206436157226562,0.0
2011-10-14,20.206436157226562,20.206436157226562,20.206436157226562,20.206436157226562,0.0
2011-10-17,20.206436157226562,20.206436157226562,20.206436157226562,20.206436157226562,0.0
2011-10-18,20.17594337463379,20.17594337463379,20.17594337463379,20.17594337463379,1989.0
2011-10-19,20.17594337463379,20.17594337463379,20.17594337463379,20.17594337463379,0.0
2011-10-20,20.17594337463379,20.17594337463379,20.17594337463379,20.17594337463379,0.0
2011-10-21,20.17594337463379,20.17594337463379,20.17594337463379,20.17594337463379,0.0
2011-10-24,20.17594337463379,20.17594337463379,20.17594337463379,20.17594337463379,0.0
2011-10-25,20.17594337463379,20.17594337463379,20.17594337463379,20.17594337463379,0.0
2011-10-26,20.17594337463379,20.17594337463379,20.17594337463379,20.17594337463379,0.0
2011-10-27,20.17594337463379,20.17594337463379,20.17594337463379,20.17594337463379,0.0
2011-10-28,20.17594337463379,20.17594337463379,20.17594337463379,20.17594337463379,0.0
2011-10-31,20.17594337463379,20.17594337463379,20.17594337463379,20.17594337463379,0.0
2011-11-01,20.17594337463379,20.17594337463379,20.17594337463379,20.17594337463379,0.0
2011-11-02,20.17594337463379,20.17594337463379,20.17594337463379,20.17594337463379,0.0
2011-11-03,20.17594337463379,20.17594337463379,20.17594337463379,20.17594337463379,0.0
2011-11-04,20.17594337463379,20.17594337463379,20.17594337463379,20.17594337463379,0.0
2011-11-07,20.17594337463379,20.17594337463379,20.17594337463379,20.17594337463379,0.0
2011-11-08,20.17594337463379,20.17594337463379,20.17594337463379,20.17594337463379,0.0
2011-11-09,20.17594337463379,20.17594337463379,20.17594337463379,20.17594337463379,0.0
2011-11-10,20.17594337463379,20.17594337463379,20.17594337463379,20.17594337463379,0.0
2011-11-11,20.17594337463379,20.17594337463379,20.17594337463379,20.17594337463379,0.0
2011-11-14,22.26520347595215,22.26520347595215,22.26520347595215,22.26520347595215,189.0
2011-11-15,22.26520347595215,22.26520347595215,22.26520347595215,22.26520347595215,0.0
2011-11-16,22.26520347595215,22.26520347595215,22.26520347595215,22.26520347595215,0.0
2011-11-17,22.188955307006836,22.188955307006836,22.188955307006836,22.188955307006836,758.0
2011-11-18,22.188955307006836,22.188955307006836,22.188955307006836,22.188955307006836,0.0
2011-11-21,21.197694778442383,21.197694778442383,21.197694778442383,21.197694778442383,189.0
2011-11-22,20.816442489624023,20.816442489624023,20.816442489624023,20.816442489624023,284.0
2011-11-23,20.282682418823242,20.282682418823242,20.282682418823242,20.282682418823242,189.0
2011-11-25,20.282682418823242,20.282682418823242,20.282682418823242,20.282682418823242,0.0
2011-11-28,20.282682418823242,20.282682418823242,20.282682418823242,20.282682418823242,0.0
2011-11-29,21.739078521728516,21.739078521728516,21.739078521728516,21.739078521728516,1136.0
2011-11-30,22.64645710673191,22.722707748413086,22.64645710673191,22.722707748413086,1042.0
2011-12-01,22.722707748413086,22.722707748413086,22.722707748413086,22.722707748413086,0.0
2011-12-02,22.341459274291992,22.341459274291992,22.341459274291992,22.341459274291992,379.0
2011-12-05,22.68458366394043,22.68458366394043,22.68458366394043,22.68458366394043,189.0
2011-12-06,22.68458366394043,22.68458366394043,22.68458366394043,22.68458366394043,0.0
2011-12-07,22.68458366394043,22.68458366394043,22.68458366394043,22.68458366394043,0.0
2011-12-08,22.68458366394043,22.68458366394043,22.68458366394043,22.68458366394043,0.0
2011-12-09,22.68458366394043,22.68458366394043,22.68458366394043,22.68458366394043,0.0
2011-12-12,22.68458366394043,22.68458366394043,22.68458366394043,22.68458366394043,0.0
2011-12-13,22.68458366394043,22.68458366394043,22.68458366394043,22.68458366394043,0.0
2011-12-14,22.68458366394043,22.68458366394043,22.68458366394043,22.68458366394043,0.0
2011-12-15,22.68458366394043,22.68458366394043,22.68458366394043,22.68458366394043,0.0
2011-12-16,22.68458366394043,22.68458366394043,22.68458366394043,22.68458366394043,0.0
2011-12-19,22.68458366394043,22.68458366394043,22.68458366394043,22.68458366394043,0.0
2011-12-20,22.68458366394043,22.68458366394043,22.68458366394043,22.68458366394043,0.0
2011-12-21,22.68458366394043,22.68458366394043,22.68458366394043,22.68458366394043,0.0
2011-12-22,22.68458366394043,22.68458366394043,22.68458366394043,22.68458366394043,0.0
2011-12-23,22.68458366394043,22.68458366394043,22.68458366394043,22.68458366394043,0.0
2011-12-27,22.68458366394043,22.68458366394043,22.68458366394043,22.68458366394043,0.0
2011-12-28,22.68458366394043,22.68458366394043,22.68458366394043,22.68458366394043,0.0
2011-12-29,22.68458366394043,22.68458366394043,22.68458366394043,22.68458366394043,0.0
2011-12-30,22.68458366394043,22.68458366394043,22.68458366394043,22.68458366394043,0.0
2012-01-03,22.68458366394043,22.68458366394043,22.68458366394043,22.68458366394043,0.0
2012-01-04,22.68458366394043,22.68458366394043,22.68458366394043,22.68458366394043,0.0
2012-01-05,22.68458366394043,22.68458366394043,22.68458366394043,22.68458366394043,0.0
2012-01-06,22.68458366394043,22.68458366394043,22.68458366394043,22.68458366394043,0.0
2012-01-09,22.68458366394043,22.68458366394043,22.68458366394043,22.68458366394043,0.0
2012-01-10,22.68458366394043,22.68458366394043,22.68458366394043,22.68458366394043,0.0
2012-01-11,22.68458366394043,22.68458366394043,22.68458366394043,22.68458366394043,0.0
2012-01-12,22.68458366394043,22.68458366394043,22.68458366394043,22.68458366394043,0.0
2012-01-13,22.68458366394043,22.68458366394043,22.68458366394043,22.68458366394043,0.0
2012-01-17,22.68458366394043,22.68458366394043,22.68458366394043,22.68458366394043,0.0
2012-01-18,22.68458366394043,22.68458366394043,22.68458366394043,22.68458366394043,0.0
2012-01-19,22.68458366394043,22.68458366394043,22.68458366394043,22.68458366394043,0.0
2012-01-20,22.68458366394043,22.68458366394043,22.68458366394043,22.68458366394043,0.0
2012-01-23,22.68458366394043,22.68458366394043,22.68458366394043,22.68458366394043,0.0
2012-01-24,22.68458366394043,22.68458366394043,22.68458366394043,22.68458366394043,0.0
2012-01-25,22.68458366394043,22.68458366394043,22.68458366394043,22.68458366394043,0.0
2012-01-26,22.68458366394043,22.68458366394043,22.68458366394043,22.68458366394043,0.0
2012-01-27,22.68458366394043,22.68458366394043,22.68458366394043,22.68458366394043,0.0
2012-01-30,22.68458366394043,22.68458366394043,22.68458366394043,22.68458366394043,0.0
2012-01-31,22.68458366394043,22.68458366394043,22.68458366394043,22.68458366394043,0.0
2012-02-01,22.68458366394043,22.68458366394043,22.68458366394043,22.68458366394043,0.0
2012-02-02,22.68458366394043,22.68458366394043,22.68458366394043,22.68458366394043,0.0
2012-02-03,22.68458366394043,22.68458366394043,22.68458366394043,22.68458366394043,0.0
2012-02-06,22.68458366394043,22.68458366394043,22.68458366394043,22.68458366394043,0.0
2012-02-07,22.68458366394043,22.68458366394043,22.68458366394043,22.68458366394043,0.0
2012-02-08,22.68458366394043,22.68458366394043,22.68458366394043,22.68458366394043,0.0
2012-02-09,22.68458366394043,22.68458366394043,22.68458366394043,22.68458366394043,0.0
2012-02-10,22.68458366394043,22.68458366394043,22.68458366394043,22.68458366394043,0.0
2012-02-13,22.68458366394043,22.68458366394043,22.68458366394043,22.68458366394043,0.0
2012-02-14,22.68458366394043,22.68458366394043,22.68458366394043,22.68458366394043,0.0
2012-02-15,22.68458366394043,22.68458366394043,22.68458366394043,22.68458366394043,0.0
2012-02-16,22.68458366394043,22.68458366394043,22.68458366394043,22.68458366394043,0.0
2012-02-17,22.68458366394043,22.68458366394043,22.68458366394043,22.68458366394043,0.0
2012-02-21,22.68458366394043,22.68458366394043,22.68458366394043,22.68458366394043,0.0
2012-02-22,22.68458366394043,22.68458366394043,22.68458366394043,22.68458366394043,0.0
2012-02-23,28.517745971679688,28.517745971679688,28.517745971679688,28.517745971679688,947.0
2012-02-24,28.517745971679688,28.517745971679688,28.517745971679688,28.517745971679688,0.0
2012-02-27,28.517745971679688,28.517745971679688,28.517745971679688,28.517745971679688,0.0
2012-02-28,28.517745971679688,28.517745971679688,28.517745971679688,28.517745971679688,0.0
2012-02-29,28.517745971679688,28.517745971679688,28.517745971679688,28.517745971679688,0.0
2012-03-01,28.517745971679688,28.517745971679688,28.517745971679688,28.517745971679688,0.0
2012-03-02,28.517745971679688,28.517745971679688,28.517745971679688,28.517745971679688,0.0
2012-03-05,28.517745971679688,28.517745971679688,28.517745971679688,28.517745971679688,0.0
2012-03-06,28.517745971679688,28.517745971679688,28.517745971679688,28.517745971679688,0.0
2012-03-07,28.517745971679688,28.517745971679688,28.517745971679688,28.517745971679688,0.0
2012-03-08,28.517745971679688,28.517745971679688,28.517745971679688,28.517745971679688,0.0
2012-03-09,28.517745971679688,28.517745971679688,28.517745971679688,28.517745971679688,0.0
2012-03-12,28.517745971679688,28.517745971679688,28.517745971679688,28.517745971679688,0.0
2012-03-13,28.517745971679688,28.517745971679688,28.517745971679688,28.517745971679688,0.0
2012-03-14,28.517745971679688,28.517745971679688,28.517745971679688,28.517745971679688,0.0
2012-03-15,28.517745971679688,28.517745971679688,28.517745971679688,28.517745971679688,0.0
2012-03-16,28.517745971679688,28.517745971679688,28.517745971679688,28.517745971679688,0.0
2012-03-19,28.517745971679688,28.517745971679688,28.517745971679688,28.517745971679688,0.0
2012-03-20,28.517745971679688,28.517745971679688,28.517745971679688,28.517745971679688,0.0
2012-03-21,28.517745971679688,28.517745971679688,28.517745971679688,28.517745971679688,0.0
2012-03-22,28.517745971679688,28.517745971679688,28.517745971679688,28.517745971679688,0.0
2012-03-23,29.16588973999023,29.16588973999023,29.16588973999023,29.165889739990234,284.0
2012-03-26,29.16588973999023,29.16588973999023,29.16588973999023,29.165889739990234,0.0
2012-03-27,29.16588973999023,29.16588973999023,29.16588973999023,29.165889739990234,0.0
2012-03-28,29.16588973999023,29.16588973999023,29.16588973999023,29.165889739990234,0.0
2012-03-29,29.16588973999023,29.16588973999023,29.16588973999023,29.165889739990234,0.0
2012-03-30,29.16588973999023,29.16588973999023,29.16588973999023,29.165889739990234,0.0
2012-04-02,29.16588973999023,29.16588973999023,29.16588973999023,29.165889739990234,0.0
2012-04-03,29.16588973999023,29.16588973999023,29.16588973999023,29.165889739990234,0.0
2012-04-04,29.16588973999023,29.16588973999023,29.16588973999023,29.165889739990234,0.0
2012-04-05,29.16588973999023,29.16588973999023,29.16588973999023,29.165889739990234,0.0
2012-04-09,29.16588973999023,29.16588973999023,29.16588973999023,29.165889739990234,0.0
2012-04-10,29.16588973999023,29.16588973999023,29.16588973999023,29.165889739990234,0.0
2012-04-11,29.16588973999023,29.16588973999023,29.16588973999023,29.165889739990234,0.0
2012-04-12,29.16588973999023,29.16588973999023,29.16588973999023,29.165889739990234,0.0
2012-04-13,29.16588973999023,29.16588973999023,29.16588973999023,29.165889739990234,0.0
2012-04-16,29.16588973999023,29.16588973999023,29.16588973999023,29.165889739990234,0.0
2012-04-17,29.16588973999023,29.16588973999023,29.16588973999023,29.165889739990234,0.0
2012-04-18,29.16588973999023,29.16588973999023,29.16588973999023,29.165889739990234,0.0
2012-04-19,29.16588973999023,29.16588973999023,29.16588973999023,29.165889739990234,0.0
2012-04-20,29.16588973999023,29.16588973999023,29.16588973999023,29.165889739990234,0.0
2012-04-23,29.16588973999023,29.16588973999023,29.16588973999023,29.165889739990234,0.0
2012-04-24,29.16588973999023,29.16588973999023,29.16588973999023,29.165889739990234,0.0
2012-04-25,29.16588973999023,29.16588973999023,29.16588973999023,29.165889739990234,0.0
2012-04-26,29.16588973999023,29.16588973999023,29.16588973999023,29.165889739990234,0.0
2012-04-27,29.16588973999023,29.16588973999023,29.16588973999023,29.165889739990234,0.0
2012-04-30,29.16588973999023,29.16588973999023,29.16588973999023,29.165889739990234,0.0
2012-05-01,29.16588973999023,29.16588973999023,29.16588973999023,29.165889739990234,0.0
2012-05-02,29.16588973999023,29.16588973999023,29.16588973999023,29.165889739990234,0.0
2012-05-03,29.16588973999023,29.16588973999023,29.16588973999023,29.165889739990234,0.0
2012-05-04,29.16588973999023,29.16588973999023,29.16588973999023,29.165889739990234,0.0
2012-05-07,29.16588973999023,29.16588973999023,29.16588973999023,29.165889739990234,0.0
2012-05-08,29.16588973999023,29.16588973999023,29.16588973999023,29.165889739990234,0.0
2012-05-09,29.16588973999023,29.16588973999023,29.16588973999023,29.165889739990234,0.0
2012-05-10,29.16588973999023,29.16588973999023,29.16588973999023,29.165889739990234,0.0
2012-05-11,29.16588973999023,29.16588973999023,29.16588973999023,29.165889739990234,0.0
2012-05-14,29.16588973999023,29.16588973999023,29.16588973999023,29.165889739990234,0.0
2012-05-15,29.16588973999023,29.16588973999023,29.16588973999023,29.165889739990234,0.0
2012-05-16,29.16588973999023,29.16588973999023,29.16588973999023,29.165889739990234,0.0
2012-05-17,29.16588973999023,29.16588973999023,29.16588973999023,29.165889739990234,0.0
2012-05-18,29.16588973999023,29.16588973999023,29.16588973999023,29.165889739990234,0.0
2012-05-21,29.16588973999023,29.16588973999023,29.16588973999023,29.165889739990234,0.0
2012-05-22,29.16588973999023,29.16588973999023,29.16588973999023,29.165889739990234,0.0
2012-05-23,29.16588973999023,29.16588973999023,29.16588973999023,29.165889739990234,0.0
2012-05-24,29.16588973999023,29.16588973999023,29.16588973999023,29.165889739990234,0.0
2012-05-25,29.16588973999023,29.16588973999023,29.16588973999023,29.165889739990234,0.0
2012-05-29,29.16588973999023,29.16588973999023,29.16588973999023,29.165889739990234,0.0
2012-05-30,29.16588973999023,29.16588973999023,29.16588973999023,29.165889739990234,0.0
2012-05-31,29.16588973999023,29.16588973999023,29.16588973999023,29.165889739990234,0.0
2012-06-01,29.16588973999023,29.16588973999023,29.16588973999023,29.165889739990234,0.0
2012-06-04,29.16588973999023,29.16588973999023,29.16588973999023,29.165889739990234,0.0
2012-06-05,29.16588973999023,29.16588973999023,29.16588973999023,29.165889739990234,0.0
2012-06-06,29.16588973999023,29.16588973999023,29.16588973999023,29.165889739990234,0.0
2012-06-07,29.16588973999023,29.16588973999023,29.16588973999023,29.165889739990234,0.0
2012-06-08,29.16588973999023,29.16588973999023,29.16588973999023,29.165889739990234,0.0
2012-06-11,29.16588973999023,29.16588973999023,29.16588973999023,29.165889739990234,0.0
2012-06-12,29.16588973999023,29.16588973999023,29.16588973999023,29.165889739990234,0.0
2012-06-13,29.16588973999023,29.16588973999023,29.16588973999023,29.165889739990234,0.0
2012-06-14,29.16588973999023,29.16588973999023,29.16588973999023,29.165889739990234,0.0
2012-06-15,29.16588973999023,29.16588973999023,29.16588973999023,29.165889739990234,0.0
2012-06-18,29.16588973999023,29.16588973999023,29.16588973999023,29.165889739990234,0.0
2012-06-19,29.16588973999023,29.16588973999023,29.16588973999023,29.165889739990234,0.0
2012-06-20,29.16588973999023,29.16588973999023,29.16588973999023,29.165889739990234,0.0
2012-06-21,29.16588973999023,29.16588973999023,29.16588973999023,29.165889739990234,0.0
2012-06-22,29.16588973999023,29.16588973999023,29.16588973999023,29.165889739990234,0.0
2012-06-25,29.16588973999023,29.16588973999023,29.16588973999023,29.165889739990234,0.0
2012-06-26,29.16588973999023,29.16588973999023,29.16588973999023,29.165889739990234,0.0
2012-06-27,29.16588973999023,29.16588973999023,29.16588973999023,29.165889739990234,0.0
2012-06-28,29.16588973999023,29.16588973999023,29.16588973999023,29.165889739990234,0.0
2012-06-29,29.16588973999023,29.16588973999023,29.16588973999023,29.165889739990234,0.0
2012-07-02,29.16588973999023,29.16588973999023,29.16588973999023,29.165889739990234,0.0
2012-07-03,29.16588973999023,29.16588973999023,29.16588973999023,29.165889739990234,0.0
2012-07-05,29.16588973999023,29.16588973999023,29.16588973999023,29.165889739990234,0.0
2012-07-06,29.16588973999023,29.16588973999023,29.16588973999023,29.165889739990234,0.0
2012-07-09,29.16588973999023,29.16588973999023,29.16588973999023,29.165889739990234,0.0
2012-07-10,28.098379135131836,28.098379135131836,28.098379135131836,28.098379135131836,95.0
2012-07-11,28.098379135131836,28.098379135131836,28.098379135131836,28.098379135131836,0.0
2012-07-12,27.297748565673828,27.297748565673828,27.297748565673828,27.297748565673828,474.0
2012-07-13,27.297748565673828,27.297748565673828,27.297748565673828,27.297748565673828,0.0
2012-07-16,27.297748565673828,27.297748565673828,27.297748565673828,27.297748565673828,0.0
2012-07-17,27.297748565673828,27.297748565673828,27.297748565673828,27.297748565673828,0.0
2012-07-18,27.297748565673828,27.297748565673828,27.297748565673828,27.297748565673828,0.0
2012-07-19,27.297748565673828,27.297748565673828,27.297748565673828,27.297748565673828,0.0
2012-07-20,27.297748565673828,27.297748565673828,27.297748565673828,27.297748565673828,0.0
2012-07-23,26.153987884521484,26.153987884521484,26.153987884521484,26.153987884521484,95.0
2012-07-24,26.153987884521484,26.153987884521484,26.153987884521484,26.153987884521484,0.0
2012-07-25,26.153987884521484,26.153987884521484,26.153987884521484,26.153987884521484,0.0
2012-07-26,26.153987884521484,26.153987884521484,26.153987884521484,26.153987884521484,0.0
2012-07-27,26.153987884521484,26.153987884521484,26.153987884521484,26.153987884521484,0.0
2012-07-30,26.153987884521484,26.153987884521484,26.153987884521484,26.153987884521484,0.0
2012-07-31,26.153987884521484,26.153987884521484,26.153987884521484,26.153987884521484,0.0
2012-08-01,26.153987884521484,26.153987884521484,26.153987884521484,26.153987884521484,0.0
2012-08-02,26.153987884521484,26.153987884521484,26.153987884521484,26.153987884521484,0.0
2012-08-03,26.153987884521484,26.153987884521484,26.153987884521484,26.153987884521484,0.0
2012-08-06,26.153987884521484,26.153987884521484,26.153987884521484,26.153987884521484,0.0
2012-08-07,26.153987884521484,26.153987884521484,26.153987884521484,26.153987884521484,0.0
2012-08-08,26.153987884521484,26.153987884521484,26.153987884521484,26.153987884521484,0.0
2012-08-09,26.153987884521484,26.153987884521484,26.153987884521484,26.153987884521484,0.0
2012-08-10,26.153987884521484,26.153987884521484,26.153987884521484,26.153987884521484,0.0
2012-08-13,26.153987884521484,26.153987884521484,26.153987884521484,26.153987884521484,0.0
2012-08-14,26.153987884521484,26.153987884521484,26.153987884521484,26.153987884521484,0.0
2012-08-15,26.153987884521484,26.153987884521484,26.153987884521484,26.153987884521484,0.0
2012-08-16,26.153987884521484,26.153987884521484,26.153987884521484,26.153987884521484,0.0
2012-08-17,26.153987884521484,26.153987884521484,26.153987884521484,26.153987884521484,0.0
2012-08-20,26.153987884521484,26.153987884521484,26.153987884521484,26.153987884521484,0.0
2012-08-21,26.153987884521484,26.153987884521484,26.153987884521484,26.153987884521484,0.0
2012-08-22,26.153987884521484,26.153987884521484,26.153987884521484,26.153987884521484,0.0
2012-08-23,30.500282287597656,30.500282287597656,30.500282287597656,30.500282287597656,284.0
2012-08-24,30.500282287597656,30.500282287597656,30.500282287597656,30.500282287597656,0.0
2012-08-27,30.500282287597656,30.500282287597656,30.500282287597656,30.500282287597656,0.0
2012-08-28,30.500282287597656,30.500282287597656,30.500282287597656,30.500282287597656,0.0
2012-08-29,30.500282287597656,30.500282287597656,30.500282287597656,30.500282287597656,0.0
2012-08-30,30.500282287597656,30.500282287597656,30.500282287597656,30.500282287597656,0.0
2012-08-31,30.500282287597656,30.500282287597656,30.500282287597656,30.500282287597656,0.0
2012-09-04,30.500282287597656,30.500282287597656,30.500282287597656,30.500282287597656,0.0
2012-09-05,30.500282287597656,30.500282287597656,30.500282287597656,30.500282287597656,0.0
2012-09-06,30.500282287597656,30.500282287597656,30.500282287597656,30.500282287597656,0.0
2012-09-07,30.500282287597656,30.500282287597656,30.500282287597656,30.500282287597656,0.0
2012-09-10,30.500282287597656,30.500282287597656,30.500282287597656,30.500282287597656,0.0
2012-09-11,30.500282287597656,30.500282287597656,30.500282287597656,30.500282287597656,0.0
2012-09-12,30.500282287597656,30.500282287597656,30.500282287597656,30.500282287597656,0.0
2012-09-13,30.500282287597656,30.500282287597656,30.500282287597656,30.500282287597656,0.0
2012-09-14,30.500282287597656,30.500282287597656,30.500282287597656,30.500282287597656,0.0
2012-09-17,30.500282287597656,30.500282287597656,30.500282287597656,30.500282287597656,0.0
2012-09-18,30.500282287597656,30.500282287597656,30.500282287597656,30.500282287597656,0.0
2012-09-19,30.500282287597656,30.500282287597656,30.500282287597656,30.500282287597656,0.0
2012-09-20,30.500282287597656,30.500282287597656,30.500282287597656,30.500282287597656,0.0
2012-09-21,30.500282287597656,30.500282287597656,30.500282287597656,30.500282287597656,0.0
2012-09-24,30.500282287597656,30.500282287597656,30.500282287597656,30.500282287597656,0.0
2012-09-25,30.500282287597656,30.500282287597656,30.500282287597656,30.500282287597656,0.0
2012-09-26,30.500282287597656,30.500282287597656,30.500282287597656,30.500282287597656,0.0
2012-09-27,30.500282287597656,30.500282287597656,30.500282287597656,30.500282287597656,0.0
2012-09-28,30.500282287597656,30.500282287597656,30.500282287597656,30.500282287597656,0.0
2012-10-01,30.500282287597656,30.500282287597656,30.500282287597656,30.500282287597656,0.0
2012-10-02,30.500282287597656,30.500282287597656,30.500282287597656,30.500282287597656,0.0
2012-10-03,30.500282287597656,30.500282287597656,30.500282287597656,30.500282287597656,0.0
2012-10-04,30.500282287597656,30.500282287597656,30.500282287597656,30.500282287597656,0.0
2012-10-05,30.500282287597656,30.500282287597656,30.500282287597656,30.500282287597656,0.0
2012-10-08,30.500282287597656,30.500282287597656,30.500282287597656,30.500282287597656,0.0
2012-10-09,30.500282287597656,30.500282287597656,30.500282287597656,30.500282287597656,0.0
2012-10-10,30.500282287597656,30.500282287597656,30.500282287597656,30.500282287597656,0.0
2012-10-11,30.500282287597656,30.500282287597656,30.500282287597656,30.500282287597656,0.0
2012-10-12,30.500282287597656,30.500282287597656,30.500282287597656,30.500282287597656,0.0
2012-10-15,30.500282287597656,30.500282287597656,30.500282287597656,30.500282287597656,0.0
2012-10-16,30.500282287597656,30.500282287597656,30.500282287597656,30.500282287597656,0.0
2012-10-17,30.500282287597656,30.500282287597656,30.500282287597656,30.500282287597656,0.0
2012-10-18,30.500282287597656,30.500282287597656,30.500282287597656,30.500282287597656,0.0
2012-10-19,30.500282287597656,30.500282287597656,30.500282287597656,30.500282287597656,0.0
2012-10-22,30.500282287597656,30.500282287597656,30.500282287597656,30.500282287597656,0.0
2012-10-23,30.500282287597656,30.500282287597656,30.500282287597656,30.500282287597656,0.0
2012-10-24,32.52092361450195,32.52092361450195,32.52092361450195,32.52092361450195,284.0
2012-10-25,32.52092361450195,32.52092361450195,32.52092361450195,32.52092361450195,0.0
2012-10-26,32.52092361450195,32.52092361450195,32.52092361450195,32.52092361450195,0.0
2012-10-31,32.52092361450195,32.52092361450195,32.52092361450195,32.52092361450195,0.0
2012-11-01,32.52092361450195,32.52092361450195,32.52092361450195,32.52092361450195,0.0
2012-11-02,32.52092361450195,32.52092361450195,32.52092361450195,32.52092361450195,0.0
2012-11-05,32.52092361450195,32.52092361450195,32.52092361450195,32.52092361450195,0.0
2012-11-06,32.52092361450195,32.52092361450195,32.52092361450195,32.52092361450195,0.0
2012-11-07,32.52092361450195,32.52092361450195,32.52092361450195,32.52092361450195,0.0
2012-11-08,32.52092361450195,32.52092361450195,32.52092361450195,32.52092361450195,0.0
2012-11-09,32.52092361450195,32.52092361450195,32.52092361450195,32.52092361450195,0.0
2012-11-12,32.52092361450195,32.52092361450195,32.52092361450195,32.52092361450195,0.0
2012-11-13,32.52092361450195,32.52092361450195,32.52092361450195,32.52092361450195,0.0
2012-11-14,32.52092361450195,32.52092361450195,32.52092361450195,32.52092361450195,0.0
2012-11-15,32.52092361450195,32.52092361450195,32.52092361450195,32.52092361450195,0.0
2012-11-16,32.52092361450195,32.52092361450195,32.52092361450195,32.52092361450195,0.0
2012-11-19,32.52092361450195,32.52092361450195,32.52092361450195,32.52092361450195,0.0
2012-11-20,32.52092361450195,32.52092361450195,32.52092361450195,32.52092361450195,0.0
2012-11-21,32.52092361450195,32.52092361450195,32.52092361450195,32.52092361450195,0.0
2012-11-23,32.52092361450195,32.52092361450195,32.52092361450195,32.52092361450195,0.0
2012-11-26,32.52092361450195,32.52092361450195,32.52092361450195,32.52092361450195,0.0
2012-11-27,32.52092361450195,32.52092361450195,32.52092361450195,32.52092361450195,0.0
2012-11-28,32.52092361450195,32.52092361450195,32.52092361450195,32.52092361450195,0.0
2012-11-29,32.52092361450195,32.52092361450195,32.52092361450195,32.52092361450195,0.0
2012-11-30,32.52092361450195,32.52092361450195,32.52092361450195,32.52092361450195,0.0
2012-12-03,32.52092361450195,32.52092361450195,32.52092361450195,32.52092361450195,0.0
2012-12-04,32.52092361450195,32.52092361450195,32.52092361450195,32.52092361450195,0.0
2012-12-05,32.52092361450195,32.52092361450195,32.52092361450195,32.52092361450195,0.0
2012-12-06,32.52092361450195,32.52092361450195,32.52092361450195,32.52092361450195,0.0
2012-12-07,32.52092361450195,32.52092361450195,32.52092361450195,32.52092361450195,0.0
2012-12-10,32.52092361450195,32.52092361450195,32.52092361450195,32.52092361450195,0.0
2012-12-11,32.52092361450195,32.52092361450195,32.52092361450195,32.52092361450195,0.0
2012-12-12,32.52092361450195,32.52092361450195,32.52092361450195,32.52092361450195,0.0
2012-12-13,32.52092361450195,32.52092361450195,32.52092361450195,32.52092361450195,0.0
2012-12-14,32.52092361450195,32.52092361450195,32.52092361450195,32.52092361450195,0.0
2012-12-17,32.52092361450195,32.52092361450195,32.52092361450195,32.52092361450195,0.0
2012-12-18,32.52092361450195,32.52092361450195,32.52092361450195,32.52092361450195,0.0
2012-12-19,32.52092361450195,32.52092361450195,32.52092361450195,32.52092361450195,0.0
2012-12-20,32.52092361450195,32.52092361450195,32.52092361450195,32.52092361450195,0.0
2012-12-21,32.52092361450195,32.52092361450195,32.52092361450195,32.52092361450195,0.0
2012-12-24,32.52092361450195,32.52092361450195,32.52092361450195,32.52092361450195,0.0
2012-12-26,32.52092361450195,32.52092361450195,32.52092361450195,32.52092361450195,0.0
2012-12-27,35.64720916748047,35.64720916748047,35.64720916748047,35.64720916748047,284.0
2012-12-28,35.64720916748047,35.64720916748047,35.64720916748047,35.64720916748047,0.0
2012-12-31,35.64720916748047,35.64720916748047,35.64720916748047,35.64720916748047,0.0
2013-01-02,35.64720916748047,35.64720916748047,35.64720916748047,35.64720916748047,0.0
2013-01-03,35.64720916748047,35.64720916748047,35.64720916748047,35.64720916748047,0.0
2013-01-04,35.64720916748047,35.64720916748047,35.64720916748047,35.64720916748047,0.0
2013-01-07,35.64720916748047,35.64720916748047,35.64720916748047,35.64720916748047,0.0
2013-01-08,35.64720916748047,35.64720916748047,35.64720916748047,35.64720916748047,0.0
2013-01-09,36.21908950805664,36.21908950805664,36.21908950805664,36.21908950805664,284.0
2013-01-10,36.21908950805664,36.21908950805664,36.21908950805664,36.21908950805664,0.0
2013-01-11,36.21908950805664,36.21908950805664,36.21908950805664,36.21908950805664,0.0
2013-01-14,36.21908950805664,36.21908950805664,36.21908950805664,36.21908950805664,0.0
2013-01-15,36.21908950805664,36.21908950805664,36.21908950805664,36.21908950805664,0.0
2013-01-16,36.21908950805664,36.21908950805664,36.21908950805664,36.21908950805664,0.0
2013-01-17,36.21908950805664,36.21908950805664,36.21908950805664,36.21908950805664,0.0
2013-01-18,35.34220504760742,35.34220504760742,35.34220504760742,35.34220504760742,189.0
2013-01-22,35.34220504760742,35.34220504760742,35.34220504760742,35.34220504760742,0.0
2013-01-23,35.34220504760742,35.34220504760742,35.34220504760742,35.34220504760742,0.0
2013-01-24,35.34220504760742,35.34220504760742,35.34220504760742,35.34220504760742,0.0
2013-01-25,35.34220504760742,35.34220504760742,35.34220504760742,35.34220504760742,0.0
2013-01-28,35.34220504760742,35.34220504760742,35.34220504760742,35.34220504760742,0.0
2013-01-29,35.34220504760742,35.34220504760742,35.34220504760742,35.34220504760742,0.0
2013-01-30,35.34220504760742,35.34220504760742,35.34220504760742,35.34220504760742,0.0
2013-01-31,35.34220504760742,35.34220504760742,35.34220504760742,35.34220504760742,0.0
2013-02-01,35.34220504760742,35.34220504760742,35.34220504760742,35.34220504760742,0.0
2013-02-04,35.34220504760742,35.34220504760742,35.34220504760742,35.34220504760742,0.0
2013-02-05,35.36507797241211,35.36507797241211,35.34220401639659,35.36507797241211,7387.0
2013-02-06,35.36507797241211,35.36507797241211,35.36507797241211,35.36507797241211,0.0
2013-02-07,35.36507797241211,35.36507797241211,35.36507797241211,35.36507797241211,0.0
2013-02-08,35.36507797241211,35.36507797241211,35.36507797241211,35.36507797241211,0.0
2013-02-11,35.33457565307617,35.33457565307617,35.33457565307617,35.33457565307617,3030.0
2013-02-12,35.33457565307617,35.33457565307617,35.33457565307617,35.33457565307617,0.0
2013-02-13,36.485965728759766,36.485965728759766,36.485965728759766,36.485965728759766,284.0
2013-02-14,36.485965728759766,36.485965728759766,36.485965728759766,36.485965728759766,0.0
2013-02-15,36.485965728759766,36.485965728759766,36.485965728759766,36.485965728759766,0.0
2013-02-19,36.485965728759766,36.485965728759766,36.485965728759766,36.485965728759766,0.0
2013-02-20,36.01321029663086,36.01321029663086,36.01321029663086,36.01321029663086,1231.0
2013-02-21,36.01321029663086,36.01321029663086,36.01321029663086,36.01321029663086,0.0
2013-02-22,36.01321029663086,36.01321029663086,36.01321029663086,36.01321029663086,0.0
2013-02-25,36.01321029663086,36.01321029663086,36.01321029663086,36.01321029663086,0.0
2013-02-26,34.73219680786133,34.73219680786133,34.73219680786133,34.73219680786133,1231.0
2013-02-27,34.73219680786133,34.73219680786133,34.73219680786133,34.73219680786133,0.0
2013-02-28,34.73219680786133,34.73219680786133,34.73219680786133,34.73219680786133,0.0
2013-03-01,34.73219680786133,34.73219680786133,34.73219680786133,34.73219680786133,0.0
2013-03-04,34.73219680786133,34.73219680786133,34.73219680786133,34.73219680786133,0.0
2013-03-05,34.73219680786133,34.73219680786133,34.73219680786133,34.73219680786133,0.0
2013-03-06,34.73219680786133,34.73219680786133,34.73219680786133,34.73219680786133,0.0
2013-03-07,34.73219680786133,34.73219680786133,34.73219680786133,34.73219680786133,0.0
2013-03-08,34.73219680786133,34.73219680786133,34.73219680786133,34.73219680786133,0.0
2013-03-11,34.73219680786133,34.73219680786133,34.73219680786133,34.73219680786133,0.0
2013-03-12,34.73219680786133,34.73219680786133,34.73219680786133,34.73219680786133,0.0
2013-03-13,34.73219680786133,34.73219680786133,34.73219680786133,34.73219680786133,0.0
2013-03-14,34.73219680786133,34.73219680786133,34.73219680786133,34.73219680786133,0.0
2013-03-15,34.73219680786133,34.73219680786133,34.73219680786133,34.73219680786133,0.0
2013-03-18,34.73219680786133,34.73219680786133,34.73219680786133,34.73219680786133,0.0
2013-03-19,34.73219680786133,34.73219680786133,34.73219680786133,34.73219680786133,0.0
2013-03-20,34.73219680786133,34.73219680786133,34.73219680786133,34.73219680786133,0.0
2013-03-21,34.73219680786133,34.73219680786133,34.73219680786133,34.73219680786133,0.0
2013-03-22,34.73219680786133,34.73219680786133,34.73219680786133,34.73219680786133,0.0
2013-03-25,34.73219680786133,34.73219680786133,34.73219680786133,34.73219680786133,0.0
2013-03-26,34.73219680786133,34.73219680786133,34.73219680786133,34.73219680786133,0.0
2013-03-27,34.73219680786133,34.73219680786133,34.73219680786133,34.73219680786133,0.0
2013-03-28,34.73219680786133,34.73219680786133,34.73219680786133,34.73219680786133,0.0
2013-04-01,34.73219680786133,34.73219680786133,34.73219680786133,34.73219680786133,0.0
2013-04-02,37.93471908569336,37.93471908569336,37.93471908569336,37.93471908569336,284.0
2013-04-03,37.93471908569336,37.93471908569336,37.93471908569336,37.93471908569336,0.0
2013-04-04,37.93471908569336,37.93471908569336,37.93471908569336,37.93471908569336,0.0
2013-04-05,37.93471908569336,37.93471908569336,37.93471908569336,37.93471908569336,0.0
2013-04-08,37.93471908569336,37.93471908569336,37.93471908569336,37.93471908569336,0.0
2013-04-09,37.93471908569336,37.93471908569336,37.93471908569336,37.93471908569336,0.0
2013-04-10,37.93471908569336,37.93471908569336,37.93471908569336,37.93471908569336,0.0
2013-04-11,37.93471908569336,37.93471908569336,37.93471908569336,37.93471908569336,0.0
2013-04-12,37.93471908569336,37.93471908569336,37.93471908569336,37.93471908569336,0.0
2013-04-15,37.93471908569336,37.93471908569336,37.93471908569336,37.93471908569336,0.0
2013-04-16,37.93471908569336,37.93471908569336,37.93471908569336,37.93471908569336,0.0
2013-04-17,37.93471908569336,37.93471908569336,37.93471908569336,37.93471908569336,0.0
2013-04-18,37.93471908569336,37.93471908569336,37.93471908569336,37.93471908569336,0.0
2013-04-19,37.93471908569336,37.93471908569336,37.93471908569336,37.93471908569336,0.0
2013-04-22,37.93471908569336,37.93471908569336,37.93471908569336,37.93471908569336,0.0
2013-04-23,37.93471908569336,37.93471908569336,37.93471908569336,37.93471908569336,0.0
2013-04-24,37.93471908569336,37.93471908569336,37.93471908569336,37.93471908569336,0.0
2013-04-25,37.93471908569336,37.93471908569336,37.93471908569336,37.93471908569336,0.0
2013-04-26,37.93471908569336,37.93471908569336,37.93471908569336,37.93471908569336,0.0
2013-04-29,37.568729400634766,37.568729400634766,37.568729400634766,37.568729400634766,947.0
2013-04-30,37.568729400634766,37.568729400634766,37.568729400634766,37.568729400634766,0.0
2013-05-01,37.568729400634766,37.568729400634766,37.568729400634766,37.568729400634766,0.0
2013-05-02,37.568729400634766,37.568729400634766,37.568729400634766,37.568729400634766,0.0
2013-05-03,37.568729400634766,37.568729400634766,37.568729400634766,37.568729400634766,0.0
2013-05-06,37.568729400634766,37.568729400634766,37.568729400634766,37.568729400634766,0.0
2013-05-07,37.568729400634766,37.568729400634766,37.568729400634766,37.568729400634766,0.0
2013-05-08,37.568729400634766,37.568729400634766,37.568729400634766,37.568729400634766,0.0
2013-05-09,39.39111799792361,39.688495979226474,39.39111799792361,39.49787139892578,2841.0
2013-05-10,39.34536300471647,39.34536300471647,39.0479850769043,39.0479850769043,2273.0
2013-05-13,39.0479850769043,39.0479850769043,39.0479850769043,39.0479850769043,0.0
2013-05-14,39.0479850769043,39.0479850769043,39.0479850769043,39.0479850769043,0.0
2013-05-15,39.0479850769043,39.0479850769043,39.0479850769043,39.0479850769043,0.0
2013-05-16,39.0479850769043,39.0479850769043,39.0479850769043,39.0479850769043,0.0
2013-05-17,39.0479850769043,39.0479850769043,39.0479850769043,39.0479850769043,0.0
2013-05-20,39.0479850769043,39.0479850769043,39.0479850769043,39.0479850769043,0.0
2013-05-21,39.0479850769043,39.0479850769043,39.0479850769043,39.0479850769043,0.0
2013-05-22,39.0479850769043,39.0479850769043,39.0479850769043,39.0479850769043,0.0
2013-05-23,39.0479850769043,39.0479850769043,39.0479850769043,39.0479850769043,0.0
2013-05-24,39.0479850769043,39.0479850769043,39.0479850769043,39.0479850769043,0.0
2013-05-28,39.0479850769043,39.0479850769043,39.0479850769043,39.0479850769043,0.0
2013-05-29,39.0479850769043,39.0479850769043,39.0479850769043,39.0479850769043,0.0
2013-05-30,39.0479850769043,39.0479850769043,39.0479850769043,39.0479850769043,0.0
2013-05-31,39.0479850769043,39.0479850769043,39.0479850769043,39.0479850769043,0.0
2013-06-03,39.0479850769043,39.0479850769043,39.0479850769043,39.0479850769043,0.0
2013-06-04,39.0479850769043,39.0479850769043,39.0479850769043,39.0479850769043,0.0
2013-06-05,39.0479850769043,39.0479850769043,39.0479850769043,39.0479850769043,0.0
2013-06-06,39.0479850769043,39.0479850769043,39.0479850769043,39.0479850769043,0.0
2013-06-07,39.0479850769043,39.0479850769043,39.0479850769043,39.0479850769043,0.0
2013-06-10,39.0479850769043,39.0479850769043,39.0479850769043,39.0479850769043,0.0
2013-06-11,39.0479850769043,39.0479850769043,39.0479850769043,39.0479850769043,0.0
2013-06-12,39.0479850769043,39.0479850769043,39.0479850769043,39.0479850769043,0.0
2013-06-13,39.0479850769043,39.0479850769043,39.0479850769043,39.0479850769043,0.0
2013-06-14,39.0479850769043,39.0479850769043,39.0479850769043,39.0479850769043,0.0
2013-06-17,39.0479850769043,39.0479850769043,39.0479850769043,39.0479850769043,0.0
2013-06-18,39.0479850769043,39.0479850769043,39.0479850769043,39.0479850769043,0.0
2013-06-19,39.0479850769043,39.0479850769043,39.0479850769043,39.0479850769043,0.0
2013-06-20,39.0479850769043,39.0479850769043,39.0479850769043,39.0479850769043,0.0
2013-06-21,39.0479850769043,39.0479850769043,39.0479850769043,39.0479850769043,0.0
2013-06-24,39.0479850769043,39.0479850769043,39.0479850769043,39.0479850769043,0.0
2013-06-25,39.0479850769043,39.0479850769043,39.0479850769043,39.0479850769043,0.0
2013-06-26,39.0479850769043,39.0479850769043,39.0479850769043,39.0479850769043,0.0
2013-06-27,39.0479850769043,39.0479850769043,39.0479850769043,39.0479850769043,0.0
2013-06-28,39.0479850769043,39.0479850769043,39.0479850769043,39.0479850769043,0.0
2013-07-01,39.0479850769043,39.0479850769043,39.0479850769043,39.0479850769043,0.0
2013-07-02,36.02845379133243,36.104705810546875,36.02845379133243,36.104705810546875,2746.0
2013-07-03,35.68533100551648,35.91408157348633,35.68533100551648,35.91408157348633,1231.0
2013-07-05,36.33346176147461,36.33346176147461,36.33346176147461,36.33346176147461,189.0
2013-07-08,36.33346176147461,36.33346176147461,36.33346176147461,36.33346176147461,0.0
2013-07-09,36.33346176147461,36.33346176147461,36.33346176147461,36.33346176147461,0.0
2013-07-10,36.33346176147461,36.33346176147461,36.33346176147461,36.33346176147461,0.0
2013-07-11,36.33346176147461,36.33346176147461,36.33346176147461,36.33346176147461,0.0
2013-07-12,36.33346176147461,36.33346176147461,36.33346176147461,36.33346176147461,0.0
2013-07-15,36.33346176147461,36.33346176147461,36.33346176147461,36.33346176147461,0.0
2013-07-16,36.33346176147461,36.33346176147461,36.33346176147461,36.33346176147461,0.0
2013-07-17,36.33346176147461,36.33346176147461,36.33346176147461,36.33346176147461,0.0
2013-07-18,36.33346176147461,36.33346176147461,36.33346176147461,36.33346176147461,0.0
2013-07-19,36.33346176147461,36.33346176147461,36.33346176147461,36.33346176147461,0.0
2013-07-22,36.33346176147461,36.33346176147461,36.33346176147461,36.33346176147461,0.0
2013-07-23,36.33346176147461,36.33346176147461,36.33346176147461,36.33346176147461,0.0
2013-07-24,37.820350646972656,37.820350646972656,37.820350646972656,37.820350646972656,284.0
2013-07-25,37.820350646972656,37.820350646972656,37.820350646972656,37.820350646972656,0.0
2013-07-26,37.271339416503906,37.271339416503906,37.271339416503906,37.271339416503906,189.0
2013-07-29,37.271339416503906,37.271339416503906,37.271339416503906,37.271339416503906,0.0
2013-07-30,37.13408660888672,37.13408660888672,37.13408660888672,37.13408660888672,95.0
2013-07-31,37.13408660888672,37.13408660888672,37.13408660888672,37.13408660888672,0.0
2013-08-01,37.13408660888672,37.13408660888672,37.13408660888672,37.13408660888672,0.0
2013-08-02,37.13408660888672,37.13408660888672,37.13408660888672,37.13408660888672,0.0
2013-08-05,37.13408660888672,37.13408660888672,37.13408660888672,37.13408660888672,0.0
2013-08-06,37.13408660888672,37.13408660888672,37.13408660888672,37.13408660888672,0.0
2013-08-07,37.13408660888672,37.13408660888672,37.13408660888672,37.13408660888672,0.0
2013-08-08,37.13408660888672,37.13408660888672,37.13408660888672,37.13408660888672,0.0
2013-08-09,37.13408660888672,37.13408660888672,37.13408660888672,37.13408660888672,0.0
2013-08-12,37.13408660888672,37.13408660888672,37.13408660888672,37.13408660888672,0.0
2013-08-13,37.13408660888672,37.13408660888672,37.13408660888672,37.13408660888672,0.0
2013-08-14,38.77348820357347,38.77348820357347,38.69723892211914,38.69723892211914,5398.0
2013-08-15,37.515350341796875,37.515350341796875,37.515350341796875,37.515350341796875,852.0
2013-08-16,37.515350341796875,37.515350341796875,37.515350341796875,37.515350341796875,0.0
2013-08-19,37.515350341796875,37.515350341796875,37.515350341796875,37.515350341796875,0.0
2013-08-20,37.972843170166016,37.972843170166016,37.972843170166016,37.972843170166016,189.0
2013-08-21,37.972843170166016,37.972843170166016,37.972843170166016,37.972843170166016,0.0
2013-08-22,37.972843170166016,37.972843170166016,37.972843170166016,37.972843170166016,0.0
2013-08-23,37.972843170166016,37.972843170166016,37.972843170166016,37.972843170166016,0.0
2013-08-26,37.972843170166016,37.972843170166016,37.972843170166016,37.972843170166016,0.0
2013-08-27,37.972843170166016,37.972843170166016,37.972843170166016,37.972843170166016,0.0
2013-08-28,38.110103607177734,38.110103607177734,38.110103607177734,38.110103607177734,59850.0
2013-08-29,38.110103607177734,38.110103607177734,38.110103607177734,38.110103607177734,0.0
2013-08-30,38.110103607177734,38.110103607177734,38.110103607177734,38.110103607177734,0.0
2013-09-03,38.110103607177734,38.110103607177734,38.110103607177734,38.110103607177734,0.0
2013-09-04,39.421608419705905,39.879112243652344,39.421608419705905,39.879112243652344,1894.0
2013-09-05,39.879112243652344,39.879112243652344,39.879112243652344,39.879112243652344,0.0
2013-09-06,40.9847526550293,40.9847526550293,40.90850338479203,40.9847526550293,379.0
2013-09-09,40.60348892211914,40.60348892211914,40.60348892211914,40.60348892211914,284.0
2013-09-10,40.60348892211914,40.60348892211914,40.60348892211914,40.60348892211914,0.0
2013-09-11,40.60348892211914,40.60348892211914,40.60348892211914,40.60348892211914,0.0
2013-09-12,40.60348892211914,40.60348892211914,40.60348892211914,40.60348892211914,0.0
2013-09-13,40.60348892211914,40.60348892211914,40.60348892211914,40.60348892211914,0.0
2013-09-16,40.60348892211914,40.60348892211914,40.60348892211914,40.60348892211914,0.0
2013-09-17,40.60348892211914,40.60348892211914,40.60348892211914,40.60348892211914,0.0
2013-09-18,40.60348892211914,40.60348892211914,40.60348892211914,40.60348892211914,0.0
2013-09-19,40.60348892211914,40.60348892211914,40.60348892211914,40.60348892211914,0.0
2013-09-20,40.60348892211914,40.60348892211914,40.60348892211914,40.60348892211914,0.0
2013-09-23,40.60348892211914,40.60348892211914,40.60348892211914,40.60348892211914,0.0
2013-09-24,40.60348892211914,40.60348892211914,40.60348892211914,40.60348892211914,0.0
2013-09-25,40.60348892211914,40.60348892211914,40.60348892211914,40.60348892211914,0.0
2013-09-26,40.60348892211914,40.60348892211914,40.60348892211914,40.60348892211914,0.0
2013-09-27,40.60348892211914,40.60348892211914,40.60348892211914,40.60348892211914,0.0
2013-09-30,40.60348892211914,40.60348892211914,40.60348892211914,40.60348892211914,0.0
2013-10-01,40.60348892211914,40.60348892211914,40.60348892211914,40.60348892211914,0.0
2013-10-02,40.49674606323242,40.49674606323242,40.49674606323242,40.49674606323242,7955.0
2013-10-03,40.49674606323242,40.49674606323242,40.49674606323242,40.49674606323242,0.0
2013-10-04,40.49674606323242,40.49674606323242,40.49674606323242,40.49674606323242,0.0
2013-10-07,40.49674606323242,40.49674606323242,40.49674606323242,40.49674606323242,0.0
2013-10-08,40.49674606323242,40.49674606323242,40.49674606323242,40.49674606323242,0.0
2013-10-09,40.49674606323242,40.49674606323242,40.49674606323242,40.49674606323242,0.0
2013-10-10,40.49674606323242,40.49674606323242,40.49674606323242,40.49674606323242,0.0
2013-10-11,38.96410369873047,38.96410369873047,38.96410369873047,38.96410369873047,95.0
2013-10-14,38.96410369873047,38.96410369873047,38.96410369873047,38.96410369873047,0.0
2013-10-15,38.96410369873047,38.96410369873047,38.96410369873047,38.96410369873047,0.0
2013-10-16,39.65036471422138,39.87911526624736,39.65036471422138,39.764739990234375,2841.0
2013-10-17,39.764739990234375,39.764739990234375,39.764739990234375,39.764739990234375,0.0
2013-10-18,39.764739990234375,39.764739990234375,39.764739990234375,39.764739990234375,0.0
2013-10-21,40.389992231879894,40.8703727722168,40.389992231879894,40.8703727722168,4451.0
2013-10-22,40.8703727722168,40.8703727722168,40.8703727722168,40.8703727722168,0.0
2013-10-23,40.8703727722168,40.8703727722168,40.8703727722168,40.8703727722168,0.0
2013-10-24,40.8703727722168,40.8703727722168,40.8703727722168,40.8703727722168,0.0
2013-10-25,40.8703727722168,40.8703727722168,40.8703727722168,40.8703727722168,0.0
2013-10-28,40.298492431640625,40.298492431640625,40.298492431640625,40.298492431640625,474.0
2013-10-29,40.298492431640625,40.298492431640625,40.298492431640625,40.298492431640625,0.0
2013-10-30,40.298492431640625,40.298492431640625,40.298492431640625,40.298492431640625,0.0
2013-10-31,40.298492431640625,40.298492431640625,40.298492431640625,40.298492431640625,0.0
2013-11-01,40.75599683312642,40.75599683312642,40.64924621582031,40.64924621582031,1894.0
2013-11-04,40.64924621582031,40.64924621582031,40.64924621582031,40.64924621582031,0.0
2013-11-05,40.64924621582031,40.64924621582031,40.64924621582031,40.64924621582031,0.0
2013-11-06,40.64924621582031,40.64924621582031,40.64924621582031,40.64924621582031,0.0
2013-11-07,40.9847526550293,40.9847526550293,40.9847526550293,40.9847526550293,379.0
2013-11-08,40.9847526550293,40.9847526550293,40.9847526550293,40.9847526550293,0.0
2013-11-11,40.9847526550293,40.9847526550293,40.9847526550293,40.9847526550293,0.0
2013-11-12,40.9847526550293,40.9847526550293,40.9847526550293,40.9847526550293,0.0
2013-11-13,40.9847526550293,40.9847526550293,40.9847526550293,40.9847526550293,0.0
2013-11-14,40.9847526550293,40.9847526550293,40.9847526550293,40.9847526550293,0.0
2013-11-15,40.14598846435547,40.14598846435547,40.14598846435547,40.14598846435547,758.0
2013-11-18,40.14598846435547,40.14598846435547,40.14598846435547,40.14598846435547,0.0
2013-11-19,40.1307487487793,40.1307487487793,40.1307487487793,40.1307487487793,10228.0
2013-11-20,40.1307487487793,40.1307487487793,40.1307487487793,40.1307487487793,0.0
2013-11-21,40.1307487487793,40.1307487487793,40.1307487487793,40.1307487487793,0.0
2013-11-22,40.1307487487793,40.1307487487793,40.1307487487793,40.1307487487793,0.0
2013-11-25,40.1307487487793,40.1307487487793,40.1307487487793,40.1307487487793,0.0
2013-11-26,40.1307487487793,40.1307487487793,40.1307487487793,40.1307487487793,0.0
2013-11-27,40.1307487487793,40.1307487487793,40.1307487487793,40.1307487487793,0.0
2013-11-29,40.1307487487793,40.1307487487793,40.1307487487793,40.1307487487793,0.0
2013-12-02,41.77128219604492,41.77128219604492,41.77128219604492,41.77128219604492,0.0
2013-12-03,41.77128219604492,41.77128219604492,41.77128219604492,41.77128219604492,0.0
2013-12-04,41.77128219604492,41.77128219604492,41.77128219604492,41.77128219604492,0.0
2013-12-05,41.77128219604492,41.77128219604492,41.77128219604492,41.77128219604492,0.0
2013-12-06,41.77128219604492,41.77128219604492,41.77128219604492,41.77128219604492,0.0
2013-12-09,40.683937072753906,40.683937072753906,40.683937072753906,40.683937072753906,474.0
2013-12-10,40.683937072753906,40.683937072753906,40.683937072753906,40.683937072753906,0.0
2013-12-11,40.683937072753906,40.683937072753906,40.683937072753906,40.683937072753906,0.0
2013-12-12,40.683937072753906,40.683937072753906,40.683937072753906,40.683937072753906,0.0
2013-12-13,40.683937072753906,40.683937072753906,40.683937072753906,40.683937072753906,0.0
2013-12-16,40.683937072753906,40.683937072753906,40.683937072753906,40.683937072753906,0.0
2013-12-17,41.866512298583984,41.866512298583984,41.866512298583984,41.866512298583984,2841.0
2013-12-18,41.866512298583984,41.866512298583984,41.866512298583984,41.866512298583984,0.0
2013-12-19,43.255455017089844,43.255455017089844,43.255455017089844,43.255455017089844,852.0
2013-12-20,43.255455017089844,43.255455017089844,43.255455017089844,43.255455017089844,189.0
2013-12-23,43.255455017089844,43.255455017089844,43.255455017089844,43.255455017089844,0.0
2013-12-24,43.255455017089844,43.255455017089844,43.255455017089844,43.255455017089844,0.0
2013-12-26,43.255455017089844,43.255455017089844,43.255455017089844,43.255455017089844,0.0
2013-12-27,43.255455017089844,43.255455017089844,43.255455017089844,43.255455017089844,0.0
2013-12-30,43.255455017089844,43.255455017089844,43.255455017089844,43.255455017089844,0.0
2013-12-31,43.255455017089844,43.255455017089844,43.255455017089844,43.255455017089844,0.0
2014-01-02,43.255455017089844,43.255455017089844,43.255455017089844,43.255455017089844,0.0
2014-01-03,45.26345443725586,45.26345443725586,45.26345443725586,45.26345443725586,1326.0
2014-01-06,45.26345443725586,45.26345443725586,45.26345443725586,45.26345443725586,0.0
2014-01-07,45.26345443725586,45.26345443725586,45.26345443725586,45.26345443725586,0.0
2014-01-08,45.26345443725586,45.26345443725586,45.26345443725586,45.26345443725586,0.0
2014-01-09,45.26345443725586,45.26345443725586,45.26345443725586,45.26345443725586,0.0
2014-01-10,45.26345443725586,45.26345443725586,45.26345443725586,45.26345443725586,0.0
2014-01-13,45.19997024536133,45.19997024536133,44.96186554633288,45.19997024536133,663.0
2014-01-14,45.19997024536133,45.19997024536133,45.19997024536133,45.19997024536133,0.0
2014-01-15,45.19997024536133,45.19997024536133,45.19997024536133,45.19997024536133,0.0
2014-01-16,45.19997024536133,45.19997024536133,45.19997024536133,45.19997024536133,0.0
2014-01-17,45.19997024536133,45.19997024536133,45.19997024536133,45.19997024536133,0.0
2014-01-21,45.19997024536133,45.19997024536133,45.19997024536133,45.19997024536133,0.0
2014-01-22,45.19997024536133,45.19997024536133,45.19997024536133,45.19997024536133,0.0
2014-01-23,45.47775650024414,45.47775650024414,45.47775650024414,45.47775650024414,1705.0
2014-01-24,45.47775650024414,45.47775650024414,45.47775650024414,45.47775650024414,0.0
2014-01-27,45.47775650024414,45.47775650024414,45.47775650024414,45.47775650024414,0.0
2014-01-28,45.47775650024414,45.47775650024414,45.47775650024414,45.47775650024414,0.0
2014-01-29,45.47775650024414,45.47775650024414,45.47775650024414,45.47775650024414,0.0
2014-01-30,45.47775650024414,45.47775650024414,45.47775650024414,45.47775650024414,0.0
2014-01-31,42.34272482092268,42.80305862426758,42.34272482092268,42.80305862426758,2936.0
2014-02-03,42.80305862426758,42.80305862426758,42.80305862426758,42.80305862426758,0.0
2014-02-04,42.80305862426758,42.80305862426758,42.80305862426758,42.80305862426758,0.0
2014-02-05,42.80305862426758,42.80305862426758,42.80305862426758,42.80305862426758,0.0
2014-02-06,42.533206939697266,42.533206939697266,42.533206939697266,42.533206939697266,568.0
2014-02-07,43.691978454589844,43.691978454589844,43.691978454589844,43.691978454589844,7481.0
2014-02-10,43.691978454589844,43.691978454589844,43.691978454589844,43.691978454589844,0.0
2014-02-11,43.691978454589844,43.691978454589844,43.691978454589844,43.691978454589844,0.0
2014-02-12,43.691978454589844,43.691978454589844,43.691978454589844,43.691978454589844,0.0
2014-02-13,43.691978454589844,43.691978454589844,43.691978454589844,43.691978454589844,0.0
2014-02-14,43.691978454589844,43.691978454589844,43.691978454589844,43.691978454589844,0.0
2014-02-18,43.691978454589844,43.691978454589844,43.691978454589844,43.691978454589844,0.0
2014-02-19,43.691978454589844,43.691978454589844,43.691978454589844,43.691978454589844,0.0
2014-02-20,43.691978454589844,43.691978454589844,43.691978454589844,43.691978454589844,0.0
2014-02-21,43.691978454589844,43.691978454589844,43.691978454589844,43.691978454589844,0.0
2014-02-24,43.691978454589844,43.691978454589844,43.691978454589844,43.691978454589844,0.0
2014-02-25,43.691978454589844,43.691978454589844,43.691978454589844,43.691978454589844,0.0
2014-02-26,43.691978454589844,43.691978454589844,43.691978454589844,43.691978454589844,0.0
2014-02-27,43.691978454589844,43.691978454589844,43.691978454589844,43.691978454589844,0.0
2014-02-28,43.691978454589844,43.691978454589844,43.691978454589844,43.691978454589844,0.0
2014-03-03,45.39838790893555,45.39838790893555,45.39838790893555,45.39838790893555,95.0
2014-03-04,45.39838790893555,45.39838790893555,45.39838790893555,45.39838790893555,0.0
2014-03-05,46.390472412109375,46.390472412109375,46.390472412109375,46.390472412109375,2083.0
2014-03-06,46.390472412109375,46.390472412109375,46.390472412109375,46.390472412109375,0.0
2014-03-07,46.31111145019531,46.31111145019531,46.31111145019531,46.31111145019531,1515.0
2014-03-10,46.31111145019531,46.31111145019531,46.31111145019531,46.31111145019531,0.0
2014-03-11,46.31111145019531,46.31111145019531,46.31111145019531,46.31111145019531,0.0
2014-03-12,46.31111145019531,46.31111145019531,46.31111145019531,46.31111145019531,0.0
2014-03-13,44.58089828491211,44.58089828491211,44.58089828491211,44.58089828491211,8523.0
2014-03-14,44.58089828491211,44.58089828491211,44.58089828491211,44.58089828491211,0.0
2014-03-17,44.58089828491211,44.58089828491211,44.58089828491211,44.58089828491211,0.0
2014-03-18,44.58089828491211,44.58089828491211,44.58089828491211,44.58089828491211,0.0
2014-03-19,44.58089828491211,44.58089828491211,44.58089828491211,44.58089828491211,0.0
2014-03-20,44.58089828491211,44.58089828491211,44.58089828491211,44.58089828491211,0.0
2014-03-21,44.58089828491211,44.58089828491211,44.58089828491211,44.58089828491211,0.0
2014-03-24,44.58089828491211,44.58089828491211,44.58089828491211,44.58089828491211,0.0
2014-03-25,44.58089828491211,44.58089828491211,44.58089828491211,44.58089828491211,0.0
2014-03-26,44.58089828491211,44.58089828491211,44.58089828491211,44.58089828491211,0.0
2014-03-27,45.49363054051283,45.49363054051283,45.04123306274414,45.04123306274414,852.0
2014-03-28,45.04123306274414,45.04123306274414,45.04123306274414,45.04123306274414,0.0
2014-03-31,45.44599914550781,45.44599914550781,45.44599914550781,45.44599914550781,18467.0
2014-04-01,45.44599914550781,45.44599914550781,45.44599914550781,45.44599914550781,0.0
2014-04-02,45.85279846191406,45.85279846191406,45.85279846191406,45.85279846191406,0.0
2014-04-03,45.85279846191406,45.85279846191406,45.85279846191406,45.85279846191406,0.0
2014-04-04,45.85279846191406,45.85279846191406,45.85279846191406,45.85279846191406,0.0
2014-04-07,45.85279846191406,45.85279846191406,45.85279846191406,45.85279846191406,0.0
2014-04-08,45.85279846191406,45.85279846191406,45.85279846191406,45.85279846191406,0.0
2014-04-09,44.84382247924805,44.84382247924805,44.84382247924805,44.84382247924805,474.0
2014-04-10,44.84382247924805,44.84382247924805,44.84382247924805,44.84382247924805,0.0
2014-04-11,44.84382247924805,44.84382247924805,44.84382247924805,44.84382247924805,0.0
2014-04-14,43.2902946472168,43.2902946472168,43.2902946472168,43.2902946472168,2083.0
2014-04-15,43.2902946472168,43.2902946472168,43.2902946472168,43.2902946472168,0.0
2014-04-16,43.2902946472168,43.2902946472168,43.2902946472168,43.2902946472168,0.0
2014-04-17,43.2902946472168,43.2902946472168,43.2902946472168,43.2902946472168,0.0
2014-04-21,43.2902946472168,43.2902946472168,43.2902946472168,43.2902946472168,0.0
2014-04-22,43.2902946472168,43.2902946472168,43.2902946472168,43.2902946472168,0.0
2014-04-23,43.2902946472168,43.2902946472168,43.2902946472168,43.2902946472168,0.0
2014-04-24,43.2902946472168,43.2902946472168,43.2902946472168,43.2902946472168,0.0
2014-04-25,45.540496826171875,45.540496826171875,45.540496826171875,45.540496826171875,95.0
2014-04-28,45.5164794921875,45.5164794921875,45.5164794921875,45.5164794921875,95.0
2014-04-29,45.5164794921875,45.5164794921875,45.5164794921875,45.5164794921875,0.0
2014-04-30,45.5164794921875,45.5164794921875,45.5164794921875,45.5164794921875,0.0
2014-05-01,45.5164794921875,45.5164794921875,45.5164794921875,45.5164794921875,0.0
2014-05-02,45.5164794921875,45.5164794921875,45.5164794921875,45.5164794921875,0.0
2014-05-05,45.5164794921875,45.5164794921875,45.5164794921875,45.5164794921875,0.0
2014-05-06,45.5164794921875,45.5164794921875,45.5164794921875,45.5164794921875,0.0
2014-05-07,45.716665237105055,45.964908599853516,45.716665237105055,45.964908599853516,379.0
2014-05-08,45.964908599853516,45.964908599853516,45.964908599853516,45.964908599853516,0.0
2014-05-09,45.964908599853516,45.964908599853516,45.964908599853516,45.964908599853516,0.0
2014-05-12,45.964908599853516,45.964908599853516,45.964908599853516,45.964908599853516,0.0
2014-05-13,45.97291946411133,45.97291946411133,45.97291946411133,45.97291946411133,189.0
2014-05-14,45.97291946411133,45.97291946411133,45.97291946411133,45.97291946411133,0.0
2014-05-15,45.20417022705078,45.20417022705078,45.20417022705078,45.20417022705078,379.0
2014-05-16,44.28326416015625,44.28326416015625,44.28326416015625,44.28326416015625,1326.0
2014-05-19,45.084049224853516,45.084049224853516,45.084049224853516,45.084049224853516,1515.0
2014-05-20,44.97193908691406,44.97193908691406,44.97193908691406,44.97193908691406,189.0
2014-05-21,44.97193908691406,44.97193908691406,44.97193908691406,44.97193908691406,0.0
2014-05-22,44.97193908691406,44.97193908691406,44.97193908691406,44.97193908691406,0.0
2014-05-23,44.97193908691406,44.97193908691406,44.97193908691406,44.97193908691406,0.0
2014-05-27,45.50847244262695,45.50847244262695,45.50847244262695,45.50847244262695,568.0
2014-05-28,45.50847244262695,45.50847244262695,45.50847244262695,45.50847244262695,0.0
2014-05-29,44.41138458251953,44.41138458251953,44.41138458251953,44.41138458251953,4451.0
2014-05-30,44.41138458251953,44.41138458251953,44.41138458251953,44.41138458251953,0.0
2014-06-02,44.41138458251953,44.41138458251953,44.41138458251953,44.41138458251953,0.0
2014-06-03,45.22018051147461,45.22018051147461,45.22018051147461,45.22018051147461,95.0
2014-06-04,45.22018051147461,45.22018051147461,45.22018051147461,45.22018051147461,0.0
2014-06-05,45.60455737184415,45.60455737184415,45.59654998779297,45.59654998779297,2462.0
2014-06-06,45.63659173006378,46.29323196411133,45.63659173006378,46.29323196411133,3315.0
2014-06-09,45.61256790161133,45.61256790161133,45.61256790161133,45.61256790161133,95.0
2014-06-10,45.66061782836914,45.66061782836914,45.66061782836914,45.66061782836914,95.0
2014-06-11,45.18813998140423,45.548492431640625,45.18813998140423,45.548492431640625,568.0
2014-06-12,45.1481107766163,45.692644717343725,45.1481107766163,45.58854293823242,5303.0
2014-06-13,44.49147163470952,45.06803512573242,44.49147163470952,45.06803512573242,2652.0
2014-06-16,44.41138873136819,44.41138873136819,44.40338134765625,44.40338134765625,758.0
2014-06-17,44.40338134765625,44.40338134765625,44.40338134765625,44.40338134765625,0.0
2014-06-18,44.40338134765625,44.40338134765625,44.40338134765625,44.40338134765625,0.0
2014-06-19,44.40338134765625,44.40338134765625,44.40338134765625,44.40338134765625,0.0
2014-06-20,44.40338134765625,44.40338134765625,44.40338134765625,44.40338134765625,0.0
2014-06-23,43.33835220336914,43.33835220336914,43.33835220336914,43.33835220336914,379.0
2014-06-24,43.33835220336914,43.33835220336914,43.33835220336914,43.33835220336914,0.0
2014-06-25,43.33835220336914,43.33835220336914,43.33835220336914,43.33835220336914,0.0
2014-06-26,43.33835220336914,43.33835220336914,43.33835220336914,43.33835220336914,0.0
2014-06-27,43.33835220336914,43.33835220336914,43.33835220336914,43.33835220336914,0.0
2014-06-30,43.33835220336914,43.33835220336914,43.33835220336914,43.33835220336914,0.0
2014-07-01,43.33835220336914,43.33835220336914,43.33835220336914,43.33835220336914,0.0
2014-07-02,43.33835220336914,43.33835220336914,43.33835220336914,43.33835220336914,0.0
2014-07-03,45.076045989990234,45.076045989990234,45.076045989990234,45.076045989990234,189.0
2014-07-07,44.63560485839844,44.63560485839844,44.63560485839844,44.63560485839844,95.0
2014-07-08,44.63560485839844,44.63560485839844,44.63560485839844,44.63560485839844,0.0
2014-07-09,44.63560485839844,44.63560485839844,44.63560485839844,44.63560485839844,0.0
2014-07-10,44.63560485839844,44.63560485839844,44.63560485839844,44.63560485839844,0.0
2014-07-11,44.63560485839844,44.63560485839844,44.63560485839844,44.63560485839844,0.0
2014-07-14,44.63560485839844,44.63560485839844,44.63560485839844,44.63560485839844,0.0
2014-07-15,43.8348273413696,43.86685977056259,43.82681995728162,43.85885238647461,1705.0
2014-07-16,43.85885238647461,43.85885238647461,43.85885238647461,43.85885238647461,0.0
2014-07-17,43.85885238647461,43.85885238647461,43.85885238647461,43.85885238647461,0.0
2014-07-18,43.25826407779754,43.25826407779754,42.841854095458984,42.841854095458984,8902.0
2014-07-21,42.80182751308159,42.92194408164467,42.44147491455078,42.44147491455078,1421.0
2014-07-22,42.44147491455078,42.44147491455078,42.44147491455078,42.44147491455078,0.0
2014-07-23,43.48249053955078,43.48249053955078,43.48249053955078,43.48249053955078,189.0
2014-07-24,43.338336860880375,43.338336860880375,43.00200653076172,43.00200653076172,1610.0
2014-07-25,43.00200653076172,43.00200653076172,43.00200653076172,43.00200653076172,0.0
2014-07-28,43.00200653076172,43.00200653076172,43.00200653076172,43.00200653076172,0.0
2014-07-29,43.00200653076172,43.00200653076172,43.00200653076172,43.00200653076172,0.0
2014-07-30,42.51353346418581,42.561580657958984,42.51353346418581,42.561580657958984,3315.0
2014-07-31,41.720767974853516,41.720767974853516,41.720767974853516,41.720767974853516,189.0
2014-08-01,41.720767974853516,41.720767974853516,41.720767974853516,41.720767974853516,0.0
2014-08-04,41.36040496826172,41.36040496826172,41.36040496826172,41.36040496826172,379.0
2014-08-05,41.36040496826172,41.36040496826172,41.36040496826172,41.36040496826172,0.0
2014-08-06,41.36040496826172,41.36040496826172,41.36040496826172,41.36040496826172,0.0
2014-08-07,41.36040496826172,41.36040496826172,41.36040496826172,41.36040496826172,0.0
2014-08-08,41.36040496826172,41.36040496826172,41.36040496826172,41.36040496826172,0.0
2014-08-11,41.36040496826172,41.36040496826172,41.36040496826172,41.36040496826172,0.0
2014-08-12,41.36040496826172,41.36040496826172,41.36040496826172,41.36040496826172,0.0
2014-08-13,41.36040496826172,41.36040496826172,41.36040496826172,41.36040496826172,0.0
2014-08-14,41.24029729736378,41.24029729736378,41.01607894897461,41.01607894897461,6629.0
2014-08-15,41.50454672994133,41.50454672994133,41.04009246826172,41.04009246826172,5966.0
2014-08-18,41.64067540361285,41.64067540361285,41.44047927856445,41.44047927856445,2178.0
2014-08-19,42.201244514645786,42.201244514645786,41.97702611865734,42.04108810424805,7103.0
2014-08-20,42.44147663779271,42.44147663779271,42.06510925292969,42.06510925292969,4262.0
2014-08-21,42.83384849036041,42.83384849036041,42.64166259765625,42.64166259765625,758.0
2014-08-22,42.481514735019,42.481514735019,42.03307511002642,42.44147491455078,2273.0
2014-08-25,42.44147491455078,42.44147491455078,42.44147491455078,42.44147491455078,0.0
2014-08-26,42.92192840576172,42.92192840576172,42.92192840576172,42.92192840576172,95.0
2014-08-27,42.92192840576172,42.92192840576172,42.92192840576172,42.92192840576172,0.0
2014-08-28,42.92192840576172,42.92192840576172,42.92192840576172,42.92192840576172,0.0
2014-08-29,42.92192840576172,42.92192840576172,42.92192840576172,42.92192840576172,0.0
2014-09-02,42.92192840576172,42.92192840576172,42.92192840576172,42.92192840576172,0.0
2014-09-03,42.92192840576172,42.92192840576172,42.92192840576172,42.92192840576172,0.0
2014-09-04,42.92192840576172,42.92192840576172,42.92192840576172,42.92192840576172,0.0
2014-09-05,42.545570373535156,42.545570373535156,42.545570373535156,42.545570373535156,95.0
2014-09-08,42.545570373535156,42.545570373535156,42.545570373535156,42.545570373535156,0.0
2014-09-09,42.92192840576172,42.92192840576172,42.92192840576172,42.92192840576172,95.0
2014-09-10,42.30533218383789,42.30533218383789,42.30533218383789,42.30533218383789,189.0
2014-09-11,42.241275915809496,42.241275915809496,42.081119537353516,42.081119537353516,86177.0
2014-09-12,42.40143571231318,42.40143571231318,42.113155364990234,42.113155364990234,1799.0
2014-09-15,42.16119384765625,42.16119384765625,42.16119384765625,42.16119384765625,758.0
2014-09-16,42.02506050118941,42.02506050118941,41.920958721570116,41.96099853515625,7292.0
2014-09-17,42.801825190420516,42.801825190420516,42.361392974853516,42.361392974853516,5303.0
2014-09-18,43.84284341004606,43.858858180337606,43.57057495804101,43.61061477661133,6061.0
2014-09-19,43.20220167428752,43.20220167428752,42.84985947943485,42.889896392822266,3220.0
2014-09-22,42.889896392822266,42.889896392822266,42.889896392822266,42.889896392822266,0.0
2014-09-23,42.889896392822266,42.889896392822266,42.889896392822266,42.889896392822266,0.0
2014-09-24,42.889896392822266,42.889896392822266,42.889896392822266,42.889896392822266,0.0
2014-09-25,42.889896392822266,42.889896392822266,42.889896392822266,42.889896392822266,0.0
2014-09-26,42.889896392822266,42.889896392822266,42.889896392822266,42.889896392822266,0.0
2014-09-29,42.27330300913088,42.27330300913088,42.16119384765625,42.16119384765625,663.0
2014-09-30,42.273294665602,42.273294665602,41.50454256213842,41.68071365356445,11080.0
2014-10-01,41.68071365356445,41.68071365356445,41.68071365356445,41.68071365356445,0.0
2014-10-02,41.24030685424805,41.24030685424805,41.24030685424805,41.24030685424805,663.0
2014-10-03,41.36040496826172,41.36040496826172,41.36040496826172,41.36040496826172,1042.0
2014-10-06,41.840869980180976,41.840869980180976,41.68071365356445,41.68071365356445,3788.0
2014-10-07,41.736778259277344,41.736778259277344,41.736778259277344,41.736778259277344,95.0
2014-10-08,41.880916595458984,41.880916595458984,41.880916595458984,41.880916595458984,95.0
2014-10-09,41.880916595458984,41.880916595458984,41.880916595458984,41.880916595458984,0.0
2014-10-10,41.880916595458984,41.880916595458984,41.880916595458984,41.880916595458984,0.0
2014-10-13,41.880916595458984,41.880916595458984,41.880916595458984,41.880916595458984,0.0
2014-10-14,41.880916595458984,41.880916595458984,41.880916595458984,41.880916595458984,0.0
2014-10-15,39.67876754499618,39.67876754499618,39.19829559326172,39.19829559326172,189.0
2014-10-16,39.99826431274414,39.99826431274414,39.99826431274414,39.99826431274414,0.0
2014-10-17,39.99826431274414,39.99826431274414,39.99826431274414,39.99826431274414,0.0
2014-10-20,41.18308639526367,41.18308639526367,41.18308639526367,41.18308639526367,1989.0
2014-10-21,41.534454345703125,41.534454345703125,41.534454345703125,41.534454345703125,95.0
2014-10-22,41.99204173795192,42.1146125793457,41.96752934080013,42.1146125793457,1989.0
2014-10-23,42.09827307862357,42.09827307862357,41.91850662231445,41.91850662231445,284.0
2014-10-24,41.91850662231445,41.91850662231445,41.91850662231445,41.91850662231445,0.0
2014-10-27,41.983878246144705,41.983878246144705,41.87765193624183,41.95936584472656,663.0
2014-10-28,41.95936584472656,41.95936584472656,41.95936584472656,41.95936584472656,0.0
2014-10-29,41.95936584472656,41.95936584472656,41.95936584472656,41.95936584472656,0.0
2014-10-30,41.95936584472656,41.95936584472656,41.95936584472656,41.95936584472656,0.0
2014-10-31,41.95936584472656,41.95936584472656,41.95936584472656,41.95936584472656,0.0
2014-11-03,41.95936584472656,41.95936584472656,41.95936584472656,41.95936584472656,0.0
2014-11-04,43.29127883911133,43.29127883911133,43.29127883911133,43.29127883911133,284.0
2014-11-05,43.29127883911133,43.29127883911133,43.29127883911133,43.29127883911133,0.0
2014-11-06,43.29127883911133,43.29127883911133,43.29127883911133,43.29127883911133,0.0
2014-11-07,43.35665171071396,43.35665171071396,42.98894500732422,42.98894500732422,1136.0
2014-11-10,43.79788589477539,43.79788589477539,43.76519974878228,43.79788589477539,2083.0
2014-11-11,43.879599917045226,43.879599917045226,43.7161750793457,43.7161750793457,474.0
2014-11-12,43.7652106059602,43.7652106059602,43.63447189331055,43.63447189331055,284.0
2014-11-13,43.63447189331055,43.63447189331055,43.63447189331055,43.63447189331055,0.0
2014-11-14,44.083885192871094,44.083885192871094,44.083885192871094,44.083885192871094,758.0
2014-11-17,44.083885192871094,44.083885192871094,44.083885192871094,44.083885192871094,0.0
2014-11-18,44.083885192871094,44.083885192871094,44.083885192871094,44.083885192871094,0.0
2014-11-19,44.00217392984231,44.00217392984231,43.92046002916543,43.92863082885742,4262.0
2014-11-20,44.81930583319385,44.81930583319385,44.418915916742904,44.45159912109375,4167.0
2014-11-21,45.34225430880216,45.34225430880216,45.14614332843543,45.1870002746582,2273.0
2014-11-24,45.1870002746582,45.1870002746582,45.1870002746582,45.1870002746582,0.0
2014-11-25,45.1870002746582,45.1870002746582,45.1870002746582,45.1870002746582,0.0
2014-11-26,45.47300763394757,45.47300763394757,45.10530090332031,45.10530090332031,568.0
2014-11-28,45.10530090332031,45.10530090332031,45.10530090332031,45.10530090332031,0.0
2014-12-01,45.10530090332031,45.10530090332031,45.10530090332031,45.10530090332031,0.0
2014-12-02,45.10530090332031,45.10530090332031,45.10530090332031,45.10530090332031,0.0
2014-12-03,45.10530090332031,45.10530090332031,45.10530090332031,45.10530090332031,0.0
2014-12-04,45.10530090332031,45.10530090332031,45.10530090332031,45.10530090332031,0.0
2014-12-05,46.89480209350586,46.89480209350586,46.89480209350586,46.89480209350586,95.0
2014-12-08,46.94383239746094,46.94383239746094,46.94383239746094,46.94383239746094,95.0
2014-12-09,46.94383239746094,46.94383239746094,46.94383239746094,46.94383239746094,0.0
2014-12-10,46.83760452270508,46.83760452270508,46.83760452270508,46.83760452270508,1894.0
2014-12-11,46.2492790222168,46.2492790222168,46.2492790222168,46.2492790222168,189.0
2014-12-12,46.2492790222168,46.2492790222168,46.2492790222168,46.2492790222168,0.0
2014-12-15,46.2492790222168,46.2492790222168,46.2492790222168,46.2492790222168,0.0
2014-12-16,45.77534103393555,45.77534103393555,45.77534103393555,45.77534103393555,379.0
2014-12-17,45.47300720214844,45.47300720214844,45.47300720214844,45.47300720214844,95.0
2014-12-18,45.47300720214844,45.47300720214844,45.47300720214844,45.47300720214844,0.0
2014-12-19,45.47300720214844,45.47300720214844,45.47300720214844,45.47300720214844,0.0
2014-12-22,45.47300720214844,45.47300720214844,45.47300720214844,45.47300720214844,0.0
2014-12-23,46.886627197265625,46.886627197265625,46.886627197265625,46.886627197265625,189.0
2014-12-24,46.886627197265625,46.886627197265625,46.886627197265625,46.886627197265625,0.0
2014-12-26,46.886627197265625,46.886627197265625,46.886627197265625,46.886627197265625,0.0
2014-12-29,46.886627197265625,46.886627197265625,46.886627197265625,46.886627197265625,0.0
2014-12-30,46.886627197265625,46.886627197265625,46.886627197265625,46.886627197265625,189.0
2014-12-31,46.886627197265625,46.886627197265625,46.886627197265625,46.886627197265625,0.0
2015-01-02,46.886627197265625,46.886627197265625,46.886627197265625,46.886627197265625,0.0
2015-01-05,46.886627197265625,46.886627197265625,46.886627197265625,46.886627197265625,0.0
2015-01-06,44.32085175082456,44.32085175082456,43.52006912231445,43.52006912231445,3125.0
2015-01-07,44.86015701293945,44.86015701293945,44.86015701293945,44.86015701293945,568.0
2015-01-08,45.70178739030489,45.94692611694336,45.70178739030489,45.94692611694336,284.0
2015-01-09,45.94692611694336,45.94692611694336,45.94692611694336,45.94692611694336,0.0
2015-01-12,45.94692611694336,45.94692611694336,45.94692611694336,45.94692611694336,0.0
2015-01-13,45.94692611694336,45.94692611694336,45.94692611694336,45.94692611694336,0.0
2015-01-14,45.94692611694336,45.94692611694336,45.94692611694336,45.94692611694336,0.0
2015-01-15,45.4321403503418,45.4321403503418,45.4321403503418,45.4321403503418,379.0
2015-01-16,45.4321403503418,45.4321403503418,45.4321403503418,45.4321403503418,0.0
2015-01-20,46.502567291259766,46.502567291259766,46.502567291259766,46.502567291259766,284.0
2015-01-21,47.025543212890625,47.025543212890625,47.025543212890625,47.025543212890625,1894.0
2015-01-22,48.49636459350586,48.49636459350586,48.49636459350586,48.49636459350586,758.0
2015-01-23,48.953959005523544,48.953959005523544,48.61893844604492,48.61893844604492,1231.0
2015-01-26,48.61893844604492,48.61893844604492,48.61893844604492,48.61893844604492,0.0
2015-01-27,47.850833892822266,47.850833892822266,47.850833892822266,47.850833892822266,379.0
2015-01-28,47.850833892822266,47.850833892822266,47.850833892822266,47.850833892822266,0.0
2015-01-29,47.850833892822266,47.850833892822266,47.850833892822266,47.850833892822266,0.0
2015-01-30,47.850833892822266,47.850833892822266,47.850833892822266,47.850833892822266,0.0
2015-02-02,47.850833892822266,47.850833892822266,47.850833892822266,47.850833892822266,0.0
2015-02-03,47.850833892822266,47.850833892822266,47.850833892822266,47.850833892822266,0.0
2015-02-04,47.850833892822266,47.850833892822266,47.850833892822266,47.850833892822266,0.0
2015-02-05,47.850833892822266,47.850833892822266,47.850833892822266,47.850833892822266,0.0
2015-02-06,47.850833892822266,47.850833892822266,47.850833892822266,47.850833892822266,0.0
2015-02-09,46.772220611572266,46.772220611572266,46.772220611572266,46.772220611572266,474.0
2015-02-10,46.772220611572266,46.772220611572266,46.772220611572266,46.772220611572266,0.0
2015-02-11,46.772220611572266,46.772220611572266,46.772220611572266,46.772220611572266,0.0
2015-02-12,46.772220611572266,46.772220611572266,46.772220611572266,46.772220611572266,0.0
2015-02-13,46.772220611572266,46.772220611572266,46.772220611572266,46.772220611572266,0.0
2015-02-17,46.772220611572266,46.772220611572266,46.772220611572266,46.772220611572266,0.0
2015-02-18,46.772220611572266,46.772220611572266,46.772220611572266,46.772220611572266,0.0
2015-02-19,46.772220611572266,46.772220611572266,46.772220611572266,46.772220611572266,0.0
2015-02-20,50.1142692565918,50.1142692565918,50.1142692565918,50.1142692565918,189.0
2015-02-23,50.41660690307617,50.41660690307617,50.41660690307617,50.41660690307617,379.0
2015-02-24,50.41660690307617,50.41660690307617,50.41660690307617,50.41660690307617,0.0
2015-02-25,50.41660690307617,50.41660690307617,50.41660690307617,50.41660690307617,0.0
2015-02-26,50.41660690307617,50.41660690307617,50.41660690307617,50.41660690307617,0.0
2015-02-27,50.41660690307617,50.41660690307617,50.41660690307617,50.41660690307617,0.0
2015-03-02,50.41660690307617,50.41660690307617,50.41660690307617,50.41660690307617,0.0
2015-03-03,50.41660690307617,50.41660690307617,50.41660690307617,50.41660690307617,0.0
2015-03-04,50.41660690307617,50.41660690307617,50.41660690307617,50.41660690307617,0.0
2015-03-05,50.41660690307617,50.41660690307617,50.41660690307617,50.41660690307617,0.0
2015-03-06,50.41660690307617,50.41660690307617,50.41660690307617,50.41660690307617,0.0
2015-03-09,50.41660690307617,50.41660690307617,50.41660690307617,50.41660690307617,0.0
2015-03-10,50.41660690307617,50.41660690307617,50.41660690307617,50.41660690307617,0.0
2015-03-11,50.41660690307617,50.41660690307617,50.41660690307617,50.41660690307617,0.0
2015-03-12,50.41660690307617,50.41660690307617,50.41660690307617,50.41660690307617,0.0
2015-03-13,49.15005874633789,49.15005874633789,49.15005874633789,49.15005874633789,947.0
2015-03-16,49.15005874633789,49.15005874633789,49.15005874633789,49.15005874633789,0.0
2015-03-17,49.15005874633789,49.15005874633789,49.15005874633789,49.15005874633789,0.0
2015-03-18,50.30220788947017,50.82516860961914,50.30220788947017,50.82516860961914,189.0
2015-03-19,50.82516860961914,50.82516860961914,50.82516860961914,50.82516860961914,0.0
2015-03-20,50.82516860961914,50.82516860961914,50.82516860961914,50.82516860961914,0.0
2015-03-23,50.82516860961914,50.82516860961914,50.82516860961914,50.82516860961914,0.0
2015-03-24,50.82516860961914,50.82516860961914,50.82516860961914,50.82516860961914,0.0
2015-03-25,50.82516860961914,50.82516860961914,50.82516860961914,50.82516860961914,0.0
2015-03-26,48.64343415320655,48.64343415320655,48.602577209472656,48.602577209472656,379.0
2015-03-27,48.602577209472656,48.602577209472656,48.602577209472656,48.602577209472656,0.0
2015-03-30,48.602577209472656,48.602577209472656,48.602577209472656,48.602577209472656,0.0
2015-03-31,48.602577209472656,48.602577209472656,48.602577209472656,48.602577209472656,0.0
2015-04-01,48.602577209472656,48.602577209472656,48.602577209472656,48.602577209472656,0.0
2015-04-02,49.0129508972168,49.0129508972168,49.0129508972168,49.0129508972168,0.0
2015-04-06,49.0129508972168,49.0129508972168,49.0129508972168,49.0129508972168,0.0
2015-04-07,49.0129508972168,49.0129508972168,49.0129508972168,49.0129508972168,0.0
2015-04-08,49.0129508972168,49.0129508972168,49.0129508972168,49.0129508972168,0.0
2015-04-09,49.0129508972168,49.0129508972168,49.0129508972168,49.0129508972168,0.0
2015-04-10,49.0129508972168,49.0129508972168,49.0129508972168,49.0129508972168,0.0
2015-04-13,49.0129508972168,49.0129508972168,49.0129508972168,49.0129508972168,0.0
2015-04-14,49.0129508972168,49.0129508972168,49.0129508972168,49.0129508972168,0.0
2015-04-15,49.0129508972168,49.0129508972168,49.0129508972168,49.0129508972168,0.0
2015-04-16,49.0129508972168,49.0129508972168,49.0129508972168,49.0129508972168,0.0
2015-04-17,49.0129508972168,49.0129508972168,49.0129508972168,49.0129508972168,0.0
2015-04-20,49.6968994140625,49.6968994140625,49.6968994140625,49.6968994140625,95.0
2015-04-21,49.614490997024696,49.614490997024696,49.284881591796875,49.284881591796875,852.0
2015-04-22,49.284881591796875,49.284881591796875,49.284881591796875,49.284881591796875,0.0
2015-04-23,49.284881591796875,49.284881591796875,49.284881591796875,49.284881591796875,0.0
2015-04-24,49.284881591796875,49.284881591796875,49.284881591796875,49.284881591796875,0.0
2015-04-27,49.284881591796875,49.284881591796875,49.284881591796875,49.284881591796875,0.0
2015-04-28,49.284881591796875,49.284881591796875,49.284881591796875,49.284881591796875,0.0
2015-04-29,49.284881591796875,49.284881591796875,49.284881591796875,49.284881591796875,0.0
2015-04-30,49.284881591796875,49.284881591796875,49.284881591796875,49.284881591796875,0.0
2015-05-01,49.284881591796875,49.284881591796875,49.284881591796875,49.284881591796875,0.0
2015-05-04,49.284881591796875,49.284881591796875,49.284881591796875,49.284881591796875,0.0
2015-05-05,49.284881591796875,49.284881591796875,49.284881591796875,49.284881591796875,0.0
2015-05-06,49.284881591796875,49.284881591796875,49.284881591796875,49.284881591796875,0.0
2015-05-07,49.284881591796875,49.284881591796875,49.284881591796875,49.284881591796875,0.0
2015-05-08,50.306667286126306,50.31490707397461,50.306667286126306,50.31490707397461,568.0
2015-05-11,50.31490707397461,50.31490707397461,50.31490707397461,50.31490707397461,0.0
2015-05-12,50.31490707397461,50.31490707397461,50.31490707397461,50.31490707397461,0.0
2015-05-13,50.31490707397461,50.31490707397461,50.31490707397461,50.31490707397461,0.0
2015-05-14,50.31490707397461,50.31490707397461,50.31490707397461,50.31490707397461,0.0
2015-05-15,50.31490707397461,50.31490707397461,50.31490707397461,50.31490707397461,0.0
2015-05-18,50.31490707397461,50.31490707397461,50.31490707397461,50.31490707397461,0.0
2015-05-19,50.31490707397461,50.31490707397461,50.31490707397461,50.31490707397461,0.0
2015-05-20,50.31490707397461,50.31490707397461,50.31490707397461,50.31490707397461,0.0
2015-05-21,50.31490707397461,50.31490707397461,50.31490707397461,50.31490707397461,0.0
2015-05-22,50.31490707397461,50.31490707397461,50.31490707397461,50.31490707397461,0.0
2015-05-26,50.31490707397461,50.31490707397461,50.31490707397461,50.31490707397461,0.0
2015-05-27,50.31490707397461,50.31490707397461,50.31490707397461,50.31490707397461,0.0
2015-05-28,50.31490707397461,50.31490707397461,50.31490707397461,50.31490707397461,0.0
2015-05-29,50.31490707397461,50.31490707397461,50.31490707397461,50.31490707397461,0.0
2015-06-01,50.31490707397461,50.31490707397461,50.31490707397461,50.31490707397461,0.0
2015-06-02,50.31490707397461,50.31490707397461,50.31490707397461,50.31490707397461,0.0
2015-06-03,50.31490707397461,50.31490707397461,50.31490707397461,50.31490707397461,0.0
2015-06-04,50.31490707397461,50.31490707397461,50.31490707397461,50.31490707397461,0.0
2015-06-05,50.31490707397461,50.31490707397461,50.31490707397461,50.31490707397461,0.0
2015-06-08,50.759883880615234,50.759883880615234,50.759883880615234,50.759883880615234,284.0
2015-06-09,50.759883880615234,50.759883880615234,50.759883880615234,50.759883880615234,0.0
2015-06-10,50.759883880615234,50.759883880615234,50.759883880615234,50.759883880615234,0.0
2015-06-11,50.759883880615234,50.759883880615234,50.759883880615234,50.759883880615234,0.0
2015-06-12,53.3225921979853,53.52859878540039,53.3225921979853,53.52859878540039,189.0
2015-06-15,53.52859878540039,53.52859878540039,53.52859878540039,53.52859878540039,0.0
2015-06-16,53.52859878540039,53.52859878540039,53.52859878540039,53.52859878540039,0.0
2015-06-17,53.52859878540039,53.52859878540039,53.52859878540039,53.52859878540039,0.0
2015-06-18,53.52859878540039,53.52859878540039,53.52859878540039,53.52859878540039,0.0
2015-06-19,53.52859878540039,53.52859878540039,53.52859878540039,53.52859878540039,0.0
2015-06-22,53.52859878540039,53.52859878540039,53.52859878540039,53.52859878540039,0.0
2015-06-23,55.25907038230454,55.25907038230454,55.127227783203125,55.127227783203125,1136.0
2015-06-24,55.127227783203125,55.127227783203125,55.127227783203125,55.127227783203125,0.0
2015-06-25,55.127227783203125,55.127227783203125,55.127227783203125,55.127227783203125,0.0
2015-06-26,54.467979431152344,54.467979431152344,54.467979431152344,54.467979431152344,23675.0
2015-06-29,54.467979431152344,54.467979431152344,54.467979431152344,54.467979431152344,0.0
2015-06-30,54.467979431152344,54.467979431152344,54.467979431152344,54.467979431152344,0.0
2015-07-01,54.467979431152344,54.467979431152344,54.467979431152344,54.467979431152344,0.0
2015-07-02,54.467979431152344,54.467979431152344,54.467979431152344,54.467979431152344,0.0
2015-07-06,54.467979431152344,54.467979431152344,54.467979431152344,54.467979431152344,0.0
2015-07-07,54.467979431152344,54.467979431152344,54.467979431152344,54.467979431152344,0.0
2015-07-08,54.467979431152344,54.467979431152344,54.467979431152344,54.467979431152344,0.0
2015-07-09,54.467979431152344,54.467979431152344,54.467979431152344,54.467979431152344,0.0
2015-07-10,54.467979431152344,54.467979431152344,54.467979431152344,54.467979431152344,0.0
2015-07-13,54.467979431152344,54.467979431152344,54.467979431152344,54.467979431152344,0.0
2015-07-14,54.83056174596997,56.280841827392585,54.83056174596997,56.28084182739258,758.0
2015-07-15,56.280841827392585,56.280841827392585,56.280841827392585,56.28084182739258,0.0
2015-07-16,56.1407585144043,56.1407585144043,56.1407585144043,56.1407585144043,95.0
2015-07-17,55.63810729980469,55.63810729980469,55.63810729980469,55.63810729980469,95.0
2015-07-20,55.63810729980469,55.63810729980469,55.63810729980469,55.63810729980469,0.0
2015-07-21,55.29203414916992,55.29203414916992,55.29203414916992,55.29203414916992,95.0
2015-07-22,54.30317687988281,54.30317687988281,54.30317687988281,54.30317687988281,379.0
2015-07-23,54.517427463929586,55.044803619384766,54.517427463929586,55.044803619384766,189.0
2015-07-24,54.088932037353516,54.088932037353516,54.088932037353516,54.088932037353516,284.0
2015-07-27,53.355567932128906,53.355567932128906,53.355567932128906,53.355567932128906,284.0
2015-07-28,53.355567932128906,53.355567932128906,53.355567932128906,53.355567932128906,0.0
2015-07-29,53.355567932128906,53.355567932128906,53.355567932128906,53.355567932128906,0.0
2015-07-30,53.355567932128906,53.355567932128906,53.355567932128906,53.355567932128906,0.0
2015-07-31,53.355567932128906,53.355567932128906,53.355567932128906,53.355567932128906,0.0
2015-08-03,54.55039596557617,54.55039596557617,54.55039596557617,54.55039596557617,1894.0
2015-08-04,54.55039596557617,54.55039596557617,54.55039596557617,54.55039596557617,0.0
2015-08-05,54.50920238157937,54.50920238157937,54.34439468383789,54.34439468383789,568.0
2015-08-06,54.34439468383789,54.34439468383789,54.34439468383789,54.34439468383789,0.0
2015-08-07,53.43796642610908,53.63573326796394,53.43796642610908,53.56156921386719,284.0
2015-08-10,53.56156921386719,53.56156921386719,53.56156921386719,53.56156921386719,0.0
2015-08-11,53.56156921386719,53.56156921386719,53.56156921386719,53.56156921386719,0.0
2015-08-12,53.56156921386719,53.56156921386719,53.56156921386719,53.56156921386719,0.0
2015-08-13,53.56156921386719,53.56156921386719,53.56156921386719,53.56156921386719,0.0
2015-08-14,53.56156921386719,53.56156921386719,53.56156921386719,53.56156921386719,0.0
2015-08-17,53.56156921386719,53.56156921386719,53.56156921386719,53.56156921386719,0.0
2015-08-18,53.56156921386719,53.56156921386719,53.56156921386719,53.56156921386719,0.0
2015-08-19,53.56156921386719,53.56156921386719,53.56156921386719,53.56156921386719,0.0
2015-08-20,53.56156921386719,53.56156921386719,53.56156921386719,53.56156921386719,0.0
2015-08-21,52.86115264892578,52.86115264892578,52.86115264892578,52.86115264892578,95.0
2015-08-24,52.86115264892578,52.86115264892578,52.86115264892578,52.86115264892578,0.0
2015-08-25,52.8199462890625,52.8199462890625,52.8199462890625,52.8199462890625,95.0
2015-08-26,52.16071319580078,52.16071319580078,52.16071319580078,52.16071319580078,95.0
2015-08-27,52.16071319580078,52.16071319580078,52.16071319580078,52.16071319580078,0.0
2015-08-28,52.16071319580078,52.16071319580078,52.16071319580078,52.16071319580078,0.0
2015-08-31,52.16071319580078,52.16071319580078,52.16071319580078,52.16071319580078,0.0
2015-09-01,52.16071319580078,52.16071319580078,52.16071319580078,52.16071319580078,0.0
2015-09-02,52.16071319580078,52.16071319580078,52.16071319580078,52.16071319580078,0.0
2015-09-03,52.16071319580078,52.16071319580078,52.16071319580078,52.16071319580078,0.0
2015-09-04,52.16071319580078,52.16071319580078,52.16071319580078,52.16071319580078,0.0
2015-09-08,52.16071319580078,52.16071319580078,52.16071319580078,52.16071319580078,0.0
2015-09-09,52.16071319580078,52.16071319580078,52.16071319580078,52.16071319580078,0.0
2015-09-10,53.553329424923625,53.56156921386719,53.553329424923625,53.56156921386719,758.0
2015-09-11,53.14956022906778,54.01478576660156,53.14956022906778,54.01478576660156,663.0
2015-09-14,54.01478576660156,54.01478576660156,54.01478576660156,54.01478576660156,0.0
2015-09-15,54.01478576660156,54.01478576660156,54.01478576660156,54.01478576660156,0.0
2015-09-16,54.01478576660156,54.01478576660156,54.01478576660156,54.01478576660156,0.0
2015-09-17,54.01478576660156,54.01478576660156,54.01478576660156,54.01478576660156,0.0
2015-09-18,54.01478576660156,54.01478576660156,54.01478576660156,54.01478576660156,0.0
2015-09-21,54.01478576660156,54.01478576660156,54.01478576660156,54.01478576660156,0.0
2015-09-22,54.01478576660156,54.01478576660156,54.01478576660156,54.01478576660156,0.0
2015-09-23,52.86115264892578,52.86115264892578,52.86115264892578,52.86115264892578,95.0
2015-09-24,52.86115264892578,52.86115264892578,52.86115264892578,52.86115264892578,0.0
2015-09-25,52.86115264892578,52.86115264892578,52.86115264892578,52.86115264892578,0.0
2015-09-28,52.86115264892578,52.86115264892578,52.86115264892578,52.86115264892578,0.0
2015-09-29,45.19770812988281,45.19770812988281,45.19770812988281,45.19770812988281,95.0
2015-09-30,47.9829216003418,47.9829216003418,47.9829216003418,47.9829216003418,189.0
2015-10-01,47.9829216003418,47.9829216003418,47.9829216003418,47.9829216003418,0.0
2015-10-02,46.17830670451484,46.17830670451484,46.153587341308594,46.153587341308594,947.0
2015-10-05,46.153587341308594,46.153587341308594,46.153587341308594,46.153587341308594,0.0
2015-10-06,46.153587341308594,46.153587341308594,46.153587341308594,46.153587341308594,0.0
2015-10-07,46.153587341308594,46.153587341308594,46.153587341308594,46.153587341308594,0.0
2015-10-08,46.153587341308594,46.153587341308594,46.153587341308594,46.153587341308594,0.0
2015-10-09,46.153587341308594,46.153587341308594,46.153587341308594,46.153587341308594,0.0
2015-10-12,46.153587341308594,46.153587341308594,46.153587341308594,46.153587341308594,0.0
2015-10-13,46.153587341308594,46.153587341308594,46.153587341308594,46.153587341308594,0.0
2015-10-14,46.153587341308594,46.153587341308594,46.153587341308594,46.153587341308594,0.0
2015-10-15,47.134185791015625,47.134185791015625,47.134185791015625,47.134185791015625,189.0
2015-10-16,47.134185791015625,47.134185791015625,47.134185791015625,47.134185791015625,0.0
2015-10-19,47.134185791015625,47.134185791015625,47.134185791015625,47.134185791015625,0.0
2015-10-20,47.134185791015625,47.134185791015625,47.134185791015625,47.134185791015625,0.0
2015-10-21,48.3537255151935,48.3537255151935,48.024116173755644,48.33724594116211,1231.0
2015-10-22,49.20628356933594,49.20628356933594,49.20628356933594,49.20628356933594,0.0
2015-10-23,49.20628356933594,49.20628356933594,49.20628356933594,49.20628356933594,0.0
2015-10-26,49.20628356933594,49.20628356933594,49.20628356933594,49.20628356933594,0.0
2015-10-27,48.25839174103324,48.25839174103324,48.250003814697266,48.250003814697266,1136.0
2015-10-28,48.250003814697266,48.250003814697266,48.250003814697266,48.250003814697266,0.0
2015-10-29,48.250003814697266,48.250003814697266,48.250003814697266,48.250003814697266,0.0
2015-10-30,48.250003814697266,48.250003814697266,48.250003814697266,48.250003814697266,0.0
2015-11-02,48.250003814697266,48.250003814697266,48.250003814697266,48.250003814697266,0.0
2015-11-03,49.35728682809835,49.35728682809835,48.97980880737305,48.97980880737305,284.0
2015-11-04,48.97980880737305,48.97980880737305,48.97980880737305,48.97980880737305,0.0
2015-11-05,48.97980880737305,48.97980880737305,48.97980880737305,48.97980880737305,0.0
2015-11-06,48.97980880737305,48.97980880737305,48.97980880737305,48.97980880737305,0.0
2015-11-09,48.97980880737305,48.97980880737305,48.97980880737305,48.97980880737305,0.0
2015-11-10,48.97980880737305,48.97980880737305,48.97980880737305,48.97980880737305,0.0
2015-11-11,48.97980880737305,48.97980880737305,48.97980880737305,48.97980880737305,0.0
2015-11-12,48.97980880737305,48.97980880737305,48.97980880737305,48.97980880737305,0.0
2015-11-13,45.40634536743164,45.40634536743164,45.40634536743164,45.40634536743164,95.0
2015-11-16,45.40634536743164,45.40634536743164,45.40634536743164,45.40634536743164,0.0
2015-11-17,45.40634536743164,45.40634536743164,45.40634536743164,45.40634536743164,0.0
2015-11-18,45.40634536743164,45.40634536743164,45.40634536743164,45.40634536743164,0.0
2015-11-19,45.40634536743164,45.40634536743164,45.40634536743164,45.40634536743164,0.0
2015-11-20,47.813819885253906,47.813819885253906,47.813819885253906,47.813819885253906,3977.0
2015-11-23,47.76348876953125,47.76348876953125,47.76348876953125,47.76348876953125,95.0
2015-11-24,47.76348876953125,47.76348876953125,47.76348876953125,47.76348876953125,0.0
2015-11-25,47.76348876953125,47.76348876953125,47.76348876953125,47.76348876953125,0.0
2015-11-27,47.76348876953125,47.76348876953125,47.76348876953125,47.76348876953125,0.0
2015-11-30,47.76348876953125,47.76348876953125,47.76348876953125,47.76348876953125,0.0
2015-12-01,48.81203079223633,48.81203079223633,48.81203079223633,48.81203079223633,284.0
2015-12-02,48.81203079223633,48.81203079223633,48.81203079223633,48.81203079223633,0.0
2015-12-03,48.81203079223633,48.81203079223633,48.81203079223633,48.81203079223633,0.0
2015-12-04,48.81203079223633,48.81203079223633,48.81203079223633,48.81203079223633,0.0
2015-12-07,48.81203079223633,48.81203079223633,48.81203079223633,48.81203079223633,0.0
2015-12-08,48.81203079223633,48.81203079223633,48.81203079223633,48.81203079223633,0.0
2015-12-09,48.81203079223633,48.81203079223633,48.81203079223633,48.81203079223633,0.0
2015-12-10,48.81203079223633,48.81203079223633,48.81203079223633,48.81203079223633,0.0
2015-12-11,48.81203079223633,48.81203079223633,48.81203079223633,48.81203079223633,0.0
2015-12-14,48.81203079223633,48.81203079223633,48.81203079223633,48.81203079223633,0.0
2015-12-15,46.798824310302734,46.798824310302734,46.798824310302734,46.798824310302734,189.0
2015-12-16,46.67298823132662,46.70654296875,46.67298823132662,46.70654296875,189.0
2015-12-17,46.05225372314453,46.05225372314453,46.05225372314453,46.05225372314453,95.0
2015-12-18,46.05225372314453,46.05225372314453,46.05225372314453,46.05225372314453,0.0
2015-12-21,46.05225372314453,46.05225372314453,46.05225372314453,46.05225372314453,0.0
2015-12-22,45.263755798339844,45.263755798339844,45.263755798339844,45.263755798339844,1231.0
2015-12-23,46.052256871333526,46.085811614990234,46.052256871333526,46.085811614990234,284.0
2015-12-24,46.085811614990234,46.085811614990234,46.085811614990234,46.085811614990234,0.0
2015-12-28,44.63461685180664,44.63461685180664,44.63461685180664,44.63461685180664,474.0
2015-12-29,46.371009826660156,46.371009826660156,46.371009826660156,46.371009826660156,284.0
2015-12-30,46.371009826660156,46.371009826660156,46.371009826660156,46.371009826660156,0.0
2015-12-31,46.371009826660156,46.371009826660156,46.371009826660156,46.371009826660156,0.0
2016-01-04,46.371009826660156,46.371009826660156,46.371009826660156,46.371009826660156,0.0
2016-01-05,46.371009826660156,46.371009826660156,46.371009826660156,46.371009826660156,0.0
2016-01-06,46.371009826660156,46.371009826660156,46.371009826660156,46.371009826660156,0.0
2016-01-07,46.371009826660156,46.371009826660156,46.371009826660156,46.371009826660156,0.0
2016-01-08,46.371009826660156,46.371009826660156,46.371009826660156,46.371009826660156,0.0
2016-01-11,46.371009826660156,46.371009826660156,46.371009826660156,46.371009826660156,0.0
2016-01-12,41.673514553288875,41.673514553288875,41.522525787353516,41.522525787353516,284.0
2016-01-13,41.522525787353516,41.522525787353516,41.522525787353516,41.522525787353516,0.0
2016-01-14,41.522525787353516,41.522525787353516,41.522525787353516,41.522525787353516,0.0
2016-01-15,41.522525787353516,41.522525787353516,41.522525787353516,41.522525787353516,0.0
2016-01-19,41.522525787353516,41.522525787353516,41.522525787353516,41.522525787353516,2083.0
2016-01-20,41.522525787353516,41.522525787353516,41.522525787353516,41.522525787353516,0.0
2016-01-21,41.522525787353516,41.522525787353516,41.522525787353516,41.522525787353516,0.0
2016-01-22,41.522525787353516,41.522525787353516,41.522525787353516,41.522525787353516,0.0
2016-01-25,40.79274223259339,40.79274223259339,40.59980773925781,40.59980773925781,1799.0
2016-01-26,41.136653900146484,41.136653900146484,41.136653900146484,41.136653900146484,95.0
2016-01-27,41.136653900146484,41.136653900146484,41.136653900146484,41.136653900146484,0.0
2016-01-28,41.136653900146484,41.136653900146484,41.136653900146484,41.136653900146484,0.0
2016-01-29,41.136653900146484,41.136653900146484,41.136653900146484,41.136653900146484,0.0
2016-02-01,41.136653900146484,41.136653900146484,41.136653900146484,41.136653900146484,0.0
2016-02-02,41.136653900146484,41.136653900146484,41.136653900146484,41.136653900146484,0.0
2016-02-03,41.136653900146484,41.136653900146484,41.136653900146484,41.136653900146484,0.0
2016-02-04,41.136653900146484,41.136653900146484,41.136653900146484,41.136653900146484,0.0
2016-02-05,41.136653900146484,41.136653900146484,41.136653900146484,41.136653900146484,0.0
2016-02-08,41.136653900146484,41.136653900146484,41.136653900146484,41.136653900146484,0.0
2016-02-09,41.136653900146484,41.136653900146484,41.136653900146484,41.136653900146484,0.0
2016-02-10,41.136653900146484,41.136653900146484,41.136653900146484,41.136653900146484,0.0
2016-02-11,41.136653900146484,41.136653900146484,41.136653900146484,41.136653900146484,0.0
2016-02-12,41.136653900146484,41.136653900146484,41.136653900146484,41.136653900146484,0.0
2016-02-16,42.02582931518555,42.02582931518555,42.02582931518555,42.02582931518555,95.0
2016-02-17,42.02582931518555,42.02582931518555,42.02582931518555,42.02582931518555,0.0
2016-02-18,42.02582931518555,42.02582931518555,42.02582931518555,42.02582931518555,0.0
2016-02-19,43.21698760986328,43.21698760986328,43.21698760986328,43.21698760986328,189.0
2016-02-22,43.21698760986328,43.21698760986328,43.21698760986328,43.21698760986328,189.0
2016-02-23,43.21698760986328,43.21698760986328,43.21698760986328,43.21698760986328,0.0
2016-02-24,41.73223078395705,42.361358642578125,41.71545189963403,42.361358642578125,852.0
2016-02-25,42.361358642578125,42.361358642578125,42.361358642578125,42.361358642578125,3125.0
2016-02-26,42.361358642578125,42.361358642578125,42.361358642578125,42.361358642578125,0.0
2016-02-29,42.361358642578125,42.361358642578125,42.361358642578125,42.361358642578125,0.0
2016-03-01,43.4937858581543,43.4937858581543,43.4937858581543,43.4937858581543,189.0
2016-03-02,44.23197555541992,44.23197555541992,44.23197555541992,44.23197555541992,189.0
2016-03-03,45.171470803628694,45.58250045776367,45.171470803628694,45.58250045776367,284.0
2016-03-04,46.454891204833984,46.454891204833984,46.454891204833984,46.454891204833984,95.0
2016-03-07,46.454891204833984,46.454891204833984,46.454891204833984,46.454891204833984,0.0
2016-03-08,45.04565269109513,45.75866909988708,44.71011734008789,44.71011734008789,1705.0
2016-03-09,44.71011734008789,44.71011734008789,44.71011734008789,44.71011734008789,0.0
2016-03-10,44.71011734008789,44.71011734008789,44.71011734008789,44.71011734008789,0.0
2016-03-11,44.71011734008789,44.71011734008789,44.71011734008789,44.71011734008789,0.0
2016-03-14,44.71011734008789,44.71011734008789,44.71011734008789,44.71011734008789,0.0
2016-03-15,44.71011734008789,44.71011734008789,44.71011734008789,44.71011734008789,0.0
2016-03-16,45.29729461669922,45.29729461669922,45.29729461669922,45.29729461669922,474.0
2016-03-17,46.6730028897003,46.69816970825195,46.6730028897003,46.69816970825195,379.0
2016-03-18,46.773662569013176,46.773662569013176,46.547176361083984,46.547176361083984,1421.0
2016-03-21,46.31229234728418,46.31229234728418,45.97675704956055,45.97675704956055,1231.0
2016-03-22,45.97675704956055,45.97675704956055,45.97675704956055,45.97675704956055,0.0
2016-03-23,45.97675704956055,45.97675704956055,45.97675704956055,45.97675704956055,7292.0
2016-03-24,45.97675704956055,45.97675704956055,45.97675704956055,45.97675704956055,0.0
2016-03-28,46.2368049621582,46.2368049621582,46.2368049621582,46.2368049621582,95.0
2016-03-29,46.2368049621582,46.2368049621582,46.2368049621582,46.2368049621582,0.0
2016-03-30,46.2368049621582,46.2368049621582,46.2368049621582,46.2368049621582,0.0
2016-03-31,48.00450284822895,48.046810150146484,48.00450284822895,48.046810150146484,1136.0
2016-04-01,48.046810150146484,48.046810150146484,48.046810150146484,48.046810150146484,0.0
2016-04-04,48.046810150146484,48.046810150146484,48.046810150146484,48.046810150146484,0.0
2016-04-05,48.046810150146484,48.046810150146484,48.046810150146484,48.046810150146484,0.0
2016-04-06,46.87905502319336,46.87905502319336,46.87905502319336,46.87905502319336,189.0
2016-04-07,46.87905502319336,46.87905502319336,46.87905502319336,46.87905502319336,0.0
2016-04-08,47.02291957722738,47.090614318847656,47.00599665604382,47.090614318847656,758.0
2016-04-11,47.090614318847656,47.090614318847656,47.090614318847656,47.090614318847656,0.0
2016-04-12,47.090614318847656,47.090614318847656,47.090614318847656,47.090614318847656,0.0
2016-04-13,47.090614318847656,47.090614318847656,47.090614318847656,47.090614318847656,0.0
2016-04-14,47.10753715015746,47.10753715015746,46.743672970814565,46.98060607910156,10322.0
2016-04-15,46.98060607910156,46.98060607910156,46.98060607910156,46.98060607910156,0.0
2016-04-18,46.98060607910156,46.98060607910156,46.98060607910156,46.98060607910156,0.0
2016-04-19,46.98060607910156,46.98060607910156,46.98060607910156,46.98060607910156,0.0
2016-04-20,46.98060607910156,46.98060607910156,46.98060607910156,46.98060607910156,0.0
2016-04-21,46.98060607910156,46.98060607910156,46.98060607910156,46.98060607910156,0.0
2016-04-22,46.98060607910156,46.98060607910156,46.98060607910156,46.98060607910156,0.0
2016-04-25,46.98060607910156,46.98060607910156,46.98060607910156,46.98060607910156,0.0
2016-04-26,46.98060607910156,46.98060607910156,46.98060607910156,46.98060607910156,0.0
2016-04-27,46.98060607910156,46.98060607910156,46.98060607910156,46.98060607910156,0.0
2016-04-28,46.98060607910156,46.98060607910156,46.98060607910156,46.98060607910156,0.0
2016-04-29,46.98060607910156,46.98060607910156,46.98060607910156,46.98060607910156,0.0
2016-05-02,46.98060607910156,46.98060607910156,46.98060607910156,46.98060607910156,0.0
2016-05-03,46.98060607910156,46.98060607910156,46.98060607910156,46.98060607910156,0.0
2016-05-04,46.98060607910156,46.98060607910156,46.98060607910156,46.98060607910156,0.0
2016-05-05,46.98060607910156,46.98060607910156,46.98060607910156,46.98060607910156,0.0
2016-05-06,46.98060607910156,46.98060607910156,46.98060607910156,46.98060607910156,0.0
2016-05-09,46.98060607910156,46.98060607910156,46.98060607910156,46.98060607910156,0.0
2016-05-10,47.68294143676758,47.68294143676758,47.68294143676758,47.68294143676758,379.0
2016-05-11,47.68294143676758,47.68294143676758,47.68294143676758,47.68294143676758,0.0
2016-05-12,47.68294143676758,47.68294143676758,47.68294143676758,47.68294143676758,0.0
2016-05-13,47.68294143676758,47.68294143676758,47.68294143676758,47.68294143676758,0.0
2016-05-16,47.572944676121296,47.76757049560547,47.572944676121296,47.76757049560547,663.0
2016-05-17,47.76757049560547,47.76757049560547,47.76757049560547,47.76757049560547,0.0
2016-05-18,48.6560581557966,48.84222247057902,48.6560581557966,48.7745246887207,568.0
2016-05-19,48.7745246887207,48.7745246887207,48.7745246887207,48.7745246887207,0.0
2016-05-20,48.7745246887207,48.7745246887207,48.7745246887207,48.7745246887207,0.0
2016-05-23,48.7745246887207,48.7745246887207,48.7745246887207,48.7745246887207,0.0
2016-05-24,48.7745246887207,48.7745246887207,48.7745246887207,48.7745246887207,0.0
2016-05-25,48.7745246887207,48.7745246887207,48.7745246887207,48.7745246887207,0.0
2016-05-26,50.619239807128906,50.619239807128906,50.619239807128906,50.619239807128906,947.0
2016-05-27,50.619239807128906,50.619239807128906,50.619239807128906,50.619239807128906,0.0
2016-05-31,50.619239807128906,50.619239807128906,50.619239807128906,50.619239807128906,0.0
2016-06-01,50.619239807128906,50.619239807128906,50.619239807128906,50.619239807128906,0.0
2016-06-02,46.362876892089844,46.362876892089844,46.362876892089844,46.362876892089844,3125.0
2016-06-03,46.362876892089844,46.362876892089844,46.362876892089844,46.362876892089844,0.0
2016-06-06,45.27129364013672,45.27129364013672,45.27129364013672,45.27129364013672,189.0
2016-06-07,45.27129364013672,45.27129364013672,45.27129364013672,45.27129364013672,0.0
2016-06-08,45.27129364013672,45.27129364013672,45.27129364013672,45.27129364013672,0.0
2016-06-09,45.27129364013672,45.27129364013672,45.27129364013672,45.27129364013672,0.0
2016-06-10,45.27129364013672,45.27129364013672,45.27129364013672,45.27129364013672,0.0
2016-06-13,45.27129364013672,45.27129364013672,45.27129364013672,45.27129364013672,0.0
2016-06-14,45.27129364013672,45.27129364013672,45.27129364013672,45.27129364013672,0.0
2016-06-15,45.27129364013672,45.27129364013672,45.27129364013672,45.27129364013672,0.0
2016-06-16,41.8526725769043,41.8526725769043,41.8526725769043,41.8526725769043,758.0
2016-06-17,44.50972861755424,44.50972861755424,44.20509769222391,44.39126205444336,852.0
2016-06-20,44.39126205444336,44.39126205444336,44.39126205444336,44.39126205444336,0.0
2016-06-21,44.39126205444336,44.39126205444336,44.39126205444336,44.39126205444336,0.0
2016-06-22,44.39126205444336,44.39126205444336,44.39126205444336,44.39126205444336,0.0
2016-06-23,44.39126205444336,44.39126205444336,44.39126205444336,44.39126205444336,0.0
2016-06-24,44.39126205444336,44.39126205444336,44.39126205444336,44.39126205444336,0.0
2016-06-27,44.39126205444336,44.39126205444336,44.39126205444336,44.39126205444336,0.0
2016-06-28,41.44649759109895,41.666507720947266,41.44649759109895,41.666507720947266,1705.0
2016-06-29,42.95273070778824,43.25735855102539,42.95273070778824,43.25735855102539,852.0
2016-06-30,43.25735855102539,43.25735855102539,43.25735855102539,43.25735855102539,0.0
2016-07-01,43.25735855102539,43.25735855102539,43.25735855102539,43.25735855102539,0.0
2016-07-05,43.25735855102539,43.25735855102539,43.25735855102539,43.25735855102539,0.0
2016-07-06,43.25735855102539,43.25735855102539,43.25735855102539,43.25735855102539,0.0
2016-07-07,43.25735855102539,43.25735855102539,43.25735855102539,43.25735855102539,0.0
2016-07-08,43.25735855102539,43.25735855102539,43.25735855102539,43.25735855102539,0.0
2016-07-11,43.25735855102539,43.25735855102539,43.25735855102539,43.25735855102539,0.0
2016-07-12,43.25735855102539,43.25735855102539,43.25735855102539,43.25735855102539,0.0
2016-07-13,43.25735855102539,43.25735855102539,43.25735855102539,43.25735855102539,0.0
2016-07-14,43.25735855102539,43.25735855102539,43.25735855102539,43.25735855102539,0.0
2016-07-15,43.25735855102539,43.25735855102539,43.25735855102539,43.25735855102539,0.0
2016-07-18,45.60977554321289,45.60977554321289,45.60977554321289,45.60977554321289,189.0
2016-07-19,45.60977554321289,45.60977554321289,45.60977554321289,45.60977554321289,0.0
2016-07-20,45.60977554321289,45.60977554321289,45.60977554321289,45.60977554321289,0.0
2016-07-21,45.60977554321289,45.60977554321289,45.60977554321289,45.60977554321289,0.0
2016-07-22,45.60977554321289,45.60977554321289,45.60977554321289,45.60977554321289,0.0
2016-07-25,45.60977554321289,45.60977554321289,45.60977554321289,45.60977554321289,0.0
2016-07-26,45.55054381545125,45.567466735839844,45.55054381545125,45.567466735839844,474.0
2016-07-27,45.567466735839844,45.567466735839844,45.567466735839844,45.567466735839844,0.0
2016-07-28,45.567466735839844,45.567466735839844,45.567466735839844,45.567466735839844,0.0
2016-07-29,45.567466735839844,45.567466735839844,45.567466735839844,45.567466735839844,0.0
2016-08-01,45.567466735839844,45.567466735839844,45.567466735839844,45.567466735839844,0.0
2016-08-02,45.567466735839844,45.567466735839844,45.567466735839844,45.567466735839844,0.0
2016-08-03,46.5575065612793,46.5575065612793,46.5575065612793,46.5575065612793,189.0
2016-08-04,46.5575065612793,46.5575065612793,46.5575065612793,46.5575065612793,0.0
2016-08-05,45.82132514642461,46.7098274230957,45.82132514642461,46.7098274230957,474.0
2016-08-08,46.7098274230957,46.7098274230957,46.7098274230957,46.7098274230957,0.0
2016-08-09,46.7098274230957,46.7098274230957,46.7098274230957,46.7098274230957,0.0
2016-08-10,46.7098274230957,46.7098274230957,46.7098274230957,46.7098274230957,0.0
2016-08-11,46.7098274230957,46.7098274230957,46.7098274230957,46.7098274230957,0.0
2016-08-12,46.7098274230957,46.7098274230957,46.7098274230957,46.7098274230957,0.0
2016-08-15,46.7098274230957,46.7098274230957,46.7098274230957,46.7098274230957,0.0
2016-08-16,46.7098274230957,46.7098274230957,46.7098274230957,46.7098274230957,0.0
2016-08-17,46.7098274230957,46.7098274230957,46.7098274230957,46.7098274230957,0.0
2016-08-18,47.38677978515625,47.38677978515625,47.38677978515625,47.38677978515625,189.0
2016-08-19,47.38677978515625,47.38677978515625,47.38677978515625,47.38677978515625,0.0
2016-08-22,47.38677978515625,47.38677978515625,47.38677978515625,47.38677978515625,0.0
2016-08-23,48.1652688374177,48.23296356201172,48.1652688374177,48.23296356201172,758.0
2016-08-24,48.23296356201172,48.23296356201172,48.23296356201172,48.23296356201172,0.0
2016-08-25,47.82679748535156,47.82679748535156,47.82679748535156,47.82679748535156,95.0
2016-08-26,47.82679748535156,47.82679748535156,47.82679748535156,47.82679748535156,0.0
2016-08-29,47.82679748535156,47.82679748535156,47.82679748535156,47.82679748535156,0.0
2016-08-30,47.82679748535156,47.82679748535156,47.82679748535156,47.82679748535156,0.0
2016-08-31,48.65606689453125,48.65606689453125,48.65606689453125,48.65606689453125,474.0
2016-09-01,49.3583984375,49.3583984375,49.3583984375,49.3583984375,474.0
2016-09-02,49.3583984375,49.3583984375,49.3583984375,49.3583984375,0.0
2016-09-06,50.11997985839844,50.11997985839844,50.11997985839844,50.11997985839844,474.0
2016-09-07,50.0692024230957,50.0692024230957,50.0692024230957,50.0692024230957,284.0
2016-09-08,50.0692024230957,50.0692024230957,50.0692024230957,50.0692024230957,0.0
2016-09-09,50.0692024230957,50.0692024230957,50.0692024230957,50.0692024230957,0.0
2016-09-12,50.0692024230957,50.0692024230957,50.0692024230957,50.0692024230957,0.0
2016-09-13,50.0692024230957,50.0692024230957,50.0692024230957,50.0692024230957,0.0
2016-09-14,48.309120178222656,48.309120178222656,48.309120178222656,48.309120178222656,189.0
2016-09-15,48.309120178222656,48.309120178222656,48.309120178222656,48.309120178222656,0.0
2016-09-16,48.309120178222656,48.309120178222656,48.309120178222656,48.309120178222656,0.0
2016-09-19,48.49529266357422,48.49529266357422,48.49529266357422,48.49529266357422,95.0
2016-09-20,48.49529266357422,48.49529266357422,48.49529266357422,48.49529266357422,0.0
2016-09-21,48.49529266357422,48.49529266357422,48.49529266357422,48.49529266357422,0.0
2016-09-22,48.782997131347656,48.782997131347656,48.782997131347656,48.782997131347656,95.0
2016-09-23,48.782997131347656,48.782997131347656,48.782997131347656,48.782997131347656,0.0
2016-09-26,48.782997131347656,48.782997131347656,48.782997131347656,48.782997131347656,0.0
2016-09-27,48.782997131347656,48.782997131347656,48.782997131347656,48.782997131347656,0.0
2016-09-28,48.782997131347656,48.782997131347656,48.782997131347656,48.782997131347656,0.0
2016-09-29,48.782997131347656,48.782997131347656,48.782997131347656,48.782997131347656,0.0
2016-09-30,48.782997131347656,48.782997131347656,48.782997131347656,48.782997131347656,0.0
2016-10-03,48.782997131347656,48.782997131347656,48.782997131347656,48.782997131347656,0.0
2016-10-04,48.65606689453125,48.65606689453125,48.65606689453125,48.65606689453125,189.0
2016-10-05,48.65606689453125,48.65606689453125,48.65606689453125,48.65606689453125,0.0
2016-10-06,48.65606689453125,48.65606689453125,48.65606689453125,48.65606689453125,0.0
2016-10-07,48.65606689453125,48.65606689453125,48.65606689453125,48.65606689453125,0.0
2016-10-10,47.58985404641671,47.58985404641671,47.344459533691406,47.344459533691406,1326.0
2016-10-11,46.963680267333984,46.963680267333984,46.963680267333984,46.963680267333984,95.0
2016-10-12,46.963680267333984,46.963680267333984,46.963680267333984,46.963680267333984,0.0
2016-10-13,46.963680267333984,46.963680267333984,46.963680267333984,46.963680267333984,0.0
2016-10-14,46.963680267333984,46.963680267333984,46.963680267333984,46.963680267333984,0.0
2016-10-17,46.963680267333984,46.963680267333984,46.963680267333984,46.963680267333984,0.0
2016-10-18,46.963680267333984,46.963680267333984,46.963680267333984,46.963680267333984,0.0
2016-10-19,46.963680267333984,46.963680267333984,46.963680267333984,46.963680267333984,0.0
2016-10-20,46.963680267333984,46.963680267333984,46.963680267333984,46.963680267333984,0.0
2016-10-21,46.963680267333984,46.963680267333984,46.963680267333984,46.963680267333984,0.0
2016-10-24,46.04132843017578,46.04132843017578,46.04132843017578,46.04132843017578,284.0
2016-10-25,46.11749989017128,46.11749989017128,45.846717834472656,45.846717834472656,189.0
2016-10-26,44.98359122518398,44.98359122518398,44.848201751708984,44.848201751708984,284.0
2016-10-27,45.550350189208984,45.550350189208984,45.550350189208984,45.550350189208984,0.0
2016-10-28,45.550350189208984,45.550350189208984,45.550350189208984,45.550350189208984,0.0
2016-10-31,44.34714034230584,44.39011001586914,44.34714034230584,44.39011001586914,3030.0
2016-11-01,44.39011001586914,44.39011001586914,44.39011001586914,44.39011001586914,0.0
2016-11-02,44.39011001586914,44.39011001586914,44.39011001586914,44.39011001586914,0.0
2016-11-03,44.39011001586914,44.39011001586914,44.39011001586914,44.39011001586914,0.0
2016-11-04,44.39011001586914,44.39011001586914,44.39011001586914,44.39011001586914,0.0
2016-11-07,44.39011001586914,44.39011001586914,44.39011001586914,44.39011001586914,0.0
2016-11-08,44.39011001586914,44.39011001586914,44.39011001586914,44.39011001586914,0.0
2016-11-09,44.39011001586914,44.39011001586914,44.39011001586914,44.39011001586914,0.0
2016-11-10,49.46082123627407,49.675682067871094,49.46082123627407,49.675682067871094,1042.0
2016-11-11,49.675682067871094,49.675682067871094,49.675682067871094,49.675682067871094,0.0
2016-11-14,49.675682067871094,49.675682067871094,49.675682067871094,49.675682067871094,0.0
2016-11-15,49.675682067871094,49.675682067871094,49.675682067871094,49.675682067871094,0.0
2016-11-16,49.675682067871094,49.675682067871094,49.675682067871094,49.675682067871094,0.0
2016-11-17,49.675682067871094,49.675682067871094,49.675682067871094,49.675682067871094,0.0
2016-11-18,49.675682067871094,49.675682067871094,49.675682067871094,49.675682067871094,0.0
2016-11-21,49.675682067871094,49.675682067871094,49.675682067871094,49.675682067871094,0.0
2016-11-22,49.675682067871094,49.675682067871094,49.675682067871094,49.675682067871094,0.0
2016-11-23,49.80458450317383,49.80458450317383,49.80458450317383,49.80458450317383,379.0
2016-11-25,49.80458450317383,49.80458450317383,49.80458450317383,49.80458450317383,0.0
2016-11-28,49.5467529296875,49.5467529296875,49.5467529296875,49.5467529296875,284.0
2016-11-29,49.5467529296875,49.5467529296875,49.5467529296875,49.5467529296875,0.0
2016-11-30,49.6327018737793,49.6327018737793,49.6327018737793,49.6327018737793,95.0
2016-12-01,49.6327018737793,49.6327018737793,49.6327018737793,49.6327018737793,0.0
2016-12-02,49.6327018737793,49.6327018737793,49.6327018737793,49.6327018737793,0.0
2016-12-05,51.09375,51.09375,51.09375,51.09375,379.0
2016-12-06,51.09375,51.09375,51.09375,51.09375,0.0
2016-12-07,52.42589569091797,52.42589569091797,52.42589569091797,52.42589569091797,1042.0
2016-12-08,52.42589569091797,52.42589569091797,52.42589569091797,52.42589569091797,0.0
2016-12-09,53.457218170166016,53.457218170166016,53.457218170166016,53.457218170166016,284.0
2016-12-12,53.54317092895508,53.54317092895508,53.54317092895508,53.54317092895508,2462.0
2016-12-13,53.54317092895508,53.54317092895508,53.54317092895508,53.54317092895508,0.0
2016-12-14,53.54317092895508,53.54317092895508,53.54317092895508,53.54317092895508,1894.0
2016-12-15,53.54317092895508,53.54317092895508,53.54317092895508,53.54317092895508,0.0
2016-12-16,53.54317092895508,53.54317092895508,53.54317092895508,53.54317092895508,0.0
2016-12-19,53.54317092895508,53.54317092895508,53.54317092895508,53.54317092895508,0.0
2016-12-20,53.54317092895508,53.54317092895508,53.54317092895508,53.54317092895508,0.0
2016-12-21,53.54317092895508,53.54317092895508,53.54317092895508,53.54317092895508,0.0
2016-12-22,52.12508010864258,52.12508010864258,52.12508010864258,52.12508010864258,474.0
2016-12-23,52.12508010864258,52.12508010864258,52.12508010864258,52.12508010864258,0.0
2016-12-27,51.73832244175004,51.73832244175004,51.53205871582031,51.53205871582031,379.0
2016-12-28,51.82427978515625,51.82427978515625,51.82427978515625,51.82427978515625,189.0
2016-12-29,51.82427978515625,51.82427978515625,51.82427978515625,51.82427978515625,0.0
2016-12-30,51.82427978515625,51.82427978515625,51.82427978515625,51.82427978515625,0.0
2017-01-03,51.82427978515625,51.82427978515625,51.82427978515625,51.82427978515625,0.0
2017-01-04,51.82427978515625,51.82427978515625,51.82427978515625,51.82427978515625,0.0
2017-01-05,52.769657135009766,52.769657135009766,52.769657135009766,52.769657135009766,189.0
2017-01-06,52.769657135009766,52.769657135009766,52.769657135009766,52.769657135009766,0.0
2017-01-09,52.769657135009766,52.769657135009766,52.769657135009766,52.769657135009766,0.0
2017-01-10,52.769657135009766,52.769657135009766,52.769657135009766,52.769657135009766,0.0
2017-01-11,52.21103286743164,52.21103286743164,52.21103286743164,52.21103286743164,15626.0
2017-01-12,52.21103286743164,52.21103286743164,52.21103286743164,52.21103286743164,0.0
2017-01-13,52.21103286743164,52.21103286743164,52.21103286743164,52.21103286743164,0.0
2017-01-17,51.69536209106445,51.69536209106445,51.69536209106445,51.69536209106445,379.0
2017-01-18,51.69536209106445,51.69536209106445,51.69536209106445,51.69536209106445,0.0
2017-01-19,51.69536209106445,51.69536209106445,51.69536209106445,51.69536209106445,0.0
2017-01-20,52.12508010864258,52.12508010864258,52.12508010864258,52.12508010864258,379.0
2017-01-23,52.12508010864258,52.12508010864258,52.12508010864258,52.12508010864258,0.0
2017-01-24,52.12508010864258,52.12508010864258,52.12508010864258,52.12508010864258,0.0
2017-01-25,52.12508010864258,52.12508010864258,52.12508010864258,52.12508010864258,0.0
2017-01-26,53.457218170166016,53.457218170166016,53.457218170166016,53.457218170166016,189.0
2017-01-27,53.457218170166016,53.457218170166016,53.457218170166016,53.457218170166016,0.0
2017-01-30,53.457218170166016,53.457218170166016,53.457218170166016,53.457218170166016,0.0
2017-01-31,53.457218170166016,53.457218170166016,53.457218170166016,53.457218170166016,0.0
2017-02-01,53.457218170166016,53.457218170166016,53.457218170166016,53.457218170166016,0.0
2017-02-02,53.457218170166016,53.457218170166016,53.457218170166016,53.457218170166016,0.0
2017-02-03,53.070465087890625,53.070465087890625,53.070465087890625,53.070465087890625,8334.0
2017-02-06,52.683712005615234,52.683712005615234,52.683712005615234,52.683712005615234,189.0
2017-02-07,52.683712005615234,52.683712005615234,52.683712005615234,52.683712005615234,0.0
2017-02-08,52.683712005615234,52.683712005615234,52.683712005615234,52.683712005615234,0.0
2017-02-09,53.242366790771484,53.242366790771484,53.242366790771484,53.242366790771484,189.0
2017-02-10,53.242366790771484,53.242366790771484,53.242366790771484,53.242366790771484,0.0
2017-02-13,54.10179138183594,54.10179138183594,54.10179138183594,54.10179138183594,568.0
2017-02-14,53.800994873046875,53.800994873046875,53.800994873046875,53.800994873046875,95.0
2017-02-15,53.800994873046875,53.800994873046875,53.800994873046875,53.800994873046875,0.0
2017-02-16,53.800994873046875,53.800994873046875,53.800994873046875,53.800994873046875,0.0
2017-02-17,53.800994873046875,53.800994873046875,53.800994873046875,53.800994873046875,0.0
2017-02-21,53.800994873046875,53.800994873046875,53.800994873046875,53.800994873046875,0.0
2017-02-22,53.800994873046875,53.800994873046875,53.800994873046875,53.800994873046875,947.0
2017-02-23,53.800994873046875,53.800994873046875,53.800994873046875,53.800994873046875,0.0
2017-02-24,53.800994873046875,53.800994873046875,53.800994873046875,53.800994873046875,0.0
2017-02-27,53.800994873046875,53.800994873046875,53.800994873046875,53.800994873046875,0.0
2017-02-28,53.800994873046875,53.800994873046875,53.800994873046875,53.800994873046875,0.0
2017-03-01,53.800994873046875,53.800994873046875,53.800994873046875,53.800994873046875,0.0
2017-03-02,53.800994873046875,53.800994873046875,53.800994873046875,53.800994873046875,0.0
2017-03-03,52.42589569091797,52.42589569091797,52.42589569091797,52.42589569091797,95.0
2017-03-06,52.42589569091797,52.42589569091797,52.42589569091797,52.42589569091797,0.0
2017-03-07,52.42589569091797,52.42589569091797,52.42589569091797,52.42589569091797,0.0
2017-03-08,52.42589569091797,52.42589569091797,52.42589569091797,52.42589569091797,0.0
2017-03-09,52.42589569091797,52.42589569091797,52.42589569091797,52.42589569091797,0.0
2017-03-10,52.42589569091797,52.42589569091797,52.42589569091797,52.42589569091797,0.0
2017-03-13,52.42589569091797,52.42589569091797,52.42589569091797,52.42589569091797,0.0
2017-03-14,52.38291979742059,52.42589569091797,52.38291979742059,52.42589569091797,379.0
2017-03-15,53.758026123046875,53.758026123046875,53.758026123046875,53.758026123046875,568.0
2017-03-16,53.758026123046875,53.758026123046875,53.758026123046875,53.758026123046875,0.0
2017-03-17,53.758026123046875,53.758026123046875,53.758026123046875,53.758026123046875,0.0
2017-03-20,53.758026123046875,53.758026123046875,53.758026123046875,53.758026123046875,0.0
2017-03-21,53.758026123046875,53.758026123046875,53.758026123046875,53.758026123046875,0.0
2017-03-22,53.758026123046875,53.758026123046875,53.758026123046875,53.758026123046875,947.0
2017-03-23,53.758026123046875,53.758026123046875,53.758026123046875,53.758026123046875,0.0
2017-03-24,53.758026123046875,53.758026123046875,53.758026123046875,53.758026123046875,0.0
2017-03-27,53.758026123046875,53.758026123046875,53.758026123046875,53.758026123046875,0.0
2017-03-28,53.758026123046875,53.758026123046875,53.758026123046875,53.758026123046875,0.0
2017-03-29,53.758026123046875,53.758026123046875,53.758026123046875,53.758026123046875,0.0
2017-03-30,53.758026123046875,53.758026123046875,53.758026123046875,53.758026123046875,0.0
2017-03-31,53.758026123046875,53.758026123046875,53.758026123046875,53.758026123046875,0.0
2017-04-03,53.758026123046875,53.758026123046875,53.758026123046875,53.758026123046875,0.0
2017-04-04,53.758026123046875,53.758026123046875,53.758026123046875,53.758026123046875,0.0
2017-04-05,53.758026123046875,53.758026123046875,53.758026123046875,53.758026123046875,0.0
2017-04-06,54.1545524597168,54.1545524597168,54.1545524597168,54.1545524597168,0.0
2017-04-07,54.1545524597168,54.1545524597168,54.1545524597168,54.1545524597168,0.0
2017-04-10,54.1545524597168,54.1545524597168,54.1545524597168,54.1545524597168,0.0
2017-04-11,54.1545524597168,54.1545524597168,54.1545524597168,54.1545524597168,0.0
2017-04-12,54.1545524597168,54.1545524597168,54.1545524597168,54.1545524597168,0.0
2017-04-13,54.1545524597168,54.1545524597168,54.1545524597168,54.1545524597168,0.0
2017-04-17,54.1545524597168,54.1545524597168,54.1545524597168,54.1545524597168,0.0
2017-04-18,54.1545524597168,54.1545524597168,54.1545524597168,54.1545524597168,0.0
2017-04-19,53.31473922729492,53.31473922729492,53.31473922729492,53.31473922729492,95.0
2017-04-20,53.851531982421875,53.851531982421875,53.851531982421875,53.851531982421875,189.0
2017-04-21,53.851531982421875,53.851531982421875,53.851531982421875,53.851531982421875,0.0
2017-04-24,54.241119384765625,54.241119384765625,54.241119384765625,54.241119384765625,189.0
2017-04-25,54.241119384765625,54.241119384765625,54.241119384765625,54.241119384765625,0.0
2017-04-26,54.241119384765625,54.241119384765625,54.241119384765625,54.241119384765625,0.0
2017-04-27,54.241119384765625,54.241119384765625,54.241119384765625,54.241119384765625,0.0
2017-04-28,54.241119384765625,54.241119384765625,54.241119384765625,54.241119384765625,0.0
2017-05-01,54.241119384765625,54.241119384765625,54.241119384765625,54.241119384765625,0.0
2017-05-02,55.375289425592854,55.539791107177734,55.375289425592854,55.539791107177734,947.0
2017-05-03,55.539791107177734,55.539791107177734,55.539791107177734,55.539791107177734,0.0
2017-05-04,55.539791107177734,55.539791107177734,55.539791107177734,55.539791107177734,0.0
2017-05-05,55.539791107177734,55.539791107177734,55.539791107177734,55.539791107177734,0.0
2017-05-08,55.539791107177734,55.539791107177734,55.539791107177734,55.539791107177734,0.0
2017-05-09,56.27570724487305,56.27570724487305,56.27570724487305,56.27570724487305,189.0
2017-05-10,55.972679138183594,55.972679138183594,55.972679138183594,55.972679138183594,95.0
2017-05-11,56.197784423828125,56.197784423828125,56.197784423828125,56.197784423828125,189.0
2017-05-12,56.197784423828125,56.197784423828125,56.197784423828125,56.197784423828125,0.0
2017-05-15,56.197784423828125,56.197784423828125,56.197784423828125,56.197784423828125,0.0
2017-05-16,55.71295928955078,55.71295928955078,55.71295928955078,55.71295928955078,189.0
2017-05-17,55.71295928955078,55.71295928955078,55.71295928955078,55.71295928955078,0.0
2017-05-18,55.71295928955078,55.71295928955078,55.71295928955078,55.71295928955078,0.0
2017-05-19,55.71295928955078,55.71295928955078,55.71295928955078,55.71295928955078,0.0
2017-05-22,55.71295928955078,55.71295928955078,55.71295928955078,55.71295928955078,0.0
2017-05-23,55.71295928955078,55.71295928955078,55.71295928955078,55.71295928955078,0.0
2017-05-24,55.71295928955078,55.71295928955078,55.71295928955078,55.71295928955078,0.0
2017-05-25,55.71295928955078,55.71295928955078,55.71295928955078,55.71295928955078,0.0
2017-05-26,55.71295928955078,55.71295928955078,55.71295928955078,55.71295928955078,0.0
2017-05-30,55.71295928955078,55.71295928955078,55.71295928955078,55.71295928955078,0.0
2017-05-31,56.92504119873047,56.92504119873047,56.92504119873047,56.92504119873047,379.0
2017-06-01,56.92504119873047,56.92504119873047,56.92504119873047,56.92504119873047,0.0
2017-06-02,56.01597213745117,56.01597213745117,56.01597213745117,56.01597213745117,852.0
2017-06-05,56.27570724487305,56.27570724487305,56.27570724487305,56.27570724487305,379.0
2017-06-06,56.27570724487305,56.27570724487305,56.27570724487305,56.27570724487305,0.0
2017-06-07,56.27570724487305,56.27570724487305,56.27570724487305,56.27570724487305,0.0
2017-06-08,54.9770393371582,54.9770393371582,54.9770393371582,54.9770393371582,189.0
2017-06-09,54.9770393371582,54.9770393371582,54.9770393371582,54.9770393371582,0.0
2017-06-12,54.9770393371582,54.9770393371582,54.9770393371582,54.9770393371582,0.0
2017-06-13,53.635090385864345,53.66971969604492,53.635090385864345,53.66971969604492,474.0
2017-06-14,53.66971969604492,53.66971969604492,53.66971969604492,53.66971969604492,0.0
2017-06-15,52.42298126220703,52.42298126220703,52.42298126220703,52.42298126220703,95.0
2017-06-16,52.42298126220703,52.42298126220703,52.42298126220703,52.42298126220703,0.0
2017-06-19,52.42298126220703,52.42298126220703,52.42298126220703,52.42298126220703,0.0
2017-06-20,52.42298126220703,52.42298126220703,52.42298126220703,52.42298126220703,0.0
2017-06-21,52.42298126220703,52.42298126220703,52.42298126220703,52.42298126220703,0.0
2017-06-22,52.42298126220703,52.42298126220703,52.42298126220703,52.42298126220703,0.0
2017-06-23,53.72165298461914,53.72165298461914,53.72165298461914,53.72165298461914,189.0
2017-06-26,53.72165298461914,53.72165298461914,53.72165298461914,53.72165298461914,0.0
2017-06-27,53.72165298461914,53.72165298461914,53.72165298461914,53.72165298461914,0.0
2017-06-28,53.72165298461914,53.72165298461914,53.72165298461914,53.72165298461914,0.0
2017-06-29,53.72165298461914,53.72165298461914,53.72165298461914,53.72165298461914,0.0
2017-06-30,53.72165298461914,53.72165298461914,53.72165298461914,53.72165298461914,0.0
2017-07-03,53.72165298461914,53.72165298461914,53.72165298461914,53.72165298461914,0.0
2017-07-05,53.72165298461914,53.72165298461914,53.72165298461914,53.72165298461914,0.0
2017-07-06,53.72165298461914,53.72165298461914,53.72165298461914,53.72165298461914,0.0
2017-07-07,53.72165298461914,53.72165298461914,53.72165298461914,53.72165298461914,0.0
2017-07-10,52.16325378417969,52.16325378417969,52.16325378417969,52.16325378417969,474.0
2017-07-11,52.16325378417969,52.16325378417969,52.16325378417969,52.16325378417969,0.0
2017-07-12,52.16325378417969,52.16325378417969,52.16325378417969,52.16325378417969,0.0
2017-07-13,52.16325378417969,52.16325378417969,52.16325378417969,52.16325378417969,0.0
2017-07-14,52.16325378417969,52.16325378417969,52.16325378417969,52.16325378417969,0.0
2017-07-17,52.16325378417969,52.16325378417969,52.16325378417969,52.16325378417969,0.0
2017-07-18,52.16325378417969,52.16325378417969,52.16325378417969,52.16325378417969,0.0
2017-07-19,52.16325378417969,52.16325378417969,52.16325378417969,52.16325378417969,0.0
2017-07-20,52.16325378417969,52.16325378417969,52.16325378417969,52.16325378417969,0.0
2017-07-21,52.16325378417969,52.16325378417969,52.16325378417969,52.16325378417969,0.0
2017-07-24,52.16325378417969,52.16325378417969,52.16325378417969,52.16325378417969,0.0
2017-07-25,52.16325378417969,52.16325378417969,52.16325378417969,52.16325378417969,0.0
2017-07-26,52.16325378417969,52.16325378417969,52.16325378417969,52.16325378417969,0.0
2017-07-27,52.16325378417969,52.16325378417969,52.16325378417969,52.16325378417969,0.0
2017-07-28,52.16325378417969,52.16325378417969,52.16325378417969,52.16325378417969,0.0
2017-07-31,52.16325378417969,52.16325378417969,52.16325378417969,52.16325378417969,0.0
2017-08-01,52.249825386452386,52.42298126220703,52.249825386452386,52.42298126220703,189.0
2017-08-02,52.42298126220703,52.42298126220703,52.42298126220703,52.42298126220703,0.0
2017-08-03,52.42298126220703,52.42298126220703,52.42298126220703,52.42298126220703,0.0
2017-08-04,52.42298126220703,52.42298126220703,52.42298126220703,52.42298126220703,0.0
2017-08-07,52.42298126220703,52.42298126220703,52.42298126220703,52.42298126220703,0.0
2017-08-08,52.42298126220703,52.42298126220703,52.42298126220703,52.42298126220703,0.0
2017-08-09,52.42298126220703,52.42298126220703,52.42298126220703,52.42298126220703,0.0
2017-08-10,52.42298126220703,52.42298126220703,52.42298126220703,52.42298126220703,0.0
2017-08-11,52.630775451660156,52.630775451660156,52.630775451660156,52.630775451660156,95.0
2017-08-14,52.630775451660156,52.630775451660156,52.630775451660156,52.630775451660156,0.0
2017-08-15,52.630775451660156,52.630775451660156,52.630775451660156,52.630775451660156,0.0
2017-08-16,52.630775451660156,52.630775451660156,52.630775451660156,52.630775451660156,0.0
2017-08-17,52.630775451660156,52.630775451660156,52.630775451660156,52.630775451660156,0.0
2017-08-18,52.630775451660156,52.630775451660156,52.630775451660156,52.630775451660156,0.0
2017-08-21,52.630775451660156,52.630775451660156,52.630775451660156,52.630775451660156,0.0
2017-08-22,51.21089172363281,51.21089172363281,51.21089172363281,51.21089172363281,95.0
2017-08-23,50.66545867919922,50.66545867919922,50.66545867919922,50.66545867919922,189.0
2017-08-24,50.665451619687346,50.665451619687346,50.622161865234375,50.622161865234375,189.0
2017-08-25,50.622161865234375,50.622161865234375,50.622161865234375,50.622161865234375,0.0
2017-08-28,50.622161865234375,50.622161865234375,50.622161865234375,50.622161865234375,0.0
2017-08-29,50.622161865234375,50.622161865234375,50.622161865234375,50.622161865234375,0.0
2017-08-30,50.34510803222656,50.34510803222656,50.34510803222656,50.34510803222656,284.0
2017-08-31,50.34510803222656,50.34510803222656,50.34510803222656,50.34510803222656,0.0
2017-09-01,50.34510803222656,50.34510803222656,50.34510803222656,50.34510803222656,0.0
2017-09-05,50.34510803222656,50.34510803222656,50.34510803222656,50.34510803222656,0.0
2017-09-06,50.34510803222656,50.34510803222656,50.34510803222656,50.34510803222656,95.0
2017-09-07,50.34510803222656,50.34510803222656,50.34510803222656,50.34510803222656,0.0
2017-09-08,50.34510803222656,50.34510803222656,50.34510803222656,50.34510803222656,0.0
2017-09-11,50.34510803222656,50.34510803222656,50.34510803222656,50.34510803222656,0.0
2017-09-12,50.34510803222656,50.34510803222656,50.34510803222656,50.34510803222656,0.0
2017-09-13,50.34510803222656,50.34510803222656,50.34510803222656,50.34510803222656,0.0
2017-09-14,50.34510803222656,50.34510803222656,50.34510803222656,50.34510803222656,0.0
2017-09-15,50.34510803222656,50.34510803222656,50.34510803222656,50.34510803222656,0.0
2017-09-18,53.15889739990235,53.15889739990235,53.15889739990235,53.158897399902344,379.0
2017-09-19,53.15889739990235,53.15889739990235,53.15889739990235,53.158897399902344,0.0
2017-09-20,53.15889739990235,53.15889739990235,53.15889739990235,53.158897399902344,0.0
2017-09-21,54.71730041503906,54.71730041503906,54.71730041503906,54.71730041503906,95.0
2017-09-22,54.71730041503906,54.71730041503906,54.71730041503906,54.71730041503906,0.0
2017-09-25,54.71730041503906,54.71730041503906,54.71730041503906,54.71730041503906,0.0
2017-09-26,54.71730041503906,54.71730041503906,54.71730041503906,54.71730041503906,0.0
2017-09-27,54.71730041503906,54.71730041503906,54.71730041503906,54.71730041503906,0.0
2017-09-28,56.36228942871094,56.36228942871094,56.36228942871094,56.36228942871094,189.0
2017-09-29,56.36228942871094,56.36228942871094,56.36228942871094,56.36228942871094,0.0
2017-10-02,56.36228942871094,56.36228942871094,56.36228942871094,56.36228942871094,0.0
2017-10-03,56.36228942871094,56.36228942871094,56.36228942871094,56.36228942871094,0.0
2017-10-04,59.00291735733568,59.30594253540039,59.00291735733568,59.30594253540039,1326.0
2017-10-05,59.30594253540039,59.30594253540039,59.30594253540039,59.30594253540039,0.0
2017-10-06,58.440155029296875,58.440155029296875,58.440155029296875,58.440155029296875,568.0
2017-10-09,58.440155029296875,58.440155029296875,58.440155029296875,58.440155029296875,0.0
2017-10-10,58.440155029296875,58.440155029296875,58.440155029296875,58.440155029296875,0.0
2017-10-11,59.089496612548835,59.089496612548835,59.089496612548835,59.08949661254883,95.0
2017-10-12,59.33190018742818,59.955265045166016,59.30592821551208,59.955265045166016,852.0
2017-10-13,59.955265045166016,59.955265045166016,59.955265045166016,59.955265045166016,0.0
2017-10-16,59.955265045166016,59.955265045166016,59.955265045166016,59.955265045166016,0.0
2017-10-17,59.955265045166016,59.955265045166016,59.955265045166016,59.955265045166016,0.0
2017-10-18,59.955265045166016,59.955265045166016,59.955265045166016,59.955265045166016,0.0
2017-10-19,59.652252197265625,59.652252197265625,59.652252197265625,59.652252197265625,95.0
2017-10-20,59.652252197265625,59.652252197265625,59.652252197265625,59.652252197265625,0.0
2017-10-23,61.21065139770508,61.21065139770508,61.21065139770508,61.21065139770508,474.0
2017-10-24,61.21065139770508,61.21065139770508,61.21065139770508,61.21065139770508,0.0
2017-10-25,61.21065139770508,61.21065139770508,61.21065139770508,61.21065139770508,0.0
2017-10-26,62.064815521240234,62.064815521240234,62.064815521240234,62.064815521240234,0.0
2017-10-27,62.064815521240234,62.064815521240234,62.064815521240234,62.064815521240234,0.0
2017-10-30,62.064815521240234,62.064815521240234,62.064815521240234,62.064815521240234,0.0
2017-10-31,62.064815521240234,62.064815521240234,62.064815521240234,62.064815521240234,0.0
2017-11-01,62.064815521240234,62.064815521240234,62.064815521240234,62.064815521240234,0.0
2017-11-02,62.064815521240234,62.064815521240234,62.064815521240234,62.064815521240234,0.0
2017-11-03,62.064815521240234,62.064815521240234,62.064815521240234,62.064815521240234,0.0
2017-11-06,61.915550231933594,61.915550231933594,61.915550231933594,61.915550231933594,1421.0
2017-11-07,61.915550231933594,61.915550231933594,61.915550231933594,61.915550231933594,0.0
2017-11-08,61.915550231933594,61.915550231933594,61.915550231933594,61.915550231933594,0.0
2017-11-09,61.415199279785156,61.415199279785156,61.415199279785156,61.415199279785156,95.0
2017-11-10,61.415199279785156,61.415199279785156,61.415199279785156,61.415199279785156,0.0
2017-11-13,61.415199279785156,61.415199279785156,61.415199279785156,61.415199279785156,0.0
2017-11-14,61.415199279785156,61.415199279785156,61.415199279785156,61.415199279785156,0.0
2017-11-15,61.415199279785156,61.415199279785156,61.415199279785156,61.415199279785156,0.0
2017-11-16,61.415199279785156,61.415199279785156,61.415199279785156,61.415199279785156,0.0
2017-11-17,61.415199279785156,61.415199279785156,61.415199279785156,61.415199279785156,0.0
2017-11-20,61.415199279785156,61.415199279785156,61.415199279785156,61.415199279785156,0.0
2017-11-21,61.415199279785156,61.415199279785156,61.415199279785156,61.415199279785156,0.0
2017-11-22,61.415199279785156,61.415199279785156,61.415199279785156,61.415199279785156,0.0
2017-11-24,61.415199279785156,61.415199279785156,61.415199279785156,61.415199279785156,0.0
2017-11-27,61.415199279785156,61.415199279785156,61.415199279785156,61.415199279785156,0.0
2017-11-28,61.415199279785156,61.415199279785156,61.415199279785156,61.415199279785156,0.0
2017-11-29,62.810996651079975,62.96900939941406,62.810996651079975,62.96900939941406,852.0
2017-11-30,63.258689880371094,63.258689880371094,63.258689880371094,63.258689880371094,379.0
2017-12-01,64.04000715069773,64.215576171875,64.04000715069773,64.215576171875,1610.0
2017-12-04,64.215576171875,64.215576171875,64.215576171875,64.215576171875,0.0
2017-12-05,64.215576171875,64.215576171875,64.215576171875,64.215576171875,0.0
2017-12-06,64.215576171875,64.215576171875,64.215576171875,64.215576171875,0.0
2017-12-07,62.89878845214843,62.89878845214843,62.89878845214843,62.89878845214844,1421.0
2017-12-08,62.819766998291016,62.819766998291016,62.819766998291016,62.819766998291016,379.0
2017-12-11,62.52128982543945,62.52128982543945,62.52128982543945,62.52128982543945,284.0
2017-12-12,61.80145263671874,61.80145263671874,61.80145263671874,61.80145263671875,2652.0
2017-12-13,61.80145263671874,61.80145263671874,61.80145263671874,61.80145263671875,0.0
2017-12-14,61.80145263671874,61.80145263671874,61.80145263671874,61.80145263671875,0.0
2017-12-15,61.230831146240234,61.230831146240234,61.230831146240234,61.230831146240234,189.0
2017-12-18,62.196495056152344,62.196495056152344,62.196495056152344,62.196495056152344,284.0
2017-12-19,62.80221176147462,62.80221176147462,62.80221176147462,62.80221176147461,95.0
2017-12-20,63.767845153808594,63.767845153808594,63.767845153808594,63.767845153808594,474.0
2017-12-21,63.767845153808594,63.767845153808594,63.767845153808594,63.767845153808594,0.0
2017-12-22,64.25947582262896,64.25947582262896,63.82054373778954,64.08390045166016,2273.0
2017-12-26,64.08390045166016,64.08390045166016,64.08390045166016,64.08390045166016,0.0
2017-12-27,63.64496988078671,63.732757568359375,63.64496988078671,63.732757568359375,14205.0
2017-12-28,63.16212844848633,63.16212844848633,63.16212844848633,63.16212844848633,663.0
2017-12-29,63.16212844848633,63.16212844848633,63.16212844848633,63.16212844848633,0.0
2018-01-02,63.32014465332031,63.32014465332031,63.32014465332031,63.32014465332031,189.0
2018-01-03,63.32014465332031,63.32014465332031,63.32014465332031,63.32014465332031,0.0
2018-01-04,63.732757568359375,63.732757568359375,63.732757568359375,63.732757568359375,95.0
2018-01-05,64.39114444550201,64.39114444550201,64.11900329589844,64.11900329589844,758.0
2018-01-08,63.574730988119654,63.574730988119654,63.46938705444336,63.46938705444336,1136.0
2018-01-09,63.46938705444336,63.46938705444336,63.46938705444336,63.46938705444336,0.0
2018-01-10,64.97052764892578,64.97052764892578,64.97052764892578,64.97052764892578,663.0
2018-01-11,64.56671142578125,64.56671142578125,64.56671142578125,64.56671142578125,189.0
2018-01-12,64.56671142578125,64.56671142578125,64.56671142578125,64.56671142578125,0.0
2018-01-16,68.12205337562548,68.86823272705078,68.12205337562548,68.86823272705078,474.0
2018-01-17,69.17549133300781,69.17549133300781,69.17549133300781,69.17549133300781,284.0
2018-01-18,69.17549133300781,69.17549133300781,69.17549133300781,69.17549133300781,0.0
2018-01-19,69.17549133300781,69.17549133300781,69.17549133300781,69.17549133300781,0.0
2018-01-22,69.17549133300781,69.17549133300781,69.17549133300781,69.17549133300781,0.0
2018-01-23,68.51709747314453,68.51709747314453,68.51709747314453,68.51709747314453,2652.0
2018-01-24,68.6487808227539,68.6487808227539,68.6487808227539,68.6487808227539,1799.0
2018-01-25,68.60490120076598,68.88582058406338,67.96406555175781,67.96406555175781,4830.0
2018-01-26,68.78044891357422,68.78044891357422,68.78044891357422,68.78044891357422,95.0
2018-01-29,68.86823272705078,68.86823272705078,68.86823272705078,68.86823272705078,95.0
2018-01-30,68.21863555908203,68.21863555908203,68.21863555908203,68.21863555908203,95.0
2018-01-31,68.21863555908203,68.21863555908203,68.21863555908203,68.21863555908203,947.0
2018-02-01,67.6041259765625,67.6041259765625,67.6041259765625,67.6041259765625,1705.0
2018-02-02,67.6041259765625,67.6041259765625,67.6041259765625,67.6041259765625,0.0
2018-02-05,67.6041259765625,67.6041259765625,67.6041259765625,67.6041259765625,0.0
2018-02-06,67.6041259765625,67.6041259765625,67.6041259765625,67.6041259765625,0.0
2018-02-07,67.6041259765625,67.6041259765625,67.6041259765625,67.6041259765625,0.0
2018-02-08,67.6041259765625,67.6041259765625,67.6041259765625,67.6041259765625,1894.0
2018-02-09,67.6041259765625,67.6041259765625,67.6041259765625,67.6041259765625,0.0
2018-02-12,67.6041259765625,67.6041259765625,67.6041259765625,67.6041259765625,0.0
2018-02-13,67.6041259765625,67.6041259765625,67.6041259765625,67.6041259765625,0.0
2018-02-14,67.6041259765625,67.6041259765625,67.6041259765625,67.6041259765625,0.0
2018-02-15,67.6041259765625,67.6041259765625,67.6041259765625,67.6041259765625,0.0
2018-02-16,67.6041259765625,67.6041259765625,67.6041259765625,67.6041259765625,0.0
2018-02-20,64.72474228452903,64.94420198427865,64.49649810791016,64.49649810791016,1705.0
2018-02-21,64.49649810791016,64.49649810791016,64.49649810791016,64.49649810791016,0.0
2018-02-22,64.49649810791016,64.49649810791016,64.49649810791016,64.49649810791016,0.0
2018-02-23,63.86441421508789,63.86441421508789,63.86441421508789,63.86441421508789,95.0
2018-02-26,64.3033676147461,64.3033676147461,64.3033676147461,64.3033676147461,474.0
2018-02-27,63.127025604248054,63.127025604248054,63.127025604248054,63.12702560424805,95.0
2018-02-28,62.45985412597656,62.45985412597656,62.45985412597656,62.45985412597656,189.0
2018-03-01,62.45985412597656,62.45985412597656,62.45985412597656,62.45985412597656,0.0
2018-03-02,62.45985412597656,62.45985412597656,62.45985412597656,62.45985412597656,0.0
2018-03-05,62.45985412597656,62.45985412597656,62.45985412597656,62.45985412597656,0.0
2018-03-06,62.45985412597656,62.45985412597656,62.45985412597656,62.45985412597656,0.0
2018-03-07,62.45985412597656,62.45985412597656,62.45985412597656,62.45985412597656,0.0
2018-03-08,64.65451049804688,64.65451049804688,64.65451049804688,64.65451049804688,189.0
2018-03-09,64.87398529052734,64.87398529052734,64.87398529052734,64.87398529052734,1799.0
2018-03-12,64.27703857421875,64.27703857421875,64.27703857421875,64.27703857421875,189.0
2018-03-13,64.27703857421875,64.27703857421875,64.27703857421875,64.27703857421875,0.0
2018-03-14,64.27703857421875,64.27703857421875,64.27703857421875,64.27703857421875,0.0
2018-03-15,64.27703857421875,64.27703857421875,64.27703857421875,64.27703857421875,0.0
2018-03-16,64.27703857421875,64.27703857421875,64.27703857421875,64.27703857421875,0.0
2018-03-19,64.27703857421875,64.27703857421875,64.27703857421875,64.27703857421875,0.0
2018-03-20,64.27703857421875,64.27703857421875,64.27703857421875,64.27703857421875,0.0
2018-03-21,65.6201438498681,65.70793151855469,65.6201438498681,65.70793151855469,379.0
2018-03-22,65.70793151855469,65.70793151855469,65.70793151855469,65.70793151855469,0.0
2018-03-23,65.70793151855469,65.70793151855469,65.70793151855469,65.70793151855469,0.0
2018-03-26,65.70793151855469,65.70793151855469,65.70793151855469,65.70793151855469,0.0
2018-03-27,65.70793151855469,65.70793151855469,65.70793151855469,65.70793151855469,0.0
2018-03-28,65.70793151855469,65.70793151855469,65.70793151855469,65.70793151855469,0.0
2018-03-29,65.70793151855469,65.70793151855469,65.70793151855469,65.70793151855469,0.0
2018-04-02,65.70793151855469,65.70793151855469,65.70793151855469,65.70793151855469,0.0
2018-04-03,64.87398529052734,64.87398529052734,64.87398529052734,64.87398529052734,189.0
2018-04-04,64.87398529052734,64.87398529052734,64.87398529052734,64.87398529052734,0.0
2018-04-05,65.24909210205078,65.24909210205078,65.24909210205078,65.24909210205078,284.0
2018-04-06,65.24909210205078,65.24909210205078,65.24909210205078,65.24909210205078,0.0
2018-04-09,65.24909210205078,65.24909210205078,65.24909210205078,65.24909210205078,0.0
2018-04-10,65.24909210205078,65.24909210205078,65.24909210205078,65.24909210205078,0.0
2018-04-11,65.24909210205078,65.24909210205078,65.24909210205078,65.24909210205078,0.0
2018-04-12,66.48770904541016,66.48770904541016,66.48770904541016,66.48770904541016,379.0
2018-04-13,66.48770904541016,66.48770904541016,66.48770904541016,66.48770904541016,0.0
2018-04-16,66.48770904541016,66.48770904541016,66.48770904541016,66.48770904541016,0.0
2018-04-17,66.48770904541016,66.48770904541016,66.48770904541016,66.48770904541016,0.0
2018-04-18,66.48770904541016,66.48770904541016,66.48770904541016,66.48770904541016,0.0
2018-04-19,69.76124572753906,69.76124572753906,69.76124572753906,69.76124572753906,284.0
2018-04-20,69.76124572753906,69.76124572753906,69.76124572753906,69.76124572753906,0.0
2018-04-23,69.14192962646484,69.14192962646484,69.14192962646484,69.14192962646484,189.0
2018-04-24,69.76124572753906,69.76124572753906,69.76124572753906,69.76124572753906,189.0
2018-04-25,69.76124572753906,69.76124572753906,69.76124572753906,69.76124572753906,0.0
2018-04-26,69.76124572753906,69.76124572753906,69.76124572753906,69.76124572753906,0.0
2018-04-27,68.25719451904297,68.25719451904297,68.25719451904297,68.25719451904297,3030.0
2018-04-30,68.25719451904297,68.25719451904297,68.25719451904297,68.25719451904297,0.0
2018-05-01,68.25719451904297,68.25719451904297,68.25719451904297,68.25719451904297,663.0
2018-05-02,68.25719451904297,68.25719451904297,68.25719451904297,68.25719451904297,0.0
2018-05-03,68.25719451904297,68.25719451904297,68.25719451904297,68.25719451904297,0.0
2018-05-04,68.25719451904297,68.25719451904297,68.25719451904297,68.25719451904297,0.0
2018-05-07,68.25719451904297,68.25719451904297,68.25719451904297,68.25719451904297,0.0
2018-05-08,68.25719451904297,68.25719451904297,68.25719451904297,68.25719451904297,0.0
2018-05-09,68.25719451904297,68.25719451904297,68.25719451904297,68.25719451904297,0.0
2018-05-10,68.25719451904297,68.25719451904297,68.25719451904297,68.25719451904297,0.0
2018-05-11,68.25719451904297,68.25719451904297,68.25719451904297,68.25719451904297,0.0
2018-05-14,67.85907745361328,67.85907745361328,67.85907745361328,67.85907745361328,95.0
2018-05-15,67.85907745361328,67.85907745361328,67.85907745361328,67.85907745361328,0.0
2018-05-16,67.85907745361328,67.85907745361328,67.85907745361328,67.85907745361328,0.0
2018-05-17,67.85907745361328,67.85907745361328,67.85907745361328,67.85907745361328,0.0
2018-05-18,67.85907745361328,67.85907745361328,67.85907745361328,67.85907745361328,0.0
2018-05-21,67.85907745361328,67.85907745361328,67.85907745361328,67.85907745361328,0.0
2018-05-22,69.99126434326172,69.99126434326172,69.99126434326172,69.99126434326172,947.0
2018-05-23,69.99126434326172,69.99126434326172,69.99126434326172,69.99126434326172,0.0
2018-05-24,69.99126434326172,69.99126434326172,69.99126434326172,69.99126434326172,0.0
2018-05-25,68.24834442138672,68.24834442138672,68.24834442138672,68.24834442138672,2368.0
2018-05-29,68.24834442138672,68.24834442138672,68.24834442138672,68.24834442138672,0.0
2018-05-30,68.24834442138672,68.24834442138672,68.24834442138672,68.24834442138672,0.0
2018-05-31,68.24834442138672,68.24834442138672,68.24834442138672,68.24834442138672,0.0
2018-06-01,68.24834442138672,68.24834442138672,68.24834442138672,68.24834442138672,0.0
2018-06-04,69.31887817382812,69.31887817382812,69.31887817382812,69.31887817382812,95.0
2018-06-05,69.31887817382812,69.31887817382812,69.31887817382812,69.31887817382812,0.0
2018-06-06,69.31887817382812,69.31887817382812,69.31887817382812,69.31887817382812,0.0
2018-06-07,69.31887817382812,69.31887817382812,69.31887817382812,69.31887817382812,0.0
2018-06-08,69.31887817382812,69.31887817382812,69.31887817382812,69.31887817382812,0.0
2018-06-11,66.82633209228516,66.82633209228516,66.82633209228516,66.82633209228516,100.0
2018-06-12,66.82633209228516,66.82633209228516,66.82633209228516,66.82633209228516,0.0
2018-06-13,67.99092864990234,67.99092864990234,67.99092864990234,67.99092864990234,200.0
2018-06-14,67.99092864990234,67.99092864990234,67.99092864990234,67.99092864990234,0.0
2018-06-15,67.99092864990234,67.99092864990234,67.99092864990234,67.99092864990234,0.0
2018-06-18,67.99092864990234,67.99092864990234,67.99092864990234,67.99092864990234,0.0
2018-06-19,67.99092864990234,67.99092864990234,67.99092864990234,67.99092864990234,0.0
2018-06-20,67.34579467773438,67.34579467773438,67.34579467773438,67.34579467773438,100.0
2018-06-21,67.34579467773438,67.34579467773438,67.34579467773438,67.34579467773438,0.0
2018-06-22,67.34579467773438,67.34579467773438,67.34579467773438,67.34579467773438,0.0
2018-06-25,66.37388610839844,66.37388610839844,66.37388610839844,66.37388610839844,200.0
2018-06-26,66.37388610839844,66.37388610839844,66.37388610839844,66.37388610839844,0.0
2018-06-27,66.37388610839844,66.37388610839844,66.37388610839844,66.37388610839844,0.0
2018-06-28,66.45768737792969,66.45768737792969,66.45768737792969,66.45768737792969,100.0
2018-06-29,66.45768737792969,66.45768737792969,66.45768737792969,66.45768737792969,0.0
2018-07-02,66.45768737792969,66.45768737792969,66.45768737792969,66.45768737792969,0.0
2018-07-03,66.45768737792969,66.45768737792969,66.45768737792969,66.45768737792969,0.0
2018-07-05,66.45768737792969,66.45768737792969,66.45768737792969,66.45768737792969,0.0
2018-07-06,66.9436264038086,66.9436264038086,66.9436264038086,66.9436264038086,200.0
2018-07-09,66.9436264038086,66.9436264038086,66.9436264038086,66.9436264038086,0.0
2018-07-10,66.9436264038086,66.9436264038086,66.9436264038086,66.9436264038086,0.0
2018-07-11,66.9436264038086,66.9436264038086,66.9436264038086,66.9436264038086,0.0
2018-07-12,66.9436264038086,66.9436264038086,66.9436264038086,66.9436264038086,0.0
2018-07-13,66.9436264038086,66.9436264038086,66.9436264038086,66.9436264038086,0.0
2018-07-16,66.9436264038086,66.9436264038086,66.9436264038086,66.9436264038086,0.0
2018-07-17,66.9436264038086,66.9436264038086,66.9436264038086,66.9436264038086,0.0
2018-07-18,66.9436264038086,66.9436264038086,66.9436264038086,66.9436264038086,0.0
2018-07-19,66.9436264038086,66.9436264038086,66.9436264038086,66.9436264038086,0.0
2018-07-20,68.03279876708984,68.03279876708984,68.03279876708984,68.03279876708984,800.0
2018-07-23,68.03279876708984,68.03279876708984,68.03279876708984,68.03279876708984,0.0
2018-07-24,67.44632720947266,67.44632720947266,67.44632720947266,67.44632720947266,1000.0
2018-07-25,67.51336669921875,67.51336669921875,67.51336669921875,67.51336669921875,700.0
2018-07-26,67.51336669921875,67.51336669921875,67.51336669921875,67.51336669921875,0.0
2018-07-27,66.65037536621094,66.65037536621094,66.65037536621094,66.65037536621094,400.0
2018-07-30,66.65037536621094,66.65037536621094,66.65037536621094,66.65037536621094,0.0
2018-07-31,66.65037536621094,66.65037536621094,66.65037536621094,66.65037536621094,0.0
2018-08-01,66.65037536621094,66.65037536621094,66.65037536621094,66.65037536621094,0.0
2018-08-02,65.17579302029512,65.17579302029512,64.30443572998047,64.30443572998047,400.0
2018-08-03,64.80712890625,64.80712890625,64.80712890625,64.80712890625,1300.0
2018-08-06,65.01657042736603,65.7706298828125,65.01657042736603,65.7706298828125,1200.0
2018-08-07,65.7706298828125,65.7706298828125,65.7706298828125,65.7706298828125,0.0
2018-08-08,66.27336120605469,66.27336120605469,66.27336120605469,66.27336120605469,800.0
2018-08-09,66.27336120605469,66.27336120605469,66.27336120605469,66.27336120605469,0.0
2018-08-10,66.27336120605469,66.27336120605469,66.27336120605469,66.27336120605469,0.0
2018-08-13,66.27336120605469,66.27336120605469,66.27336120605469,66.27336120605469,0.0
2018-08-14,66.27336120605469,66.27336120605469,66.27336120605469,66.27336120605469,0.0
2018-08-15,66.18956246188617,66.18956246188617,65.08361053466797,65.08361053466797,500.0
2018-08-16,65.08361053466797,65.08361053466797,65.08361053466797,65.08361053466797,0.0
2018-08-17,65.08361053466797,65.08361053466797,65.08361053466797,65.08361053466797,800.0
2018-08-20,65.08361053466797,65.08361053466797,65.08361053466797,65.08361053466797,0.0
2018-08-21,65.20928955078125,65.20928955078125,65.20928955078125,65.20928955078125,200.0
2018-08-22,65.20928955078125,65.20928955078125,65.20928955078125,65.20928955078125,0.0
2018-08-23,65.20928955078125,65.20928955078125,65.20928955078125,65.20928955078125,0.0
2018-08-24,65.20928955078125,65.20928955078125,65.20928955078125,65.20928955078125,0.0
2018-08-27,65.20928955078125,65.20928955078125,65.20928955078125,65.20928955078125,0.0
2018-08-28,65.20928955078125,65.20928955078125,65.20928955078125,65.20928955078125,0.0
2018-08-29,67.02741241455078,67.02741241455078,67.02741241455078,67.02741241455078,100.0
2018-08-30,67.02741241455078,67.02741241455078,67.02741241455078,67.02741241455078,0.0
2018-08-31,66.9436264038086,66.9436264038086,66.9436264038086,66.9436264038086,300.0
2018-09-04,66.9436264038086,66.9436264038086,66.9436264038086,66.9436264038086,0.0
2018-09-05,66.9436264038086,66.9436264038086,66.9436264038086,66.9436264038086,0.0
2018-09-06,66.9436264038086,66.9436264038086,66.9436264038086,66.9436264038086,0.0
2018-09-07,66.9436264038086,66.9436264038086,66.9436264038086,66.9436264038086,0.0
2018-09-10,66.9436264038086,66.9436264038086,66.9436264038086,66.9436264038086,0.0
2018-09-11,66.9436264038086,66.9436264038086,66.9436264038086,66.9436264038086,0.0
2018-09-12,66.9436264038086,66.9436264038086,66.9436264038086,66.9436264038086,0.0
2018-09-13,69.28959655761719,69.28959655761719,69.28959655761719,69.28959655761719,400.0
2018-09-14,69.28959655761719,69.28959655761719,69.28959655761719,69.28959655761719,0.0
2018-09-17,69.28959655761719,69.28959655761719,69.28959655761719,69.28959655761719,0.0
2018-09-18,70.57986450195312,70.57986450195312,70.57986450195312,70.57986450195312,200.0
2018-09-19,70.57986450195312,70.57986450195312,70.57986450195312,70.57986450195312,0.0
2018-09-20,70.57986450195312,70.57986450195312,70.57986450195312,70.57986450195312,0.0
2018-09-21,70.83959802974064,71.00716400146484,70.83959802974064,71.00716400146484,9100.0
2018-09-24,71.00716400146484,71.00716400146484,71.00716400146484,71.00716400146484,0.0
2018-09-25,71.00716400146484,71.00716400146484,71.00716400146484,71.00716400146484,0.0
2018-09-26,71.00716400146484,71.00716400146484,71.00716400146484,71.00716400146484,0.0
2018-09-27,71.92879486083984,71.92879486083984,71.92879486083984,71.92879486083984,200.0
2018-09-28,71.92879486083984,71.92879486083984,71.92879486083984,71.92879486083984,0.0
2018-10-01,71.92879486083984,71.92879486083984,71.92879486083984,71.92879486083984,0.0
2018-10-02,66.9017333984375,66.9017333984375,66.9017333984375,66.9017333984375,100.0
2018-10-03,64.97470092773438,64.97470092773438,64.97470092773438,64.97470092773438,1900.0
2018-10-04,64.97470092773438,64.97470092773438,64.97470092773438,64.97470092773438,0.0
2018-10-05,65.72875213623047,65.72875213623047,65.72875213623047,65.72875213623047,200.0
2018-10-08,65.72875213623047,65.72875213623047,65.72875213623047,65.72875213623047,0.0
2018-10-09,65.72875213623047,65.72875213623047,65.72875213623047,65.72875213623047,0.0
2018-10-10,61.45575309592703,61.45575309592703,60.96980285644531,60.96980285644531,300.0
2018-10-11,60.96980285644531,60.96980285644531,60.96980285644531,60.96980285644531,0.0
2018-10-12,61.53954182528876,61.53954182528876,61.30494689941406,61.30494689941406,1200.0
2018-10-15,61.30494689941406,61.30494689941406,61.30494689941406,61.30494689941406,0.0
2018-10-16,61.30494689941406,61.30494689941406,61.30494689941406,61.30494689941406,0.0
2018-10-17,61.30494689941406,61.30494689941406,61.30494689941406,61.30494689941406,0.0
2018-10-18,61.30494689941406,61.30494689941406,61.30494689941406,61.30494689941406,0.0
2018-10-19,61.30494689941406,61.30494689941406,61.30494689941406,61.30494689941406,0.0
2018-10-22,61.30494689941406,61.30494689941406,61.30494689941406,61.30494689941406,0.0
2018-10-23,58.53169250488281,58.53169250488281,58.53169250488281,58.53169250488281,100.0
2018-10-24,57.316818219488866,57.316818219488866,55.18031692504883,55.18031692504883,1600.0
2018-10-25,56.30801773071289,56.30801773071289,56.30801773071289,56.30801773071289,500.0
2018-10-26,56.30801773071289,56.30801773071289,56.30801773071289,56.30801773071289,100.0
2018-10-29,56.30801773071289,56.30801773071289,56.30801773071289,56.30801773071289,0.0
2018-10-30,56.30801773071289,56.30801773071289,56.30801773071289,56.30801773071289,100.0
2018-10-31,56.30801773071289,56.30801773071289,56.30801773071289,56.30801773071289,0.0
2018-11-01,56.30801773071289,56.30801773071289,56.30801773071289,56.30801773071289,0.0
2018-11-02,56.30801773071289,56.30801773071289,56.30801773071289,56.30801773071289,100.0
2018-11-05,56.30801773071289,56.30801773071289,56.30801773071289,56.30801773071289,0.0
2018-11-06,56.30801773071289,56.30801773071289,56.30801773071289,56.30801773071289,0.0
2018-11-07,58.99260734939891,58.99260734939891,58.90711212158203,58.90711212158203,800.0
2018-11-08,58.90711212158203,58.90711212158203,58.90711212158203,58.90711212158203,0.0
2018-11-09,58.90711212158203,58.90711212158203,58.90711212158203,58.90711212158203,0.0
2018-11-12,58.90711212158203,58.90711212158203,58.90711212158203,58.90711212158203,0.0
2018-11-13,57.49641799926758,57.49641799926758,57.49641799926758,57.49641799926758,100.0
2018-11-14,55.914730072021484,55.914730072021484,55.914730072021484,55.914730072021484,100.0
2018-11-15,55.6069450378418,55.6069450378418,55.6069450378418,55.6069450378418,100.0
2018-11-16,55.6069450378418,55.6069450378418,55.6069450378418,55.6069450378418,0.0
2018-11-19,53.56358337402344,53.56358337402344,53.00785456194551,53.56358337402344,400.0
2018-11-20,52.32387924194336,52.32387924194336,52.32387924194336,52.32387924194336,1000.0
2018-11-21,52.32387924194336,52.32387924194336,52.32387924194336,52.32387924194336,0.0
2018-11-23,53.34128952026367,53.34128952026367,53.34128952026367,53.34128952026367,4700.0
2018-11-26,53.34128952026367,53.34128952026367,53.34128952026367,53.34128952026367,0.0
2018-11-27,52.452125549316406,52.452125549316406,52.452125549316406,52.452125549316406,100.0
2018-11-28,52.452125549316406,52.452125549316406,52.452125549316406,52.452125549316406,100.0
2018-11-29,54.93152618408203,54.93152618408203,54.93152618408203,54.93152618408203,300.0
2018-11-30,54.93152618408203,54.93152618408203,54.93152618408203,54.93152618408203,0.0
2018-12-03,54.93152618408203,54.93152618408203,54.93152618408203,54.93152618408203,0.0
2018-12-04,53.94831085205078,53.94831085205078,53.94831085205078,53.94831085205078,200.0
2018-12-06,53.94831085205078,53.94831085205078,53.94831085205078,53.94831085205078,100.0
2018-12-07,53.94831085205078,53.94831085205078,53.94831085205078,53.94831085205078,100.0
2018-12-10,53.94831085205078,53.94831085205078,53.94831085205078,53.94831085205078,0.0
2018-12-11,53.13608932495117,53.13608932495117,53.13608932495117,53.13608932495117,200.0
2018-12-12,54.41854476928711,54.41854476928711,54.41854476928711,54.41854476928711,400.0
2018-12-13,54.41854476928711,54.41854476928711,54.41854476928711,54.41854476928711,2200.0
2018-12-14,54.41854476928711,54.41854476928711,54.41854476928711,54.41854476928711,0.0
2018-12-17,54.41854476928711,54.41854476928711,54.41854476928711,54.41854476928711,100.0
2018-12-18,54.41854476928711,54.41854476928711,54.41854476928711,54.41854476928711,0.0
2018-12-19,53.90556335449219,53.90556335449219,53.90556335449219,53.90556335449219,200.0
2018-12-20,53.90556335449219,53.90556335449219,53.90556335449219,53.90556335449219,100.0
2018-12-21,53.00785094499493,53.366934821392086,52.494873046875,52.494873046875,1100.0
2018-12-24,52.494873046875,52.494873046875,52.494873046875,52.494873046875,0.0
2018-12-26,53.905561382401686,54.33304403136829,53.6234245300293,53.6234245300293,1000.0
2018-12-27,53.238685607910156,53.238685607910156,53.238685607910156,53.238685607910156,200.0
2018-12-28,53.6490757907373,53.79441833496094,53.6490757907373,53.79441833496094,1200.0
2018-12-31,53.79441833496094,53.79441833496094,53.79441833496094,53.79441833496094,0.0
2019-01-02,53.64906311035156,53.64906311035156,53.64906311035156,53.64906311035156,100.0
2019-01-03,52.195634798865214,52.195634798865214,51.91349792480469,51.91349792480469,900.0
2019-01-04,55.13670349121094,55.13670349121094,55.13670349121094,55.13670349121094,100.0
2019-01-07,54.75197326946379,54.974266052246094,54.717773878045975,54.974266052246094,7500.0
2019-01-08,57.53916549682617,57.53916549682617,57.53916549682617,57.53916549682617,1200.0
2019-01-09,57.53916549682617,57.53916549682617,57.53916549682617,57.53916549682617,100.0
2019-01-10,57.53916549682617,57.53916549682617,57.53916549682617,57.53916549682617,0.0
2019-01-11,57.53916549682617,57.53916549682617,57.53916549682617,57.53916549682617,0.0
2019-01-14,58.02650833129883,58.02650833129883,58.02650833129883,58.02650833129883,400.0
2019-01-15,58.02650833129883,58.02650833129883,58.02650833129883,58.02650833129883,0.0
2019-01-16,58.02650833129883,58.02650833129883,58.02650833129883,58.02650833129883,100.0
2019-01-17,58.02650833129883,58.02650833129883,58.02650833129883,58.02650833129883,0.0
2019-01-18,58.02650833129883,58.02650833129883,58.02650833129883,58.02650833129883,0.0
2019-01-22,58.02650833129883,58.02650833129883,58.02650833129883,58.02650833129883,0.0
2019-01-23,56.94069290161133,56.94069290161133,56.94069290161133,56.94069290161133,30000.0
2019-01-24,56.70984649658203,56.70984649658203,56.70984649658203,56.70984649658203,300.0
2019-01-25,56.70984649658203,56.70984649658203,56.70984649658203,56.70984649658203,0.0
2019-01-28,56.94069290161133,56.94069290161133,56.94069290161133,56.94069290161133,200.0
2019-01-29,56.94069290161133,56.94069290161133,56.94069290161133,56.94069290161133,0.0
2019-01-30,56.94069290161133,56.94069290161133,56.94069290161133,56.94069290161133,0.0
2019-01-31,57.41092662316349,57.41092662316349,57.28268051147461,57.28268051147461,5200.0
2019-02-01,57.28268051147461,57.28268051147461,57.28268051147461,57.28268051147461,0.0
2019-02-04,57.28268051147461,57.28268051147461,57.28268051147461,57.28268051147461,0.0
2019-02-05,57.28268051147461,57.28268051147461,57.28268051147461,57.28268051147461,0.0
2019-02-06,57.28268051147461,57.28268051147461,57.28268051147461,57.28268051147461,0.0
2019-02-07,57.28268051147461,57.28268051147461,57.28268051147461,57.28268051147461,100.0
2019-02-08,57.28268051147461,57.28268051147461,57.28268051147461,57.28268051147461,0.0
2019-02-11,57.28268051147461,57.28268051147461,57.28268051147461,57.28268051147461,0.0
2019-02-12,57.28268051147461,57.28268051147461,57.28268051147461,57.28268051147461,0.0
2019-02-13,59.20634841918945,59.20634841918945,59.20634841918945,59.20634841918945,1400.0
2019-02-14,59.20634841918945,59.20634841918945,59.20634841918945,59.20634841918945,0.0
2019-02-15,59.20634841918945,59.20634841918945,59.20634841918945,59.20634841918945,0.0
2019-02-19,59.20634841918945,59.20634841918945,59.20634841918945,59.20634841918945,0.0
2019-02-20,59.20634841918945,59.20634841918945,59.20634841918945,59.20634841918945,0.0
2019-02-21,59.20634841918945,59.20634841918945,59.20634841918945,59.20634841918945,100.0
2019-02-22,59.20634841918945,59.20634841918945,59.20634841918945,59.20634841918945,0.0
2019-02-25,59.20634841918945,59.20634841918945,59.20634841918945,59.20634841918945,0.0
2019-02-26,59.71077720970209,60.34345626831055,59.676584335656,60.34345626831055,900.0
2019-02-27,60.34345626831055,60.34345626831055,60.34345626831055,60.34345626831055,0.0
2019-02-28,60.34345626831055,60.34345626831055,60.34345626831055,60.34345626831055,0.0
2019-03-01,59.67658996582031,59.67658996582031,59.67658996582031,59.67658996582031,500.0
2019-03-04,59.67658996582031,59.67658996582031,59.67658996582031,59.67658996582031,100.0
2019-03-05,59.67658996582031,59.67658996582031,59.67658996582031,59.67658996582031,0.0
2019-03-06,59.67658996582031,59.67658996582031,59.67658996582031,59.67658996582031,0.0
2019-03-07,59.04390335083008,59.04390335083008,59.04390335083008,59.04390335083008,400.0
2019-03-08,59.04390335083008,59.04390335083008,59.04390335083008,59.04390335083008,0.0
2019-03-11,59.09521102905274,59.09521102905274,59.09521102905274,59.095211029052734,700.0
2019-03-12,59.09521102905274,59.09521102905274,59.09521102905274,59.095211029052734,0.0
2019-03-13,59.09521102905274,59.09521102905274,59.09521102905274,59.095211029052734,0.0
2019-03-14,60.57429504394531,60.57429504394531,60.57429504394531,60.57429504394531,200.0
2019-03-15,60.57429504394531,60.57429504394531,60.57429504394531,60.57429504394531,0.0
2019-03-18,60.57429504394531,60.57429504394531,60.57429504394531,60.57429504394531,0.0
2019-03-19,60.57429504394531,60.57429504394531,60.57429504394531,60.57429504394531,0.0
2019-03-20,60.57429504394531,60.57429504394531,60.57429504394531,60.57429504394531,0.0
2019-03-21,60.57429504394531,60.57429504394531,60.57429504394531,60.57429504394531,100.0
2019-03-22,60.57429504394531,60.57429504394531,60.57429504394531,60.57429504394531,100.0
2019-03-25,58.966957092285156,58.966957092285156,58.966957092285156,58.966957092285156,200.0
2019-03-26,54.07656215062896,54.435646057128906,54.07656215062896,54.435646057128906,2100.0
2019-03-27,54.435646057128906,54.435646057128906,54.435646057128906,54.435646057128906,0.0
2019-03-28,54.435646057128906,54.435646057128906,54.435646057128906,54.435646057128906,0.0
2019-03-29,54.435646057128906,54.435646057128906,54.435646057128906,54.435646057128906,0.0
2019-04-01,55.24786376953125,55.24786376953125,55.24786376953125,55.24786376953125,2100.0
2019-04-02,55.24786376953125,55.24786376953125,55.24786376953125,55.24786376953125,0.0
2019-04-03,57.93245315551758,57.93245315551758,57.93245315551758,57.93245315551758,100.0
2019-04-04,58.47700500488281,58.47700500488281,58.47700500488281,58.47700500488281,0.0
2019-04-05,58.47700500488281,58.47700500488281,58.47700500488281,58.47700500488281,0.0
2019-04-08,58.98617935180664,58.98617935180664,58.98617935180664,58.98617935180664,2000.0
2019-04-09,58.98617935180664,58.98617935180664,58.98617935180664,58.98617935180664,0.0
2019-04-10,58.98617935180664,58.98617935180664,58.98617935180664,58.98617935180664,100.0
2019-04-11,59.24507712641977,59.61616817781501,59.24507712641977,59.60753631591797,800.0
2019-04-12,59.892335004817696,60.401502980950724,59.892335004817696,59.978633880615234,800.0
2019-04-15,59.978633880615234,59.978633880615234,59.978633880615234,59.978633880615234,0.0
2019-04-16,60.91067123413086,60.91067123413086,60.91067123413086,60.91067123413086,200.0
2019-04-17,60.91067123413086,60.91067123413086,60.91067123413086,60.91067123413086,0.0
2019-04-18,60.91067123413086,60.91067123413086,60.91067123413086,60.91067123413086,0.0
2019-04-22,60.32383728027344,60.32383728027344,60.32383728027344,60.32383728027344,100.0
2019-04-23,60.32383728027344,60.32383728027344,60.32383728027344,60.32383728027344,0.0
2019-04-24,60.32383728027344,60.32383728027344,60.32383728027344,60.32383728027344,0.0
2019-04-25,60.32383728027344,60.32383728027344,60.32383728027344,60.32383728027344,0.0
2019-04-26,60.32383728027344,60.32383728027344,60.32383728027344,60.32383728027344,100.0
2019-04-29,60.32383728027344,60.32383728027344,60.32383728027344,60.32383728027344,0.0
2019-04-30,61.048742051564574,61.048742051564574,61.01422119140625,61.01422119140625,600.0
2019-05-01,61.01422119140625,61.01422119140625,61.01422119140625,61.01422119140625,0.0
2019-05-02,61.01422119140625,61.01422119140625,61.01422119140625,61.01422119140625,0.0
2019-05-03,61.01422119140625,61.01422119140625,61.01422119140625,61.01422119140625,0.0
2019-05-06,61.01422119140625,61.01422119140625,61.01422119140625,61.01422119140625,100.0
2019-05-07,61.01422119140625,61.01422119140625,61.01422119140625,61.01422119140625,0.0
2019-05-08,61.01422119140625,61.01422119140625,61.01422119140625,61.01422119140625,0.0
2019-05-09,61.01422119140625,61.01422119140625,61.01422119140625,61.01422119140625,0.0
2019-05-10,61.01422119140625,61.01422119140625,61.01422119140625,61.01422119140625,0.0
2019-05-13,61.01422119140625,61.01422119140625,61.01422119140625,61.01422119140625,0.0
2019-05-14,61.01422119140625,61.01422119140625,61.01422119140625,61.01422119140625,0.0
2019-05-15,60.876155853271484,60.876155853271484,60.876155853271484,60.876155853271484,100.0
2019-05-16,60.876155853271484,60.876155853271484,60.876155853271484,60.876155853271484,0.0
2019-05-17,60.36698748338613,60.36698748338613,59.54713821411133,59.54713821411133,2000.0
2019-05-20,59.54713821411133,59.54713821411133,59.54713821411133,59.54713821411133,0.0
2019-05-21,59.849178314208984,59.849178314208984,59.849178314208984,59.849178314208984,200.0
2019-05-22,59.849178314208984,59.849178314208984,59.849178314208984,59.849178314208984,0.0
2019-05-23,59.849178314208984,59.849178314208984,59.849178314208984,59.849178314208984,0.0
2019-05-24,59.849178314208984,59.849178314208984,59.849178314208984,59.849178314208984,0.0
2019-05-28,59.849178314208984,59.849178314208984,59.849178314208984,59.849178314208984,0.0
2019-05-29,59.849178314208984,59.849178314208984,59.849178314208984,59.849178314208984,0.0
2019-05-30,59.849178314208984,59.849178314208984,59.849178314208984,59.849178314208984,0.0
2019-05-31,59.849178314208984,59.849178314208984,59.849178314208984,59.849178314208984,0.0
2019-06-03,59.849178314208984,59.849178314208984,59.849178314208984,59.849178314208984,0.0
2019-06-04,56.138267517089844,56.138267517089844,56.138267517089844,56.138267517089844,500.0
2019-06-05,57.17387008666992,57.17387008666992,57.17387008666992,57.17387008666992,300.0
2019-06-06,57.17387008666992,57.17387008666992,57.17387008666992,57.17387008666992,0.0
2019-06-07,57.17387008666992,57.17387008666992,57.17387008666992,57.17387008666992,0.0
2019-06-10,55.13718962753457,55.13718962753457,55.10266876220703,55.10266876220703,500.0
2019-06-11,55.10266876220703,55.10266876220703,55.10266876220703,55.10266876220703,0.0
2019-06-12,55.10266876220703,55.10266876220703,55.10266876220703,55.10266876220703,0.0
2019-06-13,61.7736710651847,61.7736710651847,61.67874033946518,61.73051834106445,700.0
2019-06-14,61.73051834106445,61.73051834106445,61.73051834106445,61.73051834106445,0.0
2019-06-17,61.29037857055664,61.29037857055664,61.29037857055664,61.29037857055664,300.0
2019-06-18,61.29037857055664,61.29037857055664,61.29037857055664,61.29037857055664,0.0
2019-06-19,61.29037857055664,61.29037857055664,61.29037857055664,61.29037857055664,0.0
2019-06-20,61.29037857055664,61.29037857055664,61.29037857055664,61.29037857055664,0.0
2019-06-21,61.29037857055664,61.29037857055664,61.29037857055664,61.29037857055664,0.0
2019-06-24,61.29037857055664,61.29037857055664,61.29037857055664,61.29037857055664,0.0
2019-06-25,61.29037857055664,61.29037857055664,61.29037857055664,61.29037857055664,0.0
2019-06-26,61.29037857055664,61.29037857055664,61.29037857055664,61.29037857055664,0.0
2019-06-27,61.29037857055664,61.29037857055664,61.29037857055664,61.29037857055664,0.0
2019-06-28,61.29037857055664,61.29037857055664,61.29037857055664,61.29037857055664,0.0
2019-07-01,61.29037857055664,61.29037857055664,61.29037857055664,61.29037857055664,0.0
2019-07-02,63.094058990478516,63.094058990478516,63.094058990478516,63.094058990478516,200.0
2019-07-03,63.094058990478516,63.094058990478516,63.094058990478516,63.094058990478516,0.0
2019-07-05,62.222423487745225,62.274208068847656,62.222423487745225,62.274208068847656,300.0
2019-07-08,62.22243118286133,62.22243118286133,62.22243118286133,62.22243118286133,100.0
2019-07-09,62.22243118286133,62.22243118286133,62.22243118286133,62.22243118286133,0.0
2019-07-10,61.946273803710945,61.946273803710945,61.946273803710945,61.94627380371094,100.0
2019-07-11,61.946273803710945,61.946273803710945,61.946273803710945,61.94627380371094,0.0
2019-07-12,61.946273803710945,61.946273803710945,61.946273803710945,61.94627380371094,100.0
2019-07-15,61.946273803710945,61.946273803710945,61.946273803710945,61.94627380371094,0.0
2019-07-16,61.946273803710945,61.946273803710945,61.946273803710945,61.94627380371094,0.0
2019-07-17,61.946273803710945,61.946273803710945,61.946273803710945,61.94627380371094,0.0
2019-07-18,61.946273803710945,61.946273803710945,61.946273803710945,61.94627380371094,0.0
2019-07-19,61.946273803710945,61.946273803710945,61.946273803710945,61.94627380371094,0.0
2019-07-22,64.06062529869664,64.06062529869664,63.77583312988281,63.77583312988281,1100.0
2019-07-23,63.77583312988281,63.77583312988281,63.77583312988281,63.77583312988281,0.0
2019-07-24,63.77583312988281,63.77583312988281,63.77583312988281,63.77583312988281,0.0
2019-07-25,64.12104034423828,64.12104034423828,64.12104034423828,64.12104034423828,1200.0
2019-07-26,64.12104034423828,64.12104034423828,64.12104034423828,64.12104034423828,100.0
2019-07-29,66.83949955079494,66.88265228271484,66.83949955079494,66.88265228271484,1000.0
2019-07-30,65.67444610595703,65.67444610595703,65.67444610595703,65.67444610595703,1500.0
2019-07-31,65.32922985517007,65.32922985517007,64.57842254638672,64.57842254638672,1100.0
2019-08-01,64.57842254638672,64.57842254638672,64.57842254638672,64.57842254638672,1500.0
2019-08-02,64.57842254638672,64.57842254638672,64.57842254638672,64.57842254638672,100.0
2019-08-05,64.57842254638672,64.57842254638672,64.57842254638672,64.57842254638672,100.0
2019-08-06,64.57842254638672,64.57842254638672,64.57842254638672,64.57842254638672,100.0
2019-08-07,64.57842254638672,64.57842254638672,64.57842254638672,64.57842254638672,100.0
2019-08-08,64.57842254638672,64.57842254638672,64.57842254638672,64.57842254638672,0.0
2019-08-09,62.65394592285156,62.65394592285156,62.65394592285156,62.65394592285156,200.0
2019-08-12,62.65394592285156,62.65394592285156,62.65394592285156,62.65394592285156,200.0
2019-08-13,62.65394592285156,62.65394592285156,62.65394592285156,62.65394592285156,200.0
2019-08-14,62.412296295166016,62.412296295166016,62.412296295166016,62.412296295166016,1500.0
2019-08-15,62.412296295166016,62.412296295166016,62.412296295166016,62.412296295166016,1500.0
2019-08-16,62.412296295166016,62.412296295166016,62.412296295166016,62.412296295166016,0.0
2019-08-19,62.412296295166016,62.412296295166016,62.412296295166016,62.412296295166016,0.0
2019-08-20,62.412296295166016,62.412296295166016,62.412296295166016,62.412296295166016,0.0
2019-08-21,62.412296295166016,62.412296295166016,62.412296295166016,62.412296295166016,0.0
2019-08-22,62.412296295166016,62.412296295166016,62.412296295166016,62.412296295166016,0.0
2019-08-23,62.412296295166016,62.412296295166016,62.412296295166016,62.412296295166016,0.0
2019-08-26,62.999122619628906,62.999122619628906,62.999122619628906,62.999122619628906,800.0
2019-08-27,62.999122619628906,62.999122619628906,62.999122619628906,62.999122619628906,0.0
2019-08-28,61.24723815917969,61.24723815917969,61.24723815917969,61.24723815917969,5700.0
2019-08-29,61.24723815917969,61.24723815917969,61.24723815917969,61.24723815917969,0.0
2019-08-30,61.24723815917969,61.24723815917969,61.24723815917969,61.24723815917969,0.0
2019-09-03,65.12213134765625,65.12213134765625,65.12213134765625,65.12213134765625,600.0
2019-09-04,65.12213134765625,65.12213134765625,65.12213134765625,65.12213134765625,0.0
2019-09-05,68.3238504060878,69.25589392320165,68.3238504060878,68.608642578125,600.0
2019-09-06,67.74562672713544,67.74562672713544,67.10700737608057,67.2709732055664,3100.0
2019-09-09,67.2709732055664,67.2709732055664,67.2709732055664,67.2709732055664,0.0
2019-09-10,67.2709732055664,67.2709732055664,67.2709732055664,67.2709732055664,0.0
2019-09-11,67.2709732055664,67.2709732055664,67.2709732055664,67.2709732055664,0.0
2019-09-12,67.2709732055664,67.2709732055664,67.2709732055664,67.2709732055664,0.0
2019-09-13,66.2440185546875,66.2440185546875,66.2440185546875,66.2440185546875,2900.0
2019-09-16,66.2440185546875,66.2440185546875,66.2440185546875,66.2440185546875,0.0
2019-09-17,64.81145477294922,64.81145477294922,64.81145477294922,64.81145477294922,300.0
2019-09-18,64.81145477294922,64.81145477294922,64.81145477294922,64.81145477294922,0.0
2019-09-19,65.19117736816406,65.19117736816406,65.19117736816406,65.19117736816406,800.0
2019-09-20,65.19117736816406,65.19117736816406,65.19117736816406,65.19117736816406,0.0
2019-09-23,65.19117736816406,65.19117736816406,65.19117736816406,65.19117736816406,0.0
2019-09-24,65.19117736816406,65.19117736816406,65.19117736816406,65.19117736816406,0.0
2019-09-25,65.19117736816406,65.19117736816406,65.19117736816406,65.19117736816406,100.0
2019-09-26,65.19117736816406,65.19117736816406,65.19117736816406,65.19117736816406,0.0
2019-09-27,65.19117736816406,65.19117736816406,65.19117736816406,65.19117736816406,0.0
2019-09-30,63.8189811706543,63.8189811706543,63.8189811706543,63.8189811706543,100.0
2019-10-01,63.8189811706543,63.8189811706543,63.8189811706543,63.8189811706543,100.0
2019-10-02,63.8189811706543,63.8189811706543,63.8189811706543,63.8189811706543,0.0
2019-10-03,63.8189811706543,63.8189811706543,63.8189811706543,63.8189811706543,100.0
2019-10-04,63.8189811706543,63.8189811706543,63.8189811706543,63.8189811706543,0.0
2019-10-07,67.7887969800148,67.7887969800148,67.62482452392578,67.62482452392578,500.0
2019-10-08,67.7456283569336,67.7456283569336,67.7456283569336,67.7456283569336,100.0
2019-10-09,67.7456283569336,67.7456283569336,67.7456283569336,67.7456283569336,0.0
2019-10-10,67.35730743408203,67.35730743408203,67.35730743408203,67.35730743408203,100.0
2019-10-11,67.35730743408203,67.35730743408203,67.35730743408203,67.35730743408203,0.0
2019-10-14,70.20519256591797,70.20519256591797,70.20519256591797,70.20519256591797,100.0
2019-10-15,70.20519256591797,70.20519256591797,70.20519256591797,70.20519256591797,0.0
2019-10-16,70.20519256591797,70.20519256591797,70.20519256591797,70.20519256591797,0.0
2019-10-17,70.42958068847656,70.42958068847656,70.42958068847656,70.42958068847656,800.0
2019-10-18,70.42958068847656,70.42958068847656,70.42958068847656,70.42958068847656,100.0
2019-10-21,70.42958068847656,70.42958068847656,70.42958068847656,70.42958068847656,0.0
2019-10-22,72.32818603515625,72.32818603515625,72.32818603515625,72.32818603515625,200.0
2019-10-23,72.74243146805665,72.74243146805665,72.02613830566406,72.02613830566406,2000.0
2019-10-24,73.30050659179688,73.30050659179688,73.30050659179688,73.30050659179688,0.0
2019-10-25,73.76598358154297,73.76598358154297,73.76598358154297,73.76598358154297,1500.0
2019-10-28,73.64302062988281,73.64302062988281,73.64302062988281,73.64302062988281,100.0
2019-10-29,73.64302062988281,73.64302062988281,73.64302062988281,73.64302062988281,0.0
2019-10-30,73.64302062988281,73.64302062988281,73.64302062988281,73.64302062988281,0.0
2019-10-31,74.83746649005094,74.83746649005094,74.65303039550781,74.65303039550781,400.0
2019-11-01,74.65303039550781,74.65303039550781,74.65303039550781,74.65303039550781,0.0
2019-11-04,74.4773941040039,74.4773941040039,74.4773941040039,74.4773941040039,400.0
2019-11-05,74.4773941040039,74.4773941040039,74.4773941040039,74.4773941040039,0.0
2019-11-06,76.49741955462619,76.49741955462619,76.46228790283203,76.46228790283203,200.0
2019-11-07,76.46228790283203,76.46228790283203,76.46228790283203,76.46228790283203,0.0
2019-11-08,76.46228790283203,76.46228790283203,76.46228790283203,76.46228790283203,0.0
2019-11-11,76.46228790283203,76.46228790283203,76.46228790283203,76.46228790283203,0.0
2019-11-12,76.67307158974329,76.67307158974329,75.89141082763672,75.89141082763672,1400.0
2019-11-13,75.89141082763672,75.89141082763672,75.89141082763672,75.89141082763672,100.0
2019-11-14,75.89141082763672,75.89141082763672,75.89141082763672,75.89141082763672,0.0
2019-11-15,75.89141082763672,75.89141082763672,75.89141082763672,75.89141082763672,0.0
2019-11-18,75.89141082763672,75.89141082763672,75.89141082763672,75.89141082763672,0.0
2019-11-19,75.89141082763672,75.89141082763672,75.89141082763672,75.89141082763672,0.0
2019-11-20,75.3117446899414,75.3117446899414,75.3117446899414,75.3117446899414,100.0
2019-11-21,75.61034393310547,75.61034393310547,75.61034393310547,75.61034393310547,900.0
2019-11-22,75.61034393310547,75.61034393310547,75.61034393310547,75.61034393310547,0.0
2019-11-25,77.41959381103516,77.41959381103516,77.41959381103516,77.41959381103516,300.0
2019-11-26,77.41959381103516,77.41959381103516,77.41959381103516,77.41959381103516,0.0
2019-11-27,78.78091430664062,78.78091430664062,78.78091430664062,78.78091430664062,300.0
2019-11-29,78.78091430664062,78.78091430664062,78.78091430664062,78.78091430664062,0.0
2019-12-02,78.78091430664062,78.78091430664062,78.78091430664062,78.78091430664062,0.0
2019-12-03,74.0031162091387,74.66181945800781,74.0031162091387,74.66181945800781,400.0
2019-12-04,75.70695286619375,75.70695286619375,75.24147033691406,75.24147033691406,1900.0
2019-12-05,76.13731975656555,76.13731975656555,76.10218811035156,76.10218811035156,900.0
2019-12-06,76.57644481279709,76.84870665788316,76.54131317138672,76.54131317138672,7100.0
2019-12-09,76.54131317138672,76.54131317138672,76.54131317138672,76.54131317138672,0.0
2019-12-10,76.54131317138672,76.54131317138672,76.54131317138672,76.54131317138672,0.0
2019-12-11,76.54131317138672,76.54131317138672,76.54131317138672,76.54131317138672,0.0
2019-12-12,77.09464900689902,77.09464900689902,76.55012512207031,76.55012512207031,24700.0
2019-12-13,77.99049289906831,77.99049289906831,77.6391830444336,77.6391830444336,2400.0
2019-12-16,77.6391830444336,77.6391830444336,77.6391830444336,77.6391830444336,0.0
2019-12-17,78.78091167952331,79.9226667418199,78.78091167952331,79.88753509521484,2000.0
2019-12-18,78.95657007363457,79.06195831298828,78.95657007363457,79.06195831298828,10200.0
2019-12-19,78.73700048374529,79.08831024169922,78.73700048374529,79.08831024169922,600.0
2019-12-20,80.00171489899873,80.00171489899873,79.75580005199089,79.79093170166016,3200.0
2019-12-23,80.07198504654482,80.10711669921875,80.07198504654482,80.10711669921875,600.0
2019-12-24,80.10711669921875,80.10711669921875,80.10711669921875,80.10711669921875,0.0
2019-12-26,80.1861572265625,80.1861572265625,80.1861572265625,80.1861572265625,1500.0
2019-12-27,80.1861572265625,80.1861572265625,80.1861572265625,80.1861572265625,0.0
2019-12-30,80.1861572265625,80.1861572265625,80.1861572265625,80.1861572265625,0.0
2019-12-31,80.45840454101562,80.45840454101562,80.45840454101562,80.45840454101562,100.0
2020-01-02,81.40695211072394,81.40695211072394,80.40572357177734,80.40572357177734,300.0
2020-01-03,81.11713938852645,81.11713938852645,80.14225769042969,80.14225769042969,2900.0
2020-01-06,80.14225769042969,80.14225769042969,80.14225769042969,80.14225769042969,0.0
2020-01-07,80.14225769042969,80.14225769042969,80.14225769042969,80.14225769042969,0.0
2020-01-08,79.86997814561659,79.86997814561659,79.83484649658203,79.83484649658203,400.0
2020-01-09,79.83484649658203,79.83484649658203,79.83484649658203,79.83484649658203,0.0
2020-01-10,79.83484649658203,79.83484649658203,79.83484649658203,79.83484649658203,0.0
2020-01-13,79.83484649658203,79.83484649658203,79.83484649658203,79.83484649658203,0.0
2020-01-14,79.83484649658203,79.83484649658203,79.83484649658203,79.83484649658203,0.0
2020-01-15,82.55748748779297,82.55748748779297,82.55748748779297,82.55748748779297,800.0
2020-01-16,82.55748748779297,82.55748748779297,82.55748748779297,82.55748748779297,0.0
2020-01-17,82.55748748779297,82.55748748779297,82.55748748779297,82.55748748779297,0.0
2020-01-21,82.55748748779297,82.55748748779297,82.55748748779297,82.55748748779297,0.0
2020-01-22,82.55748748779297,82.55748748779297,82.55748748779297,82.55748748779297,0.0
2020-01-23,82.55748748779297,82.55748748779297,82.55748748779297,82.55748748779297,0.0
2020-01-24,82.55748748779297,82.55748748779297,82.55748748779297,82.55748748779297,0.0
2020-01-27,78.69309997558594,78.69309997558594,78.69309997558594,78.69309997558594,1400.0
2020-01-28,78.69309997558594,78.69309997558594,78.69309997558594,78.69309997558594,0.0
2020-01-29,78.69309997558594,78.69309997558594,78.69309997558594,78.69309997558594,0.0
2020-01-30,79.87874603271484,79.87874603271484,79.87874603271484,79.87874603271484,100.0
2020-01-31,79.87874603271484,79.87874603271484,79.87874603271484,79.87874603271484,0.0
2020-02-03,78.56134796142578,78.56134796142578,78.56134796142578,78.56134796142578,300.0
2020-02-04,83.75192747686283,83.77827453613281,83.75192747686283,83.77827453613281,1900.0
2020-02-05,83.77827453613281,83.77827453613281,83.77827453613281,83.77827453613281,700.0
2020-02-06,83.77827453613281,83.77827453613281,83.77827453613281,83.77827453613281,0.0
2020-02-07,84.53358459472656,84.53358459472656,84.53358459472656,84.53358459472656,8700.0
2020-02-10,84.823428565521,84.823428565521,84.40185546875,84.40185546875,300.0
2020-02-11,84.40185546875,84.40185546875,84.40185546875,84.40185546875,0.0
2020-02-12,86.59752316495796,86.65022398379415,85.9388198852539,85.9388198852539,6300.0
2020-02-13,86.764410343316,87.39676666259766,86.764410343316,87.39676666259766,2600.0
2020-02-14,87.39676666259766,87.39676666259766,87.39676666259766,87.39676666259766,0.0
2020-02-18,87.39676666259766,87.39676666259766,87.39676666259766,87.39676666259766,0.0
2020-02-19,86.24621580254491,86.24621580254491,86.07056427001953,86.07056427001953,200.0
2020-02-20,85.9388198852539,85.9388198852539,85.9388198852539,85.9388198852539,100.0
2020-02-21,85.9388198852539,85.9388198852539,85.9388198852539,85.9388198852539,0.0
2020-02-24,82.86487579345703,82.86487579345703,82.86487579345703,82.86487579345703,200.0
2020-02-25,82.86487579345703,82.86487579345703,82.86487579345703,82.86487579345703,0.0
2020-02-26,82.45209503173828,82.45209503173828,82.45209503173828,82.45209503173828,500.0
2020-02-27,79.61527252197266,79.61527252197266,79.61527252197266,79.61527252197266,1000.0
2020-02-28,79.61527252197266,79.61527252197266,79.61527252197266,79.61527252197266,0.0
2020-03-02,75.66304779052734,75.66304779052734,75.66304779052734,75.66304779052734,600.0
2020-03-03,75.66304779052734,75.66304779052734,75.66304779052734,75.66304779052734,0.0
2020-03-04,80.41448974609375,80.41448974609375,80.41448974609375,80.41448974609375,100.0
2020-03-05,80.3618179372106,80.98538970947266,80.3618179372106,80.98538970947266,500.0
2020-03-06,75.57522368255655,76.87506103515625,75.53130745144226,76.87506103515625,2300.0
2020-03-09,76.87506103515625,76.87506103515625,76.87506103515625,76.87506103515625,0.0
2020-03-10,75.57522368255655,76.87506103515625,75.53130745144226,76.87506103515625,0.0
2020-03-11,76.87506103515625,76.87506103515625,76.87506103515625,76.87506103515625,0.0
2020-03-12,76.87506103515625,76.87506103515625,76.87506103515625,76.87506103515625,0.0
2020-03-13,59.529211889042976,59.529211889042976,59.4150390625,59.4150390625,8300.0
2020-03-16,59.4150390625,59.4150390625,59.4150390625,59.4150390625,0.0
2020-03-17,51.949737548828125,51.949737548828125,51.949737548828125,51.949737548828125,1100.0
2020-03-18,51.949737548828125,51.949737548828125,51.949737548828125,51.949737548828125,0.0
2020-03-19,43.39537352360445,48.313690185546875,42.94745675113548,48.313690185546875,800.0
2020-03-20,48.313690185546875,48.313690185546875,48.313690185546875,48.313690185546875,0.0
2020-03-23,41.24360827213361,41.24360827213361,39.021583557128906,39.021583557128906,300.0
2020-03-24,39.021583557128906,39.021583557128906,39.021583557128906,39.021583557128906,0.0
2020-03-25,39.021583557128906,39.021583557128906,39.021583557128906,39.021583557128906,0.0
2020-03-26,39.021583557128906,39.021583557128906,39.021583557128906,39.021583557128906,0.0
2020-03-27,39.021583557128906,39.021583557128906,39.021583557128906,39.021583557128906,0.0
2020-03-30,51.6686897277832,51.6686897277832,51.6686897277832,51.6686897277832,300.0
2020-03-31,51.6686897277832,51.6686897277832,51.6686897277832,51.6686897277832,0.0
2020-04-01,51.6686897277832,51.6686897277832,51.6686897277832,51.6686897277832,1400.0
2020-04-02,51.6686897277832,51.6686897277832,51.6686897277832,51.6686897277832,0.0
2020-04-03,47.79551315307617,47.79551315307617,47.79551315307617,47.79551315307617,200.0
2020-04-06,47.79551315307617,47.79551315307617,47.79551315307617,47.79551315307617,0.0
2020-04-07,54.36498260498047,54.36498260498047,54.36498260498047,54.36498260498047,200.0
2020-04-08,54.36498260498047,54.36498260498047,54.36498260498047,54.36498260498047,2600.0
2020-04-09,54.36498260498047,54.36498260498047,54.36498260498047,54.36498260498047,0.0
2020-04-13,54.36498260498047,54.36498260498047,54.36498260498047,54.36498260498047,0.0
2020-04-14,56.23570250569876,57.31597900390625,56.23570250569876,57.31597900390625,300.0
2020-04-15,57.31597900390625,57.31597900390625,57.31597900390625,57.31597900390625,0.0
2020-04-16,54.891949329760216,54.891949329760216,53.31106185913086,53.31106185913086,1700.0
2020-04-17,53.31106185913086,53.31106185913086,53.31106185913086,53.31106185913086,0.0
2020-04-20,56.692405700683594,56.692405700683594,56.692405700683594,56.692405700683594,2400.0
2020-04-21,56.692405700683594,56.692405700683594,56.692405700683594,56.692405700683594,0.0
2020-04-22,56.692405700683594,56.692405700683594,56.692405700683594,56.692405700683594,0.0
2020-04-23,56.235694885253906,56.235694885253906,56.235694885253906,56.235694885253906,100.0
2020-04-24,58.17668692148384,59.29209518432617,58.17668692148384,59.29209518432617,200.0
2020-04-27,59.29209518432617,59.29209518432617,59.29209518432617,59.29209518432617,0.0
2020-04-28,63.37604522705078,63.37604522705078,63.37604522705078,63.37604522705078,300.0
2020-04-29,63.37604522705078,63.37604522705078,63.37604522705078,63.37604522705078,0.0
2020-04-30,62.796390533447266,62.796390533447266,62.796390533447266,62.796390533447266,300.0
2020-05-01,62.796390533447266,62.796390533447266,62.796390533447266,62.796390533447266,0.0
2020-05-04,62.796390533447266,62.796390533447266,62.796390533447266,62.796390533447266,0.0
2020-05-05,62.796390533447266,62.796390533447266,62.796390533447266,62.796390533447266,0.0
2020-05-06,62.796390533447266,62.796390533447266,62.796390533447266,62.796390533447266,500.0
2020-05-07,62.796390533447266,62.796390533447266,62.796390533447266,62.796390533447266,0.0
2020-05-08,62.374786376953125,62.374786376953125,62.374786376953125,62.374786376953125,200.0
2020-05-11,63.03351593017578,63.03351593017578,63.03351593017578,63.03351593017578,200.0
2020-05-12,63.03351593017578,63.03351593017578,63.03351593017578,63.03351593017578,0.0
2020-05-13,66.14260821293786,66.14260821293786,64.43876647949219,64.43876647949219,600.0
2020-05-14,61.39115265123852,62.08498764038086,61.39115265123852,62.08498764038086,300.0
2020-05-15,62.08498764038086,62.08498764038086,62.08498764038086,62.08498764038086,0.0
2020-05-18,62.08498764038086,62.08498764038086,62.08498764038086,62.08498764038086,0.0
2020-05-19,64.65831912104528,66.13381479889016,64.65831912104528,65.6946792602539,3100.0
2020-05-20,65.6946792602539,65.6946792602539,65.6946792602539,65.6946792602539,0.0
2020-05-21,65.03597259521484,65.03597259521484,65.03597259521484,65.03597259521484,200.0
2020-05-22,66.3709487915039,66.3709487915039,66.3709487915039,66.3709487915039,1100.0
2020-05-26,70.52519226074219,70.52519226074219,70.52519226074219,70.52519226074219,100.0
2020-05-27,70.52519226074219,70.52519226074219,70.52519226074219,70.52519226074219,0.0
2020-05-28,69.47124240944336,69.47124240944336,68.98819732666016,68.98819732666016,1400.0
2020-05-29,69.86646701063421,69.86646701063421,69.55906677246094,69.55906677246094,800.0
2020-06-01,70.28803253173828,70.28803253173828,70.28803253173828,70.28803253173828,200.0
2020-06-02,70.28803253173828,70.28803253173828,70.28803253173828,70.28803253173828,0.0
2020-06-03,70.28803253173828,70.28803253173828,70.28803253173828,70.28803253173828,0.0
2020-06-04,70.28803253173828,70.28803253173828,70.28803253173828,70.28803253173828,0.0
2020-06-05,70.28803253173828,70.28803253173828,70.28803253173828,70.28803253173828,0.0
2020-06-08,70.28803253173828,70.28803253173828,70.28803253173828,70.28803253173828,0.0
2020-06-09,70.3495101928711,70.3495101928711,70.3495101928711,70.3495101928711,700.0
2020-06-10,71.27169799804688,71.27169799804688,71.27169799804688,71.27169799804688,600.0
2020-06-11,67.17018166314185,67.36339569091797,67.17018166314185,67.36339569091797,500.0
2020-06-12,67.36339569091797,67.36339569091797,67.36339569091797,67.36339569091797,100.0
2020-06-15,67.49513244628906,67.49513244628906,67.49513244628906,67.49513244628906,200.0
2020-06-16,72.01822662353516,72.01822662353516,72.01822662353516,72.01822662353516,300.0
2020-06-17,72.01822662353516,72.01822662353516,72.01822662353516,72.01822662353516,100.0
2020-06-18,72.01822662353516,72.01822662353516,72.01822662353516,72.01822662353516,0.0
2020-06-19,72.01822662353516,72.01822662353516,72.01822662353516,72.01822662353516,0.0
2020-06-22,72.58911895751953,72.58911895751953,72.58911895751953,72.58911895751953,100.0
2020-06-23,72.53640668556606,72.53640668556606,72.50128173828125,72.50128173828125,500.0
2020-06-24,72.50128173828125,72.50128173828125,72.50128173828125,72.50128173828125,0.0
2020-06-25,68.28556823730469,68.28556823730469,68.28556823730469,68.28556823730469,200.0
2020-06-26,68.90037536621094,68.90037536621094,68.90037536621094,68.90037536621094,1600.0
2020-06-29,70.0421142578125,70.0421142578125,70.0421142578125,70.0421142578125,200.0
2020-06-30,71.55273883593868,72.14996337890625,71.55273883593868,72.14996337890625,1200.0
2020-07-01,72.50128173828125,72.50128173828125,72.50128173828125,72.50128173828125,100.0
2020-07-02,72.50128173828125,72.50128173828125,72.50128173828125,72.50128173828125,0.0
2020-07-06,72.3783187866211,72.3783187866211,72.3783187866211,72.3783187866211,200.0
2020-07-07,72.3783187866211,72.3783187866211,72.3783187866211,72.3783187866211,0.0
2020-07-08,72.3783187866211,72.3783187866211,72.3783187866211,72.3783187866211,0.0
2020-07-09,74.12608337402344,74.12608337402344,73.95042513078822,74.12608337402344,300.0
2020-07-10,74.12608337402344,74.12608337402344,74.12608337402344,74.12608337402344,0.0
2020-07-13,74.12608337402344,74.12608337402344,74.12608337402344,74.12608337402344,0.0
2020-07-14,73.59912872314453,73.59912872314453,73.59912872314453,73.59912872314453,1900.0
2020-07-15,76.42713161275469,76.42713161275469,75.83869171142578,75.83869171142578,700.0
2020-07-16,76.33930790844593,76.54131317138672,76.33930790844593,76.54131317138672,500.0
2020-07-17,76.54131317138672,76.54131317138672,76.54131317138672,76.54131317138672,0.0
2020-07-20,76.71697998046875,76.71697998046875,76.71697998046875,76.71697998046875,200.0
2020-07-21,76.71697998046875,76.71697998046875,76.71697998046875,76.71697998046875,0.0
2020-07-22,76.71697998046875,76.71697998046875,76.71697998046875,76.71697998046875,0.0
2020-07-23,76.71697998046875,76.71697998046875,76.71697998046875,76.71697998046875,0.0
2020-07-24,76.71697998046875,76.71697998046875,76.71697998046875,76.71697998046875,0.0
2020-07-27,79.1322250366211,79.1322250366211,79.1322250366211,79.1322250366211,400.0
2020-07-28,79.1322250366211,79.1322250366211,79.1322250366211,79.1322250366211,0.0
2020-07-29,80.0105209350586,80.0105209350586,80.0105209350586,80.0105209350586,600.0
2020-07-30,80.0105209350586,80.0105209350586,80.0105209350586,80.0105209350586,0.0
2020-07-31,78.48231058867607,78.48231058867607,78.47352600097656,78.47352600097656,2200.0
2020-08-03,80.21251678466797,80.21251678466797,80.21251678466797,80.21251678466797,200.0
2020-08-04,80.21251678466797,80.21251678466797,80.21251678466797,80.21251678466797,0.0
2020-08-05,80.21251678466797,80.21251678466797,80.21251678466797,80.21251678466797,0.0
2020-08-06,80.71312713623047,80.71312713623047,80.71312713623047,80.71312713623047,400.0
2020-08-07,80.71312713623047,80.71312713623047,80.71312713623047,80.71312713623047,0.0
2020-08-10,80.71312713623047,80.71312713623047,80.71312713623047,80.71312713623047,0.0
2020-08-11,80.71312713623047,80.71312713623047,80.71312713623047,80.71312713623047,0.0
2020-08-12,82.6980209350586,82.6980209350586,82.6980209350586,82.6980209350586,4000.0
2020-08-13,83.69921875,83.69921875,83.69921875,83.69921875,700.0
2020-08-14,83.69921875,83.69921875,83.69921875,83.69921875,0.0
2020-08-17,82.99662111888726,83.34793090820312,82.99662111888726,83.34793090820312,400.0
2020-08-18,85.32404095721948,86.27257537841797,85.32404095721948,86.27257537841797,700.0
2020-08-19,86.2813495479408,86.2813495479408,85.9476089477539,85.9476089477539,900.0
2020-08-20,85.9476089477539,85.9476089477539,85.9476089477539,85.9476089477539,0.0
2020-08-21,85.9476089477539,85.9476089477539,85.9476089477539,85.9476089477539,0.0
2020-08-24,85.9476089477539,85.9476089477539,85.9476089477539,85.9476089477539,0.0
2020-08-25,85.9476089477539,85.9476089477539,85.9476089477539,85.9476089477539,0.0
2020-08-26,85.9476089477539,85.9476089477539,85.9476089477539,85.9476089477539,0.0
2020-08-27,85.9476089477539,85.9476089477539,85.9476089477539,85.9476089477539,0.0
2020-08-28,85.9476089477539,85.9476089477539,85.9476089477539,85.9476089477539,0.0
2020-08-31,85.9476089477539,85.9476089477539,85.9476089477539,85.9476089477539,0.0
2020-09-01,85.36795806884766,85.36795806884766,85.36795806884766,85.36795806884766,1600.0
2020-09-02,86.50970458984375,86.50970458984375,86.50970458984375,86.50970458984375,600.0
2020-09-03,86.50970458984375,86.50970458984375,86.50970458984375,86.50970458984375,0.0
2020-09-04,81.45963287353516,81.45963287353516,81.45963287353516,81.45963287353516,100.0
2020-09-08,81.45963287353516,81.45963287353516,81.45963287353516,81.45963287353516,0.0
2020-09-09,81.45963287353516,81.45963287353516,81.45963287353516,81.45963287353516,0.0
2020-09-10,82.32913036605628,82.32913036605628,82.29399871826172,82.29399871826172,400.0
2020-09-11,82.29399871826172,82.29399871826172,82.29399871826172,82.29399871826172,0.0
2020-09-14,82.29399871826172,82.29399871826172,82.29399871826172,82.29399871826172,0.0
2020-09-15,83.26010131835938,83.26010131835938,83.26010131835938,83.26010131835938,500.0
2020-09-16,86.94884490966797,86.94884490966797,86.94884490966797,86.94884490966797,100.0
2020-09-17,86.81710815429688,86.81710815429688,86.81710815429688,86.81710815429688,200.0
2020-09-18,85.54360500998874,85.54360500998874,84.10324096679688,84.10324096679688,200.0
2020-09-21,84.10324096679688,84.10324096679688,84.10324096679688,84.10324096679688,0.0
2020-09-22,84.10324096679688,84.10324096679688,84.10324096679688,84.10324096679688,0.0
2020-09-23,84.18228149414062,84.18228149414062,84.18228149414062,84.18228149414062,100.0
2020-09-24,84.18228149414062,84.18228149414062,84.18228149414062,84.18228149414062,0.0
2020-09-25,84.18228149414062,84.18228149414062,84.18228149414062,84.18228149414062,0.0
2020-09-28,84.18228149414062,84.18228149414062,84.18228149414062,84.18228149414062,0.0
2020-09-29,89.71538200741524,89.71538200741524,89.05667877197266,89.05667877197266,700.0
2020-09-30,88.48580932617188,88.48580932617188,88.48580932617188,88.48580932617188,400.0
2020-10-01,88.48580932617188,88.48580932617188,88.48580932617188,88.48580932617188,0.0
2020-10-02,88.48580932617188,88.48580932617188,88.48580932617188,88.48580932617188,0.0
2020-10-05,88.48580932617188,88.48580932617188,88.48580932617188,88.48580932617188,0.0
2020-10-06,90.23357717451024,90.23357717451024,86.72927711949204,86.94884490966797,1000.0
2020-10-07,86.94884490966797,86.94884490966797,86.94884490966797,86.94884490966797,0.0
2020-10-08,86.94884490966797,86.94884490966797,86.94884490966797,86.94884490966797,0.0
2020-10-09,86.94884490966797,86.94884490966797,86.94884490966797,86.94884490966797,0.0
2020-10-12,92.0428237915039,92.0428237915039,92.0428237915039,92.0428237915039,8600.0
2020-10-13,92.0428237915039,92.0428237915039,92.0428237915039,92.0428237915039,0.0
2020-10-14,93.05282592773438,93.05282592773438,93.05282592773438,93.05282592773438,800.0
2020-10-15,93.05282592773438,93.05282592773438,93.05282592773438,93.05282592773438,0.0
2020-10-16,93.05282592773438,93.05282592773438,93.05282592773438,93.05282592773438,100.0
2020-10-19,93.05282592773438,93.05282592773438,93.05282592773438,93.05282592773438,100.0
2020-10-20,93.05282592773438,93.05282592773438,93.05282592773438,93.05282592773438,0.0
2020-10-21,93.05282592773438,93.05282592773438,93.05282592773438,93.05282592773438,0.0
2020-10-22,93.05282592773438,93.05282592773438,93.05282592773438,93.05282592773438,0.0
2020-10-23,93.05282592773438,93.05282592773438,93.05282592773438,93.05282592773438,0.0
2020-10-26,93.05282592773438,93.05282592773438,93.05282592773438,93.05282592773438,0.0
2020-10-27,91.0328140258789,91.0328140258789,91.0328140258789,91.0328140258789,100.0
2020-10-28,88.13451385498047,88.13451385498047,88.13451385498047,88.13451385498047,100.0
2020-10-29,88.13451385498047,88.13451385498047,88.13451385498047,88.13451385498047,0.0
2020-10-30,88.17842102050781,88.17842102050781,88.17842102050781,88.17842102050781,100.0
2020-11-02,88.17842102050781,88.17842102050781,88.17842102050781,88.17842102050781,0.0
2020-11-03,93.84326171875,93.84326171875,93.84326171875,93.84326171875,200.0
2020-11-04,93.84326171875,93.84326171875,93.84326171875,93.84326171875,0.0
2020-11-05,93.84326171875,93.84326171875,93.84326171875,93.84326171875,0.0
2020-11-06,96.69764709472656,96.69764709472656,96.69764709472656,96.69764709472656,2000.0
2020-11-09,95.90721130371094,95.90721130371094,95.90721130371094,95.90721130371094,700.0
2020-11-10,92.78933715820312,93.29873597199231,92.78933715820312,92.78933715820312,1500.0
2020-11-11,93.53585052490234,93.53585052490234,93.53585052490234,93.53585052490234,400.0
2020-11-12,95.40087890625,95.40087890625,95.40087890625,95.40087890625,0.0
2020-11-13,95.40087890625,95.40087890625,95.40087890625,95.40087890625,700.0
2020-11-16,95.40087890625,95.40087890625,95.40087890625,95.40087890625,0.0
2020-11-17,94.9081961181017,94.9081961181017,94.2811508178711,94.2811508178711,600.0
2020-11-18,95.6248550415039,95.6248550415039,95.6248550415039,95.6248550415039,500.0
2020-11-19,95.6248550415039,95.6248550415039,95.6248550415039,95.6248550415039,0.0
2020-11-20,96.48478698730469,96.48478698730469,96.48478698730469,96.48478698730469,600.0
2020-11-23,96.48478698730469,96.48478698730469,96.48478698730469,96.48478698730469,0.0
2020-11-24,98.5361328125,98.5361328125,98.5361328125,98.5361328125,700.0
2020-11-25,98.5361328125,98.5361328125,98.5361328125,98.5361328125,0.0
2020-11-27,98.5361328125,98.5361328125,98.5361328125,98.5361328125,0.0
2020-11-30,98.5361328125,98.5361328125,98.5361328125,98.5361328125,0.0
2020-12-01,98.5361328125,98.5361328125,98.5361328125,98.5361328125,0.0
2020-12-02,100.95474355250296,101.82365417480469,100.95474355250296,101.82365417480469,4200.0
2020-12-03,101.82365417480469,101.82365417480469,101.82365417480469,101.82365417480469,0.0
2020-12-04,101.82365417480469,101.82365417480469,101.82365417480469,101.82365417480469,0.0
2020-12-07,101.82365417480469,101.82365417480469,101.82365417480469,101.82365417480469,0.0
2020-12-08,101.82365417480469,101.82365417480469,101.82365417480469,101.82365417480469,0.0
2020-12-09,101.82365417480469,101.82365417480469,101.82365417480469,101.82365417480469,0.0
2020-12-10,101.82365417480469,101.82365417480469,101.82365417480469,101.82365417480469,0.0
2020-12-11,102.20885444974185,102.29843139648438,102.20885444974185,102.29843139648438,25100.0
2020-12-14,104.40352696917259,104.40352696917259,103.32858310813478,103.50774383544922,400.0
2020-12-15,103.50774383544922,103.50774383544922,103.50774383544922,103.50774383544922,0.0
2020-12-16,106.2219467163086,106.2219467163086,106.2219467163086,106.2219467163086,1900.0
2020-12-17,106.2219467163086,106.2219467163086,106.2219467163086,106.2219467163086,0.0
2020-12-18,106.2219467163086,106.2219467163086,106.2219467163086,106.2219467163086,0.0
2020-12-21,106.15027618408203,106.15027618408203,106.15027618408203,106.15027618408203,200.0
2020-12-22,106.15027618408203,106.15027618408203,106.15027618408203,106.15027618408203,0.0
2020-12-23,106.15027618408203,106.15027618408203,106.15027618408203,106.15027618408203,0.0
2020-12-24,106.15027618408203,106.15027618408203,106.15027618408203,106.15027618408203,0.0
2020-12-28,106.15027618408203,106.15027618408203,106.15027618408203,106.15027618408203,0.0
2020-12-29,106.15027618408203,106.15027618408203,106.15027618408203,106.15027618408203,0.0
2020-12-30,106.15027618408203,106.15027618408203,106.15027618408203,106.15027618408203,0.0
2020-12-31,106.15027618408203,106.15027618408203,106.15027618408203,106.15027618408203,0.0
2021-01-04,108.02247204579824,108.02247204579824,107.74478149414062,107.74478149414062,400.0
2021-01-05,106.75943163902201,106.75943163902201,106.23987579345703,106.23987579345703,300.0
2021-01-06,108.65848541259766,108.65848541259766,108.65848541259766,108.65848541259766,100.0
2021-01-07,108.65848541259766,108.65848541259766,108.65848541259766,108.65848541259766,0.0
2021-01-08,108.65848541259766,108.65848541259766,108.65848541259766,108.65848541259766,0.0
2021-01-11,110.31568796753854,111.25625610351562,110.31568796753854,111.25625610351562,1000.0
2021-01-12,111.25625610351562,111.25625610351562,111.25625610351562,111.25625610351562,0.0
2021-01-13,111.25625610351562,111.25625610351562,111.25625610351562,111.25625610351562,0.0
2021-01-14,111.25625610351562,111.25625610351562,111.25625610351562,111.25625610351562,0.0
2021-01-15,111.25625610351562,111.25625610351562,111.25625610351562,111.25625610351562,0.0
2021-01-19,109.06158377484577,110.18131256103516,109.06158377484577,110.18131256103516,600.0
2021-01-20,110.18131256103516,110.18131256103516,110.18131256103516,110.18131256103516,0.0
2021-01-21,110.18131256103516,110.18131256103516,110.18131256103516,110.18131256103516,0.0
2021-01-22,110.18131256103516,110.18131256103516,110.18131256103516,110.18131256103516,0.0
2021-01-25,110.18131256103516,110.18131256103516,110.18131256103516,110.18131256103516,0.0
2021-01-26,110.18131256103516,110.18131256103516,110.18131256103516,110.18131256103516,0.0
2021-01-27,104.87828973802579,106.52652740478516,104.87828973802579,106.52652740478516,500.0
2021-01-28,106.52652740478516,106.52652740478516,106.52652740478516,106.52652740478516,0.0
2021-01-29,106.52652740478516,106.52652740478516,106.52652740478516,106.52652740478516,0.0
2021-02-01,106.52652740478516,106.52652740478516,106.52652740478516,106.52652740478516,0.0
2021-02-02,106.52652740478516,106.52652740478516,106.52652740478516,106.52652740478516,0.0
2021-02-03,106.52652740478516,106.52652740478516,106.52652740478516,106.52652740478516,0.0
2021-02-04,108.83763885498047,108.83763885498047,108.83763885498047,108.83763885498047,100.0
2021-02-05,106.73256017885254,106.73256017885254,105.38888549804688,105.38888549804688,200.0
2021-02-08,108.56891061972861,108.56891061972861,105.88156127929688,105.88156127929688,600.0
2021-02-09,105.88156127929688,105.88156127929688,105.88156127929688,105.88156127929688,0.0
2021-02-10,105.88156127929688,105.88156127929688,105.88156127929688,105.88156127929688,0.0
2021-02-11,105.88156127929688,105.88156127929688,105.88156127929688,105.88156127929688,0.0
2021-02-12,105.88156127929688,105.88156127929688,105.88156127929688,105.88156127929688,0.0
2021-02-16,105.88156127929688,105.88156127929688,105.88156127929688,105.88156127929688,0.0
2021-02-17,108.65849300683593,108.65849300683593,108.03144073486328,108.03144073486328,300.0
2021-02-18,105.7024065653483,107.49397277832031,105.7024065653483,107.49397277832031,700.0
2021-02-19,107.49397277832031,107.49397277832031,107.49397277832031,107.49397277832031,0.0
2021-02-22,107.49397277832031,107.49397277832031,107.49397277832031,107.49397277832031,0.0
2021-02-23,107.49397277832031,107.49397277832031,107.49397277832031,107.49397277832031,0.0
2021-02-24,109.06158447265625,109.06158447265625,109.06158447265625,109.06158447265625,200.0
2021-02-25,109.06158447265625,109.06158447265625,109.06158447265625,109.06158447265625,200.0
2021-02-26,108.16580963134766,108.16580963134766,108.16580963134766,108.16580963134766,200.0
2021-03-01,108.16580963134766,108.16580963134766,108.16580963134766,108.16580963134766,0.0
2021-03-02,107.43126082323873,107.43126082323873,106.91170501708984,106.91170501708984,300.0
2021-03-03,108.12100982666016,108.12100982666016,108.12100982666016,108.12100982666016,200.0
2021-03-04,108.12100982666016,108.12100982666016,108.12100982666016,108.12100982666016,0.0
2021-03-05,108.12100982666016,108.12100982666016,108.12100982666016,108.12100982666016,0.0
2021-03-08,107.95082725652132,107.95082725652132,107.03712463378906,107.03712463378906,6900.0
2021-03-09,104.89619151845714,110.70982147356595,104.89619151845714,109.59905242919922,26500.0
2021-03-10,111.07710464853449,111.07710464853449,107.75375016021242,108.03144073486328,45100.0
2021-03-11,111.0770869140625,112.00870201152004,111.0770869140625,111.97286987304688,26000.0
2021-03-12,110.82628706576844,112.02663314841377,110.82628706576844,111.65040588378906,22600.0
2021-03-15,112.40285281053646,113.45987701416016,111.22937244404626,113.45987701416016,27700.0
2021-03-16,113.45989382373897,113.80028895068946,112.01768244662617,113.1642837524414,21400.0
2021-03-17,112.51033823163338,112.86865278192438,110.36045776416897,111.48018646240234,30500.0
2021-03-18,108.7480717587658,109.55427793083422,107.65521526266005,108.27330780029297,17000.0
2021-03-19,106.79525137316213,106.93857310070396,106.15028651351892,106.36527252197266,11000.0
2021-03-22,107.08190802251363,107.27002164536866,106.41007072619608,106.5713119506836,13000.0
2021-03-23,105.81885248938656,112.15203857421875,105.7651076917046,112.15203857421875,43300.0
2021-03-24,105.06638726749235,106.94753017158402,104.94097819617168,105.7919692993164,40900.0
2021-03-25,106.8437578043677,108.96745111234925,106.82544619008124,108.79352569580078,39300.0
2021-03-26,108.80269044072801,111.5122299194336,108.61961618583196,111.5122299194336,39500.0
2021-03-29,112.06143093042716,112.19874007830461,111.31081550370821,111.68612670898438,33100.0
2021-03-30,109.93775609529787,111.36576169099662,109.82791434597571,111.15522003173828,44000.0
2021-03-31,109.39769084650227,110.1757668956174,109.25122585738951,109.96522521972656,25800.0
2021-04-01,113.05004823783769,114.1027423914749,112.61981616761638,113.74574279785156,64100.0
2021-04-05,114.52383242342368,116.21729349128579,114.36821862982124,116.1074447631836,13200.0
2021-04-06,114.32243783131446,114.82590240012627,114.24920535151753,114.6611328125,30500.0
2021-04-07,115.32022479062715,115.61314776059649,114.53299299936558,114.97237396240234,24500.0
2021-04-08,116.1806821011637,117.1509951136751,115.90607074518968,116.1440658569336,20900.0
2021-04-09,117.16012751574637,117.59951540108867,116.20812625069932,116.45528411865234,21700.0
2021-04-12,116.1532138407141,116.55598551628293,115.4758308276671,115.95182800292969,22800.0
2021-04-13,115.7962155411784,116.18983141486146,115.22867426308089,115.54906463623047,40000.0
2021-04-14,114.90828859064776,115.22867197359753,114.45975185451806,114.99067687988281,19500.0
2021-04-15,115.11884803194489,116.62923505232972,115.07307597708913,116.2264633178711,13400.0
2021-04-16,117.46222474647095,118.8444512427628,117.46222474647095,118.55152130126953,11100.0
2021-04-19,119.8147487587631,120.04359502149798,119.43028871348861,119.64082336425781,32500.0
2021-04-20,118.56067724105938,118.79867232901954,117.73682230396484,118.15790557861328,13000.0
2021-04-21,116.76652425449467,118.32267617271893,116.76652425449467,117.95652770996094,11000.0
2021-04-22,118.00229646317361,118.34098448014649,117.05029512216285,117.30659484863281,11800.0
2021-04-23,117.83752076038567,118.36844579787751,117.34321894902057,118.08467864990234,8600.0
2021-04-26,117.4530739968098,118.21284539681966,117.0960743238095,117.9107666015625,26900.0
2021-04-27,116.29967764852223,117.55375074322376,116.20813355310798,116.94960021972656,36500.0
2021-04-28,116.4095373470495,117.27915051696607,116.4095373470495,116.91300201416016,33400.0
2021-04-29,117.16929126792944,117.72767673033488,116.68413828868661,117.52629089355469,26200.0
2021-04-30,116.0342133161184,116.64751963630336,115.44836743059338,115.79621124267578,71500.0
2021-05-03,116.51021515049018,118.14876231179002,116.51021515049018,118.08467864990234,11700.0
2021-05-04,115.36599104392047,116.29053201457266,114.99068675846179,116.13491821289062,33600.0
2021-05-05,118.09382092583441,119.09160125128473,117.92905832040273,118.7620620727539,22000.0
2021-05-06,118.81700564624401,119.9337767442455,118.27693171279071,119.92461395263672,17600.0
2021-05-07,119.99783306491778,121.38007354736328,119.70491708717563,121.38007354736328,14600.0
2021-05-10,122.09408092135759,122.93623361872328,121.17869573278581,121.6546859741211,36900.0
2021-05-11,118.09383545887766,119.12822516805261,117.76429623979259,117.88330078125,30600.0
2021-05-12,119.63168325753666,120.25413843304239,117.40729015851478,117.8741455078125,26400.0
2021-05-13,118.17622189391273,119.55844836534567,117.34321810139949,118.58814239501953,41300.0
2021-05-14,119.15569265002758,120.27246373807881,118.75292091759336,119.94292449951172,12700.0
2021-05-17,119.0275221401786,119.69574934495904,118.70713177159824,119.2929916381836,17400.0
2021-05-18,120.4097637896045,120.9132284461798,119.61338313044797,119.97954559326172,16700.0
2021-05-19,122.5792335094331,123.41223738025374,122.02084798772215,122.55177307128906,47300.0
2021-05-20,123.57698658009977,125.85630047204874,123.56783775760245,125.16976165771484,34700.0
2021-05-21,125.9478487756193,126.47877387810905,125.53592822110811,125.9020767211914,29700.0
2021-05-24,125.99360817994568,126.323147384002,125.39861343513194,126.25906372070312,12900.0
2021-05-25,126.00274735832852,126.30482610289745,125.26128769787185,125.60913848876953,21700.0
2021-05-26,125.17891827094891,125.2887600184248,124.12623094385489,124.48323059082031,11100.0
2021-05-27,125.22470630767234,125.65493849710093,124.80362294247838,125.25216674804688,29900.0
2021-05-28,125.20639394362207,125.2796264400736,124.09878560801022,124.47408294677734,19300.0
2021-06-01,125.34367764842179,125.39861248840688,124.39168327037338,125.00498962402344,24000.0
2021-06-02,124.83106112489213,125.9020600115469,124.35507093149096,125.5359115600586,20600.0
2021-06-03,126.46046472942223,126.95478057861328,126.12177666185555,126.95478057861328,42000.0
2021-06-04,127.14696555750506,128.41935009520557,127.13781673625039,128.2271270751953,13900.0
2021-06-07,128.2088289766346,128.5566797682956,127.4215972681217,127.95252227783203,13600.0
2021-06-08,128.4742953918672,129.71921959955523,127.77859382518831,128.4834442138672,27500.0
2021-06-09,125.79221831380181,126.90898924920175,125.1880607977327,126.12175750732422,38400.0
2021-06-10,124.8219389333166,126.05771466416417,123.92486525841001,124.71209716796875,29800.0
2021-06-11,124.09877020462312,124.78530906001227,123.47630104588252,123.9889144897461,20500.0
2021-06-14,124.73952158363858,125.01413988536753,123.75090407801454,124.6754379272461,14600.0
2021-06-15,127.2477004219859,128.40109479304417,126.75339852558281,127.19277954101562,21000.0
2021-06-16,128.55670816987535,129.53616313504395,127.43078821084227,127.98001098632812,44300.0
2021-06-17,125.19721337561636,126.41467713105212,125.02328798660169,125.7647476196289,23600.0
2021-06-18,123.78753964179283,124.68462721594248,122.42362460052348,122.7714614868164,44200.0
2021-06-21,124.4008484959648,127.06462289589975,124.06216042690905,126.65270233154297,37100.0
2021-06-22,125.57251456420266,127.28429410721166,125.30705904524444,126.58859252929688,41900.0
2021-06-23,126.72593462274888,126.75339506248375,125.31623353389746,125.57254028320312,11300.0
2021-06-24,126.65268948270926,126.65268948270926,125.26130014848587,125.93869018554688,16800.0
2021-06-25,127.59554533994987,127.95254501727489,126.7350809977639,127.46739196777344,18300.0
2021-06-28,127.56806873422009,127.9159195436177,126.9089903415026,127.38499450683594,50900.0
2021-06-29,128.2545890074945,129.98466604616283,128.09897523834792,128.59327697753906,16800.0
2021-06-30,128.45599593105572,129.67345982023846,126.78083948057129,127.73283386230469,25500.0
2021-07-01,127.86099745103895,128.23630873357578,127.50399778336649,128.08984375,25400.0
2021-07-02,128.52005338921774,129.4903732596284,128.05321204950167,129.16998291015625,38500.0
2021-07-06,130.02129910271805,130.65291708396478,128.0806870761259,128.88623046875,40300.0
2021-07-07,129.84737795526115,131.58660400372153,129.6185316874286,131.25706481933594,38400.0
2021-07-08,128.77640564360925,129.2707215595344,127.76949012896868,128.68487548828125,37400.0
2021-07-09,130.26847561906223,131.6873255819698,130.26847561906223,131.19302368164062,12000.0
2021-07-12,132.27316798427069,133.24347410974326,132.17247504855163,132.98716735839844,30200.0
2021-07-13,132.98718146220793,133.71949252985917,132.43794466955154,132.5203399658203,32400.0
2021-07-14,132.95968797045762,132.95968797045762,131.3119919697169,131.36691284179688,20100.0
2021-07-15,130.49729347377104,131.2662135810932,129.14252747977463,130.6712188720703,65800.0
2021-07-16,129.6917721305639,129.6917721305639,128.79469851992522,129.30731201171875,35800.0
2021-07-19,125.85631301481747,126.42384735490656,124.30930983085145,125.49931335449219,26900.0
2021-07-20,125.60914284501806,127.40328979492188,125.49013831396955,127.40328979492188,21200.0
2021-07-21,127.83352523573028,129.08761233651762,127.58638131234295,128.63906860351562,19100.0
2021-07-22,130.44238713216708,130.69869386315358,129.5453135737143,129.90231323242188,21000.0
2021-07-23,130.6529237508225,131.2204720644357,130.19523115759833,131.13807678222656,24200.0
2021-07-26,130.83598992855036,130.95499446510624,129.85653510262208,130.27761840820312,19600.0
2021-07-27,129.389720229053,129.5270224396236,128.69401844837145,129.44464111328125,24700.0
2021-07-28,128.4193763467419,129.40799398331492,127.92507451228984,128.76722717285156,12700.0
2021-07-29,129.15172259273916,129.51788513294298,128.41941148000421,128.6116485595703,13200.0
2021-07-30,128.77637491319464,129.1974582237694,127.86098977232405,128.19969177246094,24300.0
2021-08-02,128.20883803700562,128.22714965040487,127.22938321900762,127.73283386230469,13800.0
2021-08-03,128.89536460598973,129.4903732596284,128.65736952513458,129.16998291015625,10500.0
2021-08-04,130.19523031379683,130.29592324236032,128.43769244332705,128.71231079101562,14700.0
2021-08-05,129.96639059867346,130.68955274978833,129.0784658112054,130.37831115722656,11600.0
2021-08-06,130.35998790028756,130.36913672239766,128.9502871059622,129.43544006347656,6600.0
2021-08-09,128.0166148097356,128.30038196253128,127.26599230573675,127.83352661132812,14700.0
2021-08-10,128.35530300886262,128.35530300886262,127.2659924781376,127.73283386230469,13600.0
2021-08-11,128.74889475564086,128.84958766442003,127.99828631828703,128.84043884277344,7400.0
2021-08-12,129.5544479078054,130.66206998886156,129.3805225095871,130.0853729248047,15700.0
2021-08-13,130.79937688848653,131.01907434170067,130.20438215824208,130.51560974121094,16800.0
2021-08-16,130.00299755152932,130.50646215679598,129.69175599793917,130.3966064453125,10500.0
2021-08-17,128.50176409135676,128.50176409135676,126.86321694959621,127.49483489990234,18500.0
2021-08-18,127.62297855892056,127.75113190376364,126.84490966796875,126.84490966796875,12100.0
2021-08-19,125.20637535535835,126.37806718929119,125.20637535535835,126.27737426757812,11700.0
2021-08-20,126.19499090788176,127.48568725585938,126.19499090788176,127.48568725585938,13400.0
2021-08-23,127.91589326258773,129.09673365912323,127.522270485299,128.80381774902344,17500.0
2021-08-24,127.23853410484828,127.94338457162813,126.89984607364764,127.80606842041016,12700.0
2021-08-25,128.16306944749363,128.867919921875,127.93422316066437,128.867919921875,10400.0
2021-08-26,128.64821047507144,128.9686008338568,127.92506242182377,128.93199157714844,12100.0
2021-08-27,128.14477233641793,129.38053390985527,128.12646072244783,129.1516876220703,15100.0
2021-08-30,129.82908056401442,130.24100109770015,128.72145836060508,130.0030059814453,15000.0
2021-08-31,131.43101353152085,132.4013196444212,131.2662369262654,132.23655700683594,15300.0
2021-09-01,133.38992292122143,133.6553784644611,132.9413791769407,133.49061584472656,10000.0
2021-09-02,133.82015422749086,135.165771484375,133.82015422749086,135.165771484375,10000.0
2021-09-03,134.06729959035758,135.53190727906852,133.69198837035643,134.82705688476562,12900.0
2021-09-07,135.47698811289666,136.09029442350385,134.89114223652055,135.21153259277344,9600.0
2021-09-08,132.91392587886534,133.72861813364642,132.03516392441378,133.0970001220703,24800.0
2021-09-09,133.20687065422496,134.60740902359805,132.92310345055301,133.88424682617188,8600.0
2021-09-10,134.5891071411636,134.5891071411636,133.76526591171387,133.95748901367188,11300.0
2021-09-13,134.87283791270156,135.37630251359042,134.04899690591483,134.71722412109375,16100.0
2021-09-14,134.51584923383064,134.51584923383064,132.63930682371904,132.91392517089844,29800.0
2021-09-15,133.1610805884422,133.73777770996094,132.98715517289406,133.73777770996094,9400.0
2021-09-16,134.01239649841648,135.83401819446993,134.01239649841648,135.312255859375,54800.0
2021-09-17,134.63484373883753,134.80876914467288,131.495065546393,132.35552978515625,22500.0
2021-09-20,129.65514272827204,130.16775614044255,128.35529758522028,129.5635986328125,18900.0
2021-09-21,130.39661543302674,130.57968967456,129.4812302576911,130.28677368164062,16500.0
2021-09-22,130.61632228802807,133.35331521962152,130.40578759352172,132.21824645996094,27600.0
2021-09-23,133.8842201141157,135.01930267000714,133.8842201141157,134.23207092285156,14200.0
2021-09-24,132.0717424377559,133.5363639777491,131.82458458475296,133.3990478515625,16700.0
2021-09-27,131.44933311357286,132.51116943359375,131.44933311357286,132.51116943359375,11500.0
2021-09-28,126.89982855160359,127.58636730989157,125.87458784121345,127.3575210571289,25600.0
2021-09-29,128.15390626861716,128.6207476130926,127.73282300224665,128.36444091796875,15700.0
2021-09-30,128.80383373611747,129.02351720404303,126.58858967164291,127.71452331542969,17800.0
2021-10-01,127.54062520009279,127.86100164855405,126.32316117353183,127.06462097167969,19200.0
2021-10-04,127.82437599936473,128.5383752666211,126.59776330614669,127.66876220703125,12300.0
2021-10-05,129.426307968277,130.84515776808303,129.32561504138317,130.5064697265625,15500.0
2021-10-06,127.75116386525299,129.09678130659267,127.01885286822173,128.9686279296875,13300.0
2021-10-07,128.5566960933268,129.60023463315812,128.0898407151988,129.2157745361328,15700.0
2021-10-08,130.48813094615028,130.7535864430587,129.96635480605497,130.35081481933594,9900.0
2021-10-11,128.05323876465468,128.6299359269513,127.62300659082545,127.65962982177734,12100.0
2021-10-12,128.16306961166885,128.3461578155019,127.00968935293275,128.18138122558594,12000.0
2021-10-13,128.8587823742929,129.33477263582674,128.33700609018416,129.2066192626953,12500.0
2021-10-14,130.26846778247494,131.0465508027149,129.9389285461894,130.69869995117188,13600.0
2021-10-15,132.70337101888276,133.81097910083662,132.38298066624012,133.4539794921875,10600.0
2021-10-18,132.13584939042101,133.23430875528024,131.67815682442395,133.1061553955078,16200.0
2021-10-19,133.02377141892845,134.48837922015454,132.60268812087907,133.91168212890625,16800.0
2021-10-20,134.49750661838934,135.81566320688728,133.68281455572966,135.66004943847656,25300.0
2021-10-21,135.6600699484282,136.6395387165655,135.32138192878026,136.3740692138672,14600.0
2021-10-22,136.3740717717864,137.08807105061757,135.98961169608256,136.84092712402344,12800.0
2021-10-25,135.76994342184585,136.10863148580407,135.22985552308836,135.66925048828125,27700.0
2021-10-26,137.7196857882633,137.78376944987744,136.56630558822192,137.36268615722656,14800.0
2021-10-27,137.77460205098168,138.66252668754308,137.0606028127916,138.10414123535156,11400.0
2021-10-28,138.93258492381176,141.08922079429527,138.93258492381176,140.4320526123047,11700.0
2021-10-29,139.46942563434035,139.96925763101387,138.95109180337343,139.9600067138672,13200.0
2021-11-01,140.80225255370115,142.3850346002623,140.49680289125834,141.74636840820312,11300.0
2021-11-02,141.5335343538261,142.85713590150928,141.5335343538261,142.31103515625,18400.0
2021-11-03,142.51464117708022,142.51464117708022,140.88559016956728,142.0333251953125,17400.0
2021-11-04,142.59794762619384,142.82009673229902,141.6538315796675,141.90374755859375,11700.0
2021-11-05,141.62606519308807,141.95003087516164,140.67269822686035,141.67234802246094,9700.0
2021-11-08,143.00521531802465,143.92156450065218,142.74604842014676,143.8197479248047,7700.0
2021-11-09,144.41213897071026,144.41213897071026,143.0052227918889,143.53282165527344,9400.0
2021-11-10,143.18106052686196,143.88451141422345,142.52387833881977,142.6812286376953,10300.0
2021-11-11,144.1159040636822,144.81010400052415,143.79195256727627,144.23623657226562,12300.0
2021-11-12,145.93936639247178,147.85536538297447,145.72648232359484,147.6147003173828,12600.0
2021-11-15,146.642802101834,147.63320088708187,146.27256774902344,146.27256774902344,10100.0
2021-11-16,146.6890985052956,148.57733060060784,146.6890985052956,147.7350311279297,10300.0
2021-11-17,148.98461862021293,149.53997028179748,148.51255346579666,149.2160186767578,13200.0
2021-11-18,150.52107864366377,151.99279348669825,150.4285271109209,151.4281768798828,11900.0
2021-11-19,151.1227286548643,151.1227286548643,149.00309656755184,149.4658966064453,18000.0
2021-11-22,150.81726261279016,151.2245288627075,149.41034669222154,149.92868041992188,18900.0
2021-11-23,148.54957473767868,148.54957473767868,146.36515779550768,147.17042541503906,11500.0
2021-11-24,145.64315334762114,146.7261035613252,145.0507699625984,146.68907165527344,9800.0
2021-11-26,143.41246971829008,143.49577033065052,141.17251935909582,142.23695373535156,9700.0
2021-11-29,142.51463392164288,143.134784230264,141.7834020084007,142.82008361816406,19200.0
2021-11-30,143.1810524595121,143.71790210259303,139.95070368639094,141.0891876220703,36200.0
2021-12-01,144.0418518057811,145.13406703116414,141.95925203241038,142.01478576660156,19600.0
2021-12-02,143.31989958826142,144.43988179462968,143.14403332975,143.78269958496094,12400.0
2021-12-03,143.59758301754363,143.59758301754363,141.4872161535624,142.74603271484375,12600.0
2021-12-06,142.22769286228512,142.60719223451693,141.17250947565287,142.30174255371094,12900.0
2021-12-07,148.0497284243485,150.7154611464264,148.0497284243485,150.6969451904297,22900.0
2021-12-08,150.76175779169336,150.76175779169336,149.71582509683262,150.01202392578125,25600.0
2021-12-09,150.8450397360519,152.36302323758966,150.69694033991752,151.63180541992188,44700.0
2021-12-10,152.40929062659652,152.7239912188538,151.77987531854762,152.4370574951172,64600.0
2021-12-13,153.04793864762107,154.29748995304536,152.4555553170749,153.3256072998047,51400.0
2021-12-14,152.95541818324912,153.3997022814755,151.87246774933286,152.17791748046875,54900.0
2021-12-15,154.00136832628442,156.92625427246094,153.52930317746237,156.92625427246094,82000.0
2021-12-16,157.00026820766027,158.84221730066443,156.81515103150988,158.12950134277344,34100.0
2021-12-17,156.4356547257594,156.91697069207243,153.86248779296875,153.86248779296875,77500.0
2021-12-20,155.6951591643614,156.36157807204862,154.69550961753094,155.42672729492188,81600.0
2021-12-21,157.0002668321584,157.29646561023216,154.99171653527662,156.6763153076172,82500.0
2021-12-22,159.8788912862084,161.89670672183203,159.8788912862084,161.72084045410156,36600.0
2021-12-23,161.89668803011043,163.09070573197627,161.63752117817776,162.84078979492188,35500.0
2021-12-27,164.24771162233202,166.44139315217097,164.210693837939,166.08966064453125,17200.0
2021-12-28,166.830114893562,169.16261624658344,164.26619946443247,167.31141662597656,29200.0
2021-12-29,165.94157822075695,166.6357782682412,165.00672724128447,165.96934509277344,26900.0
2021-12-30,166.22850328443593,166.53395298417388,165.5898370143962,166.18222045898438,24900.0
2021-12-31,164.69199854490552,166.16371325488086,163.89599611643214,166.0433807373047,18100.0
2022-01-03,166.55246974940363,170.00495386715085,166.55246974940363,167.7927703857422,39000.0
2022-01-04,168.07972356357274,168.49624079574596,166.07117298410628,166.44142150878906,32400.0
2022-01-05,167.63543882455528,168.20005546446978,164.4050893111379,164.83087158203125,42300.0
2022-01-06,162.02628016979673,164.49763043447777,161.71157956460175,163.89599609375,47700.0
2022-01-07,162.2484090616536,162.33172379106054,160.59159136509507,161.41537475585938,30400.0
2022-01-10,156.47270104474333,157.3057354923297,154.90843460283097,156.9355010986328,38000.0
2022-01-11,156.7874210515561,157.71302127362645,156.03768713144527,156.96328735351562,33400.0
2022-01-12,159.76779661433332,161.19321422198237,159.76779661433332,160.90628051757812,26000.0
2022-01-13,161.63755244777036,163.70163674766079,161.46168616632224,162.37802124023438,33500.0
2022-01-14,160.0084695254308,160.73970144395588,157.25018544476885,159.50865173339844,38300.0
2022-01-18,152.01127485661993,153.31637416737763,151.24302520823494,152.66845703125,50800.0
2022-01-19,150.7617393349494,151.22453935587097,149.55845645584608,149.59547424316406,27100.0
2022-01-20,150.6044019386057,151.07645291595628,148.91055202194255,149.41036987304688,33900.0
2022-01-21,146.59655642076453,148.22560760189384,145.55987464773912,146.5225067138672,34800.0
2022-01-24,142.4405722756547,143.39393907108104,138.91403881170405,143.34765625,62600.0
2022-01-25,140.88556228452882,143.70863058634635,140.3764795318372,142.98666381835938,34700.0
2022-01-26,145.18037432037858,145.63390930840367,142.26472567211903,143.07000732421875,39800.0
2022-01-27,142.47758771182848,144.09738755824873,141.3391037743626,142.394287109375,39000.0
2022-01-28,142.847848180913,144.125180686907,141.48721506545027,143.97708129882812,38000.0
2022-01-31,144.26399707057374,147.08707951379816,144.07887992029563,146.9759979248047,49100.0
2022-02-01,147.14264280522414,147.78130910698516,144.98599296858976,147.4018096923828,62400.0
2022-02-02,147.855340787324,148.79019165039062,147.290724254067,148.79019165039062,37100.0
2022-02-03,145.35619160008468,146.67980670587698,144.4583727554769,145.9578399658203,59400.0
2022-02-04,141.51499499543664,142.02407786173072,140.82079493872735,140.91336059570312,55800.0
2022-02-07,140.5060913726061,141.19102637521266,139.58049131629585,139.654541015625,26900.0
2022-02-08,139.6267898054785,140.95964217229843,139.21952347525396,140.76527404785156,32900.0
2022-02-09,141.764910310037,142.12589377290277,140.87632802723255,141.98704528808594,34200.0
2022-02-10,140.23765659580036,142.2924898089134,140.1821228533166,141.04293823242188,51400.0
2022-02-11,139.77485692303912,139.91370540312792,136.34088868462715,136.896240234375,35500.0
2022-02-14,135.77625238972993,138.0069515515044,135.64666896790874,137.06283569335938,39100.0
2022-02-15,138.68266684037008,139.7933841529827,138.0069827114241,139.5157012939453,49100.0
2022-02-16,139.7656042389191,140.76525396406146,138.60860420382872,140.46905517578125,41600.0
2022-02-17,139.8859150335106,140.68193149894836,138.83073173035206,139.4508819580078,25000.0
2022-02-18,140.81151521989315,141.53348200131188,140.14508217188612,140.79299926757812,25600.0
2022-02-22,140.6078955548005,141.07994645745342,138.71041278184416,139.645263671875,29200.0
2022-02-23,142.65348189607045,142.98669849468448,140.1080816388494,140.36724853515625,40200.0
2022-02-24,136.75739835764918,140.02476518852782,135.9613818022673,139.2565155029297,65000.0
2022-02-25,140.58937780592473,142.6812286376953,140.2931931620221,142.6812286376953,69400.0
2022-02-28,139.5156954424652,141.79267784282763,139.35834512443543,140.91336059570312,50600.0
2022-03-01,141.40392455710997,141.44094234500653,138.617859348553,139.654541015625,45700.0
2022-03-02,140.01553868163907,141.65384077861978,139.28430665376723,141.45947265625,151700.0
2022-03-03,140.20063664643666,140.9503704054761,139.08991944328434,140.16360473632812,170800.0
2022-03-04,136.3131173105296,136.63706883963096,134.989501953125,134.989501953125,639100.0
2022-03-07,134.56372512404408,134.9247085392634,126.93677645874087,127.04784393310547,497800.0
2022-03-08,131.5277835528341,156.33385563058175,123.91934938729943,138.0162353515625,828200.0
2022-03-09,134.20271683563743,138.84921755014068,132.83281899587777,138.37716674804688,516200.0
2022-03-10,130.27822838634142,134.23054520210215,128.9361109186143,132.888427734375,618100.0
2022-03-11,135.2486640258547,136.00766278576472,131.77766411451336,133.81399536132812,509600.0
2022-03-14,136.06320815915407,143.505026391054,136.06320815915407,143.10702514648438,550400.0
2022-03-15,143.23659133682955,143.23659133682955,131.62957425319536,134.82289123535156,440600.0
2022-03-16,134.7118190037657,134.7118190037657,130.82430179332016,133.6473846435547,479000.0
2022-03-17,131.05570429105828,136.83145353774316,129.68582020717483,135.17462158203125,385800.0
2022-03-18,132.68476806996063,139.58048537105103,132.0461017985439,137.17391967773438,398600.0
2022-03-21,136.1557733992093,136.20204210301472,134.9062076786717,135.97064208984375,225600.0
2022-03-22,136.03543945041267,138.25687390421172,135.9891566235552,137.93292236328125,199300.0
2022-03-23,136.19281005859375,137.68302691484894,134.63780853391248,136.19281005859375,117900.0
2022-03-24,133.95861382688375,135.48531330035473,132.6181086490264,134.3868408203125,264300.0
2022-03-25,131.10068042313577,131.10068042313577,128.33586343933123,130.0952911376953,402300.0
2022-03-28,126.89293561920468,128.66168144661455,125.42208920869055,126.87431335449219,421400.0
2022-03-29,126.6416131618254,128.9782178476409,125.53383674396301,127.54460144042969,477900.0
2022-03-30,127.3304879840357,130.03945266921306,126.9767359179686,127.62838745117188,410000.0
2022-03-31,127.77733462125904,127.98213697241657,124.78910666918469,124.85426330566406,399800.0
2022-04-01,125.01250608002672,125.36625814718052,123.56028168484787,124.57498931884766,160100.0
2022-04-04,124.0257579678698,125.46867855265997,124.0257579678698,124.93806457519531,150500.0
2022-04-05,122.83415974892812,123.38339586939705,120.40447244819647,120.75822448730469,257700.0
2022-04-06,117.900342006693,118.59852799516257,115.92680038911885,116.66222381591797,226400.0
2022-04-07,118.74743308011627,120.18104914417205,118.71019565356688,119.65042114257812,183500.0
2022-04-08,119.9762709806292,120.68376092042898,119.14775050230944,120.04142761230469,842500.0
2022-04-11,118.53335908946529,120.18108192776286,118.15168068995276,119.16637420654297,430500.0
2022-04-12,117.86309421283835,119.38979353863652,117.2207608871413,117.23007202148438,442600.0
2022-04-13,117.86308045470278,122.70383281012745,117.85376932144658,122.3966293334961,497900.0
2022-04-14,122.36869340363245,122.90862545297149,120.91646923178148,122.88069915771484,415200.0
2022-04-18,122.88069915771484,124.18397361844616,121.39123045577082,122.88069915771484,392400.0
2022-04-19,123.3275651998136,127.84250680036259,122.84349982349299,126.51129150390625,525600.0
2022-04-20,127.8332052326218,129.2481852586371,126.91159462499736,128.91305541992188,485800.0
2022-04-21,131.15656147986476,132.90668552744256,128.93167608527872,129.3133544921875,537700.0
2022-04-22,129.69499641157051,130.55143592454255,124.94732745864574,125.58966064453125,541000.0
2022-04-25,123.50442758711209,123.50442758711209,120.20899643839597,122.7503890991211,442200.0
2022-04-26,120.91647224784502,120.91647224784502,117.69550923882872,117.74205780029297,458900.0
2022-04-27,116.0291908594555,119.04535206260427,115.89886338848895,117.31385040283203,739500.0
2022-04-28,117.42556836367208,119.79940346063287,115.66614031856085,118.79401397705078,418000.0
2022-04-29,118.25406642356756,119.04534231890378,115.89885390232429,116.09434509277344,204800.0
2022-05-02,115.98263329753458,117.39762730448045,111.93315667261726,115.9267807006836,263800.0
2022-05-03,115.78714962898157,116.7180641826543,114.71660357410944,115.47064208984375,299400.0
2022-05-04,114.51179689143945,117.84446546938995,113.35745777501364,117.62104797363281,301000.0
2022-05-05,115.74060974579824,115.74060974579824,111.62596906683974,112.26829528808594,567300.0
2022-05-06,108.93561582569446,110.2668238956315,106.31974825352388,107.77197265625,989900.0
2022-05-09,105.30504230219084,106.98999513853028,104.08553957599096,105.39813232421875,752700.0
2022-05-10,106.8503713959109,109.02871514596696,104.56032244483079,107.72543334960938,979100.0
2022-05-11,107.1854962491872,109.73620002117501,106.62694896294146,107.42753601074219,2803100.0
2022-05-12,108.17227189511921,112.4079360961914,107.77197833962818,112.4079360961914,1452200.0
2022-05-13,111.42115309779483,114.074257867084,110.65780353080086,113.65534210205078,1182100.0
2022-05-16,111.63527244502134,112.20313089538831,110.30406433876487,111.70974731445312,996800.0
2022-05-17,115.46133193137591,115.61028167033318,114.08358235759353,114.86554718017578,1014500.0
2022-05-18,111.85870204004554,112.30553707192743,108.25605997171326,108.58187866210938,809000.0
2022-05-19,108.11640442415387,111.32805645858203,108.01400326574012,109.97823333740234,597300.0
2022-05-20,109.69895451894489,110.30405032716418,107.81851046970392,109.94099426269531,570800.0
2022-05-23,110.536799779272,111.25360801260084,109.7734500764209,110.1551284790039,319500.0
2022-05-24,109.6058756608669,109.94100546256507,107.61371911872452,108.85183715820312,384100.0
2022-05-25,108.31190852045683,110.59265347247941,108.20950734983504,110.1923599243164,335100.0
2022-05-26,109.81066446174754,111.81213189124,109.81066446174754,111.04878234863281,375600.0
2022-05-27,111.44907853449695,112.85476133563365,111.3839148074145,112.6406478881836,481500.0
2022-05-31,112.46378355848567,113.20851803309222,111.20705034711213,111.30014038085938,346600.0
2022-06-01,111.2815199830196,111.43046260954964,107.73473801711086,110.08995056152344,519500.0
2022-06-02,110.49954253248353,113.26435958931728,110.49954253248353,113.1991958618164,262300.0
2022-06-03,112.06349822844214,112.35208658720244,110.59265854196205,111.13258361816406,282800.0
2022-06-06,112.05418502509238,113.29229595767154,111.35599912452584,111.90523529052734,551500.0
2022-06-07,110.08994946271359,112.18450706305731,109.68965594833313,112.04486846923828,678300.0
2022-06-08,109.64312221443821,111.46771400749567,109.4848684344494,111.31877136230469,860400.0
2022-06-09,110.02478094352551,111.09532687747463,108.61909813760987,108.69357299804688,887600.0
2022-06-10,106.64556234378942,106.73865947520112,104.42998840108211,104.77442932128906,704800.0
2022-06-13,101.9351378451522,103.05223240526936,99.80334278588458,100.74356842041016,720300.0
2022-06-14,101.28349676642436,104.58823886014201,101.10662074510084,102.81019592285156,1798300.0
2022-06-15,103.00568283177938,103.53630377140533,101.10661654724613,103.07084655761719,1040400.0
2022-06-16,99.69162058047188,100.5108298052953,98.28594493753768,98.63037872314453,653700.0
2022-06-17,99.23548364794605,103.92729355036238,98.77933753449715,102.07477569580078,2060500.0
2022-06-21,102.67056342535345,104.11347667224555,101.78619036856718,103.22911071777344,768000.0
2022-06-22,100.3525778585998,101.75825352672159,99.71024463259238,100.64115905761719,750400.0
2022-06-23,100.18500863543268,100.49220498461708,98.63037621526938,99.19823455810547,514900.0
2022-06-24,103.60148866949582,105.8170629030747,102.82882783214941,105.73328399658203,485300.0
2022-06-27,105.61224938492941,107.52062699062373,105.34229042434005,106.82244110107422,694900.0
2022-06-28,106.8410525026815,107.70680325931707,104.8302809048171,105.02577209472656,775900.0
2022-06-29,105.4353716189298,106.56177724071753,104.21586887115362,106.07769775390625,406400.0
2022-06-30,103.91797829229093,105.49122599757649,102.47506514513177,103.06153869628906,786300.0
2022-07-01,102.14925496864971,102.72641743440573,100.72494976529795,102.27027130126953,732900.0
2022-07-05,98.28596105005514,100.61324745243958,97.82050376957825,100.53877258300781,709800.0
2022-07-06,100.9763043647604,102.30751248158643,100.21295470281001,101.90721893310547,1159400.0
2022-07-07,102.67056638810976,104.5417066189105,102.67056638810976,104.46723175048828,453800.0
2022-07-08,103.2477368305976,104.46723262640037,102.79158358442263,103.40599060058594,296800.0
2022-07-11,102.53093777760176,103.73181851426367,102.37268399351761,102.81951904296875,204000.0
2022-07-12,102.59608502353255,103.35943462074083,101.75826056261764,102.15855407714844,475200.0
2022-07-13,101.76758183126942,102.13994908457303,100.25949765143135,101.13455963134766,348900.0
2022-07-14,99.65440433929282,102.77296662755981,99.44029087009308,102.64263916015625,595200.0
2022-07-15,102.96846965841644,106.49663702232951,102.5774872112869,105.99394226074219,674300.0
2022-07-18,106.8689942845795,107.16688665956332,104.60687162062561,105.31436157226562,474000.0
2022-07-19,106.0404845997287,107.8836915148688,105.68673250923426,107.83714294433594,300200.0
2022-07-20,107.4368543877464,109.18697122992393,107.2041257442609,108.23743438720703,295900.0
2022-07-21,107.67888467596066,110.03409735944604,107.36237713694868,109.8851547241211,435900.0
2022-07-22,110.67642324821865,112.11003241639557,110.31336716497474,110.79743957519531,387000.0
2022-07-25,111.7097450521244,111.97971112161143,110.93708427762512,111.30014038085938,426800.0
2022-07-26,108.33051215584362,108.79596935958605,106.19871731042575,107.50199890136719,782500.0
2022-07-27,107.79990444661863,110.35991938112343,107.4368483513649,110.16442108154297,365400.0
2022-07-28,110.35060816564079,112.69650963341552,110.10856840154595,112.1379623413086,290100.0
2022-07-29,114.36284815472247,117.95617879502983,114.11150435759744,117.36970520019531,512700.0
2022-08-01,116.40154215463048,116.86699937352985,115.98262639623294,116.48532104492188,383700.0
2022-08-02,115.25652635640844,116.48533325905747,115.00518255686595,115.06103515625,160400.0
2022-08-03,114.50248718261719,115.36823797955394,113.93462875116866,114.50248718261719,365200.0
2022-08-04,115.99194470942084,117.04388263473137,115.87092838184869,117.00664520263672,190200.0
2022-08-05,115.17274230350624,117.4441759410043,114.81899025039912,116.19674682617188,143600.0
2022-08-08,116.50395941768491,117.04389157080922,114.89347409262503,115.2379150390625,346200.0
2022-08-09,113.69258846199575,113.76706332860394,111.84007054458075,112.24036407470703,1276100.0
2022-08-10,116.44809376467812,118.26338133799312,116.3456997017241,117.97480010986328,525900.0
2022-08-11,117.89101834965116,118.89640777081482,117.21145470368427,117.36039733886719,417100.0
2022-08-12,116.17813680645557,117.34177997518083,115.68474613697208,117.3045425415039,387600.0
2022-08-15,116.84838986041837,117.77930439981795,116.09435135624527,117.32315826416016,531700.0
2022-08-16,116.11298252201681,119.22224101507601,115.75923042445595,119.16637420654297,758900.0
2022-08-17,117.55588342786622,119.62251478068092,117.12766360466442,118.76607513427734,477300.0
2022-08-18,118.8219134347103,119.71559750864738,118.06787504353369,118.4309310913086,435600.0
2022-08-19,116.63427477223362,116.63427477223362,114.70728210386142,115.3123779296875,466700.0
2022-08-22,114.03702609060456,115.02379318648482,113.93462492756257,114.40939331054688,590900.0
2022-08-23,113.05026056131383,114.08357623737378,112.00763375148998,112.0169448852539,782500.0
2022-08-24,112.06348363400099,113.18058528223932,111.26289660524006,112.04486846923828,376000.0
2022-08-25,112.55687888814681,113.33884368185123,111.75629182660322,113.05026245117188,305400.0
2022-08-26,112.5568725506408,113.07818238375812,109.76412912640302,109.84790802001953,411500.0
2022-08-29,109.34521942242174,111.29083447586794,108.73081952818,110.2668228149414,296400.0
2022-08-30,111.06740415220594,111.25359130928604,108.42361044249294,109.4941635131836,349100.0
2022-08-31,109.16834107767573,109.16834107767573,107.46477292814244,107.51131439208984,419900.0
2022-09-01,106.37559431998686,108.06985838655423,104.91405887301565,107.52062225341797,490800.0
2022-09-02,108.7121956632539,108.7121956632539,105.7146497958099,105.91014099121094,664600.0
2022-09-06,106.27319770038676,106.67348409822424,104.86751488325412,106.19872283935547,340300.0
2022-09-07,104.97925292276835,107.48341586562158,104.75583537207594,107.43687438964844,390600.0
2022-09-08,105.85427868140916,107.87436128419806,105.73326236268682,107.82781982421875,476000.0
2022-09-09,108.87045426427865,110.49955473400168,108.72151162882176,110.34130096435547,389900.0
2022-09-12,111.70974517264558,112.23105504404401,111.50494283679211,111.92385864257812,364700.0
2022-09-13,110.89985403357298,110.89985403357298,107.76267636878272,108.58187866210938,738000.0
2022-09-14,107.56715028973026,107.93020629882812,106.58968743304374,107.93020629882812,484600.0
2022-09-15,105.70534463901089,107.00861926114312,105.48192004466193,105.78912353515625,513300.0
2022-09-16,104.92338551851405,105.16542530732552,103.02431884957035,104.19727325439453,628700.0
2022-09-19,103.33150116455745,105.40744345711558,103.33150116455745,105.39813232421875,506200.0
2022-09-20,103.35942620047138,103.62939223267948,102.62400296148654,103.30357360839844,901100.0
2022-09-21,103.39666158637206,104.42997713318515,102.16785486885287,102.18647003173828,426000.0
2022-09-22,101.81412940544188,102.31682412713764,101.08801007256051,101.65586853027344,801100.0
2022-09-23,98.93759849389694,101.041467392259,98.59316465150467,100.99491882324219,1470500.0
2022-09-26,99.64509499308139,101.58139897541031,99.51476752333947,100.89251708984375,1220500.0
2022-09-27,98.5372916686157,99.72886101079084,95.34425486779628,96.0889892578125,1516100.0
2022-09-28,96.58237810716956,100.20363489644845,95.9959045367012,99.54268646240234,811100.0
2022-09-29,97.78325075290405,98.81656631908699,96.55444401235049,96.84302520751953,1078800.0
2022-09-30,95.0277397162028,98.24870255436707,94.96257599499737,95.81901550292969,796800.0
2022-10-03,97.80188364160539,101.51623793477162,97.68086730286598,100.67841339111328,879600.0
2022-10-04,104.2717313878167,106.60832158521156,103.9366016116707,106.58970642089844,879100.0
2022-10-05,104.18795324374659,106.67349335220017,103.8714457103769,105.96600341796875,760400.0
2022-10-06,104.79303641854308,105.77049940460275,104.56961894544585,105.04438018798828,804400.0
2022-10-07,103.07085768636875,103.22911145158845,101.36728239541073,101.71172332763672,803700.0
2022-10-10,103.00568931360098,103.53631028661724,102.149249690893,102.86605072021484,500000.0
2022-10-11,101.963081825583,103.33152751553759,100.83667593647525,101.06940460205078,727700.0
2022-10-12,100.25017168766436,100.8924977792197,98.86310415011339,98.90965270996094,1164500.0
2022-10-13,97.12232417499689,101.53485749268333,96.28449959510327,100.60394287109375,1148200.0
2022-10-14,100.87389886622981,101.02284149757133,97.0943881536431,97.122314453125,633800.0
2022-10-17,97.44813911170586,100.53877525202745,97.15024672838503,100.15709686279297,989200.0
2022-10-18,101.0507708354009,101.36727835321902,99.1796307199092,100.80873107910156,980400.0
2022-10-19,98.83518466623465,99.35650158366359,95.40941923337591,96.37757110595703,805700.0
2022-10-20,95.95867413017801,97.33642369566348,94.04098531538125,95.120849609375,795400.0
2022-10-21,93.15662169909965,96.99199232399278,92.30949312484341,96.52653503417969,1093700.0
2022-10-24,97.92290404356739,99.09585126597139,97.2340221610978,98.71417999267578,604600.0
2022-10-25,99.00275813890353,102.2702701045461,98.98414297345455,101.79550170898438,853900.0
2022-10-26,102.00960843420197,105.1654078916922,101.85135468024257,104.78372955322266,1401600.0
2022-10-27,103.88409631083758,104.8500236128027,103.17385862259144,103.67576599121094,990800.0
2022-10-28,102.36891858803916,105.38979837369558,102.28369353793009,105.26669311523438,566400.0
2022-10-31,103.51478259266456,104.23449220440146,103.18333975334889,103.46743774414062,1189300.0
2022-11-01,104.79319407317176,104.94470767115084,102.94657197498519,104.26287841796875,495900.0
2022-11-02,104.15872313881506,106.0621621794755,102.61514248663546,102.63407897949219,894400.0
2022-11-03,99.82155529917598,102.3121198295623,99.4332885141628,101.69657897949219,1243300.0
2022-11-04,103.60946968161022,106.0432170223468,102.72877472504504,104.13977813720703,1255300.0
2022-11-07,105.18148360511695,105.30458889022239,104.25343636190557,104.8216323852539,1128900.0
2022-11-08,105.47503100205736,106.63982401161388,104.75532866638997,106.1568603515625,488200.0
2022-11-09,104.18712779217869,106.20420739311264,104.18712779217869,105.37085723876953,1080100.0
2022-11-10,110.34252130604722,117.48277822021268,110.18153583471822,116.85777282714844,1684100.0
2022-11-11,111.58307467583333,115.98654967746178,110.85389328824486,114.55660247802734,2806900.0
2022-11-14,114.98274279344055,115.65510025798199,113.79901333652016,114.49978637695312,1069700.0
2022-11-15,116.10965535866617,116.25170433824675,113.44863385582909,114.05470275878906,1081900.0
2022-11-16,112.16074342509215,112.52059460344668,109.93532611514054,110.3614730834961,829600.0
2022-11-17,108.81789029766018,109.69857812070097,107.8993150382472,109.25350189208984,839700.0
2022-11-18,110.7497110093797,111.75351837407848,109.49022851838654,110.67395782470703,845400.0
2022-11-21,109.6985921423641,111.85772112212913,109.1872272845622,111.64938354492188,1006800.0
2022-11-22,112.35013265183406,116.77254428757288,111.95240127761551,114.1209945678711,2486200.0
2022-11-23,113.9789398859532,114.37667124028745,113.26870222825154,113.87477111816406,1572300.0
2022-11-25,113.05089493593329,114.13045561771646,112.41641768390323,114.07363891601562,868800.0
2022-11-28,112.57741558346146,112.60583116236006,109.84063336743523,110.75920867919922,1687200.0
2022-11-29,108.43908989699734,109.22508076389765,107.20800837428263,108.54325866699219,2975000.0
2022-11-30,107.35005600255211,111.55466528422237,105.92010881645875,111.01488494873047,22950300.0
2022-12-01,111.93345939911947,114.11152458404935,111.2895102576985,112.03762817382812,3218100.0
2022-12-02,109.41449614630156,110.8254998180308,108.66637816601232,110.4561767578125,3294900.0
2022-12-05,111.36527674226558,111.51679759551209,108.05083393907367,109.51866149902344,4825200.0
2022-12-06,111.1569377281431,115.6172298322741,110.91072718220462,115.6077651977539,9789100.0
2022-12-07,114.31986696858372,118.19302661505219,113.63803758707537,116.96195220947266,8090600.0
2022-12-08,118.36347506384998,119.51879618180016,117.33126643464252,119.39569091796875,3982600.0
2022-12-09,119.27257037055686,121.81049369500955,119.27257037055686,120.38054656982422,3028700.0
2022-12-12,120.10593058699794,122.44498121288015,119.79342426797233,121.87678527832031,3231600.0
2022-12-13,125.10602131629199,125.74996331764072,122.49235141991922,123.81812286376953,3781500.0
2022-12-14,124.43364270685625,125.63631595812048,123.26885689254237,124.59464263916016,6886200.0
2022-12-15,123.15648853944111,123.33744928446713,119.03254691589443,120.6135482788086,7972200.0
2022-12-16,118.38490381767889,119.81352289544814,116.71818156028142,118.4134750366211,20326700.0
2022-12-19,118.21347366731973,120.042104411466,117.74678618600169,119.42303466796875,6309000.0
2022-12-20,119.04206294037088,119.04206294037088,117.35629563587177,119.02301788330078,5867200.0
2022-12-21,118.55635134978272,120.14687901954234,117.89918417698789,120.08972930908203,2119200.0
2022-12-22,118.93730077290977,119.08016413767787,116.31816572871396,118.90872955322266,1154500.0
2022-12-23,118.84205627720743,119.07063329204581,117.98488338864816,118.91825103759766,1712500.0
2022-12-27,119.46112339106163,120.6516392475195,119.0611118072115,120.48973083496094,858700.0
2022-12-28,120.95640887804342,121.40404399477214,118.68014318203876,118.77538299560547,1199800.0
2022-12-29,119.90876879479147,121.73739956314904,119.60399700006522,121.44215393066406,879100.0
2022-12-30,120.70879068480815,121.28976304739,119.92781251538655,120.92784881591797,1054800.0
2023-01-03,121.86121121185093,122.9088710736098,121.08023302984246,122.48980712890625,1499500.0
2023-01-04,124.63271789073814,126.38515364979905,124.3184199775375,125.71846771240234,1843300.0
2023-01-05,124.72797220869063,128.02331197599986,124.08984291799433,127.98522186279297,2371400.0
2023-01-06,129.63288905253765,133.66159057617188,129.09000685513675,133.66159057617188,2187900.0
2023-01-09,133.88065384409478,135.2045068527939,132.2520218102193,132.48060607910156,2611400.0
2023-01-10,132.52822286525162,133.69016753478212,132.25202957355353,132.81394958496094,1220900.0
2023-01-11,129.49955679683467,130.6233968142305,128.08999006110727,130.26148986816406,2372700.0
2023-01-12,131.32821314241605,133.0044546011609,129.93768392523697,131.92823791503906,1073200.0
2023-01-13,130.118606431128,132.98537769481646,130.00432156811374,132.4615478515625,1123300.0
2023-01-17,131.89964466940594,133.64256171530343,131.1948540149889,131.8043975830078,1480500.0
2023-01-18,133.35681936005315,134.34732209225282,131.10912499152664,131.3948516845703,1303400.0
2023-01-19,130.04242240838778,130.1281505953853,127.79472787677717,128.77572631835938,1103800.0
2023-01-20,127.71856398355094,131.43296813964844,127.71856398355094,131.43296813964844,1187300.0
2023-01-23,130.48053948580392,132.4615596394351,130.2519552067703,132.04249572753906,993700.0
2023-01-24,131.375824075957,132.40443164480652,130.5091249393339,131.937744140625,756200.0
2023-01-25,130.17575102592977,132.20439457412442,129.842415325711,131.49961853027344,594300.0
2023-01-26,132.77586795495625,133.5949435197054,131.51867612096967,132.9949188232422,689600.0
2023-01-27,131.83295488554106,134.3663759765761,131.41389100189153,133.64254760742188,627800.0
2023-01-30,134.0521026676474,134.40449075600085,132.8901578797799,132.90921020507812,746000.0
2023-01-31,132.6044174025456,135.7283299253964,131.90916019413416,135.56642150878906,1202000.0
2023-02-01,135.20450994010432,138.16651394510225,133.652072627074,137.5379180908203,1466600.0
2023-02-02,139.60465960801736,141.7952117919922,138.8332076224925,141.7952117919922,1924400.0
2023-02-03,138.91893449231554,141.45235608109667,138.89036327033176,140.718994140625,1309600.0
2023-02-06,139.49037384603858,139.64274883693818,136.7664728761497,137.5093536376953,954500.0
2023-02-07,136.97602527869776,139.20466789591302,136.4521952961898,138.95703125,1067900.0
2023-02-08,139.07130569923314,139.42369374569282,136.64265042208854,137.5474395751953,810800.0
2023-02-09,138.31890080761036,139.90942836992326,137.27125549316406,137.27125549316406,1270400.0
2023-02-10,136.4331470343292,137.84271404798028,135.69026613979233,137.49032592773438,1061600.0
2023-02-13,138.30937159329102,140.7189745292154,138.15698207550457,140.04275512695312,933100.0
2023-02-14,139.53801220091273,140.71900945790364,138.4332242543957,140.4142303466797,1011300.0
2023-02-15,138.4903328618701,142.68094288846967,138.41413810268372,142.49046325683594,1190100.0
2023-02-16,140.87136181012738,142.44283690593727,139.85227327535966,141.30946350097656,1272800.0
2023-02-17,140.58564771262013,141.35709972095077,139.62371605932697,140.99517822265625,921900.0
2023-02-21,138.3951212175232,138.6332244512008,136.13790721271366,136.79507446289062,1211800.0
2023-02-22,136.25215825446045,136.64265094849083,135.0616423819272,136.2235870361328,947500.0
2023-02-23,137.12839515775545,137.8046146612487,135.54740090520275,137.76651000976562,822800.0
2023-02-24,134.71880082889348,136.17599139279264,134.1854519339588,135.49978637695312,1189500.0
2023-02-27,136.31885201380925,138.08080701685464,136.31885201380925,137.40460205078125,1307800.0
2023-02-28,136.9283930704085,138.57606315422981,136.80457475528146,137.24269104003906,2083800.0
2023-03-01,137.4617454612333,137.9474707726441,136.29028174979172,137.76651000976562,1802100.0
2023-03-02,136.84265152989036,138.35699878729804,136.02359054865667,137.7093505859375,1328600.0
2023-03-03,138.4903045183859,138.76649774782933,137.27121768623158,138.0617218017578,1655800.0
2023-03-06,136.3854997774644,138.28080633842177,135.69024255499522,136.74742126464844,2134700.0
2023-03-07,132.34727808255184,134.4140119428588,130.74721715455186,131.74725341796875,2642900.0
2023-03-08,132.36629688783322,133.7949157641857,132.2901021371749,133.3663330078125,1179700.0
2023-03-09,132.8425245644446,133.48063935468386,130.46149272056752,130.6329345703125,963800.0
2023-03-10,131.23293914192323,131.37580976609004,127.46139299961635,128.57571411132812,1467000.0
2023-03-13,126.43277612674056,130.51861989872438,126.19467297019304,127.88044738769531,2647900.0
2023-03-14,126.90900772842902,129.613856637953,126.1280222436512,127.81379699707031,1547700.0
2023-03-15,125.05180682286529,125.57563678312273,121.19453197527227,122.87077331542969,2084000.0
2023-03-16,122.07564573864917,124.84422042431187,121.7499280602325,123.89581298828125,1418100.0
2023-03-17,123.70421854806094,124.54723275586656,122.27682012635832,122.97614288330078,1945600.0
2023-03-20,124.03949922901403,126.59730929038648,123.96285891862732,125.62017822265625,998500.0
2023-03-21,127.89059143970294,128.48453557623355,126.80806714912136,127.96723175048828,1065200.0
2023-03-22,126.80805663800166,128.25461863049696,124.69092487141857,124.8154525756836,859800.0
2023-03-23,125.08371706510147,126.94218987086504,124.36523056332867,125.47647857666016,1485300.0
2023-03-24,123.88623866249313,124.28858934644661,122.13312254795844,124.0299301147461,979200.0
2023-03-27,124.12572921242455,124.9304305482479,123.60841076964911,124.47058868408203,1041900.0
2023-03-28,125.16033583694876,127.05715062138745,124.81546175047305,124.96874237060547,888300.0
2023-03-29,126.56857534370337,126.77933255008665,125.28488299038347,126.08958435058594,906900.0
2023-03-30,127.038001871354,127.29666112112622,125.85009885170219,125.99380493164062,1022100.0
2023-03-31,126.86553803203958,128.21629604090387,126.19495361483021,128.1300811767578,1507900.0
2023-04-03,127.94806988672286,128.69529465573538,126.69311584178244,127.22000885009766,1063200.0
2023-04-04,127.51698352875005,127.66067498047951,122.31514102028896,122.85161590576172,1197500.0
2023-04-05,121.01228091321647,121.22303811386003,118.51194741253114,119.28791046142578,1762400.0
2023-04-06,118.50236243338128,119.61362498619162,117.99463317725392,119.48908996582031,1138200.0
2023-04-10,118.94305046460445,120.2458992806024,118.51195417265515,119.9201889038086,637500.0
2023-04-11,120.62909328486246,121.46254026708623,120.47581996341853,120.69615173339844,1020500.0
2023-04-12,123.16776230598119,123.22523889161425,121.32843116866795,122.1235580444336,1026900.0
2023-04-13,121.46252012484435,123.49344428615106,120.87815060929906,123.07192993164062,1008600.0
2023-04-14,123.24437084986751,124.80588609118249,123.24437084986751,124.17361450195312,1116200.0
2023-04-17,124.62388113997177,125.83094787597656,124.62388113997177,125.83094787597656,1178500.0
2023-04-18,125.95546247608961,127.08588877631747,125.55311181190002,127.0379867553711,1081500.0
2023-04-19,125.33278113266019,128.49412451288245,125.25614082201693,127.83311462402344,1108500.0
2023-04-20,127.52656194685306,131.51177066210363,127.50741283113955,130.4484100341797,2057200.0
2023-04-21,130.61126929121227,131.4159707056084,129.98858680528227,131.16690063476562,1273000.0
2023-04-24,131.54049442579162,133.20738822044575,131.34890096629718,132.14402770996094,1138800.0
2023-04-25,130.64000223846747,131.02320381367778,129.10723979056252,129.5191650390625,1310200.0
2023-04-26,128.94437626838075,129.8736199289415,128.1683986103523,128.20672607421875,1254100.0
2023-04-27,129.07849481782765,132.46974453142826,128.9060504634983,132.38352966308594,1272300.0
2023-04-28,134.0025553029739,135.64069668507273,133.6480919476787,134.90306091308594,1279500.0
2023-05-01,135.62151604013698,136.81899351615297,135.02755727203447,136.0621795654297,1271300.0
2023-05-02,133.61931713405096,133.94504210363544,131.80873184896168,132.5942840576172,1412300.0
2023-05-03,133.284040107789,134.90303202382017,133.26487637488137,133.63848876953125,1086900.0
2023-05-04,134.77847816104438,135.01797364015133,131.3584757029282,131.8949432373047,844500.0
2023-05-05,132.76671439403012,133.89714069153737,132.71881237319903,133.64805603027344,803800.0
2023-05-08,133.77263431178093,135.55448179499348,133.46608760783866,134.90306091308594,804600.0
2023-05-09,136.03342202150054,138.44754036439957,135.52569281294438,138.322998046875,1783700.0
2023-05-10,139.47260171648642,139.68335893473002,137.1447123754039,138.80201721191406,951000.0
2023-05-11,137.57578996571038,139.47259015502314,137.46083680806862,139.12771606445312,851000.0
2023-05-12,138.782848537446,139.4246947273757,137.35546470373862,138.3325958251953,1080000.0
2023-05-15,140.11443151199148,141.78132532888569,139.61629143418838,141.24485778808594,1365500.0
2023-05-16,140.59342710085764,141.29276445593206,139.11814131512782,139.37680053710938,1481500.0
2023-05-17,139.1181266991583,140.8424969684626,138.54333173684248,140.5550994873047,1394900.0
2023-05-18,140.98618985797864,143.59190171017124,140.34434376008724,143.5535888671875,1135700.0
2023-05-19,142.69141448800724,143.38116269022385,141.58974104655726,142.3082275390625,1177000.0
2023-05-22,142.31776732706967,144.65524515044254,141.99205703827616,144.17625427246094,1392200.0
2023-05-23,141.4556188639748,141.66637606330823,138.37091580207047,138.59124755859375,1767900.0
2023-05-24,137.63324763058688,138.57206573015065,136.29207891692434,137.76736450195312,1658700.0
2023-05-25,138.3421713824821,139.2522512751055,137.3650257395679,137.83444213867188,1095500.0
2023-05-26,139.07980652373732,141.73342050444708,138.6008155692663,141.4556121826172,1271700.0
2023-05-30,143.22787607643568,143.52486275974522,140.32519193746302,140.3922576904297,1270200.0
2023-05-31,141.69511282375095,141.82922971118478,137.58536209873435,138.8211669921875,4142900.0
2023-06-01,139.94199634484022,140.13358979944775,137.88232650928927,139.4725799560547,1104900.0
2023-06-02,140.71796724626284,141.7046874797099,140.14317223249134,141.55140686035156,1491900.0
2023-06-05,140.70841577300376,141.6089212874103,138.46672654565145,140.7754669189453,1384200.0
2023-06-06,137.89194914316292,143.54403782261235,137.84404711347665,140.95748901367188,1606300.0
2023-06-07,142.62436204569633,143.25661904390915,140.1910796274478,140.46890258789062,1620600.0
2023-06-08,140.85211235463447,141.1490844781142,138.6679142529123,138.78286743164062,1491200.0
2023-06-09,138.89781883535966,139.5300758613941,138.0260516858292,138.49546813964844,1242400.0
2023-06-12,139.1851880074549,140.1431699362815,138.51460358080513,140.085693359375,1091400.0
2023-06-13,141.30233767325714,142.4806513792191,140.27728996993773,142.21241760253906,1333300.0
2023-06-14,142.68183164216677,144.3870383159132,142.17410238636833,143.7260284423828,1337500.0
2023-06-15,144.03412263088092,146.527757891077,143.43717980412708,146.2292938232422,1193200.0
2023-06-16,144.70807618767316,146.44110994324876,144.07262802878137,145.44943237304688,2121900.0
2023-06-20,143.0328481731264,144.84290779474156,142.71512400394363,144.61183166503906,1544900.0
2023-06-21,145.0065733857968,147.75054534997327,144.5733185206867,147.11509704589844,1701400.0
2023-06-22,146.67218443304105,148.0104688740367,145.61311876459675,147.18246459960938,1998700.0
2023-06-23,145.8923212688102,147.36539640408543,143.0039363461395,145.01617431640625,13312400.0
2023-06-26,143.7741555558058,146.35443868131009,143.7548955454575,145.08355712890625,1089200.0
2023-06-27,146.66253542837643,148.6940330686955,146.57588742118384,148.27040100097656,1045600.0
2023-06-28,148.99254188936195,149.80128624839315,147.66387994874827,148.31858825683594,1339700.0
2023-06-29,148.03933872204695,150.5329886814182,147.8564200313269,150.33079528808594,1256000.0
2023-06-30,152.07344826702484,152.64149372002566,151.32246943635974,151.45726013183594,1194400.0
2023-07-03,150.7736891630239,151.71722406370196,149.60870085490603,151.38987731933594,577900.0
2023-07-05,150.4270860972994,151.13954494768237,149.9360512776194,150.46559143066406,1112800.0
2023-07-06,149.02141566421196,149.22360908743394,145.03544477158974,145.8634490966797,1483900.0
2023-07-07,145.8923298648413,149.42578586550408,145.63237109298012,149.03103637695312,1657400.0
2023-07-10,148.953996864833,150.28264376037905,148.60739013315066,149.43539428710938,951300.0
2023-07-11,150.2730125365748,153.07474890041073,150.21524719976708,152.6414794921875,1317400.0
2023-07-12,155.0485042488793,155.59730446445056,153.90279051047705,154.74041748046875,1259600.0
2023-07-13,156.16532131034703,156.3963973625135,154.62485836915434,156.00164794921875,900400.0
2023-07-14,156.60824420498685,156.7333975698267,154.42269535804104,154.89447021484375,795600.0
2023-07-17,153.9797707477327,154.85591757252033,153.5561533612886,153.6331787109375,1293000.0
2023-07-18,153.62355028494815,154.0953250697989,152.56448472068743,152.96885681152344,869300.0
2023-07-19,152.64151438655716,152.88221313900235,151.01440316053996,152.04458618164062,1075100.0
2023-07-20,151.97720034240453,152.33342979996718,150.70630385960885,151.4187774658203,1031300.0
2023-07-21,152.28527307695882,152.35267577411668,150.67740729874583,152.0253143310547,770300.0
2023-07-24,152.0253039870377,154.04717908901455,151.89051329297814,153.64280700683594,920300.0
2023-07-25,153.47912715589356,155.08699275675605,153.19028576909145,154.99070739746094,1055500.0
2023-07-26,154.04718649166554,155.20253745213614,153.43099833334227,154.71151733398438,1136500.0
2023-07-27,155.96316350795706,157.81172809962152,155.02925120560934,156.01129150390625,1020100.0
2023-07-28,155.78024433312893,156.15573382054117,154.02795026448058,154.95223999023438,1023000.0
2023-07-31,154.17237835021336,155.60693359375,153.83539420126772,155.60693359375,899100.0
2023-08-01,153.71020516537513,156.52157929767682,153.64281715943432,156.1749725341797,782300.0
2023-08-02,154.15311008815235,154.8848290090946,153.38287113968966,153.80650329589844,967000.0
2023-08-03,152.25639989759952,153.69096972871372,151.54392631262124,152.79556274414062,816300.0
2023-08-04,153.65243314752195,154.65374806129088,152.5452248991709,152.84368896484375,678400.0
2023-08-07,154.5767361203137,156.3867806827415,154.14348131993256,155.4817657470703,789900.0
2023-08-08,154.5093413858462,154.95223356110122,152.81482743187266,154.74041748046875,629400.0
2023-08-09,154.836711347012,154.836711347012,153.0170145478957,153.0940399169922,638000.0
2023-08-10,153.82576266798634,155.64544464695723,152.57412621834132,152.82444763183594,601200.0
2023-08-11,152.92073443851538,154.30716161470676,152.52598495536083,154.00869750976562,554600.0
2023-08-14,152.97850478952412,155.52990579363262,152.7281833655073,155.37586975097656,1127100.0
2023-08-15,155.22181173952504,155.90538796544217,153.3251044061216,154.30715942382812,815900.0
2023-08-16,154.17234844964793,155.75133146125233,152.56448276700254,153.14215087890625,611000.0
2023-08-17,152.9110935915432,153.86425114350197,149.39688337990006,149.75311279296875,565500.0
2023-08-18,148.6651620880598,149.67609965803823,147.90454590001303,149.5220489501953,1030400.0
2023-08-21,149.4835487679488,150.1960223679725,147.60610142656637,148.7999725341797,802400.0
2023-08-22,150.29232170334183,150.64855119089313,149.14659317830262,149.30064392089844,714400.0
2023-08-23,148.88664845344277,151.76541137695312,148.3378628313409,151.76541137695312,561700.0
2023-08-24,151.5535581316608,152.37192503275156,149.15619339322623,149.21395874023438,643200.0
2023-08-25,149.63758379684728,150.9758681398955,148.72293156660587,150.48484802246094,775300.0
2023-08-28,150.9181093861703,152.84369929859352,150.89884937354222,151.6787109375,438300.0
2023-08-29,151.50540559217063,153.71019944240703,150.8121920909862,153.70057678222656,677100.0
2023-08-30,154.7981669987092,156.91631289730526,154.4997029222773,156.5504608154297,579700.0
2023-08-31,157.32068772790817,157.89837056984155,155.4625005406058,155.5491485595703,1151500.0
2023-09-01,157.3399729001238,157.78286510857257,155.45290273807635,156.19424438476562,1025200.0
2023-09-05,154.29752316335146,154.62488463229406,150.67741921103385,151.59207153320312,834400.0
2023-09-06,151.70758947185945,151.95791084061364,149.14655168035515,150.26339721679688,911400.0
2023-09-07,149.33911587999054,149.3968812227801,147.43278611251384,147.837158203125,1063300.0
2023-09-08,148.8384782627569,149.2813704349838,147.7890352193078,148.2222900390625,693700.0
2023-09-11,148.76145239109655,150.40783832985312,148.69406437945105,150.23452758789062,597500.0
2023-09-12,149.13693996212848,150.48486177983995,148.2030276347215,148.6459197998047,510100.0
2023-09-13,148.3570608543989,149.68572250177695,147.6638473593394,148.2896728515625,744500.0
2023-09-14,148.2030284803858,149.55095030578866,148.2030284803858,149.5028076171875,674700.0
2023-09-15,148.72295965965085,149.23323988526187,147.63499649998457,147.78904724121094,2009800.0
2023-09-18,147.92384095479034,149.2717482400281,147.44244339705006,148.02012634277344,668200.0
2023-09-19,149.2813704349838,149.2813704349838,147.05731629463511,148.2222900390625,1007200.0
2023-09-20,148.6555376797641,149.63759266391128,146.6721823896268,146.70106506347656,1061200.0
2023-09-21,145.7190119866644,145.8826853544825,143.83192754454942,144.39035034179688,943800.0
2023-09-22,144.1496754868881,145.5168426895099,143.89935406367672,144.9584197998047,984100.0
2023-09-25,144.2266713955603,146.32555711578286,144.0244780130854,145.48793029785156,1226400.0
2023-09-26,150.89886732524374,152.95924818900664,149.22361330443326,152.36231994628906,2689700.0
2023-09-27,153.9027813752472,157.965777311904,153.48877190000863,157.29180908203125,1946200.0
2023-09-28,157.94653514225502,163.93512168974016,157.94653514225502,161.74957275390625,1676600.0
2023-09-29,161.65325525713845,161.65325525713845,158.06203445087888,158.3508758544922,1601600.0
2023-10-02,157.98501131257598,159.14999960342195,156.27123756914483,157.27255249023438,1166700.0
2023-10-03,157.10887970523788,157.6480572411408,153.60430652284006,154.48045349121094,1486100.0
2023-10-04,153.71985695777332,156.05944181285108,153.45989818795817,155.84762573242188,1336100.0
2023-10-05,156.14748784346747,157.56938593027857,155.41236278368004,155.92501831054688,1159600.0
2023-10-06,155.80895274290043,158.7881671350518,155.80895274290043,157.84022521972656,1560100.0
2023-10-09,157.3372306462526,161.1289535169924,156.70849193923846,161.02255249023438,1459400.0
2023-10-10,161.42878364975383,164.13716095524802,160.96449503607363,161.3804168701172,1723600.0
2023-10-11,161.25472119522814,164.17588649305068,161.01290199616832,164.02113342285156,1086000.0
2023-10-12,164.83360761509027,165.46233149621727,161.40944021348213,162.82167053222656,1495400.0
2023-10-13,163.65355541327776,165.24955614425116,161.85442007098519,162.25100708007812,2136000.0
2023-10-16,160.9451441693492,161.0999119592421,157.50164202131054,158.90419006347656,1865400.0
2023-10-17,157.74350671986303,163.21829710301094,157.74350671986303,162.09625244140625,1237500.0
2023-10-18,160.57760123724387,160.57760123724387,154.46442010787925,154.59983825683594,1179000.0
2023-10-19,153.20695289679358,153.99044464680426,149.80213484738658,150.20838928222656,1495400.0
2023-10-20,150.24710084444868,150.79844092251224,148.16744695556116,148.3802490234375,894800.0
2023-10-23,148.96062481408515,149.42491353799625,147.17115685895814,147.3646240234375,831100.0
2023-10-24,147.92561184721316,148.6123847668137,147.25820335284564,147.85791015625,1000500.0
2023-10-25,147.3259226154544,147.92562949038614,146.35864584454657,147.20985412597656,975100.0
2023-10-26,146.95834826676315,148.69944935353774,146.6681770518605,147.61610412597656,1344700.0
2023-10-27,148.15776673457026,148.7478060974795,146.17484659630347,146.75521850585938,723100.0
2023-10-30,147.31624397350188,149.5313011164947,147.21951039996847,148.75747680664062,972300.0
2023-10-31,142.8474314635234,145.63319338467522,142.78939721674485,145.28497314453125,2321400.0
2023-11-01,144.7626355051203,148.69944402750107,144.20161324395,148.56402587890625,1790900.0
2023-11-02,151.39816168713716,152.37510589538604,150.30513423195328,150.87582397460938,1091000.0
2023-11-03,151.63997969511138,153.89373628579594,151.63997969511138,152.13328552246094,756900.0
2023-11-06,151.93983759372654,152.3751091905981,150.8468101149052,151.72703552246094,617700.0
2023-11-07,151.29174150156524,151.90111574307682,150.71136961877602,151.4561767578125,717200.0
2023-11-08,149.63769343419048,151.56257926349056,149.55064207875972,151.3497772216797,1427400.0
2023-11-09,152.41380493891612,153.35204980989883,151.11764287368257,151.6786651611328,1247400.0
2023-11-10,151.68835417247845,154.7933044210895,151.2820849299854,154.7062530517578,912800.0
2023-11-13,153.9904468905172,155.60579720001402,153.9904468905172,155.24790954589844,633200.0
2023-11-14,157.2888643350659,161.76736016650267,157.2888643350659,159.4168701171875,1134700.0
2023-11-15,159.52328975923805,161.25472351471606,157.89827180272854,158.4012451171875,1101000.0
2023-11-16,157.69512086552118,159.6780410731038,157.69512086552118,159.65869140625,1277000.0
2023-11-17,159.7747789958954,161.2643935728838,159.46525808657546,161.03224182128906,857000.0
2023-11-20,160.22938083923222,160.6259678319408,158.84618223079613,160.37448120117188,1134600.0
2023-11-21,160.09398064443857,161.58359520770176,159.80380940696008,161.22569274902344,900900.0
2023-11-22,159.97789161984585,162.49281692472613,159.50392072699975,161.73834228515625,884400.0
2023-11-24,161.83507040336625,163.08286567403,161.83507040336625,162.25100708007812,332900.0
2023-11-27,162.28002898746297,163.68257736202423,162.1059114927015,163.08287048339844,860700.0
2023-11-28,162.9957886770792,163.19892327484854,160.77106411187015,161.84474182128906,972500.0
2023-11-29,162.88939623895502,163.78897127725764,162.21230547647926,163.1602325439453,1323700.0
2023-11-30,162.21229824702596,165.91696974739244,162.10589722055957,165.73318481445312,2184500.0
2023-12-01,165.69451069067838,167.4742963733868,164.71755172438182,166.7681884765625,1419700.0
2023-12-04,162.73462575998707,164.33062629781134,161.6222487783328,162.74429321289062,1925000.0
2023-12-05,167.13573294444606,170.70498629576687,166.27485727983117,168.4028778076172,1982800.0
2023-12-06,168.26744162334563,170.25034681976422,167.98692314772165,168.9638671875,1478700.0
2023-12-07,170.03758050168182,172.8717091726701,169.67969281224097,172.8136749267578,1147200.0
2023-12-08,171.93341392378696,175.43495045760125,171.93341392378696,174.73851013183594,1397400.0
2023-12-11,175.44465468390143,176.95360399257544,175.36727077583208,176.5279998779297,1519400.0
2023-12-12,176.31519846667626,177.45659266554242,175.89927656368468,176.96327209472656,840400.0
2023-12-13,177.00196668882327,178.54960053602426,175.0577310972644,177.99826049804688,1004800.0
2023-12-14,180.09659477458925,184.7304020422882,180.00916808464027,183.66180419921875,1412500.0
2023-12-15,182.02975469020495,185.1286731806463,181.58288252082136,183.5160675048828,1628700.0
2023-12-18,183.76865330227733,184.08923263656501,182.24348900375253,182.94293212890625,996300.0
2023-12-19,184.40982269353543,185.24526787365195,183.5840866490442,183.7298126220703,1587200.0
2023-12-20,183.7200972224111,184.691544462078,181.573207123688,181.58291625976562,629400.0
2023-12-21,183.3412091898879,184.81781294973274,182.74862585899078,184.574951171875,603300.0
2023-12-22,185.44927833250483,186.74130498329532,184.9052702317739,186.6344451904297,612900.0
2023-12-26,187.15901843916288,188.48989634077938,186.98415023764178,187.11044311523438,417700.0
2023-12-27,187.10072322499298,188.38302572897322,186.94528812659937,187.7418670654297,466700.0
2023-12-28,188.50931901972496,188.50931901972496,187.02300609289992,187.60586547851562,439900.0
2023-12-29,186.8092935412072,188.58704363903965,186.45957196748432,187.55731201171875,468600.0
2024-01-02,185.14813185662186,185.14813185662186,181.59263128655743,183.22467041015625,1113100.0
2024-01-03,180.62115149756121,181.17488345753588,178.49369480810188,178.80455017089844,1063200.0
2024-01-04,180.87373270003548,181.91317335901817,179.42627122649606,181.14573669433594,928600.0
2024-01-05,180.2325806200975,182.3794852492613,179.5914219717746,181.8063201904297,689800.0
2024-01-08,180.96116184887995,181.82574916180127,180.31029408055548,181.74803161621094,1019200.0
2024-01-09,179.7662946532452,181.8063247355827,179.10570289579292,181.79661560058594,635700.0
2024-01-10,181.02917888884852,182.3309144875458,180.85431069715852,181.79661560058594,608700.0
2024-01-11,182.0880307526025,182.43775227071407,179.3291247892249,181.06800842285156,822900.0
2024-01-12,182.47661238100466,182.85547614187107,180.66972025461735,181.82574462890625,467600.0
2024-01-16,179.69829775557136,181.9423384015136,179.26114948299042,180.8931884765625,815700.0
2024-01-17,179.36800692896068,180.19374296215523,178.89199247389342,179.37771606445312,687600.0
2024-01-18,181.92290024194736,183.99207245878478,181.75775601583118,183.94351196289062,990800.0
2024-01-19,184.1086640141894,184.48752780152498,182.48634908774687,184.1960906982422,682900.0
2024-01-22,184.20579649799083,186.1098393582714,183.9629347201702,186.06126403808594,1118000.0
2024-01-23,184.48752987153603,184.93438725489096,182.53491163380698,184.29324340820312,1220600.0
2024-01-24,185.556120530212,186.29442987385949,181.6120473507961,181.70919799804688,1107700.0
2024-01-25,181.90349003689394,183.59381351828196,181.90349003689394,183.4189453125,737900.0
2024-01-26,184.1475245847257,184.5943968085176,181.97149239403834,182.55435180664062,920700.0
2024-01-29,182.1851868150704,183.8949432373047,182.1851868150704,183.8949432373047,1348500.0
2024-01-30,184.20578544977624,186.06125287858495,184.20578544977624,185.41038513183594,669500.0
2024-01-31,184.11839359783204,184.97327190957813,182.1269237978463,182.49607849121094,969500.0
2024-02-01,184.18640350796136,186.22643382778455,183.6229623273125,186.20700073242188,696400.0
2024-02-02,184.52637052308268,187.1687077757201,183.6326409851474,186.47898864746094,761000.0
2024-02-05,184.56525153732653,184.57496067262224,182.27263564341598,184.2835235595703,632600.0
2024-02-06,184.88581358442158,187.40185793963136,184.8178051743914,187.2949981689453,856400.0
2024-02-07,188.48985371631497,189.43215845962916,187.54754897300077,188.28585815429688,1085400.0
2024-02-08,188.77159913472244,192.23965741842258,187.80986121246656,191.99679565429688,1012100.0
2024-02-09,191.20993616966783,193.82313126356937,191.1516517148473,192.98768615722656,1533100.0
2024-02-12,193.13339688422892,193.31797420617306,191.51108199504034,192.34652709960938,1119500.0
2024-02-13,187.003592198115,188.2373343334768,184.8858443470154,185.67271423339844,1379200.0
2024-02-14,188.05273231518444,188.25672790624114,186.5275532456447,188.02359008789062,938600.0
2024-02-15,189.04362459195957,192.91968930077329,188.0041690083731,192.72540283203125,1220800.0
2024-02-16,192.30768393884554,194.8237284946015,192.02595596498762,193.3082733154297,1367600.0
2024-02-20,191.86081801816223,196.78606233503658,191.4236697518563,196.3003387451172,1785700.0
2024-02-21,195.3677347182942,197.6409174660211,194.94029560543473,196.04774475097656,1137300.0
2024-02-22,197.34949306870857,201.55586123025844,197.34949306870857,201.32272338867188,950800.0
2024-02-23,202.1095898966404,202.3330185988228,199.61296351495275,201.63357543945312,1075300.0
2024-02-26,202.82843713555005,205.0336262426894,202.16786021075788,204.90733337402344,1016600.0
2024-02-27,205.26678059966557,205.4416339671787,202.9352986044096,203.72218322753906,1156000.0
2024-02-28,203.89706019709865,206.1799671357115,203.76105817669887,205.8982391357422,1020400.0
2024-02-29,202.71188409140058,205.61651653632063,201.45872373393738,205.41250610351562,2441200.0
2024-03-01,206.6559615253298,208.63772214131114,205.55823625406484,208.3074188232422,1197000.0
2024-03-04,206.2576764740209,211.1149124706046,205.68451136086205,209.39544677734375,1717400.0
2024-03-05,200.79812538070874,202.25529612341796,194.52258501638116,195.32888793945312,3068500.0
2024-03-06,197.31062776701773,198.0974975730126,194.1048492636513,195.74659729003906,1951200.0
2024-03-07,195.13458491424436,196.97061944081494,193.91056683756636,196.58204650878906,1346200.0
2024-03-08,195.34828632950502,196.1448800362084,192.7253822241822,193.07510375976562,1809800.0
2024-03-11,192.6282702374536,193.30829517643755,190.33565411599676,193.19171142578125,1283900.0
2024-03-12,193.5705631919581,199.15638457626798,192.9682706730444,197.91293334960938,1474500.0
2024-03-13,198.72894938126385,200.8855484038817,197.534058721398,200.0986785888672,1398200.0
2024-03-14,202.65367609846018,204.0872026599564,198.8504514741912,200.76181030273438,1099800.0
2024-03-15,201.8735136818083,202.9267177309036,200.5862742085876,202.380615234375,1494600.0
2024-03-18,201.8735270610157,204.5455457448929,201.47371155824462,201.62973022460938,946700.0
2024-03-19,203.77514969569407,209.5190024367435,203.7068794405538,209.38247680664062,1458500.0
2024-03-20,209.41172369768935,212.0642343129291,209.17767339157626,211.56687927246094,945200.0
2024-03-21,210.7282176207562,216.19901890496837,210.7282176207562,215.67242431640625,1383000.0
2024-03-22,215.51640411164604,216.87191393143976,215.1945905008806,215.7797088623047,749400.0
2024-03-25,215.43837788281243,216.44281961770372,212.42505267813857,212.43479919433594,1075800.0
2024-03-26,211.72290434893603,215.2043150922023,211.08903858878736,213.89756774902344,910800.0
2024-03-27,215.83820824055957,216.06249715450855,213.09793429129996,213.5172576904297,892000.0
2024-03-28,213.84882405647608,214.58021455742374,212.94190697778632,213.01016235351562,682200.0
2024-04-01,213.6245346538287,213.63429605046645,211.70341441859446,211.88870239257812,580800.0
2024-04-02,210.5429514614213,212.24952939321201,209.40198400121696,211.50839233398438,700900.0
2024-04-03,210.7672376867624,213.80981732674505,210.59169623359094,213.10768127441406,899700.0
2024-04-04,215.08731265763086,218.14940024351174,213.41975067535182,215.8382110595703,2171700.0
2024-04-05,215.35063003122403,218.3054465901381,215.35063003122403,218.2957000732422,898000.0
2024-04-08,219.02708969503223,219.28063305487845,217.37902065558566,218.0323944091797,1053500.0
2024-04-09,218.58824405553912,218.6467677973626,214.45345911071917,216.5403594970703,1635100.0
2024-04-10,211.94720834651895,216.46233039528005,211.36210488320813,214.98004150390625,1446000.0
2024-04-11,213.21493626216605,213.86830992337272,210.42590017751476,212.8443603515625,1552100.0
2024-04-12,210.97200767985694,212.4835509047561,210.0065818184118,210.9525146484375,939000.0
2024-04-15,214.2584105748434,214.92153080361462,207.62713388624385,209.67501831054688,2528700.0
2024-04-16,208.6998490031612,210.72824056995574,207.79293186848787,210.05535888671875,1273100.0
2024-04-17,210.81599735980973,210.81599735980973,205.26719375397835,206.19361877441406,1163800.0
2024-04-18,205.34520064562267,207.929441085646,203.67762378495533,204.3407440185547,813900.0
2024-04-19,204.93561938459214,205.94982257997182,203.1217702853346,203.61912536621094,685500.0
2024-04-22,203.97017908652626,204.73082398954259,202.05880543267932,203.0242462158203,1134800.0
2024-04-23,204.95511154635543,207.58811426093393,203.86290654005373,206.64218139648438,732600.0
2024-04-24,205.4914861866315,208.33903155452637,203.88243295948993,203.99945068359375,1076100.0
2024-04-25,202.28308274112393,208.66081564539044,199.98165513183832,207.54910278320312,1216500.0
2024-04-26,208.13422245032402,209.26544331214276,207.2175588693788,208.03671264648438,944500.0
2024-04-29,209.88954443126113,210.57217251975402,207.67588012144674,209.8212890625,697300.0
2024-04-30,209.21665574118052,209.83102844001272,204.66253329408465,204.69178771972656,1332800.0
2024-05-01,205.29644397466382,209.15817752681318,204.4187664363186,206.18385314941406,777100.0
2024-05-02,207.96842623716526,208.55354453546306,205.6084748930033,207.9976806640625,1026400.0
2024-05-03,211.01104165318927,213.76106221771562,210.54294101567922,211.78143310546875,836900.0
2024-05-06,213.10768743734292,213.56602667587433,211.35234725575222,213.23446655273438,703500.0
2024-05-07,213.52702716507494,214.84352114998435,213.04918001015315,213.53677368164062,927200.0
2024-05-08,214.1413793415826,214.59971857092856,213.04917430833817,214.08287048339844,613200.0
2024-05-09,214.71673433251772,216.31605580260478,213.3807324822172,215.04830932617188,593900.0
2024-05-10,216.8914185169074,217.0474520615834,215.08731599701343,216.0332489013672,543600.0
2024-05-13,216.9206720172485,216.9791808762069,214.2193989473062,214.23890686035156,637000.0
2024-05-14,213.400236617513,213.82932140626545,211.87894682479225,213.3222198486328,776300.0
2024-05-15,213.17595861712624,215.34087570377298,212.65911051699848,215.2530975341797,720600.0
2024-05-16,213.7025447299685,215.26285036498314,206.45691021978385,206.534912109375,1418700.0
2024-05-17,206.40815599836424,208.026970554342,205.0038838476451,205.4719696044922,1120700.0
2024-05-20,205.96931843661423,207.62713388873968,205.87179375347495,207.2858123779297,722900.0
2024-05-21,207.07127042349262,207.08103181993397,204.9843701693603,206.65194702148438,598100.0
2024-05-22,204.740569577096,206.69094416679005,204.05794144673854,204.9258575439453,1110200.0
2024-05-23,206.7494559732159,206.75921736961706,201.28841597226975,202.28309631347656,943400.0
2024-05-24,203.1022682541261,204.3017444968944,201.69799612592044,203.1120147705078,633700.0
2024-05-28,203.39483523835972,204.23348208472316,199.73788263079618,200.29373168945312,1254600.0
2024-05-29,198.46036574441536,199.2015176294654,197.78749899429334,198.47987365722656,1095400.0
2024-05-30,198.86996012123302,200.50828269736596,198.40187433384315,200.12796020507812,1203000.0
2024-05-31,200.72280356888373,200.8008203384367,196.51974869039196,200.63504028320312,2771400.0
2024-06-03,202.5463878255505,202.5463878255505,196.1296539673514,197.8459930419922,1745200.0
2024-06-04,196.4807269817689,198.94794958431183,190.37606002878618,192.07289123535156,2591300.0
2024-06-05,193.87698839265383,196.72453357679544,193.2821235332154,196.53924560546875,1157100.0
2024-06-06,196.47100751617717,198.48963770519447,194.43286941262562,194.9009552001953,748100.0
2024-06-07,193.65270381712628,196.24670571349643,193.4284148953132,193.75021362304688,1098300.0
2024-06-10,192.50198004709216,195.28126999155265,191.7900974365442,195.10574340820312,1468100.0
2024-06-11,195.1642550239412,196.9293418000343,193.50642457462334,196.79281616210938,1341300.0
2024-06-12,201.58097604416847,204.90635347300338,201.2884168741943,203.6288604736328,1332100.0
2024-06-13,202.8292150835347,203.66787676997185,200.98611165266647,203.2192840576172,1029700.0
2024-06-14,199.71483685972805,200.44901059028422,195.82860938437324,197.21864318847656,1310700.0
2024-06-17,196.43552749094832,197.70809831639326,194.95739637934574,196.6802520751953,1117200.0
2024-06-18,196.9543241718805,198.6869782501684,195.8579629157806,197.9528045654297,919700.0
2024-06-20,196.30824592227003,197.3948235630694,191.10051506733382,192.2262420654297,1283900.0
2024-06-21,190.10206064192968,191.84449854719205,188.94696773393036,191.72703552246094,2557200.0
2024-06-24,192.2556243053651,192.84296927279533,190.92432199108586,191.2473602294922,885500.0
2024-06-25,188.52603748311387,188.96653877157513,185.853649058765,187.98764038085938,1474400.0
2024-06-26,186.91084758764032,187.29261733492112,185.90258351310888,186.9499969482422,1198500.0
2024-06-27,187.0674847923665,190.1020607823235,185.84386182783456,189.377685546875,1471900.0
2024-06-28,189.37768152822156,190.87539481008244,187.86038609703866,189.56365966796875,1657100.0
2024-07-01,188.9469511612033,189.8866851502347,185.26628404989003,186.00045776367188,1115000.0
2024-07-02,183.82730246845745,186.93042317799012,183.73920520759188,186.80316162109375,1116500.0
2024-07-03,186.4997007414826,188.21277269707028,185.4718545807696,185.9613037109375,575300.0
2024-07-05,185.48164566360404,187.30239709870222,184.8062034468543,186.7933807373047,1311600.0
2024-07-08,187.16534776550301,187.85057357273985,185.89277701674754,186.63674926757812,879400.0
2024-07-09,185.87320088573355,186.03961179259065,183.7881428738858,184.03286743164062,991200.0
2024-07-10,185.69699960042178,187.59606464197225,183.9251961142749,187.55691528320312,999200.0
2024-07-11,192.14795420543567,193.98828791823004,191.23758589227913,191.38441467285156,1452300.0
2024-07-12,193.54777138920355,200.41964157779847,192.77443337431362,199.69525146484375,2010700.0
2024-07-15,199.43094914266712,202.28933042446135,199.21559031884402,201.39854431152344,1312700.0
2024-07-16,203.5814912894749,211.7552984965343,203.02351205963768,211.56930541992188,2086000.0
2024-07-17,210.678502278209,211.02112267249703,206.09725027229385,206.36155700683594,1265500.0
2024-07-18,205.72526358145382,210.3945975651742,204.32543129111926,205.2162322998047,763600.0
2024-07-19,204.20796457371966,204.95192186663036,202.10333931048953,202.99412536621094,718100.0
2024-07-22,203.85556314486655,206.9782509918119,202.10334182736293,206.19512939453125,822000.0
2024-07-23,206.8314279114765,208.59344794683102,206.60628547098233,207.72222900390625,702600.0
2024-07-24,205.0498345807733,209.25910039125452,203.91430893202897,203.9632568359375,1309800.0
2024-07-25,202.19144101319452,210.2575532126964,202.19144101319452,208.65216064453125,1131000.0
2024-07-26,211.08963707295604,216.2973834023632,210.70786731849222,213.92843627929688,1065700.0
2024-07-29,214.24167274679004,215.17162310194016,211.5790682975,213.59559631347656,848300.0
2024-07-30,213.3117344116806,215.35762829565664,211.89233484891068,214.1242218017578,879100.0
2024-07-31,216.02325991500504,220.86881823053832,215.0345780539199,217.95169067382812,918300.0
2024-08-01,217.14901645187126,218.871872120471,208.72070130624107,211.76507568359375,1090900.0
2024-08-02,206.82163111517858,207.85926092071202,197.67872460072806,201.06570434570312,1322700.0
2024-08-05,195.5544995528047,198.16815598053793,191.50186156173058,193.1072540283203,1458800.0
2024-08-06,191.227772502417,198.59887487519006,190.0041497322116,195.68174743652344,1134600.0
2024-08-07,198.69678550566562,199.45054142735253,190.3859479647624,190.41531372070312,1002400.0
2024-08-08,192.608016067786,195.54471084484996,191.90320812634647,193.18557739257812,1342800.0
2024-08-09,192.5884495551552,194.4972981798051,190.60128727708346,194.27215576171875,803400.0
2024-08-12,193.909951774074,194.50708030717598,189.78879848458143,191.69764709472656,1259200.0
2024-08-13,192.25563660966108,199.36244843582773,191.72703805458616,198.76531982421875,1252500.0
2024-08-14,198.95128080373547,200.86991296183825,197.45356771309346,199.80291748046875,845700.0
2024-08-15,201.6530486983338,206.18535258234988,201.6530486983338,205.53927612304688,937800.0
2024-08-16,204.12966968704882,205.41202412282283,201.69220744270058,201.72158813476562,596200.0
2024-08-19,202.91582079662038,203.48358359957223,200.85034479875176,202.38722229003906,571400.0
2024-08-20,202.76899845331377,204.48207052215065,201.81946588307136,202.1914520263672,419200.0
2024-08-21,201.94671603532277,207.42853738380174,201.94671603532277,207.16424560546875,897100.0
2024-08-22,207.81029725497646,208.5249037124922,204.266690466359,204.67782592773438,462900.0
2024-08-23,205.98955405240787,209.81704984072041,205.08896944400527,209.80726623535156,756800.0
2024-08-26,212.1859961661752,215.30868422188544,210.87427599169723,211.1287841796875,607100.0
2024-08-27,209.41571382344944,209.41571382344944,204.28629610303378,204.58975219726562,853400.0
2024-08-28,202.3578732216191,203.65980985244246,198.95131105982185,199.05899047851562,1447200.0
2024-08-29,199.78335024465883,202.19144663223025,197.02286480880161,200.66436767578125,1125200.0
2024-08-30,200.7818262016318,201.66282867624898,198.4520435224942,201.36917114257812,1360600.0
2024-09-03,199.74420225726126,201.71178247438866,196.79770879767122,198.080078125,943200.0
2024-09-04,193.1562197481121,193.19536910792348,188.31066121310687,191.49208068847656,1519500.0
2024-09-05,189.36788142618923,190.14121948160656,186.29414122728738,189.0546417236328,1160200.0
2024-09-06,190.19993600753293,192.09900103282598,185.91235682411056,186.1864471435547,1508700.0
2024-09-09,187.70375723575458,187.88975031077894,181.57585898694995,181.9478302001953,2544300.0
2024-09-10,183.68046073370587,186.21580352943073,183.02460072111305,185.64804077148438,3751500.0
2024-09-11,182.74073120262847,185.3250371066843,179.75510327615754,184.60064697265625,2006200.0
2024-09-12,182.31002339125382,186.37244533082685,182.31002339125382,186.1668701171875,2149800.0
2024-09-13,187.47858494979752,189.51469497110037,186.49968676283277,188.99588012695312,1957600.0
2024-09-16,191.89344292076626,194.23300938668518,190.96349247288785,193.05833435058594,2447400.0
2024-09-17,196.64110447967136,203.20950401523214,195.68177334631042,202.69068908691406,2966900.0
2024-09-18,202.47531974490653,204.31565331921007,197.13054341902875,201.1831817626953,2093900.0
2024-09-19,207.1446618879649,208.89688320533287,202.34806637729557,203.7870330810547,1813300.0
2024-09-20,198.8631780395782,200.6741458180227,192.3730926513672,192.3730926513672,7309700.0
2024-09-23,195.04547829548596,197.4633581925122,194.31130460052177,195.936279296875,2020200.0
2024-09-24,196.64111154578183,200.92867629733294,196.33765543757477,196.87603759765625,2150400.0
2024-09-25,197.87448749913472,200.65455488587827,195.17273376316157,195.27061462402344,1493900.0
2024-09-26,197.38505371728783,199.97912825205947,195.73071319115687,197.67872619628906,3462000.0
2024-09-27,198.73025285626957,200.23384816061142,197.12837727243578,198.37646484375,1448000.0
2024-09-30,195.2906549369454,195.60512484258408,192.2343241583676,195.14324951171875,2089400.0
2024-10-01,195.79183457144413,196.43062635846633,191.63483692307364,196.06700134277344,1299900.0
2024-10-02,193.0696462704509,195.79183287722208,192.47017259621418,192.5094757080078,982000.0
2024-10-03,190.70125160504713,191.2319261420446,186.79976132029967,188.3917999267578,2126000.0
2024-10-04,188.98143110749683,191.59553038383075,186.31819169527643,191.585693359375,2647200.0
2024-10-07,189.30573909881463,191.7134558164619,188.49988285294,191.55621337890625,1316500.0
2024-10-08,190.80935122121497,192.55863225668125,189.59074471524718,191.3695068359375,1413300.0
2024-10-09,191.89034250973484,195.28081696786464,191.46777032826603,194.18997192382812,1659700.0
2024-10-10,191.12382182349452,195.6739259355097,191.12382182349452,194.67152404785156,1670900.0
2024-10-11,194.82876020209275,195.98838950887716,193.4824073639361,195.26116943359375,1903800.0
2024-10-14,196.39132229268708,198.39612605053034,195.29065512867302,197.90475463867188,1163000.0
2024-10-15,198.5140356611382,199.75228612877618,196.60751232531635,196.63699340820312,1253100.0
2024-10-16,197.41338736087002,200.17489235406921,197.30528504817875,199.31007385253906,1587100.0
2024-10-17,200.1847131628878,201.71778959136336,197.77699620814266,201.56056213378906,1094700.0
2024-10-18,200.74488057365744,202.52364268331047,199.7129976108219,200.9512481689453,1329400.0
2024-10-21,200.00780875111758,200.78416892589428,195.47736407215933,196.2242431640625,1352800.0
2024-10-22,193.98359142444164,195.3397812221973,191.6348368444741,192.60775756835938,1205900.0
2024-10-23,191.5758977234694,193.73792904115686,190.5341926792042,192.1164093017578,662000.0
2024-10-24,192.45051891030147,196.2439066114215,192.1163899666113,194.99581909179688,1630100.0
2024-10-25,196.0965044089996,196.63701598308455,192.529158010971,192.8436279296875,683500.0
2024-10-28,194.22929266412802,197.5214871486238,193.78706138894074,193.8460235595703,941700.0
2024-10-29,190.77003646417091,192.37191210167646,189.44334261936984,191.69381713867188,2092100.0
2024-10-30,191.98864192798527,195.39876078430117,191.21228168196248,193.6593017578125,1047200.0
2024-10-31,195.5658113787565,196.42079279075816,192.86326875920082,193.34481811523438,1255700.0
2024-11-01,194.7698133885163,196.646855884393,194.29810100581068,194.5634307861328,1631800.0
2024-11-04,194.1703389968244,198.11113252629056,193.6691455290587,194.72067260742188,1332300.0
2024-11-05,194.31772837209905,198.7990331114631,193.94429630746203,198.6221466064453,997800.0
2024-11-06,206.37598403166118,211.2503948239373,204.35153630186306,207.2801055908203,2450500.0
2024-11-07,207.22115467977628,208.49872336370268,205.45221457860632,207.11305236816406,1357100.0
2024-11-08,205.61926568449155,205.77650812669188,201.92415826557206,203.87982177734375,1227400.0
2024-11-11,205.815812587172,207.55527150117425,204.302395308612,205.08859252929688,1338200.0
2024-11-12,203.8307049145868,205.5210238725914,201.83573806219758,202.27796936035156,1327000.0
2024-11-13,201.658807349917,203.82083837990712,201.5703641021841,201.9634552001953,1104800.0
2024-11-14,204.79377602553674,204.79377602553674,199.3297283358579,199.71299743652344,1096000.0
2024-11-15,199.44764387037503,199.53608712151646,194.91719906228718,196.48959350585938,1167100.0
2024-11-18,195.56583192385955,197.94406787945758,194.2882631885803,197.35443115234375,1221500.0
2024-11-19,194.3079147327103,199.52627679257304,193.2170695849364,198.38629150390625,1322100.0
2024-11-20,199.84073034960588,199.89969251124194,197.53127904910517,199.2412567138672,1078600.0
2024-11-21,199.43783089728262,203.2312187938506,197.87527340763697,202.8872528076172,896600.0
2024-11-22,204.5382702567815,205.75686177037497,203.14277723592943,205.33428955078125,885200.0
2024-11-25,205.7175426754011,212.97018900485534,205.6782245677464,212.28225708007812,3167600.0
2024-11-26,211.07349697639498,211.07349697639498,207.01476442169098,208.84266662597656,1287000.0
2024-11-27,208.84267493841466,212.42969529153262,208.35130351980663,209.58956909179688,1043900.0
2024-11-29,210.22833618601933,212.81295452655485,209.62886248330648,212.20364379882812,935200.0
2024-12-02,211.41746682084226,212.44933478134914,209.64852675281355,210.40524291992188,1398300.0
2024-12-03,215.20101258621395,217.2549564198873,212.2626212325992,217.1861572265625,2024000.0
2024-12-04,217.1861568872508,219.36784708367395,216.03634962083294,218.99440002441406,1655100.0
2024-12-05,217.48097923543213,217.72666492932768,211.2012534992805,211.46658325195312,1972700.0
2024-12-06,213.27484435599848,214.07086361614438,211.7515900333235,213.18638610839844,1368200.0
2024-12-09,214.10034621201285,215.22067240003003,212.98984205359176,213.982421875,1857400.0
2024-12-10,192.36207918941324,199.49678644928125,188.10680110756638,191.5758819580078,6165000.0
2024-12-11,191.57587681566523,193.88531331381338,188.69643271947012,190.32778930664062,3081200.0
2024-12-12,190.1312621751833,191.6643386363101,186.9963100549598,187.0651092529297,1919000.0
2024-12-13,186.78993382558548,187.03561952904704,183.40929614667982,184.25445556640625,1359800.0
2024-12-16,184.3134216818855,184.87357730012818,181.80742445383413,182.4855194091797,1782900.0
2024-12-17,180.69690786073787,182.71153353319534,180.32347580600575,181.85655212402344,2158200.0
2024-12-18,183.36997819336676,183.91048974053717,174.3778874371751,174.4171905517578,1411700.0
2024-12-19,174.01427381766692,176.82490381425382,171.33137519198212,171.74412536621094,1989100.0
2024-12-20,170.14447734352564,176.25668641479604,169.83837570501353,175.9308319091797,3703900.0
2024-12-23,174.84467357043548,174.84467357043548,171.93173574905305,174.28182983398438,1451200.0
2024-12-24,175.0520280113771,175.2001368558588,173.55112643019254,175.08164978027344,974900.0
2024-12-26,174.54844190140682,176.23694298719374,174.4398237270503,175.6642303466797,793300.0
2024-12-27,174.78541293146125,175.07177678011877,172.37609040450786,172.9389190673828,844400.0
2024-12-30,171.96134241393852,172.07984454474422,169.5223832375825,171.3985137939453,1035500.0
2024-12-31,172.1489840766643,173.18579124905392,170.69745704872378,171.388671875,724300.0
2025-01-02,172.62295499990705,174.3213250197259,170.45059146997494,171.2010498046875,1108600.0
2025-01-03,172.26749063057227,173.0870463944086,170.74683605431494,172.0699920654297,569600.0
2025-01-06,174.87429815492803,176.2369447311293,171.54664045327183,171.99098205566406,1546900.0
2025-01-07,170.74681443923095,172.3859558934525,168.84107707646083,170.04574584960938,1156600.0
2025-01-08,169.34466993089904,170.59871339638434,168.78182618642077,169.85813903808594,1638700.0
2025-01-10,169.7989166368839,170.81597101018903,167.50806577120866,167.61668395996094,2160700.0
2025-01-13,166.491005212284,168.81147776440434,165.17771809417172,168.2683868408203,1838400.0
2025-01-14,171.49727397462993,174.35096844062983,171.2405469418624,173.9362335205078,1375000.0
2025-01-15,176.29618623693213,177.62922609576623,172.6920637549344,172.98829650878906,2008400.0
2025-01-16,174.17322411003738,175.74323822337612,173.3042786584676,174.2324676513672,1147100.0
2025-01-17,175.74323804911793,178.0538416278624,175.12116579874709,175.3186492919922,1447500.0
2025-01-21,178.77465736242328,180.78901303545678,177.3725050187092,180.0681915283203,1565300.0
2025-01-22,181.62834422435603,183.8401834760047,181.38148608880417,183.47483825683594,2254300.0
2025-01-23,184.6498785262632,185.45958041293505,179.1301344366709,179.3177490234375,1683000.0
2025-01-24,181.04575268800994,182.02330120816112,177.6193607495454,178.38955688476562,1049600.0
2025-01-27,177.6193581224867,182.43801834671854,177.15526365466377,182.102294921875,2262900.0
2025-01-28,182.4577749203529,183.87968012153584,179.90032837859908,180.31504821777344,1886700.0
2025-01-29,179.81147112320454,179.88058356598341,175.68399528119662,176.53318786621094,1075300.0
2025-01-30,178.51791460914876,180.2261836782306,176.90840988365943,179.56460571289062,1023200.0
2025-01-31,180.42366324743816,180.71989600368784,177.82671101371676,178.84376525878906,2156600.0
2025-02-03,177.45149920240436,182.02330138024678,175.3087574425984,181.60858154296875,1973000.0
2025-02-04,181.48021618823316,182.5762668879144,177.19476266830011,177.40213012695312,1327300.0
2025-02-05,180.48290964683963,181.0852440695219,177.0367648263099,180.69027709960938,1383500.0
2025-02-06,178.32041830684668,181.58881722822835,178.32041830684668,179.9891815185547,962600.0
2025-02-07,180.0188109742266,180.31504372826808,174.73605630641887,174.95327758789062,926500.0
2025-02-10,176.5134166130959,179.52508855251045,175.71359875166615,178.65614318847656,1395500.0
2025-02-11,178.21180128048724,180.6803823628683,177.9452053718468,180.1175537109375,655800.0
2025-02-12,177.2638881831157,179.0116328752821,173.8967397123149,178.56729125976562,1091500.0
2025-02-13,179.88057939792776,181.51972098844362,179.3177506993919,181.2037353515625,943900.0
2025-02-14,182.67500733746925,183.91916682817967,181.47033851615214,181.93443298339844,1112300.0
2025-02-18,183.55381447708265,183.89942185564792,181.35184436894681,183.16871643066406,1154800.0
2025-02-19,179.9496967337954,180.4927725325707,177.22437350434038,179.71270751953125,1226800.0
2025-02-20,177.03675792152893,177.9649468383487,174.99278057806328,177.24412536621094,1488800.0
2025-02-21,178.44879896537168,178.99188984269858,172.18848065915518,173.78811645507812,1573400.0
2025-02-24,171.84288549806348,172.70194699525007,167.52781007533537,169.80877685546875,2721800.0
2025-02-25,169.54216037680558,172.6032072103111,168.29800082789035,172.21810913085938,2265300.0
2025-02-26,174.70642142917495,175.920974227658,173.00805142548052,173.78811645507812,1787700.0
2025-02-27,173.34377915142755,175.70374223413464,172.62295764202145,173.04754638671875,1467800.0
2025-02-28,173.3042606289774,175.47662403190273,171.66513424361992,175.26925659179688,1430600.0
2025-03-03,175.9999650740266,177.2046338667587,169.96675221000768,171.34915161132812,1707300.0
2025-03-04,169.2064200536525,169.47303102575555,165.35543964337728,166.36260986328125,4215100.0
2025-03-05,168.13014543632644,170.3716064889544,166.38238559440163,168.51524353027344,4291700.0
2025-03-06,165.19745627456643,166.56010284608763,163.06459850998033,164.84197998046875,6091300.0
2025-03-07,164.91108532116536,166.87608128827398,160.96135558653165,166.07626342773438,2846300.0
2025-03-10,162.95598631461473,167.67591251848438,162.79799349654624,163.4793243408203,3768300.0
2025-03-11,153.9209744631828,158.57177284507858,152.15346194777757,155.00714111328125,4374000.0
2025-03-12,156.01433196058744,156.50804820096906,152.50894364047326,153.8518524169922,2368000.0
2025-03-13,153.7234776555962,154.3850706606895,150.60320254277934,153.1310272216797,2907900.0
2025-03-14,154.83929422014674,158.10769351752927,153.55562890446427,157.8904571533203,3428700.0
2025-03-17,157.19924363026257,161.10948277676877,157.19924363026257,160.5269012451172,1416000.0
2025-03-18,159.96405262138381,161.52419765869686,159.55920171162688,160.93173217773438,2212900.0
2025-03-19,160.8626354907226,163.71631487157669,159.57897020098702,162.52151489257812,2043400.0
2025-03-20,162.05741579700342,164.38775708125604,160.8033873801777,161.84017944335938,1182200.0
2025-03-21,159.55754124442427,161.6814016151574,158.1184795928406,161.10577392578125,3873400.0
2025-03-24,162.85249048957164,164.25186042740194,162.0287482242612,163.22962951660156,1153400.0
2025-03-25,163.66631379325224,165.3336365895585,163.23954881847743,163.74571228027344,1465000.0
2025-03-26,162.6738532089499,164.68854246561315,162.50513710521648,163.0807647705078,1591300.0
2025-03-27,162.21732642189122,164.1129256467815,160.7881838679156,161.75086975097656,1278700.0
2025-03-28,161.12561912553414,161.30425435949172,158.55514049068123,159.2994842529297,1509400.0
2025-03-31,156.83820097684358,159.98429231239834,155.2701148752369,159.0216064453125,2130500.0
2025-04-01,158.57500334098518,160.1430894440796,157.20540589090106,159.53768920898438,1858500.0
2025-04-02,158.47574606765696,163.96405481419916,157.91005266857832,163.5670623779297,1205100.0
2025-04-03,157.30464964892553,159.15062279945008,155.13116342321132,157.21533203125,2915600.0
2025-04-04,150.47653706075224,155.2105678469302,148.1541880500662,154.38682556152344,4323000.0
2025-04-07,146.82430491623248,156.03431808311342,145.0477958175094,151.02239990234375,3507000.0
2025-04-08,155.1807853767311,155.82587723496079,145.31574713496272,146.9036865234375,1854000.0
2025-04-09,145.68296110531017,164.0136688682413,144.89892563667433,163.35865783691406,3710600.0
2025-04-10,159.6071571234032,161.14545543172858,154.55553267574746,160.53013610839844,2230100.0
2025-04-11,159.46821127823213,164.23201471167133,157.81080753801044,163.4876708984375,2156500.0
2025-04-14,165.88941298058703,167.06052174951427,163.99382897462675,165.2740936279297,1739500.0
2025-04-15,164.54960896686646,165.20463515816812,163.04106792912393,164.51983642578125,1597300.0
2025-04-16,161.8897887614827,164.44041379389722,159.74609039949118,161.16529846191406,1722800.0
2025-04-17,161.95927286707715,164.1426781046316,161.23478254622705,163.0112762451172,1604900.0
2025-04-21,163.09068463331928,163.25940073780887,157.48328579530667,159.4483642578125,1770000.0
2025-04-22,160.98667758937677,162.83265074874484,160.14308192405477,162.03868103027344,2245700.0
2025-04-23,165.48250432689272,166.25662059843896,161.42333832325278,161.9592742919922,1594500.0
2025-04-24,162.2272513492336,168.42018186795502,161.30425719310085,168.24154663085938,1851500.0
2025-04-25,167.66590981758605,168.54919711038846,166.72307744899885,168.17205810546875,1471300.0
2025-04-28,168.83701451309793,169.58135829701112,167.30863527336322,169.25384521484375,1537700.0
2025-04-29,169.53175150759898,169.82947691324404,166.2566357520829,168.51943969726562,1895100.0
2025-04-30,166.4848940150041,168.67823370818218,163.85488535332536,168.3804931640625,1708300.0
2025-05-01,170.4448048166401,171.1692951818295,168.2812377092584,168.42018127441406,1263100.0
2025-05-02,171.00056801851005,172.09226306164302,170.17682581274747,170.9608612060547,1406100.0
2025-05-05,169.56152640749397,172.49919483796563,169.0950697405418,171.07998657226562,873800.0
2025-05-06,169.4721844802855,170.39517863187714,167.31855165152209,167.38803100585938,1000800.0
2025-05-07,168.09266420013532,168.48965662236355,164.78777611068347,166.91163635253906,1780100.0
2025-05-08,168.66829594667374,172.13198108904996,167.83463455533752,169.79969787597656,1156100.0
2025-05-09,170.60359328392394,170.6433001004922,168.9461895694642,169.89895629882812,756000.0
2025-05-12,175.49641822831032,176.0621116336468,172.22130252549363,175.278076171875,1730900.0
2025-05-13,176.45909941289818,177.5905013373968,175.675048828125,175.675048828125,1018200.0
2025-05-14,175.6651286174488,175.7742996421121,173.67029277810587,173.7893829345703,1005200.0
2025-05-15,175.16890016053176,181.20304879350553,174.24592115671334,180.33961486816406,2948300.0
2025-05-16,180.25028000731973,183.35667947719747,179.88307526518022,183.29713439941406,1716900.0
2025-05-19,179.12880583520504,182.8505244979454,179.12880583520504,181.818359375,1205700.0
2025-05-20,181.2725136601305,181.85807560260375,180.33961552109255,180.6770477294922,767500.0
2025-05-21,179.05934515031348,180.0815761047436,176.9354847511259,177.2927703857422,1149400.0
2025-05-22,176.33007247424842,178.54325034505766,174.96047511110916,177.94778442382812,1167700.0
2025-05-23,175.1490486916851,177.4217868367955,174.93070663904444,176.8660125732422,1551000.0
2025-05-27,179.1387358514146,181.9076880415075,177.58056894095472,181.5206298828125,1341600.0
2025-05-28,181.94740216766175,183.20782858891405,180.2105999497311,181.09388732910156,1150100.0
2025-05-29,181.13357124655582,182.5527945871709,180.06171439213887,181.69927978515625,1112100.0
2025-05-30,179.97240061982734,181.84814636921647,179.02956817905635,180.96485900878906,2856500.0
2025-06-02,181.84814314516183,181.85807742085177,176.40947551031547,178.93031311035156,2121400.0
2025-06-03,199.84142254353532,210.24238225794403,199.44444524397298,209.76600646972656,5199000.0
2025-06-04,212.83269077200274,214.9664853171793,209.9843401448822,214.51986694335938,2753500.0
2025-06-05,215.1054196401854,215.28405486706927,210.16296635109646,213.0708770751953,1728300.0
2025-06-06,214.3213723471589,214.6091937420115,209.37893412677323,209.40870666503906,2302600.0
2025-06-09,210.85771357759947,213.70606427545124,209.1903756284258,212.21737670898438,1828400.0
2025-06-10,213.3785400351007,215.4031483563864,212.67388796058862,215.1054229736328,1493300.0
2025-06-11,213.17011746608688,214.25190855210863,211.0363381197912,211.82037353515625,1778500.0
2025-06-12,211.4531739268255,213.22968285631507,210.24237352661743,212.1082000732422,1153400.0
2025-06-13,209.78586640013526,212.36624921494203,209.2598646471906,211.24478149414062,945400.0
2025-06-16,212.44562506537704,213.48770932771185,211.28445065090523,211.6715087890625,1182400.0
2025-06-17,210.22254026832044,213.19991539341729,209.6766851333101,210.15306091308594,837600.0
2025-06-18,212.75328684003705,216.74297355719872,211.8799338094799,212.68382263183594,1994600.0
2025-06-20,213.47090546133313,215.26427935820234,211.099681000144,214.24803161621094,2776500.0
2025-06-23,213.65025573682993,214.77609900043802,210.6413736355816,214.20819091796875,1450200.0
2025-06-24,216.38014952258823,219.7975252237375,213.26168720704058,218.3428955078125,1717400.0
2025-06-25,219.7078655433412,220.2359124247299,217.67537001272626,218.59197998046875,1344100.0
2025-06-26,219.6879353629769,219.6879353629769,216.51965406859244,217.43626403808594,1194300.0
2025-06-27,218.50231661794518,219.06025180200098,215.6329182969799,217.1971435546875,2431300.0
2025-06-30,218.38275820826075,218.38275820826075,215.96169963210016,216.94805908203125,2373300.0
2025-07-01,216.808573308611,220.64440037626167,216.60931292125358,220.0764923095703,1954100.0
2025-07-02,220.455099094169,220.78388557657368,218.33293870891725,220.58460998535156,1713300.0
2025-07-03,222.87614878210437,223.29460017087092,220.89348733551472,222.49755859375,1075400.0
2025-07-07,221.2322194778134,222.75658345480147,219.0004636566722,222.35804748535156,1364300.0
2025-07-08,222.40787231828165,223.69312995049813,221.6506767600052,221.9097137451172,1388700.0
2025-07-09,224.46029130411,225.3370552893362,220.484995476519,223.175048828125,1468000.0
2025-07-10,224.1813166923349,225.79536081485335,222.85621305708284,223.5735626220703,1272100.0
2025-07-11,220.71414373129255,221.7403492107738,219.64809225374134,219.77760314941406,1092800.0
2025-07-14,221.03296467408774,221.09274127036602,217.48606286811386,219.54844665527344,1194300.0
2025-07-15,220.0665313554906,220.48498272352862,216.3104115388688,216.698974609375,1168100.0
2025-07-16,217.35655503735336,217.51596943140206,213.81962608268913,216.46983337402344,1576500.0
2025-07-17,217.2868044928105,219.69789018146307,216.78864591575186,218.03404235839844,1504900.0
2025-07-18,220.96322280253398,222.80641566522297,219.78757582823906,221.96949768066406,1537000.0
2025-07-21,222.09902047698031,222.88611955035557,218.91080859122889,219.1698455810547,1230100.0
2025-07-22,219.54845054296058,223.14515610779344,218.45249558314148,222.22854614257812,1444500.0
2025-07-23,224.43040072364096,226.89130535503773,223.96213043652702,226.88134765625,1891200.0
2025-07-24,224.7093579820663,226.6920345363853,222.27835696401274,222.86618041992188,1414300.0
2025-07-25,223.01563285675743,223.42412654722767,221.58093369199906,223.2447967529297,1110400.0
2025-07-28,223.175036036399,226.40310899485894,221.8200441380743,225.6359405517578,1138100.0
2025-07-29,226.73189957326287,226.73189957326287,223.9322356307174,226.1241455078125,871100.0
2025-07-30,225.9946251358589,227.9573711738437,223.94221420133923,224.63963317871094,929300.0
2025-07-31,223.34441006801987,225.68576141357497,221.88979556606932,222.50750732421875,926600.0
2025-08-01,220.69420577849874,222.4776219852382,217.1971380651539,221.33184814453125,1212400.0
2025-08-04,222.17871922067008,224.8787453227617,221.38166247891144,224.48020935058594,715200.0
2025-08-05,224.57984954942862,225.6658315803763,222.0491955074372,225.32708740234375,792800.0
2025-08-06,223.92227910934125,224.55992147623186,221.3218907438387,222.07908630371094,1291000.0
2025-08-07,224.33077169676073,225.67579071903586,223.70308703147646,223.93223571777344,982400.0
2025-08-08,223.69312867172337,224.13151064601692,222.06912686766123,222.72669982910156,855300.0
2025-08-11,222.03924671753057,222.13888451628742,218.2532384036751,221.8001251220703,1359700.0
2025-08-12,222.05916365438307,225.5363006591797,221.55103219561985,225.5363006591797,775200.0
2025-08-13,225.60605545979354,229.06327714943768,225.30715727747923,229.01345825195312,1325300.0
2025-08-14,227.11048731988447,229.5315458572827,226.98097643041868,227.18023681640625,1199000.0
2025-08-15,231.16550542838542,231.25517032172263,227.82783695218808,230.40829467773438,1686800.0
2025-08-18,231.08579513115924,232.06218165155136,227.52893571727026,230.25885009765625,1193600.0
2025-08-19,231.19539869543445,234.25408445378164,230.9164311084384,231.52418518066406,838500.0
2025-08-20,230.9064603674188,231.3946612505258,228.22637996746204,229.72085571289062,899900.0
2025-08-21,229.7606947437885,230.53782089164088,227.36953970464162,228.21640014648438,771000.0
2025-08-22,228.44555785471496,237.28290151492615,228.44555785471496,232.75961303710938,1664500.0
2025-08-25,232.01236397334895,233.12824949082076,230.4381810919488,231.63377380371094,665100.0
2025-08-26,232.29133374724012,233.25776258357806,231.58395709544203,233.05850219726562,1481700.0
2025-08-27,232.58028379846863,234.8020668423177,231.54410542286448,234.25408935546875,869800.0
2025-08-28,234.9515175154023,235.13084730508515,232.55038953624918,233.37733459472656,778900.0
2025-08-29,233.69615122778674,233.69615122778674,230.0496267640367,230.2987060546875,1271000.0
2025-09-02,225.5363055003581,228.95368118656347,224.86877484269428,228.84408569335938,1729600.0
2025-09-03,229.27250258122956,230.2787926538432,228.12674391533943,229.0732421875,1141600.0
2025-09-04,229.9998132656031,237.3327078779451,229.29242142116215,237.2928466796875,2529600.0
2025-09-05,239.43493808595252,242.50358144381107,235.74855257202148,237.46221923828125,1861100.0
2025-09-08,237.3626010605773,240.2120686909303,235.39985507729608,236.79469299316406,1450000.0
2025-09-09,225.70568686839775,228.15663381599904,222.76655423312087,227.38946533203125,2430500.0
2025-09-10,227.917503449642,227.917503449642,222.816364558205,223.3045654296875,2961200.0
2025-09-11,223.7628591778933,224.88870239257812,220.44512133144272,224.88870239257812,3636800.0
2025-09-12,220.2359095684119,220.3455050632746,209.34615518783212,210.83067321777344,4186100.0
2025-09-15,208.91774265147626,214.48715179232676,206.87528948243903,213.7399139404297,4034300.0
2025-09-16,234.3337956131834,234.6825127041222,223.34441843164288,230.68727111816406,5042100.0
2025-09-17,231.53414701606104,231.83304520820954,223.59349793822184,223.6532745361328,2827600.0
2025-09-18,225.49645546931433,228.62489061628202,223.34440684268117,228.3558807373047,2613700.0
2025-09-19,228.09685422787842,228.85404980047878,225.1079027323495,228.56512451171875,2885900.0
2025-09-22,228.65478513610725,232.83931411115134,227.65846798954468,232.17178344726562,2277400.0
2025-09-23,234.53305592102163,236.49580196366944,231.61385390787555,232.59024047851562,1868300.0
2025-09-24,231.65370119780664,231.84300389372618,225.03815575501488,225.60606384277344,1459500.0
2025-09-25,223.86250491517578,226.11417622185422,222.91600665453007,224.5399932861328,1281600.0
2025-09-26,225.3800048828125,225.99000549316406,223.3699951171875,225.8800048828125,1295800.0
2025-09-29,226.5500030517578,226.5500030517578,223.85000610351562,225.0,1500700.0
2025-09-30,224.61000061035156,225.86000061035156,223.1699981689453,224.5800018310547,2380100.0
2025-10-01,225.72999572753906,226.00999450683594,223.8699951171875,225.49000549316406,1777000.0
2025-10-02,227.1300048828125,231.9499969482422,226.49000549316406,231.5800018310547,2642200.0
2025-10-03,230.0,232.32000732421875,230.0,231.6300048828125,1831700.0
2025-10-06,232.5500030517578,235.02000427246094,229.1999969482422,234.49000549316406,1446900.0
2025-10-07,236.6300048828125,236.80999755859375,230.9600067138672,231.00999450683594,825800.0
2025-10-08,231.67999267578125,234.99000549316406,230.14999389648438,234.8800048828125,1365200.0
2025-10-09,234.05999755859375,235.02000427246094,232.22999572753906,234.8300018310547,1845800.0
2025-10-10,235.17999267578125,236.77999877929688,230.9199981689453,231.47000122070312,1684200.0
2025-10-13,231.50999450683594,235.3000030517578,231.0500030517578,235.0,1128300.0
2025-10-14,232.6999969482422,243.3699951171875,232.58999633789062,240.4199981689453,1495100.0
2025-10-15,240.0399932861328,241.5500030517578,236.27000427246094,241.3300018310547,2182400.0
2025-10-16,242.5,243.1199951171875,235.16000366210938,235.60000610351562,1369400.0
2025-10-17,233.6199951171875,237.64999389648438,233.10000610351562,236.94000244140625,1155700.0
2025-10-20,239.94000244140625,242.50999450683594,237.91000366210938,242.02000427246094,1467500.0
2025-10-21,241.22999572753906,246.64999389648438,240.61000061035156,244.67999267578125,1505800.0
2025-10-22,243.36000061035156,244.7100067138672,240.16000366210938,240.3000030517578,1238000.0
2025-10-23,240.69000244140625,246.35000610351562,239.9499969482422,245.02000427246094,1370000.0
2025-10-24,248.00999450683594,251.14999389648438,247.36000061035156,249.1699981689453,1957700.0
2025-10-27,250.60000610351562,252.36000061035156,249.1300048828125,251.00999450683594,1544300.0
2025-10-28,249.49000549316406,250.97999572753906,247.11000061035156,247.19000244140625,1274200.0
2025-10-29,247.4600067138672,252.52000427246094,245.60000610351562,249.0800018310547,972600.0
2025-10-30,248.83999633789062,252.0,248.13999938964844,251.26499938964844,80735.0
