timestamp,open,high,low,close,volume
1994-05-17,3.7398245334625244,3.7398245334625244,3.7398245334625244,3.7398245334625244,500.0
1994-05-18,3.7398245334625244,3.7398245334625244,3.7398245334625244,3.7398245334625244,0.0
1994-05-19,3.7398245334625244,3.926815760135651,3.7398245334625244,3.7398245334625244,1300.0
1994-05-20,3.7398245334625244,3.7398245334625244,3.7398245334625244,3.7398245334625244,0.0
1994-05-23,3.92681622505188,3.92681622505188,3.92681622505188,3.92681622505188,400.0
1994-05-24,3.7398245334625244,3.8333201467990876,3.7398245334625244,3.7398245334625244,800.0
1994-05-25,3.7398249762398854,3.92681622505188,3.7398249762398854,3.92681622505188,1300.0
1994-05-26,3.7398245334625244,4.020311373472214,3.7398245334625244,3.7398245334625244,1600.0
1994-05-27,4.113806212820658,4.113806212820658,3.8333194255828857,3.8333194255828857,1600.0
1994-05-31,3.92681622505188,3.92681622505188,3.92681622505188,3.92681622505188,1000.0
1994-06-01,3.92681622505188,3.92681622505188,3.92681622505188,3.92681622505188,200.0
1994-06-02,3.8800675868988037,3.8800675868988037,3.8800675868988037,3.8800675868988037,300.0
1994-06-03,3.92681622505188,3.92681622505188,3.8800684128488814,3.92681622505188,1400.0
1994-06-06,3.92681622505188,3.92681622505188,3.92681622505188,3.92681622505188,0.0
1994-06-07,3.7398245334625244,3.7398245334625244,3.7398245334625244,3.7398245334625244,1000.0
1994-06-08,3.7398245334625244,3.7398245334625244,3.7398245334625244,3.7398245334625244,0.0
1994-06-09,3.7398245334625244,3.7398245334625244,3.7398245334625244,3.7398245334625244,100.0
1994-06-10,3.7398245334625244,3.926815760135651,3.7398245334625244,3.7398245334625244,5100.0
1994-06-13,4.020310878753662,4.020310878753662,4.020310878753662,4.020310878753662,1100.0
1994-06-14,3.92681622505188,3.92681622505188,3.833320600645883,3.92681622505188,200.0
1994-06-15,3.92681622505188,3.92681622505188,3.92681622505188,3.92681622505188,200.0
1994-06-16,3.92681622505188,3.92681622505188,3.92681622505188,3.92681622505188,0.0
1994-06-17,3.926815760135651,4.113806986808777,3.7398245334625244,3.7398245334625244,3100.0
1994-06-20,3.7398245334625244,3.7398245334625244,3.7398245334625244,3.7398245334625244,0.0
1994-06-21,3.7398245334625244,3.7398245334625244,3.7398245334625244,3.7398245334625244,0.0
1994-06-22,3.8333194255828857,4.113806212820658,3.8333194255828857,3.8333194255828857,200.0
1994-06-23,3.92681622505188,3.92681622505188,3.92681622505188,3.92681622505188,5200.0
1994-06-24,3.92681622505188,3.92681622505188,3.92681622505188,3.92681622505188,0.0
1994-06-27,3.92681622505188,3.92681622505188,3.92681622505188,3.92681622505188,0.0
1994-06-28,3.7398245334625244,3.7398245334625244,3.7398245334625244,3.7398245334625244,1500.0
1994-06-29,3.6463291645050053,3.6463291645050053,3.6463291645050053,3.646329164505005,500.0
1994-06-30,3.7398245334625244,3.926815760135651,3.7398245334625244,3.7398245334625244,1600.0
1994-07-01,3.6463291645050053,3.6463291645050053,3.6463291645050053,3.646329164505005,100.0
1994-07-05,3.6463291645050053,3.6463291645050053,3.6463291645050053,3.646329164505005,0.0
1994-07-06,3.6463291645050053,3.6463291645050053,3.6463291645050053,3.646329164505005,1600.0
1994-07-07,3.6463291645050053,3.6463291645050053,3.6463291645050053,3.646329164505005,1000.0
1994-07-08,3.6463291645050053,3.6463291645050053,3.6463291645050053,3.646329164505005,0.0
1994-07-11,3.7398245334625244,3.7398245334625244,3.7398245334625244,3.7398245334625244,200.0
1994-07-12,3.7398238298369617,3.9268150213288098,3.7398238298369617,3.8333194255828857,11300.0
1994-07-13,3.8333194255828857,3.8333194255828857,3.7398238298369617,3.8333194255828857,900.0
1994-07-14,3.8333194255828857,3.9268150213288098,3.8333194255828857,3.8333194255828857,300.0
1994-07-15,3.92681622505188,3.92681622505188,3.92681622505188,3.92681622505188,300.0
1994-07-18,4.020310878753662,4.067058679669403,4.020310878753662,4.020310878753662,200.0
1994-07-19,4.020310878753662,4.020310878753662,4.020310878753662,4.020310878753662,2300.0
1994-07-20,4.020311849457877,4.020311849457877,3.92681622505188,3.92681622505188,900.0
1994-07-21,3.92681622505188,3.92681622505188,3.92681622505188,3.92681622505188,0.0
1994-07-22,3.92681622505188,3.92681622505188,3.92681622505188,3.92681622505188,0.0
1994-07-25,3.92681622505188,3.92681622505188,3.92681622505188,3.92681622505188,0.0
1994-07-26,4.020310878753662,4.020310878753662,4.020310878753662,4.020310878753662,700.0
1994-07-27,4.020310878753662,4.300797684248104,4.020310878753662,4.020310878753662,4300.0
1994-07-28,4.020312256283231,4.207303524017334,4.020312256283231,4.207303524017334,180200.0
1994-07-29,3.92681622505188,3.92681622505188,3.92681622505188,3.92681622505188,400.0
1994-08-01,4.020310878753662,4.183928181958754,4.020310878753662,4.020310878753662,8500.0
1994-08-02,4.020311117172241,4.11380672454834,3.7398242950439453,4.11380672454834,3000.0
1994-08-03,4.020310878753662,4.020310878753662,4.020310878753662,4.020310878753662,1100.0
1994-08-04,4.11380672454834,4.11380672454834,4.11380672454834,4.11380672454834,1000.0
1994-08-05,4.11380672454834,4.11380672454834,4.11380672454834,4.11380672454834,0.0
1994-08-08,4.11380672454834,4.11380672454834,4.11380672454834,4.11380672454834,0.0
1994-08-09,4.300797462463379,4.300797462463379,4.300797462463379,4.300797462463379,700.0
1994-08-10,4.394294232738262,4.58128547668457,4.394294232738262,4.58128547668457,300.0
1994-08-11,4.58128547668457,4.58128547668457,4.58128547668457,4.58128547668457,0.0
1994-08-12,4.58128547668457,4.58128547668457,4.58128547668457,4.58128547668457,0.0
1994-08-15,4.207303524017334,4.207303524017334,4.207303524017334,4.207303524017334,1000.0
1994-08-16,4.207303524017334,4.207303524017334,4.207303524017334,4.207303524017334,0.0
1994-08-17,4.207303524017334,4.207303524017334,4.207303524017334,4.207303524017334,500.0
1994-08-18,4.207303524017334,4.207303524017334,4.207303524017334,4.207303524017334,0.0
1994-08-19,4.300797462463379,4.487788656483525,4.300797462463379,4.300797462463379,400.0
1994-08-22,4.674780368804932,4.861771583557129,4.674780368804932,4.674780368804932,1100.0
1994-08-23,4.674780368804932,4.674780368804932,4.674780368804932,4.674780368804932,600.0
1994-08-24,4.861772060394287,5.235754526578463,4.861772060394287,4.861772060394287,5300.0
1994-08-25,4.76827597618103,4.76827597618103,4.674780368804932,4.674780368804932,5000.0
1994-08-26,4.674781021194079,4.861772262041842,4.674781021194079,4.698154926300049,22000.0
1994-08-29,4.698155269026756,4.861772616704305,4.487790107727051,4.487790107727051,2400.0
1994-08-30,4.768277645111084,5.048764565411736,4.768277645111084,4.768277645111084,17400.0
1994-08-31,4.955266952514648,5.048762555392283,4.955266952514648,4.955266952514648,13000.0
1994-09-01,4.955266952514648,5.048762555392283,4.674780143881744,4.955266952514648,5200.0
1994-09-02,5.235754013061523,5.516240835189819,5.235754013061523,5.235754013061523,10300.0
1994-09-06,5.7032326411425585,5.983719492346291,5.7032326411425585,5.749980449676514,271200.0
1994-09-07,5.890224203467369,5.983719825744629,5.890224203467369,5.983719825744629,205000.0
1994-09-08,5.983719402298504,6.0538411140441895,5.796728170976675,6.0538411140441895,128100.0
1994-09-09,6.053841045408538,6.264206178260571,5.983719334457859,6.170710563659668,18700.0
1994-09-12,6.170710739999447,6.217458548635807,6.170710739999447,6.194084644317627,25000.0
1994-09-13,6.194084695915678,6.264206409454346,6.077215173351231,6.264206409454346,25100.0
1994-09-14,6.264205939953144,6.264205939953144,6.07721471786499,6.07721471786499,1600.0
1994-09-15,6.07721471786499,6.07721471786499,6.07721471786499,6.07721471786499,2600.0
1994-09-16,6.123962756359216,6.3109539855610235,6.123962756359216,6.170710563659668,69300.0
1994-09-19,6.170710669623481,6.45119751824273,6.170710669623481,6.3109540939331055,3400.0
1994-09-20,6.544693443510267,6.825180305374993,6.544693443510267,6.731684684753418,444300.0
1994-09-21,6.638188362121583,6.638188362121583,6.638188362121583,6.638188362121582,1500.0
1994-09-22,6.7316833181479545,6.918674521429842,6.7316833181479545,6.801805019378662,6200.0
1994-09-23,6.918673762117331,7.316030025482178,6.918673762117331,7.316030025482178,14300.0
1994-09-26,7.316032259087813,7.386153974031147,7.1056671142578125,7.1056671142578125,2800.0
1994-09-27,7.386154328073774,7.85363245010376,7.386154328073774,7.85363245010376,9100.0
1994-09-28,8.063994191779106,8.437976531107992,8.063994191779106,8.157489776611328,20300.0
1994-09-29,8.040621757507324,8.040621757507324,7.853630553844364,8.040621757507324,3600.0
1994-09-30,7.947127819061279,7.947127819061279,7.666640954859116,7.947127819061279,86400.0
1994-10-03,7.573145389556885,7.573145389556885,7.47964976746359,7.573145389556885,8500.0
1994-10-04,7.573143255419848,7.6666388511657715,7.292656468182075,7.6666388511657715,800.0
1994-10-05,7.1991627341822575,7.1991627341822575,7.1056671142578125,7.1056671142578125,16700.0
1994-10-06,7.105666613578797,7.479649066925049,7.105666613578797,7.479649066925049,5400.0
1994-10-07,7.479649568215395,7.66664080742078,7.292658329010011,7.29265832901001,800.0
1994-10-10,7.5030215586104045,7.6666388511657715,7.5030215586104045,7.6666388511657715,7200.0
1994-10-11,7.479649568215395,7.479649568215395,7.292658329010011,7.29265832901001,400.0
1994-10-12,7.386152063928,8.040621234149468,7.386152063928,7.6666388511657715,1400.0
1994-10-13,7.573145389556885,7.573145389556885,7.573145389556885,7.573145389556885,2400.0
1994-10-14,7.479649066925049,7.479649066925049,7.479649066925049,7.479649066925049,300.0
1994-10-17,7.573142462861751,7.806881427764892,7.573142462861751,7.806881427764893,7600.0
1994-10-18,7.806884637900761,7.85363245010376,7.760136825697763,7.85363245010376,6100.0
1994-10-19,7.853630722453403,7.9237524253324505,7.666639514775941,7.877004623413086,11100.0
1994-10-20,7.877006356205259,8.040623698915754,7.85363245010376,7.85363245010376,5700.0
1994-10-21,7.947126859906076,8.13411808013916,7.947126859906076,8.13411808013916,2000.0
1994-10-24,8.040621757507324,8.040621757507324,7.8770044543022335,8.040621757507324,7400.0
1994-10-25,7.923754168408258,7.923754168408258,7.85363245010376,7.85363245010376,1900.0
1994-10-26,7.760135173797607,7.760135173797607,7.760135173797607,7.760135173797607,700.0
1994-10-27,7.760135173797607,7.760135173797607,7.760135173797607,7.760135173797607,0.0
1994-10-28,7.573145389556885,7.573145389556885,7.573145389556885,7.573145389556885,500.0
1994-10-31,7.479650763016713,7.479650763016713,7.386155128479004,7.386155128479004,2600.0
1994-11-01,7.386153453588486,7.479649066925049,7.105666613578797,7.479649066925049,1000.0
1994-11-02,7.292658329010011,7.292658329010011,7.199162709407318,7.29265832901001,400.0
1994-11-03,7.4095258712768555,7.479647567219539,7.4095258712768555,7.4095258712768555,7600.0
1994-11-04,7.292658329010011,7.292658329010011,7.292658329010011,7.29265832901001,400.0
1994-11-07,7.292659493941295,7.386155128479004,7.105668224865878,7.386155128479004,1200.0
1994-11-08,7.199163123265209,7.199163123265209,6.965424060821533,6.965424060821533,50800.0
1994-11-09,6.965424060821533,6.965424060821533,6.965424060821533,6.965424060821533,0.0
1994-11-10,6.965424060821533,6.965424060821533,6.965424060821533,6.965424060821533,0.0
1994-11-11,6.918675422668457,6.918675422668457,6.825179808848613,6.918675422668457,400.0
1994-11-14,6.825180305374993,6.825180305374993,6.731684684753418,6.731684684753418,800.0
1994-11-15,6.825179100036621,6.988796407229279,6.825179100036621,6.825179100036621,500.0
1994-11-16,6.825179100036621,6.825179100036621,6.825179100036621,6.825179100036621,400.0
1994-11-17,6.825179100036621,6.825179100036621,6.825179100036621,6.825179100036621,0.0
1994-11-18,6.731684684753418,6.731684684753418,6.638189064131843,6.731684684753418,4800.0
1994-11-21,6.731684684753418,6.731684684753418,6.638189064131843,6.731684684753418,1500.0
1994-11-22,6.731684684753418,6.731684684753418,6.731684684753418,6.731684684753418,0.0
1994-11-23,6.544693116661456,6.544693116661456,6.31095407678069,6.497945308685303,28100.0
1994-11-25,6.497946304782854,6.568068027496338,6.497946304782854,6.568068027496338,30900.0
1994-11-28,6.194084644317627,6.194084644317627,6.194084644317627,6.194084644317627,100.0
1994-11-29,6.07721471786499,6.07721471786499,6.07721471786499,6.07721471786499,800.0
1994-11-30,5.983719825744629,5.983719825744629,5.983719825744629,5.983719825744629,500.0
1994-12-01,5.609736919403076,5.609736919403076,5.609736919403076,5.609736919403076,1000.0
1994-12-02,5.422746926023249,5.422746926023249,5.235755652712102,5.329251289367676,19000.0
1994-12-05,4.955266952514648,4.955266952514648,4.955266952514648,4.955266952514648,200.0
1994-12-06,5.235754013061523,5.235754013061523,5.235754013061523,5.235754013061523,40000.0
1994-12-07,5.703233242034912,5.983720122790728,5.703233242034912,5.703233242034912,1800.0
1994-12-08,5.890224203467369,5.983719825744629,5.890224203467369,5.983719825744629,1200.0
1994-12-09,5.983719825744629,5.983719825744629,5.983719825744629,5.983719825744629,100.0
1994-12-12,5.703233242034912,5.703233242034912,5.609737615116307,5.703233242034912,800.0
1994-12-13,6.2408318519592285,6.451196970564595,6.2408318519592285,6.2408318519592285,21400.0
1994-12-14,5.983719825744629,5.983719825744629,5.983719825744629,5.983719825744629,100.0
1994-12-15,6.357702732086182,6.638189617325278,6.357702732086182,6.357702732086182,1700.0
1994-12-16,6.357702732086182,6.357702732086182,6.357702732086182,6.357702732086182,0.0
1994-12-19,6.357702732086182,6.357702732086182,6.357702732086182,6.357702732086182,0.0
1994-12-20,6.918675422668457,6.918675422668457,6.918675422668457,6.918675422668457,1600.0
1994-12-21,7.1056671142578125,7.1056671142578125,7.1056671142578125,7.1056671142578125,200.0
1994-12-22,7.012171268463135,7.012171268463135,6.918675651550292,7.012171268463135,700.0
1994-12-23,7.012171546618144,7.012171546618144,6.731684684753418,6.731684684753418,2000.0
1994-12-27,6.825179808848613,6.918675422668457,6.825179808848613,6.918675422668457,1100.0
1994-12-28,6.918675422668457,7.292657877947834,6.918675422668457,6.918675422668457,3900.0
1994-12-29,7.1056690526707555,7.175790786743164,7.1056690526707555,7.175790786743164,1300.0
1994-12-30,7.012171268463135,7.012171268463135,7.012171268463135,7.012171268463135,600.0
1995-01-03,7.1056671142578125,7.1056671142578125,7.1056671142578125,7.1056671142578125,1800.0
1995-01-04,7.1056671142578125,7.1056671142578125,7.1056671142578125,7.1056671142578125,0.0
1995-01-05,6.731684684753418,6.731684684753418,6.170710961023967,6.731684684753418,6400.0
1995-01-06,6.357702732086182,6.357702732086182,6.357702732086182,6.357702732086182,700.0
1995-01-09,6.264206692576408,6.264206692576408,5.983719825744629,5.983719825744629,2700.0
1995-01-10,5.796728610992432,5.796728610992432,5.796728610992432,5.796728610992432,300.0
1995-01-11,6.170710563659668,6.357701792861476,6.170710563659668,6.170710563659668,3900.0
1995-01-12,6.3577012446888705,6.801805375751696,6.3577012446888705,6.661561965942383,2600.0
1995-01-13,6.661561965942383,6.661561965942383,6.661561965942383,6.661561965942383,0.0
1995-01-16,6.661561965942383,6.661561965942383,6.661561965942383,6.661561965942383,0.0
1995-01-17,6.661561965942383,6.661561965942383,6.661561965942383,6.661561965942383,0.0
1995-01-18,6.661561965942383,6.661561965942383,6.661561965942383,6.661561965942383,0.0
1995-01-19,6.451199054718018,6.451199054718018,6.451199054718018,6.451199054718018,200.0
1995-01-20,6.544693946838379,6.544693946838379,6.544693946838379,6.544693946838379,300.0
1995-01-23,6.544693946838379,6.544693946838379,6.544693946838379,6.544693946838379,0.0
1995-01-24,6.451198360499213,6.451198360499213,6.357702732086182,6.357702732086182,300.0
1995-01-25,6.194084644317627,6.194084644317627,6.123962931363088,6.194084644317627,100000.0
1995-01-26,6.194084644317627,6.194084644317627,6.194084644317627,6.194084644317627,0.0
1995-01-27,6.170710563659668,6.170710563659668,6.170710563659668,6.170710563659668,100.0
1995-01-30,5.796728610992432,5.796728610992432,5.796728610992432,5.796728610992432,65500.0
1995-01-31,5.796728610992432,5.796728610992432,5.796728610992432,5.796728610992432,100.0
1995-02-01,5.983719825744629,6.544693559408188,5.983719825744629,5.983719825744629,63400.0
1995-02-02,5.983719825744629,5.983719825744629,5.983719825744629,5.983719825744629,0.0
1995-02-03,6.451199054718018,6.451199054718018,6.451199054718018,6.451199054718018,300.0
1995-02-06,6.357702732086182,6.357702732086182,6.357702732086182,6.357702732086182,1000.0
1995-02-07,6.357702732086182,6.357702732086182,6.357702732086182,6.357702732086182,0.0
1995-02-08,6.357702732086182,6.357702732086182,6.357702732086182,6.357702732086182,100.0
1995-02-09,6.357702732086182,6.357702732086182,6.357702732086182,6.357702732086182,0.0
1995-02-10,6.731684684753418,6.731684684753418,6.731684684753418,6.731684684753418,500.0
1995-02-13,6.731684684753418,6.731684684753418,6.731684684753418,6.731684684753418,0.0
1995-02-14,6.731684684753418,6.731684684753418,6.731684684753418,6.731684684753418,0.0
1995-02-15,6.544693946838379,6.544693946838379,6.544693946838379,6.544693946838379,2200.0
1995-02-16,6.544693946838379,6.544693946838379,6.544693946838379,6.544693946838379,0.0
1995-02-17,6.544693946838379,6.544693946838379,6.544693946838379,6.544693946838379,2000.0
1995-02-21,6.544692751387475,6.638188362121583,6.544692751387475,6.638188362121582,5900.0
1995-02-22,6.638188362121583,6.638188362121583,6.357701529919262,6.638188362121582,500.0
1995-02-23,6.544693946838379,6.544693946838379,6.544693946838379,6.544693946838379,500.0
1995-02-24,6.451199054718018,6.451199054718018,6.451199054718018,6.451199054718018,1200.0
1995-02-27,6.357702732086182,6.357702732086182,6.357702732086182,6.357702732086182,700.0
1995-02-28,6.357702732086182,6.357702732086182,6.357702732086182,6.357702732086182,0.0
1995-03-01,6.357702732086182,6.357702732086182,6.264207103673149,6.357702732086182,1500.0
1995-03-02,6.264206409454346,6.264206409454346,6.170710791402788,6.264206409454346,3200.0
1995-03-03,6.264206409454346,6.264206409454346,6.264206409454346,6.264206409454346,0.0
1995-03-06,5.983719825744629,5.983719825744629,5.983719825744629,5.983719825744629,1200.0
1995-03-07,5.983719825744629,5.983719825744629,5.983719825744629,5.983719825744629,0.0
1995-03-08,5.983719825744629,5.983719825744629,5.983719825744629,5.983719825744629,0.0
1995-03-09,6.170710563659668,6.170710563659668,6.170710563659668,6.170710563659668,800.0
1995-03-10,6.170710563659668,6.170710563659668,6.170710563659668,6.170710563659668,0.0
1995-03-13,6.638188362121583,6.638188362121583,6.638188362121583,6.638188362121582,1000.0
1995-03-14,6.731684684753418,6.731684684753418,6.731684684753418,6.731684684753418,200.0
1995-03-15,6.731684684753418,6.731684684753418,6.731684684753418,6.731684684753418,0.0
1995-03-16,6.451199054718018,6.451199054718018,6.451199054718018,6.451199054718018,8200.0
1995-03-17,6.451199054718018,6.451199054718018,6.451199054718018,6.451199054718018,0.0
1995-03-20,6.451199054718018,6.451199054718018,6.451199054718018,6.451199054718018,300.0
1995-03-21,6.357702732086182,6.357702732086182,6.357702732086182,6.357702732086182,400.0
1995-03-22,6.264206409454346,6.264206409454346,6.077215173351231,6.264206409454346,200.0
1995-03-23,6.170710563659668,6.170710563659668,6.077214949058764,6.170710563659668,1000.0
1995-03-24,5.796728610992432,5.796728610992432,5.796728610992432,5.796728610992432,100.0
1995-03-27,5.796728610992432,5.796728610992432,5.796728610992432,5.796728610992432,0.0
1995-03-28,5.796728610992432,5.796728610992432,5.796728610992432,5.796728610992432,0.0
1995-03-29,5.983719825744629,5.983719825744629,5.983719825744629,5.983719825744629,100.0
1995-03-30,5.983719825744629,5.983719825744629,5.983719825744629,5.983719825744629,0.0
1995-03-31,6.731684684753418,6.731684684753418,6.731684684753418,6.731684684753418,5200.0
1995-04-03,6.731684684753418,6.731684684753418,6.731684684753418,6.731684684753418,300.0
1995-04-04,6.73168349592653,6.825179100036621,6.73168349592653,6.825179100036621,1500.0
1995-04-05,6.825180305374993,6.942049831151962,6.731684684753418,6.731684684753418,4200.0
1995-04-06,6.73168419502877,6.918675422668457,6.73168419502877,6.918675422668457,1200.0
1995-04-07,6.918675422668457,6.918675422668457,6.918675422668457,6.918675422668457,0.0
1995-04-10,6.544693946838379,6.544693946838379,6.357702691214426,6.544693946838379,1100.0
1995-04-11,6.544692699725811,6.544692699725811,6.264205869737562,6.381075382232666,152200.0
1995-04-12,6.451199054718018,6.451199054718018,6.451199054718018,6.451199054718018,2300.0
1995-04-13,6.357702732086182,6.357702732086182,6.357702732086182,6.357702732086182,1500.0
1995-04-17,6.357702732086182,6.357702732086182,6.357702732086182,6.357702732086182,0.0
1995-04-18,6.544693566702462,6.684937000274658,6.544693566702462,6.684937000274658,10000.0
1995-04-19,6.731684684753418,6.825180305374993,6.731684684753418,6.731684684753418,600.0
1995-04-20,6.544694693192191,6.544694693192191,6.451199054718018,6.451199054718018,2300.0
1995-04-21,6.451199054718018,6.451199054718018,6.451199054718018,6.451199054718018,0.0
1995-04-24,6.451198319026402,6.544693946838379,6.451198319026402,6.544693946838379,700.0
1995-04-25,6.544693946838379,6.544693946838379,6.544693946838379,6.544693946838379,0.0
1995-04-26,6.544693946838379,6.544693946838379,6.544693946838379,6.544693946838379,0.0
1995-04-27,6.287580490112304,6.287580490112304,6.287580490112304,6.287580490112305,300.0
1995-04-28,6.638188362121583,6.638188362121583,6.638188362121583,6.638188362121582,100.0
1995-05-01,6.638188362121583,6.638188362121583,6.638188362121583,6.638188362121582,0.0
1995-05-02,6.357702732086182,6.357702732086182,6.357702732086182,6.357702732086182,500.0
1995-05-03,6.357702732086182,6.357702732086182,6.357702732086182,6.357702732086182,0.0
1995-05-04,6.568068027496338,6.568068027496338,6.568068027496338,6.568068027496338,100.0
1995-05-05,6.474572964336561,6.474572964336561,6.451199054718018,6.451199054718018,1600.0
1995-05-08,6.451199054718018,6.451199054718018,6.451199054718018,6.451199054718018,0.0
1995-05-09,6.287580490112304,6.287580490112304,6.19408486944149,6.287580490112305,500.0
1995-05-10,6.123963356018066,6.123963356018066,5.983719920384065,6.123963356018066,3400.0
1995-05-11,6.123963356018066,6.123963356018066,6.123963356018066,6.123963356018066,0.0
1995-05-12,6.07721471786499,6.07721471786499,5.866849593015818,6.07721471786499,9300.0
1995-05-15,6.077215448021889,6.170711070299149,5.983719825744629,5.983719825744629,900.0
1995-05-16,5.983719825744629,5.983719825744629,5.890224203467369,5.983719825744629,400.0
1995-05-17,5.983719825744629,5.983719825744629,5.983719825744629,5.983719825744629,0.0
1995-05-18,5.983719825744629,5.983719825744629,5.983719825744629,5.983719825744629,500.0
1995-05-19,5.516242027282715,5.516242027282715,5.516242027282715,5.516242027282715,2000.0
1995-05-22,5.516242027282715,5.516242027282715,5.516242027282715,5.516242027282715,0.0
1995-05-23,5.142258644104004,5.142258644104004,5.142258644104004,5.142258644104004,100.0
1995-05-24,5.142258644104004,5.142258644104004,5.142258644104004,5.142258644104004,0.0
1995-05-25,5.516242027282715,5.609737654863777,5.516242027282715,5.516242027282715,23600.0
1995-05-26,5.539615207910537,5.609736919403076,5.539615207910537,5.609736919403076,105600.0
1995-05-30,5.609736919403076,5.609736919403076,5.609736919403076,5.609736919403076,300.0
1995-05-31,5.796728610992432,5.796728610992432,5.796728610992432,5.796728610992432,100.0
1995-06-01,5.516242027282715,5.516242027282715,5.516242027282715,5.516242027282715,200.0
1995-06-02,5.679859161376953,5.679859161376953,5.679859161376953,5.679859161376953,2000.0
1995-06-05,5.679859161376953,5.679859161376953,5.679859161376953,5.679859161376953,0.0
1995-06-06,5.679859161376953,5.679859161376953,5.679859161376953,5.679859161376953,0.0
1995-06-07,5.516242027282715,5.516242027282715,5.516242027282715,5.516242027282715,2200.0
1995-06-08,5.516242027282715,5.516242027282715,5.516242027282715,5.516242027282715,0.0
1995-06-09,5.516242027282715,5.516242027282715,5.516242027282715,5.516242027282715,0.0
1995-06-12,5.796728610992432,5.796728610992432,5.796728610992432,5.796728610992432,2000.0
1995-06-13,5.796728910025903,5.796728910025903,5.516242027282715,5.516242027282715,57200.0
1995-06-14,5.516241988197702,5.773354962223866,5.422746361279097,5.703233242034912,11900.0
1995-06-15,5.796728610992432,5.890224233750374,5.796728610992432,5.796728610992432,321400.0
1995-06-16,6.07721471786499,6.170710328909067,6.07721471786499,6.07721471786499,29100.0
1995-06-19,6.07721471786499,6.07721471786499,6.07721471786499,6.07721471786499,700.0
1995-06-20,6.194084644317627,6.357701974544884,6.194084644317627,6.194084644317627,2000.0
1995-06-21,6.194084644317627,6.194084644317627,6.194084644317627,6.194084644317627,0.0
1995-06-22,6.0538411140441895,6.0538411140441895,6.0538411140441895,6.0538411140441895,1000.0
1995-06-23,5.890224495872123,5.890224495872123,5.609737615116307,5.703233242034912,2500.0
1995-06-26,5.703233242034912,5.703233242034912,5.703233242034912,5.703233242034912,0.0
1995-06-27,5.703233242034912,5.703233242034912,5.703233242034912,5.703233242034912,0.0
1995-06-28,5.703233242034912,5.703233242034912,5.703233242034912,5.703233242034912,0.0
1995-06-29,5.796728610992432,5.890224233750374,5.796728610992432,5.796728610992432,200.0
1995-06-30,5.796728610992432,5.796728610992432,5.796728610992432,5.796728610992432,0.0
1995-07-03,5.609736919403076,5.609736919403076,5.609736919403076,5.609736919403076,500.0
1995-07-05,5.609736919403076,5.609736919403076,5.609736919403076,5.609736919403076,0.0
1995-07-06,5.703232988234489,5.796728610992432,5.703232988234489,5.796728610992432,2100.0
1995-07-07,5.983719825744629,5.983719825744629,5.983719825744629,5.983719825744629,100.0
1995-07-10,5.983719825744629,5.983719825744629,5.983719825744629,5.983719825744629,0.0
1995-07-11,5.820101737976074,5.820101737976074,5.820101737976074,5.820101737976074,100.0
1995-07-12,5.890224456787109,5.890224456787109,5.890224456787109,5.890224456787109,100.0
1995-07-13,5.890224233750374,6.0304676678872875,5.796728610992432,5.796728610992432,202000.0
1995-07-14,5.983719825744629,5.983719825744629,5.983719825744629,5.983719825744629,1000.0
1995-07-17,5.796728610992432,5.796728610992432,5.796728610992432,5.796728610992432,100.0
1995-07-18,5.796727773711438,5.936971187591553,5.796727773711438,5.936971187591553,700.0
1995-07-19,5.936971187591553,5.936971187591553,5.936971187591553,5.936971187591553,0.0
1995-07-20,5.820102775683169,5.820102775683169,5.703233242034912,5.703233242034912,1400.0
1995-07-21,5.820101737976074,5.820101737976074,5.820101737976074,5.820101737976074,100.0
1995-07-24,5.983719402298504,6.0538411140441895,5.983719402298504,6.0538411140441895,50800.0
1995-07-25,6.0538411140441895,6.0538411140441895,6.0538411140441895,6.0538411140441895,0.0
1995-07-26,6.0538411140441895,6.0538411140441895,6.0538411140441895,6.0538411140441895,0.0
1995-07-27,6.194084644317627,6.661562730681221,6.194084644317627,6.194084644317627,1600.0
1995-07-28,6.6148152351379395,6.6148152351379395,6.6148152351379395,6.6148152351379395,100000.0
1995-07-31,6.80180649854699,6.9420499315067214,6.80180649854699,6.8719282150268555,36600.0
1995-08-01,6.825179100036621,6.825179100036621,6.825179100036621,6.825179100036621,35100.0
1995-08-02,6.825179100036621,6.825179100036621,6.825179100036621,6.825179100036621,0.0
1995-08-03,7.1056670898046255,7.292658329010011,7.1056670898046255,7.29265832901001,2300.0
1995-08-04,7.199161529541016,7.199161529541016,7.199161529541016,7.199161529541016,500.0
1995-08-07,7.199161529541016,7.199161529541016,7.199161529541016,7.199161529541016,0.0
1995-08-08,7.316030025482178,7.316030025482178,7.316030025482178,7.316030025482178,400.0
1995-08-09,7.398480627097581,7.398480627097581,7.185744762420653,7.185744762420654,2600.0
1995-08-10,7.091192245483398,7.091192245483398,7.091192245483398,7.091192245483398,600.0
1995-08-11,6.996646404266357,6.996646404266357,6.996646404266357,6.996646404266357,1500.0
1995-08-14,6.996646404266357,6.996646404266357,6.996646404266357,6.996646404266357,0.0
1995-08-15,6.996646404266357,6.996646404266357,6.996646404266357,6.996646404266357,0.0
1995-08-16,6.712996006011963,6.712996006011963,6.429348287448077,6.712996006011963,1000.0
1995-08-17,6.736633777618408,6.736633777618408,6.736633777618408,6.736633777618408,500.0
1995-08-18,6.736633197902001,6.90209436416626,6.6184466505703865,6.90209436416626,400.0
1995-08-21,6.90209436416626,6.90209436416626,6.90209436416626,6.90209436416626,100.0
1995-08-22,6.618449307870174,6.618449307870174,6.523900032043457,6.523900032043457,1200.0
1995-08-23,6.547534942626953,6.547534942626953,6.547534942626953,6.547534942626953,1300.0
1995-08-24,6.523900032043457,6.523900032043457,6.523900032043457,6.523900032043457,100.0
1995-08-25,6.523900032043457,6.712998583696891,6.523900032043457,6.523900032043457,2800.0
1995-08-28,6.523900032043457,6.618449307870174,6.523900032043457,6.523900032043457,3700.0
1995-08-29,6.807546615600586,6.902095874150594,6.807546615600586,6.807546615600586,3400.0
1995-08-30,6.736633777618408,6.736633777618408,6.736633777618408,6.736633777618408,300.0
1995-08-31,6.73663467168808,6.878458559513092,6.500261525313059,6.807546615600586,24300.0
1995-09-01,6.807546615600586,6.807546615600586,6.807546615600586,6.807546615600586,0.0
1995-09-05,6.807546615600586,6.807546615600586,6.807546615600586,6.807546615600586,2000.0
1995-09-06,6.807546615600586,6.807546615600586,6.807546615600586,6.807546615600586,0.0
1995-09-07,6.807544555664062,7.091192245483398,6.807544555664062,7.091192245483398,1500.0
1995-09-08,6.996646404266357,6.996646404266357,6.996646404266357,6.996646404266357,2700.0
1995-09-11,6.90209436416626,6.90209436416626,6.90209436416626,6.90209436416626,100.0
1995-09-12,7.185743728241363,7.280292987823486,7.185743728241363,7.280292987823486,500.0
1995-09-13,7.280292987823486,7.280292987823486,7.280292987823486,7.280292987823486,0.0
1995-09-14,7.280292987823486,7.280292987823486,7.280292987823486,7.280292987823486,0.0
1995-09-15,7.185744762420653,7.185744762420653,6.807547669661672,7.185744762420654,10100.0
1995-09-18,7.185744762420653,7.185744762420653,7.185744762420653,7.185744762420654,0.0
1995-09-19,7.185744762420653,7.185744762420653,7.185744762420653,7.185744762420654,0.0
1995-09-20,7.185744762420653,7.185744762420653,7.185744762420653,7.185744762420654,1700.0
1995-09-21,7.091192245483398,7.091192245483398,7.091192245483398,7.091192245483398,400.0
1995-09-22,7.114831803287668,7.256655693054199,7.114831803287668,7.256655693054199,2500.0
1995-09-25,7.256655693054199,7.256655693054199,7.256655693054199,7.256655693054199,0.0
1995-09-26,7.256655693054199,7.256655693054199,7.256655693054199,7.256655693054199,0.0
1995-09-27,5.294757489804868,5.294757489804868,5.011109767136751,5.105659008026123,10200.0
1995-09-28,5.105659008026123,5.105659008026123,5.105659008026123,5.105659008026123,0.0
1995-09-29,7.185743649800618,7.374842166900635,7.185743649800618,7.374842166900635,1900.0
1995-10-02,7.091192245483398,7.091192245483398,7.091192245483398,7.091192245483398,300.0
1995-10-03,6.878459453582765,6.878459453582765,6.878459453582765,6.878459453582764,200.0
1995-10-04,6.996646404266357,6.996646404266357,6.996646404266357,6.996646404266357,100.0
1995-10-05,6.996646404266357,6.996646404266357,6.996646404266357,6.996646404266357,0.0
1995-10-06,6.996646404266357,6.996646404266357,6.996646404266357,6.996646404266357,0.0
1995-10-09,7.091192245483398,7.091192245483398,7.091192245483398,7.091192245483398,100.0
1995-10-10,7.091192245483398,7.091192245483398,7.091192245483398,7.091192245483398,1100.0
1995-10-11,7.091192245483398,7.091192245483398,7.091192245483398,7.091192245483398,0.0
1995-10-12,7.114832401275635,7.114832401275635,7.114832401275635,7.114832401275635,100.0
1995-10-13,7.114832401275635,7.114832401275635,7.114832401275635,7.114832401275635,0.0
1995-10-16,7.114832401275635,7.114832401275635,7.114832401275635,7.114832401275635,1600.0
1995-10-17,7.09119439125061,7.09119439125061,6.807546615600586,6.807546615600586,1900.0
1995-10-18,6.807546615600586,6.807546615600586,6.807546615600586,6.807546615600586,0.0
1995-10-19,6.712996006011963,6.712996006011963,6.618446766490668,6.712996006011963,2200.0
1995-10-20,6.429349422454834,6.429349422454834,6.429349422454834,6.429349422454834,100.0
1995-10-23,6.642085552215576,6.7366348127453355,6.642085552215576,6.642085552215576,700.0
1995-10-24,6.712996006011963,6.712996006011963,6.712996006011963,6.712996006011963,200.0
1995-10-25,6.712996006011963,6.712996006011963,6.712996006011963,6.712996006011963,0.0
1995-10-26,6.4529867365079765,6.4529867365079765,6.429349422454834,6.429349422454834,30200.0
1995-10-27,6.429349422454834,6.429349422454834,6.429349422454834,6.429349422454834,0.0
1995-10-30,6.429349422454834,6.429349422454834,6.429349422454834,6.429349422454834,0.0
1995-10-31,6.240250587463379,6.240250587463379,6.240250587463379,6.240250587463379,100.0
1995-11-01,6.263889312744141,6.358438585389336,6.263889312744141,6.263889312744141,800.0
1995-11-02,6.263889312744141,6.263889312744141,6.263889312744141,6.263889312744141,0.0
1995-11-03,6.523900032043457,6.523900032043457,6.523900032043457,6.523900032043457,2000.0
1995-11-06,6.429349422454834,6.429349422454834,6.429349422454834,6.429349422454834,100.0
1995-11-07,6.429349422454834,6.500261364614262,6.429349422454834,6.429349422454834,600.0
1995-11-08,6.807545126300969,6.9966436020315514,6.807545126300969,6.90209436416626,1100.0
1995-11-09,6.996646404266357,6.996646404266357,6.996646404266357,6.996646404266357,200.0
1995-11-10,7.563939094543457,7.563939094543457,7.563939094543457,7.563939094543457,500.0
1995-11-13,7.563939094543457,7.563939094543457,7.563939094543457,7.563939094543457,500.0
1995-11-14,7.185744762420653,7.185744762420653,7.185744762420653,7.185744762420654,800.0
1995-11-15,7.185744762420653,7.185744762420653,7.185744762420653,7.185744762420654,2000.0
1995-11-16,7.185744762420653,7.185744762420653,7.185744762420653,7.185744762420654,0.0
1995-11-17,7.185744762420653,7.185744762420653,7.185744762420653,7.185744762420654,0.0
1995-11-20,7.020281791687012,7.020281791687012,7.020281791687012,7.020281791687012,300.0
1995-11-21,7.0202837231996895,7.091195679999686,6.831185171733031,6.996646404266357,20000.0
1995-11-22,6.429349422454834,6.429349422454834,6.429349422454834,6.429349422454834,400.0
1995-11-24,6.712996006011963,6.712996006011963,6.712996006011963,6.712996006011963,100.0
1995-11-27,6.712996006011963,6.712996006011963,6.523897526969372,6.712996006011963,500.0
1995-11-28,6.90209436416626,6.90209436416626,6.90209436416626,6.90209436416626,100.0
1995-11-29,6.90209436416626,6.90209436416626,6.90209436416626,6.90209436416626,0.0
1995-11-30,6.90209436416626,6.90209436416626,6.90209436416626,6.90209436416626,0.0
1995-12-01,6.618448734283447,6.618448734283447,6.618448734283447,6.618448734283447,500.0
1995-12-04,6.642085552215576,6.642085552215576,6.642085552215576,6.642085552215576,300.0
1995-12-05,6.642085552215576,6.642085552215576,6.642085552215576,6.642085552215576,0.0
1995-12-06,6.642085552215576,6.642085552215576,6.642085552215576,6.642085552215576,0.0
1995-12-07,6.807546615600586,7.09119439125061,6.807546615600586,6.807546615600586,700.0
1995-12-08,7.020281791687012,7.020281791687012,7.020281791687012,7.020281791687012,900.0
1995-12-11,7.020281791687012,7.020281791687012,6.902095229537399,7.020281791687012,1100.0
1995-12-12,7.020281791687012,7.020281791687012,7.020281791687012,7.020281791687012,0.0
1995-12-13,6.712996006011963,6.712996006011963,6.712996006011963,6.712996006011963,1800.0
1995-12-14,6.712996006011963,6.712996006011963,6.712996006011963,6.712996006011963,0.0
1995-12-15,6.712996006011963,6.712996006011963,6.712996006011963,6.712996006011963,0.0
1995-12-18,6.712998001916068,6.807547269548689,6.618448734283447,6.618448734283447,500.0
1995-12-19,6.618448734283447,6.618448734283447,6.618448734283447,6.618448734283447,0.0
1995-12-20,6.618449307870174,6.807547859523607,6.523900032043457,6.523900032043457,300.0
1995-12-21,6.523900032043457,6.523900032043457,6.263889523519985,6.523900032043457,2300.0
1995-12-22,6.500261783599854,6.500261783599854,6.500261783599854,6.5002617835998535,100.0
1995-12-26,6.500261783599854,6.500261783599854,6.500261783599854,6.5002617835998535,500.0
1995-12-27,6.500261364614262,6.642085248933118,6.429349422454834,6.429349422454834,15300.0
1995-12-28,6.429349422454834,6.429349422454834,6.429349422454834,6.429349422454834,100.0
1995-12-29,6.42935075621674,6.712998583696891,6.42935075621674,6.523900032043457,2400.0
1996-01-02,6.712996006011963,6.712996006011963,6.712996006011963,6.712996006011963,2000.0
1996-01-03,6.90209436416626,7.091192839896843,6.90209436416626,6.90209436416626,45500.0
1996-01-04,7.09119439125061,7.374842166900635,7.09119439125061,7.374842166900635,108800.0
1996-01-05,7.445753556263598,7.634852059279816,7.445753556263598,7.469390869140625,220800.0
1996-01-08,7.469390869140625,7.469390869140625,7.469390869140625,7.469390869140625,0.0
1996-01-09,7.469390869140625,7.847587875173062,7.469390869140625,7.469390869140625,1400.0
1996-01-10,7.847587886063949,8.698531150817871,7.847587886063949,8.698531150817871,58200.0
1996-01-11,8.154873469296623,8.154873469296623,8.036686897277832,8.036686897277832,50400.0
1996-01-12,8.013049805417973,8.013049805417973,7.776676654815674,7.776676654815674,100100.0
1996-01-15,7.776676654815674,7.776676654815674,7.776676654815674,7.776676654815674,0.0
1996-01-16,7.776676594492901,7.847588539123535,7.753039279616023,7.847588539123535,57800.0
1996-01-17,7.776676654815674,7.776676654815674,7.776676654815674,7.776676654815674,400.0
1996-01-18,7.776674821053022,7.942135987458405,7.6584882736206055,7.6584882736206055,2900.0
1996-01-19,7.6584882736206055,7.6584882736206055,7.6584882736206055,7.6584882736206055,0.0
1996-01-22,8.131235924634066,8.320334434509277,8.131235924634066,8.320334434509277,52500.0
1996-01-23,8.15487289428711,8.15487289428711,8.15487289428711,8.15487289428711,2500.0
1996-01-24,7.942139148712157,7.942139148712157,7.942139148712157,7.942139148712158,300.0
1996-01-25,8.15487289428711,8.15487289428711,8.15487289428711,8.15487289428711,1000.0
1996-01-26,8.320334434509277,8.462158316915685,8.320334434509277,8.320334434509277,7400.0
1996-01-29,8.273060842492114,8.273060842492114,8.131236942335107,8.225786209106445,22000.0
1996-01-30,8.509432792663574,8.509432792663574,8.509432792663574,8.509432792663574,4600.0
1996-01-31,8.320334434509277,8.320334434509277,8.320334434509277,8.320334434509277,3900.0
1996-02-01,8.79307998929705,9.265826225280762,8.79307998929705,9.265826225280762,36000.0
1996-02-02,9.454925537109375,9.927671813964844,9.454925537109375,9.454925537109375,109700.0
1996-02-05,9.454926240791394,9.738574028015137,9.454926240791394,9.738574028015137,1200.0
1996-02-06,9.738573303222656,9.738573303222656,9.454925537109375,9.454925537109375,3300.0
1996-02-07,9.644021987915039,9.738571223090677,9.644021987915039,9.644021987915039,200.0
1996-02-08,9.549474792480469,9.549474792480469,9.454925537109375,9.454925537109375,8000.0
1996-02-09,9.36037540435791,9.36037540435791,9.265826157849245,9.36037540435791,2800.0
1996-02-12,9.005817413330078,9.005817413330078,9.005817413330078,9.005817413330078,1500.0
1996-02-13,9.005815862380352,9.171277046203613,8.793080054607588,9.171277046203613,13500.0
1996-02-14,9.171277046203613,9.171277046203613,9.171277046203613,9.171277046203613,0.0
1996-02-15,9.17127697808402,9.360375472477505,9.076727730887278,9.265826225280762,2100.0
1996-02-16,9.171277046203613,9.171277046203613,9.171277046203613,9.171277046203613,100.0
1996-02-20,9.17127697808402,9.265826225280762,9.124002354485649,9.265826225280762,5700.0
1996-02-21,8.982179722887404,8.982179722887404,8.414884161441885,8.887630462646484,1500.0
1996-02-22,8.91126823425293,9.218553345778894,8.91126823425293,8.91126823425293,10900.0
1996-02-23,8.982177734375,8.982177734375,8.982177734375,8.982177734375,1800.0
1996-02-26,9.171276911340579,9.454924650866577,9.171276911340579,9.36037540435791,700.0
1996-02-27,9.360376281738281,9.454925537109375,9.360376281738281,9.454925537109375,600.0
1996-02-28,9.454924789900632,9.454924789900632,9.171277046203613,9.171277046203613,700.0
1996-02-29,9.54947280883789,9.833120516031096,9.54947280883789,9.54947280883789,12000.0
1996-03-01,9.83312029157366,9.927669525146484,9.83312029157366,9.927669525146484,12400.0
1996-03-04,9.454925537109375,9.454925537109375,9.454925537109375,9.454925537109375,2500.0
1996-03-05,9.17127621299342,9.17127621299342,8.982177734375,8.982177734375,1500.0
1996-03-06,9.171277046203613,9.171277046203613,9.171277046203613,9.171277046203613,5300.0
1996-03-07,9.171277046203613,9.171277046203613,9.171277046203613,9.171277046203613,0.0
1996-03-08,9.171277046203613,9.171277046203613,9.171277046203613,9.171277046203613,0.0
1996-03-11,9.171275812036852,9.644021987915039,9.171275812036852,9.644021987915039,9100.0
1996-03-12,9.644024724545687,9.785848617553711,9.360376938529637,9.785848617553711,11700.0
1996-03-13,9.64402204456896,9.64402204456896,9.54947280883789,9.54947280883789,3200.0
1996-03-14,9.83312029157366,9.927669525146484,9.83312029157366,9.927669525146484,20100.0
1996-03-15,9.927669471164918,10.022218704223633,9.833120238106206,10.022218704223633,9800.0
1996-03-18,9.927669525146484,9.927669525146484,9.927669525146484,9.927669525146484,8700.0
1996-03-19,9.738574028015137,9.738574028015137,9.644024765607222,9.738574028015137,2000.0
1996-03-20,9.738571058000836,9.927669525146484,9.54947259085519,9.927669525146484,8600.0
1996-03-21,9.83312329042305,9.83312329042305,9.454926240791394,9.738574028015137,5200.0
1996-03-22,9.76220831331217,10.116767937282347,9.76220831331217,10.022218704223633,16900.0
1996-03-25,9.927669525146484,9.927669525146484,9.927669525146484,9.927669525146484,900.0
1996-03-26,10.305870056152344,10.305870056152344,10.305870056152344,10.305870056152344,200.0
1996-03-27,9.927669525146484,9.927669525146484,9.927669525146484,9.927669525146484,9800.0
1996-03-28,9.833123207092285,9.833123207092285,9.833123207092285,9.833123207092285,3100.0
1996-03-29,9.738574028015137,9.738574028015137,9.738574028015137,9.738574028015137,5000.0
1996-04-01,9.667659353501726,9.667659353501726,9.54947280883789,9.54947280883789,3800.0
1996-04-02,9.36037540435791,9.36037540435791,9.36037540435791,9.36037540435791,100.0
1996-04-03,9.36037540435791,9.36037540435791,9.36037540435791,9.36037540435791,0.0
1996-04-04,9.076727867126465,9.076727867126465,9.076727867126465,9.076727867126465,100.0
1996-04-08,9.076727867126465,9.076727867126465,9.076727867126465,9.076727867126465,0.0
1996-04-09,9.076727867126465,9.076727867126465,9.076727867126465,9.076727867126465,0.0
1996-04-10,9.029454353007864,9.029454353007864,8.887630462646484,8.887630462646484,10100.0
1996-04-11,9.171277046203613,9.171277046203613,9.171277046203613,9.171277046203613,120000.0
1996-04-12,9.100366592407227,9.100366592407227,9.100366592407227,9.100366592407227,100200.0
1996-04-15,8.793082237243652,8.793082237243652,8.793082237243652,8.793082237243652,800.0
1996-04-16,8.982177734375,8.982177734375,8.982177734375,8.982177734375,400.0
1996-04-17,8.982177734375,8.982177734375,8.982177734375,8.982177734375,0.0
1996-04-18,8.982177734375,8.982177734375,8.982177734375,8.982177734375,0.0
1996-04-19,8.887630462646484,8.887630462646484,8.698531942164644,8.887630462646484,4300.0
1996-04-22,8.84035314308418,8.84035314308418,8.60398006439209,8.60398006439209,5200.0
1996-04-23,8.698531150817871,8.793080402457196,8.698531150817871,8.698531150817871,500.0
1996-04-24,8.69853129916721,8.69853129916721,8.509432792663574,8.509432792663574,4100.0
1996-04-25,8.509432792663574,8.509432792663574,8.509432792663574,8.509432792663574,0.0
1996-04-26,8.509432647539223,8.698531150817871,8.509432647539223,8.698531150817871,2300.0
1996-04-29,8.509432792663574,8.509432792663574,8.509432792663574,8.509432792663574,300.0
1996-04-30,8.509432792663574,8.509432792663574,8.509432792663574,8.509432792663574,0.0
1996-05-01,8.509432792663574,8.509432792663574,8.509432792663574,8.509432792663574,0.0
1996-05-02,8.60398006439209,8.887627758822598,8.60398006439209,8.60398006439209,237900.0
1996-05-03,8.60398006439209,8.60398006439209,8.60398006439209,8.60398006439209,300.0
1996-05-06,8.603984071967307,8.698533347483432,8.414885520935059,8.414885520935059,11900.0
1996-05-07,8.414885520935059,8.414885520935059,8.414885520935059,8.414885520935059,0.0
1996-05-08,8.509430832915253,8.60398006439209,8.509430832915253,8.60398006439209,700.0
1996-05-09,8.462157249450684,8.462157249450684,8.462157249450684,8.462157249450684,16500.0
1996-05-10,8.462157249450684,8.462157249450684,8.462157249450684,8.462157249450684,0.0
1996-05-13,8.462159376034792,8.509434009420461,8.225786209106445,8.225786209106445,21000.0
1996-05-14,8.556706854415266,8.627618789672852,8.556706854415266,8.627618789672852,76000.0
1996-05-15,8.627618689421373,8.79307986976644,8.50943213203204,8.769442558288574,14400.0
1996-05-16,8.72216796875,8.72216796875,8.72216796875,8.72216796875,2600.0
1996-05-17,8.722168463727703,8.793080402457196,8.603981899178548,8.698531150817871,8400.0
1996-05-20,8.60398006439209,8.60398006439209,8.60398006439209,8.60398006439209,100.0
1996-05-21,8.60398006439209,8.60398006439209,8.509430832915253,8.60398006439209,500.0
1996-05-22,8.603982045915393,8.69853129916721,8.509432792663574,8.509432792663574,40200.0
1996-05-23,8.580344200134277,8.698530759364777,8.580344200134277,8.580344200134277,16500.0
1996-05-24,8.580344166167794,8.627618789672852,8.533069542662737,8.627618789672852,7700.0
1996-05-28,8.698531150817871,8.698531150817871,8.698531150817871,8.698531150817871,240800.0
1996-05-29,8.698531150817871,8.698531150817871,8.698531150817871,8.698531150817871,500.0
1996-05-30,8.60398006439209,8.60398006439209,8.60398006439209,8.60398006439209,100.0
1996-05-31,8.60398006439209,8.60398006439209,8.60398006439209,8.60398006439209,0.0
1996-06-03,8.60398006439209,8.60398006439209,8.60398006439209,8.60398006439209,400.0
1996-06-04,8.60398006439209,8.60398006439209,8.60398006439209,8.60398006439209,0.0
1996-06-05,8.320334434509277,8.320334434509277,8.320334434509277,8.320334434509277,400.0
1996-06-06,8.320334434509277,8.320334434509277,8.320334434509277,8.320334434509277,200.0
1996-06-07,8.320334434509277,8.320334434509277,8.320334434509277,8.320334434509277,0.0
1996-06-10,7.563940120648734,7.563940120648734,7.469390869140625,7.469390869140625,1400.0
1996-06-11,7.469390869140625,7.469390869140625,7.469390869140625,7.469390869140625,100.0
1996-06-12,7.469390869140625,7.469390869140625,7.469390869140625,7.469390869140625,0.0
1996-06-13,7.469390869140625,7.469390869140625,7.469390869140625,7.469390869140625,0.0
1996-06-14,7.185744762420653,7.185744762420653,7.185744762420653,7.185744762420654,1000.0
1996-06-17,7.280292987823486,7.280292987823486,7.280292987823486,7.280292987823486,300.0
1996-06-18,7.280292987823486,7.280292987823486,7.280292987823486,7.280292987823486,0.0
1996-06-19,7.280292987823486,7.280292987823486,7.280292987823486,7.280292987823486,0.0
1996-06-20,7.280292987823486,7.280292987823486,7.280292987823486,7.280292987823486,0.0
1996-06-21,7.280292987823486,7.280292987823486,7.280292987823486,7.280292987823486,0.0
1996-06-24,7.280292987823486,7.280292987823486,7.280292987823486,7.280292987823486,40800.0
1996-06-25,7.280292987823486,7.280292987823486,7.280292987823486,7.280292987823486,0.0
1996-06-26,7.280292987823486,7.280292987823486,7.280292987823486,7.280292987823486,0.0
1996-06-27,7.280292987823486,7.280292987823486,7.280292987823486,7.280292987823486,0.0
1996-06-28,7.185744762420653,7.185744762420653,7.185744762420653,7.185744762420654,400.0
1996-07-01,7.185744762420653,7.185744762420653,7.185744762420653,7.185744762420654,1000.0
1996-07-02,7.185744762420653,7.185744762420653,7.185744762420653,7.185744762420654,0.0
1996-07-03,7.682129383087158,7.682129383087158,7.682129383087158,7.682129383087158,400.0
1996-07-05,7.942139148712157,7.942139148712157,7.942139148712157,7.942139148712158,20300.0
1996-07-08,7.942137525260793,8.225785294020106,7.942137525260793,8.178510665893555,75200.0
1996-07-09,8.17851055210287,8.320334434509277,8.036686669696461,8.320334434509277,6600.0
1996-07-10,8.320334434509277,8.320334434509277,8.320334434509277,8.320334434509277,6100.0
1996-07-11,8.320335842056922,8.462159748455619,8.131237300191993,8.343973159790039,52600.0
1996-07-12,7.942139148712157,7.942139148712157,7.942139148712157,7.942139148712158,600.0
1996-07-15,7.942139148712157,7.942139148712157,7.942139148712157,7.942139148712158,0.0
1996-07-16,7.6584882736206055,7.6584882736206055,7.6584882736206055,7.6584882736206055,2800.0
1996-07-17,7.847589873132251,7.942139148712157,7.847589873132251,7.942139148712158,70000.0
1996-07-18,7.942139148712157,7.942139148712157,7.5639420463925315,7.942139148712158,103000.0
1996-07-19,7.847588599996364,7.847588599996364,7.658490079514523,7.776676654815674,14800.0
1996-07-22,7.776676654815674,7.776676654815674,7.776676654815674,7.776676654815674,0.0
1996-07-23,7.7766766751684795,7.942137881023128,7.705764729802202,7.753039360046387,33300.0
1996-07-24,7.753041346623347,7.871227952516996,7.682129383087158,7.682129383087158,100300.0
1996-07-25,7.705763816833496,7.705763816833496,7.705763816833496,7.705763816833496,144000.0
1996-07-26,7.6584882736206055,7.6584882736206055,7.6584882736206055,7.6584882736206055,17000.0
1996-07-29,7.658489647261593,7.729401588439941,7.469391137452665,7.729401588439941,52000.0
1996-07-30,7.493028163909912,7.493028163909912,7.493028163909912,7.493028163909912,10000.0
1996-07-31,7.493027121659034,7.634850978851318,7.469389812126987,7.634850978851318,511200.0
1996-08-01,7.634850978851318,7.634850978851318,7.634850978851318,7.634850978851318,0.0
1996-08-02,7.6584882736206055,7.6584882736206055,7.6584882736206055,7.6584882736206055,56500.0
1996-08-05,7.6584882736206055,7.6584882736206055,7.563939035674672,7.6584882736206055,1900.0
1996-08-06,7.6584882736206055,7.6584882736206055,7.6584882736206055,7.6584882736206055,0.0
1996-08-07,7.6584882736206055,7.6584882736206055,7.6584882736206055,7.6584882736206055,0.0
1996-08-08,7.6584882736206055,7.6584882736206055,7.6584882736206055,7.6584882736206055,0.0
1996-08-09,7.6584882736206055,7.6584882736206055,7.6584882736206055,7.6584882736206055,0.0
1996-08-12,7.327567100524902,7.327567100524902,7.327567100524902,7.327567100524902,300.0
1996-08-13,7.327567100524902,7.327567100524902,7.327567100524902,7.327567100524902,0.0
1996-08-14,7.280292987823486,7.280292987823486,7.280292987823486,7.280292987823486,300.0
1996-08-15,7.280293008015288,7.280293008015288,7.209381063132022,7.256655693054199,11800.0
1996-08-16,7.256655693054199,7.256655693054199,7.256655693054199,7.256655693054199,0.0
1996-08-19,7.138468265533447,7.138468265533447,7.138468265533447,7.138468265533447,400.0
1996-08-20,7.138468265533447,7.138468265533447,7.138468265533447,7.138468265533447,0.0
1996-08-21,7.280292987823486,7.280292987823486,7.280292987823486,7.280292987823486,300.0
1996-08-22,6.90209436416626,6.90209436416626,6.90209436416626,6.90209436416626,100.0
1996-08-23,6.996646404266357,7.114832998933019,6.996646404266357,6.996646404266357,600.0
1996-08-26,7.114832401275635,7.185744352118913,7.114832401275635,7.114832401275635,1600.0
1996-08-27,7.209378719329834,7.209378719329834,7.209378719329834,7.209378719329834,100.0
1996-08-28,7.20938208071809,7.327568672205272,7.185744762420653,7.185744762420654,4900.0
1996-08-29,7.185744762420653,7.185744762420653,7.185744762420653,7.185744762420654,0.0
1996-08-30,7.374842166900635,7.374842166900635,7.374842166900635,7.374842166900635,500.0
1996-09-03,7.6584882736206055,7.6584882736206055,7.6584882736206055,7.6584882736206055,3000.0
1996-09-04,7.469390869140625,7.469390869140625,7.469390869140625,7.469390869140625,100.0
1996-09-05,7.469390869140625,7.6584893721568434,7.469390869140625,7.469390869140625,600.0
1996-09-06,7.469391506987733,7.563940766569855,7.280292987823486,7.280292987823486,900.0
1996-09-09,7.280292987823486,7.280292987823486,7.280292987823486,7.280292987823486,0.0
1996-09-10,7.1857414754231765,7.1857414754231765,7.091192245483398,7.091192245483398,1100.0
1996-09-11,7.185744762420653,7.185744762420653,7.185744762420653,7.185744762420654,1500.0
1996-09-12,7.185744762420653,7.185744762420653,7.185744762420653,7.185744762420654,1300.0
1996-09-13,7.091192245483398,7.091192245483398,7.091192245483398,7.091192245483398,300.0
1996-09-16,7.091195489230908,7.185744762420653,7.091195489230908,7.185744762420654,4100.0
1996-09-17,7.185741412053343,7.209378719329834,7.185741412053343,7.209378719329834,1300.0
1996-09-18,7.185744762420653,7.185744762420653,6.902096942851418,7.185744762420654,2700.0
1996-09-19,7.185744762420653,7.185744762420653,7.185744762420653,7.185744762420654,0.0
1996-09-20,7.185744762420653,7.185744762420653,7.185744762420653,7.185744762420654,3100.0
1996-09-23,6.523898678667405,6.523898678667405,6.429349422454834,6.429349422454834,2200.0
1996-09-24,6.523900032043457,6.618449307870174,6.523900032043457,6.523900032043457,5100.0
1996-09-25,6.5238994666508265,6.618448734283447,6.429350199018206,6.618448734283447,1300.0
1996-09-26,6.240250587463379,6.240250587463379,6.240250587463379,6.240250587463379,4600.0
1996-09-27,6.334798812866211,6.712995756917925,6.334798812866211,6.334798812866211,1300.0
1996-09-30,6.240250587463379,6.240250587463379,6.240250587463379,6.240250587463379,16300.0
1996-10-01,6.051152229309082,6.051152229309082,6.051152229309082,6.051152229309082,2300.0
1996-10-02,6.051152229309082,6.051152229309082,6.051152229309082,6.051152229309082,0.0
1996-10-03,6.240249576853283,6.334798812866211,6.240249576853283,6.334798812866211,10400.0
1996-10-04,6.240250587463379,6.240250587463379,6.240250587463379,6.240250587463379,6700.0
1996-10-07,6.287524964273089,6.287524964273089,6.240250340481562,6.252068996429443,28600.0
1996-10-08,6.334799838788582,6.334799838788582,6.240250587463379,6.240250587463379,9300.0
1996-10-09,6.334799838788582,6.334799838788582,6.228431931047728,6.240250587463379,35800.0
1996-10-10,6.240250587463379,6.240250587463379,6.240250587463379,6.240250587463379,0.0
1996-10-11,6.1457014083862305,6.1457014083862305,6.1457014083862305,6.1457014083862305,200.0
1996-10-14,6.1457014083862305,6.1457014083862305,6.1457014083862305,6.1457014083862305,5000.0
1996-10-15,6.098426782167874,6.1457014083862305,6.098426782167874,6.1457014083862305,114300.0
1996-10-16,6.145701482892036,6.145701482892036,6.039333572611213,6.051152229309082,161300.0
1996-10-17,6.051152229309082,6.051152229309082,6.051152229309082,6.051152229309082,0.0
1996-10-18,6.051152229309082,6.051152229309082,6.051152229309082,6.051152229309082,1000.0
1996-10-21,6.051152229309082,6.051152229309082,6.051152229309082,6.051152229309082,0.0
1996-10-22,5.956602573394775,5.956602573394775,5.956602573394775,5.956602573394775,100.0
1996-10-23,5.956602573394775,5.956602573394775,5.956602573394775,5.956602573394775,100.0
1996-10-24,5.956602573394775,5.956602573394775,5.956602573394775,5.956602573394775,0.0
1996-10-25,5.956602573394775,5.956602573394775,5.956602573394775,5.956602573394775,0.0
1996-10-28,5.862053394317627,5.862053394317627,5.862053394317627,5.862053394317627,300.0
1996-10-29,5.8502352921689145,5.8502352921689145,5.743867377765843,5.767504692077637,50400.0
1996-10-30,5.767504692077637,5.767504692077637,5.767504692077637,5.767504692077637,0.0
1996-10-31,5.767504286766052,5.767504286766052,5.67295503616333,5.67295503616333,21500.0
1996-11-01,5.67295503616333,5.67295503616333,5.67295503616333,5.67295503616333,100.0
1996-11-04,5.67295503616333,5.67295503616333,5.67295503616333,5.67295503616333,0.0
1996-11-05,6.003877639770508,6.098426893940122,6.003877639770508,6.003877639770508,42100.0
1996-11-06,6.003877196993147,6.003877196993147,5.956602573394775,5.956602573394775,5700.0
1996-11-07,5.8620536510760965,6.1457014083862305,5.8620536510760965,6.1457014083862305,6100.0
1996-11-08,6.051151820591518,6.051151820591518,5.956602573394775,5.956602573394775,3700.0
1996-11-11,5.862053394317627,5.862053394317627,5.862053394317627,5.862053394317627,2100.0
1996-11-12,5.862053394317627,5.862053394317627,5.862053394317627,5.862053394317627,0.0
1996-11-13,6.051152285851037,6.051152285851037,5.980240345001221,5.980240345001221,12300.0
1996-11-14,6.015696858406067,6.062971489906311,5.909328937530518,5.909328937530518,124100.0
1996-11-15,5.909328277294453,6.1457014083862305,5.909328277294453,6.1457014083862305,3400.0
1996-11-18,6.1457014083862305,6.1457014083862305,6.1457014083862305,6.1457014083862305,0.0
1996-11-19,6.1457014083862305,6.1457014083862305,6.1457014083862305,6.1457014083862305,6000.0
1996-11-20,6.145701336138177,6.240250587463379,6.145701336138177,6.240250587463379,11500.0
1996-11-21,6.2875252131259805,6.2875252131259805,6.240250587463379,6.240250587463379,3500.0
1996-11-22,6.240250587463379,6.240250587463379,6.240250587463379,6.240250587463379,0.0
1996-11-25,6.192976109683514,6.334799990057945,6.051152229309082,6.051152229309082,6300.0
1996-11-26,6.145701482892036,6.145701482892036,6.003877602517605,6.051152229309082,10300.0
1996-11-27,6.098426818847656,6.098426818847656,6.098426818847656,6.098426818847656,3000.0
1996-11-29,6.051151820591518,6.051151820591518,5.956602573394775,5.956602573394775,12900.0
1996-12-02,5.956602573394775,5.956602573394775,5.956602573394775,5.956602573394775,0.0
1996-12-03,5.767503935715248,5.767503935715248,5.483856201171875,5.483856201171875,15500.0
1996-12-04,5.67295503616333,5.67295503616333,5.67295503616333,5.67295503616333,2600.0
1996-12-05,5.578405857086182,5.578405857086182,5.578405857086182,5.578405857086182,100.0
1996-12-06,5.67295503616333,5.67295503616333,5.67295503616333,5.67295503616333,400.0
1996-12-09,5.67295503616333,5.67295503616333,5.67295503616333,5.67295503616333,200.0
1996-12-10,5.672954897726736,5.862053394317627,5.672954897726736,5.862053394317627,1200.0
1996-12-11,5.767504653310388,5.814779281616211,5.767504653310388,5.814779281616211,204000.0
1996-12-12,5.767504692077637,5.767504692077637,5.767504692077637,5.767504692077637,2600.0
1996-12-13,5.767504692077637,5.767504692077637,5.767504692077637,5.767504692077637,2100.0
1996-12-16,5.767504692077637,5.767504692077637,5.767504692077637,5.767504692077637,0.0
1996-12-17,5.767504692077637,5.767504692077637,5.708411406298153,5.767504692077637,108700.0
1996-12-18,5.862053949324811,5.862053949324811,5.767504692077637,5.767504692077637,300.0
1996-12-19,5.767505418593389,5.779324077238048,5.7556867599487305,5.7556867599487305,146900.0
1996-12-20,5.767504692077637,5.767504692077637,5.767504692077637,5.767504692077637,1000.0
1996-12-23,5.767504692077637,5.767504692077637,5.767504692077637,5.767504692077637,1700.0
1996-12-24,5.767504692077637,5.767504692077637,5.767504692077637,5.767504692077637,3500.0
1996-12-26,5.767504692077637,5.767504692077637,5.767504692077637,5.767504692077637,9000.0
1996-12-27,5.767504286766052,5.814778912067413,5.67295503616333,5.67295503616333,52900.0
1996-12-30,5.956602642613073,5.956602642613073,5.862053394317627,5.862053394317627,15000.0
1996-12-31,5.956602573394775,5.956602573394775,5.956602573394775,5.956602573394775,4100.0
1997-01-02,5.956602573394775,5.956602573394775,5.956602573394775,5.956602573394775,0.0
1997-01-03,5.862053326198033,5.956602573394775,5.862053326198033,5.956602573394775,12600.0
1997-01-06,5.909328538227856,5.909328538227856,5.814779281616211,5.814779281616211,45400.0
1997-01-07,5.956602642613073,5.956602642613073,5.862053394317627,5.862053394317627,600.0
1997-01-08,5.862053537368774,5.862053537368774,5.67295503616333,5.67295503616333,15900.0
1997-01-09,5.956602573394775,5.956602573394775,5.956602573394775,5.956602573394775,5000.0
1997-01-10,6.051151104827426,6.334798812866211,6.051151104827426,6.334798812866211,25900.0
1997-01-13,6.618449307870174,6.618449307870174,6.523900032043457,6.523900032043457,1700.0
1997-01-14,6.57117330677369,6.57117330677369,6.429349422454834,6.429349422454834,17300.0
1997-01-15,6.334799838788582,6.334799838788582,6.240250587463379,6.240250587463379,3600.0
1997-01-16,6.240250910029691,6.429349422454834,6.240250910029691,6.429349422454834,1200.0
1997-01-17,6.334798812866211,6.334798812866211,6.334798812866211,6.334798812866211,1000.0
1997-01-20,6.240250587463379,6.240250587463379,6.240250587463379,6.240250587463379,1000.0
1997-01-21,6.2875261306762695,6.2875261306762695,6.2875261306762695,6.2875261306762695,8800.0
1997-01-22,6.2875261306762695,6.2875261306762695,6.2875261306762695,6.2875261306762695,0.0
1997-01-23,6.1457014083862305,6.240250660822942,6.1457014083862305,6.1457014083862305,2900.0
1997-01-24,6.1457014083862305,6.1457014083862305,6.1457014083862305,6.1457014083862305,60000.0
1997-01-27,6.192975997924805,6.192975997924805,6.192975997924805,6.192975997924805,100.0
1997-01-28,6.334800763237745,6.334800763237745,6.2875261306762695,6.2875261306762695,3600.0
1997-01-29,6.334798812866211,6.334798812866211,6.334798812866211,6.334798812866211,100.0
1997-01-30,6.2875261306762695,6.2875261306762695,6.2875261306762695,6.2875261306762695,9500.0
1997-01-31,6.311162525957281,6.311162525957281,6.240250587463379,6.240250587463379,6200.0
1997-02-03,6.382073879241943,6.382073879241943,6.382073879241943,6.382073879241943,2000.0
1997-02-04,6.334798812866211,6.334798812866211,6.334798812866211,6.334798812866211,6000.0
1997-02-05,6.334798812866211,6.334798812866211,6.334798812866211,6.334798812866211,700.0
1997-02-06,6.334798812866211,6.334798812866211,6.334798812866211,6.334798812866211,0.0
1997-02-07,6.334798812866211,6.334798812866211,6.334798812866211,6.334798812866211,0.0
1997-02-10,6.334800166242263,6.476624050561119,6.334800166242263,6.429349422454834,3500.0
1997-02-11,6.334798812866211,6.334798812866211,6.334798812866211,6.334798812866211,10000.0
1997-02-12,6.334801480390023,6.523900032043457,6.334801480390023,6.523900032043457,3000.0
1997-02-13,6.429350199018206,6.618448734283447,6.429350199018206,6.618448734283447,104100.0
1997-02-14,6.642085413138071,6.807546615600586,6.618448098500569,6.807546615600586,16600.0
1997-02-18,6.807546615600586,6.807546615600586,6.807546615600586,6.807546615600586,0.0
1997-02-19,6.523900032043457,6.523900032043457,6.523900032043457,6.523900032043457,100.0
1997-02-20,6.523900032043457,6.712998583696891,6.42935075621674,6.523900032043457,32100.0
1997-02-21,6.429349422454834,6.429349422454834,6.429349422454834,6.429349422454834,2000.0
1997-02-24,6.429349422454834,6.429349422454834,6.429349422454834,6.429349422454834,0.0
1997-02-25,6.429349422454834,6.429349422454834,6.429349422454834,6.429349422454834,0.0
1997-02-26,6.3702574588250425,6.523900032043457,6.3702574588250425,6.523900032043457,26500.0
1997-02-27,6.370256137321976,6.429349422454834,6.370256137321976,6.429349422454834,3400.0
1997-02-28,6.370255947113037,6.370255947113037,6.370255947113037,6.370255947113037,600.0
1997-03-03,6.523900032043457,6.523900032043457,6.523900032043457,6.523900032043457,6200.0
1997-03-04,6.523900032043457,6.523900032043457,6.523900032043457,6.523900032043457,0.0
1997-03-05,6.523900032043457,6.523900032043457,6.523900032043457,6.523900032043457,0.0
1997-03-06,6.523900032043457,6.523900032043457,6.523900032043457,6.523900032043457,0.0
1997-03-07,6.523900032043457,6.523900032043457,6.523900032043457,6.523900032043457,800.0
1997-03-10,6.523900032043457,6.523900032043457,6.523900032043457,6.523900032043457,2500.0
1997-03-11,6.523900032043457,6.523900032043457,6.523900032043457,6.523900032043457,37200.0
1997-03-12,6.559354704184388,6.653903961181641,6.5238987328104185,6.653903961181641,17500.0
1997-03-13,6.618447989807671,6.653903961181641,6.5238987328104185,6.653903961181641,2200.0
1997-03-14,6.5238994666508265,6.618448734283447,6.5238994666508265,6.618448734283447,5600.0
1997-03-17,6.618448734283447,6.618448734283447,6.618448734283447,6.618448734283447,3400.0
1997-03-18,6.618448734283447,6.618448734283447,6.618448734283447,6.618448734283447,0.0
1997-03-19,6.618449307870174,6.618449307870174,6.523900032043457,6.523900032043457,1200.0
1997-03-20,6.618447970500035,6.677541255950928,6.559354685049142,6.677541255950928,100600.0
1997-03-21,6.559353828430176,6.559353828430176,6.559353828430176,6.559353828430176,600.0
1997-03-24,6.618448734283447,6.618448734283447,6.5238994666508265,6.618448734283447,7500.0
1997-03-25,6.464805393534548,6.464805393534548,6.334800166242263,6.429349422454834,8800.0
1997-03-26,6.275706621584988,6.4648051261901855,6.275706621584988,6.4648051261901855,2000.0
1997-03-27,6.240250660822942,6.240250660822942,6.1457014083862305,6.1457014083862305,15400.0
1997-03-31,6.1457014083862305,6.1457014083862305,6.1457014083862305,6.1457014083862305,1000.0
1997-04-01,6.08660865461268,6.08660865461268,5.8029608726501465,5.8029608726501465,149900.0
1997-04-02,5.802960470843265,5.956603008767833,5.70841121673584,5.70841121673584,2700.0
1997-04-03,5.672955108901202,5.672955108901202,5.578405857086182,5.578405857086182,200.0
1997-04-04,5.67295503616333,5.67295503616333,5.67295503616333,5.67295503616333,200.0
1997-04-07,5.67295503616333,5.67295503616333,5.67295503616333,5.67295503616333,200.0
1997-04-08,5.8029608726501465,5.8029608726501465,5.8029608726501465,5.8029608726501465,200.0
1997-04-09,5.802960114132974,5.862053394317627,5.802960114132974,5.862053394317627,9700.0
1997-04-10,5.8029608726501465,5.8029608726501465,5.8029608726501465,5.8029608726501465,3500.0
1997-04-11,5.767504692077637,5.767504692077637,5.767504692077637,5.767504692077637,3200.0
1997-04-14,5.67295503616333,5.67295503616333,5.67295503616333,5.67295503616333,400.0
1997-04-15,5.67295503616333,5.67295503616333,5.67295503616333,5.67295503616333,600.0
1997-04-16,5.389308013916016,5.61386251449585,5.389308013916016,5.61386251449585,7400.0
1997-04-17,5.389307353456141,5.578405857086182,5.389307353456141,5.578405857086182,7700.0
1997-04-18,5.424763202667236,5.424763202667236,5.424763202667236,5.424763202667236,700.0
1997-04-21,5.424763202667236,5.424763202667236,5.424763202667236,5.424763202667236,0.0
1997-04-22,5.67295503616333,5.67295503616333,5.67295503616333,5.67295503616333,2000.0
1997-04-23,5.67295503616333,5.67295503616333,5.67295503616333,5.67295503616333,0.0
1997-04-24,5.483856201171875,5.483856201171875,5.483856201171875,5.483856201171875,200.0
1997-04-25,5.578405857086182,5.578405857086182,5.578405857086182,5.578405857086182,2000.0
1997-04-28,5.389307165043768,5.519312381744385,5.389307165043768,5.519312381744385,900.0
1997-04-29,5.294758054475298,5.330214023590088,5.212027459874122,5.330214023590088,12400.0
1997-04-30,5.105659348624093,5.294757843017578,5.105659348624093,5.294757843017578,6300.0
1997-05-01,5.294757843017578,5.294757843017578,5.294757843017578,5.294757843017578,0.0
1997-05-02,5.141114973359638,5.164752283581981,5.105659008026123,5.105659008026123,10500.0
1997-05-05,5.105659348624093,5.294757843017578,5.105659348624093,5.294757843017578,7300.0
1997-05-06,5.105659008026123,5.105659008026123,5.105659008026123,5.105659008026123,700.0
1997-05-07,5.011109352111816,5.011109352111816,5.011109352111816,5.011109352111816,5800.0
1997-05-08,5.011109352111816,5.011109352111816,5.011109352111816,5.011109352111816,0.0
1997-05-09,5.294757843017578,5.330213810716357,5.294757843017578,5.294757843017578,2200.0
1997-05-12,5.2356648445129395,5.294758127182386,5.2356648445129395,5.2356648445129395,1000.0
1997-05-13,5.424762923142006,5.483856201171875,5.424762923142006,5.483856201171875,28400.0
1997-05-14,5.424762509371106,5.424762509371106,5.389306545257568,5.389306545257568,3000.0
1997-05-15,5.389306545257568,5.389306545257568,5.389306545257568,5.389306545257568,0.0
1997-05-16,5.389306545257568,5.389306545257568,5.389306545257568,5.389306545257568,4200.0
1997-05-19,5.294757843017578,5.294757843017578,5.294757843017578,5.294757843017578,200.0
1997-05-20,5.212028503417969,5.212028503417969,5.212028503417969,5.212028503417969,200.0
1997-05-21,5.330214023590088,5.330214023590088,5.330214023590088,5.330214023590088,100.0
1997-05-22,5.330214023590088,5.330214023590088,5.330214023590088,5.330214023590088,0.0
1997-05-23,5.2356648445129395,5.2356648445129395,5.2356648445129395,5.2356648445129395,400.0
1997-05-27,5.141116142272949,5.141116142272949,5.141116142272949,5.141116142272949,100.0
1997-05-28,5.141116142272949,5.141116142272949,5.141116142272949,5.141116142272949,400.0
1997-05-29,5.294757843017578,5.294757843017578,5.294757843017578,5.294757843017578,3200.0
1997-05-30,5.294758127182386,5.294758127182386,5.2356648445129395,5.2356648445129395,1500.0
1997-06-02,5.105659008026123,5.105659008026123,5.011109767136751,5.105659008026123,6600.0
1997-06-03,5.200207818229243,5.200207818229243,5.011109352111816,5.011109352111816,400.0
1997-06-04,5.011109352111816,5.011109352111816,4.952016081450121,5.011109352111816,30000.0
1997-06-05,4.916561603546143,4.916561603546143,4.916561603546143,4.916561603546143,29100.0
1997-06-06,4.822012341939486,4.916561603546143,4.822012341939486,4.916561603546143,7200.0
1997-06-09,4.8220109939575195,4.8220109939575195,4.8220109939575195,4.8220109939575195,9300.0
1997-06-10,4.916561603546143,4.916561603546143,4.822012341939486,4.916561603546143,4500.0
1997-06-11,4.822012341939486,4.916561603546143,4.822012341939486,4.916561603546143,2900.0
1997-06-12,4.762918739318848,4.857467994689942,4.7274627685546875,4.7274627685546875,22100.0
1997-06-13,4.727461758781882,4.8220109939575195,4.727461758781882,4.8220109939575195,23400.0
1997-06-16,4.8220109939575195,4.8220109939575195,4.8220109939575195,4.8220109939575195,700.0
1997-06-17,4.573819160461426,4.573819160461426,4.573819160461426,4.573819160461426,2600.0
1997-06-18,4.538364491564162,4.538364491564162,4.443815231323242,4.443815231323242,15800.0
1997-06-19,4.34926572712985,4.34926572712985,4.160167217254639,4.160167217254639,12400.0
1997-06-20,4.160167217254639,4.160167217254639,4.160167217254639,4.160167217254639,0.0
1997-06-23,4.006524085998535,4.006524085998535,4.006524085998535,4.006524085998535,3500.0
1997-06-24,4.065618849935985,4.065618849935985,3.9710695743560787,3.971069574356079,600.0
1997-06-25,3.971068940511564,3.971068940511564,3.876519680023194,3.8765196800231934,2400.0
1997-06-26,3.817426392217962,3.876519680023194,3.8056077346569155,3.8765196800231934,61800.0
1997-06-27,3.722877631846227,3.722877631846227,3.5928723812103267,3.592872381210327,54400.0
1997-06-30,3.5928724778665075,3.5928724778665075,3.4037739263998494,3.4983232021331787,86500.0
1997-07-01,3.498322566350301,3.498322566350301,3.403773307800293,3.403773307800293,13100.0
1997-07-02,3.415591285422497,3.4392285953562163,3.344679355621338,3.344679355621338,18300.0
1997-07-03,3.344679355621338,3.344679355621338,3.344679355621338,3.344679355621338,0.0
1997-07-07,3.0255761988022747,3.309223967439988,3.0255761988022747,3.214674711227417,19600.0
1997-07-08,3.214674545056892,3.214674545056892,3.1201252937316895,3.1201252937316895,300.0
1997-07-09,3.1201252937316895,3.1201252937316895,3.1201252937316895,3.1201252937316895,0.0
1997-07-10,3.3092237963820947,3.3092237963820947,3.1201252937316895,3.1201252937316895,2100.0
1997-07-11,3.3092245616410905,3.5928723812103267,3.3092245616410905,3.592872381210327,14400.0
1997-07-14,3.533778190612793,3.592871471392271,3.533778190612793,3.533778190612793,17300.0
1997-07-15,3.533778190612793,3.533778190612793,3.533778190612793,3.533778190612793,0.0
1997-07-16,3.5337777957320213,3.7819695472717285,3.5337777957320213,3.7819695472717285,1400.0
1997-07-17,3.722877631846227,3.722877631846227,3.533779085466736,3.592872381210327,1000.0
1997-07-18,3.53377777504109,3.817425489425659,3.53377777504109,3.817425489425659,3600.0
1997-07-21,3.87651965361853,3.87651965361853,3.6283278465270996,3.6283278465270996,6100.0
1997-07-22,3.8174263139565783,3.8174263139565783,3.6874210834503174,3.6874210834503174,8500.0
1997-07-23,3.5928724778665075,3.5928724778665075,3.4983232021331787,3.4983232021331787,16300.0
1997-07-24,3.498322566350301,3.6874210834503174,3.498322566350301,3.6874210834503174,4400.0
1997-07-25,3.6874210834503174,3.6874210834503174,3.6874210834503174,3.6874210834503174,400.0
1997-07-28,3.6874210834503174,3.6874210834503174,3.6874210834503174,3.6874210834503174,500.0
1997-07-29,3.6283283586564816,3.6283283586564816,3.5928723812103267,3.592872381210327,5500.0
1997-07-30,3.533778190612793,3.533778190612793,3.533778190612793,3.533778190612793,100.0
1997-07-31,3.6874210834503174,3.6874210834503174,3.403773307800293,3.403773307800293,12300.0
1997-08-01,3.403773307800293,3.4274106224377947,3.403773307800293,3.403773307800293,240000.0
1997-08-04,3.403773307800293,3.403773307800293,3.403773307800293,3.403773307800293,2000.0
1997-08-05,3.4037736347743444,3.439229610136577,3.3092243671417236,3.3092243671417236,7800.0
1997-08-06,3.250130891799927,3.250130891799927,3.250130891799927,3.2501308917999268,300.0
1997-08-07,3.3092240492502847,3.403773307800293,3.3092240492502847,3.403773307800293,25600.0
1997-08-08,3.3446795126683884,3.498322034451742,3.3446795126683884,3.4628660678863525,262200.0
1997-08-11,3.498322566350301,3.6874210834503174,3.498322566350301,3.6874210834503174,1100.0
1997-08-12,3.687421753599837,3.687421753599837,3.4983232021331787,3.4983232021331787,18100.0
1997-08-13,3.6283278465270996,3.6283278465270996,3.6283278465270996,3.6283278465270996,27500.0
1997-08-14,3.4983232021331787,3.4983232021331787,3.4983232021331787,3.4983232021331787,1200.0
1997-08-15,3.4983232021331787,3.4983232021331787,3.4983232021331787,3.4983232021331787,1000.0
1997-08-18,3.403773307800293,3.403773307800293,3.403773307800293,3.403773307800293,3400.0
1997-08-19,3.592871824900309,3.6874210834503174,3.403773307800293,3.6874210834503174,2000.0
1997-08-20,3.6874210834503174,3.6874210834503174,3.6874210834503174,3.6874210834503174,14500.0
1997-08-21,3.533779085466736,3.6874216544000724,3.533779085466736,3.592872381210327,13700.0
1997-08-22,3.781970419534823,3.876519680023194,3.781970419534823,3.8765196800231934,9300.0
1997-08-25,3.7819703420003252,3.7819703420003252,3.6874210834503174,3.6874210834503174,3700.0
1997-08-26,3.6874210834503174,3.6874210834503174,3.6874210834503174,3.6874210834503174,4500.0
1997-08-27,3.5928723812103267,3.5928723812103267,3.5928723812103267,3.592872381210327,4100.0
1997-08-28,3.7819715227399553,3.7819715227399553,3.5928729466029576,3.7228782176971436,4000.0
1997-08-29,3.6992383003234863,3.6992383003234863,3.6992383003234863,3.6992383003234863,10000.0
1997-09-02,3.687421753599837,3.687421753599837,3.4983232021331787,3.4983232021331787,2700.0
1997-09-03,3.6283282684706335,3.6283282684706335,3.4392297267913823,3.439229726791382,18800.0
1997-09-04,3.403773307800293,3.592871824900309,3.403773307800293,3.403773307800293,9300.0
1997-09-05,3.403773307800293,3.403773307800293,3.403773307800293,3.403773307800293,900.0
1997-09-08,3.4392285953562163,3.4392285953562163,3.344679355621338,3.344679355621338,16200.0
1997-09-09,3.344679938519702,3.403773223652559,3.214674711227417,3.214674711227417,8600.0
1997-09-10,3.3092241807417437,3.3092241807417437,3.250130891799927,3.2501308917999268,10000.0
1997-09-11,3.15558162949302,3.250130891799927,3.15558162949302,3.2501308917999268,10000.0
1997-09-12,3.214674545056892,3.3092237963820947,3.1201252937316895,3.1201252937316895,9300.0
1997-09-15,3.0610320568084717,3.0610320568084717,3.0610320568084717,3.0610320568084717,11500.0
1997-09-16,3.0255759454542592,3.0255759454542592,2.87193341697416,2.9310266971588135,10500.0
1997-09-17,2.741928367115004,2.741928367115004,2.6828350833409735,2.706472396850586,16100.0
1997-09-18,2.706472396850586,2.706472396850586,2.706472396850586,2.706472396850586,0.0
1997-09-19,2.647379131569211,2.682835102081299,2.5882858473823984,2.682835102081299,15400.0
1997-09-22,2.5528295040130615,2.647378744902434,2.5528295040130615,2.5528295040130615,4500.0
1997-09-23,2.493736743927002,2.493736743927002,2.3991874834937508,2.493736743927002,6700.0
1997-09-24,2.588286036482224,2.6473793249863844,2.4582808017730713,2.4582808017730713,16000.0
1997-09-25,2.706472396850586,2.706472396850586,2.706472396850586,2.706472396850586,2000.0
1997-09-26,2.7419282005679224,2.9310266971588135,2.7419282005679224,2.9310266971588135,12800.0
1997-09-29,3.025576042406487,3.214674545056892,2.966482760328235,3.1201252937316895,43600.0
1997-09-30,3.344679938519702,3.344679938519702,3.1201254550148456,3.214674711227417,16300.0
1997-10-01,3.5928722919057736,3.6283282684706335,3.4392297267913823,3.439229726791382,19200.0
1997-10-02,3.4392297267913823,3.4392297267913823,3.4392297267913823,3.439229726791382,1000.0
1997-10-03,3.344680342503956,3.439229610136577,3.3092243671417236,3.3092243671417236,29600.0
1997-10-06,3.2501310748713355,3.439229610136577,3.214675099509103,3.3092243671417236,17500.0
1997-10-07,3.3092243671417236,3.3092243671417236,3.3092243671417236,3.3092243671417236,5300.0
1997-10-08,3.15558142609456,3.309223967439988,3.15558142609456,3.214674711227417,8000.0
1997-10-09,3.250130514303843,3.3210424527977453,3.1201252937316895,3.1201252937316895,7700.0
1997-10-10,3.120125266943085,3.3092237679699386,3.120125266943085,3.15558123588562,2900.0
1997-10-13,3.309223967439988,3.309223967439988,3.214674711227417,3.214674711227417,7300.0
1997-10-14,3.214674545056892,3.214674545056892,3.1201252937316895,3.1201252937316895,24800.0
1997-10-15,3.1201252937316895,3.1201252937316895,3.1201252937316895,3.1201252937316895,700.0
1997-10-16,3.214674517456512,3.3092237679699386,3.15558123588562,3.15558123588562,7400.0
1997-10-17,3.15558123588562,3.15558123588562,3.15558123588562,3.15558123588562,100.0
1997-10-20,3.214674592478395,3.214674592478395,3.0610320568084717,3.0610320568084717,25000.0
1997-10-21,3.1201252937316895,3.1201252937316895,3.1201252937316895,3.1201252937316895,5400.0
1997-10-22,3.1201252937316895,3.1201252937316895,3.1201252937316895,3.1201252937316895,3200.0
1997-10-23,3.214674545056892,3.214674545056892,3.1201252937316895,3.1201252937316895,4300.0
1997-10-24,3.061031801947232,3.061031801947232,2.7419281005859375,2.7419281005859375,12500.0
1997-10-27,2.647378744902434,2.647378744902434,2.5528295040130615,2.5528295040130615,7700.0
1997-10-28,2.647378744902434,2.647378744902434,2.5528295040130615,2.5528295040130615,2000.0
1997-10-29,2.647378744902434,2.647378744902434,2.5528295040130615,2.5528295040130615,1900.0
1997-10-30,2.5882858473823984,2.682835102081299,2.5882858473823984,2.682835102081299,26400.0
1997-10-31,2.5882858473823984,2.682835102081299,2.5528298768703106,2.682835102081299,6700.0
1997-11-03,2.682835102081299,2.682835102081299,2.682835102081299,2.682835102081299,1400.0
1997-11-04,2.493736743927002,2.493736743927002,2.493736743927002,2.493736743927002,200.0
1997-11-05,2.5646481591242334,2.588285469346576,2.5528295040130615,2.5528295040130615,40200.0
1997-11-06,2.647378921508789,2.647378921508789,2.647378921508789,2.647378921508789,1000.0
1997-11-07,2.588286036482224,2.588286036482224,2.4582808017730713,2.4582808017730713,5200.0
1997-11-10,2.481918117174735,2.481918117174735,2.4582808017730713,2.4582808017730713,51700.0
1997-11-11,2.4582808017730713,2.4582808017730713,2.4582808017730713,2.4582808017730713,500.0
1997-11-12,2.4582808017730713,2.4937367748755674,2.3637315401664147,2.4582808017730713,12600.0
1997-11-13,2.5528295040130615,2.5528295040130615,2.5528295040130615,2.5528295040130615,200.0
1997-11-14,2.269181966781616,2.269181966781616,2.080083469549815,2.269181966781616,5700.0
1997-11-17,2.269181966781616,2.269181966781616,2.269181966781616,2.269181966781616,0.0
1997-11-18,1.9973530574151648,2.0800836574264436,1.9855344002706963,2.0209903717041016,310300.0
1997-11-19,2.0209907655205046,2.080084062757946,1.9855347871780393,1.9855347871780396,5300.0
1997-11-20,1.9855347871780393,1.9973534466255278,1.9855347871780393,1.9855347871780396,83100.0
1997-11-21,2.0800836574264436,2.0800836574264436,2.0209903717041016,2.0209903717041016,13300.0
1997-11-24,2.080083536065143,2.1746327877044678,1.9855342844258186,2.1746327877044678,6700.0
1997-11-25,2.115539628859849,2.115539628859849,1.890985143114949,2.0209903717041016,19100.0
1997-11-26,1.8909850581999748,1.8909850581999748,1.8318917751312256,1.8318917751312256,18800.0
1997-11-28,1.8318917751312256,1.8318917751312256,1.8318917751312256,1.8318917751312256,0.0
1997-12-01,1.8909854637949088,1.8909854637949088,1.7964361906051634,1.7964361906051636,13400.0
1997-12-02,1.796435534954071,1.8909847736358643,1.7373422607779503,1.8909847736358643,3700.0
1997-12-03,1.8909854637949088,1.8909854637949088,1.6546122808205452,1.7964361906051636,13500.0
1997-12-04,1.8318920353658839,1.8318920353658839,1.6073375278049045,1.8082547187805176,30900.0
1997-12-05,1.642793621671827,1.831892168051318,1.6073376442256726,1.7964361906051636,4500.0
1997-12-08,1.642793621671827,1.7964361906051634,1.642793621671827,1.7964361906051636,15500.0
1997-12-09,1.6427933266934225,1.808254525065422,1.6073373556137085,1.6073373556137085,270200.0
1997-12-10,1.6073374439486499,1.6427934169769287,1.6073374439486499,1.6427934169769287,404900.0
1997-12-11,1.7018866539001465,1.7018866539001465,1.7018866539001465,1.7018866539001465,11600.0
1997-12-12,1.6073374439486499,1.6427934169769287,1.6073374439486499,1.6427934169769287,41900.0
1997-12-15,1.7018866118262794,1.7018866118262794,1.6073373556137085,1.6073373556137085,8900.0
1997-12-16,1.6073373556137085,1.6073373556137085,1.6073373556137085,1.6073373556137085,900.0
1997-12-17,1.7373425032346304,1.7373425032346304,1.5482439994812012,1.5482439994812012,7100.0
1997-12-18,1.6427933673063913,1.7964359124501545,1.5127881368001301,1.7018866539001465,34600.0
1997-12-19,1.796435966766138,1.796435966766138,1.6073374439486499,1.6427934169769287,35600.0
1997-12-22,1.7018866016916987,1.7018866016916987,1.6073373460421598,1.619156002998352,35100.0
1997-12-23,1.7373425829059936,1.7373425829059936,1.6073373556137085,1.6073373556137085,2500.0
1997-12-24,1.7018866539001465,1.7964359124501545,1.7018866539001465,1.7018866539001465,1000.0
1997-12-26,1.7964359124501545,1.7964359124501545,1.7018866539001465,1.7018866539001465,600.0
1997-12-29,1.7018865079295877,1.890985008810653,1.7018865079295877,1.7373424768447876,3000.0
1997-12-30,1.7018865523799773,1.8318917751312256,1.7018865523799773,1.8318917751312256,4000.0
1997-12-31,1.7018866539001465,1.7018866539001465,1.7018866539001465,1.7018866539001465,1500.0
1998-01-02,1.701886917415418,1.7964361906051634,1.701886917415418,1.7964361906051636,6500.0
1998-01-05,1.7018867053573938,1.737342678385673,1.6427934169769287,1.6427934169769287,1200.0
1998-01-06,1.6427933266934225,1.7018866118262794,1.5837000415605658,1.6073373556137085,17600.0
1998-01-07,1.5482440274208784,1.5482440274208784,1.5127880573272705,1.5127880573272705,96000.0
1998-01-08,1.5127880096435546,1.5127880096435546,1.3591454774141312,1.4182387590408325,15500.0
1998-01-09,1.4182387590408325,1.4182387590408325,1.3591454774141312,1.4182387590408325,21300.0
1998-01-12,1.4536947280168533,1.4536947280168533,1.4182387590408325,1.4182387590408325,3600.0
1998-01-13,1.5127880300274332,1.5482439994812012,1.4536947476044866,1.5482439994812012,2300.0
1998-01-14,1.5127880994011373,1.6073373556137085,1.5127880994011373,1.6073373556137085,11000.0
1998-01-15,1.5482441087563832,1.7018866539001465,1.5482441087563832,1.7018866539001465,1400.0
1998-01-16,1.6427933673063913,1.7018866539001465,1.6427933673063913,1.7018866539001465,4500.0
1998-01-20,1.7964361906051634,1.7964361906051634,1.7964361906051634,1.7964361906051636,7300.0
1998-01-21,1.796435805289976,1.8318917751312256,1.796435805289976,1.8318917751312256,20500.0
1998-01-22,1.9264407381415367,1.9264407381415367,1.8318914994597435,1.8909847736358643,35100.0
1998-01-23,2.0209909552368672,2.1391775608062744,1.9855349735660448,2.1391775608062744,77800.0
1998-01-26,2.3046380087085394,2.3046380087085394,2.080083536065143,2.1746327877044678,54100.0
1998-01-27,2.2691824106069713,2.304638385772705,2.210089118664081,2.304638385772705,8100.0
1998-01-28,2.2691824106069713,2.363731677715595,2.1155398515554573,2.304638385772705,31400.0
1998-01-29,2.2691824106069713,2.304638385772705,2.2691824106069713,2.304638385772705,21000.0
1998-01-30,2.4582809448242187,2.517374236767109,2.304638385772705,2.304638385772705,14200.0
1998-02-02,2.552830123901367,2.659198045730591,2.552830123901367,2.659198045730591,96400.0
1998-02-03,2.4582806396484376,2.4582806396484376,2.26918212890625,2.3637313842773438,13600.0
1998-02-04,2.3637315401664147,2.4582808017730713,2.3637315401664147,2.4582808017730713,26000.0
1998-02-05,2.588285469346576,2.588285469346576,2.5528295040130615,2.5528295040130615,20100.0
1998-02-06,2.5528295040130615,2.647378744902434,2.5528295040130615,2.5528295040130615,3400.0
1998-02-09,2.5528296743120467,2.647378921508789,2.5528296743120467,2.647378921508789,9700.0
1998-02-10,2.6473793877495657,2.659198045730591,2.6473793877495657,2.659198045730591,18400.0
1998-02-11,2.5528296743120467,2.647378921508789,2.4937363948140825,2.647378921508789,12400.0
1998-02-12,2.3991875648498535,2.5528301182638837,2.3991875648498535,2.3991875648498535,2800.0
1998-02-13,2.3637313842773438,2.3637313842773438,2.3637313842773438,2.3637313842773438,11800.0
1998-02-17,2.5528301182638837,2.5528301182638837,2.3991875648498535,2.3991875648498535,8800.0
1998-02-18,2.3637313842773438,2.3637313842773438,2.3637313842773438,2.3637313842773438,6000.0
1998-02-19,2.269182278559758,2.4582808017730713,2.269182278559758,2.4582808017730713,3400.0
1998-02-20,2.4582808017730713,2.4582808017730713,2.4582808017730713,2.4582808017730713,3300.0
1998-02-23,2.2691820393437925,2.3046380087085394,2.1746327877044678,2.1746327877044678,5000.0
1998-02-24,2.2100887570692147,2.2100887570692147,2.1746327877044678,2.1746327877044678,3600.0
1998-02-25,2.304637935012579,2.304637935012579,2.1746327181657157,2.269181966781616,6500.0
1998-02-26,2.26918212890625,2.3637313842773438,2.26918212890625,2.3637313842773438,9600.0
1998-02-27,2.4582806939948094,2.6473792089174872,2.4582806939948094,2.5882859230041504,14800.0
1998-03-02,2.493736743927002,2.493736743927002,2.493736743927002,2.493736743927002,700.0
1998-03-03,2.458280263123689,2.5528295040130615,2.399186987567831,2.5528295040130615,9500.0
1998-03-04,2.4937366104125975,2.4937366104125975,2.3637313842773438,2.3637313842773438,3000.0
1998-03-05,2.4582809448242187,2.4582809448242187,2.304638385772705,2.304638385772705,800.0
1998-03-06,2.470099449157715,2.470099449157715,2.470099449157715,2.470099449157715,100500.0
1998-03-09,2.4937368284892565,2.4937368284892565,2.3991875648498535,2.3991875648498535,38200.0
1998-03-10,2.363731677715595,2.363731677715595,2.304638385772705,2.304638385772705,139500.0
1998-03-11,2.493736919989953,2.493736919989953,2.304638385772705,2.304638385772705,25600.0
1998-03-12,2.304638385772705,2.304638385772705,2.304638385772705,2.304638385772705,0.0
1998-03-13,2.3637315108312817,2.493736743927002,2.3637315108312817,2.493736743927002,4900.0
1998-03-16,2.4582806396484376,2.4582806396484376,2.3637313842773438,2.3637313842773438,5000.0
1998-03-17,2.3046374830970153,2.3046374830970153,2.2100882530212402,2.2100882530212402,10100.0
1998-03-18,2.1746331434983475,2.304638385772705,2.1746331434983475,2.304638385772705,5700.0
1998-03-19,2.115539312362671,2.115539312362671,2.115539312362671,2.115539312362671,200.0
1998-03-20,2.269181966781616,2.269181966781616,2.269181966781616,2.269181966781616,3000.0
1998-03-23,2.210089037571047,2.3991875648498535,2.210089037571047,2.3991875648498535,8900.0
1998-03-24,2.3637315401664147,2.4937367748755674,2.3637315401664147,2.4582808017730713,9700.0
1998-03-25,2.399187513268911,2.4582808017730713,2.399187513268911,2.4582808017730713,15000.0
1998-03-26,2.26918212890625,2.4582806396484376,2.26918212890625,2.3637313842773438,16200.0
1998-03-27,2.5528297336420156,2.6473789830361643,2.458280484247867,2.564648389816284,120200.0
1998-03-30,2.6473793877495657,2.7064726776546904,2.5882860978444415,2.659198045730591,26400.0
1998-03-31,2.659198122287015,2.659198122287015,2.576467514038086,2.576467514038086,12700.0
1998-04-01,2.647379131569211,2.682835102081299,2.647379131569211,2.682835102081299,2200.0
1998-04-02,2.6828353616926406,2.6828353616926406,2.659198045730591,2.659198045730591,5000.0
1998-04-03,2.871933551368566,3.0610320568084717,2.871933551368566,3.0610320568084717,39400.0
1998-04-06,3.498321870190516,3.498321870190516,3.309223390720758,3.344679355621338,49300.0
1998-04-07,3.415591965119044,3.415591965119044,3.2501307626565294,3.403773307800293,77000.0
1998-04-08,3.4392298122769906,3.5928723812103267,3.403773834830836,3.592872381210327,64700.0
1998-04-09,3.533779180533177,3.533779180533177,3.439229904799848,3.4983232021331787,90200.0
1998-04-13,3.5928724778665075,3.5928724778665075,3.439229904799848,3.4983232021331787,29500.0
1998-04-14,3.5928724778665075,3.5928724778665075,3.4037739263998494,3.4983232021331787,26800.0
1998-04-15,3.403772630455637,3.403772630455637,3.344679355621338,3.344679355621338,9100.0
1998-04-16,3.4037733790713274,3.4037733790713274,3.214674858011809,3.321042776107788,16500.0
1998-04-17,3.4037736347743444,3.4037736347743444,3.2501310748713355,3.3092243671417236,7700.0
1998-04-20,3.4983232021331787,3.5928724778665075,3.439229904799848,3.4983232021331787,36100.0
1998-04-21,3.6874210834503174,3.746514370044072,3.592871824900309,3.6874210834503174,146700.0
1998-04-22,4.018341995948969,4.065616607666016,3.9710673842319224,4.065616607666016,60300.0
1998-04-23,4.443814684947332,4.538363933563232,4.301990812023481,4.538363933563232,36100.0
1998-04-24,4.3492655754089355,4.538364078687585,4.301990949589274,4.3492655754089355,34500.0
1998-04-27,4.254717004710231,4.254717004710231,4.065618471167554,4.112893104553223,22500.0
1998-04-28,4.065617790775023,4.11289241624915,3.971068539826766,4.077436447143555,20300.0
1998-04-29,4.018343263202244,4.254716396331787,4.018343263202244,4.254716396331787,31300.0
1998-04-30,4.4910890430045525,4.5383636645098635,4.231078624725342,4.231078624725342,260800.0
1998-05-01,4.349266676675706,4.349266676675706,3.7819710231962658,3.971069574356079,158300.0
1998-05-04,4.089255332946777,4.25471653138971,4.065618018883501,4.089255332946777,33400.0
1998-05-05,4.2547173982255915,4.349266673741716,4.207442760467529,4.207442760467529,10900.0
1998-05-06,4.349266271481569,4.349266271481569,4.112893104553223,4.112893104553223,29900.0
1998-05-07,3.9710687255859374,4.136529922485352,3.9710687255859374,4.136529922485352,4100.0
1998-05-08,4.160168063256048,4.160168063256048,4.018344152008683,4.030162811279297,26700.0
1998-05-11,4.018343429119266,4.041980743408203,3.9710688005413926,4.041980743408203,11000.0
1998-05-12,4.112893217414088,4.112893217414088,3.9474319960238664,3.994706630706787,44500.0
1998-05-13,3.971068819831399,4.018343448638916,3.876519562216366,4.018343448638916,25700.0
1998-05-14,3.900156876620124,4.018343448638916,3.900156876620124,4.018343448638916,11400.0
1998-05-15,4.065616607666016,4.065616607666016,3.923792772514876,4.065616607666016,27600.0
1998-05-18,4.065618582731168,4.065618582731168,3.994706630706787,3.994706630706787,5700.0
1998-05-19,3.9710679937292026,3.9710679937292026,3.8292441368103027,3.8292441368103027,14500.0
1998-05-20,3.9710679937292026,3.9710679937292026,3.8292441368103027,3.8292441368103027,2400.0
1998-05-21,3.829245660986219,3.9710695743560787,3.829245660986219,3.971069574356079,300.0
1998-05-22,3.9710679937292026,3.9710679937292026,3.8292441368103027,3.8292441368103027,4500.0
1998-05-26,3.781971029333166,3.781971029333166,3.4983232021331787,3.4983232021331787,33300.0
1998-05-27,3.3092240492502847,3.498322566350301,3.3092240492502847,3.403773307800293,34200.0
1998-05-28,3.4037739297618037,3.4037739297618037,3.2619500160217285,3.2619500160217285,25200.0
1998-05-29,3.2619500160217285,3.309224653935087,3.2619500160217285,3.2619500160217285,13500.0
1998-06-01,3.214674711227417,3.214674711227417,3.214674711227417,3.214674711227417,3400.0
1998-06-02,3.2619491707194936,3.2855864835507944,3.1201252937316895,3.1201252937316895,5800.0
1998-06-03,3.30922465066652,3.4983232021331787,3.2619500127998555,3.4983232021331787,103000.0
1998-06-04,3.4983229024069646,3.4983229024069646,3.3092243671417236,3.3092243671417236,31600.0
1998-06-05,3.3564980030059814,3.3564980030059814,3.3564980030059814,3.3564980030059814,300.0
1998-06-08,3.261949401066221,3.42741060256958,3.261949401066221,3.42741060256958,8700.0
1998-06-09,3.592871038881067,3.592871038881067,3.3092233252851933,3.45104718208313,25500.0
1998-06-10,3.3092243671417236,3.3092243671417236,3.3092243671417236,3.3092243671417236,3300.0
1998-06-11,3.309224653935087,3.309224653935087,3.072851464368295,3.2619500160217285,11000.0
1998-06-12,3.0728506680690884,3.2619491707194936,3.0728506680690884,3.1201252937316895,3100.0
1998-06-15,3.072850569601982,3.072850569601982,2.9310266971588135,2.9310266971588135,9600.0
1998-06-16,3.1201252937316895,3.1201252937316895,2.9783014167438853,3.1201252937316895,1200.0
1998-06-17,3.214674711227417,3.214674711227417,3.214674711227417,3.214674711227417,3500.0
1998-06-18,3.1674007401950117,3.309224653935087,3.1674007401950117,3.2619500160217285,10300.0
1998-06-19,3.309223967439988,3.309223967439988,3.214674711227417,3.214674711227417,1300.0
1998-06-22,3.3092243671417236,3.3092243671417236,3.3092243671417236,3.3092243671417236,1000.0
1998-06-23,3.3092243671417236,3.3092243671417236,3.120125831876482,3.3092243671417236,700.0
1998-06-24,3.1201252937316895,3.1201252937316895,3.1201252937316895,3.1201252937316895,3300.0
1998-06-25,3.1673999950289726,3.1673999950289726,3.025576114654541,3.025576114654541,13500.0
1998-06-26,3.025575910295759,3.025575910295759,2.9310266630990167,2.9783012866973877,8500.0
1998-06-29,2.836477518081665,2.836477518081665,2.836477518081665,2.836477518081665,5000.0
1998-06-30,3.120125330411471,3.214674582848182,3.0728507041931152,3.0728507041931152,7000.0
1998-07-01,3.214674711227417,3.2619493393337025,3.214674711227417,3.214674711227417,1600.0
1998-07-02,3.1673994064331055,3.1673994064331055,3.1673994064331055,3.1673994064331055,500.0
1998-07-06,3.5928718641206814,3.6874211237028045,3.4983226045385583,3.640146493911743,23700.0
1998-07-07,3.4983232021331787,3.4983232021331787,3.4983232021331787,3.4983232021331787,6400.0
1998-07-08,3.498322566350301,3.498322566350301,3.403773307800293,3.403773307800293,3600.0
1998-07-09,3.3092243671417236,3.4037736347743444,3.214675099509103,3.3092243671417236,10000.0
1998-07-10,3.309223967439988,3.309223967439988,3.214674711227417,3.214674711227417,1000.0
1998-07-13,3.238312005996704,3.238312005996704,3.238312005996704,3.238312005996704,800.0
1998-07-14,3.309223161521533,3.3801350864112796,3.309223161521533,3.3328604698181152,1400.0
1998-07-15,3.332861363887787,3.403773307800293,3.3092240492502847,3.403773307800293,6200.0
1998-07-16,3.4983232021331787,3.4983232021331787,3.30922465066652,3.4983232021331787,54300.0
1998-07-17,3.3092243671417236,3.4037736347743444,3.3092243671417236,3.3092243671417236,1700.0
1998-07-20,3.30922465066652,3.545597839999843,3.30922465066652,3.4983232021331787,17500.0
1998-07-21,3.5928724778665075,3.5928724778665075,3.4983232021331787,3.4983232021331787,17400.0
1998-07-22,3.592871824900309,3.592871824900309,3.403773307800293,3.403773307800293,7800.0
1998-07-23,3.451048564266514,3.4983232021331787,3.451048564266514,3.4983232021331787,4100.0
1998-07-24,3.592871038881067,3.592871038881067,3.45104718208313,3.45104718208313,9200.0
1998-07-27,3.403772622766629,3.403772622766629,3.3564980030059814,3.3564980030059814,800.0
1998-07-28,3.3564980030059814,3.3564980030059814,3.2146741437240385,3.3564980030059814,39400.0
1998-07-29,3.356499000958034,3.356499000958034,3.3092243671417236,3.3092243671417236,7000.0
1998-07-30,3.2619486424460344,3.2619486424460344,3.1673994064331055,3.1673994064331055,13100.0
1998-07-31,3.1673994064331055,3.1673994064331055,3.1673994064331055,3.1673994064331055,1000.0
1998-08-03,3.072850741446018,3.1201253682374954,3.025576114654541,3.025576114654541,19600.0
1998-08-04,3.025575552413713,3.1673994064331055,3.025575552413713,3.1673994064331055,4500.0
1998-08-05,3.1201247884266414,3.1673994064331055,3.1201247884266414,3.1673994064331055,1200.0
1998-08-06,3.1201254550148456,3.214674711227417,3.0255761988022747,3.214674711227417,22400.0
1998-08-07,3.025576114654541,3.025576114654541,3.025576114654541,3.025576114654541,1000.0
1998-08-10,3.025576114654541,3.025576114654541,3.025576114654541,3.025576114654541,800.0
1998-08-11,2.9783013213065366,2.9783013213065366,2.9310266971588135,2.9310266971588135,5700.0
1998-08-12,2.9310266971588135,2.9310266971588135,2.9310266971588135,2.9310266971588135,1400.0
1998-08-13,2.8837523460388184,2.8837523460388184,2.8837523460388184,2.8837523460388184,1100.0
1998-08-14,2.8837523460388184,2.8837523460388184,2.8837523460388184,2.8837523460388184,0.0
1998-08-17,2.836477518081665,2.931026768684387,2.836477518081665,2.836477518081665,3600.0
1998-08-18,2.836477554450601,2.9310268062656206,2.789202928543091,2.789202928543091,17400.0
1998-08-19,2.9783013213065366,3.072850569601982,2.789202824715645,2.9310266971588135,134500.0
1998-08-20,2.9783014167438853,3.1201252937316895,2.9783014167438853,3.1201252937316895,27700.0
1998-08-21,3.025576114654541,3.025576114654541,3.025576114654541,3.025576114654541,5300.0
1998-08-24,2.978301487863064,3.025576114654541,2.978301487863064,3.025576114654541,56700.0
1998-08-25,3.025576058080641,3.025576058080641,2.789202928543091,2.789202928543091,44200.0
1998-08-26,2.6473786538107356,2.789202510264882,2.6473786538107356,2.694653272628784,18700.0
1998-08-27,2.5528298950195314,2.5528298950195314,2.3637313842773438,2.3637313842773438,14100.0
1998-08-28,2.3400939032435417,2.4582804640134177,2.269181966781616,2.269181966781616,4600.0
1998-08-31,2.4110060119628907,2.5528298950195314,2.3637313842773438,2.3637313842773438,12800.0
1998-09-01,2.7419283026355807,3.025576058080641,2.6946536767280707,2.789202928543091,274000.0
1998-09-02,2.836477518081665,2.836477518081665,2.7419282674789427,2.836477518081665,73000.0
1998-09-03,2.741928353905678,3.025576114654541,2.6473791003227234,3.025576114654541,302600.0
1998-09-04,3.1674001614252725,3.403773307800293,3.1674001614252725,3.403773307800293,58500.0
1998-09-08,3.3092237963820947,3.3564984220446963,3.1201252937316895,3.1201252937316895,153300.0
1998-09-09,2.9783012866973877,3.0728505338941305,2.9783012866973877,2.9783012866973877,20900.0
1998-09-10,3.120125831876482,3.4037736347743444,3.120125831876482,3.3092243671417236,212800.0
1998-09-11,3.4983229024069646,3.4983229024069646,3.3092243671417236,3.3092243671417236,61100.0
1998-09-14,3.309223967439988,3.309223967439988,3.214674711227417,3.214674711227417,10600.0
1998-09-15,3.3092232604524985,3.3092232604524985,3.1673994064331055,3.1673994064331055,30700.0
1998-09-16,3.214675099509103,3.3092243671417236,3.214675099509103,3.3092243671417236,3400.0
1998-09-17,3.3092233252851933,3.45104718208313,3.3092233252851933,3.45104718208313,189900.0
1998-09-18,3.4983232021331787,3.4983232021331787,3.356499288533185,3.4983232021331787,24200.0
1998-09-21,3.545596482048572,3.545596482048572,3.3564980030059814,3.3564980030059814,61800.0
1998-09-22,3.3092243671417236,3.380136317866189,3.3092243671417236,3.3092243671417236,7200.0
1998-09-23,3.261948763484686,3.380135312886305,3.261948763484686,3.3564980030059814,80900.0
1998-09-24,3.4037725631504845,3.4983218010157757,3.4037725631504845,3.45104718208313,277800.0
1998-09-25,3.6874210834503174,3.6874210834503174,3.403773307800293,3.403773307800293,117200.0
1998-09-28,3.4983232021331787,3.5692351589331754,3.451048564266514,3.4983232021331787,182800.0
1998-09-29,3.640147115733172,3.640147115733172,3.4983232021331787,3.4983232021331787,122400.0
1998-09-30,3.451047937075297,3.6874210834503174,3.451047937075297,3.6874210834503174,81600.0
1998-10-01,3.7819703420003252,3.7819703420003252,3.628327796856562,3.6874210834503174,445200.0
1998-10-02,3.781970060324367,3.781970060324367,3.6401461830622033,3.7346954345703125,92000.0
1998-10-05,3.6401470178052,3.7819709275898177,3.5928723812103267,3.592872381210327,10800.0
1998-10-06,3.5928715573081487,3.7346954345703125,3.545596931554094,3.7346954345703125,32600.0
1998-10-07,3.876519562216366,4.112892706253949,3.8292449334088494,4.018343448638916,54100.0
1998-10-08,4.207441844723442,4.34926572712985,4.112892589785836,4.160167217254639,98800.0
1998-10-09,4.254715707567003,4.254715707567003,3.8292441368103027,3.8292441368103027,51300.0
1998-10-12,3.8292450497790083,3.876519680023194,3.781970419534823,3.8765196800231934,6400.0
1998-10-13,3.8292441368103027,3.876518755783269,3.781969517837336,3.8292441368103027,16500.0
1998-10-14,3.7819695472717285,3.829244166612625,3.7819695472717285,3.7819695472717285,7500.0
1998-10-15,3.9710695743560787,4.018344212146032,3.829245660986219,3.971069574356079,30700.0
1998-10-16,4.065616607666016,4.112891219383062,3.8765181607978287,4.065616607666016,34700.0
1998-10-19,4.160167461488306,4.160167461488306,3.876519680023194,3.8765196800231934,22000.0
1998-10-20,3.829245010054255,3.971068899315524,3.781970380300499,3.9237942695617676,22200.0
1998-10-21,3.9237934052944183,3.9237934052944183,3.7819695472717285,3.7819695472717285,10500.0
1998-10-22,3.6401470178052,3.6401470178052,3.5928723812103267,3.592872381210327,18400.0
1998-10-23,3.545597744615454,3.5928723812103267,3.545597744615454,3.592872381210327,14900.0
1998-10-26,3.5928707377115883,3.5928707377115883,3.545596122741699,3.545596122741699,15100.0
1998-10-27,3.545596931554094,3.781970060324367,3.545596931554094,3.7346954345703125,20600.0
1998-10-28,3.687420808816258,3.781970060324367,3.687420808816258,3.7346954345703125,10800.0
1998-10-29,3.876518755783269,3.876518755783269,3.8292441368103027,3.8292441368103027,5100.0
1998-10-30,3.781970380300499,3.9237942695617676,3.6874211207929863,3.9237942695617676,13600.0
1998-11-02,3.6874199676513673,3.7346945826212563,3.545596122741699,3.545596122741699,32200.0
1998-11-03,3.4510472425272765,3.4983218622879244,3.3564980030059814,3.3564980030059814,27000.0
1998-11-04,3.5928723812103267,3.6401470178052,3.403773834830836,3.592872381210327,41600.0
1998-11-05,3.7346954165764576,3.7583327293395996,3.592871539997605,3.7583327293395996,151000.0
1998-11-06,3.6874216544000724,3.6874216544000724,3.5928723812103267,3.592872381210327,30600.0
1998-11-09,3.4983232021331787,3.687421753599837,3.4983232021331787,3.4983232021331787,5500.0
1998-11-10,3.4983232021331787,3.5928724778665075,3.439229904799848,3.4983232021331787,43700.0
1998-11-11,3.45104718208313,3.45104718208313,3.45104718208313,3.45104718208313,600.0
1998-11-12,3.403773307800293,3.6874210834503174,3.403773307800293,3.6874210834503174,3700.0
1998-11-13,3.6874211237028045,3.7819703832849276,3.5928718641206814,3.640146493911743,11600.0
1998-11-16,3.6874207910501733,3.781970042102742,3.640146165523889,3.7583327293395996,15000.0
1998-11-17,3.7819695472717285,3.7819695472717285,3.6874203085899353,3.7819695472717285,12600.0
1998-11-18,3.8765181607978287,4.065616607666016,3.8765181607978287,4.065616607666016,45000.0
1998-11-19,4.018343570755749,4.065618200999935,3.8292450497790083,3.8765196800231934,71500.0
1998-11-20,3.9710695743560787,3.9710695743560787,3.829245660986219,3.971069574356079,8300.0
1998-11-23,3.781969517837336,3.9237933747562357,3.734694898864369,3.8292441368103027,27200.0
1998-11-24,3.829245660986219,3.9710695743560787,3.829245660986219,3.971069574356079,6800.0
1998-11-25,3.781970419534823,3.971068940511564,3.781970419534823,3.8765196800231934,8600.0
1998-11-27,3.7819695472717285,3.7819695472717285,3.7819695472717285,3.7819695472717285,700.0
1998-11-30,3.7346957127253213,3.7346957127253213,3.545597195625305,3.6874210834503174,11100.0
1998-12-01,3.581053206672916,3.7346957534938663,3.581053206672916,3.640146493911743,35100.0
1998-12-02,3.640146493911743,3.640146493911743,3.640146493911743,3.640146493911743,600.0
1998-12-03,3.6401462370349518,3.663783550262451,3.592871610579952,3.663783550262451,53400.0
1998-12-04,3.5928724778665075,3.640147115733172,3.4983232021331787,3.4983232021331787,284400.0
1998-12-07,3.5928724778665075,3.5928724778665075,3.4274112453331815,3.4983232021331787,54800.0
1998-12-08,3.474685251712799,3.569234510262807,3.403773307800293,3.403773307800293,33000.0
1998-12-09,3.45104718208313,3.45104718208313,3.45104718208313,3.45104718208313,24200.0
1998-12-10,3.45104718208313,3.45104718208313,3.45104718208313,3.45104718208313,20400.0
1998-12-11,3.403772622766629,3.439228587587115,3.309223383245334,3.3564980030059814,121400.0
1998-12-14,3.3092233252851933,3.4983218010157757,3.214674087419902,3.45104718208313,5400.0
1998-12-15,3.309223161521533,3.332860469818115,3.309223161521533,3.3328604698181152,10800.0
1998-12-16,3.4983232021331787,3.545597839999843,3.4274112453331815,3.4983232021331787,34600.0
1998-12-17,3.4746845524076004,3.545596482048572,3.3564980030059814,3.3564980030059814,65800.0
1998-12-18,3.3564980030059814,3.3564980030059814,3.3564980030059814,3.3564980030059814,500.0
1998-12-21,3.4983229024069646,3.4983229024069646,3.3092243671417236,3.3092243671417236,20000.0
1998-12-22,3.309223967439988,3.309223967439988,3.214674711227417,3.214674711227417,37500.0
1998-12-23,3.309223383245334,3.3564980030059814,3.2146741437240385,3.3564980030059814,40700.0
1998-12-24,3.2146747907002764,3.403773307800293,3.2146747907002764,3.403773307800293,13000.0
1998-12-28,3.3564986785252886,3.451047937075297,3.3564986785252886,3.403773307800293,36400.0
1998-12-29,3.403773307800293,3.498322566350301,3.403773307800293,3.403773307800293,26800.0
1998-12-30,3.4983218010157757,3.5455964199484216,3.45104718208313,3.45104718208313,51400.0
1998-12-31,3.451048471425709,3.5928723812103267,3.451048471425709,3.592872381210327,34200.0
1999-01-04,3.451048564266514,3.4983232021331787,3.451048564266514,3.4983232021331787,400.0
1999-01-05,3.5928724778665075,3.5928724778665075,3.4983232021331787,3.4983232021331787,3700.0
1999-01-06,3.7819703832849276,3.7819703832849276,3.640146493911743,3.640146493911743,1900.0
1999-01-07,3.7819695472717285,3.7819695472717285,3.6874203085899353,3.7819695472717285,6000.0
1999-01-08,3.781970653658599,3.781970653658599,3.616509437561035,3.616509437561035,16600.0
1999-01-11,3.6874211237028045,3.6874211237028045,3.640146493911743,3.640146493911743,6400.0
1999-01-12,3.5928718641206814,3.6874211237028045,3.5455972343296196,3.640146493911743,11000.0
1999-01-13,3.403772277832031,3.545596122741699,3.403772277832031,3.545596122741699,33600.0
1999-01-14,3.4037739263998494,3.4983232021331787,3.368317947999851,3.4983232021331787,5500.0
1999-01-15,3.4037739263998494,3.545597839999843,3.4037739263998494,3.4983232021331787,8300.0
1999-01-19,3.545597195625305,3.545597195625305,3.403773307800293,3.403773307800293,11400.0
1999-01-20,3.545597195625305,3.545597195625305,3.403773307800293,3.403773307800293,11700.0
1999-01-21,3.498322566350301,3.498322566350301,3.403773307800293,3.403773307800293,48600.0
1999-01-22,3.309223967439988,3.4510478517588448,3.214674711227417,3.214674711227417,22500.0
1999-01-25,3.356499000958034,3.4037736347743444,3.3092243671417236,3.3092243671417236,68500.0
1999-01-26,3.3092243671417236,3.356499000958034,3.3092243671417236,3.3092243671417236,17900.0
1999-01-27,3.356499000958034,3.4037736347743444,3.3092243671417236,3.3092243671417236,3800.0
1999-01-28,3.356499000958034,3.356499000958034,3.3092243671417236,3.3092243671417236,41000.0
1999-01-29,3.4037725631504845,3.45104718208313,3.4037725631504845,3.45104718208313,6100.0
1999-02-01,3.4037739263998494,3.4983232021331787,3.4037739263998494,3.4983232021331787,10400.0
1999-02-02,3.4983232021331787,3.545597839999843,3.451048564266514,3.4983232021331787,17500.0
1999-02-03,3.545597195625305,3.545597195625305,3.403773307800293,3.403773307800293,37000.0
1999-02-04,3.498322566350301,3.545597195625305,3.3092240492502847,3.403773307800293,30800.0
1999-02-05,3.403772277832031,3.545596122741699,3.403772277832031,3.545596122741699,12500.0
1999-02-08,3.3564987151653733,3.6874211237028045,3.3564987151653733,3.640146493911743,43800.0
1999-02-09,3.592871038881067,3.592871038881067,3.356497944217839,3.45104718208313,74100.0
1999-02-10,3.45104718208313,3.45104718208313,3.4037725631504845,3.45104718208313,48800.0
1999-02-11,3.45104718208313,3.45104718208313,3.4037725631504845,3.45104718208313,13100.0
1999-02-12,3.45104718208313,3.45104718208313,3.4037725631504845,3.45104718208313,4400.0
1999-02-16,3.4037736347743444,3.4037736347743444,3.214675099509103,3.3092243671417236,13000.0
1999-02-17,3.3092243671417236,3.3092243671417236,3.2619497333254133,3.3092243671417236,50700.0
1999-02-18,3.214674711227417,3.2619493393337025,3.1674000831211315,3.214674711227417,56100.0
1999-02-19,3.21467537810837,3.2619500160217285,3.1674007401950117,3.2619500160217285,149600.0
1999-02-22,3.214674711227417,3.2619493393337025,3.15558142609456,3.214674711227417,65600.0
1999-02-23,3.2619500160217285,3.2619500160217285,3.1201261022816533,3.2619500160217285,4100.0
1999-02-24,3.2619500160217285,3.309224653935087,3.21467537810837,3.2619500160217285,33000.0
1999-02-25,3.356499000958034,3.356499000958034,3.2619497333254133,3.3092243671417236,70400.0
1999-02-26,3.3092243671417236,3.356499000958034,3.3092243671417236,3.3092243671417236,56300.0
1999-03-01,3.403773307800293,3.498322566350301,3.3564986785252886,3.403773307800293,45500.0
1999-03-02,3.4983215077718097,3.5928707377115883,3.4510468928019202,3.545596122741699,86000.0
1999-03-03,3.5928707377115883,3.5928707377115883,3.545596122741699,3.545596122741699,39900.0
1999-03-04,3.5455973356362156,3.592871966778032,3.4983227044943996,3.5219600200653076,63400.0
1999-03-05,3.4983215077718097,3.5928707377115883,3.4983215077718097,3.545596122741699,56300.0
1999-03-08,3.545597195625305,3.6874210834503174,3.545597195625305,3.6874210834503174,188900.0
1999-03-09,3.781970380300499,3.9237942695617676,3.781970380300499,3.9237942695617676,145200.0
1999-03-10,3.781969517837336,3.876518755783269,3.781969517837336,3.8292441368103027,63100.0
1999-03-11,3.9237949365661255,3.9710695743560787,3.829245660986219,3.971069574356079,145800.0
1999-03-12,3.8292446860784217,3.8765193118324763,3.687420808816258,3.7346954345703125,96900.0
1999-03-15,3.640146454175313,3.6874210834503174,3.403773307800293,3.403773307800293,164800.0
1999-03-16,3.3564980030059814,3.403772622766629,3.309223383245334,3.3564980030059814,30500.0
1999-03-17,3.403772277832031,3.545596122741699,3.3564976628621417,3.545596122741699,44700.0
1999-03-18,3.5928707377115883,3.711057275136312,3.545596122741699,3.545596122741699,17300.0
1999-03-19,3.6165093525200134,3.7110586166381836,3.6165093525200134,3.7110586166381836,2600.0
1999-03-22,3.6401456892490387,3.7819695472717285,3.6401456892490387,3.7819695472717285,22200.0
1999-03-23,3.781970060324367,3.781970060324367,3.616508870185176,3.7346954345703125,12200.0
1999-03-24,3.5928718641206814,3.6874211237028045,3.5928718641206814,3.640146493911743,29000.0
1999-03-25,3.6401470178052,3.734696290994945,3.5928723812103267,3.592872381210327,43700.0
1999-03-26,3.592871038881067,3.592871038881067,3.45104718208313,3.45104718208313,44700.0
1999-03-29,3.4037739263998494,3.640147115733172,3.4037739263998494,3.4983232021331787,20600.0
1999-03-30,3.4983232021331787,3.5928724778665075,3.4983232021331787,3.4983232021331787,7400.0
1999-03-31,3.4510468928019202,3.5928707377115883,3.4510468928019202,3.545596122741699,10000.0
1999-04-01,3.6874210834503174,3.6874210834503174,3.545597195625305,3.6874210834503174,12700.0
1999-04-05,3.545596122741699,3.6401453526814778,3.545596122741699,3.545596122741699,11800.0
1999-04-06,3.4983232021331787,3.5928724778665075,3.4037739263998494,3.4983232021331787,59500.0
1999-04-07,3.45104718208313,3.5455964199484216,3.45104718208313,3.45104718208313,81700.0
1999-04-08,3.545597839999843,3.545597839999843,3.451048564266514,3.4983232021331787,4200.0
1999-04-09,3.5455964199484216,3.5455964199484216,3.45104718208313,3.45104718208313,30500.0
1999-04-12,3.545596122741699,3.6874199676513673,3.4983215077718097,3.545596122741699,17600.0
1999-04-13,3.687420808816258,3.7346954345703125,3.5928715573081487,3.7346954345703125,36400.0
1999-04-14,3.7346945826212563,3.7346945826212563,3.4983215077718097,3.545596122741699,37900.0
1999-04-15,3.640146528802267,3.923794310267379,3.592871898558082,3.8765196800231934,44600.0
1999-04-16,3.9710687073794277,4.160167217254639,3.9237940799106252,4.160167217254639,31800.0
1999-04-19,4.160166692467375,4.349265178488619,4.160166692467375,4.231078624725342,23700.0
1999-04-20,4.207441844723442,4.301991099661047,4.160167217254639,4.160167217254639,41700.0
1999-04-21,4.160167217254639,4.207441844723442,3.9710687073794277,4.160167217254639,38900.0
1999-04-22,4.018341995948969,4.065616607666016,3.923792772514876,4.065616607666016,62200.0
1999-04-23,3.971068899315524,4.01834352906928,3.8765196398080115,3.9237942695617676,30200.0
1999-04-26,3.9237933747562357,4.0183426127021695,3.781969517837336,3.8292441368103027,129700.0
1999-04-27,3.876519562216366,4.018343448638916,3.876519562216366,4.018343448638916,41000.0
1999-04-28,4.065616607666016,4.160165831100109,3.9710673842319224,4.065616607666016,26800.0
1999-04-29,4.112891569242373,4.325627340065254,4.112891569242373,4.301990032196045,31000.0
1999-04-30,4.396541311499778,4.396541311499778,4.207442760467529,4.207442760467529,32100.0
1999-05-03,4.349264647934463,4.349264647934463,4.301990032196045,4.301990032196045,7100.0
1999-05-04,4.254716323769611,4.3492655754089355,4.254716323769611,4.3492655754089355,5800.0
1999-05-05,4.2547157689144735,4.4910888671875,4.160166529605263,4.4910888671875,247000.0
1999-05-06,4.4910892752028,4.727462394950316,4.443814651253297,4.585638523101807,155400.0
1999-05-07,4.160167217254639,4.207441844723442,4.018343334848231,4.160167217254639,106900.0
1999-05-10,3.9237942298253374,3.971068859100342,3.592871824900309,3.6874210834503174,110000.0
1999-05-11,3.687421300608641,3.7819705647268114,3.592872036490471,3.7110586166381836,419800.0
1999-05-12,3.6874210834503174,3.6874210834503174,3.592871824900309,3.6874210834503174,252300.0
1999-05-13,3.7819693155796923,3.8765185484691846,3.6756014285790135,3.770150661468506,173500.0
1999-05-14,3.7819695472717285,3.829244166612625,3.6874203085899353,3.7819695472717285,180900.0
1999-05-17,3.7819703420003252,3.7819703420003252,3.640146454175313,3.6874210834503174,113400.0
1999-05-18,3.6874210834503174,3.6874210834503174,3.569234510262807,3.6874210834503174,159400.0
1999-05-19,3.545597744615454,3.5928723812103267,3.403773834830836,3.592872381210327,302900.0
1999-05-20,3.6401461830622033,3.781970060324367,3.5928715573081487,3.7346954345703125,285200.0
1999-05-21,3.746513582766056,3.7819695472717285,3.6401456892490387,3.7819695472717285,255200.0
1999-05-24,3.687420808816258,3.781970060324367,3.6401461830622033,3.7346954345703125,399500.0
1999-05-25,3.876520298776172,3.9710695743560787,3.699240407063847,3.971069574356079,447900.0
1999-05-26,3.829244166612625,3.829244166612625,3.6874203085899353,3.7819695472717285,388900.0
1999-05-27,3.7346954345703125,3.7346954345703125,3.6401461830622033,3.7346954345703125,564000.0
1999-05-28,3.734694927930832,3.805606856942177,3.6874203085899353,3.7819695472717285,409500.0
1999-06-01,3.7346954345703125,3.781970060324367,3.687420808816258,3.7346954345703125,415200.0
1999-06-02,3.7819705647268114,3.7819705647268114,3.687421300608641,3.7110586166381836,287100.0
1999-06-03,3.711058121693285,3.781970060324367,3.687420808816258,3.7346954345703125,191200.0
1999-06-04,3.7583327293395996,3.805607354865884,3.7228767601948864,3.7583327293395996,132600.0
1999-06-07,3.8056068273238193,3.876518755783269,3.7583322083508524,3.8292441368103027,145600.0
1999-06-08,3.8056073732013944,3.8056073732013944,3.6401461830622033,3.7346954345703125,187800.0
1999-06-09,3.6874211237028045,3.6874211237028045,3.5928718641206814,3.640146493911743,184400.0
1999-06-10,3.6401462370349518,3.663783550262451,3.592871610579952,3.663783550262451,130500.0
1999-06-11,3.592871610579952,3.663783550262451,3.521959670897453,3.663783550262451,179800.0
1999-06-14,3.5928707377115883,3.5928707377115883,3.5219588152567542,3.545596122741699,200800.0
1999-06-15,3.5455973356362156,3.5455973356362156,3.474685388923491,3.5219600200653076,118900.0
1999-06-16,3.4983232021331787,3.521960521066511,3.451048564266514,3.4983232021331787,103100.0
1999-06-17,3.474684953689575,3.474684953689575,3.4274103284693087,3.474684953689575,56800.0
1999-06-18,3.4983228546342042,3.616509437561035,3.4983228546342042,3.616509437561035,127100.0
1999-06-21,3.6165087570417795,3.6401460691793077,3.5692341327667236,3.5692341327667236,64000.0
1999-06-22,3.545597839999843,3.5928724778665075,3.4037739263998494,3.4983232021331787,83300.0
1999-06-23,3.4037739263998494,3.5928724778665075,3.380136607466517,3.4983232021331787,213000.0
1999-06-24,3.545597839999843,3.545597839999843,3.451048564266514,3.4983232021331787,102000.0
1999-06-25,3.474684200286865,3.5692334302266437,3.4510468928019202,3.545596122741699,50900.0
1999-06-28,3.5928723812103267,3.5928723812103267,3.451048471425709,3.592872381210327,64000.0
1999-06-29,3.6401467541464014,3.6401467541464014,3.4983228546342042,3.616509437561035,46400.0
1999-06-30,3.6401462370349518,3.663783550262451,3.592871610579952,3.663783550262451,44100.0
1999-07-01,3.6637840707317677,3.687421387317134,3.592872120975669,3.616509437561035,106200.0
1999-07-02,3.640146493911743,3.6874211237028045,3.5928718641206814,3.640146493911743,120200.0
1999-07-06,3.545597195625305,3.6874210834503174,3.403773307800293,3.403773307800293,195200.0
1999-07-07,3.3564985755586276,3.4037732033833974,3.238312005996704,3.238312005996704,144000.0
1999-07-08,3.3801366108051245,3.4037739297618037,3.21467537810837,3.2619500160217285,70800.0
1999-07-09,3.2619500160217285,3.2855873349784077,3.21467537810837,3.2619500160217285,37200.0
1999-07-12,3.1673999566298265,3.23831189595736,2.9310268255380483,3.0728507041931152,226400.0
1999-07-13,2.9783012866973877,3.025575910295759,2.9310266630990167,2.9783012866973877,397500.0
1999-07-14,3.0019385984965736,3.025575910295759,2.9310266630990167,2.9783012866973877,101500.0
1999-07-15,2.931026750359653,2.931026750359653,2.7892028753422506,2.860114812850952,146200.0
1999-07-16,2.8837520395006453,3.025575910295759,2.8837520395006453,2.9783012866973877,85100.0
1999-07-19,2.9783013213065366,2.9783013213065366,2.883752073011091,2.9310266971588135,91700.0
1999-07-20,2.9783012866973877,2.9783012866973877,2.8837520395006453,2.9783012866973877,59400.0
1999-07-21,2.978301451756404,3.0728507041931152,2.9310268255380483,3.0728507041931152,72700.0
1999-07-22,3.025575910295759,3.0728505338941305,2.9310266630990167,2.9783012866973877,101600.0
1999-07-23,2.9310266630990167,3.025575910295759,2.9310266630990167,2.9783012866973877,85900.0
1999-07-26,3.025575910295759,3.025575910295759,2.8837520395006453,2.9783012866973877,45200.0
1999-07-27,2.9783013213065366,3.0255759454542592,2.9310266971588135,2.9310266971588135,29000.0
1999-07-28,2.9664828495716487,3.0255761334276574,2.883752252173236,3.001938819885254,333800.0
1999-07-29,2.9783014167438853,3.1201252937316895,2.931026791081284,3.1201252937316895,246400.0
1999-07-30,3.120125330411471,3.120125330411471,3.0255760779747596,3.0728507041931152,198200.0
1999-08-02,3.072850741446018,3.072850741446018,2.978301487863064,3.025576114654541,61700.0
1999-08-03,3.049213409423828,3.0728507226751756,3.013757439546807,3.049213409423828,86800.0
1999-08-04,3.223017454147339,3.2468916575113935,3.1036464373270674,3.223017454147339,184800.0
1999-08-05,3.1872067075026664,3.223018018822921,3.1513953961824117,3.175269603729248,65300.0
1999-08-06,3.2707665709481724,3.2946407794952393,3.1513955282128374,3.2946407794952393,29200.0
1999-08-09,3.294640690939767,3.3423891067504883,3.246892275129046,3.3423891067504883,102900.0
1999-08-10,3.4378851232394365,3.485633527728873,3.342388314260563,3.39013671875,62000.0
1999-08-11,3.5811312786944502,3.7243765298422282,3.4856344445959313,3.6766281127929688,250100.0
1999-08-12,3.676628203768479,3.676628203768479,3.58113136730696,3.6288797855377197,121400.0
1999-08-13,3.5811308203943515,3.628879231332943,3.5095082039864645,3.6050050258636475,73900.0
1999-08-16,3.4617601462772916,3.4617601462772916,3.246892275129046,3.3423891067504883,77800.0
1999-08-17,3.2946407794952393,3.3662634051364404,3.2468923624011055,3.2946407794952393,96500.0
1999-08-18,3.342388798208798,3.342388798208798,3.1513951525968666,3.246891975402832,89000.0
1999-08-19,3.1991432507832847,3.2468916575113935,3.151394844055176,3.223017454147339,83200.0
1999-08-20,3.2588284353711714,3.342388138842227,3.1991429328918457,3.1991429328918457,43100.0
1999-08-23,3.199143492814266,3.199143492814266,3.055898261792732,3.151395082473755,71900.0
1999-08-24,3.0558982728019592,3.10364668331449,3.0081498622894287,3.0081498622894287,81300.0
1999-08-25,3.0081498622894287,3.0558982728019592,2.960401451776898,3.0081498622894287,56100.0
1999-08-26,3.0558983435997598,3.1513951668372524,3.0081499319810137,3.103646755218506,53600.0
1999-08-27,3.0797725354923924,3.246891975402832,3.0797725354923924,3.246891975402832,48100.0
1999-08-30,3.2468913348753063,3.2707655358670364,3.1513945309083855,3.1991429328918457,43200.0
1999-08-31,3.2468923624011055,3.342389196589373,3.1991439453069717,3.2946407794952393,91600.0
1999-09-01,3.2468919900747446,3.2468919900747446,3.103646755218506,3.103646755218506,60700.0
1999-09-02,3.1513945309083855,3.1991429328918457,3.103646128924925,3.1991429328918457,30900.0
1999-09-03,3.151394844055176,3.1991432507832847,3.0558980305989585,3.0797722339630127,33400.0
1999-09-07,3.103646128924925,3.1991429328918457,3.103646128924925,3.1991429328918457,64900.0
1999-09-08,3.1991435784559985,3.1991435784559985,3.103646755218506,3.103646755218506,43700.0
1999-09-09,3.0797725354923924,3.246891975402832,3.0797725354923924,3.246891975402832,58000.0
1999-09-10,3.2230177842653718,3.2230177842653718,3.103646755218506,3.103646755218506,61800.0
1999-09-13,3.1394580639325658,3.1752693726466252,3.103646755218506,3.103646755218506,108100.0
1999-09-14,3.127520799636841,3.1513950042142214,3.1036465950594607,3.127520799636841,67700.0
1999-09-15,3.151395007967949,3.151395007967949,3.008149780333042,3.0558981895446777,146300.0
1999-09-16,3.0081498622894287,3.0558982728019592,2.960401451776898,3.0081498622894287,42700.0
1999-09-17,2.960401621021208,3.0081500342634855,2.864904794536653,2.9126532077789307,126400.0
1999-09-20,2.9126525680224105,2.960400970776876,2.8649041652679443,2.8649041652679443,40900.0
1999-09-21,3.008150150901393,3.2468922263697575,2.96040173580772,3.175269603729248,237400.0
1999-09-22,3.1752687319001156,3.2468913348753063,3.1513945309083855,3.1991429328918457,220200.0
1999-09-23,3.103646672133243,3.199143492814266,3.0917095695481156,3.151395082473755,106000.0
1999-09-24,3.2946404645042695,3.2946404645042695,3.2468920519752222,3.270766258239746,111900.0
1999-09-27,3.724377053124564,4.010867595672607,3.581131781850542,4.010867595672607,473200.0
1999-09-28,4.774840205323462,5.0135822155896355,4.536098195057289,4.870337009429932,1191100.0
1999-09-29,4.679344864301784,4.774841698267126,4.345105945423085,4.440602779388428,470500.0
1999-09-30,4.5838470458984375,4.750966469446818,4.488350232442221,4.5838470458984375,284500.0
1999-10-01,4.774841436972984,4.965835094451904,4.774841436972984,4.965835094451904,126700.0
1999-10-04,5.252325905693902,5.395571157667372,5.156829071044922,5.371696949005127,371000.0
1999-10-05,5.53881469525789,5.693997003530201,5.3000726825312565,5.443317890167236,569900.0
1999-10-06,5.347821085076583,5.443317890167236,5.156827474895277,5.443317890167236,258900.0
1999-10-07,5.300072831766946,5.347821235656738,5.204576023987361,5.347821235656738,168600.0
1999-10-08,5.300072986429388,5.395569796995683,5.25232458114624,5.25232458114624,224000.0
1999-10-11,5.06133095571928,5.1568277662045485,4.989708347855327,5.109079360961914,297000.0
1999-10-12,5.156827770579945,5.395569796995683,5.156827770579945,5.25232458114624,250700.0
1999-10-13,5.443319296225524,5.6343129557422085,5.3955708813463525,5.586564540863037,472800.0
1999-10-14,5.682060228694569,5.682060228694569,5.25232458114624,5.25232458114624,289000.0
1999-10-15,5.347822341243777,5.538815996288198,5.252325513721567,5.395570755004883,185000.0
1999-10-18,5.395570755004883,5.4910675825270925,5.347822341243777,5.395570755004883,211400.0
1999-10-19,5.252325381707708,5.3000737942686875,5.085205937744281,5.2045769691467285,182300.0
1999-10-20,5.252325381707708,5.347822206829666,5.180702762866239,5.2045769691467285,77600.0
1999-10-21,5.180702762866239,5.2045769691467285,4.965834906341833,5.2045769691467285,114900.0
1999-10-22,5.0135817527771,5.1090785480680925,4.965833355131604,5.0135817527771,89400.0
1999-10-25,4.965834960937499,5.347822265625,4.58384765625,4.77484130859375,235800.0
1999-10-26,4.679344522192124,4.72709293568388,4.345105627749829,4.488350868225098,304100.0
1999-10-27,4.631595452626547,4.774840672810873,4.488350232442221,4.727092266082764,99700.0
1999-10-28,4.9658339878298206,5.061330795288086,4.918085584100687,5.061330795288086,222100.0
1999-10-29,5.06133095571928,5.109079360961914,5.013582550476645,5.109079360961914,85100.0
1999-11-01,4.965833712350293,4.965833712350293,4.631594904788255,4.703217506408691,117100.0
1999-11-02,4.679343859354655,4.774840672810873,4.679343859354655,4.727092266082764,267900.0
1999-11-03,4.77484130859375,4.77484130859375,4.679344482421874,4.77484130859375,29900.0
1999-11-04,4.774840510621363,4.87033732083379,4.6793437004089355,4.6793437004089355,67500.0
1999-11-05,4.774840510621363,4.774840510621363,4.631595295302722,4.6793437004089355,59200.0
1999-11-08,4.727092105515149,4.727092105515149,4.583846890196508,4.6793437004089355,43800.0
1999-11-09,4.727091642889646,4.870336844189333,4.631594842023189,4.8225884437561035,88500.0
1999-11-10,4.774840524263471,5.1568277662045485,4.679343713778202,5.109079360961914,226400.0
1999-11-11,4.965833813536401,5.109079019696106,4.774840205323462,4.870337009429932,139200.0
1999-11-12,4.77484130859375,4.870338134765625,4.727092895507812,4.77484130859375,111100.0
1999-11-15,4.679344556817961,4.798715591430664,4.679344556817961,4.798715591430664,70300.0
1999-11-16,4.822588915727576,4.822588915727576,4.6793437004089355,4.6793437004089355,142600.0
1999-11-17,4.79871471317447,4.822588915727576,4.6793437004089355,4.6793437004089355,129500.0
1999-11-18,4.679344556817961,4.798715591430664,4.63159614297288,4.798715591430664,54500.0
1999-11-19,4.750966004296846,4.918085411483166,4.727091803270228,4.870337009429932,59400.0
1999-11-22,4.87033858808499,4.96583542314548,4.774841753024499,4.918087005615234,95500.0
1999-11-23,4.965834149447354,5.25232458114624,4.965834149447354,5.25232458114624,120400.0
1999-11-24,5.228451697031657,5.443319574991862,5.109080653720432,5.371696949005127,287600.0
1999-11-26,5.395569805441232,5.610437629551723,5.347821400083345,5.538815021514893,170700.0
1999-11-29,5.25232474009196,5.491066773732504,5.013582706451416,5.156827926635742,321200.0
1999-11-30,4.965835318181187,5.061332151223133,4.965835318181187,5.0374579429626465,60500.0
1999-12-01,4.989709301636769,5.061331923191363,4.918086680082174,4.965835094451904,76900.0
1999-12-02,4.965833813536401,5.0135822155896355,4.870337009429932,4.870337009429932,133700.0
1999-12-03,4.918086547851562,4.965834960937499,4.77484130859375,4.77484130859375,115500.0
1999-12-06,4.798714308569274,4.82258850910942,4.679343305868546,4.703217506408691,151300.0
1999-12-07,4.774840372913289,5.061330795288086,4.727091969184156,5.061330795288086,246300.0
1999-12-08,5.061330150422596,5.061330150422596,4.918084957486108,5.0135817527771,91800.0
1999-12-09,4.965833813536401,4.965833813536401,4.870337009429932,4.870337009429932,66900.0
1999-12-10,4.87033748626709,4.87033748626709,4.727092266082764,4.727092266082764,93400.0
1999-12-13,4.6793440199389895,4.703218224122352,4.583847203205541,4.631595611572266,115100.0
1999-12-14,4.559973821845106,4.5838480303364415,4.392854362405757,4.440602779388428,123400.0
1999-12-15,4.392854403955331,4.631596491126817,4.392854403955331,4.607722282409668,148800.0
1999-12-16,4.488350868225098,4.631596108700367,4.488350868225098,4.488350868225098,101200.0
1999-12-17,4.559972687643402,4.727092105515149,4.536098485090295,4.6793437004089355,168000.0
1999-12-20,4.679343242456417,4.8225884437561035,4.679343242456417,4.8225884437561035,96900.0
1999-12-21,4.870338265712444,4.965835094451904,4.727093022603255,4.965835094451904,89300.0
1999-12-22,4.918085411483166,4.918085411483166,4.870337009429932,4.870337009429932,81600.0
1999-12-23,4.894212472897309,4.965835094451904,4.870338265712444,4.965835094451904,43200.0
1999-12-27,4.870337009429932,4.965833813536401,4.822588607376697,4.870337009429932,133000.0
1999-12-28,4.918087005615234,4.96583542314548,4.87033858808499,4.918087005615234,176500.0
1999-12-29,4.989709301636769,5.013583508821634,4.870338265712444,4.965835094451904,91900.0
1999-12-30,4.918086547851562,4.965834960937499,4.77484130859375,4.77484130859375,93900.0
1999-12-31,4.7748413845081235,4.918086626043367,4.727092970663042,4.798715591430664,39100.0
2000-01-03,4.798715515136719,4.870338134765625,4.727092895507812,4.77484130859375,50900.0
2000-01-04,4.774840672810873,4.822589079538981,4.679343859354655,4.727092266082764,121800.0
2000-01-05,4.679343859354655,4.727092266082764,4.679343859354655,4.727092266082764,47600.0
2000-01-06,4.6793440199389895,4.6793440199389895,4.440601978105368,4.631595611572266,64200.0
2000-01-07,4.87033748626709,4.87033748626709,4.727092266082764,4.727092266082764,27200.0
2000-01-10,4.87033748626709,4.87033748626709,4.727092266082764,4.727092266082764,46100.0
2000-01-11,4.727091642889646,4.8225884437561035,4.679343242456417,4.8225884437561035,27900.0
2000-01-12,4.727092895507812,4.822589721679687,4.631596069335937,4.77484130859375,34500.0
2000-01-13,4.727092428305714,4.727092428305714,4.631595611572266,4.631595611572266,33500.0
2000-01-14,4.6793437004089355,4.727092105515149,4.6793437004089355,4.6793437004089355,58300.0
2000-01-18,4.6793437004089355,4.727092105515149,4.583846890196508,4.6793437004089355,151400.0
2000-01-19,4.679344482421874,4.870338134765625,4.679344482421874,4.77484130859375,66400.0
2000-01-20,4.727092105515149,4.750966308068256,4.607721092749615,4.6793437004089355,167000.0
2000-01-21,4.607722282409668,4.679344908561114,4.607722282409668,4.607722282409668,66300.0
2000-01-24,4.631595452626547,4.631595452626547,4.464476029078166,4.5838470458984375,171100.0
2000-01-25,4.440601825714111,4.631595452626547,4.440601825714111,4.5838470458984375,75200.0
2000-01-26,4.488349904070844,4.5360983073056405,4.297356291131659,4.345104694366455,135800.0
2000-01-27,4.392853736877441,4.392853736877441,4.29735691651054,4.392853736877441,88800.0
2000-01-28,4.3451056221881545,4.392854035618794,3.819873074451125,3.963118314743042,289400.0
2000-01-31,4.201859141505042,4.39285273884618,4.106362342834473,4.106362342834473,164700.0
2000-02-01,4.154110990251814,4.297356196812221,4.154110990251814,4.177985191345215,72000.0
2000-02-02,4.392853097601251,4.392853097601251,4.201859484662067,4.345104694366455,126000.0
2000-02-03,4.368979062532124,4.536098480224609,4.345104860004626,4.536098480224609,74600.0
2000-02-04,4.727092843536937,5.347822206829666,4.6793444309759575,5.2045769691467285,682900.0
2000-02-07,5.395569621392016,5.395569621392016,4.9658339878298206,5.061330795288086,655400.0
2000-02-08,4.918085411483166,4.941959612509784,4.679343401216993,4.870337009429932,135200.0
2000-02-09,5.0932884572822354,5.333537912814417,5.0932884572822354,5.141338348388672,335100.0
2000-02-10,5.3335400291111155,5.549764624885891,5.165365343508513,5.525739669799805,392700.0
2000-02-11,5.573789077892638,5.573789077892638,5.2854896428292255,5.477689266204834,216700.0
2000-02-14,5.3815889100770695,5.453663761551316,5.333539009094238,5.333539009094238,231900.0
2000-02-15,5.3695764348313615,5.4296388110599,5.285489108111407,5.333539009094238,95100.0
2000-02-16,5.285489108111407,5.4296388110599,5.285489108111407,5.333539009094238,141400.0
2000-02-17,5.477688252925873,5.669887840747833,5.381588459014893,5.381588459014893,158900.0
2000-02-18,5.4296389838396495,5.669888496398926,5.4296389838396495,5.669888496398926,124600.0
2000-02-22,5.573789129953016,5.669888942538413,5.381589504782223,5.597814083099365,285600.0
2000-02-23,5.573788046836853,5.573788046836853,5.3335385620594025,5.381588459014893,190800.0
2000-02-24,5.333538929621378,5.3575638797548075,5.189389228820801,5.189389228820801,57900.0
2000-02-25,5.1173140905341326,5.1173140905341326,4.708889961242676,4.708889961242676,142700.0
2000-02-28,4.708890462162519,4.90109007286303,4.612790656812264,4.7569403648376465,128400.0
2000-02-29,4.8530402417276415,4.901090145111084,4.829015290035921,4.901090145111084,34700.0
2000-03-01,4.949139181772868,5.093288866678874,4.901089286804199,5.045238971710205,137600.0
2000-03-02,4.997189479920922,5.093289277611709,4.853039783384742,4.925114631652832,87600.0
2000-03-03,4.901090145111084,4.973165000186246,4.8049903383442,4.901090145111084,110100.0
2000-03-06,4.756939858806376,4.901089551497479,4.708889961242676,4.708889961242676,134000.0
2000-03-07,4.756940915746596,4.997190456945919,4.756940915746596,4.949140548706055,191800.0
2000-03-08,4.997188945808033,4.997188945808033,4.853039264678955,4.853039264678955,89000.0
2000-03-09,4.997189998626709,4.997189998626709,4.804990383294912,4.997189998626709,59100.0
2000-03-10,4.997189998626709,5.045239902459658,4.853040287127862,4.997189998626709,252100.0
2000-03-13,5.189389367460679,5.765988186067421,5.141339465910117,5.4536638259887695,900800.0
2000-03-14,5.429638355970383,5.429638355970383,5.285488665103912,5.381588459014893,299000.0
2000-03-15,5.381589454517029,5.477689266204834,5.333539548673127,5.477689266204834,316000.0
2000-03-16,5.3815889100770695,5.4296388110599,5.237439207128577,5.333539009094238,247700.0
2000-03-17,5.285488590257898,5.309513538395433,5.141338901432682,5.261463642120361,332300.0
2000-03-20,5.261464131962169,5.285489082336426,5.093289479342373,5.285489082336426,205500.0
2000-03-21,5.309513613581657,5.429638355970383,5.237438768148422,5.381588459014893,314800.0
2000-03-22,5.333539009094238,5.333539009094238,5.237439207128577,5.333539009094238,167300.0
2000-03-23,5.2614630761547625,5.2614630761547625,5.045238566175799,5.141338348388672,176500.0
2000-03-24,5.093288898468018,5.117313846102301,4.997189107930885,5.093288898468018,79600.0
2000-03-27,4.804989756370078,4.94913944906118,4.564740268551573,4.708889961242676,266600.0
2000-03-28,4.708889931747594,4.756939829010324,4.564740239959402,4.660840034484863,193900.0
2000-03-29,4.612790978473166,4.660840884498928,4.228391730267068,4.420591354370117,435100.0
2000-03-30,4.42059184658912,4.58876653640501,4.324492023837182,4.468641757965088,93000.0
2000-03-31,4.420590575860471,4.708889961242676,4.420590575860471,4.708889961242676,150900.0
2000-04-03,4.612789577907986,4.660839469344528,4.42059001216182,4.540714740753174,224000.0
2000-04-04,4.612790137222133,4.8530396235357856,4.42059054817121,4.660840034484863,349900.0
2000-04-05,4.564741580717025,4.6127914920929936,4.42059184658912,4.468641757965088,119500.0
2000-04-06,4.420590851333115,4.516690652449053,4.324491050217178,4.3725409507751465,71400.0
2000-04-07,4.372540869496085,4.372540869496085,4.1322913711721245,4.228391170501709,130500.0
2000-04-10,4.324491050217178,4.3725409507751465,4.27644114965921,4.3725409507751465,199200.0
2000-04-11,4.324490969831293,4.348515919663689,4.228391170501709,4.228391170501709,145600.0
2000-04-12,4.228391143097275,4.32449094180403,4.132291344390518,4.1803412437438965,193100.0
2000-04-13,4.252415083175482,4.252415083175482,4.084240475366282,4.132290363311768,90400.0
2000-04-14,4.180341348543272,4.420590851333115,4.036191646869366,4.3725409507751465,257800.0
2000-04-17,4.396565874417623,4.396565874417623,4.204366273350185,4.324491024017334,245700.0
2000-04-18,4.03619150529828,4.180341201916075,3.843991909807886,4.108266353607178,315100.0
2000-04-19,3.9400908115298248,4.132290363311768,3.9400908115298248,4.132290363311768,232500.0
2000-04-20,4.084241821105222,4.13229172488293,3.8920422059943878,3.9881420135498047,89500.0
2000-04-24,3.976129537605378,4.012166965438659,3.9400921097720962,3.9881420135498047,98600.0
2000-04-25,3.8920420478372013,3.940091949662352,3.6517925387114483,3.6758174896240234,342700.0
2000-04-26,3.7478917396231872,3.7478917396231872,3.411542480939055,3.5076422691345215,248800.0
2000-04-27,3.5556929761713203,3.747892596504905,3.531668023629622,3.699842691421509,231700.0
2000-04-28,3.7238670140504837,3.843991756439209,3.5797173231840134,3.843991756439209,198500.0
2000-05-01,3.819967269897461,3.8920421240464695,3.819967269897461,3.819967269897461,102400.0
2000-05-02,3.940091070727767,5.189388239495107,3.892041179621331,5.141338348388672,654100.0
2000-05-03,4.708889654127218,4.708889654127218,4.228390709828522,4.252415657043457,564100.0
2000-05-04,4.300466558551261,4.348516464233398,4.252416652869124,4.348516464233398,508400.0
2000-05-05,4.348515891480719,4.348515891480719,4.036191545683762,4.1803412437438965,214100.0
2000-05-08,4.084240475366282,4.15631530728451,4.036190587420796,4.132290363311768,171500.0
2000-05-09,4.1322917484101795,4.1322917484101795,3.8439923241024925,4.036191940307617,281800.0
2000-05-10,4.15631530728451,4.228390139202739,4.036190587420796,4.132290363311768,93000.0
2000-05-11,4.132291450733092,4.132291450733092,3.9400918483734135,3.940091848373413,17000.0
2000-05-12,3.9641175690819233,4.084242343902588,3.9400926141177903,4.084242343902588,103000.0
2000-05-15,3.916066152078134,3.9641160435146756,3.8680162606415927,3.8920412063598633,385000.0
2000-05-16,4.012166965438659,4.012166965438659,3.8920422059943878,3.9881420135498047,170200.0
2000-05-17,3.8439921843699922,3.8800296110984607,3.747892379760742,3.747892379760742,142400.0
2000-05-18,3.7478924039043955,3.819967257825634,3.7478924039043955,3.7959423065185547,60900.0
2000-05-19,3.8439926348234477,3.8439926348234477,3.6517930030822754,3.6517930030822754,184700.0
2000-05-22,3.7478919625282288,3.940091550350189,3.7478919625282288,3.843991756439209,142400.0
2000-05-23,3.868016704916954,3.916066601872444,3.843991756439209,3.843991756439209,49000.0
2000-05-24,3.8439924066716973,3.8439924066716973,3.699842691421509,3.699842691421509,85700.0
2000-05-25,3.7478915039373906,3.7478915039373906,3.5076420485567885,3.5316669940948486,180200.0
2000-05-26,3.6517927863381123,3.8439924066716973,3.6037428812547163,3.699842691421509,138000.0
2000-05-30,3.747892379760742,3.8439921843699922,3.747892379760742,3.747892379760742,88600.0
2000-05-31,3.843992196830215,3.843992196830215,3.7478923919094593,3.7719173431396484,48100.0
2000-06-01,3.771917390527192,3.9400920512513347,3.747892438995172,3.8680171966552734,95700.0
2000-06-02,3.892041860307966,4.22839115687779,3.8680169105529787,4.204366207122803,349300.0
2000-06-05,4.084241471507332,4.228391170501709,4.072228996591134,4.228391170501709,240200.0
2000-06-06,4.204366273350185,4.420590824551052,4.204366273350185,4.324491024017334,450100.0
2000-06-07,4.228391223483615,4.324491024017334,4.180341323216756,4.324491024017334,100800.0
2000-06-08,4.180342163759119,4.228392073687385,4.036192433974322,4.084242343902588,179000.0
2000-06-09,4.084241760443456,4.180341566571538,3.8680171966552734,3.8680171966552734,172900.0
2000-06-12,4.012166672282748,4.372540924284193,3.964116772015889,4.324491024017334,250600.0
2000-06-13,4.348516291882619,4.348516291882619,3.9881420135498047,3.9881420135498047,453300.0
2000-06-14,4.180341824241307,4.420591354370117,4.132291918215545,4.420591354370117,217000.0
2000-06-15,4.372540924284193,4.372540924284193,4.180341323216756,4.324491024017334,93300.0
2000-06-16,4.324491050217178,4.3725409507751465,4.22839124910124,4.3725409507751465,87300.0
2000-06-19,4.3124788640493374,4.324491339993765,3.9881420135498047,3.9881420135498047,178700.0
2000-06-20,4.036191344261169,4.13229113817215,3.843991756439209,3.843991756439209,184800.0
2000-06-21,4.036191940307617,4.036191940307617,3.8439923241024925,4.036191940307617,173000.0
2000-06-22,4.036191917327513,4.1803416286606385,3.8920422059943878,3.9881420135498047,154800.0
2000-06-23,4.084241809266986,4.084241809266986,3.9400920983516805,3.9641170501708984,55700.0
2000-06-26,4.036191545683762,4.1803412437438965,3.940091746977006,4.1803412437438965,86600.0
2000-06-27,4.180340815398653,4.252415657043457,4.084241026538914,4.252415657043457,291200.0
2000-06-28,4.324491542318593,4.420591354370117,4.180341824241307,4.420591354370117,257500.0
2000-06-29,4.420589690984682,4.420589690984682,4.036190587420796,4.132290363311768,244600.0
2000-06-30,4.132292318879888,4.276442050933838,4.132292318879888,4.276442050933838,379300.0
2000-07-03,4.2764410283524175,4.324490927547388,4.15631628036499,4.15631628036499,105300.0
2000-07-05,4.1322915981977415,4.144304073773897,3.747892379760742,3.747892379760742,371400.0
2000-07-06,3.8920419477834938,4.036191649553253,3.843992047193574,3.940091848373413,197900.0
2000-07-07,3.843992221280464,3.9400920268124757,3.795942318514458,3.819967269897461,104400.0
2000-07-10,3.8920419477834938,4.012166699258293,3.843992047193574,3.940091848373413,187900.0
2000-07-11,3.940091550350189,4.036191344261169,3.843991756439209,3.843991756439209,210600.0
2000-07-12,3.7959423420592127,3.892042148187294,3.747892438995172,3.8680171966552734,167900.0
2000-07-13,3.8680171604397926,3.892042111746872,3.7959423065185542,3.7959423065185547,160700.0
2000-07-14,3.8439922091327134,3.8439922091327134,3.7478924039043955,3.7959423065185547,135700.0
2000-07-17,3.843992047193574,3.9400918483734135,3.843992047193574,3.940091848373413,230400.0
2000-07-18,3.940091550350189,3.940091550350189,3.843991756439209,3.843991756439209,101900.0
2000-07-19,3.7959427268881547,3.8439926348234477,3.6517930030822754,3.6517930030822754,275400.0
2000-07-20,3.699842691421509,3.8439924066716973,3.6517927863381123,3.699842691421509,242500.0
2000-07-21,3.7478924039043955,3.892042111746872,3.7478924039043955,3.7959423065185547,76600.0
2000-07-24,3.892042086674617,3.892042086674617,3.747892379760742,3.747892379760742,67200.0
2000-07-25,3.8439921843699922,3.8439921843699922,3.747892379760742,3.747892379760742,62300.0
2000-07-26,3.8439919731833716,4.228391170501709,3.8199670233509755,4.228391170501709,445600.0
2000-07-27,4.228390139202739,4.228390139202739,4.084240475366282,4.132290363311768,216500.0
2000-07-28,4.120277891325396,4.15631530728451,4.036190587420796,4.132290363311768,52800.0
2000-07-31,3.9881414473056793,4.012166395783424,3.843991756439209,3.843991756439209,63600.0
2000-08-01,3.8920422059943878,3.9881420135498047,3.8439923022166793,3.9881420135498047,44100.0
2000-08-02,3.969324034452438,4.0428300350904465,3.8713160336017607,3.9203200340270996,88500.0
2000-08-03,3.920320182011045,3.969324184286183,3.5282881638099406,3.5527901649475098,624300.0
2000-08-04,3.6262954139709476,3.773307390213013,3.6262954139709476,3.6752994060516357,142300.0
2000-08-07,3.920320326282132,3.920320326282132,3.724304309968025,3.7978103160858154,77300.0
2000-08-08,3.8223123181250784,3.846814320164342,3.724304309968025,3.7978103160858154,49000.0
2000-08-09,3.7243033981323244,3.8223113822937016,3.6262954139709476,3.6752994060516357,77900.0
2000-08-10,3.79781038897812,3.9203204015258013,3.79781038897812,3.8468143939971924,66100.0
2000-08-11,3.969324793134417,4.116336822509766,3.920320783342634,4.116336822509766,191500.0
2000-08-14,4.0673311033914255,4.214343070983887,4.018327114193938,4.214343070983887,287100.0
2000-08-15,4.042830288065651,4.2878503055241755,4.042830288065651,4.238846302032471,103800.0
2000-08-16,4.312351939442394,4.45936393737793,4.238845940474626,4.45936393737793,218500.0
2000-08-17,4.41036044850069,4.459364453484031,4.165340423583984,4.165340423583984,151000.0
2000-08-18,4.1163356386382,4.263347625732422,4.067331642940126,4.263347625732422,104900.0
2000-08-21,4.214344199110822,4.214344199110822,3.9693241875346112,4.0183281898498535,245200.0
2000-08-22,3.9938260346651075,4.018328034877777,3.9203200340270996,3.9203200340270996,108700.0
2000-08-23,3.920319914086465,4.018327911938626,3.920319914086465,3.993825912475586,175100.0
2000-08-24,3.9938261886922324,4.042830191007474,3.9693241875346112,4.0183281898498535,57900.0
2000-08-25,3.9938267980303084,4.116336822509766,3.969324793134417,4.116336822509766,76400.0
2000-08-28,4.018328034877777,4.116336035728454,3.9203200340270996,3.9203200340270996,176900.0
2000-08-29,3.9448222596961333,4.1163362709872695,3.9448222596961333,4.0673322677612305,364000.0
2000-08-30,4.0918344161089735,4.165340423583984,4.018328408633962,4.165340423583984,315400.0
2000-08-31,4.067332812717983,4.287850856781006,4.067332812717983,4.116336822509766,387400.0
2000-09-01,4.11633592688519,4.263347924273947,4.11633592688519,4.226594924926758,638300.0
2000-09-05,4.177590633260793,4.263347625732422,4.1163356386382,4.263347625732422,144300.0
2000-09-06,4.214343070983887,4.214343070983887,4.116335092588912,4.214343070983887,99300.0
2000-09-07,4.214344642379068,4.312352657318115,4.165340634909543,4.312352657318115,210100.0
2000-09-08,4.263347060181373,4.312351049378861,4.0673311033914255,4.214343070983887,270300.0
2000-09-11,4.165340423583984,4.189842426075655,4.1163364186006435,4.165340423583984,93000.0
2000-09-12,4.17759142482982,4.238846431058996,4.140838421092314,4.165340423583984,176700.0
2000-09-13,4.165340832301549,4.165340832301549,4.116336822509766,4.116336822509766,63900.0
2000-09-14,4.1163364186006435,4.165340423583984,4.1163364186006435,4.165340423583984,168800.0
2000-09-15,4.116335589014842,4.140837586568502,4.0183275988002025,4.091833591461182,102400.0
2000-09-18,4.042830191007474,4.067332192165096,3.94482218637699,4.0183281898498535,179500.0
2000-09-19,4.018327630596396,4.018327630596396,3.92031963960624,3.9693236351013184,105400.0
2000-09-20,3.9570729551436026,3.9570729551436026,3.8223119566712196,3.8713159561157227,228700.0
2000-09-21,3.8713159561157227,3.8958179558379737,3.8223119566712196,3.8713159561157227,269400.0
2000-09-22,3.9448220342397686,4.018328034877777,3.8713160336017607,3.9203200340270996,291500.0
2000-09-25,3.9693241211084223,3.9693241211084223,3.822312116622925,3.822312116622925,102700.0
2000-09-26,3.9203203094671975,3.9693243133355374,3.9203203094671975,3.944822311401367,116800.0
2000-09-27,3.969324403650621,4.214344428567325,3.969324403650621,4.165340423583984,175700.0
2000-09-28,4.165339584122162,4.214343579229481,4.091833591461182,4.091833591461182,99000.0
2000-09-29,4.067332192165096,4.067332192165096,4.0183281898498535,4.0183281898498535,110100.0
2000-10-02,4.030578629470166,4.042829628343935,3.969323635101318,3.9693236351013184,77900.0
2000-10-03,3.9693241211084223,3.9693241211084223,3.822312116622925,3.822312116622925,106200.0
2000-10-04,3.846814282528766,3.871316284328312,3.699802271731488,3.773308277130127,129600.0
2000-10-05,3.773308175185631,3.822312177460769,3.4792841615348027,3.5527901649475098,440200.0
2000-10-06,3.7243032650071743,3.7243032650071743,3.5037853085264867,3.6017932891845703,197300.0
2000-10-09,3.5772926493694905,3.724304676055908,3.5772926493694905,3.724304676055908,68000.0
2000-10-10,3.724304676055908,3.748806680503644,3.6262966582649634,3.724304676055908,316400.0
2000-10-11,3.773308577953569,3.773308577953569,3.5282885404241164,3.6507985591888428,254100.0
2000-10-12,3.5650410309433935,3.9203200340270996,3.552790030837059,3.9203200340270996,527700.0
2000-10-13,3.9203206004712405,3.9203206004712405,3.6262965554358972,3.6507985591888428,178100.0
2000-10-16,3.626295801619409,3.650797800279,3.4792838096618652,3.4792838096618652,112000.0
2000-10-17,3.4057778102510112,3.4057778102510112,3.283267817076515,3.3322718143463135,247300.0
2000-10-18,3.307770138437098,3.307770138437098,3.2342641353607178,3.2342641353607178,166800.0
2000-10-19,3.185260057449341,3.246515058554136,3.1362560565655047,3.185260057449341,123900.0
2000-10-20,3.1607580131954616,3.307770013809204,3.1362560130931714,3.307770013809204,192800.0
2000-10-23,3.3322728336721226,3.381276845932007,3.2832688214122383,3.381276845932007,154400.0
2000-10-24,3.283268586369871,3.381276603873449,3.2097625732421875,3.2097625732421875,141500.0
2000-10-25,3.111754307823796,3.111754307823796,2.9892442957047494,3.038248300552368,222800.0
2000-10-26,3.0137456164640537,3.0137456164640537,2.842231638291303,2.9157376289367676,349300.0
2000-10-27,2.8912362153412867,2.989244222640991,2.8912362153412867,2.989244222640991,133900.0
2000-10-30,2.989244222640991,2.989244222640991,2.9402402189911387,2.989244222640991,123200.0
2000-10-31,2.976993221728528,3.0382482262908437,2.9402402189911387,2.989244222640991,103800.0
2000-11-01,3.1730092754208945,3.185260276484296,3.0137462615966797,3.0137462615966797,140300.0
2000-11-02,3.087251901626587,3.087251901626587,2.9647419055302935,3.087251901626587,145600.0
2000-11-03,3.0137462244659172,3.0382482262908437,2.8912362153412867,2.989244222640991,155500.0
2000-11-06,3.038247988141816,3.0627499880461855,2.8422319889068604,2.8422319889068604,248100.0
2000-11-07,2.940239906311035,2.9892439047495523,2.8912359078725176,2.940239906311035,62600.0
2000-11-08,2.940239906311035,2.940239906311035,2.8912359078725176,2.940239906311035,116700.0
2000-11-09,2.891235988715599,2.903486988667784,2.8422319889068604,2.8422319889068604,141500.0
2000-11-10,2.8422319889068604,2.8667339888112298,2.7442239892893823,2.8422319889068604,182900.0
2000-11-13,2.8422319094340005,2.940239906311035,2.744223912556966,2.940239906311035,113400.0
2000-11-14,2.9279889885721535,2.9402399885243384,2.7932279890981215,2.8422319889068604,180500.0
2000-11-15,2.9157383078235695,2.9157383078235695,2.8177302974765586,2.8912363052368164,67800.0
2000-11-16,2.8544829090436297,2.940239906311035,2.8422319094340005,2.940239906311035,138300.0
2000-11-17,2.9769933142904508,2.9892443155838273,2.8912363052368164,2.8912363052368164,124900.0
2000-11-20,2.891235988715599,2.891235988715599,2.7932279890981215,2.8422319889068604,69400.0
2000-11-21,2.7932279890981215,2.8422319889068604,2.7442239892893823,2.8422319889068604,228700.0
2000-11-22,2.842232246709064,3.0137462615966797,2.8177302445822616,3.0137462615966797,205200.0
2000-11-24,3.0137462615966797,3.0137462615966797,2.940240255216273,3.0137462615966797,70100.0
2000-11-27,3.0137461612099097,3.283268175627056,2.98924415989926,3.2587661743164062,456000.0
2000-11-28,3.1362559401144194,3.1362559401144194,3.0382479419858437,3.1117539405822754,375700.0
2000-11-29,3.0872522679770866,3.111754270103889,2.989244259469878,3.0137462615966797,567100.0
2000-11-30,2.9402402189911387,3.0137462244659172,2.9402402189911387,2.989244222640991,224500.0
2000-12-01,3.0504989800974727,3.136255979537964,3.0382479801774025,3.136255979537964,157400.0
2000-12-04,3.2342638230659593,3.503785808321456,3.2342638230659593,3.4792838096618652,293900.0
2000-12-05,3.381276845932007,3.4302808581918907,3.3567748398020645,3.381276845932007,341400.0
2000-12-06,3.381276103166434,3.8958181188656735,3.332272101671268,3.822312116622925,375500.0
2000-12-07,3.773307677136352,3.8223116729433175,3.626295689715455,3.6998016834259033,199900.0
2000-12-08,3.6140448022896137,3.626295801619409,3.4547818110022748,3.4792838096618652,302200.0
2000-12-11,3.4180287256169675,3.4302797246335155,2.719721781673716,3.2832677364349365,258100.0
2000-12-12,3.124005056344546,3.2832680592170127,3.0872520556816685,3.185260057449341,225900.0
2000-12-13,3.185260133309798,3.2342641353607178,3.136256131258878,3.2342641353607178,107600.0
2000-12-14,3.148507131771608,3.2832681374116377,3.136256131258878,3.2342641353607178,89500.0
2000-12-15,3.2832678203851406,3.4792838096618652,3.2832678203851406,3.4792838096618652,125000.0
2000-12-18,3.4792838061557094,3.4792838061557094,3.3322718143463135,3.3322718143463135,221500.0
2000-12-19,3.430280354287889,3.5282883644104004,3.3812763492266336,3.5282883644104004,125900.0
2000-12-20,3.5772925132029765,3.6753005272633317,3.5282885061727987,3.6262965202331543,528400.0
2000-12-21,3.6753005272633317,3.6753005272633317,3.5772925132029765,3.6262965202331543,217200.0
2000-12-22,3.6262954139709476,3.8223113822937016,3.6262954139709476,3.6752994060516357,264100.0
2000-12-26,3.748806238174438,3.748806238174438,3.675300233504351,3.7488062381744385,217100.0
2000-12-27,3.7488065378085986,3.7488065378085986,3.5282885061727987,3.6262965202331543,187500.0
2000-12-28,3.663049378328853,3.6753003795941668,3.5282883644104004,3.5282883644104004,175900.0
2000-12-29,3.577291421890259,3.7243033981323244,3.5282874298095708,3.6752994060516357,201700.0
2001-01-02,3.7243041729104926,3.7243041729104926,3.5282881638099406,3.5527901649475098,186100.0
2001-01-03,3.5650413682063418,3.6753003795941668,3.5282883644104004,3.5282883644104004,379500.0
2001-01-04,3.6262965202331543,3.6753005272633317,3.5282885061727987,3.6262965202331543,137300.0
2001-01-05,3.6753003795941668,3.6753003795941668,3.5282883644104004,3.5282883644104004,59700.0
2001-01-08,3.5772926493694905,3.7733086849513806,3.5772926493694905,3.724304676055908,144800.0
2001-01-09,3.7120532358393947,3.748806238174438,3.675300233504351,3.7488062381744385,53300.0
2001-01-10,3.6753003795941668,3.6753003795941668,3.5282883644104004,3.5282883644104004,173200.0
2001-01-11,3.565040517360606,3.565040517360606,3.430279535604707,3.4547815322875977,91200.0
2001-01-12,3.442531355553203,3.5282883644104004,3.442531355553203,3.5282883644104004,81900.0
2001-01-16,3.6262965202331543,3.6262965202331543,3.5282885061727987,3.6262965202331543,179300.0
2001-01-17,3.577292547930007,3.699802566694733,3.577292547930007,3.6507985591888428,75100.0
2001-01-18,3.7243033981323244,3.7243033981323244,3.577291421890259,3.6752994060516357,350700.0
2001-01-19,3.724304676055908,3.724304676055908,3.675300667160436,3.724304676055908,121100.0
2001-01-22,3.748806032538414,3.9203200340270996,3.7243040323257444,3.9203200340270996,405500.0
2001-01-23,3.920320185219369,4.0183281898498535,3.7978101794312638,4.0183281898498535,470700.0
2001-01-24,3.8713167027423254,3.895818707190062,3.724304676055908,3.724304676055908,213900.0
2001-01-25,3.7243041136325936,3.8713161181180906,3.7243041136325936,3.822312116622925,107000.0
2001-01-26,3.822312693846853,3.822312693846853,3.724304676055908,3.724304676055908,114300.0
2001-01-29,3.7488053941726687,3.8223113822937016,3.6262954139709476,3.6752994060516357,149000.0
2001-01-30,3.6753002699319417,3.773308277130127,3.626296266332849,3.773308277130127,159900.0
2001-01-31,3.7243033981323244,3.7243033981323244,3.6140444159507754,3.6752994060516357,143600.0
2001-02-01,3.7243042735310343,3.8223122807292196,3.6753002699319417,3.773308277130127,233900.0
2001-02-02,3.650798377063539,3.6753003795941668,3.5282883644104004,3.5282883644104004,232500.0
2001-02-05,3.4792835026571196,3.577291488647461,3.4302795096619487,3.577291488647461,137700.0
2001-02-06,3.5282874956522905,3.577291488647461,3.4302795096619487,3.577291488647461,143700.0
2001-02-07,3.5282878069810466,3.552789805640637,3.4302798123426843,3.4792838096618652,52100.0
2001-02-08,3.5282880636361926,3.5282880636361926,3.185260057449341,3.185260057449341,383300.0
2001-02-09,3.2342641353607178,3.3812761415134776,3.209762134335258,3.2342641353607178,212300.0
2001-02-12,3.234263740368743,3.4302797246335155,3.234263740368743,3.2832677364349365,162700.0
2001-02-13,3.356773730534226,3.4302797246335155,3.2832677364349365,3.2832677364349365,118200.0
2001-02-14,3.284462620028489,3.4835209606362763,3.284462620028489,3.4586386680603027,60100.0
2001-02-15,3.309345133602619,3.3591097220778465,3.085404485464096,3.184933662414551,210000.0
2001-02-16,3.2222563019940553,3.533284902572632,3.1351682938320535,3.533284902572632,473200.0
2001-02-20,3.4461973454013015,3.483520782355106,3.2844624519348145,3.2844624519348145,209500.0
2001-02-21,3.4586393643116606,3.5084039594816123,3.3839924715567324,3.4337570667266846,154200.0
2001-02-22,3.3839924715567324,3.7323446377463965,3.359110173971757,3.4337570667266846,227900.0
2001-02-23,3.5830503630158086,3.782108716516687,3.558168068828199,3.7074618339538574,342300.0
2001-02-26,3.8816371614282783,4.3792829513549805,3.782108003442938,4.3792829513549805,739600.0
2001-02-27,4.404165768891238,4.503694938809684,4.279754306493181,4.42904806137085,707100.0
2001-02-28,4.130460262298584,4.379283169665968,4.03093109935163,4.130460262298584,349100.0
2001-03-01,3.981166938682655,4.030931525416189,3.7821085917485227,3.8318731784820557,675000.0
2001-03-02,3.7821091832341374,3.7821091832341374,3.583050805169183,3.68257999420166,191900.0
2001-03-05,3.78210809495714,3.8816372553507485,3.7323435147603354,3.806990385055542,181700.0
2001-03-06,3.8069914804922567,3.831873777750376,3.68257999420166,3.68257999420166,191500.0
2001-03-07,3.7323435147603354,3.8318726751539445,3.682578934563531,3.806990385055542,148600.0
2001-03-08,4.055813902900333,4.229989960080101,3.98116702125186,4.180225372314453,347500.0
2001-03-09,4.329518118304407,4.4041649824131035,4.130459814014549,4.155342102050781,698600.0
2001-03-12,4.304636598972792,4.42904806137085,4.229989721533958,4.42904806137085,638700.0
2001-03-13,4.205107596426299,4.32951906377619,4.055813835606431,4.105578422546387,352100.0
2001-03-14,4.1055780574679375,4.1055780574679375,3.906519727408886,3.9811666011810303,269400.0
2001-03-15,3.9811676426937703,3.9811676426937703,3.7572269627922457,3.782109260559082,325400.0
2001-03-16,3.782107901899782,3.782107901899782,3.583049591273477,3.6328141689300537,226900.0
2001-03-19,3.5332851139366204,3.757225719749505,3.4337559557975608,3.5084028244018555,713900.0
2001-03-20,3.4959615803744692,3.732343324243206,3.483520435960325,3.6328141689300537,297200.0
2001-03-21,3.6203730245159096,3.8069901907280697,3.6079318801017655,3.6328141689300537,230200.0
2001-03-22,3.657697696943541,3.757226885976018,3.6328153996854216,3.68257999420166,269700.0
2001-03-23,3.981165732106855,4.030930303758191,3.8567543029785156,3.8567543029785156,355800.0
2001-03-26,3.8567558174613135,3.9562849998474117,3.8567558174613135,3.956284999847412,96400.0
2001-03-27,3.956283963643587,3.956283963643587,3.8816370964050293,3.8816370964050293,50000.0
2001-03-28,3.8567554718488224,3.881637765215589,3.707461711648223,3.8318731784820557,128800.0
2001-03-29,3.7821075312296553,3.7945486744244894,3.68257838567098,3.7323429584503174,61500.0
2001-03-30,3.719902858331606,3.8318731784820557,3.6576971249146895,3.8318731784820557,118900.0
2001-04-02,3.794549046313926,3.831872479556358,3.6328141689300537,3.6328141689300537,69600.0
2001-04-03,3.7821085917485227,3.8567554718488224,3.6079325381811564,3.8318731784820557,258100.0
2001-04-04,3.8816370122572956,4.229989051818848,3.844313579447129,4.229989051818848,422300.0
2001-04-05,4.1055780574679375,4.180224931240082,3.9811666011810303,3.9811666011810303,230500.0
2001-04-06,3.931401252746582,3.9811658255661593,3.8567543935172166,3.931401252746582,418100.0
2001-04-09,3.981165926410122,4.005053089024953,3.5830493337691096,3.8219194412231445,190300.0
2001-04-10,3.9413540948276244,3.9413540948276244,3.8219194213938406,3.9015426635742188,153700.0
2001-04-11,3.8298815557750947,3.9015426635742188,3.8219194213938406,3.9015426635742188,131100.0
2001-04-12,3.845806875993094,3.9811666011810303,3.7582211044584937,3.9811666011810303,403900.0
2001-04-16,3.9732031747279337,4.100600734933079,3.925429232028584,4.02097749710083,161200.0
2001-04-17,3.965241277891424,3.965241277891424,3.8219194412231445,3.8219194412231445,124500.0
2001-04-18,3.67859825590175,3.8776566080134076,3.5830503380098366,3.869694471359253,343400.0
2001-04-19,3.774145978756897,3.8219203149076924,3.68656058171897,3.7900710105895996,278700.0
2001-04-20,3.7900703695952034,3.7980325044913053,3.702484607696533,3.702484607696533,202700.0
2001-04-23,3.6626732702668505,3.702485088942846,3.583050012588501,3.583050012588501,172400.0
2001-04-24,3.614898630806505,3.8219194412231445,3.5989739822878075,3.8219194412231445,521200.0
2001-04-25,3.8458061136416077,3.9333918678141444,3.6626724711027903,3.6706349849700928,397400.0
2001-04-26,3.734334465493246,3.95727959137943,3.734334465493246,3.949317455291748,578100.0
2001-04-27,3.981167832230397,3.981167832230397,3.80599661466871,3.8617327213287354,343800.0
2001-04-30,3.8298819826816057,3.9413545341596774,3.8298819826816057,3.8856184482574463,306600.0
2001-05-01,3.9015431523304005,3.997091054916382,3.8696938514684063,3.997091054916382,406700.0
2001-05-02,3.885618015138143,3.9254294463915484,3.8219194213938406,3.9015426635742188,231000.0
2001-05-03,3.8935804012860773,3.901542915855771,3.702484607696533,3.702484607696533,258300.0
2001-05-04,3.798033968516084,3.82192114175934,3.6945235172515365,3.774146795272827,185500.0
2001-05-07,3.758220134478487,3.8537683967982095,3.758220134478487,3.8458058834075928,173600.0
2001-05-08,3.805994455475116,3.8617305305152905,3.7821072949768015,3.8458058834075928,129000.0
2001-05-09,3.9652415690366047,4.156337365292057,3.9174676199727414,4.132450580596924,1158000.0
2001-05-10,4.124488240684259,4.196149357153368,4.068752154251496,4.172262191772461,1229200.0
2001-05-11,4.188187288495511,4.419094912268605,4.148375472117963,4.251885890960693,644300.0
2001-05-14,4.212074133468064,4.379283157113562,4.188187347046492,4.339471340179443,384500.0
2001-05-15,4.299658954638213,4.379282191272088,4.212073204504179,4.3633575439453125,254400.0
2001-05-16,4.419095123914674,4.705738848736371,4.419095123914674,4.665927410125732,829400.0
2001-05-17,4.849062402622692,5.000346821486356,4.81721309124863,4.90479850769043,1079500.0
2001-05-18,4.578340804286508,5.151628529245144,4.482792913405664,5.016269207000732,1516100.0
2001-05-21,5.095893740363316,5.17551700293528,4.968496140574509,5.143667697906494,1045800.0
2001-05-22,4.952572271492714,4.960534788846309,4.7614764110911185,4.920722961425781,379700.0
2001-05-23,4.769437370320373,4.801287052191491,4.554454390650523,4.634078025817871,537500.0
2001-05-24,4.745550506082404,4.825173760277017,4.291697387662675,4.339471340179443,738700.0
2001-05-25,4.474829928961279,4.713700010728356,4.419093854976216,4.697775363922119,204900.0
2001-05-29,4.610189767347096,4.618152280847254,4.33947038311838,4.3633575439453125,538500.0
2001-05-30,4.331508409790208,4.379282353540735,4.0209775855750065,4.052826881408691,487400.0
2001-05-31,4.0130171445143406,4.116527599274031,3.853770583094625,3.8617327213287354,939300.0
2001-06-01,3.9095048435946884,4.0926384925842285,3.901542709120485,4.0926384925842285,444000.0
2001-06-04,4.204112541498381,4.243923983906695,4.0209788433338485,4.180225372314453,414500.0
2001-06-05,4.275772888077164,4.427057266235352,4.2200367980061095,4.427057266235352,377100.0
2001-06-06,4.339471574281079,4.427057348456959,4.220036876382824,4.243923664093018,362700.0
2001-06-07,4.283735107864048,4.379283009680873,4.220036506652832,4.220036506652832,102200.0
2001-06-08,4.355396180737136,4.610190984932249,4.315584741742477,4.562417030334473,426400.0
2001-06-11,4.498719009709377,4.538530453885469,4.3235474403787615,4.355396747589111,218800.0
2001-06-12,4.49871851371645,4.602228940574697,4.450944558168102,4.570379257202148,322200.0
2001-06-13,4.514643807717546,4.602229595184326,4.458907328479831,4.602229595184326,235000.0
2001-06-14,4.562416793723823,4.809249069514897,4.498718190896917,4.681851863861084,424900.0
2001-06-15,4.538529310938947,4.626115073547365,4.482793227193805,4.506680011749268,581400.0
2001-06-18,4.570379907281558,4.6181542492988585,4.299660787334505,4.602229595184326,631000.0
2001-06-19,4.586304941069794,4.697777519871521,4.458907328479831,4.602229595184326,1532800.0
2001-06-20,4.458907505987111,4.522606124981056,4.299660958502246,4.315585613250732,674600.0
2001-06-21,4.2996608976472865,4.3553969986412735,4.251886934077993,4.2598490715026855,295500.0
2001-06-22,4.33947165639831,4.411132780232245,4.164300484405375,4.275773048400879,855100.0
2001-06-25,4.442982264460382,4.5544548329777665,4.419095475329205,4.498718738555908,917000.0
2001-06-26,4.602228397622255,4.777399547300211,4.498717982975753,4.753512382507324,567700.0
2001-06-27,4.777399969778615,4.785362485304925,4.657964894599422,4.665927410125732,850600.0
2001-06-28,4.689814335909844,4.713701503520843,4.50668064980435,4.570379257202148,511300.0
2001-06-29,4.602227797716239,4.689813171301553,4.530566692352295,4.530566692352295,228600.0
2001-07-02,4.57834164439354,4.586304159931484,4.419095130371046,4.427057266235352,383900.0
2001-07-03,4.387246408956925,4.442982506414031,4.379283892363802,4.403171062469482,101600.0
2001-07-05,4.180225372314453,4.251886500192562,4.06875280202803,4.180225372314453,519500.0
2001-07-06,4.076714938640223,4.204112541498381,4.076714938640223,4.180225372314453,331500.0
2001-07-09,4.172261512792632,4.259847265371065,4.156336865021422,4.235960483551025,175700.0
2001-07-10,4.283735553880209,4.331509509762775,4.235961597997644,4.2996602058410645,241800.0
2001-07-11,4.31558530341302,4.4509450488938525,4.251886688992319,4.355396747589111,586700.0
2001-07-12,4.2279976889650195,4.331508082438522,4.060788708638138,4.19614839553833,391300.0
2001-07-13,4.180225372314453,4.220037194396442,4.1404135502324655,4.180225372314453,265800.0
2001-07-16,4.172262191772461,4.212074007516103,4.1643000564279005,4.172262191772461,489400.0
2001-07-17,4.156336865021422,4.235960483551025,4.156336865021422,4.235960483551025,621800.0
2001-07-18,4.227999227154349,4.387246131896973,4.227999227154349,4.387246131896973,548200.0
2001-07-19,4.403171404204267,4.411133541741651,4.283736303753759,4.315585613250732,458600.0
2001-07-20,4.3076227617204506,4.458907159926588,4.3076227617204506,4.403171062469482,305000.0
2001-07-23,4.395207237109807,4.419094400102576,4.299659344485884,4.307621479034424,385800.0
2001-07-24,4.323546689340521,4.466868926564448,4.315584553757872,4.339471340179443,356900.0
2001-07-25,4.347434922747706,4.411133541741651,4.315585613250732,4.315585613250732,1039000.0
2001-07-26,4.2996590746358665,4.339470504227117,4.235960483551025,4.235960483551025,230300.0
2001-07-27,4.204112304240596,4.275773048400879,4.084677224408587,4.275773048400879,238100.0
2001-07-30,4.1563375414097266,4.220036522534277,4.140412891046992,4.172262191772461,132500.0
2001-07-31,4.0130163026131385,4.08467743005491,3.7502593415582033,4.044865608215332,1494000.0
2001-08-01,3.917468606916081,3.941355397629107,3.750259553230124,3.813958168029785,632600.0
2001-08-02,3.9174686092095783,4.140413761138916,3.8298828239719205,4.140413761138916,452800.0
2001-08-03,4.0369038581848145,4.076715304162664,3.949318069555614,4.0369038581848145,137400.0
2001-08-06,4.013016380089031,4.076714992523193,3.9413552512637584,4.076714992523193,200900.0
2001-08-07,3.9413545341596774,3.9413545341596774,3.861731283103912,3.8856184482574463,342800.0
2001-08-08,3.8856185422978005,4.036902912801968,3.877656027162709,4.0130157470703125,274600.0
2001-08-09,4.084677636301136,4.395208571438895,4.076715119661704,4.355396747589111,665700.0
2001-08-10,4.220036761286466,4.29966001760489,4.076714520239667,4.2916975021362305,868000.0
2001-08-13,4.220036100632615,4.331508642027192,4.1802242888691925,4.307621479034424,480400.0
2001-08-14,4.1324509894993815,4.29966001760489,4.108563822767037,4.2916975021362305,250300.0
2001-08-15,4.279562342085297,4.287652437216403,4.1582136154174805,4.1582136154174805,350700.0
2001-08-16,4.15012429350046,4.247203129595243,4.0854050694372726,4.198663711547852,255800.0
2001-08-17,4.174394361006084,4.360462347642398,4.142034744700383,4.1905741691589355,909200.0
2001-08-20,4.190573615661451,4.198663711547852,4.044955361519278,4.198663711547852,382400.0
2001-08-21,4.117764002755024,4.125853711551027,4.0125950881083945,4.085404396057129,260600.0
2001-08-22,4.0854051946995575,4.109674711588877,4.004505776383118,4.061135292053223,167200.0
2001-08-23,4.012596086328364,4.10967493057251,3.9964162789543405,4.10967493057251,183400.0
2001-08-24,4.0206851434482935,4.0206851434482935,3.826527486526424,3.947876214981079,228900.0
2001-08-27,3.891248018252219,3.9316977366355497,3.8427085876464844,3.8427085876464844,136000.0
2001-08-28,3.7941679001456414,3.875066924355756,3.7456284856195725,3.8669772148132324,309900.0
2001-08-29,3.883157282652534,4.004505634307861,3.883157282652534,4.004505634307861,121400.0
2001-08-30,3.9640560962170497,3.980235901272753,3.8912467805878954,3.939786195755005,133400.0
2001-08-31,3.9074276852719,3.9155177829549572,3.7618093987906747,3.8022587299346924,140500.0
2001-09-04,3.810347923657017,3.8427075351981252,3.648549865951474,3.656639575958252,348900.0
2001-09-05,3.802258061805441,3.8184378685713654,3.6485500904076695,3.6889994144439697,292100.0
2001-09-06,3.753717665958744,3.8427067729225732,3.6809087473128126,3.721358060836792,141900.0
2001-09-07,3.84270731467171,3.988325558249916,3.834617219372211,3.8669772148132324,142700.0
2001-09-10,3.8750667868421402,3.883156881854548,3.7294485484314555,3.761808156967163,178100.0
2001-09-17,4.287652849826172,4.303832655888432,3.8346175085688587,4.166304111480713,979000.0
2001-09-18,4.150123888465032,4.222932815551758,4.036864871651075,4.222932815551758,392100.0
2001-09-19,4.117764984026981,4.239113345183185,4.053045755208465,4.206753730773926,1058000.0
2001-09-20,4.085405308165339,4.182484149932861,4.053045694242831,4.182484149932861,1063800.0
2001-09-21,4.109675128394681,4.247203690572441,4.004506182522622,4.1905741691589355,1222900.0
2001-09-24,4.117764230333252,4.142033743819517,4.061134722603699,4.133944034576416,422300.0
2001-09-25,4.044955485541338,4.125854518100762,4.036865389406888,4.061135292053223,326700.0
2001-09-26,4.09349495348983,4.376641763675034,4.08540524301672,4.344282150268555,1065600.0
2001-09-27,4.328102123510479,4.409001152913506,4.255293189926254,4.295742511749268,801800.0
2001-09-28,4.36046173527169,4.425180958794112,4.295742511749268,4.295742511749268,273900.0
2001-10-01,4.4090016872049915,4.546530246734619,4.3685523604802485,4.546530246734619,831300.0
2001-10-02,4.578888576145763,4.611248182738127,4.409000448657386,4.603158473968506,507000.0
2001-10-03,4.611249112201753,4.6516988214738975,4.409001337355061,4.441360950469971,373900.0
2001-10-04,4.473720871991108,4.562709613639981,4.376641648567866,4.449450969696045,408900.0
2001-10-05,4.554619312198012,4.97529460657244,4.506079899665227,4.9105753898620605,1720200.0
2001-10-08,4.934845312971465,4.999564535055236,4.756867452241094,4.845856189727783,601900.0
2001-10-09,4.7811370713290495,4.7811370713290495,4.489900565636245,4.554619789123535,622100.0
2001-10-10,4.489899751076234,4.595068277284851,4.2552924156188965,4.2552924156188965,641800.0
2001-10-11,4.392821640429159,4.441361061312921,4.150124536010354,4.182484149932861,745800.0
2001-10-12,4.376642133412277,4.554620407940478,4.3685524222557515,4.4170918464660645,537400.0
2001-10-15,4.546529681735585,4.651698612513216,4.538439971698767,4.586979389190674,582200.0
2001-10-16,4.538439395538866,4.732597040857965,4.497989693218912,4.7245073318481445,410900.0
2001-10-17,4.7245084556171575,4.870126724243164,4.61933951317541,4.870126724243164,591400.0
2001-10-18,4.837766684367213,4.8943961989630775,4.700238138746546,4.740687847137451,718300.0
2001-10-19,4.80540792201531,4.845857251804536,4.651699542999268,4.651699542999268,563800.0
2001-10-22,4.6112489530338445,4.692148368785704,4.449450893044132,4.457540988922119,1012400.0
2001-10-23,4.473720047599052,4.611248182738127,4.4332703464801275,4.603158473968506,457300.0
2001-10-24,4.66787803051657,4.837766170501709,4.611248521935867,4.837766170501709,484000.0
2001-10-25,4.789227154952118,4.9267556973910205,4.562709487566221,4.586979389190674,564100.0
2001-10-26,4.651698600837864,4.692148308191427,4.5707995718877354,4.6193389892578125,198000.0
2001-10-29,4.748777313187436,4.8054068248715085,4.692148187260352,4.756867408752441,331100.0
2001-10-30,4.773047459547372,4.805407071957292,4.700238138746546,4.740687847137451,578300.0
2001-10-31,4.692148428522571,4.740687847137451,4.643608624150682,4.740687847137451,232900.0
2001-11-01,4.716418390003626,4.740688294479735,4.6112494468688965,4.6112494468688965,345000.0
2001-11-02,4.692148871284562,4.692148871284562,4.554620312686384,4.6112494468688965,282100.0
2001-11-05,4.61124892870269,4.6193390245379895,4.457540965402001,4.5222601890563965,378100.0
2001-11-06,4.530350641307643,4.627429492692927,4.457541695647212,4.473721504211426,428500.0
2001-11-07,4.489900807280708,4.5627097447439535,4.449451097545666,4.538440227508545,416300.0
2001-11-08,4.570800216010582,4.570800216010582,4.328102709201964,4.4170918464660645,409600.0
2001-11-09,4.425180688171921,4.481810198169359,4.320012149258074,4.376641273498535,292900.0
2001-11-12,4.368551036174214,4.546528868475428,4.2552924156188965,4.2552924156188965,383200.0
2001-11-13,4.190573923569297,4.222933537978555,4.069225562413093,4.206753730773926,502200.0
2001-11-14,4.182483216150814,4.190572924946817,4.053044789359234,4.085404396057129,539100.0
2001-11-15,4.263383156922828,4.271473253229184,3.9964161509254454,4.247203350067139,761000.0
2001-11-16,4.142034516186349,4.190573937967006,4.044955672625036,4.174394130706787,736000.0
2001-11-19,4.166303643062744,4.247202664278562,4.012595309874207,4.133944034576416,577200.0
2001-11-20,4.053045030132023,4.150123855992716,4.028775130788368,4.069224834442139,1096100.0
2001-11-21,4.1824839175429736,4.198663723605235,4.133944499356192,4.166304111480713,410500.0
2001-11-23,4.295742863277903,4.376641899301049,4.182484212845498,4.206753730773926,405600.0
2001-11-26,4.368551506627002,4.417090920663672,4.263382583335731,4.320012092590332,227100.0
2001-11-27,4.360462234148648,4.6112494468688965,4.344282426416925,4.6112494468688965,328500.0
2001-11-28,4.578889831405448,4.651699159076729,4.546530215941999,4.6112494468688965,271900.0
2001-11-29,4.595069509815931,4.595069509815931,4.344282304153708,4.368552207946777,309000.0
2001-11-30,4.481810505042074,4.554619824915947,4.409001185168202,4.457540988922119,1533100.0
2001-12-03,4.449450149776309,4.651697883857051,4.449450149776309,4.603158473968506,1102200.0
2001-12-04,4.635519617031137,4.675969331557357,4.5465304765276935,4.562710285186768,360600.0
2001-12-05,4.773047056045604,4.797316570422855,4.619338717214106,4.732597351074219,840600.0
2001-12-06,4.821587162956641,4.9267561023793505,4.805407355795996,4.813497066497803,1282000.0
2001-12-07,4.829677387612853,4.85394729381504,4.740688631638003,4.748778343200684,902300.0
2001-12-10,4.756867452241094,4.886305896408636,4.692148230157323,4.845856189727783,1053700.0
2001-12-11,4.853946208953857,4.894395914997935,4.732597476578614,4.853946208953857,1192600.0
2001-12-12,4.886306397019821,5.056194565273576,4.853946782662633,5.007655143737793,343600.0
2001-12-13,5.266532127158583,5.4121503829956055,5.20181251658512,5.4121503829956055,932900.0
2001-12-14,5.493049808669624,5.735747304925171,5.43642029000812,5.606308460235596,1329500.0
2001-12-17,5.501138672306778,5.573947596259753,5.379789951375889,5.565857887268066,450700.0
2001-12-18,5.347431468712136,5.638667997298701,5.323161565118073,5.61439847946167,717000.0
2001-12-19,5.533498873077147,5.541588582936194,5.347430917235167,5.428329944610596,468000.0
2001-12-20,5.484959821223691,5.606308177474064,5.436420015815122,5.533499240875244,1072700.0
2001-12-21,5.525409981744736,5.565859697127111,5.25844294034087,5.4445109367370605,829200.0
2001-12-24,5.290800859442354,5.509228403703481,5.290800859442354,5.46877908706665,177400.0
2001-12-26,5.412150128349215,5.493049155563414,5.331251101135018,5.460689544677734,139600.0
2001-12-27,5.161362297286194,5.3716997413984116,5.096643083713205,5.347430229187012,981100.0
2001-12-28,5.355520760314203,5.40406017794689,5.201812411598859,5.258441925048828,374100.0
2001-12-31,5.217992141591129,5.33125116684394,5.161363014721719,5.266531944274902,276900.0
2002-01-02,5.31507093046398,5.428329560781225,5.306980835419981,5.355520248413086,271600.0
2002-01-03,5.395971662142931,5.444511090518544,5.258443088866819,5.306982517242432,524200.0
2002-01-04,5.5739493724560765,5.662938514263628,5.468780807509413,5.509230136871338,864700.0
2002-01-07,5.614398973365793,5.662938399066947,5.541589641935528,5.5820393562316895,322600.0
2002-01-08,5.323160331218669,5.379789835973506,5.234171219677338,5.347430229187012,767600.0
2002-01-09,5.169453074282674,5.606308241925885,5.104733847336572,5.557768821716309,2867200.0
2002-01-10,5.679117602521966,5.751926926194371,5.630578181992704,5.6872076988220215,814800.0
2002-01-11,5.735746616693985,5.760016131953223,5.509228954984818,5.751926422119141,508900.0
2002-01-14,5.824735641479492,5.881365156144343,5.751926706346979,5.824735641479492,723500.0
2002-01-15,5.622487882811644,5.816645943679744,5.590128270293128,5.7923760414123535,381500.0
2002-01-16,5.816645984221367,6.0512533694943045,5.800466177849337,5.921814918518066,904300.0
2002-01-17,5.986533782502184,5.994623492321186,5.711476705030317,5.784286022186279,765900.0
2002-01-18,5.735747304925171,5.784286727024874,5.59821874943083,5.606308460235596,712500.0
2002-01-22,5.582037661944077,5.719566185899211,5.46068894164502,5.695296287536621,704500.0
2002-01-23,5.776196466052434,5.824735886770536,5.590128493754532,5.808556079864502,823000.0
2002-01-24,5.679117249181599,5.7114768608544395,5.541588706693524,5.549678802490234,371600.0
2002-01-25,5.484958840007611,5.703386382243133,5.46068894164502,5.695296287536621,366900.0
2002-01-28,5.662936612086387,5.71956611707975,5.622486910554421,5.671026706695557,278400.0
2002-01-29,5.630577097248852,5.994622873962558,5.630577097248852,5.986533164978027,633800.0
2002-01-30,5.929905122367065,6.124063200748063,5.921815411386256,6.043163776397705,594800.0
2002-01-31,6.269680902235608,6.504288285781283,6.229231193724833,6.463838577270508,690300.0
2002-02-01,6.47192935132462,6.9492342644270675,6.358670695688414,6.391030311584473,1790100.0
2002-02-04,6.690356558242252,7.086761999690571,6.633726658382485,6.9573235511779785,1362500.0
2002-02-05,7.078671826837024,7.442717652200128,6.8764240603559665,7.369908332824707,2040600.0
2002-02-06,7.9281127491692915,7.984741877962424,7.2000203132629395,7.2000203132629395,3014600.0
2002-02-07,7.418447393314795,7.59642562601815,7.240469160611441,7.523616313934326,1012900.0
2002-02-08,7.604515191360135,8.11417962064164,7.580245677065001,7.831033229827881,1140700.0
2002-02-11,7.7582244014683965,7.863393332021234,7.280919551849365,7.280919551849365,1821100.0
2002-02-12,7.475078285139015,7.669235982321147,7.361820014206493,7.628787040710449,1122200.0
2002-02-13,7.568497968173723,7.821053141008622,7.47073490103009,7.698848724365234,660400.0
2002-02-14,7.975846263149624,8.309870345234996,7.8536425959800376,8.26098918914795,752000.0
2002-02-15,8.350604148138137,8.93718338877339,8.350604148138137,8.554277420043945,2238900.0
2002-02-19,8.041020688927322,8.34245703838811,7.503323374918789,7.633674144744873,1973200.0
2002-02-20,7.5359114805857335,7.609233986871307,7.136712031866409,7.33223819732666,1270400.0
2002-02-21,7.226326844695109,7.731436413413113,7.144858010551311,7.698848724365234,994600.0
2002-02-22,8.03287203633597,8.065459722564345,7.739582860280589,7.869933605194092,621400.0
2002-02-25,7.845495173778515,7.878082868891691,7.544058799743652,7.544058799743652,545500.0
2002-02-26,7.6744075179262525,8.47280622212899,7.658113286272289,8.391337394714355,1306100.0
2002-02-27,8.529836844961773,8.554277420043945,8.146930876232329,8.554277420043945,955300.0
2002-02-28,8.554277025941476,8.71721548056904,8.480954527121112,8.603158950805664,649100.0
2002-03-01,8.33430967460487,8.668334483597516,8.15507775986952,8.537982940673828,809700.0
2002-03-04,8.391340194936092,8.44022135230635,7.98399359107465,8.187666893005371,1025100.0
2002-03-05,8.171373276651174,8.293577733264044,7.658116423562035,7.764026641845703,999900.0
2002-03-06,7.682557694967936,7.926965051550842,7.641822876553438,7.902524471282959,1113900.0
2002-03-07,7.617382645215772,7.641823226603207,7.1693011760350664,7.291504859924316,1093500.0
2002-03-08,7.14485730828255,7.169297878428243,6.770098532591136,6.900449275970459,1609600.0
2002-03-11,7.250768900572224,7.405561037930156,7.0715369626183415,7.079683303833008,1080100.0
2002-03-12,7.495176042488997,7.519616616892085,7.291502776242275,7.421853542327881,846500.0
2002-03-13,7.462588034311827,7.535910531361692,7.356677847123337,7.389265537261963,870600.0
2002-03-14,7.250767808771466,7.50332299524389,7.169298970228498,7.454441070556641,931000.0
2002-03-15,7.430001856940928,7.535912065693013,7.389267041735976,7.4381489753723145,847400.0
2002-03-18,7.495175993635573,8.04102040577513,7.372972345464801,7.9432573318481445,2559400.0
2002-03-19,8.081753412981888,8.089900528231363,7.682554089177646,7.715141773223877,826900.0
2002-03-20,7.682555801376181,7.983992140222351,7.5929390675625585,7.9432573318481445,1067100.0
2002-03-21,7.93511063106308,8.252841220707987,7.902522938044517,8.081755638122559,1153900.0
2002-03-22,8.098049717948136,8.904596541752433,8.049168563142995,8.831274032592773,1998900.0
2002-03-25,8.888302797088109,9.613380033715332,8.676482376012471,9.474882125854492,2391900.0
2002-03-26,8.953476523461706,9.108268639618135,8.709068450602816,8.904595375061035,2114700.0
2002-03-27,8.969771882213227,9.65411426124176,8.961624764140996,9.523762702941895,2415700.0
2002-03-28,9.450442811436384,9.450442811436384,9.14085925697376,9.206034660339355,1197400.0
2002-04-01,9.14900193114358,9.409704217022506,8.920888110832331,9.214178085327148,1325800.0
2002-04-02,9.401556922840026,9.588936711551753,9.08382638212976,9.116414070129395,1665700.0
2002-04-03,8.741658246521881,8.98606637822521,8.562426289964534,8.643895149230957,1004700.0
2002-04-04,8.595012710615844,8.77424541746566,8.293576344567287,8.70906925201416,869800.0
2002-04-05,8.700922954551878,8.717216413282062,8.464661975824814,8.513543128967285,528200.0
2002-04-08,8.83941965160357,8.872007341597655,8.5135419747109,8.586864471435547,674200.0
2002-04-09,8.64389329618542,8.823125991271562,8.562424454383983,8.635746955871582,835900.0
2002-04-10,9.043094374039324,9.882228110110466,8.920889934040341,9.808905601501465,1977600.0
2002-04-11,9.931108716794032,10.550275669839698,9.906668140923042,10.232545852661133,1832000.0
2002-04-12,9.947402301624765,10.256985757906303,9.800757302083023,10.077753067016602,1043200.0
2002-04-15,10.151075497679628,10.175516071786246,9.955549350923,10.0614595413208,663800.0
2002-04-16,9.914814232408,10.110340373043956,9.825198278854476,10.028871536254883,814200.0
2002-04-17,10.517685943225409,10.843563591969277,10.265131561824456,10.802828788757324,1539200.0
2002-04-18,10.925034220531908,10.99020960562315,10.444365172770086,10.509540557861328,1928100.0
2002-04-19,10.362896500906805,10.957622093917461,10.314014572805707,10.916887283325195,974800.0
2002-04-22,10.96576907688699,11.413850434000613,10.96576907688699,11.291646003723145,1334500.0
2002-04-23,10.876154593583509,11.291647537499205,10.85986035655247,11.242766380310059,1327200.0
2002-04-24,11.29979263300966,11.609376088606728,11.136854176630111,11.519760131835938,1379300.0
2002-04-25,12.12263357494112,12.13892703313273,11.307940464611354,11.4057035446167,2096500.0
2002-04-26,11.43014265494597,12.277423349982806,11.202028830846151,12.2203950881958,1938500.0
2002-04-29,11.723433604938256,11.813049563302016,11.128707257391532,11.44643783569336,2936300.0
2002-04-30,10.639893410488266,10.819125353004628,10.46880780939394,10.631746292114258,3347400.0
2002-05-01,10.582863071925251,11.487172900723106,10.582863071925251,11.079826354980469,2963600.0
2002-05-02,10.713211942474235,10.98206055283324,10.672477916684848,10.696918487548828,2425700.0
2002-05-03,11.324230077448654,11.609372880019253,11.177585895712362,11.48716926574707,1380100.0
2002-05-06,11.584935076114355,12.138925806846622,11.519759696028206,12.057456970214844,1621500.0
2002-05-07,11.935254118439238,12.424070310280209,11.772315646809552,11.837491035461426,2145400.0
2002-05-08,11.405702680448687,11.927106511257575,11.373114989582621,11.707139015197754,2087600.0
2002-05-09,11.804902713001164,12.546273302182124,11.747874445203205,12.440363883972168,1410900.0
2002-05-10,12.424068536473685,12.953618687903315,12.407774303161114,12.92103099822998,1836200.0
2002-05-13,12.896593221617257,13.40170368650616,12.872152643300689,13.303939819335938,1902300.0
2002-05-14,13.173586678549043,13.466876673751306,12.440363244447056,12.47295093536377,2717400.0
2002-05-15,12.326308063210297,12.831417747992264,12.277426129930506,12.301867485046387,1679900.0
2002-05-16,12.619594381042429,12.766239369638077,12.383333442167102,12.59515380859375,2160200.0
2002-05-17,12.774386078245477,13.279494851832776,12.652181666000239,13.230613708496094,1817000.0
2002-05-20,13.198027028427605,13.849780797328709,12.961765316011231,13.637960433959961,2486700.0
2002-05-21,13.646109227789873,14.25712904395957,13.499464223284546,14.191953659057617,3310900.0
2002-05-22,14.82741322661765,14.925175516464984,14.306008649785415,14.436359405517578,3709800.0
2002-05-23,14.07789793036077,14.949619336071935,14.02086810563902,14.754093170166016,3257700.0
2002-05-24,14.965911011820623,15.356963276743834,14.583004309417687,14.71335506439209,2056700.0
2002-05-28,15.014794143795232,15.47916896409343,14.59115335710419,15.373259544372559,3282500.0
2002-05-29,15.1369974610502,15.430287468975086,14.01272168717771,14.077897071838379,4157700.0
2002-05-30,13.980134072133557,14.17566023806294,12.8395639939269,13.214322090148926,5207000.0
2002-05-31,13.157291904562818,13.385406508568503,12.603301181717686,13.18988037109375,4434600.0
2002-06-03,12.9862086349233,14.118632407582535,12.872152089716488,14.037162780761719,3463200.0
2002-06-04,14.493389462626252,14.745943861833034,13.686842011459488,13.776458740234375,3584200.0
2002-06-05,13.026942105721952,13.271350960994589,12.407775181163155,12.709212303161621,3457800.0
2002-06-06,12.57886336743678,13.255059475931825,12.546275668698032,12.994357109069824,2929000.0
2002-06-07,13.401699734893365,13.42613952905166,11.813047850657357,11.853782653808594,3851600.0
2002-06-10,11.454587002595451,11.772316860800458,10.591011848476205,10.680627822875977,4399000.0
2002-06-11,9.931108024656927,11.756021063130095,9.89852033344947,11.715286254882812,6762700.0
2002-06-12,11.544201423545955,11.650111621013115,10.713214078935255,10.810977935791016,4640300.0
2002-06-13,10.810976876805041,11.039090707569239,10.216250561122894,10.607303619384766,3382400.0
2002-06-14,11.397555399602162,11.560493851589504,10.721360241140824,10.908740043640137,3350900.0
2002-06-17,10.729506446240059,11.030942751040095,10.232544015670012,10.2488374710083,1815900.0
2002-06-18,10.428071726401875,11.226470583120541,10.216251336147252,11.079826354980469,2689500.0
2002-06-19,11.373115871214063,11.511613762369006,10.957622197749236,11.022797584533691,2808600.0
2002-06-20,11.381260736064775,12.277422515446348,11.112412124555126,12.130778312683105,3298100.0
2002-06-21,12.261132135025512,12.46480542372377,11.845638439612602,11.967842102050781,3222100.0
2002-06-24,12.44036238063381,12.790679839425765,11.690844764641309,12.098191261291504,4733600.0
2002-06-25,11.65826162374728,12.049314040139867,11.43014693723285,11.804905891418457,3815500.0
2002-06-26,12.847711003505067,12.872151579802352,11.72343439345511,11.73158073425293,5677900.0
2002-06-27,11.487172182180435,11.935252732907614,11.071678545044348,11.120559692382812,3616800.0
2002-06-28,11.28349990862341,11.45458549317058,10.631745263826957,11.022797584533691,2779500.0
2002-07-01,11.087971654767207,12.09819158387972,10.835417255202932,12.033016204833984,2740100.0
2002-07-02,11.853783941347041,12.179660848049652,11.202029350989983,11.210176467895508,3032200.0
2002-07-03,11.193884043627742,11.552349475900048,11.014652104443547,11.104268074035645,2087100.0
2002-07-05,11.364967679775873,11.511612674660665,11.185734994577995,11.20202922821045,556100.0
2002-07-08,11.560493541324693,12.138925613069452,11.446437016470558,12.033016204833984,1549900.0
2002-07-09,12.407778932227155,13.64611315571239,12.367044887652376,13.6298189163208,4323800.0
2002-07-10,13.434288288802094,13.784606551032889,13.116558494640993,13.735725402832031,3395000.0
2002-07-11,13.523903204861018,14.029011960839517,13.002499440085415,13.067675590515137,3340800.0
2002-07-12,12.815121842325459,13.613520691954175,12.627742805884711,13.507611274719238,2602700.0
2002-07-15,13.768312442915898,14.069749559702624,12.472951126420678,12.497391700744629,3926800.0
2002-07-16,12.798825764847578,13.116556282371333,12.277422017951295,12.562564849853516,1947200.0
2002-07-17,11.764167594829386,12.21224893894403,11.454584911792066,11.739727020263672,3649800.0
2002-07-18,11.78860873038795,12.057457376541247,11.707139114058895,11.910812377929688,1780500.0
2002-07-19,12.725506158395504,12.872151165361553,12.01672325297942,12.660330772399902,2914300.0
2002-07-22,12.43221654379134,12.70106519709499,11.50346615613663,11.560494422912598,2191000.0
2002-07-23,11.446437515298738,11.462730972294327,9.979989868959255,10.550274848937988,4701100.0
2002-07-24,9.971843912863022,11.120561123522723,9.425999443308822,10.96576976776123,4802600.0
2002-07-25,10.428071046949471,10.550274691929198,9.654112815856934,9.654112815856934,2835700.0
2002-07-26,9.00235870815295,9.1245623596269,8.130636582408853,8.155077934265137,4462100.0
2002-07-29,8.505393798106992,9.352674409324363,8.285427112295185,9.238617897033691,3254600.0
2002-07-30,9.776314847015088,9.97998807299457,9.214177085170467,9.588935852050781,2391100.0
2002-07-31,9.694847536931038,9.768170039923513,8.92903636813028,9.04309368133545,2150600.0
2002-08-01,8.603159364445338,9.613378608659396,8.586865129723236,9.531908988952637,2222200.0
2002-08-02,9.5807895617736,10.14292737203732,9.409704006136508,9.776315689086914,1658800.0
2002-08-05,10.085900140400103,10.387336478300888,8.920888820091571,9.002358436584473,2545700.0
2002-08-06,9.132708089227505,9.857785101468314,9.051238482655998,9.751874923706055,1727500.0
2002-08-07,10.232544955272223,10.591009552099875,9.81705131714448,9.86593246459961,2265100.0
2002-08-08,9.906667350199132,9.988136965868941,9.165296800020851,9.181591033935547,1547800.0
2002-08-09,9.466732011447466,10.273277847667073,9.409703753417315,10.224396705627441,1874300.0
2002-08-12,10.44436359677831,10.53398032047005,10.142927291978273,10.2488374710083,1489600.0
2002-08-13,10.33845393070028,10.485098920779595,10.151074911778311,10.305866241455078,963000.0
2002-08-14,10.65618583034246,10.713214099491164,9.768170214988606,10.142929077148438,1770700.0
2002-08-15,10.183663407017832,10.810977445827023,9.947402447053092,10.778388977050781,1308700.0
2002-08-16,10.656187243849129,10.957623641686904,10.428073360043893,10.680627822875977,1321400.0
2002-08-19,10.232546220262755,10.517688354206356,9.58079155032435,9.784464836120605,1956800.0
2002-08-20,9.94740171807608,10.753947614337216,9.939254601479066,10.199956893920898,1608700.0
2002-08-21,10.085900184091553,10.444364788919108,9.947402301624765,10.077753067016602,1052000.0
2002-08-22,10.102194012565125,10.582863060326945,9.776317087108911,10.509540557861328,1481600.0
2002-08-23,10.38733652329814,10.59100978846085,10.028871918470587,10.077753067016602,1243000.0
2002-08-26,10.362896335710587,10.835418266363805,10.322161525767681,10.794683456420898,1499100.0
2002-08-27,10.79468160450557,11.470876691914684,10.67247797259375,11.177587509155273,1896200.0
2002-08-28,11.262350439467719,11.371449309637685,10.918269818347584,11.010583877563477,1827200.0
2002-08-29,11.287523384388386,12.04282283782959,11.25395457314724,12.04282283782959,2535300.0
2002-08-30,12.252632059703739,12.261023664962664,11.81623657248565,11.958904266357422,1081700.0
2002-09-03,12.445652742049653,12.454045147757315,11.9169431876248,12.244239807128906,1808200.0
2002-09-04,12.361727486462971,12.537963964697482,12.093176967379401,12.31137466430664,2045800.0
2002-09-05,12.756163833843198,13.17577449153767,12.52118208963056,13.033106803894043,2553200.0
2002-09-06,12.781341244439416,13.75483791803779,12.722596003897959,13.687700271606445,2936300.0
2002-09-09,14.182837980978652,14.988491166535603,14.09052473730865,14.820646286010742,5486200.0
2002-09-10,13.796800481174317,14.22480359398804,13.34362014971703,13.511465072631836,4276000.0
2002-09-11,12.756163460295413,13.771621254193418,12.714202235685983,13.595385551452637,1973900.0
2002-09-12,13.780013789371072,14.426214573567432,13.68769893428942,14.384252548217773,2961700.0
2002-09-13,14.18283910046772,14.375859607825742,13.847150913608655,14.140878677368164,2443800.0
2002-09-16,13.973034952599994,14.610843361335998,13.805191645472206,14.41782283782959,2092600.0
2002-09-17,13.511463397767079,14.19962461517608,13.469501371896031,13.712876319885254,2604100.0
2002-09-18,14.031780091552537,14.417822736540986,13.511463762217767,13.897504806518555,2455800.0
2002-09-19,14.392646576000356,14.476569035473991,13.838760584437242,14.266763687133789,1865400.0
2002-09-20,13.637346708143196,13.981427327801335,13.55342425441709,13.813582420349121,2195200.0
2002-09-23,13.981427624226884,14.014997246704116,13.25130514256795,13.360404014587402,2272900.0
2002-09-24,13.771621644489993,13.964642162682388,13.343618581962751,13.931074142456055,3102200.0
2002-09-25,13.519855531173466,13.746444063571909,12.840085932259177,13.13381290435791,2489200.0
2002-09-26,12.588321446419387,12.982755742503493,12.16871073153874,12.82330322265625,2894500.0
2002-09-27,13.100245258337452,13.335227817481199,12.672242969180772,12.97436237335205,1764000.0
2002-09-30,13.352010632438427,13.645738404880953,13.049891255334183,13.13381290435791,2149700.0
2002-10-01,12.932401220646046,13.117030146670572,12.168709899816058,12.302985191345215,1652500.0
2002-10-02,12.65545532573611,12.756161771257974,12.193883516836472,12.454042434692383,1746600.0
2002-10-03,12.722594769957697,12.840086039989233,12.54635826508229,12.680633544921875,1519700.0
2002-10-04,12.596711909309407,13.049891379447722,12.554750684226567,12.831693649291992,1256300.0
2002-10-07,12.806518556770904,13.00793149755372,12.177102516566691,12.579928398132324,1520200.0
2002-10-08,12.34494153606411,12.705806839539218,11.824624587067184,12.23584270477295,1887100.0
2002-10-09,12.403690475815752,12.672241833579426,12.21066996275616,12.252631187438965,1684600.0
2002-10-10,12.294591632567927,12.38690648709496,11.37144868970417,11.656784057617188,2870900.0
2002-10-11,11.589646798586584,12.168709158096444,11.379841468274575,11.992472648620605,1816900.0
2002-10-14,12.504398638673019,12.6470663418279,12.336554517415482,12.63867473602295,1150700.0
2002-10-15,12.210670682547772,12.219063088047804,11.60643109239068,11.900158882141113,1753900.0
2002-10-16,11.791060226701669,12.21067090522953,11.58964729309082,11.58964729309082,1923200.0
2002-10-17,10.700070495662871,11.077719882499876,10.59097164162663,10.918268203735352,3737200.0
2002-10-18,11.027368115187304,11.119682169603644,10.2804608737845,10.314029693603516,2617800.0
2002-10-21,10.339207515937899,10.406345164715892,9.7517526889585,10.053872108459473,2581700.0
2002-10-22,10.095833519680715,10.725249588494744,9.91959698839903,10.708465576171875,2432700.0
2002-10-23,10.8007774506942,10.85952268240638,10.32242159168072,10.355990409851074,1510900.0
2002-10-24,10.18814790052466,10.800779127319451,10.146186671212057,10.750426292419434,1507300.0
2002-10-25,11.170034157258812,11.186818164528795,10.733638763427734,10.733638763427734,1408500.0
2002-10-28,11.119682973126876,11.388233551084813,10.926662445305572,11.287527084350586,1492400.0
2002-10-29,11.44698011107914,11.874982414086642,11.203605938645898,11.245566368103027,2525100.0
2002-10-30,11.111289073177376,11.530899694977222,11.086112659965636,11.413409233093262,1116400.0
2002-10-31,11.39662618181894,11.53929387926279,10.960231484018358,10.977015495300293,1342300.0
2002-11-01,11.539291707153485,11.774273423275643,11.287525182565028,11.732312202453613,1618600.0
2002-11-04,11.505724341286578,12.084786700542901,11.396625473530843,11.916942596435547,1450900.0
2002-11-05,12.08478610460143,12.16870855268852,11.791059136984183,11.891765594482422,847400.0
2002-11-06,11.866590425658357,12.395299983272942,11.765883957590416,12.386907577514648,1354100.0
2002-11-07,12.588318376168832,12.924006546062511,12.386905474232627,12.546357154846191,2792800.0
2002-11-08,12.79812482929448,12.924007704199202,12.403690594065862,12.831693649291992,1763800.0
2002-11-11,12.798125930998184,12.798125930998184,12.420476473430945,12.52957534790039,1166300.0
2002-11-12,12.798122799585736,13.242909794098061,12.470826256259492,13.217733383178711,1805500.0
2002-11-13,13.200951957191759,13.536640189917698,12.470829450754929,12.51279067993164,3094800.0
2002-11-14,12.08478715584652,12.63028151517711,12.05121833376032,12.470829010009766,1582900.0
2002-11-15,12.66384903877758,12.873654355389949,12.529573764200666,12.798124313354492,1490000.0
2002-11-18,12.764556221050439,13.075068011264513,12.596712118278484,12.672242164611816,1259800.0
2002-11-19,12.873655517408393,12.924008349747863,12.160317056400558,12.26102352142334,1117800.0
2002-11-20,12.084786537068034,12.286200259616088,11.66517588230395,11.707137107849121,1472600.0
2002-11-21,11.673568123806346,11.958903493100236,11.329487519779171,11.497331619262695,1586000.0
2002-11-22,11.195214022343272,12.00086662845873,11.136468778258411,11.581255912780762,1964400.0
2002-11-25,11.00219104096858,11.53929296529518,11.00219104096858,11.119682312011719,1463000.0
2002-11-26,10.716856309945099,11.270742236002452,10.574188625918955,10.909876823425293,1697400.0
2002-11-27,10.700072512131815,10.985407907177017,10.070656482006413,10.46509075164795,2187000.0
2002-11-29,10.918270035266977,10.92666244091075,10.498659357204547,10.775602340698242,647600.0
2002-12-02,10.57418912862063,11.203605129125576,10.431521437812002,11.018976211547852,1249300.0
2002-12-03,11.253956500001308,12.168707763371843,11.245564095668211,12.101570129394531,1926500.0
2002-12-04,12.747767251283582,12.789728463371498,12.093175063880164,12.23584270477295,2165000.0
2002-12-05,12.29459185775232,13.007930290600175,12.269415442576456,12.605104446411133,1602700.0
2002-12-06,12.924008234565408,13.209343616425551,12.588320020814553,13.091853141784668,2242500.0
2002-12-09,13.259695877108607,13.259695877108607,12.697417576978783,12.890438079833984,1714600.0
2002-12-10,12.554750272101746,12.554750272101746,12.168708454630744,12.344944953918457,1281400.0
2002-12-11,12.33655344089853,12.806517739753332,12.126748107548746,12.714202880859375,1827100.0
2002-12-12,12.81491014000087,14.434607568917913,12.756164102452821,14.275155067443848,4171700.0
2002-12-13,14.266760869192755,14.275153273551247,13.872327468468441,14.107308387756348,3118400.0
2002-12-16,14.249977788892245,14.501745148122104,13.645739007978362,14.43460750579834,2155200.0
2002-12-17,14.568881222821801,14.577273627295199,13.402363412363002,13.427539825439453,2358000.0
2002-12-18,13.645739416448057,14.459783554077148,13.603777388309835,14.459783554077148,2568000.0
2002-12-19,14.568883681647423,14.636021328078103,13.763230323791504,13.763230323791504,3035900.0
2002-12-20,13.477893445998216,14.224801481279577,13.301657743731736,14.098917007446289,1313700.0
2002-12-23,14.191231701759872,14.896177704270496,14.191231701759872,14.577274322509766,1373700.0
2002-12-24,14.619234397567475,14.644411611588012,14.157663345336914,14.157663345336914,428200.0
2002-12-26,14.149270288338831,15.089197158813477,14.107308266905845,15.089197158813477,909500.0
2002-12-27,15.097590871957202,15.483633499170683,14.778687484857011,14.854217529296875,1725900.0
2002-12-30,14.81225627860075,14.81225627860075,13.939466920437782,14.191232681274414,1646700.0
2002-12-31,14.140878005190311,14.434605754987654,14.056955562292861,14.107308387756348,1011200.0
2003-01-02,14.048561819522938,14.644409666709482,13.897501756836567,14.585662841796875,1009200.0
2003-01-03,14.552098571071356,15.492025601801474,14.518528948201421,15.047239303588867,1605600.0
2003-01-06,15.399710182437827,15.50041583556106,14.644411381263595,14.686371803283691,1902300.0
2003-01-07,14.43460643080785,14.686372170600269,13.973033773605035,14.065348625183105,1415300.0
2003-01-08,13.998211079435297,15.022060455493346,13.981426269822652,14.938138008117676,2174800.0
2003-01-09,14.728334880920805,14.761904505139707,14.140880863280078,14.560491561889648,1832500.0
2003-01-10,14.887784710217655,14.963314750403828,14.39264404708052,14.686371803283691,1661300.0
2003-01-13,14.249978875101506,14.745119625239408,14.16605641562787,14.266763687133789,1149000.0
2003-01-14,14.266762311217313,14.434607213977271,13.477893829345703,13.477893829345703,2099700.0
2003-01-15,13.058281000066495,13.612166011746556,13.058281000066495,13.503067970275879,1943900.0
2003-01-16,13.259700505446682,14.006607964924097,13.13381679411326,13.863940238952637,2580000.0
2003-01-17,13.889112153346648,13.97303460516769,13.259696966064103,13.335227012634277,1826100.0
2003-01-21,13.04989123221763,13.71287601994649,13.0079300076082,13.595385551452637,1585300.0
2003-01-22,13.931075453714667,14.149273208130335,13.603778021747274,14.040173530578613,2037000.0
2003-01-23,14.317115936172328,14.87939431072296,14.21641026947868,14.67798137664795,2519400.0
2003-01-24,14.552096649381696,14.879392425703642,14.451389394758591,14.518527030944824,3224800.0
2003-01-27,14.518526597197644,14.770293925889993,13.889110676497962,14.107308387756348,3216300.0
2003-01-28,13.763230853218746,13.931075776095778,13.30165971633863,13.586995124816895,3001100.0
2003-01-29,13.427539500983427,13.494677134460845,13.05828251685762,13.234519004821777,2779900.0
2003-01-30,13.007931411937156,13.343619644365724,12.84008729572287,13.100245475769043,2499100.0
2003-01-31,13.083459996066969,13.242911688490574,12.764555810875967,13.066675186157227,1374700.0
2003-02-03,12.982753739452697,13.175774254352442,12.772948414382295,12.831693649291992,1168200.0
2003-02-04,13.33522788678598,13.763230178167039,13.226129012404497,13.553424835205078,2289000.0
2003-02-05,13.46950052587139,13.679305839985819,12.714201715196946,12.739378929138184,2705600.0
2003-02-06,13.049891608580879,13.091852834400486,12.806517459239744,12.957576751708984,1744900.0
2003-02-07,12.177100779690592,12.865261962714882,12.168708374935719,12.277807235717773,2807900.0
2003-02-10,12.17710062286785,12.286199482244877,11.59803750773931,11.623214721679688,2434600.0
2003-02-11,11.623215218228275,12.403690475815752,11.623215218228275,12.252631187438965,2084100.0
2003-02-12,12.252631439248713,12.252631439248713,11.707137107849121,11.707137107849121,2223500.0
2003-02-13,12.000863248148182,12.537964300709392,11.883371992728566,12.504395484924316,1815800.0
2003-02-14,12.33654973610373,12.48760978686069,11.933724001209963,12.04282283782959,1449000.0
2003-02-18,12.151924793158143,12.26941607056544,11.908550633084623,11.958904266357422,1258000.0
2003-02-19,12.168708464020542,12.546357876973115,12.026040783518317,12.420475006103516,1134000.0
2003-02-20,12.730986146878966,12.92400664597408,12.521180838987544,12.689024925231934,1472000.0
2003-02-21,12.831694290229608,12.840086695734133,12.252631916262654,12.26102352142334,1440200.0
2003-02-24,12.487613155909504,12.64706485223773,12.227454198344306,12.378514289855957,1260300.0
2003-02-25,12.521182788030426,12.588320432978804,11.94211959992084,12.01764965057373,1399100.0
2003-02-26,12.166014675750345,12.335575689686548,11.818413586517762,12.293185234069824,1595100.0
2003-02-27,12.25079630793489,12.293186768843958,11.555595659737016,11.733634948730469,1613400.0
2003-02-28,11.64885326057239,12.081234478044518,11.530160948072327,12.047322273254395,1599800.0
2003-03-03,11.614941837522819,11.691244505568811,11.394512087285682,11.402990341186523,1722100.0
2003-03-04,11.691244214383039,11.759068626838934,11.538638882091888,11.68276596069336,1272400.0
2003-03-05,11.767545963712125,11.818413864825512,11.54711623613889,11.614940643310547,541100.0
2003-03-06,11.530160901359737,11.699721924623406,11.470813936819402,11.657331466674805,754700.0
2003-03-07,11.589507009267523,11.614940960518826,11.114735337569037,11.140170097351074,1516100.0
2003-03-10,11.174083783067253,11.267342155704583,10.402580421753356,10.512794494628906,2086300.0
2003-03-11,10.249973652479978,10.428012927158195,10.054977871389205,10.088890075683594,1871500.0
2003-03-12,9.707377752439713,10.300841742690082,9.648031595973901,10.275407791137695,2183100.0
2003-03-13,10.063456624685482,10.521271809675588,9.758246770869,10.258452415466309,1740200.0
2003-03-14,10.360187295492121,10.750178003102382,10.300840338585134,10.639963150024414,1104500.0
2003-03-17,10.936695567325014,10.970607770303902,10.300841155072845,10.317797660827637,1571000.0
2003-03-18,10.3941010027632,10.631486439216387,10.258452181932807,10.597574234008789,840100.0
2003-03-19,10.809526763038289,10.809526763038289,10.233018410279715,10.402580261230469,954100.0
2003-03-20,10.360187697387587,10.56366090702597,10.182148436821338,10.216060638427734,1139100.0
2003-03-21,10.046499765898735,10.156713816208049,9.707376936730155,9.741289138793945,1843700.0
2003-03-24,10.088890952365473,10.224540589861128,9.792159341137545,9.970198631286621,1394900.0
2003-03-25,10.173670229704484,10.216060684034385,9.664986394806993,9.749767303466797,1567900.0
2003-03-26,9.91932932527805,10.004110242596196,9.622597731726032,9.809114456176758,1405900.0
2003-03-27,9.758246785419834,9.876939102260067,9.503904835928125,9.597163200378418,1213600.0
2003-03-28,9.554772771286101,10.402578661542655,9.393689199360162,10.309319496154785,2211700.0
2003-03-31,10.504315317391843,10.716266790885,10.36866569519043,10.36866569519043,1737500.0
2003-04-01,10.377142928086961,10.377142928086961,10.088888823107219,10.182147979736328,904000.0
2003-04-02,9.724333637769568,10.029543462487286,9.715855384950292,9.927806854248047,1264000.0
2003-04-03,9.741289138793945,9.859982250282549,9.622596835836015,9.741289138793945,1215600.0
2003-04-04,9.732813391046218,10.046502351532679,9.631076758671236,9.961721420288086,771700.0
2003-04-07,9.461515470689175,9.876940244744503,9.453037216068243,9.783681869506836,1454500.0
2003-04-08,9.919327329579104,10.08888832157017,9.707375887457625,9.944761276245117,868600.0
2003-04-09,9.970198037832288,10.529749828271623,9.80911445662657,10.470403671264648,1860500.0
2003-04-10,10.461924768743504,10.54670487227483,10.233016791294455,10.24997329711914,1220500.0
2003-04-11,9.919329098636299,10.224539747183426,9.868461196232266,10.021065711975098,1152400.0
2003-04-14,9.936284698182162,10.038021302234869,9.910849940770992,9.953240394592285,641500.0
2003-04-15,9.987153375233365,10.148236950617376,9.868461065509065,10.097368240356445,634600.0
2003-04-16,9.995630560958642,10.283884668417008,9.919327907980763,10.173669815063477,1355900.0
2003-04-17,10.258452823583472,10.402579906863382,10.05497877108014,10.156715393066406,1170500.0
2003-04-21,10.377145124872635,10.589096622399598,10.190628389191085,10.487360000610352,1128800.0
2003-04-22,10.673876897858571,10.716267356500756,10.385622749328613,10.597574234008789,1503500.0
2003-04-23,10.597575098229978,10.758657883969514,10.555184636130894,10.606053352355957,1809800.0
2003-04-24,10.682356273939913,10.690833719734677,10.004111289978027,10.004111289978027,1527600.0
2003-04-25,9.927805752299683,9.961717951281972,9.605639457702637,9.605639457702637,1612200.0
2003-04-28,9.571728706359863,9.690421825014463,9.351298975371632,9.571728706359863,1631400.0
2003-04-29,9.08000070716339,9.139346858072935,8.596751630258408,8.698488235473633,3958800.0
2003-04-30,9.029133813877532,9.071524276697735,8.766314399747769,8.901963233947754,2168100.0
2003-05-01,8.817181407146341,9.351299243617333,8.817181407146341,9.291953086853027,2121700.0
2003-05-02,9.291954759526542,9.656511636202566,9.054569281206078,9.563252449035645,2751600.0
2003-05-05,9.495425471698795,9.826070048218758,9.453035016986387,9.741289138793945,1310100.0
2003-05-06,9.800635173542323,9.800635173542323,9.41912192567935,9.673463821411133,1287600.0
2003-05-07,9.758246743865636,9.792158949751402,9.453036082362976,9.537817001342773,1530300.0
2003-05-08,9.758246865418302,9.961720103267442,9.54629537385942,9.919329643249512,1393600.0
2003-05-09,9.834549802321762,10.021066537883044,9.82607154837876,9.970198631286621,1130200.0
2003-05-12,10.19910611111774,10.343233198025981,10.18215041129191,10.334754943847656,1487000.0
2003-05-13,10.436492393087851,10.504316809557842,10.131281710442071,10.207584381103516,1863500.0
2003-05-14,10.266926014260278,10.589092254638672,10.22453637906429,10.589092254638672,1297900.0
2003-05-15,10.843438053464274,11.131692205438569,10.826482354923247,10.979086875915527,2315000.0
2003-05-16,11.199515257620792,11.275817913123106,10.809524536132812,10.809524536132812,1363900.0
2003-05-19,11.436902231780703,11.530161405047743,11.241907248641933,11.496249198913574,2246200.0
2003-05-20,11.57255054487036,11.589507051453438,11.131691884609861,11.32668685913086,1619100.0
2003-05-21,11.207992520413379,11.513202306940622,11.14864556663514,11.275816917419434,1438200.0
2003-05-22,11.479292180617671,11.479292180617671,10.818003786171127,10.868871688842773,1478700.0
2003-05-23,10.953653246458536,11.063868120079048,10.911262786061297,10.96213150024414,819500.0
2003-05-27,11.36907653021825,11.428422682090282,11.055388456917862,11.1825590133667,1405800.0
2003-05-28,11.021479278482806,11.14864986982217,10.682357162557233,10.85191822052002,2127500.0
2003-05-29,10.851916041095183,11.318209463243829,10.699310715311439,11.131691932678223,1424100.0
2003-05-30,10.987565266938553,11.157126297124334,10.877350395185104,11.106258392333984,1259800.0
2003-06-02,10.894305067758692,11.140168722254858,10.877348563330376,11.038432121276855,1323800.0
2003-06-03,11.029956131794352,11.250385883398561,10.962131717228564,11.004521369934082,923700.0
2003-06-04,10.953651803608002,11.224949420764887,10.953651803608002,11.123212814331055,1029400.0
2003-06-05,11.292775106157196,11.56407356262207,11.216472440543036,11.56407356262207,1470800.0
2003-06-06,11.258860995788606,11.436900249263656,11.148646142824942,11.233427047729492,1042300.0
2003-06-09,11.275818915399004,11.360599022413593,11.063867435066431,11.140170097351074,599800.0
2003-06-10,10.894306766148874,10.979086875915527,10.826482354923247,10.979086875915527,1131200.0
2003-06-11,11.013000666231056,11.106259851483783,10.962132754757636,11.072347640991211,737300.0
2003-06-12,10.9706063223616,11.318207367680865,10.91126017711395,11.275816917419434,940100.0
2003-06-13,11.318209852507207,11.937107813194407,11.284297646559015,11.818414688110352,1659200.0
2003-06-16,11.818413429340442,12.013409199171777,11.79297947972094,11.911672592163086,1253800.0
2003-06-17,11.987974887065697,12.471223957877397,11.826891324441359,12.39492130279541,1629200.0
2003-06-18,12.199926878537585,12.43731229804827,12.106667714474655,12.293185234069824,1118600.0
2003-06-19,12.29318466047929,12.632306672528525,12.166014108093488,12.462745666503906,974600.0
2003-06-20,12.37796779109719,12.437313951732946,12.14905978544933,12.242318153381348,899800.0
2003-06-23,12.225361968019424,12.225361968019424,11.784502482162159,11.818414688110352,1124600.0
2003-06-24,11.742112846211521,11.792980750933781,11.50472659573841,11.56407356262207,1076100.0
2003-06-25,11.657330260352397,11.92862786949988,11.589505858065527,11.809935569763184,1369700.0
2003-06-26,11.538637611930527,11.699721180179443,11.386033104968696,11.445379257202148,1420200.0
2003-06-27,11.224950790405273,11.301253456673576,11.140170678964429,11.224950790405273,1673400.0
2003-06-30,10.979086260088778,11.487770124279205,10.970608007028437,11.41994571685791,1484700.0
2003-07-01,11.614939864646285,11.996452331542969,11.530159765630719,11.996452331542969,1352500.0
2003-07-02,11.92863006663227,11.996454481411709,11.699722868884365,11.784502983093262,1094900.0
2003-07-03,11.759068355007544,11.903195430277266,11.496248964949174,11.50472640991211,979200.0
2003-07-07,10.894308014183295,11.140171735174635,10.868873250661851,11.089303016662598,2471000.0
2003-07-08,10.72474435534494,11.106257658726095,10.72474435534494,10.894306182861328,1267200.0
2003-07-09,10.979087021158682,11.055389686929615,10.741701578728598,10.775613784790039,944000.0
2003-07-10,10.699309805852199,10.868870815348535,10.639963654661148,10.733222007751465,1237900.0
2003-07-11,10.63996356755936,10.77561237404597,9.910850019897842,10.741700172424316,876900.0
2003-07-14,10.834959951255998,10.894306918305366,10.614531015959447,10.648443222045898,577900.0
2003-07-15,10.673876263976782,10.70778846717046,9.766724222147852,9.8515043258667,3176800.0
2003-07-16,9.325865512424045,9.57172920722854,9.241084593444247,9.537817001342773,3896500.0
2003-07-17,9.453034770696236,9.664986230205395,9.410645125618927,9.4954252243042,2195600.0
2003-07-18,9.393691393092455,9.67346733753144,9.300433014456425,9.563252449035645,2366700.0
2003-07-21,9.453033995205733,10.156712718366597,9.453033995205733,9.944761276245117,2976500.0
2003-07-22,9.834549178339367,9.919329286797877,9.58868548930742,9.622597694396973,2210900.0
2003-07-23,9.792159628092115,10.309321005808503,9.792159628092115,10.207584381103516,2365900.0
2003-07-24,10.07193421665103,10.563661575317383,10.012588062218072,10.563661575317383,2131800.0
2003-07-25,10.724742889404297,10.75865508856605,10.444967044187184,10.724742889404297,1637300.0
2003-07-28,10.89430796523479,10.979088084332798,10.572141572188322,10.767136573791504,1235800.0
2003-07-29,10.521271339977963,10.733222820021131,10.394100775364354,10.478880882263184,864100.0
2003-07-30,10.580617680804195,10.665398597717285,10.428013162303674,10.665398597717285,724700.0
2003-07-31,10.673877768302164,10.724745675996411,10.470404520463545,10.606053352355957,695300.0
2003-08-01,10.419535458558151,10.67387741418374,10.300842330324667,10.436491966247559,1497300.0
2003-08-04,10.122802203039921,10.682354782440541,10.122802203039921,10.42801284790039,740900.0
2003-08-05,10.419534780273962,10.614530563354492,10.343232117700309,10.614530563354492,796500.0
2003-08-06,10.639964646055656,10.809525671351093,10.572140235937482,10.665398597717285,1778900.0
2003-08-07,10.6314854346753,10.716266343948945,10.385621768018536,10.538227081298828,1048700.0
2003-08-08,10.470403622493015,11.046911108592907,10.36866619876817,10.99604320526123,2932600.0
2003-08-11,11.20799309967038,11.352120152889738,10.851914592720277,11.233427047729492,2387300.0
2003-08-12,11.148647352390412,11.182559556325389,10.936695875664125,10.953652381896973,1093900.0
2003-08-13,10.936696153099808,11.657331515662126,10.92821870829905,11.462336540222168,1627600.0
2003-08-14,11.742112927990346,11.996454070434567,11.479292723325674,11.68276596069336,1977400.0
2003-08-15,11.767545963712125,11.869282574469608,11.614940643310547,11.614940643310547,732400.0
2003-08-18,11.648851956025224,11.657330208405966,11.352120399475098,11.352120399475098,1387200.0
2003-08-19,11.309731908464906,11.8184150116118,11.275819701588446,11.801459312438965,1731000.0
2003-08-20,11.826893444463112,11.945586574592529,11.657332407514515,11.784502983093262,2047300.0
2003-08-21,11.716677433637788,11.733633939955933,11.309730984370997,11.343643188476562,1992700.0
2003-08-22,11.402989299082401,11.631897282300784,11.233428279215483,11.284296989440918,1008600.0
2003-08-25,11.39451095767689,11.445379667508218,11.318209105725968,11.41994571685791,1020200.0
2003-08-26,11.301253177248064,11.631897786725204,11.23342876636005,11.50472640991211,986500.0
2003-08-27,11.937109711313996,12.208407402038574,11.877763543600718,12.208407402038574,2365400.0
2003-08-28,12.132104059986824,12.22536242771837,12.055801391601562,12.055801391601562,808200.0
2003-08-29,12.369490431797734,12.45427055190494,12.03884578034631,12.123626708984375,1571800.0
2003-09-02,12.377968629724572,12.403402584787258,12.098192698442448,12.191451072692871,1939800.0
2003-09-03,12.140719026512047,12.372871981278774,11.942959830963224,12.338479042053223,1247200.0
2003-09-04,12.209503468794287,12.716799877693592,12.209503468794287,12.536236763000488,1627400.0
2003-09-05,12.854373329480483,13.275687046515404,12.811381949784755,13.120919227600098,2504000.0
2003-09-08,13.129518478743792,13.146714539689121,12.794186680389515,13.069330215454102,1594900.0
2003-09-09,13.568028323398856,13.662609528854944,13.129518518074187,13.181107521057129,2164600.0
2003-09-10,13.327277804708213,13.335876245251368,13.009142884543301,13.060731887817383,1928800.0
2003-09-11,13.086527247714702,13.17250919342041,12.71680250320213,13.17250919342041,1367300.0
2003-09-12,13.17250824718951,13.361669826141757,12.785587469326744,12.888766288757324,1922900.0
2003-09-15,12.974748297854223,13.112320049138214,12.768390670928236,12.819979667663574,1064000.0
2003-09-16,12.854374148363528,12.931758472747102,12.467453346438072,12.785588264465332,899700.0
2003-09-17,12.85437530939918,13.146715752367557,12.794187860550098,13.112322807312012,1083200.0
2003-09-18,13.241293360968875,13.284284738243201,12.811381228210244,12.819979667663574,1606300.0
2003-09-19,12.845775402541705,13.370268779789075,12.837177782253104,13.258491516113281,2300000.0
2003-09-22,13.705599471502454,13.714197911608217,13.473447328593553,13.499241828918457,1887000.0
2003-09-23,13.292884713849892,13.361670597440927,13.120920004872305,13.301483154296875,1514000.0
2003-09-24,13.344474063817488,13.413259944971815,12.991945397911085,13.327277183532715,1026600.0
2003-09-25,13.456252370310713,13.57662808900725,12.811384030136223,13.052135467529297,2609900.0
2003-09-26,12.63941837969285,12.871571358785593,12.295488951398905,12.312685012817383,2481000.0
2003-09-29,12.226702219022723,12.570631623499043,12.175112398355084,12.252496719360352,1588500.0
2003-09-30,12.46745406995165,12.742597621511615,12.218105021352315,12.458855628967285,1910300.0
2003-10-01,12.44165630194686,12.44165630194686,11.908565400701397,12.140717506408691,2130700.0
2003-10-02,12.071933510350819,12.415862912927956,11.985950749710346,12.372872352600098,941300.0
2003-10-03,12.243899186637362,12.41586390161971,11.401271673227635,11.693612098693848,2965500.0
2003-10-06,11.693611666629936,12.003148142161187,11.61622734274902,11.831183433532715,1147100.0
2003-10-07,12.037539370300083,12.114923683165065,11.7709934948754,11.813984870910645,1316600.0
2003-10-08,11.813986512354457,12.037541042804722,11.719406127929688,11.719406127929688,1390900.0
2003-10-09,11.547442142695532,11.805388810907772,11.263700151668099,11.788192749023438,1678400.0
2003-10-10,11.985950461281169,11.985950461281169,11.521645368978854,11.650619506835938,741300.0
2003-10-13,11.710808491684826,12.10632775733611,11.56463827481419,12.063336372375488,1269200.0
2003-10-14,12.028943428405483,12.183712086266738,11.968755981456093,12.063336372375488,971300.0
2003-10-15,11.899966961973506,12.149315945136582,11.676412475001852,12.140717506408691,918000.0
2003-10-16,12.243899831071001,12.725401878356934,12.209506886264327,12.725401878356934,1497100.0
2003-10-17,12.553435278940716,12.80278429653648,12.36427370076699,12.441658020019531,1324200.0
2003-10-20,12.467453073876356,12.673810721059583,12.33847974938494,12.347077369689941,1257000.0
2003-10-21,12.639417096914155,13.060730808813078,12.596425717742513,13.017740249633789,1642200.0
2003-10-22,13.241293745659801,13.439053758870173,13.060730611855698,13.138114929199219,1684300.0
2003-10-23,12.897364616394043,12.983347375166947,12.682408539454142,12.897364616394043,981700.0
2003-10-24,13.112321012411659,13.327277094582342,12.9833476911062,13.10372257232666,1406300.0
2003-10-27,12.888766783954303,13.258491516113281,12.888766783954303,13.258491516113281,855300.0
2003-10-28,13.163910945968222,13.189705446452336,12.880168160673424,13.095124244689941,821100.0
2003-10-29,13.258491245903793,13.56802770977979,13.163910864717554,13.499241828918457,1280300.0
2003-10-30,13.413259798511271,13.576626059470891,13.18110683715603,13.275687217712402,1462600.0
2003-10-31,13.20690317157917,13.361671833978052,12.897366666773891,13.000545501708984,1480900.0
2003-11-03,12.862971518069095,12.940355836010802,12.390067990641604,12.510443687438965,1752400.0
2003-11-04,12.510445415190635,12.510445415190635,12.16651515683936,12.295489311218262,2487500.0
2003-11-05,12.39866670644431,12.544836905812328,12.295487886889067,12.321282386779785,1021500.0
2003-11-06,12.12352429614594,12.3126850726303,11.693612098693848,11.693612098693848,3050600.0
2003-11-07,11.427065972050283,12.329881734626081,11.409869910854397,12.157917022705078,2258100.0
2003-11-10,12.183710259004675,12.467452209200895,12.00314712524414,12.00314712524414,1132500.0
2003-11-11,12.166513429279481,12.32988050429728,12.020343233734016,12.114924430847168,889400.0
2003-11-12,12.226701885939413,12.897364616394043,12.1751120666772,12.897364616394043,2328200.0
2003-11-13,12.811381228210244,13.112320049138214,12.73399773310724,12.819979667663574,1876800.0
2003-11-14,12.854374410746793,13.224099159240723,12.811383027434776,13.224099159240723,963700.0
2003-11-17,13.19830548953794,13.19830548953794,12.536240276763271,12.77699089050293,1522000.0
2003-11-18,12.92316047587216,13.525037390638078,12.897365973522998,13.439055442810059,2028200.0
2003-11-19,13.482047787229757,13.490645408630371,13.043537116090713,13.490645408630371,1413100.0
2003-11-20,13.585224418786815,13.593822858784218,13.155312258825159,13.344473838806152,1779900.0
2003-11-21,13.284285828222346,13.361670149667074,12.983347802594652,13.095124244689941,1656800.0
2003-11-24,12.948953996084201,12.948953996084201,12.570630854317013,12.699604988098145,1164700.0
2003-11-25,12.699605894120868,13.00914236129252,12.682409013726248,12.9231595993042,1007100.0
2003-11-26,13.052133151343414,13.49924136145937,12.991944892679694,13.241293907165527,1952500.0
2003-11-28,13.490644377867042,13.61961852893195,13.353072606058427,13.6110200881958,697700.0
2003-12-01,13.765788261411613,13.963547471491774,13.284286256880815,13.929155349731445,2191700.0
2003-12-02,13.662610616673176,13.83457534029552,13.542234900141292,13.568029403686523,1947800.0
2003-12-03,13.645411849786017,13.705599289743402,13.284285570056964,13.628215789794922,1302000.0
2003-12-04,13.335878050498597,13.413262385877482,12.905965805053711,12.905965805053711,1708500.0
2003-12-05,12.83717852804414,13.456251504378683,12.811383205702533,13.439055442810059,1145000.0
2003-12-08,13.585225512895066,13.611020014972304,13.163911758999625,13.387465476989746,1111900.0
2003-12-09,13.421858406516783,13.447653728561011,12.940357208251953,12.940357208251953,1619100.0
2003-12-10,13.06933042427936,13.224099075222332,12.579230789616519,12.605025291442871,1940700.0
2003-12-11,12.63081751937976,13.57662449599437,12.407263843809709,13.542231559753418,2770900.0
2003-12-12,13.619619597054367,13.843174153771914,13.525038381524055,13.602422714233398,2059700.0
2003-12-15,13.370266621758425,14.221493212359773,13.344472125071192,14.18709945678711,2114000.0
2003-12-16,14.18710063041712,14.402056700574956,13.765786929705923,13.886161804199219,2744900.0
2003-12-17,13.886161804199219,14.058127316319352,13.550830859548089,13.886161804199219,1402100.0
2003-12-18,13.413260581641438,13.628216675449842,13.206902108391127,13.45625114440918,2164800.0
2003-12-19,13.267089956394281,13.568027986297666,12.948955045928898,13.258491516113281,1723800.0
2003-12-22,13.31007988069161,13.671206155283308,13.189705002489283,13.464848518371582,1950400.0
2003-12-23,13.327276381232771,13.705598704806622,13.301481882350819,13.66260814666748,832000.0
2003-12-24,13.66261132278838,13.77438860391793,13.47344970703125,13.47344970703125,570700.0
2003-12-26,13.576628643981586,14.058130718457686,13.576628643981586,13.972147941589355,539200.0
2003-12-29,14.015136664984878,14.23009275886492,13.860369654978518,14.144111633300781,1850100.0
2003-12-30,14.25588808052507,14.264486521078455,14.032333546091644,14.144111633300781,1129000.0
2003-12-31,14.144108893507259,14.238688441304191,13.705597530143486,13.954946517944336,773800.0
2004-01-02,13.963548724910552,14.324675055726557,13.301484331742868,14.238692283630371,789500.0
2004-01-05,14.565425542005265,14.737389435025083,14.38486156835186,14.642809867858887,1413000.0
2004-01-06,14.67719818865001,14.70299350391444,14.212893993781366,14.51383113861084,1240500.0
2004-01-07,14.513831859983243,14.720191112386349,14.255885254456144,14.29887580871582,1300300.0
2004-01-08,14.27308504634744,14.780381562114107,13.946350863318981,14.419255256652832,1286600.0
2004-01-09,14.488041846899254,15.089917958649039,14.488041846899254,14.874961853027344,1590900.0
2004-01-12,14.883558341682116,15.210292497758921,14.84916622208624,15.003934860229492,1804400.0
2004-01-13,14.960942280848597,15.304871667997535,14.634209773053275,14.728789329528809,2051600.0
2004-01-14,14.10111807403331,14.531030220436671,13.75718868490756,13.765787124633789,2566800.0
2004-01-15,13.23269727070584,13.59382356955498,13.172509007569374,13.301483154296875,2472400.0
2004-01-16,13.439054209938664,13.77438598968489,13.26708951006587,13.628215789794922,2064600.0
2004-01-20,14.187102764108769,14.298879215808386,14.032334107920905,14.101119995117188,1415600.0
2004-01-21,14.006537060403994,14.565422464610124,13.886160556740021,14.427850723266602,1380600.0
2004-01-22,14.436449190312732,14.883556530560735,14.247286815607305,14.29887580871582,1553600.0
2004-01-23,14.29887822785129,14.427853192419809,13.88616293318947,13.997941017150879,951600.0
2004-01-26,14.040930437110406,14.14411007237942,13.585223797973649,13.886161804199219,1132500.0
2004-01-27,13.997941752189014,14.4106570685227,13.98074487067889,14.066727638244629,1539800.0
2004-01-28,14.092520857377233,14.255887946384625,13.301483193734954,13.413260459899902,1793300.0
2004-01-29,13.413261661441844,13.568029503848237,12.64801761068263,13.000545501708984,2047200.0
2004-01-30,13.241294955293634,13.318679279706458,13.026338863032423,13.129518508911133,918800.0
2004-02-02,12.914562573440332,13.327277881996103,12.67381115679037,13.284286499023438,1422600.0
2004-02-03,13.542233209454885,13.654010470852645,13.327277126765125,13.499241828918457,1302400.0
2004-02-04,13.671206311658244,13.714197691504689,13.224098093235362,13.232696533203125,1085700.0
2004-02-05,13.172507903477412,13.559429491236545,13.112320465378144,13.19830322265625,876600.0
2004-02-06,13.26709090786415,14.118316876912486,13.26709090786415,14.101119995117188,1298500.0
2004-02-09,14.092522556133476,14.273086547851562,13.78298686173609,14.273086547851562,996900.0
2004-02-10,14.273082960166189,14.376260952368797,13.937750385546167,14.023733139038086,940700.0
2004-02-11,13.97214679189485,14.788980644953442,13.97214679189485,14.548229217529297,1565600.0
2004-02-12,14.445049263861828,14.53963047265605,14.230093163863973,14.290282249450684,1078800.0
2004-02-13,14.496640023515031,14.617014915672458,14.144112147924076,14.281683921813965,975000.0
2004-02-17,14.522434294205205,14.745988845825195,14.4450499632604,14.745988845825195,967900.0
2004-02-18,14.711593096117687,14.771780529803884,14.066724923792032,14.161304473876953,1699600.0
2004-02-19,14.161306796322325,14.17850367733425,13.757189932451116,13.920557022094727,1226800.0
2004-02-20,13.851771924519669,13.851771924519669,13.120920839864345,13.361671447753906,1696100.0
2004-02-23,13.628217803137678,13.662610748193224,13.112322807312012,13.112322807312012,1468900.0
2004-02-24,13.499242632057097,13.499242632057097,13.206902211007424,13.396063804626465,1498200.0
2004-02-25,13.344474610485417,13.361670671482257,12.854374162192972,13.181107521057129,1269700.0
2004-02-26,12.742596455122639,13.11232118368307,12.467452928747838,12.9231595993042,2237600.0
2004-02-27,13.02633915508874,13.189706248065777,12.85437444142273,12.940357208251953,994100.0
2004-03-01,13.327276502706457,13.43045531916704,13.138114929199219,13.138114929199219,1253100.0
2004-03-02,13.163910512596157,13.310079890522319,12.871570116759115,12.897364616394043,1220700.0
2004-03-03,12.893913625639286,13.32543685146887,12.79897881226026,13.221871376037598,1095800.0
2004-03-04,13.083782729954889,13.489414750978652,13.083782729954889,13.437631607055664,748800.0
2004-03-05,13.54119796385274,13.85189437866211,13.506676139985032,13.85189437866211,1029400.0
2004-03-08,13.575718893430098,13.76558932372752,13.437631607055664,13.437631607055664,826900.0
2004-03-09,13.359957551903069,13.523936824830228,13.118304796240333,13.334066390991211,1220100.0
2004-03-10,13.170087352698564,13.316805296419115,12.919803946892646,12.962956428527832,890800.0
2004-03-11,12.945695560414892,13.20460963623622,12.72993396774131,13.170087814331055,964100.0
2004-03-12,12.686782896925239,12.928435677162936,12.38471712739443,12.833500862121582,1381700.0
2004-03-15,12.747194070942294,12.82486754550049,12.341562085056895,12.462388038635254,955600.0
2004-03-16,12.471018699052303,12.686780271088034,12.367453243242961,12.462388038635254,919300.0
2004-03-17,12.496911967233592,12.94569650791253,11.996345101439525,12.902544021606445,1397300.0
2004-03-18,13.290915026325113,13.454894313056887,13.118305900606327,13.221871376037598,1530300.0
2004-03-19,13.19597858352525,13.29091338518186,12.962956498344436,13.247761726379395,1393000.0
2004-03-22,13.592981561735794,13.592981561735794,12.988849212493916,13.204610824584961,1053200.0
2004-03-23,13.239132227970202,13.420372009277344,13.083783608831164,13.420372009277344,903900.0
2004-03-24,13.057891374701025,13.437631406564963,12.980217071508026,12.988847732543945,744100.0
2004-03-25,13.040631123174187,13.429002671021781,12.945696313181,13.420372009277344,835300.0
2004-03-26,13.765589580492966,13.765589580492966,13.299544568753676,13.334066390991211,631800.0
2004-03-29,13.377218469719596,13.558458236748079,13.144195559369342,13.549827575683594,648000.0
2004-03-30,13.463523864746094,13.6879152981419,13.334066413834686,13.463523864746094,716700.0
2004-03-31,13.334067293967948,13.584350727905434,13.07515319812032,13.31680679321289,1929200.0
2004-04-01,13.377219200134277,13.480784669367495,13.221870584751859,13.377219200134277,1548600.0
2004-04-02,12.773087475472686,12.954327260779113,12.729934988863494,12.911174774169922,1566300.0
2004-04-05,12.75582643754926,12.781718423934327,12.565956809116878,12.669522285461426,1035000.0
2004-04-06,12.712673064283917,12.755825548854032,12.427867818412418,12.548694610595703,1405900.0
2004-04-07,12.358825231388192,12.557326348194756,12.28978157938554,12.419239044189453,1227000.0
2004-04-08,12.082650184631348,12.160324496080127,11.961823386481553,12.082650184631348,1511900.0
2004-04-12,12.065387100891947,12.246626860148762,11.953191804125204,12.108539581298828,912700.0
2004-04-13,11.806475467042743,11.806475467042743,11.14192931854895,11.22823429107666,1846500.0
2004-04-14,10.529165549378158,11.219602809990612,10.494643727500794,10.986579895019531,1521800.0
2004-04-15,11.038363756122285,11.305908510343215,10.908907121442448,11.219603538513184,2039800.0
2004-04-16,11.28001670718707,11.513039641053583,11.219603719769184,11.236865043640137,1324600.0
2004-04-19,11.314537453531676,11.50440788269043,11.219602650484871,11.50440788269043,1724200.0
2004-04-20,11.349059887412816,11.392212372241211,10.580949114341182,10.632731437683105,2015000.0
2004-04-21,10.54642539478665,10.693143322983396,10.35655498952056,10.49464225769043,3487200.0
2004-04-22,10.494643879038016,10.529165701413858,10.27888228342271,10.442861557006836,1895700.0
2004-04-23,10.382446952756784,10.468751913597249,10.227099175535095,10.33066463470459,746200.0
2004-04-26,10.416969481873732,10.606839914813833,10.399708982369265,10.43423080444336,1233900.0
2004-04-27,10.54642539478665,10.59820770881783,10.408338126616783,10.49464225769043,944000.0
2004-04-28,10.080379928162968,10.089009764675335,9.398573459786089,9.484877586364746,2230900.0
2004-04-29,9.528032193639893,9.968186053815652,9.528032193639893,9.925033569335938,2374300.0
2004-04-30,9.96818716580748,9.985447667685735,9.510772754652507,9.528033256530762,1710100.0
2004-05-03,9.614336771041188,9.778315217707618,9.476248661716907,9.735162734985352,772800.0
2004-05-04,9.985443443992901,10.304770412790216,9.985443443992901,10.28750991821289,1224200.0
2004-05-05,10.287513509603654,10.287513509603654,9.93366460505743,9.98544692993164,977300.0
2004-05-06,9.778317261507276,9.778317261507276,9.286380995621547,9.320902824401855,1700400.0
2004-05-07,9.320902914758701,9.398577236033702,8.768552825853961,8.915270805358887,1850500.0
2004-05-10,8.7771823110212,9.510772110099754,8.656355513800845,9.148292541503906,2001300.0
2004-05-11,9.061987277824095,9.286379541286813,8.949791146092734,9.26048755645752,1328500.0
2004-05-12,9.493508665693565,9.614335435923987,8.975680591066084,9.010202407836914,1398900.0
2004-05-13,8.94116264794557,9.182816293099926,8.898010975585871,9.018836975097656,867000.0
2004-05-14,9.08787760169761,9.277748024280656,9.036095282943672,9.131030082702637,950000.0
2004-05-17,9.320901146861377,9.346792308020486,9.061987066074778,9.087878227233887,1226000.0
2004-05-18,8.828963904733856,9.19144344329834,8.673616118967042,9.19144344329834,965600.0
2004-05-19,9.320899261015256,9.640226260920496,9.277746785770763,9.493508338928223,2298600.0
2004-05-20,9.458987477149373,9.502139956745177,9.191442762107458,9.355422019958496,1727000.0
2004-05-21,9.743795166153722,9.83872998693599,9.622968357195592,9.709273338317871,1158300.0
2004-05-24,9.743792245915579,9.968184471130371,9.631596133308184,9.968184471130371,1040900.0
2004-05-25,10.287511695212007,10.287511695212007,9.873249053955078,9.873249053955078,1101000.0
2004-05-26,10.123533287980615,10.166685770083207,9.838728058394699,10.114903450012207,724600.0
2004-05-27,10.356554980451289,10.43422927449508,10.097640941326997,10.218467712402344,1500900.0
2004-05-28,10.391078532967693,10.391078532967693,10.192578257760344,10.339295387268066,722900.0
2004-06-01,10.399708500594306,10.468752141543991,9.94229417353635,9.959554672241211,812800.0
2004-06-02,10.080380786116077,10.114902604298731,9.579814010935046,9.873249053955078,706700.0
2004-06-03,9.81283895348956,9.83873011894752,9.528033664256075,9.579816818237305,593800.0
2004-06-04,9.45035868098981,9.70064212434344,9.389945691476425,9.631598472595215,1411100.0
2004-06-07,9.666121523727668,9.959557492385612,9.657490860398822,9.81283950805664,975100.0
2004-06-08,9.666117416841189,9.666117416841189,9.45898652334563,9.493508338928223,679100.0
2004-06-09,9.3295308924065,9.338160729902246,8.828963279724121,8.828963279724121,1547100.0
2004-06-10,8.88937808063315,9.061987195942834,8.820334434509277,8.820334434509277,1073300.0
2004-06-14,8.630463982111294,8.673616466634888,7.983179183452948,7.991809844970703,2888700.0
2004-06-15,8.112635494225591,8.44922387256587,8.112635494225591,8.216201782226562,3571900.0
2004-06-16,8.242091950406136,8.466484175617792,8.009069065055943,8.36291790008545,1660000.0
2004-06-17,8.509637112854238,8.647725226689964,8.319767499577322,8.544158935546875,3223900.0
2004-06-18,8.682246946434201,9.061986991550501,8.673616285097085,8.941160202026367,2427900.0
2004-06-21,8.958423158501274,9.200075958556026,8.880748838431632,8.889379501342773,1565100.0
2004-06-22,8.992943213144239,9.18281364440918,8.932530230813866,9.18281364440918,703200.0
2004-06-23,9.087880041139568,9.208706855773926,9.018836382224318,9.208706855773926,971000.0
2004-06-24,9.329530477003948,9.493508905033169,9.243225521368533,9.295008659362793,1849000.0
2004-06-25,9.217334886645697,9.398574645306654,9.217334886645697,9.38131332397461,426700.0
2004-06-28,9.441726802129047,9.571184249774502,8.992943123594184,9.174182891845703,1267600.0
2004-06-29,9.105138751003157,9.105138751003157,8.820333534051327,8.837594032287598,1159400.0
2004-06-30,9.079246907721137,9.25185599239805,8.898007163044117,9.139659881591797,1148600.0
2004-07-01,9.16555279048979,9.208705275673722,8.958421849285152,8.984313011169434,675700.0
2004-07-02,9.174181703374966,9.32089963119413,9.061985592509425,9.27774715423584,593600.0
2004-07-06,9.217334800661163,9.303638937320986,9.01883372251989,9.23459529876709,983800.0
2004-07-07,9.338162404665661,9.761055794274986,9.303640579296047,9.605707168579102,1369100.0
2004-07-08,9.605705551458449,9.74379282968991,9.450356951915504,9.657487869262695,1733600.0
2004-07-09,9.657489026822264,9.657489026822264,9.364053936941435,9.536663055419922,1685500.0
2004-07-12,9.55392341308021,9.605706559383153,9.476249105158388,9.510771751403809,1293000.0
2004-07-13,9.389946528700728,9.545295170518022,9.355424699748589,9.467620849609375,844200.0
2004-07-14,9.510770764769639,9.640227382499564,9.355422165041645,9.38131332397461,978900.0
2004-07-15,9.320901980844912,9.355423806500939,9.018835389055743,9.06198787689209,1323800.0
2004-07-16,9.001575692856454,9.165554173622416,8.71677039995509,8.75129222869873,1703000.0
2004-07-19,8.682245876829693,8.759919350099302,8.414701169795267,8.501006126403809,2270700.0
2004-07-20,8.483746362304567,8.65635548412387,8.414702713576846,8.595942497253418,1857100.0
2004-07-21,8.785813827801782,9.277750080306928,8.68224834427782,8.71677017211914,2609200.0
2004-07-22,8.975681827694705,9.044725470748885,8.7944420589112,8.898008346557617,986200.0
2004-07-23,8.84622637143278,8.889378859808916,8.716769729369622,8.80307388305664,872700.0
2004-07-26,8.87211751652528,8.932531329350594,8.630464734419798,8.647726058959961,614400.0
2004-07-27,8.664987204044989,8.889379501342773,8.561421718307237,8.889379501342773,887000.0
2004-07-28,9.00157408234847,9.139661372617276,8.94979093696508,9.087878227233887,1219300.0
2004-07-29,9.122401071763111,9.372684519180307,9.122401071763111,9.364054679870605,979300.0
2004-07-30,9.519400212077986,9.648857647565299,9.424465417839347,9.45898723602295,1048200.0
2004-08-02,9.484878875598133,9.510770857849598,9.260486634476084,9.389944076538086,601000.0
2004-08-03,9.484877586364746,9.72653111614098,9.484877586364746,9.484877586364746,839500.0
2004-08-04,9.458989052777936,9.622967514878551,9.346792916365839,9.450358390808105,825600.0
2004-08-05,9.389943260139582,9.407203757074754,9.036094430785647,9.139659881591797,1007200.0
2004-08-06,9.407206345614911,9.441728172049515,9.28638036462643,9.364054679870605,531600.0
2004-08-09,9.061985592509425,9.389943265101381,9.061985592509425,9.27774715423584,470800.0
2004-08-10,9.225964724246616,9.424465804239619,9.15692108504864,9.38131332397461,698400.0
2004-08-11,9.234596178910786,9.269118001477988,8.984312759532282,9.087878227233887,1303600.0
2004-08-12,9.148291862851057,10.011338233947754,9.122399879111242,10.011338233947754,2811700.0
2004-08-13,9.942294721024542,10.546427024134363,9.925033398304036,10.442861557006836,1585600.0
2004-08-16,10.460122639194928,10.684514908667074,10.451491977354026,10.675884246826172,1405500.0
2004-08-17,10.399711021101524,10.580950828286591,10.227101876893203,10.460124015808105,1341200.0
2004-08-18,10.391078874933976,10.572318656249431,10.313404565360894,10.511905670166016,728400.0
2004-08-19,10.615469776868288,10.943427473413092,10.615469776868288,10.865753173828125,1052300.0
2004-08-20,10.900276094173664,11.26275564680197,10.788079963782504,11.15919017791748,2071200.0
2004-08-23,11.124669411804156,11.124669411804156,10.632732359037126,10.770819664001465,882000.0
2004-08-24,10.460123325762197,10.572319467862448,10.313405357097661,10.356557846069336,1140500.0
2004-08-25,10.382449391309857,10.744928995072172,10.382449391309857,10.701776504516602,710000.0
2004-08-26,10.649994394087166,10.85712536535013,10.555058748292655,10.580950736999512,602400.0
2004-08-27,10.710404868372954,10.788079170088007,10.460121464549518,10.779448509216309,597900.0
2004-08-30,10.83986331515378,10.874385138769405,10.494644255932332,10.503274917602539,820200.0
2004-08-31,10.572319368881544,10.770819664001465,10.572319368881544,10.770819664001465,998200.0
2004-09-01,10.810664712212276,10.862639427185059,10.568117969929455,10.862639427185059,720700.0
2004-09-02,10.73270423015108,10.73270423015108,10.507481834748631,10.585443496704102,449000.0
2004-09-03,10.368886380265572,10.368886380265572,10.091689196316283,10.195638656616211,1116600.0
2004-09-07,9.875127701169646,9.875127701169646,9.736529545184275,9.857803344726562,1110900.0
2004-09-08,9.797165176781839,10.238946516646406,9.771177407411546,9.97907543182373,810300.0
2004-09-09,10.091686443990767,10.377545316576938,10.039712554126055,10.316908836364746,1058200.0
2004-09-10,10.568118719137427,10.845315841793546,10.490157054206335,10.637417793273926,1847800.0
2004-09-13,10.646082256592333,10.862642107886815,10.611432713429627,10.741368293762207,898700.0
2004-09-14,10.827991621882353,11.174487023338509,10.048376555550904,11.1571626663208,925600.0
2004-09-15,11.053212559044077,11.053212559044077,10.776015449056548,10.836652755737305,1255900.0
2004-09-16,10.888626976357372,11.00123817662763,10.698054938463196,10.767354011535645,767900.0
2004-09-17,10.92327739635554,11.001239066395021,10.827991369701827,10.914615631103516,1076100.0
2004-09-20,11.001238089383074,11.027225035051625,10.654742726768688,11.018563270568848,828200.0
2004-09-21,11.243784409897032,11.581617995009113,11.243784409897032,11.546968460083008,1589300.0
2004-09-22,11.43435918411015,11.763530234209,11.425696592397236,11.607606887817383,1075000.0
2004-09-23,11.746204253825923,11.780853789779565,11.3737211227417,11.3737211227417,1148700.0
2004-09-24,11.347735954521879,11.347735954521879,11.079201389242224,11.209136962890625,1040200.0
2004-09-27,11.174487050935204,11.174487050935204,10.853978597269178,11.053214073181152,875100.0
2004-09-28,11.3044236403267,11.520983477014529,11.26111150776709,11.339073181152344,1851000.0
2004-09-29,11.425698171200825,11.572958946228027,11.347737313342595,11.572958946228027,915900.0
2004-09-30,11.659580522772275,11.902127285304216,11.659580522772275,11.798178672790527,1211200.0
2004-10-01,11.84149175470727,11.84149175470727,11.460345985356067,11.633594512939453,1562900.0
2004-10-04,11.269772676400247,11.417033412841304,11.200473603499763,11.24378490447998,1355300.0
2004-10-05,11.391046521196492,11.87614089509704,11.34773521686927,11.74620532989502,1147800.0
2004-10-06,11.676904536903162,11.980088600782118,11.616268054571416,11.971426010131836,1350000.0
2004-10-07,11.884803462091662,12.032064209611434,11.850153923034668,11.850153923034668,1487400.0
2004-10-08,12.309259522830661,12.378558595319115,12.196648323509397,12.222635269165039,1622100.0
2004-10-11,12.058049854818067,12.058049854818067,11.789515336551895,11.919451713562012,1514700.0
2004-10-12,11.60760849175735,11.720219721255232,11.52964763389912,11.572958946228027,901400.0
2004-10-13,11.226461353085039,11.512320255793558,11.061876249690204,11.269773483276367,2039300.0
2004-10-14,11.477670081504117,11.477670081504117,11.087862583580721,11.20047378540039,2475500.0
2004-10-15,11.287099630003919,11.373723904126587,10.87996768951416,10.87996768951416,3820400.0
2004-10-18,10.689393081157544,10.750029567728433,9.74519211312999,9.961751937866211,10092700.0
2004-10-19,10.342896579881888,10.342896579881888,9.883789995448485,9.987738609313965,3502100.0
2004-10-20,10.1349989628939,10.169648499518265,9.875127025156083,10.100349426269531,4760300.0
2004-10-21,10.247612266646323,10.568120752729657,10.135001042977537,10.386210441589355,6570800.0
2004-10-22,10.54213109844865,10.6980544183359,10.53346850820823,10.611430168151855,3721900.0
2004-10-25,10.853976805911206,10.853976805911206,10.576780529810637,10.698054313659668,1736700.0
2004-10-26,10.542131595024768,10.879965195323754,10.524806413727847,10.871302604675293,2492100.0
2004-10-27,10.914615183233046,10.914615183233046,10.412196470383952,10.446846008300781,3141600.0
2004-10-28,10.230286103523614,10.568118888836299,10.18697397496528,10.238947868347168,2033700.0
2004-10-29,10.221624374389648,10.299586047145679,10.100350569423577,10.221624374389648,1154100.0
2004-11-01,10.178312818209331,10.420859615757916,10.10901373319545,10.394872665405273,3495700.0
2004-11-02,10.221623927258772,10.264936057574184,10.022388458251953,10.022388458251953,3645600.0
2004-11-03,10.23894824917332,10.23894824917332,9.918439807696933,9.961751937866211,1935300.0
2004-11-04,10.013726382362945,10.039713329301778,9.840477866476999,9.987738609313965,4168300.0
2004-11-05,9.857802902886107,10.02238799921426,9.849140311997747,10.013726234436035,2378900.0
2004-11-08,9.788502009782059,9.83181413006848,9.693215179929934,9.7625150680542,2777700.0
2004-11-09,9.779841699370168,9.8491407775323,9.658567899531352,9.753854751586914,3904600.0
2004-11-10,9.745192446307765,10.100350438840016,9.693217723105635,10.057038307189941,3614700.0
2004-11-11,9.927101490719286,10.13499870517904,9.64990520477295,9.64990520477295,4818400.0
2004-11-12,9.442007848715523,9.684555442612512,9.121499413326811,9.571944236755371,5786100.0
2004-11-15,9.63258152340559,9.63258152340559,9.416021684769374,9.511307716369629,2276400.0
2004-11-16,9.519970044563502,9.883790629486585,9.42468401560182,9.788504600524902,2714400.0
2004-11-17,10.091686814167815,10.264935323032075,9.909776540748432,9.93576431274414,5021600.0
2004-11-18,9.970415890394563,10.091688880093878,9.797168172173906,9.849142074584961,2110300.0
2004-11-19,9.87512746025798,10.04837597712333,9.857803104237536,9.944426536560059,2540700.0
2004-11-22,9.979075644077303,9.979075644077303,9.615255126255107,9.701878547668457,1530300.0
2004-11-23,9.797166909871892,9.8058286750842,9.25143604820803,9.294747352600098,5653300.0
2004-11-24,9.294747565688239,9.294747565688239,9.112838100406735,9.14748764038086,3680100.0
2004-11-26,9.21678801128598,9.58927041165231,9.182138466458639,9.242774963378906,1307300.0
2004-11-29,9.24277348142316,9.37270904716467,9.121499680916953,9.19079875946045,1551800.0
2004-11-30,9.11283926669819,9.199462714664756,8.922266359395255,9.0781888961792,1964800.0
2004-12-01,9.190796904936386,9.294745501776825,9.026211833133196,9.043536186218262,3026000.0
2004-12-02,9.208122735235834,9.225447089545902,8.974237756224383,9.00888729095459,4150800.0
2004-12-03,9.000225707299894,9.138823848999474,8.896277101025209,8.965576171875,2352200.0
2004-12-06,8.852966615686224,9.156149900306907,8.844304023697287,8.887616157531738,5206400.0
2004-12-07,8.705704518296514,8.740354054816585,8.367870917643236,8.376533508300781,6557500.0
2004-12-08,8.056025732116723,8.419846307678199,8.056025732116723,8.237936019897461,3639300.0
2004-12-09,8.151311124045106,8.393857880167044,8.107998996781518,8.272584915161133,1768900.0
2004-12-10,8.151310920715332,8.37653331597986,8.133986565908112,8.151310920715332,1217700.0
2004-12-13,8.315896184362499,8.402519603841464,8.159972872746318,8.185959815979004,1618300.0
2004-12-14,8.17729856880556,8.220610698711354,7.97806392779314,8.073349952697754,1257600.0
2004-12-15,8.281248834294754,8.315898376442004,8.056026397282519,8.09933853149414,1412300.0
2004-12-16,8.038702122526994,8.203288085927793,7.83946743916958,7.891441345214844,1587800.0
2004-12-17,7.9694027909446055,8.194625246667966,7.848129796409194,8.125326156616211,2438200.0
2004-12-20,8.125324755940737,8.220610781808539,7.856790208698492,7.926089286804199,1853200.0
2004-12-21,7.986727127585792,8.14264965057373,7.9260898106530435,8.14264965057373,1462200.0
2004-12-22,8.185963830109351,8.185963830109351,7.94341698007712,7.995390892028809,1011800.0
2004-12-23,8.012713547491419,8.082012625597127,7.900102339042103,7.926089286804199,1020300.0
2004-12-27,8.047363340204944,8.064688523332565,7.891439996497163,8.004051208496094,893300.0
2004-12-28,8.004050788340301,8.012713379449387,7.900102173361744,7.960738658905029,445400.0
2004-12-29,7.882779317520846,8.038701856609109,7.839467179842318,7.908766269683838,1208400.0
2004-12-30,7.856787429595332,7.9520742478684525,7.839463079251963,7.874112606048584,925900.0
2004-12-31,7.882776211846833,8.159972462002505,7.882776211846833,8.030036926269531,1080700.0
2005-01-03,7.8827773768347065,7.969400804755351,7.7181914593982945,7.752840995788574,1069700.0
2005-01-04,7.692204491129925,7.752840973107999,7.406345610218857,7.588255882263184,1427700.0
2005-01-05,7.72685468553049,7.8654528424908285,7.553606989330067,7.813478946685791,1741500.0
2005-01-06,7.986723328648704,8.107996252609484,7.952073803787076,8.082009315490723,2214200.0
2005-01-07,8.22927258262306,8.28124729926491,8.142648330256675,8.151310920715332,2659900.0
2005-01-10,8.220610197222802,8.29857186107524,8.194623251308697,8.272584915161133,1767300.0
2005-01-11,8.142645777471111,8.229270002680101,8.05602237837196,8.082009315490723,1314100.0
2005-01-12,8.099338593282276,8.203287220517021,7.969402189656152,8.056026458740234,911800.0
2005-01-13,7.9780636389578525,8.004050585516438,7.865452435723794,7.934751510620117,809700.0
2005-01-14,7.88277614883634,7.88277614883634,7.735515435590762,7.770164966583252,1319900.0
2005-01-18,7.588255608957748,7.72685374912153,7.536280893341291,7.6142425537109375,2014900.0
2005-01-19,7.570931681684942,7.588256865128489,7.432333518577425,7.484308242797852,828800.0
2005-01-20,7.4409956182659975,7.562268589910834,7.41500867092927,7.492969512939453,1542600.0
2005-01-21,7.5276185961966995,7.770166177038769,7.5276185961966995,7.752840995788574,2336300.0
2005-01-24,7.7961549486432755,7.8394670858022435,7.501633407294658,7.57959508895874,1852600.0
2005-01-25,7.5882548208870295,7.640228704995711,7.146472675413265,7.267746448516846,2911800.0
2005-01-26,7.233097658283276,7.293734137993769,7.111823872752211,7.146473407745361,3084200.0
2005-01-27,7.0685128074867265,7.129149296290347,7.016538910257966,7.059850215911865,1738700.0
2005-01-28,7.103162347675967,7.137811887865207,7.007876318683105,7.059850215911865,1386900.0
2005-01-31,7.068512237963434,7.12914872188146,6.981888807524846,7.042525291442871,1593300.0
2005-02-01,7.016539234292277,7.129149625525175,6.973227100527956,7.085838317871094,1072300.0
2005-02-02,7.094498962765901,7.094498962765901,6.808640494698051,7.025199890136719,2301000.0
2005-02-03,6.869277101470885,6.964563534593992,6.843290155290532,6.9299139976501465,1442500.0
2005-02-04,6.929913308766495,7.007874965667725,6.825964708268202,7.007874965667725,1459100.0
2005-02-07,6.886602992539465,6.938577719482782,6.626731423098523,6.687367916107178,2075900.0
2005-02-08,6.652716632937599,6.782652590189959,6.505456321976948,6.704690933227539,2954800.0
2005-02-09,6.791316648251263,6.929914812320027,6.756667107234071,6.8606157302856445,2739200.0
2005-02-10,6.869278426407994,7.267749004228809,6.860616247028814,7.233099460601807,2580600.0
2005-02-11,7.285072105285935,7.61424312596923,7.137811363766827,7.363033771514893,2209800.0
2005-02-14,7.371695517395448,7.371695517395448,7.094498421901335,7.172460079193115,2422600.0
2005-02-15,7.103161498939692,7.233097878706273,7.059849372350832,7.068511962890625,1168400.0
2005-02-16,7.042525996906694,7.103162486898796,6.921252190812269,6.964564323425293,1621000.0
2005-02-17,6.921251281192945,7.042525071349069,6.9125891036418246,7.025199890136719,1899500.0
2005-02-18,6.973227069270119,7.24176081040676,6.973227069270119,7.189786911010742,1722200.0
2005-02-22,7.466983597810168,7.492970548739233,7.363034967983633,7.4409966468811035,2724700.0
2005-02-23,7.440995548489512,7.440995548489512,7.259085266617923,7.371696472167969,874100.0
2005-02-24,7.389020140631282,7.415007911416265,7.129148215551983,7.25042200088501,1334700.0
2005-02-25,7.311059087479988,7.536281496321281,7.259085193815164,7.423670291900635,4166600.0
2005-02-28,7.319721007319447,7.501631270687366,7.28507147268318,7.3976826667785645,648000.0
2005-03-01,7.319722906614171,7.319722906614171,7.224436868167484,7.233099460601807,1142200.0
2005-03-02,7.1031612198030345,7.319721018126969,7.033862150428181,7.293734073638916,1610000.0
2005-03-03,7.20711016231585,7.241759698630441,7.0078755350344775,7.025199890136719,1443300.0
2005-03-04,7.1031620127245665,7.163799324779021,7.042525526780274,7.129148960113525,1080700.0
2005-03-07,7.120486311051063,7.181122789467354,7.007875118199335,7.077174186706543,771000.0
2005-03-08,7.215773150592245,7.536281585693359,7.215773150592245,7.536281585693359,1701000.0
2005-03-09,7.492971705287124,7.683544635772705,7.389023059416008,7.683544635772705,1055400.0
2005-03-10,7.631568580476978,7.631568580476978,7.432333112317696,7.605580806732178,2184700.0
2005-03-11,7.492968984734481,7.640229719445294,7.492968984734481,7.63156795501709,1391500.0
2005-03-14,7.570931123917529,7.614243253225281,7.484307691412181,7.536281585693359,2279900.0
2005-03-15,7.622905753909515,7.631568344890367,7.406345936049075,7.423670291900635,1353000.0
2005-03-16,7.579595115449694,7.839467113201459,7.562269930081432,7.796154975891113,3674100.0
2005-03-17,7.830802898275634,8.004050585516438,7.718191695041575,7.934751510620117,2308500.0
2005-03-18,7.88277614883634,7.900100501277595,7.726852846315143,7.770164966583252,2327300.0
2005-03-21,7.475645938605362,7.648893649153234,7.466983346550407,7.5276198387146,1075600.0
2005-03-22,7.579593813676227,7.622905943547838,7.363033990428335,7.380359172821045,1296300.0
2005-03-23,7.389020828193278,7.440995548489512,7.337046934007198,7.371696472167969,1517600.0
2005-03-24,7.345708172862725,7.345708172862725,6.791315601996161,6.799977779388428,4743900.0
2005-03-28,6.817302337492532,6.929913531512824,6.713353733653048,6.82596492767334,1534400.0
2005-03-29,6.834628085328972,6.912589755920873,6.678705157200264,6.722017288208008,2260700.0
2005-03-30,6.644055649590128,6.7999785784692035,6.583418748498495,6.78265380859375,1790000.0
2005-03-31,6.929913864871444,6.973225991748912,6.652717161576766,6.75666618347168,1687500.0
2005-04-01,6.7999779356198005,6.843290062741382,6.6267302532435854,6.817302703857422,1659000.0
2005-04-04,6.73067959878314,6.739342190376879,6.5141197656008565,6.583418846130371,1523200.0
2005-04-05,6.600742130369325,6.72201590705113,6.583417364136925,6.678703784942627,725600.0
2005-04-06,6.756666073274837,6.843289912561941,6.696029179246341,6.7480034828186035,1068800.0
2005-04-07,6.696029405919104,6.7480037112507905,6.583418204506252,6.618067741394043,752800.0
2005-04-08,6.635392299204462,6.678704425466834,6.592080585997137,6.644054889678955,804700.0
2005-04-11,6.713353530703871,6.713353530703871,6.557430629658298,6.600742340087891,799600.0
2005-04-12,6.583418934874656,6.583418934874656,6.340872149751833,6.436158180236816,1089300.0
2005-04-13,6.262910611709274,6.262910611709274,6.115649853894065,6.132974624633789,3328800.0
2005-04-14,5.968388236820411,6.115648973434749,5.899089163838384,5.985713005065918,2646400.0
2005-04-15,6.003037973516849,6.167623483865733,5.95106366704695,6.106986999511719,1133500.0
2005-04-18,6.150298894295097,6.323547000632544,6.106987177502047,6.236922740936279,1616800.0
2005-04-19,6.26291058244523,6.444820880889893,6.1936114998101415,6.444820880889893,1494200.0
2005-04-20,6.418832472603764,6.479469366557926,6.254246971632507,6.332208633422852,705500.0
2005-04-21,6.323546786342721,6.384183270409182,6.210935582997767,6.262909889221191,753700.0
2005-04-22,6.340871365104606,6.340871365104606,6.037687301635742,6.037687301635742,1759100.0
2005-04-25,5.916414366357578,5.95106390539192,5.621892871510584,5.665205001831055,3002000.0
2005-04-26,5.734503347973573,5.78647764989132,5.34469587706295,5.431319713592529,4433300.0
2005-04-27,5.292722446821693,5.509282280339135,5.284059855214546,5.474632740020752,2836000.0
2005-04-28,5.33603361032924,5.465969579527269,5.162785926768573,5.362020969390869,2543400.0
2005-04-29,5.379345411674782,5.535268317428024,5.34469587706295,5.431319713592529,1972400.0
2005-05-02,5.284059855214546,5.500619688731987,5.284059855214546,5.474632740020752,795000.0
2005-05-03,5.344696998596191,5.405333490363364,5.292722685772135,5.344696998596191,789000.0
2005-05-04,5.396671081617939,5.448645392228814,5.353358949581325,5.422658443450928,1908000.0
2005-05-05,5.4399834453011895,5.4399834453011895,5.336034406597954,5.344696998596191,1877100.0
2005-05-06,5.2927218959666025,5.379345737746936,5.275397127610536,5.362020969390869,1911700.0
2005-05-09,5.2927225808617795,5.54393196105957,5.284059989035249,5.54393196105957,1974100.0
2005-05-10,5.509281763567395,5.509281763567395,5.2840593595687135,5.318708896636963,2584100.0
2005-05-11,5.370683842024985,5.621893222222776,5.370683842024985,5.54393196105957,1508200.0
2005-05-12,5.535269243246938,5.587243553857813,5.379346311414314,5.422658443450928,1871100.0
2005-05-13,5.370683044266104,5.491956833492892,5.301383972167969,5.301383972167969,1030500.0
2005-05-16,5.318708530255014,5.491956616717039,5.292721585771483,5.327371120452881,1025100.0
2005-05-17,5.491958165448237,5.569919433938928,5.396671711676112,5.5525946617126465,1699100.0
2005-05-18,5.665204707502193,6.080999567367265,5.621892579431951,5.890427112579346,4173400.0
2005-05-19,6.046350200640592,6.0896623299322385,5.7431665347642955,5.855777740478516,1040400.0
2005-05-20,5.838452420391883,6.003037929534912,5.777815936482129,6.003037929534912,986300.0
2005-05-23,6.410170720987763,6.453482436927534,6.262909978071377,6.375521183013916,1843900.0
2005-05-24,6.410171339572348,6.479470422207436,6.323547486278488,6.444820880889893,1393100.0
2005-05-25,6.444820157678478,6.444820157678478,6.245585110932387,6.314884185791016,1566300.0
2005-05-26,6.245583851830894,6.358195032301433,6.176284790942865,6.228259086608887,1297500.0
2005-05-27,6.323546477113554,6.652717067098401,6.288896941325676,6.644054889678955,997200.0
2005-05-31,6.45348280605061,6.72201736029004,6.323547237744233,6.626730918884277,2286900.0
2005-06-01,6.635392114078137,6.964563107934215,6.514118742204069,6.886601448059082,2757400.0
2005-06-02,6.834628707982452,7.085838512436136,6.713355308389561,6.791316986083984,2219400.0
2005-06-03,6.756667443343159,6.87794084293605,6.756667443343159,6.791316986083984,1962500.0
2005-06-06,6.808641270906394,6.834628219577411,6.583418846130371,6.583418846130371,835300.0
2005-06-07,6.5834183073957355,6.5834183073957355,6.236922520047524,6.314884185791016,2097400.0
2005-06-08,6.314884139741726,6.410170573505028,6.245585065388439,6.306221961975098,888600.0
2005-06-09,6.332210019404937,6.349534791033133,6.176287074751178,6.323547840118408,777300.0
2005-06-10,6.297558759874845,6.808640003204346,6.280233992968168,6.808640003204346,2259300.0
2005-06-13,6.817302969084494,6.921251582554342,6.670042226808007,6.843290328979492,1907500.0
2005-06-14,6.799977793502008,6.851952097128623,6.687366595783486,6.696029186248779,362500.0
2005-06-15,6.7306794665765,6.799978545744815,6.6527177959846,6.722017288208008,1347700.0
2005-06-16,6.808641301065402,6.981889416211694,6.7566669904380445,6.947239875793457,1271400.0
2005-06-17,7.007876260464507,7.285072579675599,7.007876260464507,7.1031622886657715,2691300.0
2005-06-20,7.189785976107575,7.233098104045778,6.9559009809073515,6.990550518035889,1142400.0
2005-06-21,6.999213448247074,7.267747993597445,6.981889091897788,7.181123733520508,950900.0
2005-06-22,7.07717534026728,7.2071109083699305,7.051188391868789,7.1031622886657715,1242000.0
2005-06-23,7.14647477744057,7.27641035204085,7.103162643870398,7.189786911010742,1960400.0
2005-06-24,7.19844738563194,7.35436986406798,7.19844738563194,7.267746448516846,1501600.0
2005-06-27,7.233098742968271,7.267748283157512,7.033863267297486,7.059850215911865,1151100.0
2005-06-28,7.103161445170312,7.189785697692306,7.059849318909315,7.111824035644531,1306900.0
2005-06-29,7.15513658037537,7.484307602656457,7.111824451581253,7.423670291900635,1885400.0
2005-06-30,7.518956675090705,7.622905282096695,7.363033351526675,7.415008068084717,1103300.0
2005-07-01,7.415009310416026,7.5016327510457685,7.137812152514245,7.458320617675781,1009400.0
2005-07-05,7.4756450866502835,7.579593701132597,7.337046934007198,7.371696472167969,1219500.0
2005-07-06,7.423670219233413,7.475644938499624,7.293734660233093,7.30239725112915,1029000.0
2005-07-07,7.5016327510457685,7.570931833993656,7.371697177046038,7.458320617675781,796000.0
2005-07-08,7.466982606454103,7.562268631283516,7.302397504274178,7.380359172821045,1328500.0
2005-07-11,7.501632078171997,7.744178846733888,7.501632078171997,7.69220495223999,1499200.0
2005-07-12,7.752842835867852,7.80481756584414,7.562269927435203,7.640231609344482,1208700.0
2005-07-13,7.562268532833948,7.588256306084692,7.466982509245018,7.536281585693359,1843400.0
2005-07-14,7.475644600212794,7.501631545614873,7.189785722459625,7.276409149169922,1976200.0
2005-07-15,7.172459667091564,7.1984474354357,7.094498014279156,7.120485782623291,1243800.0
2005-07-18,7.0685112147424665,7.2071093442691785,7.0598486251195425,7.094498157501221,769300.0
2005-07-19,7.025200675722624,7.094499756101106,7.007876318683105,7.059850215911865,619900.0
2005-07-20,7.103160747124145,7.1724598118875,7.085836393988313,7.094498157501221,670300.0
2005-07-21,7.146473344689835,7.293734073638916,7.120486400201783,7.293734073638916,1485100.0
2005-07-22,7.267747713655056,7.311059015915071,7.215772994388845,7.30239725112915,622800.0
2005-07-25,7.241759924950747,7.293734644102008,7.042525291442871,7.042525291442871,730500.0
2005-07-26,7.016538071872075,7.103161498939692,6.929913818694354,7.068511962890625,778300.0
2005-07-27,7.059849664145678,7.207110404968262,7.051187899357983,7.207110404968262,673100.0
2005-07-28,7.250422718751667,7.250422718751667,7.077175026915518,7.163799285888672,396700.0
2005-07-29,7.241760448271317,7.259085631277108,7.094499697162876,7.1031622886657715,336000.0
2005-08-01,7.2244353435282,7.233097934134375,6.973225998719887,7.025199890136719,296400.0
2005-08-02,6.799977667965424,6.990550111078124,6.799977667965424,6.9385762214660645,775000.0
2005-08-03,6.886601482241696,7.1897855330143186,6.773990700041478,7.146473407745361,3622700.0
2005-08-04,7.189786049282737,7.2764094799306385,7.12048697432036,7.207110404968262,912000.0
2005-08-05,7.189786102896113,7.259085178375244,7.025200179050568,7.259085178375244,1159700.0
2005-08-08,7.111824939250828,7.129149296290347,6.973226778493864,7.059850215911865,804700.0
2005-08-09,7.05984880215174,7.085836571672178,6.8779389591138775,7.051187038421631,681700.0
2005-08-10,7.068511596615627,7.120486311051063,7.016537708290252,7.077174186706543,561600.0
2005-08-11,7.103161807290689,7.527618848845137,7.085837451569149,7.466982364654541,2101800.0
2005-08-12,7.605579963423182,7.6142425537109375,7.458319232971644,7.6142425537109375,1021900.0
2005-08-15,7.6142425537109375,7.7788276386279085,7.536280893341291,7.6142425537109375,1075300.0
2005-08-16,7.700867543359026,7.787490976218908,7.579593746023001,7.69220495223999,877500.0
2005-08-17,7.475645197650458,7.648892891026739,7.345708808035623,7.380359172821045,849700.0
2005-08-18,7.29373511083064,7.449658452151877,7.276409927968197,7.406346321105957,410700.0
2005-08-19,7.406345477640027,7.527618439425301,7.337046406302702,7.415008068084717,688200.0
2005-08-22,7.466982329416631,7.570930941585733,7.293734642468127,7.31105899810791,432700.0
2005-08-23,7.293734360264616,7.380358613442336,7.068511962890625,7.068511962890625,892200.0
2005-08-24,7.042525399235701,7.06851234615402,6.730679144830355,6.739341735839844,1758100.0
2005-08-25,6.739340677644787,6.817301919213531,6.5660926021536685,6.5747551918029785,1342500.0
2005-08-26,6.583418278173438,6.6007430468111945,6.306221979969335,6.470807075500488,2962400.0
2005-08-29,6.540106572626555,6.609405647278455,6.418832778930664,6.418832778930664,1106400.0
2005-08-30,6.245584534700355,6.358195727483392,6.245584534700355,6.254246711730957,1308900.0
2005-08-31,6.262910201505411,6.574756467450457,6.254247610175368,6.557431697845459,1835300.0
2005-09-01,6.609405762083027,6.799978220685971,6.557431455191315,6.739341735839844,1789800.0
2005-09-02,6.739340935577639,6.921250781570231,6.739340935577639,6.808640003204346,1596800.0
2005-09-06,6.912588863604994,6.964563166272095,6.8606145609378935,6.9385762214660645,1856000.0
2005-09-07,6.938576588413639,7.0685121454255295,6.860614923762455,6.9299139976501465,1207700.0
2005-09-08,6.999213864293669,7.06851294603042,6.938577374301565,6.964564323425293,502300.0
2005-09-09,7.042524988331011,7.3457082209822,7.042524988331011,7.276409149169922,2427400.0
2005-09-12,7.311059015915071,7.354371144285224,7.172460866018692,7.30239725112915,725800.0
2005-09-13,7.345708015433052,7.354370605694714,7.172460340750212,7.25042200088501,855100.0
2005-09-14,7.397682860282033,7.622905254364014,7.371695915152602,7.622905254364014,1384600.0
2005-09-15,7.787488388447319,8.073347191503748,7.7355145112242685,7.978061199188232,3226300.0
2005-09-16,8.714368234476577,8.749017775471883,8.549782295166212,8.705705642700195,6549400.0
2005-09-19,9.442007602064972,9.442007602064972,8.281247687780779,8.497807502746582,7217200.0
2005-09-20,8.723029213237355,8.800990879971417,8.506469395025027,8.57576847076416,2165400.0
2005-09-21,8.792328937009136,9.121499984086423,8.792328937009136,9.060863494873047,2739100.0
2005-09-22,9.182135790715698,9.182135790715698,8.89627692266397,9.00888729095459,2868000.0
2005-09-23,8.723028878710059,8.835640078995059,8.619080269087778,8.64506721496582,1660700.0
2005-09-26,8.471820829275336,9.09551340860482,8.419846929562185,8.887616157531738,2045900.0
2005-09-27,8.887615538520192,8.922265077952408,8.6710557105413,8.818316459655762,1099000.0
2005-09-28,8.930926714919526,9.095511803106342,8.775003391082473,9.086849212646484,1657400.0
2005-09-29,9.208123672020044,9.580606827846726,9.208123672020044,9.571944236755371,2538400.0
2005-09-30,9.554620500506042,9.727868218000522,9.355385831914962,9.476658821105957,2087900.0
2005-10-03,9.30340986298045,9.442008018493652,9.225448193976732,9.442008018493652,1153600.0
2005-10-04,9.519970434922426,9.545958210704113,9.095513343811035,9.095513343811035,1587200.0
2005-10-05,9.095512775113486,9.1301623145457,8.818316459655762,8.818316459655762,2225900.0
2005-10-06,9.112836547064882,9.511305775790554,8.982900174727764,9.346720695495605,1624900.0
2005-10-07,9.242771928943958,9.684554100036621,9.242771928943958,9.684554100036621,973200.0
2005-10-10,9.883790316613364,9.99640152515437,9.641243543045908,9.753854751586914,1726100.0
2005-10-11,9.753855839102119,9.77118019751916,9.398697817394982,9.502646446228027,1086400.0
2005-10-12,9.736529381913087,9.849140588290375,9.234110661836052,9.364047050476074,2644100.0
2005-10-13,9.199462825817152,9.26009932273742,8.92226646719843,9.242774963378906,967400.0
2005-10-14,9.008887394038032,9.294746265360676,8.922263969276369,9.216785430908203,914900.0
2005-10-17,9.433346196299555,9.554619168585006,9.277422859235212,9.485320091247559,893400.0
2005-10-18,9.485321777170288,9.580608645028208,9.22544977791008,9.242774963378906,891300.0
2005-10-19,8.922266505412024,8.939590864844737,8.723031002218768,8.826979637145996,1963500.0
2005-10-20,8.818314280539965,8.939587225529566,8.411181673236358,8.532455444335938,1395500.0
2005-10-21,8.575770229544283,8.896279553207796,8.515133732364312,8.826979637145996,1411300.0
2005-10-24,8.85296754473911,9.164813454074633,8.835642358943083,9.052202224731445,1181700.0
2005-10-25,9.30341108930812,9.407359719644994,9.190799866582271,9.251437187194824,900200.0
2005-10-26,9.355385735200644,9.485321315450681,8.948252983714774,8.982902526855469,1642300.0
2005-10-27,9.216785229786595,9.268759118287443,8.878951650090833,8.991562843322754,687600.0
2005-10-28,8.90493791404033,9.225446289010236,8.878950971775202,9.17347240447998,931300.0
2005-10-31,9.20812559245437,9.303411636001531,8.82697976604507,9.052202224731445,778500.0
2005-11-01,8.92226404606636,9.026212652341044,8.835639794449078,8.965576171875,778900.0
2005-11-02,8.922263969276369,9.260096730233995,8.896277024458879,9.216785430908203,968900.0
2005-11-03,9.01754988116466,9.286084394906318,8.930926457394177,9.00888729095459,1022800.0
2005-11-04,9.060864178622145,9.138825856985447,8.861628686570342,8.922266006469727,1049900.0
2005-11-07,9.026213114544765,9.182136444996175,8.965576630973718,8.974238395690918,999100.0
2005-11-08,8.956913967746232,9.225447672341803,8.956913967746232,9.121499061584473,750400.0
2005-11-09,9.138825448141121,9.6585685704609,9.130162856241567,9.615257263183594,1709700.0
2005-11-10,9.805828696672869,9.814491288014425,9.476657660685346,9.545957565307617,1243500.0
2005-11-11,9.727865582508548,10.178310352069115,9.658566514285392,10.117673873901367,1466400.0
2005-11-14,10.126339152751154,10.256275570353711,9.979079201244804,10.083027839660645,1184500.0
2005-11-15,10.230288617277338,10.282262523430086,10.065702653536166,10.083027839660645,2058700.0
2005-11-16,10.37754567714445,10.923276496345837,10.325571785473906,10.871302604675293,2807900.0
2005-11-17,11.035889197270187,11.356397659859766,10.949265757335564,11.08786392211914,3422200.0
2005-11-18,11.148499591491191,11.17448653894637,10.646080868103535,10.897290229797363,2459400.0
2005-11-21,11.174487027643048,11.365059911572445,11.05321405014178,11.321747779846191,1584500.0
2005-11-22,11.165823587252584,11.477669401904707,11.09652451732989,11.44301986694336,2444500.0
2005-11-23,11.087862397747239,11.174485825772775,10.975251197814941,10.975251197814941,1611500.0
2005-11-25,11.261110305786133,11.30442243372272,11.1571616944044,11.261110305786133,468100.0
2005-11-28,11.096525174361494,11.425695362929606,11.001238327993242,11.20047378540039,1434900.0
2005-11-29,10.931939987717744,11.061876379820275,10.871303500402671,10.914615631103516,1579200.0
2005-11-30,10.732702436853796,10.784676318733208,10.42085584113749,10.45550537109375,1037200.0
2005-12-01,10.672066829614915,10.992575238985678,10.646079884560553,10.940601348876953,1059900.0
2005-12-02,10.914615542058678,11.001238976643483,10.481495890804132,10.542132377624512,1475000.0
2005-12-05,10.715378772706664,10.732703953187503,10.490156383116206,10.611430168151855,1500200.0
2005-12-06,10.602769725630633,10.983915512314029,10.507483692014906,10.853979110717773,1502700.0
2005-12-07,11.018564166620516,11.356396966115254,10.966589444946617,11.06187629699707,1474700.0
2005-12-08,11.347735071800074,11.417034149169922,11.261110812032678,11.417034149169922,2762600.0
2005-12-09,11.607605677058578,11.68556734212241,11.191811231531643,11.261110305786133,1760000.0
2005-12-12,11.7028917922085,11.815502987360398,11.330408671791462,11.44301986694336,2549100.0
2005-12-13,11.261109718653591,11.469006930577699,11.087862042050169,11.252447128295898,1702300.0
2005-12-14,11.243784254264815,11.243784254264815,10.741365591735544,10.905951499938965,1652800.0
2005-12-15,10.98391314879533,11.269772014241639,10.931938434118699,11.009900093078613,931200.0
2005-12-16,11.018564898354333,11.29576122939638,11.00123971460909,11.209136962890625,1287400.0
2005-12-19,11.564294337091596,11.607605638775208,11.174486013058072,11.20047378540039,1295900.0
2005-12-20,11.226461485151262,11.29576056382854,10.74136710830014,10.914615631103516,868100.0
2005-12-21,10.845315931909871,11.174486123738324,10.758691675464403,11.113849639892578,1243200.0
2005-12-22,11.261109909921322,11.477669715881348,11.165823892698546,11.477669715881348,1106000.0
2005-12-23,10.472832716558724,11.68556734212241,10.178311237922081,11.261110305786133,735500.0
2005-12-27,11.36505913854263,11.486332933905286,11.226460987333963,11.278435707092285,448700.0
2005-12-28,11.494994360330946,11.538305658613199,11.148498191302494,11.425694465637207,1175400.0
2005-12-29,11.47766997350015,11.59028117426016,11.261110162679394,11.555631637573242,1216100.0
2005-12-30,11.555632702880889,11.555632702880889,11.295760740716497,11.304423332214355,785700.0
2006-01-03,11.746204063539745,12.170661078623262,11.746204063539745,12.084036827087402,2813600.0
2006-01-04,12.08403734151292,12.300597153461576,11.919452247920397,12.239960670471191,1414100.0
2006-01-05,12.040723164492588,12.09269787400229,11.746202564304223,11.867475509643555,1027400.0
2006-01-06,12.27460914004382,12.430532455444336,12.248622196180417,12.430532455444336,1876200.0
2006-01-09,12.473844573990524,12.473844573990524,11.945438941410641,12.161998748779297,2257500.0
2006-01-10,12.118686861236423,12.34390926361084,12.032063432245577,12.34390926361084,922100.0
2006-01-11,12.439197504407279,12.543146133422852,12.170663752644616,12.543146133422852,947400.0
2006-01-12,12.343908371404671,12.404544849926527,12.136011165521113,12.196647644042969,930600.0
2006-01-13,12.413209063336659,12.950277328491211,12.413209063336659,12.950277328491211,2039800.0
2006-01-17,12.99358774722251,13.348745680135648,12.872313964182144,13.175498008728027,2456400.0
2006-01-18,12.681743424630596,12.846328525225042,12.517157497925993,12.560469627380371,2404500.0
2006-01-19,13.270787054501314,13.49600949186064,13.149514069854176,13.400723457336426,1989100.0
2006-01-20,13.738555688524698,13.833842545006464,13.296774251247312,13.556645393371582,2779400.0
2006-01-23,13.773204104767817,13.998426513924509,13.599956415458879,13.851165771484375,2209200.0
2006-01-24,13.859828013125874,13.859828013125874,13.305434595201193,13.755879402160645,1714400.0
2006-01-25,14.284285650700033,14.388235092163086,13.99842675195204,14.388235092163086,2292100.0
2006-01-26,14.310272698127227,14.67409324645996,14.206323261937772,14.674093246459961,2317800.0
2006-01-27,14.821353390905026,15.115874854067219,14.44020767642098,14.665430068969727,1806000.0
2006-01-30,14.74339333076566,15.072563538865582,14.691417782996973,15.0639009475708,1760500.0
2006-01-31,15.401736497132466,16.276638453630444,15.375748721395528,16.138038635253906,3821500.0
2006-02-01,16.198672121996374,16.319945069465398,15.52300501705469,16.034086227416992,2604800.0
2006-02-02,16.034089429821716,16.155362401511955,15.471034222690905,15.774216651916504,2970600.0
2006-02-03,15.869502306866385,15.938801378643175,15.202497708377171,15.410396575927734,2565500.0
2006-02-06,15.635620462993833,16.259313886575363,15.609634338491624,16.207338333129883,1784100.0
2006-02-07,15.45370877755715,15.7049173078174,14.48352006387478,14.639443397521973,3961300.0
2006-02-08,14.648108257069794,15.072565368722385,14.362249318519252,14.881993293762207,2087900.0
2006-02-09,15.219826780505695,15.375750144922177,14.985941733880972,15.011929512023926,2663800.0
2006-02-10,14.968615880845407,14.977278472217202,13.859828968561182,14.111039161682129,2627600.0
2006-02-13,13.617282213689473,13.790529910838666,12.915628007597514,12.967602729797363,2921200.0
2006-02-14,13.071552770672422,13.166838807946974,12.837667734484516,12.976265907287598,2989800.0
2006-02-15,12.880975829352119,13.166834677614371,12.45651885176393,12.586454391479492,2379800.0
2006-02-16,12.508494733981705,13.123524650627482,12.456520840242707,12.958939552307129,1760400.0
2006-02-17,13.253460559503456,13.721229716845453,13.253460559503456,13.591293334960938,2280800.0
2006-02-21,13.591293809362348,13.842503165108685,13.51333296884257,13.686580657958984,2384400.0
2006-02-22,13.556645025722228,13.669256236440217,13.236136576498803,13.5653076171875,1312500.0
2006-02-23,13.565306207086298,13.565306207086298,12.958938911421683,12.9935884475708,1080500.0
2006-02-24,12.984927372284288,13.314098417168632,12.785692722704665,13.27078628540039,2311700.0
2006-02-27,13.010914109414625,13.036901055959076,12.569131887608265,12.629768371582031,1296400.0
2006-02-28,12.456520274423873,12.508494165802034,11.919452048892259,12.11868667602539,3568000.0
2006-03-01,12.136013585378235,12.534483722496265,12.136013585378235,12.413209915161133,1376100.0
2006-03-02,12.387222170751809,13.019576464011704,12.222636240923773,12.906965255737305,2704300.0
2006-03-03,12.447859456383997,12.647094937998123,12.300598699659275,12.413209915161133,3262800.0
2006-03-06,12.08403816408891,12.439196147683143,11.694230641268657,11.806841850280762,3781700.0
2006-03-07,11.339071572244547,11.676904340831722,11.339071572244547,11.477669715881348,2848300.0
2006-03-08,10.957928552974323,11.209137956782984,10.793343423352225,11.105189323425293,3830200.0
2006-03-09,11.217798288642681,11.486332823613617,11.05321319219027,11.17448616027832,2653400.0
2006-03-10,10.698056290757709,11.382385343433766,10.611432025412295,11.235124588012695,3640600.0
2006-03-13,11.477668031371932,11.650915685491398,11.32174472960942,11.494993209838867,1670900.0
2006-03-14,11.668242376007889,11.96276383923205,11.624930250337849,11.919451713562012,2148700.0
2006-03-15,12.387220655786185,12.456519725308928,12.17932344721796,12.361233711242676,2605400.0
2006-03-16,12.491169810712684,12.534481937601223,12.040725012848041,12.11868667602539,1882200.0
2006-03-17,12.343908423880848,12.439194437121708,12.066712148191025,12.153335571289062,1679200.0
2006-03-20,12.456521219936214,12.603781966869013,12.058051109313965,12.058051109313965,2111400.0
2006-03-21,12.058050430390331,12.222635524460589,11.824165436274036,12.032063484191895,1981400.0
2006-03-22,12.265947616594195,12.335246690328955,12.1186868783803,12.239960670471191,1404100.0
2006-03-23,12.36123284062503,12.69040298461914,12.300595539480842,12.69040298461914,1396200.0
2006-03-24,12.863652849140808,13.305434226989746,12.829003313111281,13.305434226989746,1686500.0
2006-03-27,13.634604674985065,13.747215869005355,13.409382286944481,13.65192985534668,2244400.0
2006-03-28,13.435369562635547,13.513331219171194,13.080211639404297,13.080211639404297,1197700.0
2006-03-29,13.1321887895607,13.712569236755371,13.1321887895607,13.712569236755371,1148500.0
2006-03-30,14.266960628464094,14.344922297380865,13.955115605017346,14.093713760375977,3003300.0
2006-03-31,13.85116542235124,14.050400053507065,13.521994407906286,13.755879402160645,1755900.0
2006-04-03,13.989766048432848,14.370911848931124,13.981103456123735,14.197663307189941,1810200.0
2006-04-04,14.249638311295918,14.33626092660408,14.024415876609641,14.171676635742188,1642200.0
2006-04-05,14.336258847398136,14.344921438116703,13.83384097737314,14.007088661193848,2719700.0
2006-04-06,14.033076985613327,14.102376061868837,13.340084570837924,13.95511531829834,3348500.0
2006-04-07,13.279445923905534,13.452693586341644,13.088873082170805,13.149510383605957,1939700.0
2006-04-10,13.539319214771627,13.55664356973134,13.19282302836626,13.305434226989746,1885400.0
2006-04-11,13.72989288442709,13.764542422496836,12.777029348343827,12.811678886413574,2025600.0
2006-04-12,13.04556302884276,13.296772369832404,12.958938776318016,13.28810977935791,1233300.0
2006-04-13,13.331422728958968,13.478683471679688,13.166836804219269,13.478683471679688,1345900.0
2006-04-17,13.773203813300555,14.050400110328852,13.660593437215404,13.981101036071777,1213300.0
2006-04-18,14.137024075423149,14.318935174243931,13.92912685692813,14.301609992980957,1617600.0
2006-04-19,14.336259171195646,15.384409540732145,14.327598232501707,15.202498435974121,2489300.0
2006-04-20,15.150526466720583,15.15918905873489,13.686582286822693,13.712569236755371,3456800.0
2006-04-21,14.240972902800797,14.622116960992969,14.033075693181388,14.50084400177002,1913300.0
2006-04-24,14.214987479231086,14.587470660887131,14.128363214531007,14.405559539794922,1331300.0
2006-04-25,14.258298037226636,14.336259706143409,13.825179214786004,14.093713760375977,1736000.0
2006-04-26,14.04174015302469,14.535498008457617,13.816518532504315,14.466198921203613,1919200.0
2006-04-27,13.989764955099309,14.440209806646608,13.885817159954803,13.894479751586914,1753400.0
2006-04-28,14.076387386157961,14.587468660356082,14.007088314345685,14.552818298339844,1829400.0
2006-05-01,14.726067098578998,14.726067098578998,14.249636176866005,14.422883033752441,1223800.0
2006-05-02,14.552818628868891,14.67409324645996,14.292947516725611,14.674093246459961,1415100.0
2006-05-03,14.899315646637165,14.942626947916946,14.240973623419034,14.483519554138184,1671200.0
2006-05-04,14.29294744769785,14.916639105161746,14.119698938958875,14.821353912353516,1892700.0
2006-05-05,14.66543087863214,14.734729953071513,13.903139407578772,14.04173755645752,2466400.0
2006-05-08,13.461357259074155,13.799190847588731,13.322759117973844,13.729891777038574,1656100.0
2006-05-09,13.773206588749765,14.61345989218466,13.773206588749765,14.561484336853027,2357600.0
2006-05-10,14.292949279267143,14.596133382301748,14.180338890710518,14.570145606994629,1506900.0
2006-05-11,14.726067362239059,14.734729953071513,13.972438482018145,14.04173755645752,2184900.0
2006-05-12,14.12836132727358,14.292947242996409,12.90696414959514,13.305434226989746,3394400.0
2006-05-15,12.378558183138018,12.612443164581231,12.014737651633073,12.170660972595215,4374600.0
2006-05-16,12.430533951757718,12.491170436774732,11.676905054011247,12.023401260375977,2778700.0
2006-05-17,12.586456330193494,12.742379662757328,11.694230115644082,11.754866600036621,3585400.0
2006-05-18,12.14467258351199,12.335244590790936,11.78085209527403,11.867475509643555,2651400.0
2006-05-19,11.711555799808808,12.075375547877378,11.477670790932395,11.91079044342041,3465900.0
2006-05-22,11.60760558463301,11.60760558463301,11.148499014825125,11.512319564819336,4209800.0
2006-05-23,12.032064418700594,12.716393446550912,12.032064418700594,12.30059814453125,2754200.0
2006-05-24,11.954103437793883,12.075376420544206,11.365060403485792,11.642256736755371,2409900.0
2006-05-25,12.006075890097996,12.534482369340488,11.806841256102402,12.525819778442383,1913200.0
2006-05-26,12.222636780226066,12.499833930559339,12.040726485927129,12.335247993469238,1227200.0
2006-05-30,12.551808271591458,12.733718572314967,11.93677828591771,11.954103469848633,1899700.0
2006-05-31,12.42187213897705,12.50849557641274,12.248624437995474,12.42187213897705,2447500.0
2006-06-01,11.763528304073047,12.326583455264155,11.694229233960606,12.274609565734863,2083400.0
2006-06-02,12.430532591021406,12.65575415047742,12.196647615369699,12.508493423461914,1247000.0
2006-06-05,12.759704370462876,12.932952889694466,12.239961291098597,12.309260368347168,2092000.0
2006-06-06,12.283272798082946,12.456520482419846,11.997413912399532,12.239960670471191,2111900.0
2006-06-07,11.780855977207638,12.378560789915218,11.694231708184393,11.720218658447266,1675300.0
2006-06-08,11.339073153598726,11.668244203697576,10.914616072988453,11.607606887817383,2193100.0
2006-06-09,11.997413888862539,12.092699908533367,11.55563167508756,11.616268157958984,1586900.0
2006-06-12,11.737543501577314,11.858816483353094,11.191812605255612,11.209136962890625,1258000.0
2006-06-13,10.594105261057969,11.035887461398906,10.308246384627973,10.585443496704102,3237800.0
2006-06-14,10.94060291649424,11.07920107812324,10.51614583997788,10.845316886901855,1729000.0
2006-06-15,11.304420377252464,11.512317562195825,11.053211072251742,11.494993209838867,1958000.0
2006-06-16,11.43435828588332,11.572956437961517,11.165824572759348,11.39970874786377,1843200.0
2006-06-19,11.295762697028573,11.304425290026705,10.888629913330078,10.888629913330078,1109900.0
2006-06-20,11.009901472340447,11.4170341722956,10.888627673642482,11.313085556030273,1332700.0
2006-06-21,11.087862603304073,12.092700004577637,11.087862603304073,12.092700004577637,1819200.0
2006-06-22,12.12734845605949,12.603780167769552,12.09269892208658,12.491168975830078,3098400.0
2006-06-23,11.902127241558501,12.846328167725147,11.902127241558501,12.73371696472168,1946300.0
2006-06-26,12.941612737300838,12.950275327200975,12.699066002867273,12.932950973510742,1305800.0
2006-06-27,12.872314468697253,12.941613539976396,12.352571434103677,12.395883560180664,1560400.0
2006-06-28,12.499832153320312,12.60378076012444,12.231297632827077,12.499832153320312,910900.0
2006-06-29,12.551806886418065,13.521994774506837,12.534482530509235,13.478683471679688,1809100.0
2006-06-30,13.651931732299207,14.18899917958755,13.599957010178622,14.111039161682129,2044000.0
2006-07-03,14.353585209679423,14.812692642211914,14.275623539018804,14.812692642211914,1132200.0
2006-07-05,14.622117653092818,14.622117653092818,13.833840902502386,13.885815620422363,2071600.0
2006-07-06,14.015752520929015,14.336260145434192,13.98976474642033,14.206324577331543,1819100.0
2006-07-07,14.258297634832843,14.292947998804776,13.851165771484375,13.851165771484375,1252100.0
2006-07-10,13.68658170208692,13.937791076997627,13.487346224821072,13.703906059265137,1215900.0
2006-07-11,13.955115131184623,14.266960144042969,13.790529207701983,14.266960144042969,1210600.0
2006-07-12,14.223647030165159,14.379570342847638,13.972436881461148,14.102374076843262,2471400.0
2006-07-13,13.78186623379049,13.877153079298987,13.38339614868164,13.38339614868164,1372700.0
2006-07-14,13.677918827905492,13.76454309033785,13.322760838931162,13.5653076171875,1264700.0
2006-07-17,13.426708726508837,13.59129382482919,12.958939552307129,12.958939552307129,1698900.0
2006-07-18,13.262123707430433,13.322760192524951,12.577794710970322,12.811678886413574,2327000.0
2006-07-19,12.603781453158902,13.42670858852382,12.603781453158902,13.418045997619629,1571700.0
2006-07-20,13.158175074676308,13.210149798025881,12.42187213897705,12.42187213897705,1711700.0
2006-07-21,12.681743722248742,12.733717617925603,11.867478312949574,11.91079044342041,3323100.0
2006-07-24,11.798177586377783,12.231297178356895,11.590280380494224,12.196647644042969,1863400.0
2006-07-25,12.08403510136214,12.491167703661787,11.919450038280564,12.456518173217773,1375000.0
2006-07-26,12.456520322649894,12.785691331723047,12.23996051347888,12.63843059539795,898300.0
2006-07-27,12.984927172381568,12.984927172381568,12.15333739445243,12.30059814453125,1403600.0
2006-07-28,12.387219783338248,12.69040298461914,12.378557193730504,12.69040298461914,1013600.0
2006-07-31,12.543142872624006,12.603780176702116,12.300596134641735,12.38722038269043,1065300.0
2006-08-01,12.127348464654396,12.430532506714778,12.040724216605701,12.38722038269043,1921900.0
2006-08-02,12.67308083351769,12.751042501313538,12.300597676764262,12.560469627380371,2208500.0
2006-08-03,12.369897562763432,12.369897562763432,12.07537605453641,12.23129940032959,1038300.0
2006-08-04,12.638430219474706,12.638430219474706,12.006075165927147,12.084036827087402,1784300.0
2006-08-07,12.118687283418447,12.144675056520153,11.754866721096064,12.023401260375977,1921900.0
2006-08-08,11.763531277902615,12.023403269575146,11.737544326568448,11.876142501831055,1288800.0
2006-08-09,11.954101248876025,12.179323641472159,11.806840517263945,11.919451713562012,1507200.0
2006-08-10,11.789517342363874,11.94544069086003,11.659581769357228,11.832829475402832,1580900.0
2006-08-11,11.936777812713927,12.014739485092013,11.529645919799805,11.529645919799805,1297500.0
2006-08-14,11.503656346598198,11.668242257247153,11.373720797020665,11.44301986694336,1217000.0
2006-08-15,11.74620532989502,11.832828764659642,11.590281990764456,11.74620532989502,1030300.0
2006-08-16,12.127350072471083,12.248623870595454,12.049388404113285,12.144675254821777,1483900.0
2006-08-17,12.26594755672361,12.26594755672361,11.79817839824212,11.824165344238281,1265000.0
2006-08-18,11.685568718736512,11.858816424782116,11.460346287822112,11.832829475402832,1396200.0
2006-08-21,12.006074764036093,12.508493423461914,11.919451341509951,12.508493423461914,1726800.0
2006-08-22,12.5344820022583,12.5344820022583,12.317922192808622,12.5344820022583,1195500.0
2006-08-23,12.647093632661004,12.690404935136648,12.213973999023438,12.213973999023438,1344700.0
2006-08-24,12.213974096459625,12.369896604058114,11.92811520206722,11.962764739990234,1373400.0
2006-08-25,12.187987417602706,12.213975192960612,11.99741535497273,12.040726661682129,887100.0
2006-08-28,12.179322814330076,12.179322814330076,11.858813601804787,11.893463134765625,943100.0
2006-08-29,11.85881519317627,11.902127321717014,11.633593611762647,11.85881519317627,916100.0
2006-08-30,11.910790034702847,12.231298467412541,11.850153549790516,12.127349853515625,2078200.0
2006-08-31,12.040726008722745,12.127350269664419,11.772192286801873,11.91079044342041,1756700.0
2006-09-01,11.910789150125773,12.205310614015588,11.772191008556469,12.084036827087402,998900.0
2006-09-05,12.447858421243051,12.612444347947655,12.30926026787717,12.560469627380371,1953500.0
2006-09-06,12.421870243213602,12.595117917754989,12.31792163848877,12.31792163848877,1256100.0
2006-09-07,11.806842025628985,11.893465461925421,11.590282195722606,11.676905632019043,1795700.0
2006-09-08,11.261109718653591,11.373720914973337,11.087862042050169,11.252447128295898,1814900.0
2006-09-11,10.827990021127015,10.879964736716857,10.48149467089498,10.56811809539795,3990700.0
2006-09-12,10.680729513477402,10.810665065996456,10.438182763257123,10.585443496704102,1743600.0
2006-09-13,10.74136660580581,10.94060206726514,10.611431045892006,10.758691787719727,1539500.0
2006-09-14,10.741368471408448,10.75869365633147,10.33423653904086,10.386210441589355,2676300.0
2006-09-15,10.568118043059833,10.68939182809548,10.316908708858191,10.611430168151855,2691400.0
2006-09-18,10.646080846048086,11.001238822937012,10.533469639162057,11.001238822937012,1584100.0
2006-09-19,10.741366008952088,10.862639797280389,10.481494903564453,10.481494903564453,2252300.0
2006-09-20,10.59410726546053,10.62875763387222,10.40353519585774,10.43818473815918,2652600.0
2006-09-21,10.646079821603896,10.654742411940818,10.351558359029177,10.420857429504395,2564800.0
2006-09-22,10.724043503453608,10.975252887796348,10.654744419918385,10.957927703857422,3109800.0
2006-09-25,10.750030305676194,11.04455181971284,10.585445191067013,10.983915328979492,2025100.0
2006-09-26,11.139834486256486,11.494993209838867,11.122510133899528,11.494993209838867,1751800.0
2006-09-27,11.564293222978032,11.65091664411001,11.17448493649896,11.598942756652832,2305400.0
2006-09-28,11.598942440445038,11.676903269505454,11.512318195564541,11.564292907714844,1529800.0
2006-09-29,11.261110268645549,11.417033598258959,11.191811194619618,11.20047378540039,2200100.0
2006-10-02,11.56429588760598,11.754867953673697,11.56429588760598,11.642256736755371,1652400.0
2006-10-03,11.35639728323066,11.44302154640266,11.096526145935059,11.096526145935059,2432400.0
2006-10-04,11.269772720956924,11.780854005201215,11.113849393259313,11.763528823852539,3127700.0
2006-10-05,11.720216808214575,12.343909298834966,11.650917734380101,12.136012077331543,2792200.0
2006-10-06,11.858814135653091,12.127348647770729,11.564293505282544,11.945438385009766,1630000.0
2006-10-09,12.084037062366255,12.1966482611114,11.928114563119987,11.997413635253906,1811000.0
2006-10-10,11.91078945829253,12.274610002380092,11.89346427709307,12.11868667602539,1593800.0
2006-10-11,12.049386988571735,12.213972897127404,11.945438385009766,11.945438385009766,1487200.0
2006-10-12,11.95410293327169,12.456521679173367,11.95410293327169,12.42187213897705,1836300.0
2006-10-13,12.456520041022392,12.456520041022392,12.274609772387116,12.395883560180664,2585400.0
2006-10-16,12.473845059163889,12.525819778442383,12.16199922182334,12.525819778442383,1317900.0
2006-10-17,12.473843804629071,12.473843804629071,12.118685874627516,12.38722038269043,1396900.0
2006-10-18,12.387220495824595,12.491169098766374,12.144673755627108,12.196647644042969,1054200.0
2006-10-19,12.32658394148122,12.66441754118764,12.291934405058262,12.63843059539795,1476100.0
2006-10-20,12.569131026767781,12.647092687171797,12.274609565734863,12.274609565734863,999800.0
2006-10-23,12.136011046080231,12.508493329761507,12.084036332065837,12.491168975830078,1463200.0
2006-10-24,12.170663067722359,12.742380908188867,12.136013526667123,12.62110710144043,1559600.0
2006-10-25,12.62110675703906,13.279448845234107,12.62110675703906,13.210149765014648,2094500.0
2006-10-26,13.17549980256244,13.210149341561474,12.872315716738271,12.906965255737305,1360100.0
2006-10-27,12.90696523560891,12.967602548345285,12.56046984615894,12.577795028686523,1518400.0
2006-10-30,12.664418185431527,12.898303187766896,12.59511910906034,12.603781700134277,1050100.0
2006-10-31,12.950275857214738,13.461357116699219,12.906963732051462,13.461357116699219,2454200.0
2006-11-01,13.816516636587336,13.851166175459692,13.357410040001069,13.47002124786377,2055300.0
2006-11-02,13.426707157380221,13.877151923063867,13.409381977418521,13.617280006408691,1572100.0
2006-11-03,13.729894420783985,13.868492588571922,13.59995801890011,13.712569236755371,1092400.0
2006-11-06,13.669254644211414,13.937789165584006,13.496006965637207,13.496006965637207,1490800.0
2006-11-07,13.77320448264733,13.799192256339277,13.461358633335488,13.573969841003418,1301100.0
2006-11-08,13.53065652987306,13.565306065660938,13.132186455257408,13.28810977935791,1998900.0
2006-11-09,13.599954902274023,13.885814590465571,13.314096040192528,13.842501640319824,1551800.0
2006-11-10,13.729894735344045,13.790531228612926,13.470022751732719,13.582633972167969,748300.0
2006-11-13,13.149513496784778,13.591294934062166,13.12352572168418,13.556645393371582,1134400.0
2006-11-14,13.582632734752645,13.72989348451286,13.244799104224471,13.444034576416016,1428400.0
2006-11-15,13.21014830491119,13.634605330868139,13.1495118229488,13.51333236694336,1067300.0
2006-11-16,13.487343891391811,13.599955084953221,12.924288749694824,12.924288749694824,1668700.0
2006-11-17,12.72505399144637,12.932952035572173,12.569131490989653,12.846327781677246,2368400.0
2006-11-20,13.253459634572748,13.279446578692031,12.85498957826682,13.010912895202637,1886600.0
2006-11-21,13.366072970147341,13.573970208652774,13.29677389064553,13.5653076171875,2174000.0
2006-11-22,13.807853627285402,13.885816120025469,13.565306862522423,13.686580657958984,1125900.0
2006-11-24,14.03307737403563,14.474857964754882,14.03307737403563,14.275623321533203,1812800.0
2006-11-27,14.630782097157462,14.717406362627411,14.414222259592808,14.570145606994629,2624700.0
2006-11-28,14.518165778745406,14.95128527696972,14.370905083260347,14.90797233581543,2551500.0
2006-11-29,14.691418467074566,14.726068833867117,14.414222141615864,14.656769752502441,2143700.0
2006-11-30,14.743391327449467,14.786702625817929,14.57014282953537,14.691415786743164,2591200.0
2006-12-01,14.708742667706716,14.75205562330345,14.180337827189078,14.327598571777344,2105100.0
2006-12-04,14.396897717802917,14.50950809845578,14.21498660786174,14.448871612548828,1486500.0
2006-12-05,14.457536119801716,14.535497798363194,13.989766048432848,14.197663307189941,1773000.0
2006-12-06,14.024413056209182,14.076386945385888,13.729891597174266,13.773202896118164,2611900.0
2006-12-07,13.807852611824936,13.877152508485176,13.591292809828177,13.729891777038574,1897800.0
2006-12-08,13.68658077812043,13.764542445434817,13.305435032607901,13.331422805786133,2063800.0
2006-12-11,13.166836284185738,13.461357757994847,13.106199801734492,13.426708221435547,1718500.0
2006-12-12,13.305433546032312,13.444032509167178,13.054224216147334,13.279446601867676,1631000.0
2006-12-13,13.400720882725484,13.799190954532056,13.357408756768448,13.643267631530762,1745000.0
2006-12-14,13.599957986711367,13.84250477976619,13.530658902981417,13.81651782989502,1970300.0
2006-12-15,13.790530880023848,13.937791639477553,13.547984086969025,13.81651782989502,3355100.0
2006-12-18,13.73855496759699,13.79052968896061,13.444034300237046,13.47002124786377,1405000.0
2006-12-19,13.513331480312692,13.868489410407273,13.470019356277,13.842501640319824,1491700.0
2006-12-20,13.903140800277418,13.937791167078215,13.556645393371582,13.556645393371582,2100200.0
2006-12-21,13.669256377996104,13.703905918105834,13.210149765014648,13.210149765014648,1744100.0
2006-12-22,13.513332269277008,13.521994033701814,13.253460336000508,13.305434226989746,1128200.0
2006-12-26,13.504669212168332,13.63460476126238,13.244797287870165,13.296772003173828,517200.0
2006-12-27,13.573971379955196,13.625945281011305,13.392061074038295,13.582633972167969,957300.0
2006-12-28,13.747217511649882,13.833841771588487,13.599956765420355,13.677918434143066,963000.0
2006-12-29,13.677917167074373,13.677917167074373,13.409382647028819,13.643267631530762,744500.0
2007-01-03,13.773204232503312,13.833841543906413,13.184162083390028,13.227474212646484,1839800.0
2007-01-04,12.915627223372248,13.140849629045988,12.742379536742499,12.837665557861328,1509000.0
2007-01-05,12.54314314915732,12.58645527413655,12.084036607041636,12.361233711242676,3761900.0
2007-01-08,12.136011803205887,12.21397346603622,11.997413658667565,12.161998748779297,2076500.0
2007-01-09,11.668242821399579,11.772191431309471,11.434357829519731,11.65958023071289,4173600.0
2007-01-10,11.13117593619848,11.486333936188885,11.13117593619848,11.339073181152344,3295100.0
2007-01-11,11.347735379236923,11.676905592606621,11.347735379236923,11.45168399810791,2709900.0
2007-01-12,11.451684036760154,11.74620553761046,11.40837190555684,11.676905632019043,2852200.0
2007-01-16,11.51232218634649,11.555634323801023,11.382386600093199,11.43436050415039,1566600.0
2007-01-17,11.191813690959439,11.581621275829619,11.18315109824647,11.43436050415039,3618500.0
2007-01-18,11.633594347113917,11.798179454639888,11.287098122996314,11.408371925354004,2676500.0
2007-01-19,11.624931921338243,11.668244053234089,11.469008576957277,11.633594512939453,1734200.0
2007-01-22,11.44302085610701,11.668243265879598,11.356396598160584,11.503657341003418,2231100.0
2007-01-23,11.598945460367077,12.01473996138639,11.590282868401614,11.954103469848633,2284900.0
2007-01-24,11.997413658667565,12.161998748779297,11.772191260737738,12.161998748779297,1995800.0
2007-01-25,12.265947066702152,12.473844278586235,11.850152642933983,11.919451713562012,2271300.0
2007-01-26,11.893462451343414,11.997411870362816,11.737539975034275,11.867475509643555,1299000.0
2007-01-29,11.469006759240704,11.82416469749949,11.460344169012423,11.486331939697266,2350700.0
2007-01-30,11.55563167508756,11.66824287621315,11.46034482930661,11.616268157958984,2279300.0
2007-01-31,11.42569426216878,11.772190425026839,11.399707318440191,11.598942756652832,2700500.0
2007-02-01,11.824165839051128,11.945439635625092,11.668243330439063,11.81550407409668,2443900.0
2007-02-02,11.425695694850894,11.538306899941968,11.165824572759348,11.39970874786377,2777100.0
2007-02-05,11.304423332214355,11.408371951858072,11.2524486093374,11.304423332214355,1915900.0
2007-02-06,11.694231030067824,11.694231030067824,11.425696472555554,11.529645919799805,2215500.0
2007-02-07,11.382384977030997,11.46034582200002,11.304423305951781,11.408371925354004,1945900.0
2007-02-08,11.243785034638801,11.512319564819336,11.113849477973778,11.512319564819336,3092700.0
2007-02-09,11.45168346794817,11.676905052020167,11.373721800876645,11.39970874786377,3188500.0
2007-02-12,11.39970874786377,11.685567643052591,11.321747080792246,11.39970874786377,1785000.0
2007-02-13,11.52964474630007,11.60760558463301,11.434357900376273,11.512319564819336,1385100.0
2007-02-14,11.668243351665385,11.858815398772384,11.564294737031524,11.711555480957031,1977300.0
2007-02-15,11.876142501831055,11.910792045646707,11.694232190271311,11.876142501831055,1647700.0
2007-02-16,11.590281831073675,11.74620516805593,11.572956648693351,11.685567855834961,1563100.0
2007-02-20,11.35639683688868,11.512320174025923,11.31308553311515,11.417034149169922,1704200.0
2007-02-21,11.382383503139751,11.980088193834014,11.382383503139751,11.919451713562012,3079700.0
2007-02-22,12.11868667602539,12.257284821180633,11.99741371206961,12.11868667602539,3219000.0
2007-02-23,12.525819556154605,12.53448214689898,12.144674650613426,12.239960670471191,2123200.0
2007-02-26,12.473843804629071,12.499831574709713,12.24862224670056,12.38722038269043,1434600.0
2007-02-27,12.00607593795605,12.110024550817254,11.451683336029623,11.59028148651123,3829500.0
2007-02-28,11.798180421214623,12.058052404065482,11.546971030551186,11.988753318786621,3951100.0
2007-03-01,11.633595002118685,12.075376452924148,11.252449216740741,11.954103469848633,4124700.0
2007-03-02,11.607604520488998,11.89346337983362,11.546968043085608,11.598942756652832,2786800.0
2007-03-05,11.105187497389453,11.555632327316035,11.087863141066983,11.313085556030273,3407000.0
2007-03-06,11.53830811177928,11.711556646183002,11.469009028461885,11.642256736755371,1719400.0
2007-03-07,11.408371535280006,11.754866921440078,11.408371535280006,11.52098274230957,1873900.0
2007-03-08,11.74620553761046,11.798179434166284,11.616269144000519,11.676905632019043,1189700.0
2007-03-09,11.919451848329066,11.954101384034844,11.555631310363346,11.624930381774902,1391500.0
2007-03-12,11.63359396091432,11.815504245356895,11.529645344962871,11.685567855834961,1345800.0
2007-03-13,11.607608227858215,11.659582958025716,11.417036144834764,11.43436050415039,2822700.0
2007-03-14,11.443018500548037,11.572954034610143,11.269770846428571,11.494993209838867,2348000.0
2007-03-15,11.5902820235906,11.824166206838681,11.494995997246594,11.806841850280762,2708500.0
2007-03-16,11.928116860600571,12.075376797666385,11.685569235304527,11.884804725646973,1604900.0
2007-03-19,12.144673755627108,12.335245781298674,12.136011165521113,12.196647644042969,2407500.0
2007-03-20,12.421871575403635,12.430534166587249,12.222636108731372,12.309260368347168,2114100.0
2007-03-21,12.473845381147287,12.742379923149182,12.291935098142174,12.725054740905762,2174500.0
2007-03-22,12.681742777129962,12.690404541690462,12.517156858828738,12.595118522644043,1289000.0
2007-03-23,12.50849659041766,12.629770403990962,12.413210553680953,12.543146133422852,957900.0
2007-03-26,12.482507393520653,12.525819521010886,12.300597118949764,12.447857856750488,1733300.0
2007-03-27,12.274610280746826,12.335246764099846,12.032063521224616,12.092700004577637,2128900.0
2007-03-28,12.118686362479728,12.118686362479728,11.919451740501376,12.084036827087402,1454000.0
2007-03-29,12.058049035912129,12.101361158640684,11.737540649496868,11.893463134765625,1474200.0
2007-03-30,12.101363978073687,12.248624733994264,12.032064896006382,12.040726661682129,1585500.0
2007-04-02,12.187985520233141,12.395883560180664,12.118686448953998,12.395883560180664,1677600.0
2007-04-03,12.603782241030686,13.062888848220078,12.577795292803788,12.9849271774292,3150700.0
2007-04-04,13.149511982481945,13.41804568538197,13.088874673673779,13.38339614868164,2192900.0
2007-04-05,13.530658012321316,13.643269222497374,13.392059853984687,13.444034576416016,2003600.0
2007-04-09,13.591293685152747,13.591293685152747,13.288110438497323,13.418045997619629,1190600.0
2007-04-10,13.70390479392012,13.7732038684547,13.617281363806963,13.669255256652832,1319700.0
2007-04-11,14.076388207461914,14.111038571499869,13.357409675877285,13.478683471679688,1962500.0
2007-04-12,13.521994516739317,13.669255256652832,13.383396367670159,13.669255256652832,1232200.0
2007-04-13,13.738554964969525,13.9377904330301,13.695243660969991,13.9031400680542,1482300.0
2007-04-16,14.07638912616983,14.154350798123174,14.00709004579135,14.11970043182373,2158800.0
2007-04-17,14.17167250188222,14.466193934235761,14.04173531238154,14.240971565246582,2271100.0
2007-04-18,14.206324292076477,14.206324292076477,14.007089648171576,14.067726135253906,1429300.0
2007-04-19,13.807854900059157,13.946453890238145,13.547983755485333,13.721231460571289,2141700.0
2007-04-20,13.9551157524182,14.145687804994147,13.9551157524182,14.067726135253906,1755300.0
2007-04-23,14.128360458521685,14.197659526319544,14.067723980726072,14.180335998535156,1684600.0
2007-04-24,14.180336143685834,14.188997081556629,13.946451167891464,14.154348373413086,2000000.0
2007-04-25,14.292948389423534,14.466196909577409,14.085051156571087,14.362247467041016,1439500.0
2007-04-26,14.1370234365801,14.163011207300189,13.89447751873985,13.963776588439941,1625800.0
2007-04-27,13.989764465513664,14.137025213665192,13.946453161089245,14.067726135253906,990700.0
2007-04-30,13.885815785449775,13.981100979530245,13.72989245594687,13.755879402160645,919600.0
2007-05-01,13.599956674515452,13.790529549440453,13.444034164222417,13.66059398651123,1604100.0
2007-05-02,13.634604552311034,13.955113777236658,13.539318539509669,13.946451187133789,1290400.0
2007-05-03,13.799191622029843,14.08505051061979,13.764542084810156,14.04173755645752,1396100.0
2007-05-04,14.067724853683114,14.214985588419177,13.989763191045187,14.13702392578125,1763300.0
2007-05-07,14.292947402349471,14.414220366749843,14.266959630455009,14.301609992980957,1027600.0
2007-05-08,14.102374178139048,14.145685475430804,13.877151797337726,14.01574993133545,1170500.0
2007-05-09,13.95511531829834,14.015751803494373,13.747217263421659,13.95511531829834,842400.0
2007-05-10,13.712567160389831,13.738554106387548,13.20148587447738,13.38339614868164,1343400.0
2007-05-11,13.40938336857102,13.634605774778475,13.40938336857102,13.625943183898926,918500.0
2007-05-14,13.68657954798028,14.45753273466186,13.279446891992471,13.521993637084961,1733200.0
2007-05-15,13.340084021278699,13.686580214392114,13.244798001880321,13.38339614868164,1408800.0
2007-05-16,13.279448904648753,13.296774087836233,12.915628318813702,13.166837692260742,1340400.0
2007-05-17,12.794355057662552,12.967602755150462,12.768367283456726,12.863654136657715,1373500.0
2007-05-18,12.958941486260086,13.062890115361204,12.863655449444963,13.019577980041504,1089500.0
2007-05-21,12.967600535134933,13.383394937923127,12.93295100156925,13.201484680175781,2121500.0
2007-05-22,13.314097537353318,13.504670408874116,13.097537718932912,13.12352466583252,1572800.0
2007-05-23,13.435370172045284,13.712566451314123,13.357408511973404,13.461357116699219,2369400.0
2007-05-24,13.340085192401297,13.357410375327495,12.846329044547346,12.88097858428955,1598500.0
2007-05-25,12.941616301688098,13.028240572327498,12.829005906411256,13.019577980041504,998800.0
2007-05-29,13.019576743258366,13.097538414205872,12.733717833857636,12.88097858428955,1040000.0
2007-05-30,12.543143681556792,12.794353851877052,12.499832380849263,12.785691261291504,881800.0
2007-05-31,12.777027659748429,12.976262270791347,12.681741649177038,12.932950973510742,1705600.0
2007-06-01,12.98492578856017,13.166836058911684,12.915626716627223,13.140849113464355,1945700.0
2007-06-04,12.898302499236225,12.932952035572173,12.768366118393832,12.846327781677246,1673400.0
2007-06-05,12.707729598241782,12.846327743170129,12.647093116363157,12.785691261291504,1492700.0
2007-06-06,12.543144922145109,12.577795287914421,12.213974708438537,12.30059814453125,2429500.0
2007-06-07,12.309260008223795,12.4132086210555,11.85881519317627,11.85881519317627,2270400.0
2007-06-08,11.815504417272711,11.945439982575044,11.564295051874069,11.91079044342041,2000300.0
2007-06-11,11.876141270963666,12.136013235702539,11.754867467122804,11.902128219604492,1158800.0
2007-06-12,11.57295868311665,11.668245550738686,11.391048366695857,11.43436050415039,2836300.0
2007-06-13,11.494994776792876,11.728878935208861,11.460344415135598,11.668242454528809,1701200.0
2007-06-14,11.720217006877727,11.876140338703328,11.711555242084188,11.798178672790527,1314100.0
2007-06-15,12.179325651926959,12.22263695863636,12.040726661682129,12.040726661682129,2635500.0
2007-06-18,12.43053314947986,12.54314352121201,12.283272415848467,12.352571487426758,2594600.0
2007-06-19,12.387220466703305,12.517156013547547,12.2832718640059,12.508493423461914,1107500.0
2007-06-20,12.777029448542102,12.794354630767915,12.560469627380371,12.560469627380371,2276600.0
2007-06-21,12.681743621826172,12.73371751709147,12.51715769256233,12.681743621826172,1490700.0
2007-06-22,12.725054392985111,12.768366521299289,12.612444015922442,12.629768371582031,1065500.0
2007-06-25,12.586455931973427,12.777028796176383,12.395883893880589,12.595118522644043,1443100.0
2007-06-26,12.517158287768176,12.586457368823941,12.28327409573252,12.335247993469238,1478400.0
2007-06-27,12.066714145437267,12.42187213897705,12.066714145437267,12.42187213897705,1160500.0
2007-06-28,12.4738458168448,12.517157947856035,12.326585067072713,12.404546737670898,1121300.0
2007-06-29,12.473844079634578,12.49983185028816,12.248622516740703,12.361233711242676,769300.0
2007-07-02,12.560470611121321,12.66441923428703,12.404547263317648,12.62110710144043,1120700.0
2007-07-03,12.647094655411005,12.647094655411005,12.404547046160236,12.439196586608887,550200.0
2007-07-05,12.27461017289967,12.482507393520653,12.17066156258918,12.447857856750488,996300.0
2007-07-06,12.413208179881106,12.837665207052591,12.361234288367514,12.742379188537598,1518400.0
2007-07-09,12.820342089939457,12.915628117655931,12.699068287846515,12.71639347076416,1548100.0
2007-07-10,12.612444291208215,12.78569198213618,12.569132161948684,12.603781700134277,1135000.0
2007-07-11,12.586454391479492,12.621103923810978,12.43919367254318,12.586454391479492,1207500.0
2007-07-12,12.664416469376762,12.950275327200975,12.629766935886254,12.932950973510742,2564200.0
2007-07-13,12.889641149857118,13.036901899993182,12.794355122285037,12.9849271774292,2660600.0
2007-07-16,12.924291303097329,12.993590385732416,12.846329628605297,12.889641761779785,1440600.0
2007-07-17,12.846328953853831,12.93295321565288,12.794355057662552,12.863654136657715,867500.0
2007-07-18,12.733719078940831,12.932954571522082,12.655757400370353,12.915629386901855,2469800.0
2007-07-19,13.002250984319005,13.080212646859362,12.82034071376154,13.036900520324707,1515100.0
2007-07-20,13.010912895202637,13.097536317636932,12.872313932309655,13.010912895202637,1319700.0
2007-07-23,13.158172607421875,13.227472500930467,13.10619871992799,13.158172607421875,744800.0
2007-07-24,13.071550180915969,13.201485735648252,12.742379172669398,12.846327781677246,1310000.0
2007-07-25,12.742379221063567,12.82034088464307,12.257284884407834,12.5344820022583,1483100.0
2007-07-26,12.09270064823285,12.231298803908384,11.720217485272219,12.058051109313965,3145100.0
2007-07-27,11.798181405223788,12.032066457129464,11.503659855169383,11.572958946228027,2160300.0
2007-07-30,11.642254880650482,12.196648284913879,11.520981917234502,12.161998748779297,1593900.0
2007-07-31,12.127351489344344,12.352573929555772,11.91945423350776,11.988753318786621,1311100.0
2007-08-01,11.737542771828725,11.945440007184835,11.62493156281662,11.806841850280762,1577200.0
2007-08-02,11.789515578068931,12.213973426998546,11.76352863257858,12.101362228393555,1737400.0
2007-08-03,12.05804993596218,12.118686416642234,11.65957986411449,11.668242454528809,2290800.0
2007-08-06,10.654743647611255,10.802004395976994,9.416021173514812,9.545957565307617,9612400.0
2007-08-07,8.151310282965412,8.445831726635962,7.71819070724049,8.185959815979004,10846700.0
2007-08-08,8.575769820783414,8.72303058643877,8.549782869817843,8.71436882019043,5888000.0
2007-08-09,8.454495914045003,8.567107124146586,8.298572572964318,8.359209060668945,2777100.0
2007-08-10,8.116661243576472,8.705704166740938,8.116661243576472,8.54978084564209,2558000.0
2007-08-13,8.627742179823795,8.705703837424108,8.489144044583261,8.61907958984375,1693200.0
2007-08-14,8.402520487944741,8.48914474264824,8.151311140636738,8.168636322021484,2366200.0
2007-08-15,8.151310647767385,8.367870445321715,8.082011578638804,8.177297592163086,2553600.0
2007-08-16,8.05602697082387,8.090676515437961,7.285073570522481,7.640231609344482,4891400.0
2007-08-17,7.90010290619418,8.047363664268268,7.6402309315863635,7.778829097747803,3192000.0
2007-08-20,7.761502377307634,7.900100501277595,7.458318361540858,7.770164966583252,2560500.0
2007-08-21,7.579593877215471,7.648892955146914,7.449658312621561,7.596919059753418,1907900.0
2007-08-22,7.683542286945099,7.796153492074955,7.605580619846726,7.744178771972656,3222400.0
2007-08-23,7.449657322564065,7.527618155293334,7.328383539246209,7.345707893371582,2435700.0
2007-08-24,7.5449452142372335,7.85679110113483,7.449659177546091,7.804817199707031,2192800.0
2007-08-27,8.00405143808859,8.030039213525468,7.761504650115967,7.761504650115967,2216400.0
2007-08-28,7.822141140581567,8.073350520366482,7.726855108977021,7.761504650115967,2215500.0
2007-08-29,7.839467286675197,7.917428970336914,7.700869105103402,7.917428970336914,1460100.0
2007-08-30,7.718191243990255,7.952076227679699,7.683541708567014,7.8308024406433105,1328800.0
2007-08-31,7.90010173197479,7.917426913224986,7.752840995788574,7.752840995788574,1928200.0
2007-09-04,7.856788791519265,8.359207430216262,7.770165372567039,8.22927188873291,3086800.0
2007-09-05,8.298569052403357,8.393855039245375,8.064684966114827,8.082009315490723,1739200.0
2007-09-06,8.393857884716228,8.59309333979267,8.211947610998656,8.541118621826172,3176200.0
2007-09-07,8.930929098183539,8.930929098183539,8.749018780533312,8.826979637145996,3299400.0
2007-09-10,9.208123558898953,9.242773096728547,8.93958902113698,9.034875869750977,4059100.0
2007-09-11,9.104175267287056,9.26009777997778,8.939589337194958,9.234110832214355,3737300.0
2007-09-12,9.442007848715523,9.667230260429802,9.381371363296353,9.571944236755371,3901700.0
2007-09-13,9.719205607257754,9.736529964446838,9.554619670355295,9.641243934631348,2344300.0
2007-09-14,9.528632391050365,9.79716694010481,9.502645443112897,9.710542678833008,2630300.0
2007-09-17,9.76251773939578,9.805829045423597,9.554619670355295,9.641243934631348,2140500.0
2007-09-18,9.78850457795784,10.169649519036055,9.485320482517517,10.057038307189941,3435900.0
2007-09-19,10.013725981342725,10.264935327984976,9.961751263436344,10.20429801940918,3227700.0
2007-09-20,10.472832299002876,10.65474256819561,10.36022110130165,10.585443496704102,3377000.0
2007-09-21,10.47283068083625,10.680727863188391,10.20429620071559,10.663403511047363,4421700.0
2007-09-24,10.481494723231336,10.706716288951698,10.481494723231336,10.524806022644043,2316200.0
2007-09-25,10.446845987893006,10.568118957309927,10.342896548235435,10.55079460144043,1748100.0
2007-09-26,10.550794344538346,10.60276823699147,10.368884068732164,10.472832679748535,1835100.0
2007-09-27,10.559457161974652,10.69805614992479,10.438184183419818,10.490158081054688,1263800.0
2007-09-28,10.542131228738723,10.57678076401856,10.195635875940361,10.316908836364746,2173700.0
2007-10-01,10.186973647812327,10.308246612548828,10.057037266310214,10.308246612548828,1857700.0
2007-10-02,9.779843504920269,9.944428639413415,9.580608824949072,9.58927059173584,3002500.0
2007-10-03,9.597931784490658,9.606594376124058,8.896278384389507,9.060863494873047,4332400.0
2007-10-04,9.312071433750036,9.3380583785334,9.104174223262966,9.320734024047852,2852900.0
2007-10-05,9.485318831767152,9.51996836583504,9.268759037315345,9.346720695495605,3016100.0
2007-10-08,9.121498985969488,9.234110186550607,8.913601766178246,9.000226020812988,2247100.0
2007-10-09,8.89627678872846,9.052199279611909,8.870289018489505,8.930926322937012,2365300.0
2007-10-10,8.982903002591994,9.026215140339252,8.679719690581827,8.826979637145996,3048600.0
2007-10-11,8.705703147106314,9.138822698443843,8.610416317101668,8.800989151000977,6525400.0
2007-10-12,9.000226206073647,9.000226206073647,8.731691672066521,8.766341209411621,2051500.0
2007-10-15,8.930926884565325,8.948251239704026,8.445832549030024,8.584430694580078,3828500.0
2007-10-16,8.567107006024088,8.688379979761242,8.445833206176758,8.445833206176758,2375600.0
2007-10-17,8.627743898326113,8.627743898326113,8.272585899503195,8.333222389221191,3535200.0
2007-10-18,8.41984637448376,8.445833322627145,8.23793608525969,8.359209060668945,2600000.0
2007-10-19,8.463157499545,8.463157499545,8.220609925334948,8.298571586608887,2358300.0
2007-10-22,8.298572482530007,8.385196743544212,8.151311734471966,8.34188461303711,2805800.0
2007-10-23,8.653729072668648,8.671054252526664,8.53245611810271,8.662391662597656,2178500.0
2007-10-24,8.679719276866244,8.71436882019043,8.489146375528088,8.71436882019043,2850100.0
2007-10-25,8.714366937659555,8.887614616854457,8.705704347172286,8.878952026367188,2902900.0
2007-10-26,9.026212042224127,9.416019495933108,9.01754945242592,9.268758773803711,3707100.0
2007-10-29,9.225446601261908,9.355382969205472,9.199459658117206,9.312070846557617,2761800.0
2007-10-30,9.2254493733473,9.398697915996863,9.138825928132796,9.355385780334473,2928000.0
2007-10-31,9.48531875497001,9.831814918953555,9.34672061982061,9.701878547668457,4811700.0
2007-11-01,9.537296089228292,9.554620447827082,9.312073644672083,9.355385780334473,2517600.0
2007-11-02,9.2947458160666,9.684554100036621,9.260096282614825,9.684554100036621,2651400.0
2007-11-05,9.476657386970784,9.597931183919279,9.320734877877182,9.571944236755371,1962300.0
2007-11-06,9.80582862317696,9.857803344726562,9.623918336918617,9.857803344726562,1709900.0
2007-11-07,9.987738993126488,10.160986689559913,9.641243600259637,9.710542678833008,2961200.0
2007-11-08,10.048376256372311,10.212961360636106,9.75385476084851,9.918439865112305,2974700.0
2007-11-09,9.606594484099036,9.831816912437587,9.433346780034851,9.658568382263184,2179700.0
2007-11-12,9.156148020085489,9.329396519846595,8.939588221494175,9.00888729095459,2434300.0
2007-11-13,9.10417532433617,9.199461350805931,8.896278088705683,9.19079875946045,1567700.0
2007-11-14,9.51996836583504,9.537293545924012,9.312071161427719,9.346720695495605,2059400.0
2007-11-15,9.147485943355013,9.216785010447017,8.792327191870937,8.870288848876953,2283600.0
2007-11-16,8.913603135960898,9.1301629797171,8.757679784101153,8.94825267791748,1665200.0
2007-11-19,8.731693178797384,8.826979216411324,8.619081956466214,8.71436882019043,1648100.0
2007-11-20,8.74035358428955,8.948250792218067,8.402520001823161,8.74035358428955,2862100.0
2007-11-21,8.541116707867175,8.541116707867175,8.32455694607035,8.43716812133789,1859200.0
2007-11-23,8.904938552698054,8.930926322937012,8.662391813238202,8.930926322937012,1529400.0
2007-11-26,8.948249291355985,8.948249291355985,8.411181181233053,8.43716812133789,1537500.0
2007-11-27,8.679717168722155,8.679717168722155,8.402520063344491,8.593092918395996,1536200.0
2007-11-28,8.601755464402173,9.00888729095459,8.53245639494176,9.00888729095459,1762100.0
2007-11-29,9.060862174643448,9.242772441888215,9.034875229639935,9.069524765014648,1475000.0
2007-11-30,9.381369745532197,9.44200622049495,8.98289971125551,9.043536186218262,1641800.0
2007-12-03,9.147486998103275,9.260097375529755,9.104174869649169,9.182136535644531,1080100.0
2007-12-04,9.208122084131466,9.242771616411613,8.835638992537385,9.043536186218262,1571200.0
2007-12-05,9.286087518207893,9.286087518207893,8.974240774638789,9.13016414642334,1274800.0
2007-12-06,9.173475375201585,9.502646446228027,9.173475375201585,9.502646446228027,1302900.0
2007-12-07,9.390034307996492,9.424683847556583,9.182137070635951,9.398696899414062,949600.0
2007-12-10,9.208124018778472,9.398696899414062,9.208124018778472,9.398696899414062,1136400.0
2007-12-11,9.442006068809631,9.736527501514407,9.164809815021604,9.17347240447998,1656000.0
2007-12-12,9.286086235658894,9.355385318856253,8.922265635817633,9.095513343811035,2151500.0
2007-12-13,8.818315652637875,9.017550279612392,8.61908019955325,8.792327880859375,1904400.0
2007-12-14,8.419847271779211,8.63640712364311,8.402522087097168,8.402522087097168,1858100.0
2007-12-17,8.39385859291963,8.39385859291963,8.099337919960673,8.194623947143555,2263100.0
2007-12-18,8.385195991113596,8.471819418244625,8.1772979485569,8.463157653808594,1496300.0
2007-12-19,8.307233544066932,8.393856963019157,8.203284945658245,8.22927188873291,1051100.0
2007-12-20,8.255260008566289,8.289909546308355,8.125324448561074,8.246598243713379,1609400.0
2007-12-21,8.567105651708697,8.714366376061662,8.281246792931778,8.662391662597656,3745500.0
2007-12-24,8.7143670438542,8.809653062045042,8.705704453261367,8.792327880859375,573000.0
2007-12-26,8.783665637099237,9.121498390684936,8.783665637099237,8.991562843322754,1696900.0
2007-12-27,9.16481144538891,9.32939736993694,9.121499316502051,9.199460983276367,1143800.0
2007-12-28,9.208123207092285,9.320734407263568,9.130161543426773,9.208123207092285,1342600.0
2007-12-31,9.147486118267967,9.147486118267967,8.870289018489505,8.930926322937012,1213600.0
2008-01-02,9.026211993635814,9.372707322598599,8.896276451802278,9.312070846557617,2701100.0
2008-01-03,9.53729365571467,10.195635636693227,9.476656350815286,10.031049728393555,4711600.0
2008-01-04,9.970414142116418,10.256273033583689,9.927102013628318,10.074362754821777,3690300.0
2008-01-07,10.221623496015237,10.290922571152143,9.753854325786055,10.074362754821777,3018200.0
2008-01-08,10.40353207686366,10.853975991738631,9.987736867792147,10.360219955444336,3745500.0
2008-01-09,10.524807195041447,10.689393125139873,10.351559499761661,10.542132377624512,3350500.0
2008-01-10,10.308244624051632,10.767351926908166,10.299582861177134,10.706714630126953,3144000.0
2008-01-11,10.931940754059273,11.217799680169625,10.8886286203222,10.957927703857422,4297100.0
2008-01-14,11.35639417656929,11.35639417656929,11.027223223118154,11.1398344039917,2857700.0
2008-01-15,10.853977809915841,11.12251234681055,10.620093636848965,10.758691787719727,2762800.0
2008-01-16,10.412194057447207,10.53346699899707,9.753852163482401,9.83181381225586,5802300.0
2008-01-17,10.065701200678017,10.065701200678017,9.467996409530565,9.511307716369629,4012600.0
2008-01-18,9.693217800885119,9.953089766760607,9.104175614492243,9.580607414245605,3159900.0
2008-01-22,9.173473682515782,9.97041384929497,9.017550354981992,9.93576431274414,3757400.0
2008-01-23,9.294746802259375,9.805828094482422,9.086849579490378,9.805828094482422,3753400.0
2008-01-24,9.918438831545075,10.1956359416812,9.918438831545075,10.169648170471191,3414000.0
2008-01-25,9.338057784199076,9.57194275069364,9.208122242442116,9.416019439697266,4856400.0
2008-01-28,8.757678906404724,8.965576963418876,8.723029367920725,8.904939651489258,5279400.0
2008-01-29,9.078187880541028,9.121500012733842,8.939589718412188,8.956914901733398,4011900.0
2008-01-30,8.948253457616252,9.060864685314995,8.766343139966025,8.826979637145996,3594300.0
2008-01-31,8.480483598705984,8.870291159151723,8.45449664830567,8.75767993927002,2883600.0
2008-02-01,8.497807189883027,8.636405334180754,8.376533400567462,8.463157653808594,2984000.0
2008-02-04,8.489144692081203,8.610417656611578,8.463157746268996,8.48048210144043,1858800.0
2008-02-05,8.298572137271409,8.445832879202728,8.220610470824221,8.246598243713379,3156400.0
2008-02-06,8.489144070000167,8.575767491729833,8.272584276510928,8.307233810424805,2374300.0
2008-02-07,8.515132509481974,8.80099142100642,8.471820377954895,8.6277437210083,2790600.0
2008-02-08,8.515134179887198,8.662394960301146,8.454497679520404,8.610420227050781,2148500.0
2008-02-11,8.333219534808608,8.549779296605431,8.237933537017579,8.43716812133789,1990300.0
2008-02-12,8.593093430907016,8.636405558653326,8.255259825817946,8.289909362792969,2469400.0
2008-02-13,8.324559084050422,8.35054685693958,8.090674910819006,8.246598243713379,2209800.0
2008-02-14,8.480482122924736,8.783666187238977,8.428507405058538,8.64506721496582,2613300.0
2008-02-15,8.9309284782328,8.974239786863237,8.619081768988002,8.75767993927002,3085200.0
2008-02-19,9.424681084763785,9.736526849388746,9.346719437080058,9.623915672302246,4939200.0
2008-02-20,9.701878025438758,10.273595715210808,9.65856590400845,10.256271362304688,4332300.0
2008-02-21,10.481493730196446,10.672065742665469,10.264933949209825,10.360219955444336,3906400.0
2008-02-22,10.568119325388937,10.611431455736426,10.221623934829367,10.542132377624512,3509700.0
2008-02-25,10.533469434471067,10.724042305967986,10.334234798082129,10.71537971496582,3202800.0
2008-02-26,10.438183001386458,10.767354011535645,10.438183001386458,10.767354011535645,2654800.0
2008-02-27,10.827990642928413,11.313084987220062,10.827990642928413,11.20047378540039,4012400.0
2008-02-28,11.087863641315034,11.122513181633416,10.706717871702622,10.949265480041504,3064000.0
2008-02-29,10.78467943438873,10.802004617427023,10.403534494758443,10.516145706176758,2123600.0
2008-03-03,11.278436299989599,11.512320485921773,10.957927025832989,11.45168399810791,5378900.0
2008-03-04,11.659580167993,11.694229704443242,11.061875457698795,11.24378490447998,3709900.0
2008-03-05,11.399709034379734,11.538307189941406,11.174486618536932,11.538307189941406,3418900.0
2008-03-06,11.884803696572913,12.023401855535363,11.633594326925921,11.676905632019043,3725000.0
2008-03-07,12.127349007056551,12.14467418788519,11.616267738152983,11.668242454528809,3801100.0
2008-03-10,11.754865474868684,11.815502779567202,11.20047292523695,11.21779727935791,3338000.0
2008-03-11,11.720217337440868,11.728879928588867,11.460345385772012,11.728879928588867,4853100.0
2008-03-12,11.555629730915294,12.032061401332623,11.555629730915294,11.867475509643555,3142000.0
2008-03-13,12.09269989512791,12.300597115693861,12.014738230888147,12.17932415008545,5918200.0
2008-03-14,12.404545310833958,12.612443350552308,12.032063009646688,12.499832153320312,3807800.0
2008-03-17,11.858814955883522,12.317922352674568,11.746204580485095,12.136012077331543,4409800.0
2008-03-18,12.066713038246691,12.066713038246691,11.408371008813175,11.46900749206543,4256700.0
2008-03-19,11.347734542338218,11.356396307022685,10.550794363658367,10.637417793273926,6391100.0
2008-03-20,10.36888345866653,10.611430203434205,10.143661068327223,10.29958438873291,4797100.0
2008-03-24,10.290923486465523,10.810666596220218,10.25627394581521,10.28226089477539,2769500.0
2008-03-25,10.403533227511367,10.628755622913818,10.377545456119481,10.585443496704102,2282500.0
2008-03-26,10.827991703643129,10.888628192828262,10.507483248348516,10.845316886901855,2478300.0
2008-03-27,11.001238551743562,11.018563733657478,10.663405765523613,10.758691787719727,2233800.0
2008-03-28,10.559454554794815,10.67206574001307,10.386206895270577,10.464168548583984,1638400.0
2008-03-31,10.568117149604896,10.628754450051328,10.100348055599582,10.256271362304688,1981400.0
2008-04-01,9.901116033455063,10.083026329973746,9.779842227072534,9.970415115356445,3026700.0
2008-04-02,10.152325123474567,10.524807471585708,10.126337348917128,10.516145706176758,1911300.0
2008-04-03,10.299585265626721,10.542132031044524,10.230286189793063,10.446846008300781,1752400.0
2008-04-04,10.169651291952006,10.247612977291473,10.031053107397552,10.083027839660645,2386200.0
2008-04-07,9.9964014767796,10.178311762602434,9.927102398952822,9.961751937866211,1925200.0
2008-04-08,9.814488951509919,9.996399195824903,9.719202947767778,9.7625150680542,1607900.0
2008-04-09,9.944426408798096,10.005063719365985,9.745191773516842,9.86646556854248,3573600.0
2008-04-10,9.935766385282236,9.953090744116343,9.606595306331291,9.745193481445312,1831600.0
2008-04-11,9.935763777581828,10.031049791436763,9.797165638843714,9.8837890625,1794000.0
2008-04-14,9.840476036071777,9.987736751517103,9.710540499436489,9.840476036071777,1808000.0
2008-04-15,9.927103136575461,9.944427494264337,9.528632996408515,9.615257263183594,2964700.0
2008-04-16,9.857800116510543,10.507479379518717,9.788501061211797,10.325569152832031,5983900.0
2008-04-17,10.377547849127845,10.446847762709647,10.186975771636318,10.386210441589355,1913800.0
2008-04-18,10.221625315372076,10.819330151341475,10.221625315372076,10.386210441589355,3119000.0
2008-04-21,10.37754601884572,10.498819813587023,10.09168712691492,10.238947868347168,1721400.0
2008-04-22,10.672065100299097,10.827988397579427,10.550792158956577,10.706714630126953,3066100.0
2008-04-23,10.524805769749129,10.646079553076904,10.325571153685711,10.3428955078125,2619600.0
2008-04-24,10.19563425339762,10.412194020960593,10.022385778459277,10.186971664428711,2530500.0
2008-04-25,10.178310603294033,10.39487040336412,10.100348943091191,10.29958438873291,1911500.0
2008-04-28,10.351558097930925,10.498818825503914,10.178310426112722,10.3428955078125,1311800.0
2008-04-29,9.987739595462104,10.048376912453323,9.701880672579971,9.719205856323242,2066900.0
2008-04-30,9.849141667373516,10.135000597146368,9.840479075293064,10.126338005065918,2154500.0
2008-05-01,9.74519368118368,10.057039581581849,9.701881544045248,9.927103996276855,1638700.0
2008-05-02,9.970414253391459,10.117674996228425,9.6672301767012,9.987738609313965,1840700.0
2008-05-05,10.238948762434946,10.308247843735572,10.100350599833694,10.28226089477539,1296400.0
2008-05-06,10.299584469227804,10.464169555078927,10.273596698217036,10.420857429504395,1344300.0
2008-05-07,10.221623179003975,10.290922251991653,9.918439115100295,10.039712905883789,2163800.0
2008-05-08,10.25627468948432,10.741368293762207,10.238949504847831,10.741368293762207,2211200.0
2008-05-09,10.689393997192383,10.819329572724964,10.542133237663327,10.689393997192383,1113400.0
2008-05-12,10.724041868091899,10.871302604675293,10.64608020447597,10.871302604675293,1157800.0
2008-05-13,10.776014857214264,11.02722418220875,10.672066256469307,10.931938171386719,1256800.0
2008-05-14,10.758693424953037,10.914616781465776,10.611432660715511,10.620095252990723,1396500.0
2008-05-15,10.706715790050959,10.931938171386719,10.672066256469307,10.931938171386719,1595500.0
2008-05-16,10.94060167764276,11.14849889654516,10.767353995224093,10.871302604675293,2329600.0
2008-05-19,11.079199992799948,11.252447677864776,11.001238327993242,11.20047378540039,1828100.0
2008-05-20,10.957926000563562,11.07919979095459,10.87130257266435,11.07919979095459,1338300.0
2008-05-21,10.897289954446572,11.217798385329102,10.871303007648029,10.923276901245117,1887000.0
2008-05-22,11.28709845685877,11.43435921189531,11.26111150776709,11.339073181152344,2478800.0
2008-05-23,11.304420293772253,11.4083688854763,11.11384746259318,11.1398344039917,1221900.0
2008-05-27,10.663405173001856,10.836652851963645,10.446845367772095,10.481494903564453,1822200.0
2008-05-28,10.438181289465996,10.585442002120892,10.308244929182864,10.533467292785645,1535200.0
2008-05-29,10.25627446805901,10.533470807376197,10.25627446805901,10.334236145019531,2354200.0
2008-05-30,10.368883921027193,10.377545685572576,10.195636238467824,10.308246612548828,970000.0
2008-06-02,10.160986614373128,10.221623927258772,9.961751971476483,10.022388458251953,1379800.0
2008-06-03,10.109012462360111,10.134999409445854,9.944426536560059,9.944426536560059,1300700.0
2008-06-04,9.953087756207129,10.160984956467582,9.866464335820293,9.996399879455566,1851100.0
2008-06-05,9.97041339349317,10.325571333430497,9.944425622685504,10.29958438873291,1221500.0
2008-06-06,10.204299768561972,10.481496934727755,10.06570159853421,10.394872665405273,2531700.0
2008-06-09,10.420858270546228,10.646080680822877,10.368884376550172,10.507482528686523,1045100.0
2008-06-10,10.08302670810614,10.091688474085979,9.753855643674932,9.797167778015137,1858300.0
2008-06-11,9.658568260509067,9.745192524504299,9.545957873869554,9.580607414245605,1833600.0
2008-06-12,9.528632473353484,9.753854893717376,9.459333394181547,9.563282012939453,1919600.0
2008-06-13,9.39869414423919,9.632578261180425,9.39869414423919,9.623915672302246,1096800.0
2008-06-16,9.745189574483138,9.927099812917888,9.66722792570968,9.83181381225586,1104900.0
2008-06-17,9.736530183240271,9.849141398885585,9.649906743127877,9.82315444946289,1013600.0
2008-06-18,9.623915672302246,9.701877319985973,9.442005436410199,9.623915672302246,1342100.0
2008-06-19,9.892450602803482,9.944424486259202,9.7625150680542,9.7625150680542,1504800.0
2008-06-20,9.736530245336427,9.779842378723966,9.45067132153299,9.615257263183594,1952400.0
2008-06-23,9.364045781583828,9.381370135388833,9.173472933068483,9.32939624786377,1535500.0
2008-06-24,9.19946157373497,9.485320486181607,9.147487676622964,9.372709274291992,1496800.0
2008-06-25,9.32073411702133,9.381370597490715,9.05219959788103,9.338058471679688,1679700.0
2008-06-26,9.684556344164216,9.901116184947062,9.684556344164216,9.779842376708984,2059000.0
2008-06-27,10.42951985242164,10.741365664554221,10.247609588816783,10.654742240905762,2680200.0
2008-06-30,10.594104987671017,10.706716182466245,10.368883424190633,10.611430168151855,1766500.0
2008-07-01,10.420857872967984,10.879965267041397,10.351558799543717,10.724041938781738,1374800.0
2008-07-02,10.741368055299223,10.776017597692695,10.446847358009842,10.498821258544922,1040300.0
2008-07-03,10.533469647171742,10.602768724368122,10.2995854681615,10.377546310424805,1285900.0
2008-07-07,10.022388203927436,10.126336818380555,9.918439589474318,9.944426536560059,1816800.0
2008-07-08,9.93576240191715,10.005061461691346,9.64990357382111,9.83181381225586,1581400.0
2008-07-09,9.875128379461533,10.100350811462677,9.649906773570617,9.719205856323242,1148500.0
2008-07-10,9.762517958773193,9.935765665108207,9.55461988506095,9.82315444946289,1482400.0
2008-07-11,10.074361454558716,10.76735294259589,9.92710073237169,10.559454917907715,2877400.0
2008-07-14,10.516144345976493,10.88862664590928,10.516144345976493,10.836652755737305,1493400.0
2008-07-15,10.957925409448919,11.001237534117148,10.59410488401189,10.698054313659668,2507300.0
2008-07-16,10.715379049223156,10.87996496359806,10.559455725312214,10.585443496704102,2438300.0
2008-07-17,10.715378995331685,10.931938799181015,10.507481781902749,10.628755569458008,2268700.0
2008-07-18,10.498819454040644,10.507482044677678,10.143661499023438,10.143661499023438,1675600.0
2008-07-21,10.28225888518375,10.42085702069702,10.195635463542983,10.36888313293457,1628300.0
2008-07-22,10.160985716964772,10.25627256046507,9.797166002333977,9.875126838684082,1963200.0
2008-07-23,9.623916871429243,9.658566405149301,9.2427720005086,9.32939624786377,2493000.0
2008-07-24,9.26009652816728,9.320733832898354,8.982900253202592,8.991562843322754,2150200.0
2008-07-25,9.008888712500662,9.121499924670696,8.922265275061546,9.104175567626953,1106000.0
2008-07-28,9.095513372733828,9.2254489476145,9.026214289316103,9.156149864196777,1642900.0
2008-07-29,9.164813454074633,9.234112545038082,9.008890086351707,9.052202224731445,1221500.0
2008-07-30,8.956914815259232,9.121499924670696,8.887615734863859,9.104175567626953,2021100.0
2008-07-31,9.372708815497282,9.493982613005937,9.277422791382726,9.364047050476074,1500400.0
2008-08-01,9.026213449238334,9.242773271290865,8.88761529530234,8.904939651489258,1943500.0
2008-08-04,8.679718976637814,8.705705926704503,8.203287152827171,8.263923645019531,3014100.0
2008-08-05,8.17729681458224,8.220608935196562,8.02137433692467,8.030036926269531,3259300.0
2008-08-06,8.073349918255337,8.15997417769737,8.012713432312012,8.012713432312012,2630400.0
2008-08-07,8.073347077624891,8.090672253861449,7.917424622045226,7.969398498535156,1353300.0
2008-08-08,7.345709152048279,7.484308139350307,7.19844922536462,7.215773582458496,3032700.0
2008-08-11,7.172461302802052,7.241760381970367,6.592081308239871,6.722017288208008,3759600.0
2008-08-12,6.600742595914821,6.773990683512884,6.522781348897979,6.730678558349609,3061900.0
2008-08-13,6.808641039441799,7.137811660766602,6.791316269898388,7.137811660766602,4191500.0
2008-08-14,7.120487393019438,7.163799523945299,6.730679453851971,6.773991584777832,1856700.0
2008-08-15,6.5660928065222075,6.713353530703871,6.4881311494719105,6.600742340087891,2106500.0
2008-08-18,6.71335517526524,6.748004717318973,6.470807967833983,6.514120101928711,2093300.0
2008-08-19,6.314883866825138,6.808640369835742,6.254246972859083,6.799977779388428,3947900.0
2008-08-20,6.82596492767334,6.990550010558339,6.74800326826621,6.82596492767334,3977100.0
2008-08-21,7.068512393678604,7.371696472167969,6.921251649967787,7.371696472167969,2633300.0
2008-08-22,7.181123131955565,7.3023969206821,7.103161469639229,7.276409149169922,2612400.0
2008-08-25,7.259084591146671,7.345708015433052,7.189785521273534,7.25042200088501,1703000.0
2008-08-26,7.0511879864909845,7.354371236670346,7.042525395486107,7.319721698760986,1399300.0
2008-08-27,7.484305954208095,7.5362798364254635,7.380357363663395,7.5016303062438965,1115400.0
2008-08-28,7.7355165631464695,7.770166099189597,7.544943701854222,7.63156795501709,1649400.0
2008-08-29,7.614243363801154,7.648892902528512,7.4756452088917165,7.5449442863464355,955300.0
2008-09-02,6.929913841262105,7.05118763088383,6.8779395370192455,6.912589073181152,1669400.0
2008-09-03,6.843289912561941,6.999212823278727,6.713353947103761,6.7480034828186035,1420300.0
2008-09-04,6.843289275106452,6.9299131063245065,6.5660926021536685,6.5747551918029785,2132400.0
2008-09-05,6.704692105360835,6.773991597584244,6.444820558479656,6.722017288208008,1941800.0
2008-09-08,6.756667165802902,7.033863496343254,6.410171339572348,6.444820880889893,2048400.0
2008-09-09,6.262909897804672,6.271572075659581,5.526606605714427,5.535268783569336,4589200.0
2008-09-10,5.977051626078952,6.0636754788805085,5.682530113498548,5.96838903427124,4345500.0
2008-09-11,5.821127625055945,6.132973873218516,5.665204707502193,5.890427112579346,2506200.0
2008-09-12,6.141636207699668,6.869276872300166,5.985712883599167,6.644054889678955,3325300.0
2008-09-15,6.54876845277918,6.851952097128623,6.5401062753689345,6.696029186248779,2963200.0
2008-09-16,6.522781225593854,7.137810665122834,6.514118635502938,7.077174186706543,4385900.0
2008-09-17,6.739341331116242,8.289909092905724,6.540106293468646,7.943413734436035,7784100.0
2008-09-18,8.34188397178071,8.662392391118896,8.177298053727787,8.376533508300781,6725000.0
2008-09-19,7.778829880247122,8.419847702391326,7.778829880247122,8.125326156616211,4610900.0
2008-09-22,8.6190812348922,9.173474707776608,8.532457796888833,9.060863494873047,4177100.0
2008-09-23,9.095512775113486,9.1301623145457,8.757679146066748,8.818316459655762,2996800.0
2008-09-24,8.818317377355413,9.017552043296947,8.78366783431731,8.922266006469727,1179600.0
2008-09-25,8.87029011300526,9.13016206469033,8.775004088701802,8.904939651489258,2247800.0
2008-09-26,8.913601670828717,9.329396932073523,8.697041862668534,8.792327880859375,3563500.0
2008-09-29,8.67971836110564,8.861627824782401,8.142649257079261,8.255260467529297,2859800.0
2008-09-30,8.61907890659283,8.749015267663063,8.341882658085638,8.385194778442383,1780600.0
2008-10-01,8.41984463140498,8.697040890509665,8.168635315063854,8.315896034240723,2483300.0
2008-10-02,7.934751243100186,7.9694007793801385,6.748003592874164,6.75666618347168,3465000.0
2008-10-03,6.90392622122481,7.311058462240374,6.687366421884502,6.981888294219971,2790900.0
2008-10-06,7.111823571747932,7.207109582418644,6.167622750509808,6.704690933227539,2741600.0
2008-10-07,7.302397881809123,7.466982992498121,6.825966080810139,6.851953029632568,2110900.0
2008-10-08,7.605580844426639,9.36404722325183,7.579593896663214,9.234110832214355,8845900.0
2008-10-09,8.766341018079748,8.800990554668598,8.220610197222802,8.272584915161133,3729200.0
2008-10-10,8.887614906436948,9.000226108110335,7.614242977171857,8.02137565612793,4931000.0
2008-10-13,8.800989521263988,8.800989521263988,8.194622289103204,8.68837833404541,2651500.0
2008-10-14,8.740353045880914,9.034874485358728,8.489143728581018,8.68837833404541,4465700.0
2008-10-15,8.385195833525259,8.575767865298042,7.562267921530625,7.8308024406433105,2907300.0
2008-10-16,8.185961153548291,8.255260230898804,6.84329049724441,7.380359172821045,4803600.0
2008-10-17,7.094499308379356,8.021375895640798,6.713354390351113,6.903926849365234,3698900.0
2008-10-20,6.938577260074849,7.224436174060536,6.825966047578941,7.215773582458496,2341200.0
2008-10-21,6.626730122027318,6.739341319869565,6.080999313765705,6.176285743713379,2295900.0
2008-10-22,6.150299694152267,6.210936601214571,5.2580733381298765,5.3706841468811035,3691700.0
2008-10-23,5.7085169750573,5.838452536332807,5.110811823580679,5.336033821105957,3385100.0
2008-10-24,5.05017529893655,5.8557781515377165,4.9462266770057886,5.691192626953125,3051800.0
2008-10-27,5.396670719274916,5.873102487468695,5.240747797911262,5.336033821105957,3357700.0
2008-10-28,5.630554676521554,6.531443391720601,5.604567319347242,6.505456447601318,3002600.0
2008-10-29,6.262910299275071,6.78265380859375,6.219598168058892,6.78265380859375,4793400.0
2008-10-30,6.929914121820175,6.929914121820175,6.271572081980826,6.522781848907471,3278300.0
2008-10-31,6.297559097750487,6.6180675092473855,6.167623132451595,6.332208633422852,2045400.0
2008-11-03,6.427496469887581,6.652718501054122,6.323547840118408,6.323547840118408,1750700.0
2008-11-04,6.436158080065471,6.739342176332952,6.436158080065471,6.635393142700195,4366000.0
2008-11-05,6.306222745086141,6.505457815120521,6.115649853894065,6.132974624633789,3154600.0
2008-11-06,6.245585400238914,6.444820456213924,5.6478802323138835,5.665205001831055,2411400.0
2008-11-07,5.769153966300105,6.07233807068822,5.7604917875475055,5.96838903427124,1771500.0
2008-11-10,6.158960713598371,6.219597192120227,5.942400917608815,6.098323822021484,1186900.0
2008-11-11,5.907752015104258,5.977051091143356,5.5959057598732365,5.699854373931885,1638400.0
2008-11-12,5.62189252226321,5.691192009081908,5.145461183610684,5.2060980796813965,2034100.0
2008-11-13,5.301384519081451,5.751828947244155,4.738328880614299,5.725841999053955,2590800.0
2008-11-14,5.760491944742725,5.916414884040431,5.362021797926799,5.405333518981934,2833600.0
2008-11-17,5.4053325803151715,5.6132302096646285,5.240747490609626,5.301383972167969,2001000.0
2008-11-18,5.336033765185214,5.552593582448317,5.223422974130256,5.379345893859863,1357500.0
2008-11-19,5.587243152277095,5.907751997590373,5.197435644185232,5.223423004150391,2820600.0
2008-11-20,5.206098472184272,5.30138449926563,4.755653632650174,4.833615303039551,2783400.0
2008-11-21,5.500619572617062,6.26291026964016,5.318709283258024,6.202273368835449,5321600.0
2008-11-24,6.973226162526684,7.440995326817002,6.6700420930693864,6.990550518035889,4570900.0
2008-11-25,7.4756454537238906,7.536281941955111,6.947239764298496,7.19844913482666,4151500.0
2008-11-26,7.16379906444675,7.596918693703938,7.146473882743599,7.510294437408447,3085900.0
2008-11-28,7.510295191852957,7.55360732435161,7.189786733139271,7.484308242797852,858400.0
2008-12-01,7.051188074425603,7.051188074425603,6.254247453406543,6.2802348136901855,2501500.0
2008-12-02,6.886601335256692,7.077174186706543,6.548768169756542,7.077174186706543,2370400.0
2008-12-03,6.999213247160607,7.544944087302133,6.921251580553226,7.423670291900635,3471600.0
2008-12-04,7.207110623952335,7.666218042165477,7.129148955723306,7.224435806274414,2835900.0
2008-12-05,7.155136779436022,7.709529399871825,6.817303156775328,7.709529399871826,2800400.0
2008-12-08,7.934752145529181,8.558444695611753,7.900102605308494,8.419846534729004,3438000.0
2008-12-09,8.073349476625614,8.549781225274618,8.021375584691608,8.168636322021484,2443600.0
2008-12-10,8.47181997427369,8.956914337263932,8.463158209269164,8.844303131103516,3397500.0
2008-12-11,8.723028801001306,9.173473598128536,8.367870848094894,8.523794174194336,2314700.0
2008-12-12,8.541118536437967,8.809653062045042,8.463157699432793,8.792327880859375,1927300.0
2008-12-15,8.489143938235143,9.043536472252107,8.428506635244508,8.809652328491211,3046100.0
2008-12-16,8.575769850839727,9.30341108930812,8.575769850839727,9.251437187194824,2902200.0
2008-12-17,8.974239907971748,9.36404829978826,8.818317377355413,8.922266006469727,2864200.0
2008-12-18,8.87895447457399,8.922266612842758,7.7701681958893,7.917428970336914,5175900.0
2008-12-19,7.648892386617734,7.934751268365071,7.415008222510874,7.752840995788574,7161900.0
2008-12-22,8.298572793587674,8.32455974242194,7.830803584019837,7.952077388763428,2220600.0
2008-12-23,8.090672832906945,8.46315588755266,7.969399068901148,8.43716812133789,2244000.0
2008-12-24,8.350548185271586,8.558445444794462,8.125325741066668,8.402522087097168,534000.0
2008-12-26,8.46315932095671,9.24277444926198,8.341885507751556,9.026214599609375,1075500.0
2008-12-29,9.14748775898662,9.294747686203362,8.861628017855912,9.060863494873047,1896800.0
2008-12-30,8.80965474995677,9.251437041514547,8.73169307190419,9.026214599609375,1264000.0
2008-12-31,9.00888942663323,9.64124461800542,8.870291254855836,9.502646446228027,1883100.0
2009-01-02,9.502645095917185,9.632580656967287,9.190798427620702,9.26009750366211,1317800.0
2009-01-05,9.000225526854592,9.242772269966043,8.800990082573346,9.00888729095459,2139500.0
2009-01-06,8.913601057839351,9.64990468539233,8.861626343966767,9.390032768249512,2482600.0
2009-01-07,9.346722989078854,9.372709939479167,8.601757410757878,8.75767993927002,2856800.0
2009-01-08,9.09551218894314,9.26009728411175,8.913601912119873,8.974238395690918,2518600.0
2009-01-09,9.043538173185308,9.086850304579155,8.66239323436187,8.73169231414795,3212200.0
2009-01-12,8.653730261207627,8.67971803456392,8.15131154186151,8.220610618591309,2223600.0
2009-01-13,8.185960660633954,8.480482134694222,8.107998996781518,8.272584915161133,2087800.0
2009-01-14,8.133987631726209,8.220611069333,7.761504454297417,7.900102615356445,2099500.0
2009-01-15,8.10800010923083,8.246599100712661,7.588256989087319,8.14264965057373,2585600.0
2009-01-16,8.411182670353934,8.878951805604808,8.35920795483269,8.861626625061035,4295600.0
2009-01-20,8.688377920195421,8.99156193488938,8.437168614861275,8.532455444335938,3757200.0
2009-01-21,8.489146044563817,8.800991922323623,8.281248792723947,8.78366756439209,2999100.0
2009-01-22,8.428506877163152,9.138823570925261,8.35920780842198,8.991562843322754,2876800.0
2009-01-23,8.74901484835473,9.727864260510566,8.705702730073776,9.623915672302246,5948000.0
2009-01-26,9.961751424614233,10.109012163936471,9.69321689228835,9.805828094482422,4936700.0
2009-01-27,10.005063552551974,10.074362626808306,9.675892536779331,9.805828094482422,2588600.0
2009-01-28,9.62391751092146,9.814490372100032,9.407357704253569,9.771178245544434,2665700.0
2009-01-29,9.589270062145765,10.334236487946763,9.537296159854238,10.264937400817871,4608500.0
2009-01-30,10.30824781269952,10.611431912059592,9.918440275029576,10.221624374389648,4372700.0
2009-02-02,9.857803900739144,10.212961902011283,9.745192686121843,9.970415115356445,3563200.0
2009-02-03,10.273596695632463,10.342895766090248,9.849139682551014,10.048375129699707,2776000.0
2009-02-04,9.91843984116107,10.152324849198186,9.81449122407019,10.022388458251953,3087400.0
2009-02-05,10.178310187848114,10.178310187848114,9.693215892002678,9.95308780670166,3387400.0
2009-02-06,9.935763546400578,10.394870076815796,9.883788832528078,10.36888313293457,2750700.0
2009-02-09,10.091688474085979,10.10901365826616,9.675893967084614,9.797167778015137,2385700.0
2009-02-10,10.065699689699736,10.117674406658917,9.476656752676138,9.606593132019043,2553400.0
2009-02-11,9.944426123593562,10.923276568348975,9.840477513457161,10.724041938781738,6697600.0
2009-02-12,10.334233940518848,10.594105040137833,10.15232367511951,10.56811809539795,3821300.0
2009-02-13,10.238947648843581,10.611430789905715,10.1956363473239,10.412196159362793,3309400.0
2009-02-17,10.403533449089835,10.888626959862103,10.325571785473906,10.871302604675293,7945600.0
2009-02-18,10.793341648593474,11.365059451107852,10.602768772385293,11.313085556030273,6042900.0
2009-02-19,11.20047400901864,11.217798364815941,10.931939472224249,11.027225494384766,6380600.0
2009-02-20,11.044551370049964,11.425696308743596,10.949265341904105,11.304423332214355,6647800.0
2009-02-23,11.165825257884755,11.477671119195294,11.04455145432,11.1571626663208,5785200.0
2009-02-24,11.061874386969942,11.087861330264701,10.481494088023435,10.559454917907715,7831600.0
2009-02-25,10.672065100299097,11.07919769535887,10.559453921831077,10.706714630126953,4376500.0
2009-02-26,10.750029563903809,10.853978180606992,10.377546401134774,10.750029563903809,4486200.0
2009-02-27,10.637418262966312,10.810665955957262,10.247610747209134,10.377546310424805,4223900.0
2009-03-02,10.40353455826533,10.438184098443234,9.762517651919024,9.788504600524902,4037800.0
2009-03-03,9.857803653582598,10.048376537088433,9.450670938037016,9.89245319366455,3527400.0
2009-03-04,9.98773907939512,9.98773907939512,9.459333394181547,9.563282012939453,3500200.0
2009-03-05,9.381372178725936,9.927103073263899,9.164812339279612,9.82315444946289,5655500.0
2009-03-06,9.771177868247765,10.178310520373525,9.771177868247765,9.8837890625,3461500.0
2009-03-09,9.82315441271632,9.82315441271632,9.355385194306507,9.511307716369629,3133400.0
2009-03-10,9.476656599140009,9.493981779882409,9.017550048897535,9.069524765014648,3548600.0
2009-03-11,9.381373318867551,9.762519145236407,9.30341163501436,9.58927059173584,3591300.0
2009-03-12,9.710542901706754,9.918440142198465,9.701880310158716,9.89245319366455,3237700.0
2009-03-13,9.75385423892773,9.814490722605019,9.338058965698826,9.597930908203125,4450700.0
2009-03-16,9.684557184856057,10.074364766881343,9.684557184856057,9.927103996276855,3962800.0
2009-03-17,9.667230548197105,9.79716694010481,9.502645443112897,9.710542678833008,2817200.0
2009-03-18,9.476658013485544,10.27359827215353,9.11283825080775,10.221624374389648,5990300.0
2009-03-19,10.290921866597106,10.672066753755482,10.18697326100846,10.524806022644043,6400600.0
2009-03-20,10.368885681096968,10.628757662103132,10.256274461790621,10.498821258544922,3893200.0
2009-03-23,10.550794495688875,10.61143097978957,10.100349682054738,10.178311347961426,3779500.0
2009-03-24,10.05703802156817,10.091687560682136,9.857803378190408,9.918439865112305,3893900.0
2009-03-25,9.719204896689014,10.039713329301778,9.615256282823534,9.987738609313965,4661700.0
2009-03-26,10.212960626826256,10.264935344817864,10.031050353020795,10.100349426269531,2252600.0
2009-03-27,9.927099812917888,9.996398872692083,9.71054004459604,9.83181381225586,2439500.0
2009-03-30,9.381373921092,9.693219850412957,9.286087871438193,9.433348655700684,3104100.0
2009-03-31,9.623919587503835,9.623919587503835,9.147488570921587,9.476658821105957,4604000.0
2009-04-01,9.589267242696316,10.0483745925757,9.50264382230948,9.996399879455566,4065200.0
2009-04-02,9.684556908209613,9.805829897400608,9.372710190609268,9.476658821105957,5711700.0
2009-04-03,9.121498839222804,9.164810965843369,8.367870810021328,8.463157653808594,7032900.0
2009-04-06,8.082012880349986,8.125325012058836,7.874115639479744,8.004051208496094,4529500.0
2009-04-07,8.229271572541531,8.38519487721857,7.9693996734498,8.090673446655273,4850300.0
2009-04-08,8.229274170798144,8.272586305340186,7.9520778315054885,8.056026458740234,3076400.0
2009-04-09,8.133986705594973,8.203285778234132,7.796153106896485,7.856789588928223,3810600.0
2009-04-13,8.09933772630733,8.185961160008752,7.97806392779314,8.073349952697754,2921200.0
2009-04-14,8.030040021700794,8.06468956632701,7.744180245896637,7.796154975891113,3224400.0
2009-04-15,7.969400937620934,8.133986857801316,7.926088809883458,8.02137565612793,3463400.0
2009-04-16,8.004050317730153,8.064687625818335,7.570930701063672,7.588255882263184,2911000.0
2009-04-17,7.674878859108721,7.709528393362325,6.981888174036648,7.077174186706543,6364900.0
2009-04-20,7.371696159923092,7.622905507475683,7.302397086536868,7.3370466232299805,4784300.0
2009-04-21,7.579593588324154,7.640230072675502,7.181123492350707,7.363033771514893,3994400.0
2009-04-22,7.371695722328882,7.536280805323632,7.276408882496596,7.3976826667785645,2706000.0
2009-04-23,7.579593615810955,8.082012326541612,7.518957131239714,7.882777690887451,4121600.0
2009-04-24,8.42850670648413,8.515130953711468,8.28124680797373,8.45449447631836,3872900.0
2009-04-27,8.2292717902155,8.480481106556626,8.21194661096645,8.315896034240723,2630300.0
2009-04-28,8.298572208406698,8.480482489639419,8.168636647287677,8.367871284484863,3055400.0
2009-04-29,8.445833206176758,8.619080901594247,8.29857245854435,8.445833206176758,1874200.0
2009-04-30,8.159974212509342,8.24659847232093,7.9953882840893575,8.073349952697754,2927700.0
2009-05-01,8.203283065561338,8.203283065561338,8.012710265767467,8.082009315490723,1199200.0
2009-05-04,8.246599100712661,8.428508573180219,7.934752402516326,8.14264965057373,5899900.0
2009-05-05,8.19462240575991,8.246597118335314,7.99538697134923,8.185959815979004,3414700.0
2009-05-06,8.627742951942805,8.94825137489718,8.489144804298764,8.852965354919434,3150800.0
2009-05-07,8.94825127928006,9.008887761698862,8.497807304250173,8.64506721496582,3139200.0
2009-05-08,8.714367316449039,8.87895241231073,8.523794447995922,8.766341209411621,2086900.0
2009-05-11,8.757677957633069,9.060862006104937,8.61907981871224,9.00888729095459,2699400.0
2009-05-12,9.130162168588948,9.45067060974077,9.095512629710647,9.442008018493652,3449000.0
2009-05-13,9.416020785876523,9.571944119164773,8.974238558966576,9.034875869750977,3952300.0
2009-05-14,9.026213654447192,9.320735151312139,8.809653827471223,9.19079875946045,2155900.0
2009-05-15,9.242772743598056,9.467995143940621,9.069525061069202,9.208123207092285,3384200.0
2009-05-18,9.121499225364728,9.364046814263663,8.844302925034675,9.182136535644531,2624400.0
2009-05-19,9.000227790686477,9.467997040257547,8.974240013519548,9.251437187194824,2391900.0
2009-05-20,9.355383559129029,9.54595641513055,9.24277236358768,9.320734024047852,5754700.0
2009-05-21,9.34672231779116,9.996401813910406,9.130162485751411,9.89245319366455,5572500.0
2009-05-22,10.091687074100864,10.23028604998421,9.88378984944105,10.013726234436035,2634800.0
2009-05-26,9.771179990869964,10.22162486573037,9.745193040738863,10.126338005065918,2644900.0
2009-05-27,10.109014064971086,10.152326201053821,9.805829938502226,9.849142074584961,2292700.0
2009-05-28,10.117674215033208,10.342895781297102,10.091686443990767,10.316908836364746,2201800.0
2009-05-29,10.61143045625827,10.732704244586571,10.256272507859078,10.481494903564453,3772400.0
2009-06-01,10.472832142781156,10.4814947331159,10.00506300413607,10.048375129699707,3650400.0
2009-06-02,10.230287907833587,10.438185170248136,10.160987994251785,10.386210441589355,2755900.0
2009-06-03,10.143661870189492,10.178311407895368,9.667230107151084,9.86646556854248,2669800.0
2009-06-04,9.979076733036067,10.186973958446783,9.797166454274155,10.074362754821777,2649700.0
2009-06-05,9.710542073450052,9.831815866447984,9.41602059481945,9.537294387817383,2045200.0
2009-06-08,9.312073031873178,9.450671195983887,9.095513193922638,9.450671195983887,2450000.0
2009-06-09,9.649905020374085,9.667229374859634,9.312071433750036,9.320734024047852,1735200.0
2009-06-10,9.571942807860715,9.589267161347097,9.121498051674314,9.268758773803711,1772100.0
2009-06-11,9.199459658117206,9.554617576831566,9.138823182076226,9.312070846557617,1762600.0
2009-06-12,9.086851488808946,9.156150577626322,8.974240262953137,9.0781888961792,2185900.0
2009-06-15,9.017549243535656,9.16480996225378,8.904938057097677,9.043536186218262,2795400.0
2009-06-16,9.26009722735246,9.338058892100303,8.835640192736566,9.017550468444824,2456300.0
2009-06-17,8.939591228254482,9.17347628593131,8.688381810440674,9.13016414642334,2659600.0
2009-06-18,8.896277378540349,9.459332553286652,8.878952197232406,9.208123207092285,4920400.0
2009-06-19,9.30340849605891,9.753853261404506,9.208122484671211,9.701878547668457,6160300.0
2009-06-22,9.182135431866387,9.268758852251517,8.79232714874816,8.809652328491211,4188500.0
2009-06-23,8.671054237514952,8.95691309579698,8.515130923502921,8.870288848876953,3490900.0
2009-06-24,9.078186916571594,9.398696165098945,9.03487561508801,9.225447654724121,2961200.0
2009-06-25,9.320733019706294,9.693215275165176,9.268758309629943,9.675890922546387,2727600.0
2009-06-26,9.632580766667166,9.658567713951106,9.329397512060767,9.364047050476074,1754200.0
2009-06-29,9.42468203499803,9.467994157645885,9.21678483762036,9.312070846557617,1463600.0
2009-06-30,9.329397854547194,9.38137175102306,8.913602552189314,8.939589500427246,1825700.0
2009-07-01,9.03487524272479,9.095511723190834,8.896277101025209,8.965576171875,3279800.0
2009-07-02,8.411183413561254,8.454495542637645,8.229273132328533,8.367871284484863,3327100.0
2009-07-06,7.8741159565664685,8.00405153081526,7.631569165783949,7.778829097747803,5314700.0
2009-07-07,7.8308045205173284,8.012714836332533,7.796154975891113,7.796154975891113,2774500.0
2009-07-08,7.735515484139762,7.822138899109656,7.3716949933802445,7.518955707550049,2818500.0
2009-07-09,7.640230916941543,7.761504725155462,7.440996259993925,7.458320617675781,2801500.0
2009-07-10,7.371696362453696,7.484307566327729,7.285072105285935,7.363033771514893,2607800.0
2009-07-13,7.397683019619101,7.596918472862939,7.22443533817453,7.588255882263184,3052000.0
2009-07-14,7.726853807369153,7.7961528779734435,7.605580020756602,7.66621732711792,2438400.0
2009-07-15,8.02137565612793,8.099337320833362,7.969400937620934,8.02137565612793,1663500.0
2009-07-16,7.978061086653436,7.986723674771715,7.848125569318736,7.969398498535156,1309400.0
2009-07-17,7.8741125075637015,8.047360139379926,7.796150866718933,7.969398498535156,1650600.0
2009-07-20,8.28124713897705,8.385195744138677,8.211947242759221,8.28124713897705,3267300.0
2009-07-21,8.307235304347847,8.350547436056697,7.735517478899583,8.004051208496094,3008300.0
2009-07-22,8.064686504579099,8.220608983146143,7.9693996734498,8.090673446655273,2764800.0
2009-07-23,8.107999266634968,8.445832879202728,8.107999266634968,8.246598243713379,2214600.0
2009-07-24,8.064688802134876,8.211948733259531,8.030039260791975,8.14264965057373,1282400.0
2009-07-27,8.021375970558472,8.082012456101758,7.908764764470829,7.960738658905029,1524300.0
2009-07-28,7.67487902158913,7.7788276265505765,7.536280881640535,7.718191146850586,2601500.0
2009-07-29,7.657553605115929,7.692203135297496,7.4756433651352125,7.5016303062438965,2082400.0
2009-07-30,7.77016892038717,7.848130611318108,7.674882042089179,7.683544635772705,1529000.0
2009-07-31,7.804815843550676,8.08201213929432,7.700867232646808,8.02137565612793,1996100.0
2009-08-03,8.263921104013097,8.281246282803876,8.056023915183708,8.090673446655273,1786700.0
2009-08-04,8.159974132980274,8.359208772050906,8.082012465131712,8.220610618591309,2031700.0
2009-08-05,8.237936358791451,8.43717101135642,8.125325144950734,8.333222389221191,2345900.0
2009-08-06,8.33322076307093,8.359207707006073,8.073348845389331,8.203285217285156,1803600.0
2009-08-07,8.229272611701052,8.23793520219032,7.882777253231364,7.943413734436035,2462800.0
2009-08-10,7.952077742598456,7.952077742598456,7.6835431723283145,7.787491798400879,1792600.0
2009-08-11,7.7874899590247,7.796152549012238,7.640229233676776,7.73551607131958,1741000.0
2009-08-12,7.813480227679326,8.038701856609109,7.7615054972430295,7.908766269683838,1493100.0
2009-08-13,8.272585339193737,8.307234877558637,8.099337647369241,8.220610618591309,1931100.0
2009-08-14,8.17730030679482,8.23793763199475,7.848130032213904,7.891441345214844,1815500.0
2009-08-17,7.787491798400879,7.943415150564847,7.631569272347156,7.787491798400879,3472900.0
2009-08-18,8.012715013639943,8.090676697301658,7.874116832068147,7.917428970336914,2244500.0
2009-08-19,7.874114917486587,8.099337320833362,7.874114917486587,8.02137565612793,2640300.0
2009-08-20,7.891442242014995,8.030041268143849,7.8654552860391505,7.995390892028809,1440300.0
2009-08-21,8.185962653883918,8.237937384477892,8.073351426022237,8.125326156616211,2182200.0
2009-08-24,8.004050230344312,8.099337073681093,7.796153014880586,7.839465141296387,2292200.0
2009-08-25,8.159976072579106,8.168638665756939,7.995390106641686,8.116663932800293,2045100.0
2009-08-26,8.030037626671167,8.073348924953228,7.718190991935939,7.848127365112305,3782000.0
2009-08-27,7.960740198160557,8.229274791693843,7.787492473031171,8.125326156616211,2581400.0
2009-08-28,8.220612572603232,8.298574258983026,8.047364839598332,8.116663932800293,2274400.0
2009-08-31,8.004051485202128,8.177299191916632,7.952077586242891,8.14264965057373,1890200.0
2009-09-01,7.9694009558047405,8.090674748524359,7.735516787264916,7.822140216827393,2704700.0
2009-09-02,7.986725007006799,8.714366008119828,7.917425942720797,8.671053886413574,6312500.0
2009-09-03,8.870290551709914,9.372709297631477,8.723029799342193,9.104175567626953,7888300.0
2009-09-04,9.06086428518875,9.355385817531698,9.008889556965173,9.251437187194824,3148900.0
2009-09-08,9.970414577371116,10.074363194614312,9.667230490829162,9.753854751586914,7575200.0
2009-09-09,9.82315441271632,9.979077760889666,9.381372143631989,9.511307716369629,5373600.0
2009-09-10,9.407358590491878,9.82315388804228,9.346722103267725,9.710542678833008,4100900.0
2009-09-11,9.979077086296877,10.186974319067186,9.788504209869009,9.901115417480469,4109100.0
2009-09-14,9.693216323852539,9.857802235142172,9.597930308865438,9.693216323852539,3035100.0
2009-09-15,9.736529545184275,9.935765013995876,9.684555649744848,9.857803344726562,6210300.0
2009-09-16,10.305568048284801,10.331701969802879,10.131340520193648,10.23587703704834,5493100.0
2009-09-17,10.183609633017168,10.331703258055938,9.70448407872025,9.83515453338623,4484200.0
2009-09-18,10.026805899525257,10.087785338193491,9.721907044619009,9.90484619140625,6727800.0
2009-09-21,9.591232353509737,9.791593752685978,9.469272699153214,9.678345680236816,3863500.0
2009-09-22,9.974535027728223,10.026803699965308,9.678347823543588,9.809019088745117,3432700.0
2009-09-23,9.695770106600438,9.756749526328136,9.295046425284957,9.32118034362793,3873000.0
2009-09-24,9.565100896091268,9.565100896091268,9.129531620368734,9.242779731750488,3259800.0
2009-09-25,9.181798362381844,9.312468785224713,9.059838691821488,9.155664443969727,3143900.0
2009-09-28,9.164376027034528,9.451851621914672,9.094684193298406,9.155664443969727,2733200.0
2009-09-29,9.15566550711325,9.373450124328413,9.11210841751374,9.286335945129395,2875000.0
2009-09-30,9.44314101669189,9.547677531947452,9.112108302991423,9.530254364013672,6017300.0
2009-10-01,9.364739413778139,9.443142016214033,8.94659330849665,9.033706665039062,6554200.0
2009-10-02,8.83334520701995,9.295048406472583,8.815922037222792,8.911746978759766,6505100.0
2009-10-05,8.998859772108782,9.425717396622279,8.964014268695076,9.382161140441895,3505100.0
2009-10-06,9.660925778956338,10.288145710866878,9.626080273338108,10.23587703704834,6918500.0
2009-10-07,10.209743811396553,10.322991920070061,9.800308469389636,10.140052795410156,7105600.0
2009-10-08,10.174896028282225,10.471083195387768,9.965822196289794,10.2881441116333,5725600.0
2009-10-09,10.096494522934014,10.192319451022428,9.939689339896296,10.131340026855469,2987300.0
2009-10-12,10.201031762764005,10.322991450584746,10.000669477828673,10.122629165649414,2125200.0
2009-10-13,10.288146456036667,10.4972195048892,10.02680472957978,10.436239242553711,3988100.0
2009-10-14,10.410104565139493,10.43623848665757,10.157474441711724,10.23587703704834,3415400.0
2009-10-15,9.957112242111801,10.270721769054148,9.930977491779863,10.035514831542969,3993200.0
2009-10-16,9.948400658667822,10.122628173635793,9.791595479805487,10.035514831542969,4653500.0
2009-10-19,9.965823409926436,10.166185683572971,9.800307471507438,10.096494674682617,2433400.0
2009-10-20,10.122628173635793,10.122628173635793,9.852575733131019,10.035514831542969,2879600.0
2009-10-21,9.852576517941072,10.25330024967834,9.826441765527361,9.94840145111084,4675500.0
2009-10-22,9.843863703132126,9.904843122909078,9.626079111606115,9.730615615844727,3629700.0
2009-10-23,9.791595991206341,9.826441496019864,9.547677457511671,9.608656883239746,4118700.0
2009-10-26,9.591234467264663,9.739328069198557,9.14695366146298,9.190510749816895,4445400.0
2009-10-27,9.164375499618872,9.36473691388465,8.946590920226207,9.216643333435059,2955100.0
2009-10-28,9.085977263493602,9.216647741309643,8.641696309666843,8.65911865234375,3928600.0
2009-10-29,8.920456441246499,9.338603278283006,8.911744858420635,9.024992942810059,3589700.0
2009-10-30,8.824634001264561,8.833345586537424,8.40648704677455,8.67654037475586,5005100.0
2009-11-02,8.650404770258884,8.972725885734304,8.397774661870995,8.5632905960083,5374800.0
2009-11-03,8.328084904680935,9.120820852363936,8.301950150013996,9.033706665039062,8809500.0
2009-11-04,9.26020094840048,9.425716872720267,8.946591435108221,9.155664443969727,6167000.0
2009-11-05,9.059840351397032,9.234068721478945,8.903035981418725,9.146954536437988,3529600.0
2009-11-06,9.338605189923642,9.565100574284513,9.242779420787857,9.312470436096191,3809200.0
2009-11-09,9.565100023133486,9.695771292394024,9.425718000548153,9.49540901184082,4098000.0
2009-11-10,9.338604501436327,9.547677531947452,9.234067986180765,9.530254364013672,2743600.0
2009-11-11,9.608655869681314,9.626079035641396,9.22535535716458,9.399582862854004,3887700.0
2009-11-12,9.20793198237641,9.251489065506497,8.824631478552604,8.93787956237793,4787900.0
2009-11-13,8.97272613882968,9.234067838170809,8.868189625249702,9.190510749816895,3428100.0
2009-11-16,9.417007778210264,9.599946900864307,9.286336501581703,9.556389808654785,3988400.0
2009-11-17,9.268913640530847,9.49540901184082,9.242778888209308,9.49540901184082,2987000.0
2009-11-18,9.521542211523768,9.538964546114752,9.277622880991968,9.34731388092041,2908300.0
2009-11-19,9.173087289177317,9.382161140441895,9.03370527552249,9.382161140441895,3039800.0
2009-11-20,9.06854904388913,9.26019969138798,8.972724135530793,9.225354194641113,2510900.0
2009-11-23,9.417007137607746,9.495408901312594,9.216644859386792,9.364738464355469,3222800.0
2009-11-24,9.356025845012654,9.39087134639738,9.173086755047278,9.32118034362793,3667000.0
2009-11-25,9.582523673698566,9.843865394592285,9.469275566951874,9.843865394592285,3852300.0
2009-11-27,9.486700057983398,9.721907058015361,9.356028763936713,9.486700057983398,2346100.0
2009-11-30,9.55638957538628,9.756751031563908,9.538966406614794,9.669637680053711,3058700.0
2009-12-01,10.122626624676629,10.262008615322845,10.070358793575396,10.174895286560059,3792500.0
2009-12-02,10.279433815752368,10.34912482488026,10.105206292932639,10.183608055114746,3244800.0
2009-12-03,10.183607667981056,10.253299505241946,9.904843642066808,9.957112312316895,3247100.0
2009-12-04,9.913554621435205,9.93968853957647,9.382160521724012,9.687058448791504,5568200.0
2009-12-07,9.495408978268179,9.512832146420937,9.225356518159511,9.286335945129395,6662900.0
2009-12-08,9.042417415470286,9.09468525841583,8.685250775806997,8.789787292480469,6598500.0
2009-12-09,8.781074810358328,9.042416490705888,8.746229308364141,8.998859405517578,4639400.0
2009-12-10,9.146954776248414,9.173088700132892,8.94659330849665,9.033706665039062,2775700.0
2009-12-11,9.07726490407732,9.09468724527118,8.781077626738577,8.87690258026123,3568800.0
2009-12-14,9.016283304026787,9.234067916870117,8.894323621752871,9.234067916870117,3508000.0
2009-12-15,9.0859754170517,9.234069038231864,9.016284398941323,9.077263832092285,3423700.0
2009-12-16,9.216644978425228,9.312469911379264,9.10339687723461,9.120820045471191,2785900.0
2009-12-17,8.920457046792743,8.946591797044434,8.467465509266948,8.476176261901855,7962600.0
2009-12-18,8.659114495874055,8.894322239979804,8.502310163919129,8.641692161560059,14156300.0
2009-12-21,8.763652516108868,8.789786435032264,8.467465332369388,8.545867919921875,4230700.0
2009-12-22,8.598136099552066,8.746229697308657,8.528445092464535,8.5632905960083,3089600.0
2009-12-23,8.63298194849818,8.798498720040085,8.598136443560259,8.702672958374023,2747500.0
2009-12-24,8.833344692877317,8.850767030877948,8.720096588134766,8.720096588134766,697100.0
2009-12-28,8.894325507329489,8.91174784804362,8.728809532023792,8.78107738494873,1716500.0
2009-12-29,8.83334399032508,8.876900247253657,8.659115639481383,8.693961143493652,1712400.0
2009-12-30,8.676539496959567,8.763653679309964,8.615560067783736,8.720096588134766,1961400.0
2009-12-31,8.789786988123657,8.929169005528685,8.763653067555804,8.859477996826172,1201400.0
2010-01-04,9.085973698011514,9.181798622087863,9.024993445615374,9.12952995300293,2242800.0
2010-01-05,9.25148791065422,9.399581476340819,9.146951422660528,9.338602066040039,2922600.0
2010-01-06,9.390872270459628,9.756750486392816,9.37344993344405,9.608656883239746,3484300.0
2010-01-07,9.408297447711897,9.582525008991599,9.347317178177093,9.486700057983398,2409800.0
2010-01-08,9.451854334323196,9.582524794664705,9.329894628763936,9.565101623535156,2533700.0
2010-01-11,9.64350018338955,9.730614340898805,9.565097607787655,9.678345680236816,2107800.0
2010-01-12,9.32989284743953,9.538965876381358,9.16437690722284,9.234067916870117,2895700.0
2010-01-13,9.242777381027746,9.443139628908707,9.016282046651435,9.34731388092041,2200300.0
2010-01-14,9.14695533139685,9.312471300420679,9.10339823509084,9.181800842285156,1852900.0
2010-01-15,9.007571300753948,9.103396226861978,8.894323207654098,9.051128387451172,2207200.0
2010-01-19,8.964015719967309,9.138243265243247,8.920458625952707,9.077263832092285,1866900.0
2010-01-20,8.850768070664348,8.894325166956627,8.57200398364579,8.763654708862305,3646100.0
2010-01-21,8.737517948942514,8.789786618663575,8.441330759015257,8.476176261901855,5298900.0
2010-01-22,8.397774661870995,8.798498368015474,8.354217574745704,8.5632905960083,4443200.0
2010-01-25,8.702672924557007,8.772363934162044,8.554579321450714,8.615559577941895,2336700.0
2010-01-26,8.450041136930045,8.728805951035929,8.432618803363415,8.502309799194336,2074700.0
2010-01-27,8.441329956054688,8.511021785980946,8.249680123799765,8.441329956054688,3170400.0
2010-01-28,8.580711703381214,8.580711703381214,8.21483358860913,8.432618141174316,3061500.0
2010-01-29,8.34550654363396,8.389063633642717,7.988339900970459,7.988339900970459,4641500.0
2010-02-01,8.188699487172991,8.502309799194336,8.1364316556909,8.502309799194336,3480000.0
2010-02-02,8.711385003743242,8.981438304403545,8.632982405784368,8.720096588134766,3846500.0
2010-02-03,8.598135567129683,8.815920158487929,8.563290065743654,8.624269485473633,2408600.0
2010-02-04,8.362926626268992,8.362926626268992,8.11900734453217,8.127718925476074,4710300.0
2010-02-05,8.12772156124776,8.29323832972971,7.761843350772486,8.24096965789795,6284600.0
2010-02-08,8.101585440016793,8.328081571791998,8.02318286895752,8.02318286895752,2450600.0
2010-02-09,8.171279213140537,8.423909344397464,8.075454277416327,8.267104148864746,2845600.0
2010-02-10,8.20612340094399,8.23225731907171,7.918647809192257,8.00576114654541,3479000.0
2010-02-11,7.997050690534058,8.380351216804748,7.883802600076686,8.345505714416504,5968300.0
2010-02-12,8.023182446495474,8.179987580357418,7.970913791614129,8.127718925476074,3263200.0
2010-02-16,8.336793061009248,8.545866879284212,8.267102065178326,8.502309799194336,2742200.0
2010-02-17,8.38906380787809,8.441331652348254,8.145145261858373,8.179990768432617,2595900.0
2010-02-18,8.171277192110418,8.275813686349387,8.01447203536086,8.136431694030762,3769200.0
2010-02-19,7.997050329128881,8.197411751110915,7.970915580432055,8.084163665771484,2290100.0
2010-02-22,8.014474689553316,8.066743369373976,7.944783670314089,7.962206840515137,2635300.0
2010-02-23,7.875090295133209,7.9447812935234134,7.639883383261827,7.657305717468262,3477400.0
2010-02-24,7.700863443080319,7.822822285069885,7.6485947745260034,7.744420528411865,2663900.0
2010-02-25,7.648595285069927,7.953494071960449,7.605038196830944,7.953494071960449,3500900.0
2010-02-26,7.88380306309102,8.02318508082988,7.7618433821783395,7.953494071960449,2351900.0
2010-03-01,8.04060776022653,8.214836120605469,7.979628332563338,8.214836120605469,3200200.0
2010-03-02,8.362928517409063,8.615558606435885,8.301948267794124,8.493598937988281,3723000.0
2010-03-03,8.650405116358325,8.754941631172091,8.563290938622337,8.702672958374023,2341000.0
2010-03-04,8.676539422895253,8.737518851550552,8.397775371005416,8.554579734802246,3146400.0
2010-03-05,8.528444564357628,8.685249735985895,8.51973298131555,8.624269485473633,2212400.0
2010-03-08,8.728807013950242,8.754940932873636,8.519733170216176,8.545867919921875,2112800.0
2010-03-09,8.458754273356544,8.476176610124437,8.267103584215594,8.362929344177246,1818900.0
2010-03-10,8.46746471979522,8.528444136465719,8.214834639725986,8.275814056396484,2595200.0
2010-03-11,8.197412907490683,8.380352020263672,8.136433480160484,8.380352020263672,2192500.0
2010-03-12,8.458753073751806,8.502310155667885,8.301947911166815,8.354216575622559,1893300.0
2010-03-15,8.345504993082894,8.389062074998973,8.232256912413984,8.354216575622559,1158200.0
2010-03-16,8.467465481587578,8.519733320355458,8.354217389880745,8.511022567749023,2127300.0
2010-03-17,8.511023289834315,8.56329113303666,8.380352020263672,8.380352020263672,2148100.0
2010-03-18,8.51102226899563,8.615558773644274,8.397774181264026,8.580713272094727,2824700.0
2010-03-19,8.328083038330078,8.511022126089093,8.301948289520023,8.328083038330078,2733200.0
2010-03-22,8.24097138610236,8.441332870113252,8.206125874501225,8.39777660369873,1707500.0
2010-03-23,8.336792801205117,8.44132929169377,8.258390225643085,8.371638298034668,2518500.0
2010-03-24,8.223547108003324,8.258392614914179,8.049319573449054,8.101588249206543,2847600.0
2010-03-25,8.153853594316773,8.197410672296915,8.049317105633731,8.075451850891113,2479600.0
2010-03-26,8.179989055816236,8.284525553652523,8.127720391506974,8.232256889343262,2147600.0
2010-03-29,8.319371076246142,8.415195991835727,8.301947911166815,8.354216575622559,1697600.0
2010-03-30,8.389063918161368,8.389063918161368,8.162567707060031,8.188701629638672,2338800.0
2010-03-31,8.232257461729462,8.29323771279391,8.153854875205383,8.258391380310059,1794900.0
2010-04-01,8.293240133091373,8.711386275541761,8.267105376101322,8.650406837463379,4093700.0
2010-04-05,8.75494091843618,8.894322926840838,8.667826747792116,8.833343505859375,2448000.0
2010-04-06,8.69396342842157,8.946594437384375,8.659117915251281,8.87690258026123,2516500.0
2010-04-07,8.833344154559123,9.024994014798686,8.763653145238854,8.903035163879395,3402600.0
2010-04-08,8.67653934373332,8.798499030713606,8.624270669089652,8.754941940307617,2616300.0
2010-04-09,8.824634725897079,8.990150705760312,8.763655285544715,8.87690258026123,2649000.0
2010-04-12,8.763654565919506,8.85947951157352,8.65911720421013,8.67654037475586,1901200.0
2010-04-13,8.624272193597674,8.624272193597674,8.345508094974209,8.450044631958008,2506700.0
2010-04-14,8.545866879284212,8.589423128591886,8.406484056840169,8.502309799194336,1978500.0
2010-04-15,8.45004153864325,8.554578037359274,8.362928205104351,8.441329956054688,1727200.0
2010-04-16,8.336795870406279,8.354219040626504,8.058031793142554,8.171279907226562,3540900.0
2010-04-19,8.05803118596305,8.197413214092359,8.03189726338441,8.188701629638672,4665700.0
2010-04-20,8.232258692426642,8.29323895260745,8.084165080359908,8.101588249206543,1822000.0
2010-04-21,8.101587375946243,8.188700718442329,8.04931870582273,8.14514446258545,1892000.0
2010-04-22,8.031897235384834,8.119010587270761,7.979628559627345,8.101588249206543,3680200.0
2010-04-23,8.110300082907168,8.345507054089126,8.031897482252369,8.31937313079834,2111200.0
2010-04-26,8.389064146762063,8.39777573145314,8.24097053014354,8.31937313079834,1611900.0
2010-04-27,8.214835017862285,8.354217022829157,8.023184345641695,8.249680519104004,4428100.0
2010-04-28,8.188702874107236,8.537158828169114,8.127723435228988,8.450044631958008,4416200.0
2010-04-29,8.336796335309849,8.484889967310302,8.319373994900545,8.39777660369873,3382000.0
2010-04-30,8.502310984360271,8.667826914834983,8.450042314810071,8.511022567749023,3306600.0
2010-05-03,8.554580990512571,8.606849673305538,8.39777660369873,8.39777660369873,1813600.0
2010-05-04,8.45004268958142,8.511022945224932,8.15385548748605,8.362929344177246,4519200.0
2010-05-05,8.101588018672116,8.415197571945898,8.101588018672116,8.214836120605469,3785800.0
2010-05-06,8.153854702725475,8.42390795828679,8.066741365705447,8.328083038330078,7241200.0
2010-05-07,8.450043508257052,8.476177431332033,8.084165262077581,8.15385627746582,6050000.0
2010-05-10,8.328083753773804,8.380351594319556,8.162566986886775,8.197412490844727,5002600.0
2010-05-11,8.563291195924696,9.00757202031934,8.467466262161741,8.92045783996582,8503900.0
2010-05-12,9.12081924224613,9.242778086032343,8.981437231757706,9.085973739624023,5541600.0
2010-05-13,9.120818883516309,9.251489305514246,8.929168211241358,8.9465913772583,3139700.0
2010-05-14,9.068550491607468,9.138241496226787,8.693960718691901,9.0424165725708,4279400.0
2010-05-17,9.094684134490896,9.173086720002571,8.833343290495025,8.9465913772583,3273000.0
2010-05-18,8.84205440896846,8.946591747835594,8.711383981558017,8.798498153686523,4403500.0
2010-05-19,8.545868873877318,8.598136717558644,8.249681657075147,8.423909187316895,4026700.0
2010-05-20,8.179990536305054,8.319372558646725,7.953494334608647,8.04931926727295,5044300.0
2010-05-21,7.770553626932862,8.005760533639897,7.666017131642822,7.8750901222229,6102200.0
2010-05-24,8.10158689765084,8.171277899846274,8.00576114654541,8.00576114654541,2824600.0
2010-05-25,8.101588744731558,8.423909911066993,7.997052217605131,8.41519832611084,4747900.0
2010-05-26,8.467463636353461,8.650402693739503,8.37163790152421,8.432618141174316,4526900.0
2010-05-27,8.441332323101282,8.528446511850241,8.371641304415101,8.458755493164062,2917300.0
2010-05-28,8.37163790152421,8.467463636353461,8.336792406345065,8.432618141174316,2808700.0
2010-06-01,8.624271454848119,8.781076662283258,8.458755493164062,8.458755493164062,3791300.0
2010-06-02,8.554579734802246,8.624270747774705,8.458754799660715,8.554579734802246,3127000.0
2010-06-03,8.659117705925608,8.667829291703228,8.380353607302142,8.450044631958008,3691200.0
2010-06-04,8.319372329577137,8.467465931933079,8.214835815699242,8.284526824951172,2928100.0
2010-06-07,8.362930550166187,8.615560700599202,8.267104776385834,8.458755493164062,3798300.0
2010-06-08,8.650404578839796,8.702672417607676,8.406485228648625,8.511022567749023,5762300.0
2010-06-09,8.563290406516904,8.589424325900843,8.301948720330547,8.511022567749023,4111900.0
2010-06-10,8.450041623187268,8.56328970562492,8.415196123266625,8.48488712310791,2570500.0
2010-06-11,8.380351309264686,8.511022567749023,8.380351309264686,8.511022567749023,1504600.0
2010-06-14,8.511022900746621,8.589424661965944,8.371640053420114,8.406485557556152,1593500.0
2010-06-15,8.598135079601708,8.650403744108177,8.537155663329361,8.641692161560059,2383300.0
2010-06-16,8.528444793388598,8.650404466906059,8.51102245761885,8.632981300354004,1493500.0
2010-06-17,8.772364308163498,8.894323995563132,8.659116205031497,8.842055320739746,3898900.0
2010-06-18,8.972727159132567,9.051129760928426,8.894324557336711,8.99014949798584,3759600.0
2010-06-21,9.06855043734666,9.06855043734666,8.781074837316478,8.833343505859375,2255700.0
2010-06-22,8.955304072470193,9.05112984478963,8.8681907158318,8.911746978759766,2394300.0
2010-06-23,8.946592592541313,8.972726514334411,8.807209737819202,8.92045783996582,2602300.0
2010-06-24,8.859476978900222,9.077261563768404,8.807208312987663,8.93787956237793,2211600.0
2010-06-25,9.016283710348837,9.207933580124433,8.99014895746656,9.173088073730469,2220500.0
2010-06-28,9.103396568044873,9.356026683418209,9.05112872667514,9.068551063537598,3005800.0
2010-06-29,8.972725947851487,9.15566505041831,8.885611772997821,9.01628303527832,2200200.0
2010-06-30,9.077262986810121,9.32118152748254,9.033705896851592,9.20793342590332,3211300.0
2010-07-01,9.068553318089105,9.181801443588187,8.720098186386211,8.87690258026123,5166700.0
2010-07-02,8.903035090570155,9.042417108062999,8.894323506781264,8.981437683105469,3117400.0
2010-07-06,9.207932028241856,9.225355193893582,8.937879606898225,9.024992942810059,3339800.0
2010-07-07,9.164374870456475,9.33860235585291,9.0685491304018,9.268911361694336,3084800.0
2010-07-08,9.26891422933884,9.312470491076878,9.033706428197721,9.146954536437988,2244000.0
2010-07-09,9.181797833963522,9.295045914941577,9.13824075192854,9.216643333435059,1856600.0
2010-07-12,9.199220976091256,9.26020039231843,9.033704230928587,9.094683647155762,1458800.0
2010-07-13,9.251487673875587,9.295044750453716,9.120817274923336,9.164374351501465,2806000.0
2010-07-14,9.242779085036002,9.338604850690835,9.155665734456267,9.295047760009766,1883800.0
2010-07-15,9.321180575250073,9.356026077500674,9.16437623051352,9.3298921585083,1414700.0
2010-07-16,9.112108116809422,9.155665204971523,8.972726099316578,8.981437683105469,3092600.0
2010-07-19,8.95530194285191,8.972725108505745,8.615558520424772,8.737517356872559,3293700.0
2010-07-20,8.563293690664162,8.702675755209977,8.528448174527709,8.65911865234375,2541700.0
2010-07-21,8.650407594008898,8.711387037420407,8.467468432991765,8.519736289978027,1963300.0
2010-07-22,8.667827223180037,8.824632406626426,8.632981719167768,8.693961143493652,1823300.0
2010-07-23,8.763654868200323,8.798500379711193,8.624271991374316,8.728809356689453,2373300.0
2010-07-26,8.772364432919073,8.781076017310596,8.659116328176522,8.720096588134766,1254100.0
2010-07-27,8.711383526141827,8.720095109055714,8.467465020028893,8.493598937988281,2239000.0
2010-07-28,8.4674654006958,8.511022486441135,8.406485148339408,8.4674654006958,1577100.0
2010-07-29,8.502310288459357,8.580712870976367,8.43261928861807,8.48488712310791,1358100.0
2010-07-30,8.54586789255227,8.720095402787411,8.511022390505241,8.711383819580078,1403800.0
2010-08-02,8.781075552179939,8.798498720040085,8.63298194849818,8.702672958374023,1253600.0
2010-08-03,8.903036133533602,9.120820769074564,8.885612963914747,9.112109184265137,2478300.0
2010-08-04,9.199223159306973,9.329893605314492,9.173088405479522,9.312470436096191,2272000.0
2010-08-05,9.356026956175656,9.443141135374676,9.286335945129395,9.286335945129395,2877700.0
2010-08-06,9.443142959967837,9.486700057983398,9.329894837440396,9.486700057983398,3371400.0
2010-08-09,9.312469302832147,9.434428980171289,9.251489879553743,9.382161140441895,1615400.0
2010-08-10,9.234068179426224,9.50412064179234,9.20793342697862,9.451852798461914,1895200.0
2010-08-11,9.547677350010733,9.617368358853104,9.373449827904807,9.599946022033691,3687400.0
2010-08-12,9.626080667874051,9.7393287734705,9.521544146734808,9.591235160827637,2539800.0
2010-08-13,9.434431374208216,9.52154557023934,9.373451935455956,9.486700057983398,1571700.0
2010-08-16,9.207932191204497,9.425716781011849,9.155664354888808,9.399582862854004,2536700.0
2010-08-17,9.129531523101537,9.181800201175648,9.00757265889937,9.112109184265137,2940600.0
2010-08-18,8.876900040662276,9.085973890652486,8.81592061775556,9.051128387451172,3437300.0
2010-08-19,9.007572253033443,9.077263266803795,8.833344718607561,8.929169654846191,2222000.0
2010-08-20,8.798500219739624,8.80721097437207,8.685252101692708,8.763654708862305,2003300.0
2010-08-23,8.641692733933787,8.746229239088354,8.641692733933787,8.667826652526855,1939300.0
2010-08-24,8.606846746476538,8.789785827868188,8.572001246724902,8.685249328613281,3353000.0
2010-08-25,8.667827312964214,9.007571603689788,8.659115729175321,8.981437683105469,3524400.0
2010-08-26,8.824632122527461,9.051128306706604,8.824632122527461,9.00757122039795,2109200.0
2010-08-27,8.911745235140959,8.998859405517578,8.78978639355245,8.998859405517578,4085400.0
2010-08-30,8.894324147961015,8.998860668616544,8.87690097912722,8.929169654846191,1464800.0
2010-08-31,8.990149631512523,9.103397743479402,8.80721050153256,8.86819076538086,2030800.0
2010-09-01,8.964014083791906,8.998859586486846,8.728807148296644,8.798498153686523,2611400.0
2010-09-02,8.964012131554927,9.164374351501465,8.911743473504744,9.164374351501465,1994800.0
2010-09-03,9.0946854001121,9.295047683278044,9.08597464667372,9.251490592956543,1573400.0
2010-09-07,9.347315709542103,9.504120905448131,9.338604955933645,9.425718307495117,1947500.0
2010-09-08,9.434431165359646,9.47798826241099,9.295049119421364,9.35602855682373,1747400.0
2010-09-09,9.52154150783753,9.599944084658276,9.425715766931202,9.477984428405762,2518800.0
2010-09-10,9.486699757959821,9.669638899213565,9.47798817247571,9.64350414276123,1508700.0
2010-09-13,9.739328492182262,9.79159633585109,9.687059817731038,9.748039245605469,1821300.0
2010-09-14,9.913555333486231,10.401392384146515,9.896132166285765,9.96582317352295,6081000.0
2010-09-15,10.017532708284337,10.1928174482206,9.921125474451715,10.122703552246094,3354200.0
2010-09-16,10.227874221982722,10.333045064152962,10.184052828789232,10.289223670959473,3415500.0
2010-09-17,10.131467678420721,10.148995733949327,9.649434031942683,9.693255424499512,8152400.0
2010-09-20,9.728312612492074,9.92988985309653,9.702019274812182,9.7633695602417,2291300.0
2010-09-21,9.789661828105539,9.894832668840621,9.535498754039867,9.851011276245117,2762600.0
2010-09-22,9.877306100179162,9.96494806273983,9.780898854791657,9.912363052368164,2348700.0
2010-09-23,10.017533250758673,10.052590200644346,9.772133765735344,9.81595516204834,1711000.0
2010-09-24,9.982475580105094,10.07888197637393,9.877304738041758,10.008768081665039,1751400.0
2010-09-27,10.07888336631,10.07888336631,9.903598605364996,9.912363052368164,1035900.0
2010-09-28,9.886068526464463,10.157760500233346,9.807190184537252,10.122703552246094,2430400.0
2010-09-29,9.982476710621084,10.070118671020875,9.886069467610566,10.000004768371582,1689200.0
2010-09-30,9.912361502349286,9.929889557791048,9.66696203957629,9.894832611083984,2241800.0
2010-10-01,9.824719014585236,10.035060701184419,9.824719014585236,9.921125411987305,1913100.0
2010-10-04,9.807189883649613,9.947418507119934,9.780897382421728,9.851011276245117,1423400.0
2010-10-05,10.105175303256923,10.385631740821845,10.087647246059904,10.376867294311523,2378700.0
2010-10-06,10.236639785879724,10.438217046434008,10.192818387899859,10.403160095214844,1790000.0
2010-10-07,10.254167874431184,10.254167874431184,9.833484458535422,10.000004768371582,3649300.0
2010-10-08,9.929890332025856,10.078882576103712,9.903597828901411,10.06135368347168,2026100.0
2010-10-11,9.94741998954922,10.105175856249879,9.903598590423165,10.07011890411377,1521200.0
2010-10-12,10.000004768371582,10.052590613270377,9.780898613636626,10.000004768371582,2124800.0
2010-10-13,10.07888197637393,10.15776031687732,9.947418632750649,10.008768081665039,3386200.0
2010-10-14,9.947418334458522,10.09641056520299,9.912361388155325,9.982475280761719,1484700.0
2010-10-15,9.921127869065256,9.93865676520153,9.772135595202013,9.85977840423584,2077500.0
2010-10-18,9.79842710501731,9.89483350824701,9.728313205245962,9.81595516204834,1135800.0
2010-10-19,9.649434690357953,9.658199136632057,9.333921311079013,9.421564102172852,4236900.0
2010-10-20,9.491677409841856,9.745840485203487,9.465384908479907,9.649434089660645,1910400.0
2010-10-21,9.693255721598629,9.73707627967502,9.45662069603299,9.596848487854004,2343700.0
2010-10-22,9.745843086821372,9.877307300372113,9.631907769406906,9.85977840423584,2035300.0
2010-10-25,10.008767592748482,10.01753203811485,9.824718419172342,9.868539810180664,1579500.0
2010-10-26,9.65819796188772,10.052588802192313,9.605612126462809,9.877304077148438,2737200.0
2010-10-27,9.719550578440733,9.91236425682089,9.614379709094404,9.85977840423584,3662900.0
2010-10-28,9.912363593910833,9.938656100533105,9.754606882529762,9.886070251464844,2348200.0
2010-10-29,10.026296673589117,10.140231967539671,9.95618277513087,10.105175018310547,1301600.0
2010-11-01,9.938655079210733,9.973712029712459,9.807190887961543,9.929890632629395,1469900.0
2010-11-02,9.973711784350893,10.166525425278818,9.868540935433009,10.14023208618164,2244300.0
2010-11-03,10.105175622345522,10.192818418568965,9.912362807971789,10.000004768371582,4405600.0
2010-11-04,10.271694276783416,10.832605361938477,10.236637333961225,10.832605361938477,4335300.0
2010-11-05,10.771259062187301,11.025422180725863,10.718673214706634,10.823844909667969,2573300.0
2010-11-08,10.771257639604816,10.964071273803711,10.727436245129125,10.964071273803711,1280200.0
2010-11-09,11.069244809310774,11.235765145801063,10.420690688081972,10.534626007080078,3940800.0
2010-11-10,10.815079152681383,10.911485552926257,10.490802167322892,10.876428604125977,3170000.0
2010-11-11,10.893957496437912,10.93777805557057,10.61350107021208,10.876428604125977,2359200.0
2010-11-12,10.736200869331276,10.858900608734412,10.44698083114579,10.674851417541504,2425800.0
2010-11-15,10.569681230703447,10.762494044320624,10.508330939258304,10.525859832763672,1503600.0
2010-11-16,10.297988175417016,10.420687909892935,10.16652483091133,10.245402336120605,2399400.0
2010-11-17,10.157760150802131,10.385630722792214,10.131467649672057,10.297987937927246,1642000.0
2010-11-18,10.403159560511009,10.499565962452683,10.289224265948885,10.306753158569336,1366700.0
2010-11-19,10.262932290338187,10.482038444413876,10.192818387899859,10.403160095214844,1390000.0
2010-11-22,10.31551742555903,10.490802169598451,10.201582132977506,10.473273277282715,1134800.0
2010-11-23,10.359338772348645,10.411924617470506,10.175289568157615,10.201582908630371,1932100.0
2010-11-24,10.254165950712379,10.315516230888711,10.192816506359538,10.280458450317383,775300.0
2010-11-26,10.035061602329755,10.078882999928956,9.912362692040357,9.964947700500488,686700.0
2010-11-29,9.938654303782352,10.087646540745997,9.824719014585236,9.921125411987305,2854600.0
2010-11-30,9.842247838463267,10.000004533632845,9.789662830622495,9.929890632629395,2488500.0
2010-12-01,9.947419759296436,10.01753366194573,9.824720011748347,10.000004768371582,1893700.0
2010-12-02,10.052590308235084,10.210346166497233,10.017533357974203,10.09641170501709,1606100.0
2010-12-03,10.376866874766083,10.90272110677029,10.376866874766083,10.876428604125977,3539800.0
2010-12-06,10.876429419230922,11.165649477463958,10.867664972418128,11.121828079223633,2148000.0
2010-12-07,11.069243237866791,11.113064636771698,10.59597396850586,10.59597396850586,2398100.0
2010-12-08,10.613501486929152,10.806315130812918,10.525859529399167,10.657322883605957,1646200.0
2010-12-09,10.727436244949427,10.876428484670134,10.666086794178634,10.841371536254883,1425600.0
2010-12-10,10.736198978133313,10.94654063506646,10.578442317521729,10.832605361938477,1696000.0
2010-12-13,11.007893794056859,11.156885213193835,10.92901544309844,11.078007698059082,1088900.0
2010-12-14,11.13059228374386,11.305877037065883,11.086770886457446,11.174413681030273,1185900.0
2010-12-15,11.270821138676315,11.358463941431717,10.920251599302134,10.972837448120117,2071400.0
2010-12-16,11.025423336703406,11.034187784839721,10.552154003051506,10.815081596374512,2181400.0
2010-12-17,10.937780526987812,10.990366379981923,10.806317148238197,10.815081596374512,2019500.0
2010-12-20,10.885192217689516,10.981598610560406,10.744964433214212,10.911484718322754,1473500.0
2010-12-21,10.84137177788213,10.876428727078713,10.595973133506055,10.631030082702637,1150600.0
2010-12-22,10.622266473519337,10.73620177634263,10.587209521560146,10.59597396850586,771100.0
2010-12-23,10.587208334254639,10.929014204392598,10.569680278152564,10.806314468383789,771600.0
2010-12-27,10.788786351242923,10.85013580098845,10.595972720269536,10.727436065673828,384400.0
2010-12-28,10.902721343958584,10.955307186214803,10.797550495269755,10.946542739868164,610200.0
2010-12-29,10.946542381684003,11.130591569823041,10.893957376972036,10.964071273803711,510000.0
2010-12-30,10.990363594569061,11.042949434235746,10.797549963555971,10.850135803222656,754700.0
2010-12-31,10.850135335728234,11.104298405548487,10.780021443075995,10.990363121032715,808300.0
2011-01-03,11.03418667472741,11.113065028371004,10.867665520185668,10.937779426574707,1026800.0
2011-01-04,10.815076544526486,10.815076544526486,10.350571875986432,10.622262954711914,1934700.0
2011-01-05,10.411922523635395,10.604736135875907,10.306751690365157,10.490800857543945,1282500.0
2011-01-06,10.394393479018431,10.464507366823144,10.1314668176625,10.210344314575195,1763300.0
2011-01-07,10.087647617914943,10.455746026681204,10.00876926806165,10.078883171081543,2453500.0
2011-01-10,10.096412245083602,10.140232808385989,9.964948047705441,10.07011890411377,1667800.0
2011-01-11,10.254167080211548,10.254167080211548,9.894833148009624,9.991239547729492,2957300.0
2011-01-12,10.105173584917136,10.166523864233419,9.982474697931528,10.087645530700684,1908200.0
2011-01-13,10.192818973160097,10.210347031864298,9.859777499543346,9.938655853271484,1783400.0
2011-01-14,9.798427048149959,9.929890400502353,9.623141463915285,9.737076759338379,2158200.0
2011-01-18,9.877303621393732,10.043823893546024,9.772131955396699,10.017531394958496,1892100.0
2011-01-19,9.96494860715538,10.08764836443218,9.815956343256305,9.886070251464844,1436300.0
2011-01-20,9.675727780869382,9.842248091070513,9.517971081650884,9.719549179077148,2799800.0
2011-01-21,9.693257283704952,9.780899249805147,9.544265021928547,9.614378929138184,2468500.0
2011-01-24,9.570555744908589,9.728312424647553,9.456620457966398,9.526734352111816,2168900.0
2011-01-25,9.360214833339015,9.439093179704575,8.99211644084881,9.255043983459473,3263100.0
2011-01-26,9.193693917787687,9.491678417606316,9.149872520316071,9.482913970947266,3123500.0
2011-01-27,9.509206954825792,9.535499457994712,9.237514969334939,9.377742767333984,3313900.0
2011-01-28,9.228750460535892,9.824719433821402,9.228750460535892,9.54426383972168,3149200.0
2011-01-31,9.447856131601323,9.58808392166372,9.360214180724105,9.56179141998291,1928900.0
2011-02-01,9.605612696841698,9.666962145294093,9.42156351566096,9.649434089660645,2299100.0
2011-02-02,9.614378107718982,9.631906165112003,9.386507510844284,9.404035568237305,2266600.0
2011-02-03,9.368977790735336,9.62314086917932,9.20245749899213,9.56179141998291,2264200.0
2011-02-04,9.666960992359531,9.728311269318507,9.482911833129501,9.535497665405273,1662900.0
2011-02-07,9.702019034352043,9.780897373789628,9.614377085061927,9.693255424499512,1390400.0
2011-02-08,9.798426273789348,9.947418507119934,9.728312379965958,9.851011276245117,1298600.0
2011-02-09,9.807190966540212,9.842247917322826,9.482913962845128,9.605613708496094,1701100.0
2011-02-10,9.465383225446663,9.509204610473759,9.272569632821478,9.439090728759766,1966300.0
2011-02-11,9.421563262099978,9.535498546033498,9.281335477512114,9.3339204788208,1640200.0
2011-02-14,9.351448486847715,9.456619315358445,9.325155988675895,9.412797927856445,840200.0
2011-02-15,9.430328545662768,9.623141348694526,9.430328545662768,9.54426383972168,1666100.0
2011-02-16,9.51796926773609,9.675725936889648,9.421562878710853,9.675725936889648,1647900.0
2011-02-17,9.64943343730522,9.684490382025622,9.544262603144011,9.675725936889648,1224200.0
2011-02-18,9.754604881193844,10.02629601080359,9.70201904291453,9.851011276245117,1504900.0
2011-02-22,10.219109030331541,10.25416597516297,9.947417916843845,9.956181526184082,2330300.0
2011-02-23,10.166525126101588,10.306752920532189,10.087646782778478,10.11393928527832,1733000.0
2011-02-24,10.20158022515846,10.21910827837265,10.008766624861778,10.192815780639648,5706200.0
2011-02-25,10.10517313121068,10.245400901940213,10.096409522407667,10.227872848510742,2867900.0
2011-02-28,10.22787528610777,10.48203839008529,10.192818335070307,10.324281692504883,1921400.0
2011-03-01,10.245402099843558,10.333044884708524,10.201581543234616,10.297987937927246,2454500.0
2011-03-02,10.33304500579834,10.411923345936454,10.280459167098414,10.33304500579834,2426200.0
2011-03-03,10.227874221982722,10.324280618349553,10.175288382985823,10.289223670959473,2589200.0
2011-03-04,10.271695855877466,10.718671736619289,10.271695855877466,10.604737281799316,4039300.0
2011-03-07,10.70990597895691,10.753727364390521,10.499563496040258,10.692377090454102,3958800.0
2011-03-08,10.446982916752743,10.771259968673535,10.315519540722933,10.744967460632324,5180300.0
2011-03-09,10.701144746856905,10.850137000559984,10.674852242033907,10.797551155090332,4163100.0
2011-03-10,10.44698089046468,10.744965376547428,10.394395048758009,10.631030082702637,5661000.0
2011-03-11,10.543386941749775,10.95530670800122,10.508329993717114,10.929014205932617,2639900.0
2011-03-14,10.788787774677264,10.86766529083252,10.683616081489571,10.86766529083252,1882900.0
2011-03-15,10.324279777165202,10.806313391372148,10.280458387542119,10.771256446838379,3921800.0
2011-03-16,10.68361490905113,10.771257698481577,10.385631263799496,10.517094612121582,3478700.0
2011-03-17,10.5258580929886,10.56967948368532,10.333044475417132,10.394393920898438,2914700.0
2011-03-18,10.411924541975546,10.534624289154445,10.280460348035945,10.403160095214844,7097800.0
2011-03-21,10.604735651505957,10.885191194083488,10.508328431877345,10.832605361938477,2910000.0
2011-03-22,10.701143801213401,10.972835779787568,10.683614908997965,10.920249938964844,4059200.0
2011-03-23,10.999128781707093,11.87555337250728,10.999128781707093,11.822967529296875,7878200.0
2011-03-24,12.436464069365336,12.865912736599196,12.22612237673462,12.611749649047852,10009000.0
2011-03-25,12.296237520892936,12.383880319619578,11.954432444671106,12.357587814331055,6406300.0
2011-03-28,12.156009119491637,12.743213669216908,12.094659664865413,12.46275806427002,4474200.0
2011-03-29,12.43646573446122,12.92726391880189,12.418937675640322,12.900971412658691,6644400.0
2011-03-30,13.269067174963341,13.461879962357632,13.04996105088694,13.374238014221191,5094400.0
2011-03-31,13.365474953222177,13.409296349741728,12.725685405837044,13.03243350982666,5266000.0
2011-04-01,12.98861343535734,13.435590220869921,12.962320929098867,13.339183807373047,2982600.0
2011-04-04,13.286598135156032,13.391768997407748,12.927264146840068,12.971085548400879,2570700.0
2011-04-05,13.014904569635835,13.453116833450865,12.892204834871144,13.391766548156738,3232800.0
2011-04-06,13.602108180041718,13.689750125576262,13.36547317186908,13.593343734741211,2486400.0
2011-04-07,13.488174679592923,13.751101386737078,13.356710490197228,13.435588836669922,2019100.0
2011-04-08,13.619639036396299,13.689752941575858,13.49693928442023,13.637167930603027,1905800.0
2011-04-11,13.505702197445421,13.602109432984422,13.163897157475754,13.216482162475586,3229000.0
2011-04-12,13.14636971734267,13.190191116898548,12.92726355538696,12.953556060791016,3317100.0
2011-04-13,13.137602312961192,13.190188147755785,12.839617866046646,12.997374534606934,2504200.0
2011-04-14,12.787035150605417,13.076255204066346,12.769506257269052,13.05872631072998,2860200.0
2011-04-15,12.883441619519905,13.06749082133406,12.769506319746986,12.979848861694336,2238700.0
2011-04-18,12.848384368117143,13.216482763139688,12.63804266691101,13.111311912536621,4996000.0
2011-04-19,12.997377460346893,13.137605270266759,12.787035745467092,12.953556060791016,3843600.0
2011-04-20,12.804560881309177,13.225245050876383,12.804560881309177,13.163895606994629,5919300.0
2011-04-21,13.207717366642425,13.567051289313008,13.190189310714466,13.514466285705566,4372900.0
2011-04-25,13.65469462098008,13.689751570057654,13.33041763305664,13.33041763305664,2013300.0
2011-04-26,13.277833803843267,13.277833803843267,12.883442857992979,13.006142616271973,3000500.0
2011-04-27,13.146370096858139,13.277833463497238,12.760743608446061,13.260305404663086,2733600.0
2011-04-28,13.014904071769989,13.234010195295925,12.813326003497894,12.848382949829102,3556400.0
2011-04-29,13.058724848700104,13.663458227921716,13.02366790177592,13.645929336547852,3869500.0
2011-05-02,13.742337781665865,13.78615834232522,13.207718249056136,13.312889099121094,2821100.0
2011-05-03,13.216482224507871,13.304125014350396,12.62927770570429,12.769505500793457,3107100.0
2011-05-04,12.760742010456113,12.760742010456113,12.296236390076059,12.646806716918945,3463500.0
2011-05-05,12.173538281603195,12.340058591762622,11.875553776853392,12.007017135620117,4387900.0
2011-05-06,12.173538683580047,12.576694055820367,12.129717283936248,12.19106674194336,2279000.0
2011-05-09,12.21735722061929,12.296235559727982,12.103422770599556,12.278707504272461,2022300.0
2011-05-10,12.138478331646512,12.252412768659877,12.050835556903293,12.094656944274902,1724900.0
2011-05-11,12.129714748658522,12.138479193920128,11.67397362493709,11.735323905944824,3696300.0
2011-05-12,11.62139033564548,11.95443178219757,11.542511988327401,11.779146194458008,3144900.0
2011-05-13,11.752852547266064,11.88431672528142,11.340932793468957,11.507453918457031,2688200.0
2011-05-16,11.595097954557936,11.787911615517197,11.463634588708805,11.621391296386719,2882000.0
2011-05-17,11.56003892620533,11.682738658576824,11.35846168997739,11.63015365600586,2430600.0
2011-05-18,12.23488651930144,12.23488651930144,11.586332565204062,11.814202308654785,2125200.0
2011-05-19,11.70903111073366,11.963194184289696,11.691503055224732,11.831730842590332,1786000.0
2011-05-20,11.831731200517531,12.024544831889896,11.568803673341316,11.814202308654785,2409500.0
2011-05-23,11.577567937585739,11.79667406749022,11.560039045998074,11.665210723876953,1510200.0
2011-05-24,11.717795970956457,11.989487945456984,11.717795970956457,11.893080711364746,1785600.0
2011-05-25,11.77914696797285,11.893082273156034,11.67397610991691,11.787911415100098,1833300.0
2011-05-26,11.76161846611807,11.787910970684882,11.358463107524468,11.367227554321289,4173400.0
2011-05-27,11.6827401776302,12.094659985172688,11.656447672926022,12.085895538330078,2671600.0
2011-05-31,12.199831189036853,12.226123694493662,12.015781979191845,12.19106674194336,2001500.0
2011-06-01,12.252415730951313,12.340058526884109,12.050838470458984,12.050838470458984,2872500.0
2011-06-02,12.226123629735154,12.287473923240986,11.989489410229918,12.234888076782227,2458200.0
2011-06-03,12.30500084071237,12.524106981633762,12.208594439603454,12.401407241821289,2647000.0
2011-06-06,12.32252874822009,12.38387819531076,11.822966218490182,11.840495109558105,2065100.0
2011-06-07,12.094658789701958,12.129715737783615,11.858023763283088,11.893080711364746,1609500.0
2011-06-08,11.656447612027172,11.805439864278524,11.270820311203561,11.367227554321289,2988000.0
2011-06-09,11.437339321256305,11.69150238013651,11.314639596484534,11.577567100524902,2674800.0
2011-06-10,11.411048647012459,11.551276448713146,11.288348902612542,11.498690605163574,1976100.0
2011-06-13,11.498691361099803,11.498691361099803,11.060479034064794,11.14812183380127,2556900.0
2011-06-14,11.218233772306272,11.454867952786488,11.191941271324811,11.34969711303711,1520500.0
2011-06-15,11.270819485965905,11.375990332356304,10.972835839104905,11.15688419342041,2889100.0
2011-06-16,11.060477490242263,11.104298883993907,10.683614674131126,10.850135803222656,3676900.0
2011-06-17,10.850135449227494,11.130591022770195,10.727435717890792,10.90272045135498,6624700.0
2011-06-20,11.078005969331175,11.174412363334055,10.972835129739796,11.069241523742676,1420400.0
2011-06-21,11.113063926334982,11.3234056246434,11.078006976616912,11.305876731872559,1494500.0
2011-06-22,11.218235707315557,11.595097739132397,11.183178754685533,11.428577423095703,1880200.0
2011-06-23,11.095536133861897,11.121828639801864,10.560917388689536,10.937779426574707,3878200.0
2011-06-24,10.876431061681162,10.981601931845608,10.718674338522602,10.815081596374512,1910500.0
2011-06-27,10.911487151861852,11.007894402057536,10.806316290049597,10.972837448120117,1805900.0
2011-06-28,11.156884192281174,11.3935192235031,11.130591689642158,11.279583930969238,1757500.0
2011-06-29,11.472396563906882,11.735324074773079,11.393518227064671,11.603859901428223,3230500.0
2011-06-30,11.770383440378366,11.796675946123417,11.498691428267202,11.586334228515625,2083100.0
2011-07-01,11.402285000942884,11.42857750665171,11.086771589142222,11.22700023651123,1779400.0
2011-07-05,11.375990450918225,11.437340738819717,11.15688430969878,11.314640998840332,1631500.0
2011-07-06,11.411046876151183,11.612624100857582,11.340932150358197,11.533745765686035,1556300.0
2011-07-07,11.65644645690918,11.735324798616665,11.560039223345111,11.65644645690918,2169600.0
2011-07-08,11.66521018331856,11.726559629385385,11.42857517279193,11.603859901428223,1499500.0
2011-07-11,11.621388408068977,11.779144240715404,11.31463951622714,11.375988960266113,1500500.0
2011-07-12,11.332169711400901,11.971959232407766,11.262055814189836,11.849260330200195,2252900.0
2011-07-13,12.164773732580374,12.787035241439824,12.14724483911949,12.576693534851074,3851400.0
2011-07-14,12.63804099691988,12.690625997361018,12.182299868704616,12.375113487243652,2935000.0
2011-07-15,12.392641565903395,12.567926282260725,12.357584622631927,12.532869338989258,1750900.0
2011-07-18,12.673100420696398,12.760743219668077,12.489051211514813,12.594222068786621,2091500.0
2011-07-19,12.620512095771996,12.638040986453534,12.138479303558878,12.252413749694824,1608400.0
2011-07-20,12.278709447131513,12.602986464692595,12.21735915377089,12.51534366607666,1265400.0
2011-07-21,12.51534205550946,12.576692340975072,12.26117897521925,12.50657844543457,1666600.0
2011-07-22,12.559164650674367,12.602986048535328,12.401407952704362,12.453993797302246,973000.0
2011-07-25,12.585456372436267,12.681863608900038,12.42770052009994,12.445228576660156,1165500.0
2011-07-26,12.42770052009994,12.559163869684145,12.331293283636168,12.445228576660156,1085600.0
2011-07-27,12.559164300442974,12.681864043867268,12.199830352486224,12.226122856140137,2103700.0
2011-07-28,12.129716452193376,12.305001202925496,11.90184585832981,12.226122856140137,1754800.0
2011-07-29,12.05083914562017,12.094660546041709,11.787911578914628,11.901846885681152,1694500.0
2011-08-01,11.893082403203303,12.226123875267321,11.79667599122044,12.182302474975586,1556900.0
2011-08-02,12.34005811945334,13.198954649436228,12.313765615871057,13.03243350982666,4540700.0
2011-08-03,13.014905695231572,13.23401184608851,12.900970396487129,12.944791793823242,4833400.0
2011-08-04,12.769504803545697,12.813326196074199,11.858023349411749,11.95443058013916,4520400.0
2011-08-05,12.147244227070654,12.17353756593717,11.235762708621504,11.516219139099121,4210100.0
2011-08-08,11.74408785328529,12.138479543169979,11.41981089168729,11.437339782714844,5184700.0
2011-08-09,11.752853967275852,12.173538217600171,11.34969861046755,12.050838470458984,4548600.0
2011-08-10,11.954432526013258,12.77827132918997,11.8317327741258,12.673100471496582,4947000.0
2011-08-11,12.29623777945452,12.751979005098379,12.26118082639143,12.664336204528809,3858800.0
2011-08-12,12.383879549710855,12.532871796789061,12.050838105408017,12.226122856140137,3530800.0
2011-08-15,11.761616954507879,12.077129476230713,11.47239693397273,11.95443058013916,4631000.0
2011-08-16,11.717796754276806,11.735325647401206,11.481162547862802,11.498690605163574,2868400.0
2011-08-17,11.43734234945277,11.621391567428285,11.279585638095552,11.411049842834473,3455700.0
2011-08-18,11.411049790249699,11.507456204621672,10.911487151861852,10.972837448120117,2588400.0
2011-08-19,10.780022021935267,10.88519286656103,10.42945170402582,10.482037544250488,6163000.0
2011-08-22,11.06047790845872,11.402283789657549,10.990364010134387,11.314640998840332,4451800.0
2011-08-23,11.183177114705797,11.507454087935185,11.016655987265253,11.218234062194824,3997300.0
2011-08-24,11.104299724899066,11.244527526864626,10.806315227810437,11.095535278320312,2758600.0
2011-08-25,11.02541996642494,11.332168870837958,10.858899681856188,11.235761642456055,2047000.0
2011-08-26,11.235763974468195,11.673976308396892,10.964072795493674,11.621391296386719,2102500.0
2011-08-29,11.647684074046582,11.735326877205862,11.39352094787313,11.411049842834473,2320400.0
2011-08-30,11.63015574366298,11.656448249668067,11.411049576698632,11.621391296386719,1552400.0
2011-08-31,11.726560771925223,11.840496065595612,11.551276026210624,11.717796325683594,1768900.0
2011-09-01,11.814202369225123,12.015780447562335,11.691503468851106,11.893080711364746,3247100.0
2011-09-02,12.024546082079114,12.269944742906624,11.93690328530032,12.085895538330078,2233900.0
2011-09-06,11.919374926460929,12.366350838439898,11.919374926460929,12.217358589172363,3637700.0
2011-09-07,12.059600388592203,12.340055939454148,11.84049428052544,12.322527885437012,2150500.0
2011-09-08,12.313764926909718,12.375114377110384,12.024544896215756,12.138480186462402,2604400.0
2011-09-09,11.971959114074707,12.12095135313145,11.831731321038614,11.971959114074707,2226700.0
2011-09-12,11.638917865055639,11.805438998691125,11.025420843262497,11.279583930969238,2617300.0
2011-09-13,11.384755354465767,11.717796802795712,11.183178097642282,11.700268745422363,2401300.0
2011-09-14,11.650875617880628,11.677334600197634,11.386283271362917,11.421562194824219,2167300.0
2011-09-15,11.368646083725464,11.456842986200334,10.962937977216207,11.227529525756836,3352300.0
2011-09-16,11.377466452064088,11.721436681030161,11.245170663062735,11.589140892028809,4712600.0
2011-09-19,11.633238927618518,11.686157747888725,11.39510633919286,11.589140892028809,3593200.0
2011-09-20,11.62441842194257,11.959568666886998,11.448022936412652,11.836091995239258,4944400.0
2011-09-21,11.800813714405265,12.19770189641091,11.703796864928881,11.712615966796875,4126400.0
2011-09-22,11.342185067487584,11.403923817978319,10.936477003490452,11.148151397705078,3837200.0
2011-09-23,10.821820705399567,10.901197653886642,10.169159347061727,10.442571640014648,3901000.0
2011-09-26,10.372013275875295,10.742442381521974,10.292635490220169,10.671884536743164,3852000.0
2011-09-27,10.892377925967097,10.998214692299793,10.389652234491976,10.477849960327148,3128500.0
2011-09-28,10.54841022041222,10.636607966446995,10.12506221700776,10.142702102661133,3316800.0
2011-09-29,10.31909466793721,10.451391260249816,10.080962147559916,10.274995803833008,2735800.0
2011-09-30,10.125059924094218,10.654244598232014,10.089781001892755,10.345553398132324,3015700.0
2011-10-03,10.566048186214065,10.927658235145408,10.416113379048138,10.424932479858398,3240200.0
2011-10-04,10.372015181153888,10.39847416752734,9.772272549248932,10.1956205368042,3600000.0
2011-10-05,10.239717356364789,10.768902067961879,10.160340406629546,10.742443084716797,3003400.0
2011-10-06,10.671886247380536,10.786542132687838,10.345555111574857,10.566048622131348,3204900.0
2011-10-07,10.707163641970181,10.742442564962015,10.142700032984957,10.36319351196289,3877200.0
2011-10-10,10.751262211590031,11.130511283874512,10.715983286804214,11.130511283874512,3109400.0
2011-10-11,10.857100588550233,10.98939635549693,10.760082907747748,10.918838500976562,2003800.0
2011-10-12,11.05113314501437,11.218708663309826,10.954116315185766,11.095232009887695,2331400.0
2011-10-13,11.024675240810646,11.086413153002075,10.557229246112747,10.680705070495605,2744300.0
2011-10-14,10.786541637496292,10.989396095275879,10.645425931797075,10.989396095275879,1280200.0
2011-10-17,10.98057598584419,10.98057598584419,10.645425769364445,10.733623504638672,1341200.0
2011-10-18,10.627786461442366,10.883558878007983,10.257357328331345,10.84827995300293,2500500.0
2011-10-19,10.707164169226106,10.768902077223027,10.169159515712675,10.222078323364258,2401400.0
2011-10-20,10.098601841119796,10.21325855875367,9.851649363740025,10.001585006713867,1960300.0
2011-10-21,10.283816759308186,10.513130202377607,10.186799921601565,10.46903133392334,1610100.0
2011-10-24,10.663066405575329,10.962937717336594,10.59250854882162,10.954117774963379,2135100.0
2011-10-25,10.954116503635898,11.483301208987895,10.742442957941462,11.306905746459961,2174700.0
2011-10-26,11.36864604809862,11.474482835406407,11.015855915956648,11.315727233886719,1811400.0
2011-10-27,11.500941032053966,11.686155607400805,11.3333663406049,11.527400016784668,2128200.0
2011-10-28,11.553858960866235,11.880189218026628,11.518580036879053,11.721433639526367,1423600.0
2011-10-31,12.038945474297696,12.038945474297696,11.58031940460205,11.58031940460205,1641400.0
2011-11-01,11.130512436178936,11.739075003131621,10.892379879500583,11.58031940460205,3262300.0
2011-11-02,11.827271532403428,12.268258544595149,11.774353561965366,11.97720718383789,2007700.0
2011-11-03,12.188880573248762,12.268258368884952,12.003665997136306,12.15360164642334,2057900.0
2011-11-04,12.065404377619085,12.241799006303237,11.783172130608506,12.206520080566406,1290800.0
2011-11-07,12.347636125395763,12.709245334489514,12.312357198682127,12.673966407775879,2204200.0
2011-11-08,12.647507423019642,12.912099793929887,12.400554936024196,12.673966407775879,2342900.0
2011-11-09,12.462290800330722,12.71806318726819,12.162419551966279,12.180059432983398,3478900.0
2011-11-10,12.36527631390122,12.40055524148387,11.933108399618757,12.083044052124023,1901900.0
2011-11-11,12.224159274751484,12.647507229969117,12.224159274751484,12.506391525268555,1953100.0
2011-11-14,12.409372571108522,12.532849220579541,12.303535803468732,12.382913589477539,1153200.0
2011-11-15,12.312357140540412,12.515210757906903,12.180061376268,12.479931831359863,1557100.0
2011-11-16,12.277077061683626,12.656326117305474,12.12714142765247,12.356454849243164,2235700.0
2011-11-17,12.20651921259445,12.20651921259445,11.712613446283166,11.791991233825684,2508000.0
2011-11-18,11.836091179414026,11.844911121305792,11.351005309874246,11.377464294433594,2502200.0
2011-11-21,11.412742253679923,11.50093998289112,11.156969848306508,11.421562194824219,2769900.0
2011-11-22,11.439202297265426,11.597957035338652,11.324545583530602,11.483301162719727,1895500.0
2011-11-23,11.342185685179833,11.35100562731826,10.901198671650222,11.112873077392578,1527400.0
2011-11-25,11.024675007467017,11.280447433995615,10.998216022961563,11.03349494934082,943100.0
2011-11-28,11.474480757931957,11.650875371508386,11.342184166912736,11.448020935058594,2081700.0
2011-11-29,11.377465591621329,11.597959117359077,11.33336755936662,11.412744522094727,1094200.0
2011-11-30,12.21534030281504,12.50639165710711,12.127142565889462,12.479931831359863,2999200.0
2011-12-01,12.497570967993534,12.770982422107535,12.391734194680124,12.585768699645996,1680600.0
2011-12-02,12.70042440119394,12.788622131651689,12.241798389714972,12.285897254943848,2403500.0
2011-12-05,12.409375380821421,12.603409919318654,12.171242809993224,12.232980728149414,2396300.0
2011-12-06,12.153602110486066,12.629868061372575,12.04776532596862,12.532851219177246,1668300.0
2011-12-07,12.488751900772055,12.559309754586453,12.303537324230268,12.435833930969238,1466100.0
2011-12-08,12.19770051100624,12.232979437819434,11.62441774001285,11.765533447265625,2513700.0
2011-12-09,11.87137092412204,11.941928781887603,11.730255208590915,11.836091995239258,1553300.0
2011-12-12,11.545039706509103,11.580318632595345,11.271627398503766,11.359825134277344,2148100.0
2011-12-13,11.403923581801537,11.492120473208125,11.042314392467924,11.130511283874512,2440800.0
2011-12-14,10.865920131945016,11.174611388877276,10.566048817465909,11.01585578918457,4304400.0
2011-12-15,11.04231355521738,11.086411577019115,10.354373312381076,10.477849960327148,3750400.0
2011-12-16,10.6101470547292,10.627786938581638,10.372014510533003,10.424932479858398,4058700.0
2011-12-19,10.521949604119433,10.574867570655105,10.20443844044176,10.222078323364258,2319300.0
2011-12-20,10.557227828698634,10.724802499769343,10.513128965432914,10.671884536743164,1883100.0
2011-12-21,10.548410395963057,10.61014831454524,10.424933717682633,10.592509269714355,1589700.0
2011-12-22,10.574868793480771,10.689525522387612,10.389654206956797,10.583688735961914,1456300.0
2011-12-23,10.671886495982314,10.715984526228082,10.451392980289423,10.539589881896973,912700.0
2011-12-27,10.433751106262207,10.495489009729699,10.345553380352202,10.433751106262207,1081000.0
2011-12-28,10.398474556822729,10.43375348701343,10.080964185106417,10.142702102661133,1339000.0
2011-12-29,10.098601309544456,10.230897903442383,9.90456680983036,10.230897903442383,1876000.0
2011-12-30,10.23090015353596,10.336736947261578,10.125062518694273,10.266179084777832,858900.0
2012-01-03,10.601329193066764,10.663067111534684,10.48667245797202,10.636608123779297,1651800.0
2012-01-04,10.574866785853157,10.830639181436137,10.372013193994452,10.477849960327148,1425500.0
2012-01-05,10.354374509857848,10.5131300982748,10.257357673111905,10.407293319702148,1489500.0
2012-01-06,10.60133028079896,10.715986186541732,10.504312580548111,10.610149383544922,1552700.0
2012-01-09,10.654247188296539,10.689526119074367,10.477852534407402,10.592509269714355,920500.0
2012-01-10,10.760083380004744,10.804182251294455,10.548409807153348,10.583688735961914,1517600.0
2012-01-11,10.583688055458051,10.60132793928614,10.301456643136275,10.46903133392334,1650900.0
2012-01-12,10.59250771076687,10.671885503613606,10.4337521250734,10.627786636352539,1495000.0
2012-01-13,10.433751357946559,10.451391240000412,10.186798897003717,10.36319351196289,1721300.0
2012-01-17,10.627787275443096,10.654246260944445,10.4337527524959,10.504310607910156,2014600.0
2012-01-18,10.557229520957241,10.618967434755941,10.469031780288248,10.566048622131348,1891000.0
2012-01-19,10.495489594314353,10.495489594314353,9.77227122958709,9.96630573272705,4665100.0
2012-01-20,10.001583924248656,10.151519550995058,9.878107278364608,10.089780807495117,2904300.0
2012-01-23,10.142700877798568,10.301456465042952,10.107421951868254,10.257357597351074,1324300.0
2012-01-24,10.248536855905616,10.310274761187328,10.028043375767073,10.080962181091309,2806200.0
2012-01-25,9.975126321742113,10.636606822514732,9.781091806003012,10.601327896118164,4755900.0
2012-01-26,10.724803776422169,10.733623718348388,10.283816773502732,10.424932479858398,3628000.0
2012-01-27,10.548408933455548,10.857100165799402,10.477851081682543,10.733623504638672,2112000.0
2012-01-30,10.601328115299184,10.786541851873471,10.521950318986791,10.680705070495605,2008500.0
2012-01-31,10.87474069580988,10.892380581724174,10.433753641345193,10.636608123779297,1764400.0
2012-02-01,10.768903713473932,10.839461573652818,10.645427037602863,10.813002586364746,1977200.0
2012-02-02,10.839461145701568,11.095233589030922,10.804182217004968,11.01585578918457,1581600.0
2012-02-03,10.96293808021557,11.042315881969941,10.707165630738173,10.945298194885254,3161500.0
2012-02-06,11.121691342399078,11.3333657322299,10.954116659945422,11.130511283874512,2127600.0
2012-02-07,11.183430611170278,11.183430611170278,10.918838242426272,10.989396095275879,2411100.0
2012-02-08,11.08641194971876,11.280446448409622,10.998215062034463,11.077592849731445,2500400.0
2012-02-09,11.368645608763542,11.606778160724556,11.359825666549732,11.562679290771484,3393700.0
2012-02-10,11.359825251766013,11.430383104668241,11.245168530520905,11.377464294433594,1448400.0
2012-02-13,11.403924262656329,11.421563305544394,11.245168671083917,11.289267539978027,891300.0
2012-02-14,11.165789857238659,11.22752776339178,10.998215180059091,11.095232009887695,1903100.0
2012-02-15,11.148151318005993,11.209889226939428,10.92765782482553,10.998215675354004,1506900.0
2012-02-16,10.821819827614048,11.377462627533456,10.71598222265091,11.351003646850586,1943800.0
2012-02-17,11.3069058954629,11.368644644607635,11.15697025500784,11.174610137939453,1317900.0
2012-02-21,11.306905483296015,11.509759924035416,11.253987518662003,11.421562194824219,1159500.0
2012-02-22,11.315725166306256,11.571497565844997,11.245167320993215,11.536218643188477,2105500.0
2012-02-23,11.571499115872898,11.730254709650836,11.456842391601718,11.545040130615234,1275000.0
2012-02-24,11.668516010818731,11.81845166317787,11.650876967602587,11.73907470703125,1379100.0
2012-02-27,11.562678475210891,11.615597283645206,11.403923732139798,11.474481582641602,1069500.0
2012-02-28,11.55386144346294,11.703797112904349,11.439204705589152,11.6861572265625,1090900.0
2012-02-29,11.69497688445633,11.783173790665948,11.024676359906183,11.218710899353027,2348500.0
2012-03-01,11.236348729081902,11.395104320654314,11.095233021513522,11.289267539978027,1137700.0
2012-03-02,11.042315166945192,11.051134267923258,10.795361835007933,10.918838500976562,1532200.0
2012-03-05,10.768901363035063,10.839459207813873,10.574866869335407,10.671884536743164,2100300.0
2012-03-06,10.469031491642754,10.486671375736595,10.160341090044279,10.336735725402832,2062700.0
2012-03-07,10.560888264294256,10.587467444314356,10.339393125940664,10.498869895935059,1390400.0
2012-03-08,10.631765707183904,10.649485722265553,10.38369141059859,10.560887336730957,1058500.0
2012-03-09,10.534309857574014,10.70264580330767,10.383693084842182,10.543169021606445,1666500.0
2012-03-12,10.507728547528478,10.516588555415941,10.365971801076476,10.445710182189941,1692800.0
2012-03-13,10.374832250526923,10.507728994747676,10.321673045876487,10.39255142211914,1362000.0
2012-03-14,10.171057575591213,10.250795970215322,9.754647273567311,9.816665649414062,5056500.0
2012-03-15,9.914122110544696,9.958421307603198,9.745786175646673,9.90526294708252,3539700.0
2012-03-16,9.852104881945408,9.869824900794553,9.604030532616385,9.648329734802246,10438900.0
2012-03-19,9.666047400293536,9.816664157258987,9.621748205020719,9.701486587524414,2199900.0
2012-03-20,9.524292080899992,9.790086447493902,9.417974503249827,9.754647254943848,1652700.0
2012-03-21,9.745785782797231,9.834384173342864,9.657187392251597,9.701486587524414,1584400.0
2012-03-22,9.595170320317118,9.657188695103843,9.524291936293151,9.630609512329102,1215900.0
2012-03-23,9.674909512439164,9.83438631212964,9.62175029756332,9.719208717346191,2087900.0
2012-03-26,9.940701416498257,10.002719780930777,9.79008466435913,9.985000610351562,1948800.0
2012-03-27,10.01157906252909,10.01157906252909,9.878681490608502,9.9141206741333,1852500.0
2012-03-28,9.72806623541013,9.772365432817276,9.462272740841087,9.479991912841797,2634600.0
2012-03-29,9.382535808157302,9.604030984572962,9.373675798315785,9.595170974731445,1503700.0
2012-03-30,9.630609064385999,9.692627436288097,9.515431484469994,9.683768272399902,1542700.0
2012-04-02,9.648328460400883,9.869823597136962,9.550870059477397,9.781225204467773,1312100.0
2012-04-03,9.719206716719848,9.763505912508215,9.435692370636422,9.550869941711426,1676500.0
2012-04-04,9.152179392630995,9.205338599603008,8.930684245965313,9.05472183227539,2134600.0
2012-04-05,9.152179392630995,9.24077778927204,9.010422633954867,9.05472183227539,1204600.0
2012-04-09,9.028142478219685,9.42683444783919,9.0192833138458,9.08130168914795,964800.0
2012-04-10,8.939544603357085,9.063581349569024,8.771207812159505,8.983843803405762,2394900.0
2012-04-11,9.028140373649673,9.054720395386175,8.859804460669151,8.895243644714355,2378600.0
2012-04-12,8.921824260588972,9.19647861494318,8.877525907089813,9.116740226745605,2781300.0
2012-04-13,8.912965088062906,8.912965088062906,8.576292363192298,8.673749923706055,3217600.0
2012-04-16,8.585151272840585,8.682609675406956,8.41681533785571,8.53199291229248,2659400.0
2012-04-17,8.682610005540923,8.797787584357025,8.505414055414972,8.629450798034668,2458900.0
2012-04-18,8.487693440429933,8.56743182360754,8.461114261016355,8.558571815490723,1731800.0
2012-04-19,8.531993337934182,8.629450900425581,8.390236576151437,8.416815757751465,1756400.0
2012-04-20,8.469973797656216,8.523132153524335,8.372515403669945,8.399094581604004,952700.0
2012-04-23,8.239619951196577,8.345937524413293,8.177600733117437,8.328217506408691,1401100.0
2012-04-24,8.39023642076009,8.416815601867857,8.22189963555805,8.292778015136719,1229100.0
2012-04-25,8.44339447327375,8.673749620923516,8.345936916162035,8.638310432434082,1942100.0
2012-04-26,8.691469637636683,8.77120717803523,8.567432055455216,8.638310432434082,1150000.0
2012-04-27,8.709191038588932,8.797789454958325,8.647172654092627,8.735770225524902,1104900.0
2012-04-30,8.62945145315262,8.682610664694538,8.514273865592637,8.594012260437012,972200.0
2012-05-01,8.602870871903251,8.718048440747141,8.523132490016183,8.647170066833496,905400.0
2012-05-02,8.57629304918018,8.611732241741379,8.425676269560833,8.469975471496582,881300.0
2012-05-03,8.381376079643125,8.407955259696669,8.089002564243462,8.195320129394531,1354900.0
2012-05-04,8.248479081995892,8.496553393089467,8.195319878578832,8.434535026550293,2211400.0
2012-05-07,8.399096094324047,8.496554505863076,8.248480162279792,8.345937728881836,1394700.0
2012-05-08,8.177600840078853,8.195320858315227,7.964965690864196,8.115582466125488,2867000.0
2012-05-09,7.947245176977666,8.540852168771597,7.902945983796346,8.399094581604004,3283800.0
2012-05-10,8.540852588447539,8.656030158403775,8.34593663583415,8.434535026550293,1356000.0
2012-05-11,8.354797833297342,8.531993795018693,8.328217805336394,8.363656997680664,826200.0
2012-05-14,8.124440072604653,8.17759842171932,7.911804986272527,7.947244167327881,2249900.0
2012-05-15,7.947246840652184,8.02698523608361,7.672592461381389,7.70803165435791,1951900.0
2012-05-16,7.699170993249984,7.929526150569462,7.65487263948134,7.743470191955566,1680500.0
2012-05-17,7.885227999207119,8.106723177217848,7.849788804522885,7.9738264083862305,2293400.0
2012-05-18,8.168741579562333,8.25733913488844,8.018124806077289,8.09786319732666,1828400.0
2012-05-21,8.133302234185976,8.425675766597124,8.115582216494658,8.416815757751465,942100.0
2012-05-22,8.381376920822305,8.576292898963377,8.257339326562171,8.345937728881836,1957700.0
2012-05-23,8.186461121738992,8.594012260437012,7.991545984271637,8.594012260437012,2238500.0
2012-05-24,8.664889818537496,8.806646575864887,8.49655388044545,8.656030654907227,2823500.0
2012-05-25,8.620591291916973,8.771208069539965,8.602872118339734,8.682610511779785,1335800.0
2012-05-29,8.726909278607911,8.824366840772706,8.531993309341374,8.585151672363281,1342800.0
2012-05-30,8.416814929145712,8.726908448720565,8.310497368275243,8.647170066833496,2057400.0
2012-05-31,8.664891830404235,8.85980783945463,8.60287344590793,8.735770225524902,2088100.0
2012-06-01,8.877527124606988,9.187619866313723,8.85094709493783,9.152180671691895,2436300.0
2012-06-04,9.258498315286936,9.320517539978027,9.001563941386852,9.320517539978027,2240900.0
2012-06-05,9.240777787980024,9.338235348322002,9.125600210337542,9.285076141357422,1608000.0
2012-06-06,9.409114837646484,9.506572409485564,9.285077236720994,9.409114837646484,3600100.0
2012-06-07,9.488852487124575,9.488852487124575,8.974983794408633,8.983843803405762,3428500.0
2012-06-08,8.912964231426368,9.11673934153466,8.815505835342535,9.072440147399902,2186900.0
2012-06-11,9.107879889744849,9.152179086584015,8.91296477555156,9.019282341003418,2001600.0
2012-06-12,9.134459921135527,9.285075838593942,9.054721535757194,9.24963665008545,2683400.0
2012-06-13,9.338234901428223,9.506570833042414,9.231917337523962,9.338234901428223,3199000.0
2012-06-14,9.258496086816399,9.285075265322513,8.98384260406724,9.072440147399902,3077800.0
2012-06-15,9.134460619462272,9.320516584590004,9.001563018692769,9.107880592346191,9400900.0
2012-06-18,8.983843451681235,9.338235348322002,8.90410506370283,9.285076141357422,2374500.0
2012-06-19,9.373674670892637,9.426833878610946,9.267357100392962,9.347095489501953,1933400.0
2012-06-20,9.249636951693345,9.497712124278813,9.072441003372962,9.285076141357422,2548800.0
2012-06-21,9.134461452966727,9.152180627723993,8.691471099853516,8.691471099853516,2113400.0
2012-06-22,8.682610264698104,8.780067828942041,8.443395091185312,8.540853500366211,1924400.0
2012-06-25,8.399094616397695,8.638309753605688,8.3547962679697,8.611730575561523,2330000.0
2012-06-26,8.540853727144647,8.638311293976296,8.37251693132809,8.40795612335205,1091800.0
2012-06-27,8.416817360406307,8.478835744261005,8.221901353372402,8.31935977935791,1643100.0
2012-06-28,8.239619655047079,8.248479663730931,7.885226912125362,8.062423706054688,1907300.0
2012-06-29,8.310498333341053,8.345937524413293,8.186460742119737,8.328217506408691,1405800.0
2012-07-02,8.186461354263196,8.221900547985404,8.133302986148399,8.168742179870605,1146600.0
2012-07-03,8.195320751122038,8.354797533415592,8.159881560049799,8.328217506408691,991700.0
2012-07-05,8.45225532461625,8.549712891447898,8.381376940568327,8.40795612335205,1493700.0
2012-07-06,8.283919238519465,8.283919238519465,7.982685688764287,8.053564071655273,1484900.0
2012-07-09,8.026985186833107,8.124442755686326,7.947246791890927,8.089003562927246,1238500.0
2012-07-10,8.257339755524411,8.301638958985551,7.920666992131579,7.956106185913086,1696700.0
2012-07-11,8.026985168457031,8.09786355381293,7.885227552808232,8.026985168457031,1678400.0
2012-07-12,7.920665924542197,8.151021075542019,7.858647555017982,8.106721878051758,1912200.0
2012-07-13,8.151021281716595,8.213040497746459,8.07128289320458,8.124442100524902,933600.0
2012-07-16,8.080142697532368,8.168741092512889,8.026984336493587,8.106721878051758,975600.0
2012-07-17,8.159880431202609,8.19531961737215,8.00040367097125,8.142160415649414,1248200.0
2012-07-18,7.973826329904075,8.089003922728468,7.902947941233224,8.018125534057617,998100.0
2012-07-19,8.018124550928976,8.089002930909194,7.929526153485232,7.964965343475342,1520000.0
2012-07-20,8.026984685248697,8.080143048597094,7.9561054592225835,8.035843849182129,772300.0
2012-07-23,7.832070260044128,7.947247863272674,7.75233185435228,7.885228633880615,1114600.0
2012-07-24,7.902948655117522,7.947247863272674,7.787771051888978,7.885228633880615,1067600.0
2012-07-25,8.097863385298552,8.496554505863076,8.097863385298552,8.345937728881836,1419300.0
2012-07-26,8.425675301497485,8.664889612566931,8.39023611300805,8.638310432434082,1690000.0
2012-07-27,8.842085623760711,9.001562395671533,8.76234808274221,8.974983215332031,1712300.0
2012-07-30,8.912964871245148,9.063580790216351,8.89524485434447,9.037001609802246,965800.0
2012-07-31,9.001563339121473,9.019283357829641,8.700329780578613,8.700329780578613,1026800.0
2012-08-01,8.682610664694538,8.850946618859437,8.239620333280909,8.594012260437012,2373400.0
2012-08-02,8.48769300312736,8.842084860172346,8.372515438353531,8.611730575561523,1448000.0
2012-08-03,8.797788698700469,8.95726465154486,8.656031920644544,8.75348949432373,2096000.0
2012-08-06,8.78892710473021,8.939543865501873,8.682609540350839,8.850945472717285,1491100.0
2012-08-07,8.815506284590828,8.89524466910958,8.709188720211458,8.850945472717285,1737300.0
2012-08-08,8.824367883351693,8.948405486619148,8.744629484460974,8.75348949432373,1472600.0
2012-08-09,8.780067821156633,9.037002167514604,8.718049448050664,8.983843803405762,869500.0
2012-08-10,9.05472097670811,9.11673934153466,8.921823394303841,9.072440147399902,629800.0
2012-08-13,9.19647919884249,9.276217592102784,9.081301613570618,9.125600814819336,1184600.0
2012-08-14,9.223057722772756,9.258496912252753,9.116740154332765,9.161039352416992,1032800.0
2012-08-15,9.152179792602693,9.214198165999614,8.966123827474961,9.107880592346191,1100600.0
2012-08-16,9.099022287096666,9.338236639161948,8.966124673783023,9.09016227722168,2419600.0
2012-08-17,8.780067508442771,8.806646689550538,8.19532045445028,8.292778015136719,3450900.0
2012-08-20,8.25733887212798,8.25733887212798,7.938386162216994,7.964965343475342,3633600.0
2012-08-21,8.31935792094811,8.531993056611066,8.283918731670951,8.443394660949707,2571800.0
2012-08-22,8.42567671899818,8.691471099853516,8.416816709151025,8.691471099853516,1508900.0
2012-08-23,8.620589738285021,8.691468954630855,8.461113825083196,8.611730575561523,2254900.0
2012-08-24,8.558573067721401,8.647171471978929,8.52313387500579,8.594012260437012,1355900.0
2012-08-27,8.602870954986715,8.67374932958488,8.434535026550293,8.434535026550293,1793300.0
2012-08-28,8.514273679364818,8.514273679364818,8.248480162279792,8.345937728881836,1835400.0
2012-08-29,8.018123659469667,8.080142023822889,7.911806101319781,7.920665264129639,2148300.0
2012-08-30,7.61057400444672,7.672592380265713,7.459957224654594,7.468817234039307,3446500.0
2012-08-31,7.176442628003638,7.6017128766578725,7.158722611841275,7.5662736892700195,4056000.0
2012-09-04,7.371358067341468,7.380218075820704,7.185302113962084,7.273900508880615,2865800.0
2012-09-05,7.291619403936162,7.353638615998151,7.203021857319848,7.300479412078857,2108200.0
2012-09-06,7.406797803627093,7.6725921630859375,7.362499447831432,7.6725921630859375,2753600.0
2012-09-07,7.832067958981344,8.009263894604636,7.743469568701263,7.991544723510742,2077600.0
2012-09-10,7.840930623615692,7.89408899984506,7.681453805053277,7.690313816070557,1647500.0
2012-09-11,7.513115478288335,7.770050676965443,7.504256313973632,7.68145227432251,1376900.0
2012-09-12,7.512815256570073,7.628808942351305,7.325440971988678,7.486047744750977,3106300.0
2012-09-13,7.343284073130611,7.932175159454346,7.307593781619203,7.932175159454346,3762200.0
2012-09-14,7.94109971456122,8.182009899952055,7.923254988378909,8.101706504821777,3221000.0
2012-09-17,8.119550924748347,8.173085946589545,7.976788881016219,8.146318435668945,2885100.0
2012-09-18,8.110628218631298,8.574602099901334,8.074937920072065,8.467531204223633,4758800.0
2012-09-19,8.413995442558669,8.57460134650181,8.36045957396178,8.45860767364502,3137400.0
2012-09-20,8.351536360378148,8.61921398782926,8.298001345442158,8.440762519836426,3928500.0
2012-09-21,8.369382087274797,8.422917103199918,8.074936946915422,8.289078712463379,13279400.0
2012-09-24,8.164160014989507,8.280153652203788,8.04816722869873,8.04816722869873,2632100.0
2012-09-25,7.967866889184406,8.030324697872233,7.521737739302615,7.5306596755981445,4471100.0
2012-09-26,7.387897823052838,7.655575459227134,7.325440019950877,7.575272083282471,3035300.0
2012-09-27,7.486047319144892,7.673421593073452,7.450357021773919,7.664498805999756,3015700.0
2012-09-28,7.566349270936055,7.619885138356979,7.503891468048096,7.503891468048096,1470200.0
2012-10-01,7.57527178711168,7.584194573184176,7.45927812094037,7.494968414306641,1438000.0
2012-10-02,7.503892460712938,7.521738035855226,7.378976838412351,7.450357437133789,1851400.0
2012-10-03,7.298673029279306,7.316517752463922,7.039917735711901,7.048840522766113,2388600.0
2012-10-04,7.0934528147333005,7.298672651745878,7.048840158155599,7.227292060852051,4056000.0
2012-10-05,7.0756082348671505,7.155912044260361,6.959614978086511,7.004227638244629,4491200.0
2012-10-08,6.950691540981335,7.138065802329433,6.923924032481251,7.102375507354736,1805300.0
2012-10-09,7.138066474372638,7.19160234733692,7.022072792053223,7.022072792053223,1725500.0
2012-10-10,7.066685716951319,7.23621441745478,7.022072632316573,7.209446907043457,2434500.0
2012-10-11,7.23621417222287,7.387898144286221,7.138066070091672,7.271904468536377,1838700.0
2012-10-12,7.280828245483485,7.378977211885988,7.1648345539593725,7.182680130004883,3217000.0
2012-10-15,7.138066104128502,7.227292270799624,7.084530659402965,7.218369483947754,1744000.0
2012-10-16,7.236214693497913,7.2629830558541935,7.138066584296421,7.2540602684021,2291400.0
2012-10-17,7.325440900764707,7.4325117979239215,7.227292791099723,7.39682149887085,1499000.0
2012-10-18,7.227292190500125,7.2451369130818115,7.102375728733208,7.129143238067627,2377600.0
2012-10-19,7.173756675219745,7.352208164469227,7.004227547701782,7.2629828453063965,3427900.0
2012-10-22,7.254059768174184,7.378976231117924,7.2272922585875925,7.343285083770752,1773900.0
2012-10-23,7.120220888235028,7.182679119218998,7.004227213034181,7.1648335456848145,3301900.0
2012-10-24,7.236215156293611,7.289751033506239,7.1648345539593725,7.182680130004883,2625500.0
2012-10-25,7.343285416015459,7.441434373813328,7.2808276071795985,7.4057440757751465,2381500.0
2012-10-26,7.42358899307197,7.450357355492073,7.271905009720118,7.325440883636475,1695300.0
2012-10-31,7.4057440757751465,7.423588799332324,7.271904819939097,7.4057440757751465,2157600.0
2012-11-01,7.3700534215913605,7.3700534215913605,7.227292236337332,7.271904468536377,1909100.0
2012-11-02,7.209447352321378,7.209447352321378,7.057763365749054,7.066686153411865,2097300.0
2012-11-05,7.102375937016651,7.155911808179254,6.9328468129001495,6.941769599914551,1436400.0
2012-11-06,7.04883967885553,7.200523211459945,6.977459092815369,7.191601276397705,2278200.0
2012-11-07,7.441434720714258,7.851873592748882,7.405744421012285,7.771570205688477,5354000.0
2012-11-08,7.619885930744676,7.753724336829153,7.548505334043111,7.655576229095459,3892500.0
2012-11-09,7.637731952465657,7.70911255334557,7.5038926876229075,7.512815475463867,2310000.0
2012-11-12,7.4949688546821225,7.503891641278887,7.378976032619236,7.387897968292236,1880300.0
2012-11-13,7.218369694155169,7.307595012500848,7.1826793966321345,7.209446907043457,1904300.0
2012-11-14,7.173756748695478,7.182679535980298,6.932847023010254,6.932847023010254,2727600.0
2012-11-15,6.923924828881181,6.950692340460104,6.700860246901173,6.7454729080200195,3447300.0
2012-11-16,6.799007712651791,6.906078599749799,6.665168891048339,6.897156238555908,2450100.0
2012-11-19,7.075608733711008,7.12022182247635,6.968537831228525,7.093453884124756,1930400.0
2012-11-20,7.04883975696994,7.075607264300708,6.950691237346122,6.986381530761719,1466800.0
2012-11-21,6.968537349144938,7.102376180720043,6.923924688927848,7.039917945861816,1193000.0
2012-11-23,7.075607838812089,7.316517551659207,7.075607838812089,7.271904468536377,1520500.0
2012-11-26,7.262982555010977,7.343285083770752,7.182679175327414,7.343285083770752,1573100.0
2012-11-27,7.236214102685945,7.254059676133102,7.048840261571562,7.057762622833252,1812600.0
2012-11-28,6.897156073715623,7.030994892120361,6.763317255310884,7.030994892120361,2091100.0
2012-11-29,7.138065330634284,7.173755623250507,6.968536227976298,7.120220184326172,2194200.0
2012-11-30,7.093453859934846,7.155912524362886,6.906079568498504,6.9685378074646,1574800.0
2012-12-03,6.950691882772099,6.977459818050336,6.825775844218084,6.852543354034424,1763000.0
2012-12-04,6.736550359688678,6.932846999199457,6.691937274341635,6.843621253967285,2009100.0
2012-12-05,6.799007859162338,6.84362094247881,6.656246673288661,6.69193696975708,3055000.0
2012-12-06,6.709782399734545,6.843621229841948,6.665169314544773,6.754395484924316,2238200.0
2012-12-07,6.8525434264304925,6.941769594659347,6.825775916331358,6.923924446105957,2002300.0
2012-12-10,7.0845308657128365,7.254059991678203,7.057762929839607,7.209446907043457,2732500.0
2012-12-11,7.155912072353287,7.262982967707412,7.093453411870503,7.111298561096191,2664200.0
2012-12-12,7.209447278256044,7.503892460712938,7.1559122546768945,7.450357437133789,2878800.0
2012-12-13,7.271904005276565,7.37897573831982,7.236213711236724,7.307594299316406,2541600.0
2012-12-14,7.2451369813373905,7.450356823964693,7.173756388490621,7.343285083770752,2198800.0
2012-12-17,7.343284426575541,7.441433371148743,7.29867219823177,7.423587799072266,1894500.0
2012-12-18,7.432511227409051,7.450356801027697,7.12914328328235,7.271904468536377,2623900.0
2012-12-19,7.280827277760776,7.352207870607545,7.191601962164207,7.343285083770752,2103600.0
2012-12-20,7.28974944018151,7.503891200379138,7.227291639521465,7.494968414306641,2775800.0
2012-12-21,7.289750601711635,7.450357372912382,7.280827814217405,7.39682149887085,8118900.0
2012-12-24,7.396821251837772,7.468201847560004,7.325440656115541,7.4592790603637695,961000.0
2012-12-26,7.486046479157859,7.494968414306641,7.396820320280324,7.494968414306641,1073300.0
2012-12-27,7.539583076914986,7.851873847637789,7.494969988108315,7.709112644195557,3261200.0
2012-12-28,7.6644983415714565,7.7804920137294635,7.619885259830106,7.700188636779785,1782400.0
2012-12-31,7.77157004698287,8.039247714743274,7.664499150063478,7.994634628295898,2066600.0
2013-01-02,7.976789996060488,8.039248664837844,7.869719086487241,7.92325496673584,1780800.0
2013-01-03,7.78941509114256,7.869718479863433,7.5038926876229075,7.512815475463867,2131300.0
2013-01-04,7.468202657036606,7.566350774061969,7.352208963684498,7.55742883682251,2227600.0
2013-01-07,7.191602163404127,7.262982758248313,7.1112983560115595,7.138066291809082,2906800.0
2013-01-08,7.075608022588851,7.075608022588851,6.968537130867348,7.013150215148926,1977900.0
2013-01-09,6.906079072460226,6.9863824560113175,6.852543625246804,6.879311561584473,2024700.0
2013-01-10,6.906078877318849,6.977459897048351,6.870388580185049,6.941769599914551,2830200.0
2013-01-11,6.906078599749799,6.932846534255244,6.8257756471572355,6.897156238555908,1778700.0
2013-01-14,6.8882334094732105,6.906078557212964,6.763317375294934,6.772240161895752,1479800.0
2013-01-15,6.781163211379799,6.870388959135733,6.736550550232796,6.763318061828613,2193100.0
2013-01-16,6.71870443976856,6.781162241533998,6.656246212541256,6.727626800537109,1413300.0
2013-01-17,6.727627067693823,6.83469795393943,6.665168837986279,6.7365498542785645,1656200.0
2013-01-18,6.754395239970931,6.8703884914263105,6.727627304735446,6.816853046417236,1297400.0
2013-01-22,6.879311289312662,6.888233650764143,6.745472463845268,6.852543354034424,2273100.0
2013-01-23,6.888233384519047,6.906078532194154,6.691936760092884,6.700859546661377,2079900.0
2013-01-24,6.754395065617455,6.754395065617455,6.406414043848179,6.442104339599609,3622900.0
2013-01-25,6.433182397401759,6.468872695477787,6.183349885407651,6.227962970733643,3499400.0
2013-01-28,6.192272129249944,6.227962424193943,5.995975081596079,6.031665802001953,2862900.0
2013-01-29,6.058434289200136,6.174427979237486,6.013821200582096,6.138737678527832,2794400.0
2013-01-30,6.24580849835956,6.326111886629146,5.960285670982539,5.995975971221924,3860400.0
2013-01-31,5.9781307713648815,6.022743859023907,5.746143821738982,5.763988971710205,4367600.0
2013-02-01,5.853214740753174,5.888905040812613,5.719375902799309,5.853214740753174,5523800.0
2013-02-04,6.076278801819142,6.442104558428834,6.022743356373472,6.290421009063721,3945200.0
2013-02-05,6.4242591433196745,6.442104291060933,6.236884879305511,6.299343109130859,2974100.0
2013-02-06,6.352878842541155,6.406414288210322,6.290421035324744,6.3796467781066895,1762600.0
2013-02-07,6.343956239014118,6.522407717771271,6.335033452345318,6.442104339599609,1969300.0
2013-02-08,6.433182692660295,6.459950204714886,6.326111793518066,6.326111793518066,1520300.0
2013-02-11,6.3618008423224195,6.3618008423224195,6.219039246075143,6.263652324676514,1744400.0
2013-02-12,6.245808406430427,6.343956943375105,6.174427807002275,6.326111793518066,1376100.0
2013-02-13,6.326111237708531,6.424259340568023,6.210117561097973,6.236885070800781,1586300.0
2013-02-14,6.379646498917592,6.433181942243916,6.2279625300953985,6.335033416748047,1612200.0
2013-02-15,6.183349569601015,6.245807800775046,6.040588384588248,6.058433532714844,3210800.0
2013-02-19,5.924595141066238,5.995975738777819,5.853214543354657,5.915672779083252,2344100.0
2013-02-20,5.844292040301952,5.897827487293398,5.558769230885664,5.5766143798828125,3050600.0
2013-02-21,5.647994542996577,5.835368805836813,5.612304247737663,5.719375133514404,2879300.0
2013-02-22,5.781833151347808,5.799678298324177,5.639071975536856,5.728297710418701,2181400.0
2013-02-25,5.817523951017882,5.888904545128473,5.772910866967812,5.799678802490234,2292700.0
2013-02-26,5.83536909954553,5.862137035067952,5.728298208379643,5.799678802490234,2873500.0
2013-02-27,5.728298148994229,5.728298148994229,5.567691388448512,5.603382110595703,2464000.0
2013-02-28,5.594459243842243,5.639072326793034,5.4695432072266765,5.514155864715576,2217100.0
2013-03-01,5.540923305733252,5.603381531205275,5.469542719743429,5.4784650802612305,1629600.0
2013-03-04,5.496311139935036,5.5230790768594655,5.264324196924986,5.300014495849609,2784700.0
2013-03-05,5.41600791818412,5.478465725550981,5.308936601125967,5.326781749725342,2707900.0
2013-03-06,5.305164253721493,5.5573624095418435,5.242115036884339,5.494312763214111,4468500.0
2013-03-07,5.620413221702326,5.692470164882947,5.521335730124033,5.557363986968994,2585800.0
2013-03-08,5.494313475069307,5.710483412278564,5.41325012442014,5.647433757781982,2785500.0
2013-03-11,5.638426211136057,5.836581568661117,5.620411658234108,5.800553321838379,2307700.0
2013-03-12,5.854596103295432,5.989702253115756,5.836581978618763,5.9086384773254395,2289300.0
2013-03-13,5.881617642610851,5.890624490414526,5.66544771194458,5.66544771194458,2285200.0
2013-03-14,5.683462066640062,5.836582350903797,5.629419689162974,5.791546821594238,1803200.0
2013-03-15,5.791546452181785,5.9086384773254395,5.755518202828446,5.9086384773254395,6144800.0
2013-03-18,6.007717393818406,6.061759776988069,5.854597093425687,5.881618499755859,1830500.0
2013-03-19,5.854597394026415,5.962682165915287,5.809561857660699,5.8726115226745605,1680900.0
2013-03-20,5.854596438518569,5.899631967534196,5.773532658086693,5.8455891609191895,1252700.0
2013-03-21,5.881617000468003,5.971687616124132,5.845588324714977,5.962680339813232,1740500.0
2013-03-22,5.863603132577569,5.908638227620711,5.746511112382335,5.755517959594727,1473000.0
2013-03-25,5.728497364532789,5.728497364532789,5.584383934258401,5.66544771194458,1971000.0
2013-03-26,5.602397959879132,5.638426638925962,5.4762990864323715,5.575376987457275,2191600.0
2013-03-27,5.584383277394874,5.782539059655083,5.548355031436757,5.764524936676025,1720700.0
2013-03-28,5.773532390594482,5.782539667776548,5.710483168282485,5.773532390594482,1052900.0
2013-04-01,5.7825397093566835,5.7825397093566835,5.62941943208546,5.746511459350586,1605100.0
2013-04-02,5.755518585082964,5.791546836829129,5.503320822859803,5.512327671051025,1655900.0
2013-04-03,5.404242474099864,5.485306248648356,5.1430374555442855,5.179065704345703,2957100.0
2013-04-04,5.125023498664186,5.494313275694917,5.0439597214659795,5.440270900726318,3856800.0
2013-04-05,5.494313583725007,5.674455273210315,5.404242953727675,5.458285331726074,4434300.0
2013-04-08,5.440271244657879,5.494313623043013,5.359207462334855,5.404242992401123,2039300.0
2013-04-09,5.431263961539738,5.701475831833624,5.37722115799035,5.656440734863281,2503300.0
2013-04-10,5.629420500658916,5.674456036460467,5.485307473279072,5.557363986968994,2444500.0
2013-04-11,5.5393491531092796,5.611405657622791,5.395235714591611,5.404242992401123,1479300.0
2013-04-12,5.305164530746383,5.314171807616648,4.9448816162571765,4.953888893127441,6698500.0
2013-04-15,4.539564302730041,4.6386422160588205,4.44949366765418,4.494528770446777,7457200.0
2013-04-16,4.665662879822458,4.683677005632944,4.476514344067027,4.503535747528076,5691600.0
2013-04-17,4.458500085510041,4.521549738714835,4.13424583057556,4.161266803741455,5466500.0
2013-04-18,4.197295361333131,4.269351867700808,4.116232006414822,4.179281234741211,3504700.0
2013-04-19,4.287366608307325,4.41346549987793,4.251337924082192,4.41346549987793,2871100.0
2013-04-22,4.494528234776402,4.494528234776402,4.314386986094416,4.377436637878418,1904300.0
2013-04-23,4.3504153338652145,4.368429459139352,4.161266803741455,4.161266803741455,3327700.0
2013-04-24,4.287366415724078,4.7647409842579105,4.2603450111416645,4.71069860458374,5520400.0
2013-04-25,4.620628179346404,4.638642306713634,4.233323796714962,4.41346549987793,5054900.0
2013-04-26,4.404458172487418,4.4134654508162425,4.188288646483686,4.242331027984619,1991300.0
2013-04-29,4.404458221448977,4.494528858285125,4.377437245143471,4.41346549987793,2581700.0
2013-04-30,4.422472062399586,4.6206278800964355,4.3143873051962025,4.6206278800964355,2509900.0
2013-05-01,4.458500385284424,4.548571447201809,4.359422904360346,4.458500385284424,3458900.0
2013-05-02,4.359422238758495,4.395450486228351,4.260344343471096,4.305379867553711,2525100.0
2013-05-03,3.909068993713317,4.017153743804499,3.8820475914452124,3.89105486869812,5545400.0
2013-05-06,3.9901326561246817,4.278359108582675,3.9541044032537638,4.260344982147217,2973300.0
2013-05-07,4.13424541032173,4.188287780650635,3.9901319932874033,4.02616024017334,2872100.0
2013-05-08,4.1792819136583095,4.341409508813587,4.107225395585175,4.332402229309082,3019000.0
2013-05-09,4.251337744593651,4.431479440151161,4.206302642822266,4.206302642822266,1842700.0
2013-05-10,4.107224427919041,4.188288206397974,3.9721182736176956,4.161266803741455,2592100.0
2013-05-13,4.035168170928955,4.098217827947923,4.026160893001681,4.035168170928955,1195800.0
2013-05-14,3.9901319548056837,4.116231247180913,3.9450968613778823,3.954103708267212,1452800.0
2013-05-15,3.864033074497105,3.9180754440611216,3.683891842617048,3.7019059658050537,3256900.0
2013-05-16,3.6478642977467235,3.8009841595453313,3.602828766370825,3.6748852729797363,3051100.0
2013-05-17,3.584814507550717,3.6118359112781406,3.3776518439426115,3.3866589069366455,3915000.0
2013-05-20,3.350630385155492,3.467722194649275,3.2695668247367196,3.4407010078430176,8028600.0
2013-05-21,3.3416240215301514,3.4046734705933575,3.2695675083150584,3.3416240215301514,3340400.0
2013-05-22,3.404672861099243,3.5127578263181913,3.314602235704545,3.404672861099243,3464100.0
2013-05-23,3.4677225216527434,3.485736647888966,3.4226872060621867,3.431694269180298,1761000.0
2013-05-24,3.413680203131287,3.4587155195158696,3.332616633639038,3.350630760192871,1617600.0
2013-05-28,3.3236092845352774,3.413679909558465,3.2695669095213646,3.3055951595306396,1541700.0
2013-05-29,3.314602384225473,3.440701265428298,3.251552728878741,3.413680076599121,3026200.0
2013-05-30,3.6118357741543816,3.828005277804301,3.6118357741543816,3.7289273738861084,6354900.0
2013-05-31,3.764955997467041,3.782970124555757,3.692899489112176,3.764955997467041,3083700.0
2013-06-03,3.7919769261723495,3.981125451572157,3.719920426875397,3.9180757999420166,3076000.0
2013-06-04,3.864033889544004,3.8730411677832137,3.6388570874517394,3.7199208736419678,4487500.0
2013-06-05,3.6928987951768844,3.8550263380004943,3.683891948070343,3.7919766902923584,1761900.0
2013-06-06,3.782969754502746,3.9270831866058575,3.7469415038496248,3.909069061279297,2338100.0
2013-06-07,3.7649559062408757,3.809991437616774,3.620842893023053,3.6748852729797363,2663100.0
2013-06-10,3.629849672317505,3.6838920448482355,3.575807085041475,3.629849672317505,1464900.0
2013-06-11,3.512758082773387,3.6118359926862253,3.512758082773387,3.5307722091674805,2140300.0
2013-06-12,3.5307722955034726,3.602828802841803,3.503751105251599,3.5217652320861816,1317800.0
2013-06-13,3.4947438905316313,3.5307721426409766,3.422687171567619,3.5127580165863037,1988400.0
2013-06-14,3.5307722461288233,3.584814625876837,3.431694335178803,3.4497084617614746,2481400.0
2013-06-17,3.4497079486307487,3.4947434731338944,3.323609081308769,3.3776514530181885,2339700.0
2013-06-18,3.395665961012587,3.4316942128941017,3.2785741423976633,3.287581205368042,2222300.0
2013-06-19,3.4046731997042086,3.4046731997042086,3.224531716253891,3.2425458431243896,2611900.0
2013-06-20,3.152474916494587,3.233538479896136,3.0443901652925223,3.0984325408935547,5793800.0
2013-06-21,3.1704889874349567,3.323609263762682,3.09843248786676,3.1794960498809814,10109600.0
2013-06-24,3.11644638029731,3.1434675656198237,2.963326115391108,2.999354362487793,5153500.0
2013-06-25,3.0353828359992803,3.251552549449178,2.999354586215182,3.1794960498809814,3497300.0
2013-06-26,3.071411333974369,3.0984325216066857,2.9723334312438965,2.9723334312438965,3653100.0
2013-06-27,3.062404238082662,3.1975101747730306,2.999354586215182,3.1794960498809814,3792600.0
2013-06-28,3.0984327190648524,3.4587154585346322,3.0714115297105185,3.431694269180298,4238600.0
2013-07-01,3.3416235730546497,3.4677224542574745,3.2875811953962963,3.413680076599121,3091500.0
2013-07-02,3.422686990689637,3.458715240895005,3.2425455249174857,3.278573989868164,2383700.0
2013-07-03,3.3596381498339243,3.368645213985811,3.251553165265937,3.3416240215301514,1599300.0
2013-07-05,3.2065173722180997,3.2425456235190397,3.0804184926648097,3.215524435043335,2891000.0
2013-07-08,3.1885033644416643,3.1975104275998767,3.0533974170684814,3.0533974170684814,1833400.0
2013-07-09,3.1254541222808654,3.1614823772185727,3.0533976124054503,3.1074399948120117,1365600.0
2013-07-10,3.107439689511252,3.188503255156734,3.07141143811326,3.089425563812256,1552700.0
2013-07-11,3.2335386128004493,3.287581205368042,3.1614821090374194,3.287581205368042,3687900.0
2013-07-12,3.1885037005121806,3.2065178287273066,3.080418931221424,3.1434683799743652,2635100.0
2013-07-15,3.089426167375148,3.152475619639232,3.080419102765993,3.1254544258117676,1462900.0
2013-07-16,3.134460774301381,3.278573989868164,3.116446649198697,3.278573989868164,3071400.0
2013-07-17,3.2425455424963077,3.314602258042996,3.0984325408935547,3.0984325408935547,2723000.0
2013-07-18,3.134460722731292,3.143467785134444,3.0624042235060736,3.080418348312378,1810500.0
2013-07-19,3.1434681285414547,3.314602547642171,3.134461065154329,3.29658842086792,2243800.0
2013-07-22,3.4407014639543707,3.557793503715585,3.4226873370288504,3.4677226543426514,4133600.0
2013-07-23,3.4767294933711885,3.620842714217705,3.4136800532019143,3.5938215255737305,3247800.0
2013-07-24,3.6028286831697383,3.6838924659780647,3.323609511762961,3.431694269180298,3333800.0
2013-07-25,3.3956658639869106,3.58481439570557,3.3956658639869106,3.5758073329925537,2742700.0
2013-07-26,3.4677224676800766,3.5397791862487793,3.341623585989158,3.5397791862487793,2904200.0
2013-07-29,3.548786440252825,3.5668005671783454,3.4497085274171306,3.4677226543426514,1629600.0
2013-07-30,3.467722194649275,3.4767292569180275,3.3866586342305025,3.4407010078430176,1291100.0
2013-07-31,3.41368027356609,3.557793503715585,3.2875813850874476,3.4677226543426514,3099600.0
2013-08-01,3.539778999336238,3.5577931243408756,3.3055951595306396,3.3055951595306396,2314200.0
2013-08-02,3.33261659693684,3.341623660114562,3.152475118637085,3.152475118637085,2841500.0
2013-08-05,3.2695670267400616,3.3596376549924116,3.215524435043335,3.215524435043335,2130200.0
2013-08-06,3.1614819594154255,3.179496084503637,2.9723334312438965,2.9723334312438965,3481500.0
2013-08-07,3.008361681420319,3.0984325216066857,2.9723334312438965,2.9723334312438965,2371800.0
2013-08-08,2.990347711564064,3.242545690636183,2.9723335855407216,3.2335386276245117,4805400.0
2013-08-09,3.2155242856040753,3.449708122921971,3.152474848757609,3.359637498855591,3134800.0
2013-08-12,3.4947440688487594,3.7289277195085773,3.4947440688487594,3.692899465560913,5179400.0
2013-08-13,3.4947432984407043,3.5487856674486857,3.386658345679456,3.395665407180786,4212200.0
2013-08-14,3.404672903665917,3.7289273738861084,3.395665841013837,3.7289273738861084,4849400.0
2013-08-15,3.5848135562276298,3.9180750133126576,3.4947429501898557,3.9000608921051025,6398700.0
2013-08-16,3.8730407079908207,3.891054832840008,3.647863932630671,3.6658780574798584,5299100.0
2013-08-19,3.638857056510968,3.6478643346735904,3.494744041834308,3.5217652320861816,2820500.0
2013-08-20,3.584814312090876,3.800983812161183,3.5758072495879465,3.7379345893859863,3215200.0
2013-08-21,3.6568711322075225,3.674885258790194,3.431694335178803,3.4497084617614746,4402200.0
2013-08-22,3.494744041834308,3.575807612589929,3.467722636837103,3.5217652320861816,2666900.0
2013-08-23,3.5037507532604315,3.6838922182543516,3.5037507532604315,3.6118357181549072,3098200.0
2013-08-26,3.6298504306439905,3.647864558584304,3.5037513203164528,3.5487866401672363,2750900.0
2013-08-27,3.7199207683669075,3.7469417433385033,3.4497084417070276,3.47672963142395,5256400.0
2013-08-28,3.5848143118478317,3.5848143118478317,3.278573972023683,3.3055951595306396,6233500.0
2013-08-29,3.341623515081237,3.3686447034416265,3.1794961701735844,3.2695670127868652,6581500.0
2013-08-30,3.332616515697556,3.404673019362805,3.2425456713706753,3.2605597972869873,3836800.0
2013-09-03,3.368644609495261,3.3776516720308645,3.2245313941802993,3.2515525817871094,3764100.0
2013-09-04,3.3686447387952896,3.6028285884550555,3.3146023615073403,3.5938215255737305,5686000.0
2013-09-05,3.5668003268521384,3.5668003268521384,3.4497082949804274,3.494743824005127,3407700.0
2013-09-06,3.503751277923584,3.55779366109065,3.4316945522888207,3.503751277923584,2759100.0
2013-09-09,3.620842646557636,3.6658781748680322,3.566800270279537,3.5758073329925537,3077000.0
2013-09-10,3.485736628043265,3.5487862842564017,3.449708375775943,3.4587154388427734,3597000.0
2013-09-11,3.485736546403933,3.584814452563891,3.440701232124551,3.494743824005127,3456200.0
2013-09-12,3.395665784553828,3.5668001868431944,3.287581034526002,3.3055951595306396,5325100.0
2013-09-13,3.2785741423976633,3.323609457249557,3.1975103609189346,3.287581205368042,3860900.0
2013-09-16,3.2965882544501954,3.3416235691123592,3.152475032785951,3.161482095718384,3485500.0
2013-09-17,3.2695669216036256,3.2695669216036256,3.17048901896668,3.2515525817871094,3220300.0
2013-09-18,3.2245315845893927,3.846019580480909,3.179496269252034,3.7109134197235107,8256200.0
2013-09-19,3.58481448726256,3.6028286131486777,3.332616510111591,3.413680076599121,7956700.0
2013-09-20,3.3596376549924116,3.449708283244762,3.1885032465676297,3.215524435043335,22475900.0
2013-09-23,3.260559876769743,3.323609533759119,3.152475118637085,3.152475118637085,3954100.0
2013-09-24,3.134460791294243,3.1794961042951035,3.0533972278926944,3.0984325408935547,4656500.0
2013-09-25,3.1434678847340694,3.2515526369965224,3.125453759356994,3.1704890727996826,4214500.0
2013-09-26,3.1704891294577378,3.20651738085573,3.044390249564766,3.089425563812256,3227400.0
2013-09-27,3.134460791294243,3.1614819790947593,3.0533972278926944,3.0984325408935547,2977500.0
2013-09-30,3.0984325778135893,3.1164467032285845,3.0443902015686035,3.0443902015686035,2678800.0
2013-10-01,2.9993546188762137,3.0263758065085304,2.9453122436115797,2.9723334312438965,2389900.0
2013-10-02,2.990347488016058,3.026375737369397,2.9363051139860508,2.9543192386627197,4170000.0
2013-10-03,2.9633260928589813,2.972333154564666,2.8822625375078204,2.9002766609191895,3135800.0
2013-10-04,2.918291632689135,2.945312825661353,2.8912704397169167,2.9363057613372803,2087100.0
2013-10-07,2.9723331771652797,2.999354362487793,2.90027668297191,2.999354362487793,2763600.0
2013-10-08,2.9903472062123617,2.9993542677018907,2.837227160890367,2.8822624683380127,3075000.0
2013-10-09,2.8462349076495137,2.963326735204836,2.765171119981262,2.9092843532562256,3133700.0
2013-10-10,2.909283928519806,2.909283928519806,2.810206028000076,2.8282203674316406,3563800.0
2013-10-11,2.7921920872716783,2.837227616699705,2.7561638355255127,2.7561638355255127,2826500.0
2013-10-14,2.8282203674316406,2.873255679147288,2.7831848409706876,2.8282203674316406,2090900.0
2013-10-15,2.8192139251243353,2.945312825661353,2.8011995817308373,2.9363057613372803,4138200.0
2013-10-16,2.9453126078886327,3.017369117153446,2.882263162281921,2.9092843532562256,2144100.0
2013-10-17,2.999354819547264,3.1074397920532393,2.95431950381366,3.0263760089874268,3683500.0
2013-10-18,3.017368812067266,3.053397277802171,2.9543193728354833,2.9903476238250732,1734000.0
2013-10-21,2.990347210546663,3.0894251018203747,2.972333087541495,3.062403917312622,1210600.0
2013-10-22,3.0894255554900445,3.2425456235190397,3.0804184926648097,3.215524435043335,3917600.0
2013-10-23,3.1885037005121806,3.3236098768709734,3.125454251759239,3.1434683799743652,5086200.0
2013-10-24,3.206517269109093,3.2695669216036256,3.1885031440378864,3.2515525817871094,2683400.0
2013-10-25,3.21552442132077,3.3055952639340513,3.1434679190263983,3.2695670127868652,2475600.0
2013-10-28,3.278573972023683,3.3236092845352774,3.251552569771418,3.3055951595306396,1880300.0
2013-10-29,3.305595317382628,3.3236094432474936,3.1344609069210856,3.161482095718384,2480000.0
2013-10-30,3.206517391137619,3.233538579772758,3.035382981703087,3.1885032653808594,3010200.0
2013-10-31,3.0714109788152064,3.1164462863281273,3.044389794307454,3.062403917312622,4367600.0
2013-11-01,3.017368447162985,3.0353825704792494,2.918290768923533,2.927297830581665,3410800.0
2013-11-04,2.9813402389394508,3.0263755478103067,2.945311991842766,2.999354362487793,3479400.0
2013-11-05,2.972333138872325,2.9903472621885894,2.891269583949137,2.927297830581665,2593500.0
2013-11-06,2.9993546865724707,2.9993546865724707,2.9363052473406883,2.9903476238250732,2233300.0
2013-11-07,2.9813407952228914,2.9993549221324596,2.8732560337654807,2.891270160675049,2098100.0
2013-11-08,2.864248615279374,2.9633263010010547,2.8462344906027046,2.9543192386627197,2206200.0
2013-11-11,2.8642489499921866,2.9363054571193037,2.8462348232104078,2.9182913303375244,1416900.0
2013-11-12,2.8462344921178997,2.9272980532060653,2.8192133050885113,2.8282203674316406,2348800.0
2013-11-13,2.8552418822779257,2.873256009032428,2.81020635064634,2.819213628768921,1170000.0
2013-11-14,2.8552421824206258,2.9543198899854257,2.8372280537724808,2.9363057613372803,1805800.0
2013-11-15,2.909284262541433,2.945312516050438,2.819213628768921,2.819213628768921,1582800.0
2013-11-18,2.819213471431613,2.8642487858044956,2.765170879438835,2.7831850051879883,1489000.0
2013-11-19,2.7741779613985953,2.8102062131447614,2.7471567725889714,2.7561638355255127,1491800.0
2013-11-20,2.7471566378474583,2.8102060753108233,2.7021213253736267,2.720135450363159,3083100.0
2013-11-21,2.702121189283069,2.7201353133653323,2.603043506830621,2.6841070652008057,3050200.0
2013-11-22,2.702121515927926,2.7831850840974472,2.6570862002781923,2.675100326538086,2766500.0
2013-11-25,2.630064657131582,2.6390717190500346,2.4949585136095043,2.6120505332946777,2811900.0
2013-11-26,2.5399940381476234,2.612050754338304,2.458930474021586,2.4859516620635986,2823300.0
2013-11-27,2.521980047225952,2.5580082998692,2.494958857743516,2.521980047225952,1421600.0
2013-11-29,2.5760224727933623,2.6120509408337225,2.5490012828220885,2.5670154094696045,991900.0
2013-12-02,2.5129730452802934,2.5399942354209566,2.4229024114780833,2.4409165382385254,2966400.0
2013-12-03,2.3958811047882955,2.422902293614496,2.3508455753326416,2.3508455753326416,2885200.0
2013-12-04,2.3418383660310735,2.4409162669469877,2.27878892937705,2.3688597679138184,9221700.0
2013-12-05,2.260774290757585,2.323823713080832,2.260774290757585,2.2697813510894775,3602800.0
2013-12-06,2.305810299100061,2.350845614561913,2.269782046730579,2.2968032360076904,1956000.0
2013-12-09,2.278789071796107,2.3508455753326416,2.278789071796107,2.3508455753326416,1383600.0
2013-12-10,2.3688599668441417,2.4499235350639523,2.3508456258277484,2.4229023456573486,2053700.0
2013-12-11,2.3688597976841943,2.3958809851612184,2.2877960205078125,2.2877960205078125,2916800.0
2013-12-12,2.2517677380512557,2.2607748004136483,2.2157394886016846,2.2157394886016846,2249400.0
2013-12-13,2.2247465509640776,2.278788925138434,2.206732426239292,2.2157394886016846,2612600.0
2013-12-16,2.206732578136798,2.2697820190134723,2.206732578136798,2.2247467041015625,2136100.0
2013-12-17,2.2157396411191805,2.2517678930487084,2.206732578136798,2.2247467041015625,1965700.0
2013-12-18,2.2247468991364703,2.2877963455404444,2.1707045165044927,2.1797115802764893,3235000.0
2013-12-19,2.1346760663881494,2.1616974726990614,2.116661938677769,2.125669002532959,2757500.0
2013-12-20,2.1436827878297766,2.197725156914909,2.125668450056114,2.1616969108581543,6588400.0
2013-12-23,2.1887184910614526,2.197725554203873,2.1436831753493495,2.1707043647766113,2570700.0
2013-12-24,2.1887185171832337,2.251767959932657,2.1797114539333164,2.2427608966827393,2006500.0
2013-12-26,2.260775132040653,2.278789259407882,2.1887186225717357,2.206732749938965,1209500.0
2013-12-27,2.242760962237537,2.278789216290295,2.233753898724347,2.260775089263916,2729500.0
2013-12-30,2.2517675661135677,2.2968028744867808,2.215739319414997,2.2337534427642822,2789900.0
2013-12-31,2.2157396036169748,2.2787890434265137,2.20673254078704,2.2787890434265137,2053800.0
2014-01-02,2.3328318837832476,2.4138956800999076,2.296803625307114,2.3058106899261475,3905600.0
2014-01-03,2.368859915962095,2.422902293614496,2.3508455753326416,2.3508455753326416,2355300.0
2014-01-06,2.3688599354972113,2.3778669985135563,2.323824405670166,2.323824405670166,1846000.0
2014-01-07,2.3238243019565235,2.3688598297736068,2.3058101767278147,2.3598525524139404,1323500.0
2014-01-08,2.332831449448508,2.3598526382747087,2.3148173235643745,2.3508455753326416,1759500.0
2014-01-09,2.323823713080832,2.3418378337446173,2.260774290757585,2.2697813510894775,1584000.0
2014-01-10,2.3058101767278147,2.3688598297736068,2.3058101767278147,2.3598525524139404,2024300.0
2014-01-13,2.3598524241938734,2.494958570813651,2.332831237818978,2.4769444465637207,2955800.0
2014-01-14,2.4229023456573486,2.5940367599778287,2.395881156250745,2.4229023456573486,4807700.0
2014-01-15,2.3778670945769784,2.4589306649989675,2.3418386263107642,2.4409165382385254,2538200.0
2014-01-16,2.4319089701497942,2.4949584007263184,2.41389484712793,2.4949584007263184,2101000.0
2014-01-17,2.476944480483375,2.5760221652147766,2.4679374182350653,2.5490009784698486,3695400.0
2014-01-21,2.503965739310786,2.6030436416396787,2.4769445517879904,2.59403657913208,2691800.0
2014-01-22,2.5850295567860027,2.6030438983228827,2.5039659862240295,2.539994239807129,2989700.0
2014-01-23,2.539994603915196,2.657086659590738,2.539994603915196,2.603044271469116,4165900.0
2014-01-24,2.6751001056153307,2.7111283551597305,2.585029267009026,2.6480789184570312,4560600.0
2014-01-27,2.648079215301757,2.657086278697532,2.539994239807129,2.539994239807129,2050800.0
2014-01-28,2.5580087332890704,2.6390725302168643,2.539994603915196,2.603044271469116,1582700.0
2014-01-29,2.612050668912632,2.6751001056153307,2.5580080798507265,2.6480789184570312,2259500.0
2014-01-30,2.5039656672283024,2.6120506289533165,2.5039656672283024,2.5490009784698486,2279200.0
2014-01-31,2.5850293018791723,2.6390718916700724,2.5490010518487782,2.59403657913208,2044700.0
2014-02-03,2.5580082128706896,2.603043741888405,2.530987024307251,2.530987024307251,1581200.0
2014-02-04,2.48595185943248,2.5490013032029037,2.4229024156620564,2.539994239807129,2490100.0
2014-02-05,2.5399940963839063,2.5490011592710884,2.404888153076172,2.404888153076172,3515300.0
2014-02-06,2.422901969017974,2.4499231542241424,2.386873722076416,2.386873722076416,2780000.0
2014-02-07,2.3778669458377553,2.4319093227386475,2.3598526054588076,2.4319093227386475,2233600.0
2014-02-10,2.485951542731684,2.567015102966467,2.476944480483375,2.5490009784698486,2395500.0
2014-02-11,2.648079062069339,2.792192068062565,2.630064936320186,2.7831850051879883,6856700.0
2014-02-12,2.7651709376498843,2.792192126842451,2.6660932439438056,2.7021214962005615,3258800.0
2014-02-13,2.6660931878184924,2.8011991309371416,2.6570861249439157,2.7831850051879883,2726100.0
2014-02-14,2.8642486671737686,2.972333417192061,2.8372274796691954,2.873255729675293,6291500.0
2014-02-18,2.909284568365062,2.9543198899854257,2.8552421824206258,2.9363057613372803,3925200.0
2014-02-19,2.9363054571193037,3.0173690276373097,2.9092842669466346,2.9182913303375244,5066700.0
2014-02-20,2.891269621197739,3.017368486036135,2.882262559423568,2.999354362487793,2201000.0
2014-02-21,2.9903474367308407,3.0894253354986154,2.9813403745469795,3.0353827476501465,3243500.0
2014-02-24,3.0894256657597974,3.0894256657597974,3.0263760089874268,3.0263760089874268,2069200.0
2014-02-25,3.0353830052510142,3.062404408841098,2.9813406275614858,3.00836181640625,2628800.0
2014-02-26,2.9363049077419277,2.9363049077419277,2.8642484140964513,2.9002766609191895,2834600.0
2014-02-27,2.9272981919849825,2.9453123175252647,2.855241689823853,2.864248752593994,2281600.0
2014-02-28,2.927298393728414,2.945312520510193,2.8732560133830765,2.9182913303375244,1517800.0
2014-03-03,2.999354550354393,3.017368675031062,2.9363051139860508,2.9543192386627197,1750000.0
2014-03-04,2.8822625375078204,2.9182907843305586,2.8372272289793976,2.9002766609191895,1689300.0
2014-03-05,2.9002775040409894,2.9363057613372803,2.8642492467446985,2.9363057613372803,1119800.0
2014-03-06,2.963326435582881,3.017368812067266,2.9543193728354833,2.9903476238250732,2042300.0
2014-03-07,2.954319053616937,3.0443898861039407,2.954319053616937,2.999354362487793,4611000.0
2014-03-10,2.927297967427239,3.0173685882191883,2.927297967427239,2.9633262157440186,1473200.0
2014-03-11,3.053397161102921,3.1074395355218347,3.03538282155131,3.080418348312378,5731400.0
2014-03-12,3.1344608881105813,3.206517391137619,3.098432636597063,3.1885032653808594,4595800.0
2014-03-13,3.2335388901137128,3.35063093351595,3.188503571399521,3.3326168060302734,7085700.0
2014-03-14,3.386658345679456,3.422686591684777,3.3416230381728043,3.395665407180786,5043300.0
2014-03-17,3.3776520093984606,3.3866590728337096,3.224531716253891,3.2425458431243896,3978400.0
2014-03-18,3.188503112327006,3.233538424557129,3.1524748625429075,3.1794960498809814,3172800.0
2014-03-19,3.1074396351522195,3.1434678859199625,2.999354668103677,3.017368793487549,3086500.0
2014-03-20,2.9903474367308407,3.116446522050199,2.9903474367308407,3.0353827476501465,2770600.0
2014-03-21,3.0714113896910966,3.1254537659360824,3.0353829241157917,3.0443902015686035,8480300.0
2014-03-24,3.026376180811548,3.062404650189291,2.9092843532562256,2.9092843532562256,3226400.0
2014-03-25,2.999354550354393,3.017368675031062,2.9543192386627197,2.9543192386627197,2006400.0
2014-03-26,2.9813406031739915,2.999354728923145,2.7831850051879883,2.7831850051879883,3727500.0
2014-03-27,2.8192133050885113,2.8642486168041588,2.7561636539412993,2.8282203674316406,2240100.0
2014-03-28,2.8642483453589547,2.927297775785658,2.837227160890367,2.8822624683380127,3479200.0
2014-03-31,2.8192130895894225,2.837227212898692,2.7291422582977862,2.7471563816070557,2483700.0
2014-04-01,2.738150119781494,2.765171312638441,2.7111289269245473,2.738150119781494,2251800.0
2014-04-02,2.7741779283808152,2.8552417085902007,2.765170865551474,2.8372275829315186,3430700.0
2014-04-03,2.81921305878976,2.81921305878976,2.75616341315084,2.801198720932007,1761600.0
2014-04-04,2.83722751000372,2.8462345726015443,2.774177857073638,2.792191982269287,2129000.0
2014-04-07,2.8102058596349533,2.8912696306117294,2.7831846742244584,2.8462343215942383,1671800.0
2014-04-08,2.9002772241298334,2.927298414494186,2.846234843401128,2.891270160675049,2548900.0
2014-04-09,2.855241337316609,2.963326077214193,2.828220152342213,2.927297830581665,1607900.0
2014-04-10,2.9723332087726955,3.0624040422175005,2.92729789942294,2.945312023162842,2489700.0
2014-04-11,2.918290714296129,2.9903472062123617,2.8732554068484837,2.8822624683380127,1444000.0
2014-04-14,3.008361385504853,3.017368447162985,2.927297830581665,2.927297830581665,1111500.0
2014-04-15,2.8462344921178997,2.8642486168041588,2.7741777786275583,2.8282203674316406,1724500.0
2014-04-16,2.7741779613985953,2.8102062131447614,2.7561638355255127,2.7561638355255127,2043700.0
2014-04-17,2.7831844579769913,2.8282199782406114,2.7651703357696533,2.7651703357696533,1672700.0
2014-04-21,2.7831849196714624,2.792191982269287,2.7021213562910433,2.792191982269287,2009100.0
2014-04-22,2.8192132879407388,2.8642485993824605,2.801198948618746,2.855241537094116,2031100.0
2014-04-23,2.8912698683469458,2.9993546188762137,2.864248680714629,2.9723334312438965,2062800.0
2014-04-24,2.9182911292148415,2.9543193802954058,2.855241689823853,2.864248752593994,2917500.0
2014-04-25,2.9272982498719573,3.0173688793545046,2.9002770610271926,3.00836181640625,1957700.0
2014-04-28,3.026375477734681,3.035382539300294,2.9363048620785515,2.981340169906616,1792600.0
2014-04-29,2.9092837756830376,2.9813402706426464,2.9002767138130863,2.945312023162842,1441700.0
2014-04-30,2.918290905348044,3.0173685882191883,2.900276781189654,2.9633262157440186,1085100.0
2014-05-01,2.927297846036243,2.9633260928589813,2.9002766609191895,2.9002766609191895,1110700.0
2014-05-02,2.9002766158160997,2.999354293037842,2.9002766158160997,2.981340169906616,1255300.0
2014-05-05,3.044390282944589,3.062404408841098,2.9813406275614858,3.00836181640625,1517000.0
2014-05-06,3.089425536592839,3.0984325993629804,2.864248752593994,2.864248752593994,3956700.0
2014-05-07,2.8462347480770216,2.8732559375363995,2.7561639018004374,2.7741780281066895,3179200.0
2014-05-08,2.855241635199369,2.8642486977971933,2.765170794475814,2.792191982269287,1989000.0
2014-05-09,2.783184730754835,2.7921917927412796,2.6841070489039485,2.7111282348632812,1923200.0
2014-05-12,2.8192133848080716,2.83722751000372,2.774177857073638,2.792191982269287,1306000.0
2014-05-13,2.765170504916325,2.8102058131894987,2.738149319952421,2.7471563816070557,870000.0
2014-05-14,2.8732558342488823,2.909284085566246,2.819213457272837,2.8372275829315186,1402700.0
2014-05-15,2.8372276849238958,2.8462347480770216,2.7561639018004374,2.7741780281066895,1090000.0
2014-05-16,2.8462344921178997,2.8642486168041588,2.810206028000076,2.8282203674316406,1156300.0
2014-05-19,2.882262647574319,2.900276771673603,2.801198874382243,2.8102059364318848,847200.0
2014-05-20,2.7831844579769913,2.8102056412879977,2.7561632746659845,2.7651703357696533,588700.0
2014-05-21,2.7561634432616904,2.7561634432616904,2.7201351966431515,2.7471563816070557,676500.0
2014-05-22,2.7741780007140733,2.7831850637782622,2.7021214962005615,2.7021214962005615,1881100.0
2014-05-23,2.7021214962005615,2.7291426853931284,2.6841073700721836,2.7021214962005615,968900.0
2014-05-27,2.657086119015282,2.657086119015282,2.530987024307251,2.530987024307251,2419100.0
2014-05-28,2.5219799859772314,2.5219799859772314,2.3508455753326416,2.3508455753326416,5357200.0
2014-05-29,2.3508454897995863,2.4048880802310237,2.3508454897995863,2.3598525524139404,2187900.0
2014-05-30,2.3778666603410263,2.3958807838118057,2.3418381986541776,2.386873722076416,1511400.0
2014-06-02,2.35084542841022,2.3958809550512568,2.3418383660310735,2.3688597679138184,891300.0
2014-06-03,2.368859920454548,2.386874046372845,2.341838516831783,2.3778669834136963,1109100.0
2014-06-04,2.386873955002315,2.386873955002315,2.341838427185232,2.3598525524139404,1362000.0
2014-06-05,2.395881156250745,2.4499235350639523,2.386874093115211,2.4229023456573486,1641500.0
2014-06-06,2.404887845547195,2.4138949072825846,2.3598523221249565,2.386873722076416,903800.0
2014-06-09,2.3958812213374205,2.4589306649989675,2.3958812213374205,2.4409165382385254,1363600.0
2014-06-10,2.449923605849381,2.5580083665986786,2.4319094790578313,2.539994239807129,1658600.0
2014-06-11,2.5850296232705903,2.5850296232705903,2.521980177878593,2.5580084323883057,1369500.0
2014-06-12,2.585029267009026,2.657085980843131,2.576022204622926,2.6480789184570312,2188400.0
2014-06-13,2.612050704147277,2.630064829162474,2.567015176863975,2.59403657913208,1799000.0
2014-06-16,2.621058092525639,2.630065156153067,2.5490013687608775,2.5580084323883057,1601300.0
2014-06-17,2.5399938644855906,2.576022112744985,2.485951492096499,2.5039656162261963,4642900.0
2014-06-18,2.5039660031423705,2.5039660031423705,2.3868741782061536,2.41389536857605,6513300.0
2014-06-19,2.476944776232026,2.5760224727933623,2.467937712908268,2.5670154094696045,7877900.0
2014-06-20,2.594036797416545,2.6480791770097243,2.558008329609098,2.6210579872131348,3633600.0
2014-06-23,2.639071905374457,2.711128405809426,2.6120507177113437,2.6931142807006836,2352500.0
2014-06-24,2.6841070987991196,2.7471565338762627,2.6120506015680993,2.6300647258758545,2508500.0
2014-06-25,2.6300647258758545,2.657085912337487,2.6120506015680993,2.6300647258758545,1230100.0
2014-06-26,2.612050668912632,2.6480789184570312,2.5940365441404323,2.6480789184570312,877300.0
2014-06-27,2.639071788029732,2.6660929744913644,2.594036477260344,2.6300647258758545,1007800.0
2014-06-30,2.6120508846284585,2.6931144527979796,2.5850294804932936,2.675100326538086,1890100.0
2014-07-01,2.6931144527979796,2.7111285790578727,2.6570862002781923,2.675100326538086,1833100.0
2014-07-02,2.684107332033181,2.7741779613985953,2.6751002690966397,2.7561638355255127,1113800.0
2014-07-03,2.7471567725889714,2.765170898462054,2.702121457906264,2.7561638355255127,825600.0
2014-07-07,2.7291423923137805,2.756163578604575,2.65708589553833,2.65708589553833,1151900.0
2014-07-08,2.738149690815105,2.792192068062565,2.702121439316799,2.7831850051879883,1570200.0
2014-07-09,2.810205829117054,2.909283722624874,2.810205829117054,2.9002766609191895,2749200.0
2014-07-10,2.945311898764716,2.9543189602542457,2.8732554068484837,2.8822624683380127,3797600.0
2014-07-11,2.8552421824206258,2.9363057613372803,2.8372280537724808,2.9363057613372803,1004900.0
2014-07-14,2.810206179698179,2.909284085566246,2.792192054039497,2.8372275829315186,2467300.0
2014-07-15,2.8642488055093294,2.8732558684458707,2.7561638355255127,2.7561638355255127,2983900.0
2014-07-16,2.774177688233317,2.828220275276467,2.7381494400347486,2.8102059364318848,1790300.0
2014-07-17,2.837227759819518,2.9182913303375244,2.8011992915106294,2.9182913303375244,1588200.0
2014-07-18,2.8912698022943775,2.9543192386627197,2.8462344906027046,2.9543192386627197,2194100.0
2014-07-21,2.954319153664824,2.9633262157440186,2.900276781189654,2.9633262157440186,1420000.0
2014-07-22,2.918290714296129,2.9543189602542457,2.8822624683380127,2.8822624683380127,904200.0
2014-07-23,2.9272981919849825,2.9453123175252647,2.855241689823853,2.864248752593994,1393900.0
2014-07-24,2.8642486977971933,2.8732557603950175,2.7831849196714624,2.792191982269287,2321500.0
2014-07-25,2.8192136530367753,2.891270160675049,2.792192247927091,2.891270160675049,2254000.0
2014-07-28,2.873255729675293,2.9092839796813905,2.828220417167671,2.873255729675293,1619800.0
2014-07-29,2.8822628781342767,2.891269940904418,2.8282205015134294,2.864248752593994,962900.0
2014-07-30,2.8282205201021777,2.8642487714195415,2.8011991168688377,2.8372275829315186,1013100.0
2014-07-31,2.7741779808617033,2.7831850438614367,2.7201356028633037,2.729142665863037,2120900.0
2014-08-01,2.7471562135623158,2.79219151908066,2.720135030251309,2.7651703357696533,1508100.0
2014-08-04,2.77417756657096,2.77417756657096,2.702121073333882,2.7471563816070557,1006300.0
2014-08-05,2.7291420913549778,2.7831844579769913,2.666092663629296,2.7651703357696533,1502500.0
2014-08-06,2.7921917360279567,2.864248445201235,2.77417761242096,2.8462343215942383,1480700.0
2014-08-07,2.8011991168688377,2.8372275829315186,2.765170865551474,2.8372275829315186,1464400.0
2014-08-08,2.8282203674316406,2.8462344921178997,2.8011989656569467,2.8282203674316406,808400.0
2014-08-11,2.8102058596349533,2.864248445201235,2.7921917360279567,2.8462343215942383,868400.0
2014-08-12,2.8822624683380127,2.9092836528066,2.846234222379896,2.8822624683380127,2247500.0
2014-08-13,2.8552417085902007,2.8822628970782236,2.8282205201021777,2.8372275829315186,1650400.0
2014-08-14,2.7651706261836746,2.8912697096239612,2.747156502084391,2.8102059364318848,2210400.0
2014-08-15,2.756164248352792,2.765171312638441,2.7021218626388985,2.738150119781494,2100600.0
2014-08-18,2.6841077340676005,2.747157184067143,2.666093605496303,2.738150119781494,1069900.0
2014-08-19,2.7201353133653323,2.7381494374475954,2.6841070652008057,2.6841070652008057,1275500.0
2014-08-20,2.6750997247329646,2.8102056412879977,2.666092663629296,2.7651703357696533,1975200.0
2014-08-21,2.7111285592647505,2.7291426853931284,2.6751003070079946,2.7021214962005615,2079100.0
2014-08-22,2.6931144527979796,2.7291427053177664,2.666093263408139,2.675100326538086,1693400.0
2014-08-25,2.666093043229231,2.6751001056153307,2.6300647936848316,2.6480789184570312,1013700.0
2014-08-26,2.702121119858495,2.702121119858495,2.639071687190479,2.666092872619629,2519000.0
2014-08-27,2.69311426287886,2.738149575352692,2.69311426287886,2.720135450363159,1329400.0
2014-08-28,2.7291430554958453,2.756164248352792,2.7111289269245473,2.738150119781494,1116300.0
2014-08-29,2.738150119781494,2.738150119781494,2.7021218626388985,2.738150119781494,1545900.0
2014-09-02,2.6841070987991196,2.6841070987991196,2.6120506015680993,2.6300647258758545,2076800.0
2014-09-03,2.6300647258758545,2.6660929744913644,2.6300647258758545,2.6300647258758545,1357600.0
2014-09-04,2.6390721734607525,2.648079236930093,2.5129730701446533,2.5129730701446533,1833300.0
2014-09-05,2.4769447314218915,2.5309871103867643,2.4589306051002677,2.521980047225952,2209800.0
2014-09-08,2.449923622402578,2.4679377493158423,2.41389536857605,2.41389536857605,2454600.0
2014-09-09,2.3958808874390343,2.494958570813651,2.3958808874390343,2.4769444465637207,2495900.0
2014-09-10,2.431909408792883,2.4499235350639523,2.413895282521814,2.4229023456573486,2025200.0
2014-09-11,2.404888284717641,2.4499236016187464,2.3958812213374205,2.4409165382385254,2099900.0
2014-09-12,2.3778669834136963,2.395881109331993,2.3598526427500794,2.3778669834136963,2605800.0
2014-09-15,2.332831621170044,2.377867153940798,2.305810430354793,2.332831621170044,1864000.0
2014-09-16,2.323824405670166,2.3508455947192006,2.296803216621132,2.323824405670166,2055900.0
2014-09-17,2.3328312993127907,2.3418383616751837,2.206732426239292,2.2157394886016846,2600100.0
2014-09-18,2.206732749938965,2.2157398136225797,2.1887186225717357,2.206732749938965,1832800.0
2014-09-19,2.1977253300378052,2.2067323922615136,2.134675679726546,2.1436829566955566,2963600.0
2014-09-22,2.161697317827878,2.1707043810377726,2.116661787033081,2.116661787033081,1670500.0
2014-09-23,2.1797110338865315,2.1887180954007204,2.134675511570302,2.1616969108581543,1841800.0
2014-09-24,2.1346756036440664,2.152689942194732,2.08964029413064,2.098647356033325,1863500.0
2014-09-25,2.0626190554610853,2.0896402404753234,2.0355978704468476,2.053611993789673,1785600.0
2014-09-26,2.035597954664318,2.071626202840542,2.035597954664318,2.044605016708374,1569200.0
2014-09-29,2.053612338192273,2.071626464556171,2.0175840854644775,2.0175840854644775,1386500.0
2014-09-30,1.999569809394651,2.017583934409848,1.94552743434906,1.94552743434906,2366200.0
2014-10-01,1.9725486377221497,2.0085768880420467,1.9635415751421756,1.981555700302124,1574000.0
2014-10-02,1.9995695496050856,1.9995695496050856,1.9185059975686982,1.9725483655929565,1198500.0
2014-10-03,1.9545345677091368,1.9635416305432443,1.8014142847839958,1.810421347618103,3893100.0
2014-10-06,1.8464496467942837,1.873470835996699,1.837442583726812,1.8554567098617554,1836800.0
2014-10-07,1.8554567501140298,1.8914850031655135,1.7834002440110623,1.8014143705368042,2799700.0
2014-10-08,1.828435537639378,1.9545346365003426,1.72035067245331,1.918506383895874,4085200.0
2014-10-09,1.9545346365003426,1.9635416996514599,1.8734708533949638,1.918506383895874,3114400.0
2014-10-10,1.9185064076994536,1.9185064076994536,1.7924073072739333,1.8014143705368042,2079700.0
2014-10-13,1.819428497062546,1.8554567501140298,1.7924073072739333,1.8014143705368042,1832900.0
2014-10-14,1.8644637347710424,1.9365204525814232,1.8554566718879095,1.9094990491867065,3011300.0
2014-10-15,1.900492025199114,1.9815558075516821,1.837442583726812,1.8554567098617554,2132200.0
2014-10-16,1.8284354363347344,1.9365204029050067,1.8284354363347344,1.8644636869430542,1347000.0
2014-10-17,1.8734707874568541,1.8824778502909614,1.810421347618103,1.810421347618103,2178500.0
2014-10-20,1.8194285098376404,1.8374426364898682,1.8014143831854126,1.8374426364898682,1282100.0
2014-10-21,1.8374426364898682,1.873470889794324,1.8374426364898682,1.8374426364898682,1452200.0
2014-10-22,1.8014143573719266,1.837442610160113,1.7653861045837402,1.7653861045837402,1779000.0
2014-10-23,1.7653860377143165,1.7653860377143165,1.7113435532063992,1.7473719120025635,1613000.0
2014-10-24,1.711343545625668,1.7203506084416458,1.6753152943617566,1.6843223571777344,2655400.0
2014-10-27,1.6573013392722984,1.693329594243652,1.6573013392722984,1.6663084030151367,1448300.0
2014-10-28,1.6663084030151367,1.7113437217293286,1.630280040671114,1.6663084030151367,2712700.0
2014-10-29,1.6573012147502106,1.6753153408823878,1.603258728981018,1.603258728981018,7906800.0
2014-10-30,1.5672302046666478,1.5942513891744003,1.531201958656311,1.531201958656311,3344100.0
2014-10-31,1.486166855341431,1.531202279668544,1.4591456651687622,1.4591456651687622,4222000.0
2014-11-03,1.4501385368188615,1.567230463027954,1.4411314738314436,1.567230463027954,2777600.0
2014-11-04,1.5402093013065383,1.5672304907467007,1.4861668150535507,1.5131880044937134,3184800.0
2014-11-05,1.5041807006937018,1.5312019931834004,1.4321242070482256,1.4501383304595947,4524700.0
2014-11-06,1.4771595719857276,1.5041807581346536,1.4051029682159424,1.4051029682159424,6474100.0
2014-11-07,1.387089013066959,1.5221951750130966,1.387089013066959,1.5131880044937134,5730500.0
2014-11-10,1.4591454478864436,1.4771595719857276,1.3960959061663003,1.4051029682159424,2833800.0
2014-11-11,1.3960960178437747,1.4861667529178442,1.3780818923034923,1.432124376296997,4157100.0
2014-11-12,1.4411314354281515,1.5131879374073318,1.4411314354281515,1.4951738119125366,3475200.0
2014-11-13,1.4861665416166518,1.50418066459571,1.4411312341690063,1.4411312341690063,2876700.0
2014-11-14,1.387088988534276,1.576237526015372,1.387088988534276,1.567230463027954,5013600.0
2014-11-17,1.4951738833463861,1.5942516856739855,1.4681526938132217,1.5762375593185425,4492000.0
2014-11-18,1.5942516216452975,1.6933294199937123,1.5582233703813861,1.6843223571777344,8349400.0
2014-11-19,1.63928710329313,1.6843224190267343,1.5131880044937134,1.5131880044937134,6591900.0
2014-11-20,1.5582232989624936,1.5852444861719504,1.5131878795740787,1.540209174156189,3210000.0
2014-11-21,1.5762376129146245,1.6302799938185317,1.5582234859466553,1.5582234859466553,2589000.0
2014-11-24,1.567230361365646,1.5762374237687982,1.5312021117530368,1.540209174156189,1813800.0
2014-11-25,1.540209350644951,1.639287155805359,1.5312022872097018,1.6212729215621948,4139800.0
2014-11-26,1.6122657244654546,1.6302798498425302,1.5762374737113036,1.5852445363998413,1713400.0
2014-11-28,1.5492162365593414,1.5582232989624936,1.5221950493498844,1.540209174156189,2488800.0
2014-12-01,1.531202192541772,1.6212728213255687,1.5131879594123536,1.5942516326904297,6293700.0
2014-12-02,1.5402092875183984,1.6122657920471066,1.5402092875183984,1.603258728981018,4303700.0
2014-12-03,1.5852445122533745,1.6573011200367662,1.5762374497020324,1.639286994934082,3562600.0
2014-12-04,1.6122657584471891,1.648294117333367,1.5942516326904297,1.5942516326904297,2588800.0
2014-12-05,1.5672303956471214,1.5852445208474657,1.5492162704467773,1.5492162704467773,1772400.0
2014-12-08,1.558223381176911,1.6122657584471891,1.5221951296633924,1.5942516326904297,2631200.0
2014-12-09,1.639287043097845,1.70233648280969,1.621272810093231,1.6843223571777344,3426600.0
2014-12-10,1.6663081889493345,1.6843223141207886,1.6032586434765899,1.612265706062317,2483800.0
2014-12-11,1.576237526015372,1.6122657779650436,1.5492163370531185,1.567230463027954,3066800.0
2014-12-12,1.5492160816614795,1.5852443276718162,1.522194897153727,1.531201958656311,4956400.0
2014-12-15,1.531201958656311,1.6122655121795688,1.5041806667759157,1.531201958656311,11741600.0
2014-12-16,1.5672304907467007,1.5672304907467007,1.5041809413469927,1.5131880044937134,5336500.0
2014-12-17,1.5221950802050466,1.6392870011921534,1.5131879102466639,1.612265706062317,4970300.0
2014-12-18,1.6753152451394502,1.6843223076907923,1.6122656999074008,1.639286994934082,6686300.0
2014-12-19,1.603258794691696,1.639287155805359,1.5762376043859483,1.6212729215621948,66462200.0
2014-12-22,1.6122657779650436,1.6392870742999575,1.5402092740657005,1.567230463027954,7356200.0
2014-12-23,1.5492163697853778,1.6843224248238633,1.5492163697853778,1.5762375593185425,3822500.0
2014-12-24,1.5582235307284071,1.6843225305008134,1.5492164669855688,1.6663084030151367,1140500.0
2014-12-26,1.7113436259950523,1.8284355554743805,1.693329499517104,1.738364815711975,2378100.0
2014-12-29,1.7293577597579348,1.7383648230348514,1.666308316819519,1.6753153800964355,2471900.0
2014-12-30,1.7203505556285612,1.7473718506196259,1.7023364305496216,1.7023364305496216,1899800.0
2014-12-31,1.6933293680101518,1.738364680707501,1.684322305470682,1.7023364305496216,2225300.0
2015-01-02,1.7113435532063992,1.75637897485844,1.6663082389270172,1.7473719120025635,3012600.0
2015-01-05,1.7834002493383168,1.9004920721054077,1.7653861227587642,1.9004920721054077,4400600.0
2015-01-06,1.9725484893957312,2.125668541741381,1.9725484893957312,2.098647356033325,6975800.0
2015-01-07,2.0446049846172136,2.1616970040974173,2.0446049846172136,2.098647356033325,5283900.0
2015-01-08,2.1346759134528694,2.2157396970872436,2.089640597403398,2.116661787033081,3845100.0
2015-01-09,2.16169727137596,2.3508455947192006,2.1526902083596156,2.323824405670166,5455900.0
2015-01-12,2.341838316483931,2.5940364872547867,2.341838316483931,2.576022148132324,6672300.0
2015-01-13,2.612050773862354,2.6210578366103494,2.4409163669051326,2.458930492401123,6045700.0
2015-01-14,2.4949587624563554,2.5219799509068017,2.3688598830209395,2.4319093227386475,4451300.0
2015-01-15,2.5580080798507265,2.657085980843131,2.5129727679202274,2.6480789184570312,5498900.0
2015-01-16,2.6390717389717273,2.783184730754835,2.630064676985283,2.7111282348632812,5092600.0
2015-01-20,2.7291420913549778,2.7831844579769913,2.7021209080439714,2.7651703357696533,3560600.0
2015-01-21,2.819213213226825,2.846234399375751,2.7111282538858226,2.8102059364318848,4753200.0
2015-01-22,2.8102058131894987,2.864248397862596,2.738149319952421,2.7471563816070557,3953200.0
2015-01-23,2.684107204208065,2.702121329223262,2.5760222393715737,2.59403657913208,3415600.0
2015-01-26,2.5670151422368264,2.666093043229231,2.485951580761928,2.6480789184570312,3439800.0
2015-01-27,2.666093030510004,2.8282203674316406,2.657085968166874,2.8282203674316406,3814600.0
2015-01-28,2.7201352968497257,2.8011988547277236,2.675099986917504,2.7111282348632812,3732400.0
2015-01-29,2.621057647150605,2.684107081829124,2.594036460859811,2.65708589553833,2473700.0
2015-01-30,2.666093105899746,2.8102061074649356,2.639071918106273,2.792191982269287,3066900.0
2015-02-02,2.765170794475814,2.828220447405896,2.7201354814866923,2.792191982269287,3363800.0
2015-02-03,2.7921920872716783,2.8642488055093294,2.7471567725889714,2.7561638355255127,4885600.0
2015-02-04,2.783184887826524,2.783184887826524,2.666093075394561,2.720135450363159,3887600.0
2015-02-05,2.720135583779347,2.783185024335137,2.684107332033181,2.7561638355255127,2901400.0
2015-02-06,2.6030436416396787,2.666093079192868,2.59403657913208,2.59403657913208,4483500.0
2015-02-09,2.558008163508965,2.567015226189636,2.467937536702257,2.4859516620635986,4668000.0
2015-02-10,2.4499235812900344,2.5219800877339,2.422902391373585,2.467937707901001,2647300.0
2015-02-11,2.467937593286448,2.494958781947995,2.386874027301807,2.404888153076172,2444300.0
2015-02-12,2.3958810901889898,2.4319093417377187,2.332831435233395,2.404888153076172,1571700.0
2015-02-13,2.386874046372845,2.41389523525029,2.368859920454548,2.3778669834136963,1754500.0
2015-02-17,2.269781649028419,2.2877957720567967,2.1616969108581543,2.1616969108581543,2558500.0
2015-02-18,2.1887184910614526,2.2157396804887144,2.116661771176763,2.1707043647766113,5709900.0
2015-02-19,2.179711205590389,2.2067323922615136,2.134675679726546,2.1436829566955566,2762400.0
2015-02-20,2.1887186440484854,2.215739835364474,2.1616974527324966,2.1797115802764893,5525100.0
2015-02-23,2.125668533429169,2.1797111193792476,2.089640285959313,2.1526899337768555,2300700.0
2015-02-24,2.107654723823187,2.1707043810377726,2.107654723823187,2.116661787033081,1373900.0
2015-02-25,2.1616969956443195,2.1887181812467116,2.125668533429169,2.1526899337768555,1844800.0
2015-02-26,2.206732358104801,2.224746482273387,2.1797111718519218,2.197725296020508,1069400.0
2015-02-27,2.2157394886016846,2.2607748004136483,2.2157394886016846,2.2157394886016846,801000.0
2015-03-02,2.2517676685262664,2.2787888547791457,2.1797111718519218,2.197725296020508,2438500.0
2015-03-03,2.224746760297138,2.242760886716926,2.116661787033081,2.116661787033081,1793400.0
2015-03-04,2.1076546277392936,2.125668753337853,2.0265910625457764,2.0265910625457764,1173700.0
2015-03-05,2.017583672279838,2.0265907336172146,1.9725483655929565,1.9725483655929565,856900.0
2015-03-06,1.8824778906758601,1.8914849537031964,1.7293577118384822,1.7563790082931519,4686200.0
2015-03-09,1.7563789670782155,1.7653860298941935,1.6663082315457787,1.6843223571777344,1720400.0
2015-03-10,1.6482940637778805,1.6933293767065156,1.5852445183051358,1.612265706062317,3329100.0
2015-03-11,1.5942517227385413,1.64829421043396,1.5492164058029134,1.64829421043396,2626600.0
2015-03-12,1.6482941721129771,1.6482941721129771,1.5582234329630993,1.5762375593185425,1993800.0
2015-03-13,1.5582233516142923,1.5762374770292877,1.5041808679966493,1.5221951007843018,2273700.0
2015-03-16,1.5131879275188824,1.6212727871539923,1.5041808648303447,1.5852445363998413,4615500.0
2015-03-17,1.5582234859466553,1.5942517398825935,1.5312022954947015,1.5582234859466553,2960100.0
2015-03-18,1.5582236122090931,1.657301425933838,1.522195355353795,1.657301425933838,6163300.0
2015-03-19,1.64829421043396,1.6933295273695879,1.6302799762870437,1.64829421043396,2826600.0
2015-03-20,1.693329499517104,1.801414365757458,1.693329499517104,1.738364815711975,8157600.0
2015-03-23,1.7203506892340266,1.765386112801561,1.7203506892340266,1.738364815711975,2731100.0
2015-03-24,1.7203505556285612,1.7563789131590957,1.7023364305496216,1.7023364305496216,1300700.0
2015-03-25,1.7653859756985655,1.783400100777505,1.7023364305496216,1.7023364305496216,2172500.0
2015-03-26,1.7924072537753586,1.8014143167693928,1.6843223904742888,1.6933294534683228,4125800.0
2015-03-27,1.666308346111107,1.6843224729816055,1.6122658581269456,1.6212729215621948,2358200.0
2015-03-30,1.5762374582472936,1.6032586460478098,1.5402092078466052,1.5492162704467773,1955900.0
2015-03-31,1.576237526015372,1.6302799039398792,1.5402092740657005,1.567230463027954,4082900.0
2015-04-01,1.6122656903343857,1.7924071550369263,1.5852445028408009,1.7924071550369263,3489600.0
2015-04-02,1.765386112801561,1.7834002392795094,1.7113436259950523,1.738364815711975,2193200.0
2015-04-06,1.8104212800326493,1.8104212800326493,1.7563789050454799,1.7924071550369263,1443600.0
2015-04-07,1.8104212800326493,1.8374424675262342,1.7834000925390647,1.7924071550369263,1468800.0
2015-04-08,1.7834002051950315,1.792407268261862,1.702336530220895,1.7293577194213867,1350300.0
2015-04-09,1.6753153208069342,1.6933294467232465,1.5942516468108694,1.6302798986434937,1862300.0
2015-04-10,1.702336530220895,1.7293577194213867,1.666308277953573,1.7293577194213867,1804800.0
2015-04-13,1.675315466757975,1.7113437217293286,1.630280040671114,1.6663084030151367,1948800.0
2015-04-14,1.6933293680101518,1.7293576181680312,1.6663081803917423,1.7023364305496216,1879200.0
2015-04-15,1.7563789050454799,1.7924071550369263,1.7293576101792407,1.7924071550369263,2099400.0
2015-04-16,1.8194284922354065,1.8284355554743805,1.7293577524730008,1.738364815711975,2399700.0
2015-04-17,1.7563790495625868,1.7743931760405354,1.693329499517104,1.738364815711975,2067400.0
2015-04-20,1.7473719452658156,1.7653860713204883,1.720350648811146,1.7563790082931519,1721800.0
2015-04-21,1.7653861613982118,1.8554567962673727,1.7563790979112959,1.8464497327804565,2411200.0
2015-04-22,1.8284353585191908,1.8284353585191908,1.7203505039215088,1.7203505039215088,2081100.0
2015-04-23,1.7203506300781621,1.8014143038141432,1.7203506300781621,1.7834001779556274,1472100.0
2015-04-24,1.76538601051551,1.774393073232617,1.6933294014059959,1.71134352684021,2473300.0
2015-04-27,1.747372128173148,1.8104215759642448,1.7293578928601625,1.7743933200836182,1892900.0
2015-04-28,1.8194283736826544,1.900491937551374,1.8104213110305745,1.8644636869430542,2365000.0
2015-04-29,1.8554567098617554,1.8824778990641706,1.801414331456925,1.8554567098617554,2348400.0
2015-04-30,1.7653860377143165,1.7924072262819455,1.7023364903505227,1.7473719120025635,3261700.0
2015-05-01,1.7203506160622755,1.75637897485844,1.7023364903505227,1.7473719120025635,1104500.0
2015-05-04,1.7834003840537747,1.801414511994088,1.7383649568303192,1.7743933200836182,1260600.0
2015-05-05,1.7924072262819455,1.8194284148495747,1.7203506160622755,1.7473719120025635,1330900.0
2015-05-06,1.7563790017992222,1.7743931277872904,1.6843223904742888,1.6933294534683228,2050400.0
2015-05-07,1.5942516659149295,1.6212728551131952,1.5582234136505755,1.603258728981018,3415700.0
2015-05-08,1.5942516468108694,1.6392870689743098,1.5852445838527132,1.6302798986434937,971400.0
2015-05-11,1.5942515808908628,1.6392870011921534,1.5672303931336817,1.612265706062317,2161200.0
2015-05-12,1.603258849442599,1.6843225305008134,1.5942517856997604,1.6663084030151367,2295000.0
2015-05-13,1.7023364327934765,1.7113434953448186,1.6032586373560587,1.639286994934082,3236700.0
2015-05-14,1.6302798968513517,1.6392870671722664,1.4951738452548702,1.504180908203125,3820600.0
2015-05-15,1.4771597193583608,1.5492163303170587,1.468152656410106,1.504180908203125,4553100.0
2015-05-18,1.5312021007340202,1.5312021007340202,1.4681525569930254,1.4771596193313599,1551700.0
2015-05-19,1.4141101376382335,1.4501383858368015,1.3960959061663003,1.4051029682159424,4158500.0
2015-05-20,1.4051029682159424,1.4231171996878755,1.3960959061663003,1.4051029682159424,2537100.0
2015-05-21,1.414110310885385,1.414110310885385,1.3780819509002187,1.3870890140533447,2940400.0
2015-05-22,1.3870890140533447,1.4321244371916368,1.3870890140533447,1.3870890140533447,1864800.0
2015-05-26,1.342053498119531,1.3510605599292476,1.3060252508806645,1.3330464363098145,3381300.0
2015-05-27,1.3240396076508785,1.3330466710466533,1.2699971199035645,1.2699971199035645,2639200.0
2015-05-28,1.2699971199035645,1.297018417463554,1.2609900565077896,1.2699971199035645,2271500.0
2015-05-29,1.342053498119531,1.387088807168114,1.3330464363098145,1.3330464363098145,1159600.0
2015-06-01,1.333046539596434,1.3600677271192296,1.29701828956604,1.29701828956604,1069100.0
2015-06-02,1.3240393745000978,1.342053498119531,1.297018189070948,1.3330464363098145,1263800.0
2015-06-03,1.3060253058159739,1.3240394301931346,1.288011074066162,1.288011074066162,1356500.0
2015-06-04,1.2699970190738117,1.2880111444351534,1.2339687683511285,1.2429758310317993,1899800.0
2015-06-05,1.224961811201289,1.2339688746579212,1.206947684288025,1.206947684288025,1857900.0
2015-06-08,1.224961811201289,1.224961811201289,1.1979406208313927,1.206947684288025,1024000.0
2015-06-09,1.2609899563931408,1.297018314488481,1.2339687683511285,1.2429758310317993,1985900.0
2015-06-10,1.297018417463554,1.297018417463554,1.2609900565077896,1.2699971199035645,1442700.0
2015-06-11,1.251982825009846,1.2699969493826617,1.2249616384506226,1.2249616384506226,1253900.0
2015-06-12,1.24297584981977,1.2519829126365856,1.2069475985525084,1.2159546613693237,1160000.0
2015-06-15,1.2069475985525084,1.2339687870029548,1.1889334729188776,1.2159546613693237,1855800.0
2015-06-16,1.2159545762642148,1.2249616384506226,1.197940451891399,1.2249616384506226,2233400.0
2015-06-17,1.2159547078089157,1.2699970867737882,1.2069476446481036,1.260990023612976,1941000.0
2015-06-18,1.2970182223947446,1.3510605946415346,1.2790039909398323,1.3420535326004028,2572400.0
2015-06-19,1.3060253007840497,1.3330464872456822,1.2790040069497666,1.3150323629379272,8369100.0
2015-06-22,1.24297592971624,1.2790041832993393,1.233968866320465,1.2699971199035645,2032600.0
2015-06-23,1.1979405088083348,1.2159546340370433,1.1799262762069702,1.1799262762069702,2843600.0
2015-06-24,1.1799263865454628,1.215954747744657,1.1799263865454628,1.206947684288025,1090800.0
2015-06-25,1.2249617056704576,1.2429758310317993,1.2069475803091159,1.2429758310317993,1336600.0
2015-06-26,1.2429758310317993,1.2699970190738117,1.2339687683511285,1.2429758310317993,1584100.0
2015-06-29,1.2699971199035645,1.297018417463554,1.2609900565077896,1.2699971199035645,1043200.0
2015-06-30,1.215954747744657,1.224961811201289,1.1889335573747608,1.206947684288025,5413600.0
2015-07-01,1.1979405546659965,1.206947617625145,1.1799263213750397,1.1889334917068481,2204700.0
2015-07-02,1.1799263288677726,1.197940562273123,1.1348910137860488,1.161912202835083,3685200.0
2015-07-06,1.1348910692623022,1.224961811201289,1.1168769423490381,1.206947684288025,1774900.0
2015-07-07,1.1529051398187382,1.1889334992567782,1.125883950769704,1.161912202835083,2594200.0
2015-07-08,1.1348909997872625,1.1619121885029926,1.1168768739767756,1.125883936882019,3035200.0
2015-07-09,1.107869917682237,1.1258840452262295,1.0808487263662483,1.0898557901382446,2409500.0
2015-07-10,1.0628345012664795,1.0808487363495307,1.0538274374112893,1.0628345012664795,2940200.0
2015-07-13,1.0358130404854906,1.0898555169432658,1.0268059789713018,1.0808484554290771,1410900.0
2015-07-14,1.062834225028057,1.1078696399716434,1.0358130404854906,1.0808484554290771,1194900.0
2015-07-15,1.0718413939148883,1.125883763000021,1.062834225028057,1.0808484554290771,1547700.0
2015-07-16,1.0268061820933834,1.0538273719812625,1.0268061820933834,1.0448203086853027,1042900.0
2015-07-17,1.0268062024977727,1.0538273929226087,1.0177991390228271,1.0177991390228271,2618700.0
2015-07-20,0.9547495578682429,0.9727637916349989,0.8826930522918701,0.8826930522918701,4427900.0
2015-07-21,0.9457424617102205,0.9907778834985437,0.918721273060822,0.9547495245933533,2073600.0
2015-07-22,0.9457423090934753,0.9637565393253998,0.9187211248045514,0.9457423090934753,2183000.0
2015-07-23,0.9727638340608021,0.9727638340608021,0.9007072179691128,0.9097142815589905,4720100.0
2015-07-24,0.8736859222182919,0.9817707796821286,0.8646788060243661,0.97276371717453,5599100.0
2015-07-27,0.9457424544306247,0.9817708130584966,0.9277283288030178,0.9367353916168213,2671600.0
2015-07-28,0.927728381571048,0.936735444897162,0.9187213182449341,0.9187213182449341,1232200.0
2015-07-29,0.9277283359439548,0.9727637577322781,0.909714210177689,0.9547495245933533,1396000.0
2015-07-30,0.9097141934090763,0.9277283188432905,0.8466647007029979,0.855671763420105,2419300.0
2015-07-31,0.9007071852684021,0.9277283750570149,0.8736859954797893,0.9007071852684021,1104900.0
2015-08-03,0.882693005257755,0.882693005257755,0.8466647007029979,0.855671763420105,721900.0
2015-08-04,0.8466647206451942,0.8917000889778137,0.8286505947866782,0.8917000889778137,1333500.0
2015-08-05,0.8556717897281956,0.8826930323966281,0.8466647267341614,0.8466647267341614,1195300.0
2015-08-06,0.8646788261372121,0.882693005257755,0.8286505752687836,0.855671763420105,1095000.0
2015-08-07,0.8556717897281956,0.9187212843727647,0.8466647267341614,0.8466647267341614,1245000.0
2015-08-10,0.9007071915927063,0.9187213182449341,0.8646788846019184,0.9187213182449341,1209200.0
2015-08-11,0.9457425122396385,0.9817708730697632,0.9187213221465437,0.9817708730697632,1450900.0
2015-08-12,1.008792055501464,1.0448203086853027,0.9727638023176252,1.0448203086853027,2459700.0
2015-08-13,0.9637567284379523,0.9907779180290922,0.8826930522918701,0.8826930522918701,2109500.0
2015-08-14,0.9187213050800564,0.9637567284379523,0.8826930522918701,0.8826930522918701,938200.0
2015-08-17,0.909714210177689,0.9727637577322781,0.9007071472945563,0.9547495245933533,1731800.0
2015-08-18,0.9007071852684021,0.918721311794144,0.8736859954797893,0.9007071852684021,1474900.0
2015-08-19,0.8556718463333904,0.9187213451488683,0.8466647827435126,0.9097142815589905,1806600.0
2015-08-20,0.9367353672985613,1.0087919753110104,0.927728304718587,0.990777850151062,3675400.0
2015-08-21,1.026806092220121,1.0358131547277196,0.9277282972638828,0.97276371717453,4315900.0
2015-08-24,0.9547495578682429,0.9997849812261388,0.8826930522918701,0.8826930522918701,3501900.0
2015-08-25,0.9367353643208154,0.9547494894234995,0.8106363812293714,0.819643497467041,2372800.0
2015-08-26,0.8466647410867275,0.8556718042334484,0.7475869391001358,0.7565940022468567,2333400.0
2015-08-27,0.7926222561266872,0.8376576225697251,0.7475868896836494,0.819643497467041,2021100.0
2015-08-28,0.8106363812293714,0.8376576225697251,0.7926222561266872,0.819643497467041,1932100.0
2015-08-31,0.7926224024252833,0.8376577771807434,0.7656012097838097,0.828650712966919,1325600.0
2015-09-01,0.8556716480403188,0.8556716480403188,0.75659386413925,0.7656009793281555,1210000.0
2015-09-02,0.7475868015530904,0.774608039707999,0.7025514404191238,0.7205656170845032,1389800.0
2015-09-03,0.7205658407743072,0.7475870336312539,0.6845375299453735,0.6845375299453735,2325800.0
2015-09-04,0.7115586870192554,0.7205657501723813,0.6665233175672944,0.6935445070266724,2026600.0
2015-09-08,0.693544403584057,0.7025514653937737,0.6395019790394342,0.6665232181549072,2613900.0
2015-09-09,0.6845373679305963,0.7836151589958997,0.648509119315086,0.6575161814689636,1768500.0
2015-09-10,0.6755304162931233,0.6845374799205515,0.62148798084222,0.6395021080970764,2608000.0
2015-09-11,0.6665232826055821,0.6845374079669239,0.5674454857455462,0.6214879155158997,4293100.0
2015-09-14,0.6304950050428648,0.7025515632427073,0.6124808789144869,0.6755303740501404,4945100.0
2015-09-15,0.6395019960741526,0.7295727239432218,0.6395019960741526,0.7025514841079712,3778100.0
2015-09-16,0.7205656181289132,0.7656009793281555,0.7115585566263289,0.7656009793281555,4459900.0
2015-09-17,0.7475869324076472,0.8286506073751053,0.7475869324076472,0.801629364490509,4416600.0
2015-09-18,0.855671646800082,0.8646787082896111,0.7205656170845032,0.7205656170845032,73594000.0
2015-09-21,0.7385797663189633,0.7565938899383965,0.6575161563451906,0.6665232181549072,3923800.0
2015-09-22,0.6395020177763567,0.6485091338179897,0.5854595899581909,0.5854595899581909,3780200.0
2015-09-23,0.6214880492630438,0.6304951138820771,0.5764526724815369,0.5764526724815369,2415000.0
2015-09-24,0.5944667786873804,0.6034738421440125,0.5764525980877833,0.6034738421440125,4008300.0
2015-09-25,0.5944667458534241,0.6214879347308693,0.5944667458534241,0.5944667458534241,3227000.0
2015-09-28,0.6124807735143699,0.6124807735143699,0.5404242277145386,0.5404242277145386,2301400.0
2015-09-29,0.5764524840403559,0.6034737227506064,0.5494312990164278,0.5584383606910706,2794800.0
2015-09-30,0.5764524737712935,0.5764524737712935,0.5404242277145386,0.5404242277145386,1775200.0
2015-10-01,0.6034738313789528,0.6034738313789528,0.5134030910466917,0.5224101543426514,2329700.0
2015-10-02,0.5404242619208338,0.5674454481737131,0.531417146150216,0.549431324005127,4447100.0
2015-10-05,0.5764526724815369,0.5944668554059436,0.5674456078625034,0.5764526724815369,3670100.0
2015-10-06,0.5944665724543612,0.6124806931181461,0.5674453377723694,0.5674453377723694,2923700.0
2015-10-07,0.5674456078625034,0.5944668554059436,0.5494314786244366,0.5764526724815369,2368800.0
2015-10-08,0.5764525980877833,0.6485092131135058,0.5764525980877833,0.6034738421440125,3810300.0
2015-10-09,0.6304950112684595,0.7025515701797983,0.6124808849622077,0.6935445070266724,5866100.0
2015-10-12,0.7205658407743072,0.738579969345605,0.6755304656597246,0.6845375299453735,1482900.0
2015-10-13,0.6935444573210126,0.6935444573210126,0.64850914478302,0.64850914478302,1735300.0
2015-10-14,0.6755303802400379,0.7926223085200713,0.6755303802400379,0.7565940022468567,3536400.0
2015-10-15,0.7385798432088708,0.7656010851373921,0.6935444757855544,0.7475869059562683,1898100.0
2015-10-16,0.7475868015530904,0.7565938630426196,0.7025514404191238,0.7205656170845032,956600.0
2015-10-19,0.7115587764886583,0.7205658407743072,0.6665234013740757,0.6845375299453735,1242200.0
2015-10-20,0.6845373413017418,0.7385797658090543,0.6845373413017418,0.7115585803985596,1108700.0
2015-10-21,0.7205657501723813,0.7205657501723813,0.6485091912610426,0.6935445070266724,1869300.0
2015-10-22,0.6935445070266724,0.7025515701797983,0.6665233175672944,0.6935445070266724,1023200.0
2015-10-23,0.7025514653937737,0.7025514653937737,0.648509094535474,0.6665232181549072,2042100.0
2015-10-26,0.6755303323058155,0.684537394813414,0.64850914478302,0.64850914478302,643300.0
2015-10-27,0.6575163370884267,0.6935445942310224,0.639502154830791,0.6845375299453735,1380600.0
2015-10-28,0.7025516071754079,0.7295728517440264,0.6395021080970764,0.6395021080970764,3225900.0
2015-10-29,0.6214878814117191,0.6755303082164914,0.6124808192253113,0.6124808192253113,1754300.0
2015-10-30,0.6124808192253113,0.6395020057845348,0.6124808192253113,0.6124808192253113,1232800.0
2015-11-02,0.5494314181364603,0.6395021080970764,0.5494314181364603,0.6395021080970764,759500.0
2015-11-03,0.6575162890382668,0.6575162890382668,0.62148798084222,0.6395021080970764,1206900.0
2015-11-04,0.6304950325139087,0.6485092131135058,0.5764525980877833,0.6034738421440125,1615500.0
2015-11-05,0.6575161838436757,0.6575161838436757,0.6034737570389034,0.6124808192253113,1506600.0
2015-11-06,0.6034738421440125,0.6304950325139087,0.5944667786873804,0.6034738421440125,1182100.0
2015-11-09,0.630495011806488,0.630495011806488,0.5944667591632398,0.630495011806488,1666200.0
2015-11-10,0.6034737901545579,0.6214879155158997,0.5854596111068879,0.6214879155158997,957200.0
2015-11-11,0.6034737683551304,0.6034737683551304,0.5854595899581909,0.5854595899581909,788300.0
2015-11-12,0.549431324005127,0.5854595723422993,0.5224100840659228,0.549431324005127,1339700.0
2015-11-13,0.531417146150216,0.5584383860894201,0.5134030219816298,0.549431324005127,1489400.0
2015-11-16,0.5404242619208338,0.549431324005127,0.531417146150216,0.549431324005127,456600.0
2015-11-17,0.5134030461100605,0.5314171711252575,0.486381858587265,0.486381858587265,1477700.0
2015-11-18,0.5134030219816298,0.549431324005127,0.49538889781304357,0.549431324005127,846400.0
2015-11-19,0.5404242277145386,0.5674454122571048,0.5404242277145386,0.5404242277145386,1065100.0
2015-11-20,0.5494313727343985,0.5584384356175313,0.47737476229667664,0.47737476229667664,1788100.0
2015-11-23,0.5043960213661194,0.5404243277802463,0.4863818950022216,0.5043960213661194,828600.0
2015-11-24,0.549431324005127,0.5584383860894201,0.531417146150216,0.549431324005127,1153200.0
2015-11-25,0.5494313979168626,0.5494313979168626,0.5224101543426514,0.5224101543426514,763300.0
2015-11-27,0.5224101477300171,0.5404243277802463,0.5043960213661194,0.5043960213661194,582300.0
2015-11-30,0.531417146150216,0.5584383860894201,0.5224100840659228,0.549431324005127,1254900.0
2015-12-01,0.5224100840659228,0.5674454481737131,0.5224100840659228,0.549431324005127,891500.0
2015-12-02,0.5404243144122037,0.5944667458534241,0.5404243144122037,0.5944667458534241,1759700.0
2015-12-03,0.5494313773713521,0.5944667458534241,0.5404243144122037,0.5944667458534241,927600.0
2015-12-04,0.5854595768652928,0.6575161814689636,0.5764525147114152,0.6575161814689636,1790200.0
2015-12-07,0.6575162890382668,0.666523352665695,0.62148798084222,0.6395021080970764,1647900.0
2015-12-08,0.6575161814689636,0.6755303057767187,0.6395020034748833,0.6575161814689636,804300.0
2015-12-09,0.6845373174400656,0.7205656170845032,0.6755302559505365,0.7205656170845032,1983800.0
2015-12-10,0.7656011055391414,0.8016293574888128,0.7475869258779755,0.783615231513977,2581200.0
2015-12-11,0.891700123396049,0.891700123396049,0.8016293832542197,0.8376576900482178,4792700.0
2015-12-14,0.7926221626870571,0.8016292241765862,0.7025514404191238,0.7205656170845032,2517000.0
2015-12-15,0.7295727473273453,0.7385798096656799,0.6935444442876806,0.7385798096656799,1617700.0
2015-12-16,0.7475869391001358,0.7746081822266295,0.7205657496599733,0.7565940022468567,1858400.0
2015-12-17,0.7565940979169029,0.7565940979169029,0.6845375299453735,0.6845375299453735,2519200.0
2015-12-18,0.7656010851373921,0.7926222733795847,0.7205657177140757,0.7475869059562683,17898800.0
2015-12-21,0.8376577047731781,0.8556718316436768,0.7836152704753495,0.8106364607810974,1981500.0
2015-12-22,0.8466647335072824,0.8466647335072824,0.783615238358332,0.801629364490509,1185900.0
2015-12-23,0.8466647827435126,0.9547495995083791,0.8196435919738795,0.9097142815589905,3508900.0
2015-12-24,0.9367354179983495,0.9367354179983495,0.8917001026609909,0.9277283549308777,694300.0
2015-12-28,0.9007071306919692,0.9097141934090763,0.855671763420105,0.855671763420105,1092800.0
2015-12-29,0.891700067974862,0.891700067974862,0.8376576379858908,0.855671763420105,897300.0
2015-12-30,0.8466647533251344,0.8556718166020509,0.8196435634943847,0.8376576900482178,637400.0
2015-12-31,0.8376576900482178,0.8466647533251344,0.8286506267713013,0.8376576900482178,511700.0
2016-01-04,0.9457424617102205,0.9547495245933533,0.909714210177689,0.9547495245933533,1900500.0
2016-01-05,0.9997849603585136,1.0448202754037645,0.9727637713313632,1.0358132123947144,2959500.0
2016-01-06,1.1258839749466896,1.206947651207197,1.1168769117369293,1.1979405879974365,3610900.0
2016-01-07,1.315032414581237,1.315032414581237,1.2249616821325973,1.29701828956604,4504500.0
2016-01-08,1.233968814338502,1.2519829403711915,1.0898556987043249,1.161912202835083,2701400.0
2016-01-11,1.2519829403711915,1.269997066403881,1.1438980768023934,1.161912202835083,2226700.0
2016-01-12,1.2159546613693237,1.2249617241861392,1.1438980514621422,1.2159546613693237,3073700.0
2016-01-13,1.2880111810246822,1.441131465691206,1.2519829292785165,1.3780819177627563,5598300.0
2016-01-14,1.4501383844666316,1.4501383844666316,1.2970182223947446,1.3420535326004028,3151100.0
2016-01-15,1.5312019931834004,1.558223178300454,1.4141100836368565,1.4501383304595947,2710400.0
2016-01-19,1.450138457501898,1.450138457501898,1.3060253502129813,1.3600677251815796,3044900.0
2016-01-20,1.4591456256133883,1.5221951750130966,1.4501385624666674,1.5131880044937134,4109900.0
2016-01-21,1.5131880611540662,1.5582234859466553,1.4681527437341435,1.5582234859466553,2514000.0
2016-01-22,1.4861667156219482,1.5312021357151315,1.468152590533737,1.4861667156219482,1739800.0
2016-01-25,1.5762374497020324,1.639286994934082,1.5492162620480063,1.639286994934082,3567600.0
2016-01-26,1.693329459729137,1.7924072604024972,1.6753153336744644,1.7563790082931519,4256800.0
2016-01-27,1.7743930300412032,1.8014142175347878,1.7203505476813792,1.7924071550369263,3377100.0
2016-01-28,1.7203506563545563,1.7563790159945398,1.6753153410204034,1.7293577194213867,2437200.0
2016-01-29,1.612265706062317,1.630279831233771,1.5762374557194088,1.612265706062317,2451300.0
2016-02-01,1.6753152943617566,1.7383647340736015,1.639287043097845,1.6843223571777344,2023600.0
2016-02-02,1.7383647748658184,1.7563790082931519,1.7113435857838095,1.7563790082931519,2736000.0
2016-02-03,1.774393224885128,1.8644638597542886,1.7563790979112959,1.8464497327804565,3760100.0
2016-02-04,1.9635417063727842,2.071626464556171,1.9275134536449887,2.0175840854644775,5414300.0
2016-02-05,1.9995702732082008,2.1076550483703613,1.8824782187038345,2.1076550483703613,4563200.0
2016-02-08,2.161697131636911,2.2337536311097055,2.116661604721107,2.188718318939209,3918500.0
2016-02-09,2.2697818931870573,2.2877960181531996,2.107654553746465,2.1346757411956787,3763800.0
2016-02-10,2.1436829566955566,2.1526900189192646,1.9365203108049673,2.1436829566955566,4509600.0
2016-02-11,2.332831237818978,2.4769444465637207,2.287795927194152,2.4769444465637207,6541800.0
2016-02-12,2.4048882647626186,2.5309871510393833,2.368860011540686,2.467937707901001,4016700.0
2016-02-16,2.28779576726573,2.49495839640352,2.2067322138077934,2.314816951751709,6031200.0
2016-02-17,2.2247467124903735,2.323824405670166,2.12566880456526,2.323824405670166,4612500.0
2016-02-18,2.188718305585588,2.3778668302929646,2.1707041808272955,2.3688597679138184,5023400.0
2016-02-19,2.3148171788936347,2.3958809550512568,2.305810116514489,2.3688597679138184,5042400.0
2016-02-22,2.2877961207974837,2.4229022788505366,2.2787890579103016,2.404888153076172,2676100.0
2016-02-23,2.440916542453606,2.5490013032029037,2.4319094790578313,2.539994239807129,4253700.0
2016-02-24,2.675099986917504,2.8011988547277236,2.6390717389717273,2.7111282348632812,7023500.0
2016-02-25,2.756163488813964,2.864248445201235,2.729142303403469,2.8462343215942383,6519100.0
2016-02-26,2.7741780007140733,2.8462347199729074,2.6300649916870498,2.7021214962005615,5755700.0
2016-02-29,2.8372280537724808,2.9543198899854257,2.7921925174067646,2.9363057613372803,4779500.0
2016-03-01,2.990347574166734,3.008361699362383,2.774177857073638,2.792191982269287,5295800.0
2016-03-02,2.873256311068771,2.9723340186335707,2.8372280537724808,2.9363057613372803,3606900.0
2016-03-03,2.9453124406669393,3.0624044763196347,2.8822629986398933,3.0263760089874268,4869500.0
2016-03-04,3.0263759023476786,3.080418494069041,2.8372275829315186,2.8372275829315186,7382900.0
2016-03-07,2.9453119236441645,3.0533968771768065,2.8822624926848737,2.981340169906616,4303600.0
2016-03-08,2.999354293037842,3.0533968771768065,2.8822624926848737,2.981340169906616,5970500.0
2016-03-09,2.8552416826141105,3.0624043405495684,2.7471567149000253,2.9903476238250732,6110700.0
2016-03-10,2.9272981716258197,3.0624043269835988,2.900276983503327,3.0443902015686035,4841200.0
2016-03-11,3.02637601284852,3.0624044802266934,2.9453124444246104,3.0533974170684814,4450700.0
2016-03-14,3.0804186132153126,3.170489244992528,3.017368956225937,3.152475118637085,7676400.0
2016-03-15,3.143467836852723,3.287581052419506,3.035382871491308,3.278573989868164,7569700.0
2016-03-16,3.2245315351088144,3.5848144817697705,3.1794962204625246,3.566800355911255,8268300.0
2016-03-17,3.5938217394245116,3.773963222515668,3.476729700254394,3.5217652320861816,10711300.0
2016-03-18,3.530771951397131,3.5938213891734194,3.2065172704855973,3.404672861099243,46173800.0
2016-03-21,3.386659018722125,3.584814625876837,3.359637828848118,3.4497084617614746,6156500.0
2016-03-22,3.5217648725888213,3.6028284350695756,3.4587152203584814,3.5848143100738525,5228200.0
2016-03-23,3.386659033851407,3.5577934518966243,3.3236095905303955,3.3236095905303955,9520900.0
2016-03-24,3.3236094002755796,3.413680028435358,3.287581149011668,3.3686447143554688,4772100.0
2016-03-28,3.3686448867467043,3.377651950023621,3.242545786124545,3.350630760192871,3806600.0
2016-03-29,3.395665927439264,3.6568709657430047,3.3776518016766146,3.5938215255737305,8882600.0
2016-03-30,3.467722194649275,3.557793032082104,3.395665696499255,3.4407010078430176,7780300.0
2016-03-31,3.3596375528302427,3.422686990689637,3.2515525874688276,3.278573989868164,5931200.0
2016-04-01,3.143468090078463,3.3686448867467043,3.0173689894563034,3.350630760192871,6651200.0
2016-04-04,3.3236094724865466,3.3236094724865466,3.2245315646128403,3.2335386276245117,3315800.0
2016-04-05,3.386659342289584,3.386659342289584,3.251553165265937,3.3416240215301514,3249200.0
2016-04-06,3.3146028290744916,3.3416240215301514,3.2425461011140504,3.3416240215301514,4060100.0
2016-04-07,3.4316944004916103,3.4857367812681717,3.4226873370288504,3.4677226543426514,4096400.0
2016-04-08,3.4677224676800766,3.5397791862487793,3.4046730268346175,3.5397791862487793,4136500.0
2016-04-11,3.6118362378687423,3.7559492588043213,3.6118362378687423,3.7559492588043213,4813100.0
2016-04-12,3.6928992028021517,3.710913328494235,3.557793260111527,3.6478641033172607,5680300.0
2016-04-13,3.4767295649764347,3.6118359404695384,3.4226871865754513,3.4587154388427734,4141400.0
2016-04-14,3.4136799411702126,3.4497081915131207,3.1885031617817257,3.224531412124634,5822400.0
2016-04-15,3.1794962495544836,3.2965882834515323,3.134460934496127,3.2335386276245117,4633500.0
2016-04-18,3.242545690636183,3.2695670944165185,3.1434679975077984,3.2335386276245117,2632200.0
2016-04-19,3.2785745950123775,3.3506311087229737,3.170489609701133,3.314602851867676,10909500.0
2016-04-20,3.233538680232725,3.278574210769111,2.990347760215671,3.0533974170684814,9429100.0
2016-04-21,3.161482016766073,3.161482016766073,2.972333485163308,3.0443902015686035,4045700.0
2016-04-22,2.9993546367645587,3.053397227096816,2.7111284188888676,2.792191982269287,6749900.0
2016-04-25,2.7741779101472672,2.891269940904418,2.7381496590667025,2.864248752593994,3297000.0
2016-04-26,2.864248752593994,2.873255815364135,2.7381496590667025,2.864248752593994,3422000.0
2016-04-27,2.873255528203233,2.945312023162842,2.819213156983526,2.945312023162842,3388800.0
2016-04-28,3.017368711107231,3.2155242996650797,2.9903475237691577,3.1794960498809814,5065300.0
2016-04-29,3.1975105088642084,3.3055954842550457,3.1975105088642084,3.29658842086792,6672000.0
2016-05-02,3.3506305220313366,3.3686446473047327,3.1885031798254606,3.197510242462158,3945200.0
2016-05-03,3.215524206072672,3.251552454808117,3.0263756854662853,3.0353827476501465,4610600.0
2016-05-04,2.9633263025785834,3.0624042030983136,2.810206028000076,2.8282203674316406,3384800.0
2016-05-05,3.0173683950544157,3.0894251018203747,2.954318964536326,3.062403917312622,4106800.0
2016-05-06,3.1434684170596596,3.341624044509149,3.1164472244181862,3.314602851867676,6659100.0
2016-05-09,3.0894252995980467,3.125453547914826,2.9633262157440186,2.9633262157440186,3592100.0
2016-05-10,2.927298166568191,3.0804184470764127,2.837227539648834,3.017368793487549,3110000.0
2016-05-11,3.0624046761398773,3.143468249749719,2.954319696581416,3.1074399948120117,4713500.0
2016-05-12,3.0624039128738794,3.089425097342467,2.8822624683380127,2.8822624683380127,2997000.0
2016-05-13,2.9543193728354833,3.035382937562061,2.9182911218458933,2.9903476238250732,4547900.0
2016-05-16,3.116446666093899,3.152474916494587,2.9813405123460064,3.0984325408935547,6093000.0
2016-05-17,3.008361634341853,3.1524748475375963,2.9993545719387007,3.080418348312378,3249600.0
2016-05-18,3.0353827997077314,3.170488949528056,2.927298051647716,2.9543192386627197,6482800.0
2016-05-19,2.8552416826141105,3.0624043405495684,2.846234619866713,2.9903476238250732,3444400.0
2016-05-20,2.963326435582881,3.008361749319868,2.8552416826141105,2.9903476238250732,4318200.0
2016-05-23,2.8732554976493967,3.071411071426454,2.8642484358752256,2.999354362487793,3616700.0
2016-05-24,2.9002770983580413,2.945312413678986,2.6931144331363726,2.7021214962005615,7156500.0
2016-05-25,2.6570861249439157,2.8011991309371416,2.6390719991947624,2.7831850051879883,3745500.0
2016-05-26,2.819213490826622,2.8282205537631637,2.7111285208428053,2.7561638355255127,2233600.0
2016-05-27,2.7291424095685075,2.7471565338762627,2.594036477260344,2.6300647258758545,3904100.0
2016-05-31,2.621057891477391,2.7921920872716783,2.6120508285408497,2.7561638355255127,4049000.0
2016-06-01,2.7831847502829588,2.8642485234750352,2.7561635641340327,2.8102059364318848,3524000.0
2016-06-02,2.792191982269287,2.855241635199369,2.7291425440845165,2.792191982269287,3505000.0
2016-06-03,2.9813407035150505,3.1614821818148062,2.9363053876264433,3.152475118637085,7923900.0
2016-06-06,3.1164467439657497,3.2605597491695097,3.0443902413638697,3.215524435043335,4175600.0
2016-06-07,3.152475032785951,3.269567065652897,3.1254538439886526,3.161482095718384,5065100.0
2016-06-08,3.3326161432603385,3.4497079486307487,3.314602019357199,3.3776514530181885,6952300.0
2016-06-09,3.332616510111591,3.431694202485239,3.323609447168532,3.413680076599121,4076300.0
2016-06-10,3.422687149923723,3.4767295277459955,3.2605598017115858,3.287581205368042,3871900.0
2016-06-13,3.4046730096393887,3.4316941984366873,3.0714114663940557,3.161482095718384,6658400.0
2016-06-14,3.2605596996850603,3.278574039807449,3.089425508602843,3.1704890727996826,4434000.0
2016-06-15,3.2065172747121173,3.3416234277275585,3.143467836852723,3.278573989868164,5722400.0
2016-06-16,3.4497081215869287,3.467722246393233,3.0714112859092255,3.080418348312378,9317300.0
2016-06-17,3.143467989043326,3.179496240992998,2.981340640524484,3.134460926055908,23625600.0
2016-06-20,2.9903478683721945,3.152475225829249,2.9813408048882097,3.1164469718933105,3198000.0
2016-06-21,2.945311898764716,2.9993542677018907,2.837227160890367,2.8822624683380127,5277400.0
2016-06-22,2.9453123885748123,3.134460926055908,2.9363053255873948,3.134460926055908,6348100.0
2016-06-23,2.9903476905097404,3.062404408841098,2.963326501664976,3.00836181640625,4379900.0
2016-06-24,3.3506306416138685,3.3776518304883365,3.206517419538051,3.2605597972869873,7236800.0
2016-06-27,3.323610061958534,3.359638320395153,3.0263765003657044,3.1254544258117676,7196800.0
2016-06-28,3.0624044763196347,3.1434680446401226,3.017368945840706,3.0263760089874268,3650600.0
2016-06-29,3.134461081901398,3.278574311610718,3.0894257647251515,3.2425458431243896,5579100.0
2016-06-30,3.2875810466748323,3.3055951717460386,3.17048901896668,3.2515525817871094,3107800.0
2016-07-01,3.3866592329829324,3.530772469507117,3.368645105260577,3.503751277923584,6570500.0
2016-07-05,3.656871211613249,3.719920870766994,3.5938217672048363,3.692899465560913,7112900.0
2016-07-06,3.8820475914452124,3.981125493774105,3.8189979391467137,3.89105486869812,7601000.0
2016-07-07,3.846018960266092,3.927082729546194,3.7469410677560306,3.828004837036133,5070000.0
2016-07-08,3.791977412819771,4.026161065589073,3.7739632856836707,4.017154216766357,5325700.0
2016-07-11,3.936090558714287,4.089210859127224,3.9270837095968285,4.080204010009766,4837400.0
2016-07-12,4.035167550026494,4.071195797210523,3.85502631410635,3.8730404376983643,6299000.0
2016-07-13,3.9631111025968333,4.251337083482762,3.9541038259488532,4.19729471206665,6580600.0
2016-07-14,3.9991397482958746,4.134245905030386,3.927083245901637,4.053182125091553,5414600.0
2016-07-15,3.96311120396384,4.125238322359004,3.9541039270854754,4.062189102172852,5111700.0
2016-07-18,4.026160071647001,4.098216991893309,3.981124979669943,4.0441741943359375,4177700.0
2016-07-19,4.044174847546957,4.0802035282347076,4.017153873894434,4.053182125091553,2848600.0
2016-07-20,3.9450976726852285,3.954104521426812,3.6478643628716654,3.692899465560913,6349900.0
2016-07-21,3.791976164859774,3.9450964098692536,3.7829688895107325,3.9000608921051025,2933400.0
2016-07-22,3.8730407436829233,3.9180758414756065,3.8280052163996214,3.89105486869812,3018800.0
2016-07-25,3.773962665732787,3.8099909140866073,3.6028282713068402,3.629849672317505,3997800.0
2016-07-26,3.737934854575182,3.864033738562327,3.719920728291304,3.8099913597106934,3755500.0
2016-07-27,3.8730410336538754,4.098217827947923,3.7829699723437358,4.035168170928955,5437300.0
2016-07-28,4.04417530195653,4.080203986692519,3.9360905362206084,3.981126070022583,4733600.0
2016-07-29,4.008146267289382,4.161266537051597,3.981125295855224,4.116231441497803,5050200.0
2016-08-01,4.107225395585175,4.332402229309082,4.035168877512041,4.332402229309082,6334100.0
2016-08-02,4.377436535628195,4.3864433831066,4.251337235005676,4.287365913391113,5275000.0
2016-08-03,4.269351736116506,4.269351736116506,4.143252853859523,4.170274257659912,2138200.0
2016-08-04,4.22431609600124,4.314386714675881,4.206301972266312,4.305379867553711,2616000.0
2016-08-05,4.152260030628946,4.161266878682909,3.9991397482958746,4.053182125091553,4137000.0
2016-08-08,3.9901324707512784,4.107224501887231,3.963111497098756,4.053182125091553,3380400.0
2016-08-09,4.080203362468504,4.161266709623349,4.071196085289847,4.098217487335205,2617200.0
2016-08-10,4.23332379228528,4.23332379228528,4.11623217926615,4.188288688659668,3107500.0
2016-08-11,4.188288111668707,4.215309084223451,4.089210210156547,4.098217487335205,3015300.0
2016-08-12,4.152259533764699,4.188287780650635,3.9901319932874033,4.02616024017334,3849200.0
2016-08-15,4.053182471038558,4.098218003624143,3.9811259624941573,4.017154216766357,3208900.0
2016-08-16,3.981124823592654,3.981124823592654,3.8640328159598005,3.882046937942505,3453200.0
2016-08-17,3.918076267479148,3.954104521426812,3.548786449770256,3.692899465560913,8148600.0
2016-08-18,3.755949127617477,3.7739632546052313,3.6388570874517394,3.7199208736419678,3971700.0
2016-08-19,3.6478643628716654,3.7289277195085773,3.629850235897833,3.692899465560913,4706400.0
2016-08-22,3.6118358519330944,3.7019064803935104,3.5938215114956935,3.6478641033172607,4107100.0
2016-08-23,3.6478642721332903,3.7109135002280595,3.6028287410736084,3.6028287410736084,2821400.0
2016-08-24,3.5938216834149457,3.6298501512679398,3.350630760192871,3.350630760192871,4035800.0
2016-08-25,3.4947438713591654,3.6118359048174824,3.3866589008787717,3.5397791862487793,4532200.0
2016-08-26,3.6028286424630527,3.7019065503881667,3.4497083564398703,3.485736608505249,6455200.0
2016-08-29,3.4407013127091126,3.52176509505591,3.4226871865754513,3.4587154388427734,2538100.0
2016-08-30,3.395665961012587,3.4497083388348595,3.251552738741207,3.287581205368042,4671100.0
2016-08-31,3.2965880764246083,3.3596375135467804,3.1704889874349567,3.1794960498809814,5191200.0
2016-09-01,3.2425457573713374,3.5397792723645267,3.1975104413861044,3.5307722091674805,7222900.0
2016-09-02,3.521765004061026,3.620842695236206,3.413680035306421,3.620842695236206,9611900.0
2016-09-06,3.4677225021564517,3.728927545858454,3.4497083760215084,3.7109134197235107,6861900.0
2016-09-07,3.665878686524617,3.6838928144649303,3.440701657780012,3.5487866401672363,5503300.0
2016-09-08,3.512758119546152,3.584814625876837,3.4226872718874675,3.4497084617614746,3017600.0
2016-09-09,3.395666136268959,3.4136802631394576,3.2425458431243896,3.2425458431243896,4813900.0
2016-09-12,3.2335387895655545,3.512758186401784,3.1975105357145135,3.4677226543426514,6358500.0
2016-09-13,3.350630451100756,3.3956657633308787,3.1164466127588093,3.1794960498809814,6363000.0
2016-09-14,3.295097893949428,3.3861228307393327,3.204073174179574,3.222278118133545,3772000.0
2016-09-15,3.204072983118386,3.2677902831577748,3.1039457973422024,3.167663097381592,4114900.0
2016-09-16,3.103945756267246,3.158560584149711,2.976510940854793,3.049330711364746,19382000.0
2016-09-19,3.122150576525639,3.140355518439606,3.05843306280673,3.0766382217407227,2525200.0
2016-09-20,3.049330459268189,3.0766380879718596,3.0038181064621,3.067535400390625,1855500.0
2016-09-21,3.113047760877864,3.4771467758625256,3.113047760877864,3.4316344261169434,6985700.0
2016-09-22,3.38612244733556,3.431634802067215,3.222277753281574,3.2313802242279053,4510300.0
2016-09-23,3.2404828531668306,3.304200369917778,3.1403556678753994,3.18586802482605,3046300.0
2016-09-26,3.2040728850956914,3.2768926543414927,3.1130481735384397,3.1403555870056152,2227000.0
2016-09-27,3.140355714016548,3.176765600112038,3.076638413349441,3.131253242492676,2546100.0
2016-09-28,3.1494579717079034,3.2768925643899434,3.0675355165351386,3.2495851516723633,3098800.0
2016-09-29,3.1403556232895684,3.2586877496812154,3.1130482095068803,3.240482807159424,3447100.0
2016-09-30,3.2768928696035324,3.295097813110882,3.158560736805761,3.1767656803131104,2575800.0
2016-10-03,3.1767656803131104,3.19497062382046,3.122150849791062,3.1767656803131104,1901100.0
2016-10-04,2.9492033146296195,2.9674082559467143,2.8217685083899364,2.8399734497070312,6006600.0
2016-10-05,2.839973319304502,2.894588357768057,2.739846146658001,2.885485887527466,3153500.0
2016-10-06,2.7216414141042833,2.8126661234642825,2.6761290594242837,2.730743885040283,4996300.0
2016-10-07,2.7853587106562827,2.8126661234642825,2.667026588488284,2.730743885040283,5086400.0
2016-10-10,2.6761288384398347,2.721641189361599,2.648821427886776,2.712538719177246,2812600.0
2016-10-11,2.694334215265138,2.721641630241739,2.5942068099975586,2.5942068099975586,3924800.0
2016-10-12,2.6488218307495117,2.703436660162069,2.612411727454433,2.6488218307495117,2697100.0
2016-10-13,2.7125390691685247,2.803563782756716,2.65792424101561,2.7216415405273438,3553800.0
2016-10-14,2.721641458123007,2.767153813539105,2.6670266316236897,2.676129102706909,2236400.0
2016-10-17,2.6943339871553813,2.776256225149421,2.6852315162671547,2.748948812484741,1961100.0
2016-10-18,2.839973742124359,2.94920361829378,2.812666327337014,2.940101146697998,3170800.0
2016-10-19,3.0038182735443115,3.067535571017001,2.9127935628690405,3.0038182735443115,3989900.0
2016-10-20,2.994715632871533,3.0038181034235434,2.903690927351432,2.9127933979034424,3637300.0
2016-10-21,2.9127936515669792,2.9492035369458107,2.8763837661881477,2.8945887088775635,1678900.0
2016-10-24,2.930998937159646,2.9492038819788937,2.74894927194711,2.7671542167663574,2712700.0
2016-10-25,2.8217683661544037,2.9674081063699886,2.8035634257549567,2.903690814971924,3903500.0
2016-10-26,2.9036910975708046,2.92189603974203,2.7853587564378115,2.849076271057129,2573400.0
2016-10-27,2.858178636329913,2.8763835778271716,2.758051241074968,2.8035635948181152,3339900.0
2016-10-28,2.767153600736957,2.885485932738741,2.7125387784376778,2.7944610118865967,3377100.0
2016-10-31,2.812665908582729,2.894588357768057,2.767153557379774,2.885485887527466,2451000.0
2016-11-01,2.976510831576311,3.1130481132897305,2.9492034186376324,3.0402281284332275,3986400.0
2016-11-02,3.076638274243038,3.1949703987031386,2.930998519425961,2.9856133460998535,6022600.0
2016-11-03,2.9947158747792937,3.103945747246824,2.9674084609174196,3.085740804672241,3451600.0
2016-11-04,3.0766384287702335,3.13125325818721,3.0311258539027124,3.1130483150482178,3687900.0
2016-11-07,2.958305636170265,2.9947155169691597,2.8490759937735826,2.903690814971924,3522600.0
2016-11-08,2.8854862683140756,2.9674085112903605,2.7853588654341346,2.8581788539886475,4530100.0
2016-11-09,3.1130480565773793,3.1403554690185818,2.849076185959068,2.958305835723877,7946700.0
2016-11-10,2.9583056453652556,2.9583056453652556,2.667026381048741,2.694333791732788,7470900.0
2016-11-11,2.603309131911076,2.603309131911076,2.2483125406150353,2.3120298385620117,12204700.0
2016-11-14,2.284722675065025,2.5668995281440394,2.2665177308031565,2.4485673904418945,5028400.0
2016-11-15,2.403054844714063,2.5668993304522667,2.357542270544525,2.530489444732666,9199500.0
2016-11-16,2.439464590813447,2.448567061722377,2.3211322519773354,2.3848495483398438,4350500.0
2016-11-17,2.3575422249581153,2.439464683263168,2.211902684895858,2.2756199836730957,7497100.0
2016-11-18,2.202800352575714,2.266517655371692,2.175492937091723,2.2483127117156982,4362300.0
2016-11-21,2.2483126314096205,2.266517574415363,2.1936978023923923,2.2028002738952637,5107800.0
2016-11-22,2.1845953622736243,2.1845953622736243,2.0844679572835605,2.1663904190063477,4250600.0
2016-11-23,2.0480577132980735,2.0753651234329804,1.957033012848383,1.9934428930282593,7641600.0
2016-11-25,2.0480580176387737,2.1208777888195183,2.038955546241181,2.06626296043396,2536300.0
2016-11-28,2.12998025524786,2.2392101287841797,2.093570369742432,2.2392101287841797,5932400.0
2016-11-29,2.093570218399129,2.1572875134275318,2.066262806244099,2.1117751598358154,3193600.0
2016-11-30,2.0662628341058173,2.1117751883112272,2.0389554215825716,2.0753653049468994,3010900.0
2016-12-01,2.0116481172339427,2.1663903468734875,1.993443174572824,2.084467887878418,4116500.0
2016-12-02,2.102672830539537,2.1390827158617745,2.0480580025561803,2.084467887878418,4447100.0
2016-12-05,1.957033012848383,2.0753651234329804,1.9115204456035335,1.9934428930282593,7201900.0
2016-12-06,1.9570333332629029,2.0389555770803116,1.9570333332629029,2.029853105545044,5481000.0
2016-12-07,2.002545580546559,2.1117752329483577,1.9843406384795925,2.0207505226135254,6274900.0
2016-12-08,2.0207504799004075,2.0844677757879815,1.9934430673771617,2.0753653049468994,3354800.0
2016-12-09,1.9843408482713798,2.0116482642588696,1.8933159112930298,1.8933159112930298,6784600.0
2016-12-12,1.9024182791316946,1.957033325136558,1.8660083931418117,1.8751108646392822,5103200.0
2016-12-13,1.8933155055135953,2.0389552432531044,1.8751105654236573,1.9934428930282593,9365200.0
2016-12-14,1.9479307760021953,2.038955487349014,1.8204959630966187,1.8204959630966187,10387200.0
2016-12-15,1.7203687199460718,1.7840861281707492,1.6930613057826465,1.747676134109497,17605700.0
2016-12-16,1.7931884992735154,1.8478033245460022,1.7203686237335205,1.7203686237335205,14151200.0
2016-12-19,1.7749837636947632,1.8295985953112053,1.7476762393765173,1.7749837636947632,6150900.0
2016-12-20,1.7385738670916366,1.8295987001797396,1.7203689221760223,1.7931888103485107,6657300.0
2016-12-21,1.7931885917341055,1.8113935344302865,1.738573655135545,1.756778597831726,4924900.0
2016-12-22,1.7294711867974955,1.8113935375829084,1.7294711867974955,1.7658811807632446,5057000.0
2016-12-23,1.7476762819973997,1.866008528562171,1.7385738098393424,1.8569060564041138,6237500.0
2016-12-27,1.902418358703325,1.9661358788707441,1.8751109430687372,1.9206233024597168,5209900.0
2016-12-28,1.9570333717905022,2.0025457303628302,1.884213381054733,1.984340786933899,5306400.0
2016-12-29,2.020750770669314,2.1572878529320723,2.002545826367613,2.139082908630371,7379100.0
2016-12-30,2.18459535563413,2.2119027704520513,2.002545706494612,2.011648178100586,7537200.0
2017-01-03,2.057160659272716,2.139082908630371,2.038955714971015,2.139082908630371,5534800.0
2017-01-04,2.175492525100708,2.175492525100708,2.084467607038834,2.175492525100708,5781100.0
2017-01-05,2.2938253510835827,2.3484401887236506,2.2301080405035036,2.330235242843628,7502300.0
2017-01-06,2.2392101920754546,2.284722550243646,2.093570428917199,2.1663904190063477,10096700.0
2017-01-09,2.2028002738952637,2.2756200459182345,2.184595330889521,2.2028002738952637,5974100.0
2017-01-10,2.2301076727788174,2.2665175585352,2.1572876842460142,2.2210052013397217,4694300.0
2017-01-11,2.2028001474279235,2.2665174442898803,2.1481851045262195,2.211902618408203,4868800.0
2017-01-12,2.257415102912492,2.2938249889239772,2.1481852278579963,2.2028002738952637,5407900.0
2017-01-13,2.193697880747717,2.2574151835436953,2.148185304587686,2.2483127117156982,2491000.0
2017-01-17,2.330235242843628,2.3484401887236506,2.284722878143571,2.330235242843628,3804300.0
2017-01-18,2.3211324863396734,2.3302349581676705,2.202800352575714,2.2483127117156982,3928200.0
2017-01-19,2.1936975253371975,2.2756197585165907,2.175492584630666,2.2574148178100586,3622000.0
2017-01-20,2.230107406750261,2.3302345806361857,2.1936975253371975,2.2574148178100586,4329500.0
2017-01-23,2.3029273674267294,2.321132309697294,2.257415011750318,2.3120298385620117,3472000.0
2017-01-24,2.312029997974608,2.339337413263279,2.2210052803457043,2.2665176391601562,4657700.0
2017-01-25,2.211902466043729,2.2756197585165907,2.1845950549839315,2.2574148178100586,4161500.0
2017-01-26,2.1390827815332982,2.211902771433439,2.1390827815332982,2.1481852531433105,3430800.0
2017-01-27,2.1572876842460142,2.239210144217913,2.1481852128069185,2.2210052013397217,2140900.0
2017-01-30,2.3029275262117177,2.312029997974608,2.2210052803457043,2.2665176391601562,4027800.0
2017-01-31,2.321132183074951,2.3393371243524004,2.2665173592426036,2.321132183074951,4476600.0
2017-02-01,2.3211322803898735,2.3666446354916304,2.2756199252881166,2.3484396934509277,5710800.0
2017-02-02,2.4576697671763754,2.475874710731604,2.366644832380186,2.421259880065918,4974000.0
2017-02-03,2.4394648236211465,2.4576697671763754,2.3939524647330748,2.421259880065918,3436300.0
2017-02-06,2.5031820003775804,2.566899299621582,2.393952344530721,2.566899299621582,7546900.0
2017-02-07,2.5486944032312193,2.612411703631489,2.4758746313451967,2.512284517288208,9141500.0
2017-02-08,2.5851044995010612,2.6579244943318345,2.5031822494640052,2.548694610595703,12354500.0
2017-02-09,2.548694320169717,2.585104204926137,2.4485671370895634,2.4667720794677734,6686400.0
2017-02-10,2.45766957895421,2.5213868765176812,2.4394646367932182,2.5031819343566895,5552800.0
2017-02-13,2.4758748068346974,2.4940797510965655,2.412157501918158,2.4485673904418945,5813600.0
2017-02-14,2.5031816830492652,2.5486940338825232,2.448566862049356,2.5213866233825684,5686700.0
2017-02-15,2.53048950838549,2.6124117533152926,2.494079621750022,2.5942068099975586,4743600.0
2017-02-16,2.612411330129357,2.721641189361599,2.594206389760651,2.712538719177246,6893600.0
2017-02-17,2.639719318911506,2.694334147490907,2.521386973302766,2.530489444732666,6905300.0
2017-02-21,2.475874185562134,2.5486939443369026,2.4212593664810576,2.475874185562134,5134700.0
2017-02-22,2.4303620133101638,2.4394644838198642,2.3120296796640436,2.3939521312713623,7696400.0
2017-02-23,2.4576693322160073,2.5395915637158715,2.4576693322160073,2.5213866233825684,6594400.0
2017-02-24,2.5486943514914424,2.566899294093379,2.3848496510539827,2.4303622245788574,5434100.0
2017-02-27,2.393952495386283,2.4849772143279467,2.1845954248004085,2.2301077842712402,8097000.0
2017-02-28,2.2847224549269867,2.339337282450333,2.2392100986575314,2.2756199836730957,4373300.0
2017-03-01,2.2028006216834695,2.339337715783639,2.1754932028634357,2.330235242843628,5550300.0
2017-03-02,2.2392098158300158,2.3211320467676972,2.175492525100708,2.175492525100708,6165400.0
2017-03-03,2.129980315451752,2.2301077204418163,2.075365485649922,2.1663904190063477,8373300.0
2017-03-06,2.1026729192219515,2.1026729192219515,1.9661358435049676,1.984340786933899,6005600.0
2017-03-07,1.966135710769271,2.111775248368456,1.9388282974694235,2.0025455951690674,6372900.0
2017-03-08,1.957033012848383,2.0480577132980735,1.947930542803414,1.9934428930282593,5031000.0
2017-03-09,2.0025457922630396,2.0116482642588696,1.87511096730137,1.8933159112930298,5494500.0
2017-03-10,1.9388284052527955,2.0298531213125335,1.9115207734148325,2.011648178100586,4619700.0
2017-03-13,2.011648330773449,2.129980470631857,2.002545858476649,2.102673053741455,6437800.0
2017-03-14,2.1026728778271853,2.1663903955940986,2.0207506340097763,2.029853105545044,5065800.0
2017-03-15,2.065042334075951,2.3428506732934933,2.0465217928469324,2.2965493202209473,8615800.0
2017-03-16,2.3243299127985395,2.3428504522804205,2.194685915643126,2.2224669456481934,6791700.0
2017-03-17,2.1669050939915415,2.2409874722763963,2.074302397113279,2.102083206176758,11073800.0
2017-03-20,2.148384847428215,2.2595083196098553,2.1391245764782676,2.240987777709961,3847300.0
2017-03-21,2.259508185774872,2.3243300785849774,2.250247915373428,2.278028726577759,5788300.0
2017-03-22,2.2780285803539133,2.3058093897750287,2.2224669615116834,2.268768310546875,3389900.0
2017-03-23,2.2965489126790284,2.305809181650225,2.1483843883576554,2.166904926300049,5687600.0
2017-03-24,2.185425645902185,2.278028564093837,2.1576448366793635,2.2224669456481934,3834900.0
2017-03-27,2.333590308556272,2.3521108490382856,2.2780286871102318,2.305809497833252,4257500.0
2017-03-28,2.2965490471387278,2.315069586165472,2.157644783655903,2.203946352005005,4473000.0
2017-03-29,2.213206675907253,2.2595080246119554,2.185425645902185,2.2224669456481934,2654900.0
2017-03-30,2.2039462229670628,2.2132064919382595,2.111343312472869,2.166904926300049,3406600.0
2017-03-31,2.24098750112576,2.3243299293891053,2.2224669615116834,2.268768310546875,6778500.0
2017-04-03,2.287288945962623,2.4261929988861084,2.287288945962623,2.4261929988861084,7970100.0
2017-04-04,2.4539737145052105,2.4539737145052105,2.352110534685595,2.435453176498413,4501200.0
2017-04-05,2.361370961911437,2.5095354966757357,2.361370961911437,2.4910149574279785,6309400.0
2017-04-06,2.47249436378479,2.491014902625091,2.4076722570614986,2.47249436378479,3324100.0
2017-04-07,2.52805592384838,2.5465764622750746,2.389151664865937,2.4539737701416016,5596300.0
2017-04-10,2.407672293505773,2.444713592529297,2.379891484824811,2.444713592529297,3795300.0
2017-04-11,2.500275117450864,2.574357271194458,2.491014848232915,2.574357271194458,6623900.0
2017-04-12,2.5743570669703786,2.5743570669703786,2.4910146506204,2.5465762615203857,3741600.0
2017-04-13,2.500275227051857,2.5650971144190065,2.4447136093085864,2.4910149574279785,6457600.0
2017-04-17,2.5095357475522815,2.5095357475522815,2.3706314685256973,2.4169328212738037,5548900.0
2017-04-18,2.4169323797550932,2.4447134071112586,2.3613707666072115,2.3891515731811523,4988400.0
2017-04-19,2.352110876202455,2.3613711465504075,2.176165518809104,2.231727361679077,8429500.0
2017-04-20,2.2132068209831726,2.2595081727229336,2.1854257891570557,2.231727361679077,4920500.0
2017-04-21,2.231727160545122,2.231727160545122,2.1854255921960197,2.203946352005005,3803100.0
2017-04-24,2.1206040382385254,2.1761656640341074,2.092823225340734,2.1206040382385254,5968900.0
2017-04-25,2.102083625208501,2.11134389674228,2.009480909870708,2.037261724472046,7591500.0
2017-04-26,2.028001227914501,2.0835628509521484,1.9446585725757661,2.0835628509521484,8846400.0
2017-04-27,2.074302513658993,2.074302513658993,1.981699811577802,2.0187408924102783,5323900.0
2017-04-28,2.0280011626183976,2.055781973242755,2.0002203519940402,2.0187408924102783,5042500.0
2017-05-01,1.9909598832222308,2.009480421791367,1.9168775081634521,1.9168775081634521,4551400.0
2017-05-02,1.963178854107049,2.018740690583128,1.9539185848247416,1.990959882736206,5510800.0
2017-05-03,2.0094802942107255,2.0928227124804795,1.9816994881208074,2.028000831604004,7523100.0
2017-05-04,2.000220265265059,2.018740804878252,1.9446584256432327,1.953918695449829,4821200.0
2017-05-05,1.9909600288053915,2.0557819185372797,1.9631789981380454,2.00022029876709,3903000.0
2017-05-08,2.00022029876709,2.018740838690486,1.9631789981380454,2.00022029876709,2521300.0
2017-05-09,1.972439541369683,2.0465217030346357,1.9539187801711875,2.0187408924102783,3415700.0
2017-05-10,2.0187408535758324,2.07430247375571,2.0002203135158734,2.0465216636657715,3511000.0
2017-05-11,2.0465212677024387,2.1113431453704834,2.037260999464147,2.1113431453704834,4686500.0
2017-05-12,2.12986412330546,2.1576449337784838,2.1020833128324363,2.1391243934631348,4680300.0
2017-05-15,2.166904812961041,2.166904812961041,2.0835623965794605,2.129863739013672,3556200.0
2017-05-16,2.102083298659693,2.1483846491358913,2.0650422182787342,2.092823028564453,4201800.0
2017-05-17,2.1946857332136385,2.2039462229670628,2.1298638504152625,2.166904926300049,5786200.0
2017-05-18,2.1946859030550203,2.2039463935250914,2.0928229364889317,2.102083206176758,5260200.0
2017-05-19,2.1483842183236517,2.1761650230385277,2.083562340655607,2.1113431453704834,5301900.0
2017-05-22,2.120603581444066,2.1761651952712455,2.120603581444066,2.166904926300049,4573300.0
2017-05-23,2.166905076642286,2.21320664549295,2.046521571664392,2.055781841278076,5603200.0
2017-05-24,2.037261724472046,2.074302810607163,1.9539190598857434,2.037261724472046,7626700.0
2017-05-25,2.009480568728788,2.009480568728788,1.953918728176347,2.00022029876709,4252600.0
2017-05-26,2.000219975275894,2.0187405122040047,1.9631786806374572,1.972439169883728,3634100.0
2017-05-30,1.9261378425218207,1.9353981121192432,1.8705762249372857,1.8983570337295532,4540800.0
2017-05-31,1.879836598366893,1.879836598366893,1.8150147076045187,1.8520557880401611,5342100.0
2017-06-01,1.777973266240554,1.8150144518477882,1.7501924598284622,1.7687129974365234,5623800.0
2017-06-02,1.7687131708649377,1.81501462981622,1.740932361728842,1.7872337102890015,4577200.0
2017-06-05,1.7964939142397272,1.7964939142397272,1.7316719222204011,1.7687129974365234,3731800.0
2017-06-06,1.8057543025646001,1.9261378049850464,1.8057543025646001,1.9261378049850464,7420700.0
2017-06-07,1.879836598366893,1.8983571385847142,1.8242749777134293,1.8520557880401611,5521100.0
2017-06-08,1.8150146661143378,1.824274936011564,1.777973476134308,1.7964941263198853,4143200.0
2017-06-09,1.759452829077892,1.777973367743272,1.7131514824144414,1.7224117517471313,5588500.0
2017-06-12,1.7409322812562456,1.7872336276761784,1.7316720119722588,1.7594528198242188,3799900.0
2017-06-13,1.7224116534163705,1.7872335350445847,1.7224116534163705,1.7687129974365234,3676000.0
2017-06-14,1.8057542270449585,1.815014496074636,1.6298088946988556,1.666849970817566,9081600.0
2017-06-15,1.666849970817566,1.6853706192680356,1.620548625669178,1.666849970817566,4153700.0
2017-06-16,1.666849987217595,1.6761102563383836,1.5557266473770142,1.5557266473770142,29706800.0
2017-06-19,1.564987119493318,1.6112884678370343,1.527945930427223,1.5464664697647095,6969400.0
2017-06-20,1.5279459524228338,1.5372062222248837,1.4631240638084848,1.4723843336105347,5815500.0
2017-06-21,1.4909049799667005,1.518685791362017,1.481644709501595,1.5094255208969116,3478100.0
2017-06-22,1.5372064274376884,1.5372064274376884,1.4723845301697955,1.500165343284607,5255300.0
2017-06-23,1.5372060554398053,1.5742472410202026,1.527945786642484,1.5742472410202026,4186200.0
2017-06-26,1.5186854906500113,1.5835074814616035,1.5094252220185138,1.5649869441986084,1814500.0
2017-06-27,1.564987119493318,1.5835076588308046,1.5372062000959663,1.5464664697647095,2381100.0
2017-06-28,1.537206145461139,1.5557266841403752,1.5001650681026668,1.527945876121521,1512700.0
2017-06-29,1.4723845301697955,1.527946156399418,1.4723845301697955,1.500165343284607,2562000.0
2017-06-30,1.518685606781903,1.5742473332107296,1.5001650681026668,1.527945876121521,4282000.0
2017-07-03,1.4631238828646338,1.5094252261488175,1.4446032351598503,1.490904688835144,2549300.0
2017-07-05,1.490904888812425,1.5372062383070773,1.4631240791156337,1.5186856985092163,3291300.0
2017-07-06,1.5279459684081467,1.5372062383070773,1.490904888812425,1.5186856985092163,3786500.0
2017-07-07,1.4909048732146344,1.5001651430166842,1.4631240638084848,1.4723843336105347,2423700.0
2017-07-10,1.4631239034374701,1.5372060537338257,1.4631239034374701,1.5372060537338257,3360800.0
2017-07-11,1.5001649533870165,1.5649869441986084,1.5001649533870165,1.5649869441986084,2825900.0
2017-07-12,1.5927680072625348,1.6205488176425362,1.5835077371358677,1.6112885475158691,3539800.0
2017-07-13,1.5835075651304962,1.5927678342512848,1.527945840014648,1.5557266473770142,2564500.0
2017-07-14,1.6112883729097607,1.6205486420329454,1.5742472964170218,1.5927678346633911,2163700.0
2017-07-17,1.620548963546753,1.6298092345071578,1.6020284216259435,1.620548963546753,1849100.0
2017-07-18,1.648329723210723,1.6575899938721548,1.5927680992421327,1.6020283699035645,1731900.0
2017-07-19,1.6112886925863483,1.6298092345071578,1.5742476087447292,1.620548963546753,1496500.0
2017-07-20,1.5927678346633911,1.6205486420329454,1.5742472964170218,1.5927678346633911,2328800.0
2017-07-21,1.6298090877692033,1.6390693578958704,1.5927680072625348,1.6112885475158691,1764100.0
2017-07-24,1.6112884678370343,1.6112884678370343,1.5372062000959663,1.5464664697647095,2527500.0
2017-07-25,1.5372060279130062,1.574247212830106,1.5372060279130062,1.5649869441986084,1701500.0
2017-07-26,1.5742476087447292,1.6390695054675624,1.5557269564327825,1.620548963546753,2780000.0
2017-07-27,1.6205486136866205,1.6298088826478263,1.5835075378417969,1.5835075378417969,2460700.0
2017-07-28,1.6020282391488627,1.6390693187713623,1.6020282391488627,1.6390693187713623,1867600.0
2017-07-31,1.6575898471647732,1.6946310369232502,1.6575898471647732,1.6761103868484497,1897300.0
2017-08-01,1.6761103038953908,1.7038912224371128,1.6668500345118564,1.685370683670044,1814400.0
2017-08-02,1.6390693187713623,1.6575898585826123,1.6020282391488627,1.6390693187713623,2920800.0
2017-08-03,1.6298090877692033,1.6483296280225377,1.5927680072625348,1.6112885475158691,2133800.0
2017-08-04,1.6020283699035645,1.620548911226428,1.583507828580701,1.6020283699035645,3420000.0
2017-08-07,1.5927679284995477,1.5927679284995477,1.527945930427223,1.5464664697647095,2344900.0
2017-08-08,1.5742475579192692,1.620548911226428,1.5649872872578374,1.6020283699035645,2115600.0
2017-08-09,1.6205487150437066,1.6853707122175479,1.6205487150437066,1.6575897932052612,3023300.0
2017-08-10,1.6946309530535784,1.6946309530535784,1.657589765128322,1.685370683670044,3599700.0
2017-08-11,1.7038912130817512,1.7409322904125115,1.685370674416371,1.7224117517471313,3492900.0
2017-08-14,1.7131515884074868,1.7131515884074868,1.6205487789601125,1.6390693187713623,3291700.0
2017-08-15,1.620548963546753,1.6390695054675624,1.592768150665539,1.620548963546753,2494300.0
2017-08-16,1.6205486420329454,1.6390691802793147,1.5835075655402064,1.5927678346633911,3981000.0
2017-08-17,1.6390694640756935,1.6761105469819038,1.6205489226225882,1.648329734802246,2860200.0
2017-08-18,1.7687133700059203,1.796494292661017,1.694631203968689,1.7316722869873047,5906900.0
2017-08-21,1.7594529119809355,1.787233721288,1.7316721026738708,1.750192642211914,2437800.0
2017-08-22,1.7501926559742793,1.7687131956579556,1.6668501170066115,1.6761103868484497,2799100.0
2017-08-23,1.703891304306351,1.7316721137917777,1.6946310344778757,1.7131515741348267,2751300.0
2017-08-24,1.7224117890920454,1.7316720586255143,1.6853707109581693,1.6946309804916382,1546800.0
2017-08-25,1.7224116953867457,1.7409322334461008,1.6575897017878882,1.666849970817566,3857900.0
2017-08-28,1.7038912668898198,1.7594528846405697,1.7038912668898198,1.7409323453903198,4576500.0
2017-08-29,1.8242750431651098,1.8613161249297192,1.7964942318416528,1.8335353136062622,6474700.0
2017-08-30,1.805754476170185,1.8335352870919095,1.7779735548573303,1.824275016784668,2117000.0
2017-08-31,1.8242749029849403,1.916877600280726,1.8057543635257833,1.9076173305511475,3479200.0
2017-09-01,1.9261379088778625,1.9353981787943042,1.8613160194627711,1.8798365592956543,2921000.0
2017-09-05,1.9353978696792133,2.0280007748356623,1.92613760124179,2.0094802379608154,5490300.0
2017-09-06,2.000220152506799,2.000220152506799,1.898356969594316,1.9168775081634521,3622100.0
2017-09-07,1.953918695449829,1.9724394558452694,1.9261378860300398,1.953918695449829,3316400.0
2017-09-08,1.963178854586292,1.972439344653095,1.87983643102518,1.9168775081634521,3002200.0
2017-09-11,1.8520557495463295,1.916877638961421,1.8427954796298878,1.8798365592956543,5388200.0
2017-09-12,1.8613160194627711,1.9076173690449794,1.8427954796298878,1.8798365592956543,3286300.0
2017-09-13,1.879836532257308,1.898357071823804,1.8520557229075643,1.87057626247406,3210000.0
2017-09-14,1.8427953802324297,1.9446583438189613,1.8335351108154723,1.9261378049850464,3472200.0
2017-09-15,1.9261383295454797,1.9817001819610596,1.9168780576065994,1.9817001819610596,12023100.0
2017-09-18,1.898357111066624,1.9076173810413,1.833535221243891,1.842795491218567,4523000.0
2017-09-19,1.833535221243891,1.8890968410919478,1.8242749512692147,1.842795491218567,2835600.0
2017-09-20,1.8427954502932522,1.8520557200622738,1.7409323724428925,1.750192642211914,4221000.0
2017-09-21,1.7224117612041816,1.7409322999712504,1.685370683670044,1.685370683670044,3570000.0
2017-09-22,1.7131514824144414,1.759452829077892,1.7038912130817512,1.7224117517471313,2233700.0
2017-09-25,1.7316722667866045,1.824275083644027,1.7131517254933468,1.805754542350769,2493400.0
2017-09-26,1.759452923277204,1.777973462934155,1.7131515741348267,1.7131515741348267,2616200.0
2017-09-27,1.657589765128322,1.7131514918206472,1.6483294957447876,1.685370683670044,2686300.0
2017-09-28,1.6668500345118564,1.7038912224371128,1.6668500345118564,1.685370683670044,1576500.0
2017-09-29,1.7038912500251073,1.7224117890920454,1.6761103310335796,1.6946309804916382,1740400.0
2017-10-02,1.6575897017878882,1.6853706192680356,1.6575897017878882,1.666849970817566,1936900.0
2017-10-03,1.6668503214305705,1.731672328664389,1.6668503214305705,1.7038915157318115,2045600.0
2017-10-04,1.7409325996419147,1.7409325996419147,1.6946312447542857,1.7038915157318115,2049300.0
2017-10-05,1.6946309804916382,1.7131515195585763,1.6853707109581693,1.6946309804916382,1364200.0
2017-10-06,1.6761103736686187,1.7594529119809355,1.6575898341305757,1.750192642211914,3262900.0
2017-10-09,1.7501924874082517,1.7779732942581177,1.722411680558386,1.7779732942581177,1957400.0
2017-10-10,1.777973358392192,1.777973358392192,1.7409322812562456,1.7594528198242188,1869700.0
2017-10-11,1.7594528198242188,1.7687130891082052,1.7131514734042856,1.7594528198242188,2542500.0
2017-10-12,1.822391264597303,1.822391264597303,1.7566348314285278,1.7566348314285278,3458400.0
2017-10-13,1.766028642654419,1.766028642654419,1.7378473613312666,1.766028642654419,2707500.0
2017-10-16,1.756634753790716,1.7660285135450153,1.6908783235281712,1.7002720832824707,3415700.0
2017-10-17,1.6908783398851492,1.7002720997303207,1.653303300504464,1.681484580039978,2990800.0
2017-10-18,1.6533033847808838,1.6814846657529263,1.6533033847808838,1.6533033847808838,4428900.0
2017-10-19,1.606334463871053,1.6439095023767087,1.5781530730093634,1.587546944618225,4609400.0
2017-10-20,1.5593655109405518,1.5687592703090383,1.549971751572065,1.5593655109405518,2834300.0
2017-10-23,1.549972025968629,1.5593657870001234,1.512396981842651,1.5217907428741455,4155700.0
2017-10-24,1.549972025968629,1.5687595480316179,1.512396981842651,1.5217907428741455,3793900.0
2017-10-25,1.5969406603969427,1.6063344197654292,1.5405779922035785,1.5593655109405518,4129200.0
2017-10-26,1.6345156735496649,1.6345156735496649,1.5687592469662548,1.5969406366348267,4845300.0
2017-10-27,1.615728293455553,1.662697093621286,1.6063345334224064,1.6439095735549927,2854900.0
2017-10-30,1.662697009257571,1.6814845283706028,1.6439094901445395,1.672090768814087,1613000.0
2017-10-31,1.6626971108340756,1.6626971108340756,1.606334550051712,1.6251220703125,1990000.0
2017-11-01,1.6626971108740107,1.7096660235095622,1.634515830482152,1.6908783912658691,4057700.0
2017-11-02,1.6908783235281712,1.7096659550192195,1.6439095247566746,1.7002720832824707,3511700.0
2017-11-03,1.6814845966736793,1.6908783566117764,1.6439095569212916,1.6626970767974854,1977900.0
2017-11-06,1.6626971997574749,1.737847396802219,1.6626971997574749,1.7284536361694336,2547500.0
2017-11-07,1.6908784260769405,1.7002721864009547,1.6439096244568696,1.6533033847808838,2716900.0
2017-11-08,1.690878499480853,1.7284536543905675,1.690878499480853,1.709666132926941,2430800.0
2017-11-09,1.7096660645872217,1.7284535852998633,1.681484671535803,1.7190598249435425,2961600.0
2017-11-10,1.737847345656184,1.7566348663688254,1.7096660645872217,1.7190598249435425,2113700.0
2017-11-13,1.7190597836401817,1.7378473039014208,1.6814846311352496,1.6908783912658691,1591200.0
2017-11-14,1.6626971108740107,1.7190597836401817,1.6533033507433912,1.6908783912658691,1753800.0
2017-11-15,1.7378474151223808,1.7378474151223808,1.6814847387490397,1.709666132926941,1752400.0
2017-11-16,1.7190598249435425,1.7190598249435425,1.7002721922484445,1.7190598249435425,922000.0
2017-11-17,1.7190598249435425,1.737847345656184,1.6908784318921237,1.7190598249435425,3374700.0
2017-11-20,1.6533032497010551,1.6908782879271187,1.6345157305880236,1.672090768814087,2666200.0
2017-11-21,1.6533033847808838,1.6908784260769405,1.6533033847808838,1.6533033847808838,1371500.0
2017-11-22,1.6720908040195728,1.7096659550192195,1.6626970442652733,1.7002720832824707,2054200.0
2017-11-24,1.7002720997303207,1.7096659715579425,1.6626970603496352,1.681484580039978,844600.0
2017-11-27,1.690878348850319,1.7472410202026367,1.6720908290603633,1.7472410202026367,2752900.0
2017-11-28,1.6814847387490397,1.7190598936587542,1.6720909780172264,1.709666132926941,2190600.0
2017-11-29,1.6720909780172264,1.7284536543905675,1.662697217285413,1.709666132926941,2755300.0
2017-11-30,1.737847396802219,1.775422439333361,1.719059875536648,1.7284536361694336,3734100.0
2017-12-01,1.7190598249435425,1.7660286267251462,1.7096660645872217,1.7190598249435425,1768500.0
2017-12-04,1.7096660645872217,1.737847345656184,1.7002721922484445,1.7190598249435425,1653100.0
2017-12-05,1.672090768814087,1.6814845283706028,1.6533032497010551,1.672090768814087,2074400.0
2017-12-06,1.5875469535069107,1.60633447286493,1.5593655624874332,1.5687593221664429,4166200.0
2017-12-07,1.5405779770780141,1.5875468854417458,1.5311842178017565,1.5781530141830444,1749500.0
2017-12-08,1.6814846310948635,1.6908783912252572,1.615728310182106,1.6251220703125,1930300.0
2017-12-11,1.596940704244639,1.6439095023767087,1.587546944618225,1.587546944618225,1744700.0
2017-12-12,1.568759338477309,1.596940729789797,1.5405780591472709,1.5499718189239502,2414000.0
2017-12-13,1.5499719257395206,1.6720909232345746,1.5499719257395206,1.6345158815383911,2990600.0
2017-12-14,1.6439096244568696,1.662697145104898,1.615728343484827,1.6533033847808838,1433700.0
2017-12-15,1.6439095906127716,1.7096660235095622,1.6439095906127716,1.6908783912658691,5584100.0
2017-12-18,1.7096659715579425,1.7660285306289705,1.6720908201948066,1.681484580039978,2843200.0
2017-12-19,1.5969407394199542,1.6251220189199362,1.5969407394199542,1.6157282590866089,1972200.0
2017-12-20,1.662697009257571,1.6814845283706028,1.6439094901445395,1.672090768814087,2288800.0
2017-12-21,1.6720908040195728,1.7096659550192195,1.653303284510974,1.7002720832824707,1984100.0
2017-12-22,1.737847396802219,1.75663491806779,1.700272242288617,1.7284536361694336,1886200.0
2017-12-26,1.7472412083015862,1.7660287301141093,1.7284536864890634,1.7378474473953247,1874200.0
2017-12-27,1.7472411217723174,1.766028642654419,1.7190598404491648,1.766028642654419,1497100.0
2017-12-28,1.7660287301141093,1.7754224910203709,1.7190599255828019,1.7378474473953247,1833900.0
2017-12-29,1.7378473110895791,1.7754223517674765,1.7190597907506302,1.7566348314285278,2247300.0
2018-01-02,1.7754222669668278,1.8036035461292104,1.7660285072460338,1.784816026687622,2366600.0
2018-01-03,1.8036035461292104,1.8129973058500044,1.7378472280836512,1.784816026687622,3235300.0
2018-01-04,1.7848162145900635,1.8036037360095702,1.7378474110412963,1.77542245388031,2904300.0
2018-01-05,1.7566349692078478,1.7660287301141093,1.7190599255828019,1.7378474473953247,1569600.0
2018-01-08,1.756634860327496,1.756634860327496,1.6533033847808838,1.6533033847808838,3304100.0
2018-01-09,1.6533033847808838,1.6814846657529263,1.6251221038088413,1.6533033847808838,2419300.0
2018-01-10,1.6908783912658691,1.7096660235095622,1.67209087100463,1.6908783912658691,1936800.0
2018-01-11,1.6908782879271187,1.7002720474836346,1.672090768814087,1.672090768814087,1632100.0
2018-01-12,1.7002721922484445,1.7284535852998633,1.6908784318921237,1.7190598249435425,2428100.0
2018-01-16,1.6814845966736793,1.7002721165498733,1.6251220370450976,1.6626970767974854,6578700.0
2018-01-17,1.662697093621286,1.6908783737207258,1.6345158135218463,1.6439095735549927,2821000.0
2018-01-18,1.6345157427502948,1.6533032620031227,1.5781530730093634,1.587546944618225,6390800.0
2018-01-19,1.6251220703125,1.6533033507036816,1.606334550051712,1.6251220703125,3148500.0
2018-01-22,1.6626971284495033,1.6720908886794192,1.5969408068400914,1.6063345670700073,3155700.0
2018-01-23,1.5969407733892598,1.662697093621286,1.5969407733892598,1.6439095735549927,4231300.0
2018-01-24,1.6720908367355825,1.6814845966736793,1.6439095569212916,1.6626970767974854,3510600.0
2018-01-25,1.6908783912252572,1.6908783912252572,1.615728310182106,1.6251220703125,8006200.0
2018-01-26,1.6626971108340756,1.6720908709644695,1.615728310182106,1.6251220703125,2258000.0
2018-01-29,1.6157281632705187,1.6345156818230338,1.5687592549067868,1.5781530141830444,3936700.0
2018-01-30,1.5687593221664429,1.5969407131859203,1.5311842834504044,1.5687593221664429,9110700.0
2018-01-31,1.6063345171689036,1.6814845966736793,1.5875469972927096,1.6626970767974854,7850300.0
2018-02-01,1.6251220703125,1.6533033507036816,1.606334550051712,1.6251220703125,3858600.0
2018-02-02,1.5969407131859203,1.60633447286493,1.5499718028084235,1.5687593221664429,5816400.0
2018-02-05,1.5593656212742206,1.6814846136875792,1.5405781012079274,1.6439095735549927,5499500.0
2018-02-06,1.6063345670700073,1.6720908886794192,1.5875470466101753,1.6063345670700073,7455600.0
2018-02-07,1.5499718937080562,1.6345158477597552,1.5499718937080562,1.6063345670700073,5902600.0
2018-02-08,1.5781531077708493,1.6345157787532636,1.568759347937522,1.6157282590866089,8545200.0
2018-02-09,1.6814846489093354,1.6814846489093354,1.559365653937972,1.6063345670700073,6852900.0
2018-02-12,1.615728349041558,1.7660286267251462,1.615728349041558,1.7190598249435425,9486900.0
2018-02-13,1.690878348850319,1.7566347800976145,1.6533033092704077,1.7472410202026367,5805200.0
2018-02-14,1.8223912706859005,1.9632976736987837,1.8036036383017278,1.9539039134979248,11937400.0
2018-02-15,1.9726912818202764,2.010266543691857,1.8975412060068997,1.9914788007736206,6877000.0
2018-02-16,1.9914788007736206,2.0478415815985453,1.9257224844369158,1.9914788007736206,9226500.0
2018-02-20,1.925722649971276,1.9726914513920562,1.906935129402964,1.9351164102554321,5079700.0
2018-02-21,1.9351162236842725,2.0478415601908218,1.9257224643058009,1.9445099830627441,5746600.0
2018-02-22,1.9539037628669322,2.010266543691857,1.935116243913588,1.9914788007736206,5748600.0
2018-02-23,1.9445100695714679,2.0102666121110824,1.906935030385917,1.982085108757019,6100900.0
2018-02-26,1.9820853740711264,2.038448164358853,1.972691613017327,2.0290544033050537,5024300.0
2018-02-27,1.991478575944869,2.0102663167420562,1.9257222670317486,1.9726910591125488,6535700.0
2018-02-28,1.935116393096207,1.9914789543013605,1.9163288726944894,1.9539039134979248,5928500.0
2018-03-01,1.9445103298559285,2.057235686466452,1.9163290466945302,2.0290544033050537,5012100.0
2018-03-02,2.076022789393638,2.0854165485506955,2.000872716137179,2.019660234451294,7601800.0
2018-03-05,2.0008727227132836,2.104204073780525,2.0008727227132836,2.085416555404663,6965800.0
2018-03-06,2.104204448165535,2.1605670133212818,2.085416926446953,2.132385730743408,7527700.0
2018-03-07,2.094810874562907,2.132385921358932,1.9914792719088927,2.0102670192718506,10689800.0
2018-03-08,2.0102667109059293,2.207535676324884,1.9726914459088365,2.1511731147766113,9677400.0
2018-03-09,2.132385489961512,2.141779249760091,2.038447891975723,2.06662917137146,10565900.0
2018-03-12,2.0384480249989188,2.1417793895263912,2.0384480249989188,2.113598108291626,7174900.0
2018-03-13,2.1135979703643546,2.1135979703643546,2.057235411572881,2.06662917137146,4754200.0
2018-03-14,2.0760233511648947,2.0854171128639005,1.9820855102098864,2.0102670192718506,7201200.0
2018-03-15,2.1417792856191196,2.1793543254425405,2.057235446016423,2.0948104858398438,7395400.0
2018-03-16,2.0666291689304757,2.0666291689304757,1.963297587303257,2.000872850418091,11953200.0
2018-03-19,1.9914787395604672,2.1323853513443183,1.972691221184605,2.085416555404663,5364200.0
2018-03-20,2.038448091256564,2.12299193770887,2.038448091256564,2.1042044162750244,6383000.0
2018-03-21,2.113598108291626,2.15117314993798,2.0854168270568607,2.113598108291626,3417900.0
2018-03-22,2.1229919649954967,2.1981420516967773,2.1229919649954967,2.1981420516967773,4198100.0
2018-03-23,2.216929643079263,2.2357173893102535,2.1699608374141177,2.188748359680176,8590300.0
2018-03-26,2.169960646283516,2.376623596972172,2.1605668859778917,2.348442316055298,9117300.0
2018-03-27,2.2826858941286265,2.3484422133934713,2.1981418311089245,2.3296546936035156,6516700.0
2018-03-28,2.216929415985562,2.301473481487388,2.1793543753024878,2.254504680633545,5325600.0
2018-03-29,2.2263232437401634,2.292079790896604,2.207535722828299,2.2451109886169434,3115000.0
2018-04-02,2.263898374338671,2.357835973288449,2.235717094653738,2.3296546936035156,4497800.0
2018-04-03,2.292079652314061,2.3014734122020326,2.254504612762175,2.2638983726501465,2910300.0
2018-04-04,2.2826860895852166,2.3014736109838667,2.1511732158297434,2.1699607372283936,4115500.0
2018-04-05,2.1323856593549406,2.207535743713379,2.1323856593549406,2.207535743713379,1975200.0
2018-04-06,2.2826857566833496,2.2826857566833496,2.25450447869527,2.2826857566833496,3046000.0
2018-04-09,2.2826861232006426,2.2826861232006426,2.188748290859117,2.1981420516967773,3607800.0
2018-04-10,2.1511731147766113,2.1793543955507477,2.1511731147766113,2.1511731147766113,2354300.0
2018-04-11,2.1511732158297434,2.2075357800256943,2.122991933731768,2.1699607372283936,8646800.0
2018-04-12,2.10420420808041,2.1135979678678933,1.9820851068782241,2.000872850418091,6414000.0
2018-04-13,2.0196605113587167,2.0478417926937094,1.9351164433888233,1.963297724723816,4743200.0
2018-04-16,1.9539039139663315,1.9820851945756641,1.8505725517321123,1.8881475925445557,6179600.0
2018-04-17,1.888147558172489,1.9069350782367003,1.8505725180440662,1.8599662780761719,3767900.0
2018-04-18,1.8787537981403832,1.916328838268806,1.8411787580119605,1.8599662780761719,4538400.0
2018-04-19,1.9163288211106533,1.9257225810586505,1.8411787415266758,1.8787537813186646,4069100.0
2018-04-20,1.8411788256822086,1.8693601068142938,1.8223913049274851,1.8505725860595703,3793200.0
2018-04-23,1.8223912130421835,1.8599662526570901,1.8036035812522793,1.8129973411560059,2578100.0
2018-04-24,1.8129973994032063,1.8505725522077623,1.8129973994032063,1.8223912715911865,1979600.0
2018-04-25,1.9069351483237407,1.9069351483237407,1.8317850653048469,1.8505725860595703,2965400.0
2018-04-26,1.9257224798202515,1.9632975176368588,1.8881474420036444,1.9257224798202515,7350600.0
2018-04-27,1.9257224643058009,1.9445099830627441,1.8975411861703861,1.9445099830627441,1986700.0
2018-04-30,1.9163288559056089,1.9445101362612904,1.8975413356684878,1.9069350957870483,2484500.0
2018-05-01,1.9069350444267115,1.92572256415782,1.831784965502278,1.8975412845611572,2676800.0
2018-05-02,1.906934960911948,1.9820850365451623,1.8975412014577961,1.9257224798202515,5931700.0
2018-05-03,1.9445099830627441,1.9820850205766307,1.9257224643058009,1.9445099830627441,3011100.0
2018-05-04,1.9257226160241694,1.93511637614273,1.8787538154313668,1.9069350957870483,1924800.0
2018-05-07,1.9069350782367003,1.9257225983009116,1.8505725180440662,1.8599662780761719,2099300.0
2018-05-08,1.859966210402454,1.9069350088540518,1.8411786910218146,1.8693599700927734,3143400.0
2018-05-09,1.8505724927533636,1.8505724927533636,1.7942098213485524,1.8129973411560059,7821800.0
2018-05-10,1.7942098213485524,1.8223912130421835,1.7660285416373727,1.8129973411560059,3145000.0
2018-05-11,1.8036036491394043,1.850572562408385,1.7848161286247943,1.8036036491394043,2401000.0
2018-05-14,1.8223911775532475,1.8223911775532475,1.7754222669668278,1.784816026687622,1918700.0
2018-05-15,1.7660287301141093,1.7754224910203709,1.7284536864890634,1.7378474473953247,2752000.0
2018-05-16,1.7190596785791135,1.7284534381356293,1.662697009257571,1.672090768814087,3588300.0
2018-05-17,1.6626971108740107,1.7096660235095622,1.6626971108740107,1.6908783912658691,1755600.0
2018-05-18,1.6533032497010551,1.7096659190225976,1.6439094901445395,1.672090768814087,3769700.0
2018-05-21,1.6533033335881393,1.6720908536544326,1.6439095735549927,1.6439095735549927,2226100.0
2018-05-22,1.6533033335881393,1.6720908536544326,1.6345158135218463,1.6439095735549927,3544600.0
2018-05-23,1.6345158135218463,1.662697093621286,1.6251220534886996,1.6439095735549927,1510300.0
2018-05-24,1.653303300504464,1.6908783398851492,1.6439095406592925,1.681484580039978,2262600.0
2018-05-25,1.653303300504464,1.681484580039978,1.653303300504464,1.681484580039978,2237900.0
2018-05-29,1.5969407394199542,1.6626970582532457,1.5969407394199542,1.6157282590866089,5423900.0
2018-05-30,1.6251219143209552,1.6345156735496649,1.5969406366348267,1.5969406366348267,2825000.0
2018-05-31,1.606334395863536,1.6251219143209552,1.5969406366348267,1.5969406366348267,1783600.0
2018-06-01,1.5969408068400914,1.6439096079896713,1.5969408068400914,1.6063345670700073,2320000.0
2018-06-04,1.6157281550922458,1.6251219143209552,1.587546877406117,1.5969406366348267,1588000.0
2018-06-05,1.578153045549919,1.62512195484719,1.503002969846199,1.540578007698059,8768300.0
2018-06-06,1.503003020040553,1.5781530982539884,1.4936092602638738,1.5499718189239502,9127700.0
2018-06-07,1.5311842273259348,1.540577986660623,1.4842154306524946,1.4936091899871826,8675200.0
2018-06-08,1.5030028820037842,1.521790399831685,1.4936091230898338,1.5030028820037842,6491300.0
2018-06-11,1.4842154306524946,1.5030029493218706,1.465427800000674,1.4936091899871826,8563200.0
2018-06-12,1.4654278664666287,1.5123967772528357,1.4654278664666287,1.484215497970581,4923300.0
2018-06-13,1.4748219377166731,1.5405782649371345,1.4654280647027138,1.5217907428741455,9432200.0
2018-06-14,1.4936092669575836,1.521790546413918,1.4654278755187988,1.4654278755187988,5838700.0
2018-06-15,1.4936092577313327,1.5123967772528357,1.4278528274236226,1.484215497970581,12894200.0
2018-06-18,1.4842155071388055,1.4936092669575836,1.4466403558812424,1.4654278755187988,5576300.0
2018-06-19,1.4842153641758833,1.5123966409177347,1.474821605261933,1.5030028820037842,3391600.0
2018-06-20,1.5123967086565588,1.549971745995311,1.4936091899871826,1.4936091899871826,5707500.0
2018-06-21,1.5030030360512197,1.5781531150651875,1.4748217564209816,1.5311843156814575,6407300.0
2018-06-22,1.5311841587456356,1.540577917659586,1.5030028820037842,1.5030028820037842,1619800.0
2018-06-25,1.5030028155219464,1.5217903325188251,1.4842152985250678,1.5123965740203857,3029000.0
2018-06-26,1.4748215745021116,1.4842153332201398,1.4278526689295334,1.4560339450836182,4235400.0
2018-06-27,1.4278526689295334,1.4748215745021116,1.4278526689295334,1.4560339450836182,4813400.0
2018-06-28,1.456034149137321,1.456034149137321,1.4278528690338135,1.4278528690338135,3282000.0
2018-06-29,1.4466403558812424,1.4748217473200274,1.4466403558812424,1.4654278755187988,2562000.0
2018-07-02,1.53118450390564,1.549972025968629,1.493609459779662,1.5217907428741455,4556000.0
2018-07-03,1.5499718189239502,1.5875469700131177,1.521790539593912,1.5499718189239502,2990300.0
2018-07-05,1.5687592703090383,1.5875469010284562,1.5405779922035785,1.5593655109405518,2390600.0
2018-07-06,1.559365653937972,1.6157283272999232,1.5499718937080562,1.6063345670700073,3694400.0
2018-07-09,1.653303216607862,1.653303216607862,1.5593655109405518,1.5593655109405518,5626300.0
2018-07-10,1.5781530730093634,1.596940704244639,1.5687593133829494,1.587546944618225,1658200.0
2018-07-11,1.5781530296775248,1.6063344197654292,1.549971751572065,1.5593655109405518,1987200.0
2018-07-12,1.5687593551884416,1.5781531150651875,1.5311843156814575,1.5311843156814575,1528500.0
2018-07-13,1.5030028155219464,1.5405778495157039,1.5030028155219464,1.5123965740203857,2654900.0
2018-07-16,1.5123965740203857,1.5405778495157039,1.493609057023507,1.5123965740203857,1845600.0
2018-07-17,1.493609057023507,1.5405778495157039,1.493609057023507,1.5123965740203857,3005300.0
2018-07-18,1.493609459779662,1.5405782649371345,1.493609459779662,1.5217907428741455,1730800.0
2018-07-19,1.4842152985250678,1.5405778495157039,1.4654276695457544,1.5123965740203857,2644400.0
2018-07-20,1.53118450390564,1.549972025968629,1.493609459779662,1.5217907428741455,1927500.0
2018-07-23,1.521790539593912,1.5593655787006298,1.521790539593912,1.5499718189239502,1685400.0
2018-07-24,1.5781530296775248,1.5969406603969427,1.549971751572065,1.5593655109405518,2044100.0
2018-07-25,1.5781531077708493,1.6157282590866089,1.568759347937522,1.6157282590866089,3013400.0
2018-07-26,1.6157282325439397,1.6251219922229494,1.5687593221664429,1.5687593221664429,3144400.0
2018-07-27,1.5687592549067868,1.5969406447180035,1.5687592549067868,1.5781530141830444,1921300.0
2018-07-30,1.587546877406117,1.6157281550922458,1.587546877406117,1.5969406366348267,2542700.0
2018-07-31,1.587546877406117,1.6251219143209552,1.5781530061949642,1.5969406366348267,3493600.0
2018-08-01,1.5687592703090383,1.5781530296775248,1.531184232835092,1.5593655109405518,2932500.0
2018-08-02,1.549971751572065,1.5781530296775248,1.549971751572065,1.5593655109405518,1604900.0
2018-08-03,1.549971767161024,1.578153045549919,1.5311842482350941,1.540578007698059,2781800.0
2018-08-06,1.5405780755582035,1.5593655953116956,1.5311843156814575,1.5311843156814575,1165100.0
2018-08-07,1.5405782649371345,1.5593657870001234,1.5217907428741455,1.5217907428741455,1526800.0
2018-08-08,1.5311842834504044,1.5781530818454526,1.5311842834504044,1.5687593221664429,2181400.0
2018-08-09,1.5593654956305294,1.5875468854417458,1.5593654956305294,1.5781530141830444,920200.0
2018-08-10,1.5499718354349497,1.5781531150651875,1.5217905558047116,1.5311843156814575,3308400.0
2018-08-13,1.549971767161024,1.578153045549919,1.5311842482350941,1.540578007698059,3971700.0
2018-08-14,1.5405782649371345,1.5593657870001234,1.5217907428741455,1.5217907428741455,2389600.0
2018-08-15,1.5217906181977097,1.5311843784595973,1.371490342025053,1.3902778625488281,14158400.0
2018-08-16,1.4466405885705984,1.4654281112300918,1.3433091019609174,1.3527029752731323,4654400.0
2018-08-17,1.3527026403371183,1.4372464713713577,1.3527026403371183,1.3996714353561401,7390400.0
2018-08-20,1.4184589756135548,1.4560340122181705,1.362096420706631,1.4466402530670166,3881000.0
2018-08-21,1.41845913281807,1.4936093263384644,1.41845913281807,1.4748218059539795,4313200.0
2018-08-22,1.503002969846199,1.549971767161024,1.4936092103832341,1.540578007698059,4079500.0
2018-08-23,1.5030029199563826,1.5030029199563826,1.4184589756135548,1.4466402530670166,2993000.0
2018-08-24,1.4560339754515925,1.5499716765735365,1.4560339754515925,1.5030028820037842,4818500.0
2018-08-27,1.5499719257395206,1.6345158815383911,1.5217906444673828,1.6345158815383911,4961300.0
2018-08-28,1.6251219922229494,1.6439095115809685,1.5311842834504044,1.5687593221664429,3758900.0
2018-08-29,1.5781531077708493,1.6251220189199362,1.5593655881041946,1.6157282590866089,2450500.0
2018-08-30,1.5875469700131177,1.5875469700131177,1.521790539593912,1.5499718189239502,3784300.0
2018-08-31,1.5687592703090383,1.5781530296775248,1.5405779922035785,1.5593655109405518,1768100.0
2018-09-04,1.5499717941301214,1.596940704244639,1.5311842748772937,1.587546944618225,2801200.0
2018-09-05,1.6157282771070005,1.6720908367355825,1.6063345171689036,1.6626970767974854,4171500.0
2018-09-06,1.6439095569212916,1.6814845966736793,1.6345157969831945,1.6626970767974854,5918600.0
2018-09-07,1.6439095406592925,1.7096659715579425,1.6157282611237784,1.681484580039978,4780700.0
2018-09-10,1.6533033847808838,1.6814846657529263,1.6345158641328554,1.6533033847808838,2977800.0
2018-09-11,1.6063345334224064,1.6533033335881393,1.5781531413405139,1.6439095735549927,2737700.0
2018-09-12,1.6157282114749918,1.7096659190225976,1.59694069236196,1.672090768814087,3016400.0
2018-09-13,1.7096659715579425,1.7190597314031137,1.6439095406592925,1.681484580039978,2638900.0
2018-09-14,1.6720908367355825,1.709665988470422,1.6533033168593885,1.6626970767974854,2430000.0
2018-09-17,1.6814847348003148,1.7848162145900635,1.6720909740905614,1.77542245388031,5998200.0
2018-09-18,1.7566348314285278,1.8036036322759,1.7472410712590534,1.7566348314285278,4938100.0
2018-09-19,1.7566347800976145,1.7942098196775258,1.737847260307659,1.7472410202026367,2924000.0
2018-09-20,1.7754223683674892,1.8036036491394043,1.7378473273382689,1.8036036491394043,3542100.0
2018-09-21,1.784816111936951,1.8036036322759,1.7284535509201047,1.7566348314285278,6430200.0
2018-09-24,1.7566349692078478,1.7942100128328937,1.7284536864890634,1.7378474473953247,2122400.0
2018-09-25,1.737847396802219,1.7942099605989321,1.719059875536648,1.7284536361694336,2778800.0
2018-09-26,1.7190597147735187,1.756634753790716,1.7002720832824707,1.7002720832824707,2137000.0
2018-09-27,1.6533032712599782,1.662697030938988,1.5687593221664429,1.5687593221664429,3369500.0
2018-09-28,1.5875469010284562,1.6063344197654292,1.549971751572065,1.5593655109405518,2872300.0
2018-10-01,1.568759338477309,1.5781530982539884,1.521790539593912,1.5499718189239502,2085200.0
2018-10-02,1.587546877406117,1.6439094327783743,1.587546877406117,1.5969406366348267,3801500.0
2018-10-03,1.60633447286493,1.6251219922229494,1.5687593221664429,1.5687593221664429,1481200.0
2018-10-04,1.5875469535069107,1.5969407131859203,1.5593655624874332,1.5687593221664429,1348700.0
2018-10-05,1.5687593221664429,1.5969407131859203,1.5593655624874332,1.5687593221664429,865600.0
2018-10-08,1.5593656374172888,1.634515830442894,1.5593656374172888,1.6251220703125,2331300.0
2018-10-09,1.6157282590866089,1.6533032984199183,1.6063344992532815,1.6157282590866089,1127000.0
2018-10-10,1.615728343484827,1.6720909054289121,1.578153190206314,1.6533033847808838,1988300.0
2018-10-11,1.7754222790502843,1.91632878780365,1.756634759480829,1.91632878780365,10252900.0
2018-10-12,1.9069350444267115,1.9163288042922657,1.8129973337887189,1.8975412845611572,4799600.0
2018-10-15,1.9820850412969484,2.0384478221218734,1.94451000339026,1.9914788007736206,6070300.0
2018-10-16,2.0008727632984638,2.019660282055407,1.8975411861703861,1.9445099830627441,3699900.0
2018-10-17,1.9069350957870483,1.9257226160241694,1.8693600553128062,1.9069350957870483,4128000.0
2018-10-18,1.93511630977508,2.0008728523146946,1.93511630977508,1.982085108757019,2845900.0
2018-10-19,1.9820850205766307,1.9820850205766307,1.8975411861703861,1.9445099830627441,2870100.0
2018-10-22,1.8881474267919145,1.972691261198159,1.8599661486564996,1.9445099830627441,2915500.0
2018-10-23,2.0008728523146946,2.01966037190747,1.9445100695714679,1.982085108757019,3579600.0
2018-10-24,1.9726914338996426,1.9914789543013605,1.9069351124936305,1.9539039134979248,2062200.0
2018-10-25,1.9257225983009116,1.9726913984614403,1.8505725180440662,1.8599662780761719,4189400.0
2018-10-26,1.859966174643831,1.9445100102313166,1.831784896114669,1.8411786556243896,3127400.0
2018-10-29,1.8599663124132877,1.8881475930298637,1.8129973994032063,1.8223912715911865,1754500.0
2018-10-30,1.850572501474673,1.897541301214659,1.8317849815786786,1.8787537813186646,2227100.0
2018-10-31,1.8317851151125342,1.8411788757453196,1.719059875536648,1.7284536361694336,4524400.0
2018-11-01,1.8411786969948358,1.85057245671563,1.7754222669668278,1.784816026687622,2964800.0
2018-11-02,1.7566348314285278,1.784816111936951,1.7284535509201047,1.7566348314285278,3283000.0
2018-11-05,1.737847345656184,1.7660286267251462,1.6908784318921237,1.7190598249435425,2872300.0
2018-11-06,1.7002720474836346,1.7096659190225976,1.672090768814087,1.672090768814087,1473900.0
2018-11-07,1.6908784260769405,1.7002721864009547,1.6533033847808838,1.6533033847808838,2760400.0
2018-11-08,1.6533033335881393,1.6908783737207258,1.6439095735549927,1.6439095735549927,2025900.0
2018-11-09,1.6251219922229494,1.6533032712599782,1.5687593221664429,1.5687593221664429,3328900.0
2018-11-12,1.587546895316508,1.596940654651196,1.4748216713178064,1.4936091899871826,4032000.0
2018-11-13,1.5405778855283092,1.5499716442463374,1.4560339450836182,1.4560339450836182,2707400.0
2018-11-14,1.5405778495157039,1.5405778495157039,1.4560339110473153,1.5123965740203857,2854800.0
2018-11-15,1.5687593133829494,1.615728223497467,1.5593655537565354,1.587546944618225,2413800.0
2018-11-16,1.606334463871053,1.6251219831238808,1.5687593133829494,1.587546944618225,3463100.0
2018-11-19,1.615728223497467,1.6439095023767087,1.5687593133829494,1.587546944618225,1658700.0
2018-11-20,1.60633447286493,1.60633447286493,1.512396764092385,1.5687593221664429,2328000.0
2018-11-21,1.5875468854417458,1.6157281632705187,1.5687592549067868,1.5781530141830444,2053900.0
2018-11-23,1.5499718354349497,1.5781531150651875,1.5311843156814575,1.5311843156814575,793600.0
2018-11-26,1.5311843062326964,1.5311843062326964,1.4654278755187988,1.4654278755187988,2035000.0
2018-11-27,1.4748216040172057,1.5030028807352724,1.4184589385986328,1.4184589385986328,2357700.0
2018-11-28,1.4278528362436862,1.4748217473200274,1.4090653166061298,1.4654278755187988,1907700.0
2018-11-29,1.4842154016540747,1.4936091608052287,1.4372464939158627,1.4466402530670166,1283600.0
2018-11-30,1.4278527652859339,1.4372465246378852,1.39967148723008,1.4090652465820312,1873300.0
2018-12-03,1.4372464564106773,1.4466402153166995,1.3808839029745439,1.4184589385986328,2054300.0
2018-12-04,1.4372464576236916,1.540577917659586,1.4278526987097413,1.5030028820037842,3212500.0
2018-12-06,1.5217907428741455,1.549972025968629,1.493609459779662,1.5217907428741455,2410300.0
2018-12-07,1.549971767161024,1.559365526623989,1.512396729309164,1.540578007698059,2126600.0
2018-12-10,1.5499716442463374,1.5593654029643655,1.44664018636559,1.4560339450836182,3246800.0
2018-12-11,1.465427734365543,1.5311841587456356,1.465427734365543,1.5030028820037842,2784100.0
2018-12-12,1.512396729309164,1.578153045549919,1.512396729309164,1.540578007698059,1937500.0
2018-12-13,1.5123967798172326,1.5593655787006298,1.5123967798172326,1.5499718189239502,1146900.0
2018-12-14,1.474821605261933,1.540577917659586,1.4560339754515925,1.5030028820037842,1746000.0
2018-12-17,1.512396764092385,1.5875469535069107,1.512396764092385,1.5687593221664429,2681200.0
2018-12-18,1.5593655537565354,1.6251219831238808,1.5499717941301214,1.587546944618225,2653000.0
2018-12-19,1.6626970659383522,1.709665977304533,1.5217905558047116,1.5311843156814575,4454800.0
2018-12-20,1.6345158815383911,1.662697162810529,1.5875470794181616,1.6345158815383911,2919600.0
2018-12-21,1.6063345670700073,1.6063345670700073,1.5499718937080562,1.6063345670700073,8317300.0
2018-12-24,1.6345158641328554,1.6908784260769405,1.6251221038088413,1.6533033847808838,1783900.0
2018-12-26,1.6720908709644695,1.6720908709644695,1.5969407899213184,1.6251220703125,1483600.0
2018-12-27,1.6251219225467761,1.6251219225467761,1.5781530141830444,1.5781530141830444,2119700.0
2018-12-28,1.6251219922229494,1.634515751901959,1.5687593221664429,1.5687593221664429,2012000.0
2018-12-31,1.5875469815882646,1.6908783398851492,1.5593655900702998,1.681484580039978,3390600.0
2019-01-02,1.7190597147735187,1.7284534745278182,1.653303284510974,1.7002720832824707,2909700.0
2019-01-03,1.7848160614448259,1.8129973411560059,1.756634781733646,1.8129973411560059,3923900.0
2019-01-04,1.784816111936951,1.7942098721064255,1.7284535509201047,1.7566348314285278,3151400.0
2019-01-07,1.822391264597303,1.822391264597303,1.7378473110895791,1.7566348314285278,1897400.0
2019-01-08,1.7472411217723174,1.7942099239775715,1.7190598404491648,1.766028642654419,2579800.0
2019-01-09,1.756634781733646,1.8223912130421835,1.7472410218299195,1.8129973411560059,2741400.0
2019-01-10,1.8036037737391553,1.8223914075341414,1.7096661646765403,1.7378474473953247,3813200.0
2019-01-11,1.7660285399925923,1.7942098196775258,1.7190597405177033,1.7472410202026367,2251000.0
2019-01-14,1.737847396802219,1.7472411574350046,1.6908784816558315,1.7284536361694336,1751300.0
2019-01-15,1.7190597484085188,1.7378472682847128,1.6345157969831945,1.6626970767974854,4069700.0
2019-01-16,1.6626970767974854,1.709665988470422,1.6626970767974854,1.6626970767974854,2297000.0
2019-01-17,1.662697009257571,1.7002720474836346,1.6533032497010551,1.672090768814087,1017900.0
2019-01-18,1.6439095023767087,1.6626970216295365,1.587546944618225,1.587546944618225,2557300.0
2019-01-22,1.6439096079896713,1.6439096079896713,1.5969408068400914,1.6063345670700073,3088400.0
2019-01-23,1.606334550051712,1.6533033507036816,1.5969407899213184,1.6251220703125,1837600.0
2019-01-24,1.662697145104898,1.6720909054289121,1.6439096244568696,1.6533033847808838,1545400.0
2019-01-25,1.662697009257571,1.7378471976921452,1.662697009257571,1.672090768814087,3301100.0
2019-01-28,1.6814847348003148,1.77542245388031,1.6814847348003148,1.77542245388031,3252200.0
2019-01-29,1.8036035584044674,1.9351163073731052,1.7754222790502843,1.91632878780365,5164600.0
2019-01-30,1.8411786556243896,1.8693599341535516,1.7848159865836193,1.8411786556243896,4491200.0
2019-01-31,1.8693600381082776,1.8787537981403832,1.803603605901085,1.8599662780761719,3374000.0
2019-02-01,1.8599662290952836,1.9257225475883775,1.8129973181891952,1.91632878780365,3721600.0
2019-02-04,1.8317849313314951,1.897541249163732,1.8223911716411756,1.8693599700927734,3523100.0
2019-02-05,1.8693599230953408,1.9445099987285552,1.8411786447328855,1.9257224798202515,2646400.0
2019-02-06,1.9632975018196874,2.019660282055407,1.9257224643058009,1.9445099830627441,5774300.0
2019-02-07,1.9632976736987837,1.9914789543013605,1.925722632895348,1.9539039134979248,3869000.0
2019-02-08,2.0478420660678758,2.0666295894658884,1.9914792719088927,2.0102670192718506,4313100.0
2019-02-11,1.9820849738581798,2.0290539936083514,1.9445099372299504,2.019660234451294,3036400.0
2019-02-12,2.0384479973460596,2.047841757630216,1.925722649971276,1.9351164102554321,5309000.0
2019-02-13,1.916328731702155,1.9539037697410373,1.8223911366049483,1.8411786556243896,4157000.0
2019-02-14,1.8599662431753046,1.8787537628869824,1.8036035720578207,1.831784963607788,3950500.0
2019-02-15,1.8317849313314951,1.8881474894734125,1.7660285015168093,1.8693599700927734,6083200.0
2019-02-19,1.8881474267919145,1.9914787799551024,1.8787536674134429,1.9445099830627441,5405000.0
2019-02-20,2.038447889568025,2.076022928717959,1.9820851068782241,2.000872850418091,6147500.0
2019-02-21,1.9914792719088927,2.029054542669863,1.9257229400158489,2.0102670192718506,6251100.0
2019-02-22,1.9726914851688135,2.0196605113587167,1.916328922498828,1.963297724723816,4068600.0
2019-02-25,1.906935129402964,1.9726914513920562,1.897541369118808,1.9351164102554321,3592300.0
2019-02-26,1.9257222670317486,1.9726910591125488,1.8975409917832684,1.9726910591125488,2227100.0
2019-02-27,2.000872784215185,2.019660303168529,1.9726912818202764,1.9914788007736206,3219600.0
2019-02-28,1.9632976736987837,1.9820851941005015,1.925722632895348,1.9539039134979248,2824300.0
2019-03-01,1.9257225810586505,1.9820851407466336,1.8787537813186646,1.8787537813186646,3475900.0
2019-03-04,1.8599662951942457,1.93511637614273,1.8223912547200036,1.9069350957870483,3930700.0
2019-03-05,1.8411786556243896,1.8693599341535516,1.8036035056030606,1.8411786556243896,4465200.0
2019-03-06,1.8036037737391553,1.831785168440403,1.7284536864890634,1.7378474473953247,3159300.0
2019-03-07,1.7378474110412963,1.7848162145900635,1.7190598896217895,1.77542245388031,2984400.0
2019-03-08,1.9069350280189221,1.944510067157833,1.8223911899563727,1.91632878780365,5361400.0
2019-03-11,1.850572501474673,1.897541301214659,1.8036035897522353,1.8787537813186646,4697500.0
2019-03-12,1.878753764830049,1.9069350444267115,1.8411787253678322,1.8975412845611572,4450800.0
2019-03-13,1.916328922498828,1.9914790060588086,1.897541401608833,1.963297724723816,6897500.0
2019-03-14,1.8881475930298637,1.8881475930298637,1.8129973994032063,1.8223912715911865,6609800.0
2019-03-15,1.8505725180440662,1.8787537981403832,1.8223912379477492,1.8599662780761719,10676400.0
2019-03-18,1.841178792002237,1.8975413532353889,1.8129973994032063,1.8223912715911865,7222300.0
2019-03-19,1.841178723463627,1.8599662431753046,1.7848160523461432,1.831784963607788,8601500.0
2019-03-20,1.8411787253678322,1.9163288042922657,1.8129973337887189,1.8975412845611572,3593000.0
2019-03-21,1.9163287049273294,1.9632975018196874,1.8599661486564996,1.9445099830627441,6573900.0
2019-03-22,1.9351162879250103,1.9445100476153299,1.859966210402454,1.8693599700927734,4859600.0
2019-03-25,1.8975411861703861,1.9445099830627441,1.8881474267919145,1.9445099830627441,3111800.0
2019-03-26,1.9257225475883775,1.9539038269425606,1.8975412682341943,1.91632878780365,4196100.0
2019-03-27,1.9163288042922657,1.92572256415782,1.8693600049644947,1.8975412845611572,3983700.0
2019-03-28,1.8317851301212913,1.8411788908310447,1.756634932460803,1.77542245388031,7069700.0
2019-03-29,1.784816026687622,1.8317849372740418,1.7660285072460338,1.784816026687622,4274300.0
2019-04-01,1.7566347707837993,1.775422290474142,1.6720908201948066,1.681484580039978,6338400.0
2019-04-02,1.7096660235095622,1.7378473039014208,1.6814846311352496,1.6908783912658691,5979500.0
2019-04-03,1.7378472779707888,1.8223912298673277,1.7190597579898805,1.7942098379135132,6250600.0
2019-04-04,1.7472410218299195,1.8505724927533636,1.7284535020224663,1.8129973411560059,5616200.0
2019-04-05,1.7848161187866305,1.8505725522077623,1.7660285983755797,1.8223912715911865,4345700.0
2019-04-08,1.8599662951942457,1.9163288559056089,1.8599662951942457,1.9069350957870483,5211000.0
2019-04-09,1.9069351124936305,1.9726914338996426,1.8881475920919126,1.9539039134979248,5632000.0
2019-04-10,1.9163287685443713,1.9257225282346908,1.859966210402454,1.8693599700927734,2963500.0
2019-04-11,1.8129973411560059,1.8505724927533636,1.8036035812522793,1.8129973411560059,2387000.0
2019-04-12,1.82239128163647,1.8317850418937751,1.8036036491394043,1.8036036491394043,1686600.0
2019-04-15,1.7754223517674765,1.8129973924453742,1.7378473110895791,1.7566348314285278,5504000.0
2019-04-16,1.7284536543905675,1.7472411758541941,1.7002722602126665,1.709666132926941,2367700.0
2019-04-17,1.7096661149038626,1.737847396802219,1.700272242288617,1.7284536361694336,3561400.0
2019-04-18,1.7284536543905675,1.7378474151223808,1.7002722602126665,1.709666132926941,1378600.0
2019-04-22,1.7190596785791135,1.7284534381356293,1.662697009257571,1.672090768814087,2229100.0
2019-04-23,1.6720908201948066,1.7284534912482852,1.6626970603496352,1.681484580039978,3467400.0
2019-04-24,1.6720908040195728,1.7284534745278182,1.653303284510974,1.7002720832824707,2619300.0
2019-04-25,1.7002722602126665,1.7378474151223808,1.690878499480853,1.709666132926941,1338200.0
2019-04-26,1.7190597405177033,1.7754222998875702,1.7002721087452966,1.7472410202026367,3012400.0
2019-04-29,1.7190598190314392,1.7284535793554534,1.6439096244568696,1.6533033847808838,2970400.0
2019-04-30,1.653303402386483,1.6720909232345746,1.6345158815383911,1.6345158815383911,3504100.0
2019-05-01,1.6345157787532636,1.6814845779199004,1.6063344992532815,1.6157282590866089,3675700.0
2019-05-02,1.5499718189239502,1.615728249343156,1.521790539593912,1.5499718189239502,4216200.0
2019-05-03,1.5499716765735365,1.5781529533153877,1.5030028820037842,1.5030028820037842,4783000.0
2019-05-06,1.512396729309164,1.5687592860869541,1.512396729309164,1.540578007698059,2853400.0
2019-05-07,1.5687593813073673,1.6533033335881393,1.549971861241074,1.6439095735549927,3864400.0
2019-05-08,1.6720907812559505,1.6720907812559505,1.5593655537565354,1.587546944618225,2991300.0
2019-05-09,1.587546877406117,1.6157281550922458,1.5499717285088357,1.5969406366348267,2964200.0
2019-05-10,1.568759338477309,1.5875469700131177,1.5499718189239502,1.5499718189239502,2279200.0
2019-05-13,1.5875469010284562,1.5969406603969427,1.531184232835092,1.5593655109405518,4155500.0
2019-05-14,1.5593655109405518,1.5781530296775248,1.5217904734666055,1.5593655109405518,3213900.0
2019-05-15,1.549972025968629,1.5687595480316179,1.5217907428741455,1.5217907428741455,2014100.0
2019-05-16,1.5311840910172645,1.5405778495157039,1.5030028155219464,1.5123965740203857,2462100.0
2019-05-17,1.5030030360512197,1.5593655953116956,1.5030030360512197,1.5311843156814575,2401300.0
2019-05-20,1.5405780591472709,1.5781530982539884,1.5311842993705915,1.5499718189239502,4624400.0
2019-05-21,1.549971751572065,1.5781530296775248,1.5405779922035785,1.5593655109405518,3400700.0
2019-05-22,1.5593655109405518,1.5875469010284562,1.531184232835092,1.5593655109405518,1845500.0
2019-05-23,1.5593655787006298,1.615728249343156,1.5499718189239502,1.5499718189239502,1888800.0
2019-05-24,1.5593655109405518,1.5593655109405518,1.5030029547296324,1.5593655109405518,3849500.0
2019-05-28,1.4936093263384644,1.5123968467229494,1.4748218059539795,1.4748218059539795,4581000.0
2019-05-29,1.493609057023507,1.5217903325188251,1.4748215400266285,1.5123965740203857,2678700.0
2019-05-30,1.512396714098119,1.5593655109405518,1.512396714098119,1.5593655109405518,2423200.0
2019-05-31,1.606334451918476,1.6908782879271187,1.59694069236196,1.672090768814087,5801000.0
2019-06-03,1.681484686702504,1.7848161635365207,1.6720909262614532,1.766028642654419,8925500.0
2019-06-04,1.700272158429227,1.8036036322759,1.700272158429227,1.7566348314285278,6338200.0
2019-06-05,1.784816111936951,1.822391264597303,1.7190597907506302,1.7566348314285278,4897400.0
2019-06-06,1.7660286081101841,1.82239128163647,1.7660286081101841,1.8036036491394043,3546400.0
2019-06-07,1.8317851301212913,1.8411788908310447,1.756634932460803,1.77542245388031,3108600.0
2019-06-10,1.7472409940364169,1.7660285135450153,1.6720908040195728,1.7002720832824707,5481000.0
2019-06-11,1.7002721922484445,1.737847345656184,1.6720909111794822,1.7190598249435425,3113500.0
2019-06-12,1.7378472779707888,1.8036035979039673,1.7284535179803346,1.7942098379135132,4648200.0
2019-06-13,1.7848161514355814,1.8693601068142938,1.766028630680858,1.8505725860595703,6773800.0
2019-06-14,1.8693599341535516,1.916328731702155,1.8036035056030606,1.8411786556243896,6427600.0
2019-06-17,1.8505724507121342,1.878753729783093,1.8317849313314951,1.8693599700927734,2846200.0
2019-06-18,1.8787537628869824,1.9257225621661767,1.8129973319136596,1.831784963607788,9289400.0
2019-06-19,1.8036035739231648,1.8975412845611572,1.7942098140576106,1.8975412845611572,5703100.0
2019-06-20,1.9445100365686403,2.057235376176984,1.9445100365686403,2.038447856903076,10620900.0
2019-06-21,2.04784161654003,2.066629135813938,1.9632975558425483,2.038447856903076,8823300.0
2019-06-24,2.05723561269041,2.113598176991947,2.0290543305396413,2.1042044162750244,9219100.0
2019-06-25,2.1417790721110332,2.1699603491692847,1.9632974267772267,2.0572352409362793,18352200.0
2019-06-26,2.0196605698227184,2.132385698425793,2.0008730483888724,2.1042044162750244,8268800.0
2019-06-27,2.066629239654491,2.1417793205261395,2.0384479593276232,2.1229918003082275,6177900.0
2019-06-28,2.113598209024826,2.1511732524619904,2.085416926446953,2.132385730743408,6065200.0
2019-07-01,2.0478415815985453,2.0666291005518893,1.9820850412969484,1.9914788007736206,10849500.0
2019-07-02,2.0290541661488573,2.1417792856191196,2.0008728862812917,2.0948104858398438,6928100.0
2019-07-03,2.1229918687032145,2.1323856291148027,2.066629306233684,2.113598108291626,5189900.0
2019-07-05,2.010266646237147,2.0948104858398438,1.9820851424046775,2.0948104858398438,4795200.0
2019-07-08,2.1323852997227672,2.24511063121393,2.11359778180172,2.226322889328003,8809800.0
2019-07-09,2.1793544620789644,2.2263232648029883,2.1417794198997457,2.207535743713379,5486500.0
2019-07-10,2.2732920332411184,2.3296545901070407,2.2263230118879576,2.3108670711517334,8266500.0
2019-07-11,2.3014732866742857,2.3014732866742857,2.1605666720751886,2.179354190826416,7544900.0
2019-07-12,2.2075357904049433,2.254504818087326,2.2075357904049433,2.235717296600342,5469900.0
2019-07-15,2.2357168722534064,2.2545043901744535,2.179354094525385,2.226322889328003,4196900.0
2019-07-16,2.2263233342097575,2.2545048406876624,2.179354530021457,2.1981420516967773,8264400.0
2019-07-17,2.2075354580835813,2.2920795160127097,2.2075354580835813,2.2826857566833496,8239700.0
2019-07-18,2.2826857039230934,2.4517733679434084,2.245110667474134,2.4235920906066895,12425200.0
2019-07-19,2.3578359083913667,2.4235922258463343,2.310867110209247,2.4048047065734863,9488400.0
2019-07-22,2.3860174269380843,2.4048049480978393,2.3390486240386963,2.3390486240386963,7276700.0
2019-07-23,2.3390486272343063,2.386017430197863,2.263898542492616,2.273292303085327,9521000.0
2019-07-24,2.348441944034833,2.3860169793050106,2.2920793911295676,2.367229461669922,7323000.0
2019-07-25,2.3766236663582068,2.395411187517962,2.3014735817191863,2.3390486240386963,9100200.0
2019-07-26,2.3390482815773996,2.3766233183955285,2.292079485554738,2.320260763168335,5092000.0
2019-07-29,2.320260903757258,2.43298602104187,2.2826858646623873,2.43298602104187,6027700.0
2019-07-30,2.432985936755701,2.4987424768586135,2.432985936755701,2.479954957962036,7988200.0
2019-07-31,2.4987428916722516,2.5644992187264104,2.2920799255371094,2.2920799255371094,15834900.0
2019-08-01,2.263898328477517,2.4893487853548,2.245110809068151,2.4705612659454346,14775000.0
2019-08-02,2.4423797974233556,2.5175301000890054,2.423592277748168,2.4987425804138184,10574900.0
2019-08-05,2.620861130429039,2.761767734330226,2.5363173024672507,2.6772236824035645,19964100.0
2019-08-06,2.667830312018424,2.789949416368041,2.649042791959238,2.7241930961608887,19658600.0
2019-08-07,2.81813045638373,2.8744930117598315,2.771161660236978,2.7899491786956787,23198200.0
2019-08-08,2.7523741417782777,2.8650992525304813,2.705405345631526,2.7899491786956787,13751300.0
2019-08-09,2.799343177860612,2.8838870181711345,2.7711618977571044,2.855705738067627,12584400.0
2019-08-12,2.8650992525304813,2.912068048677233,2.771161660236978,2.7899491786956787,15749400.0
2019-08-13,2.81813064541158,2.81813064541158,2.536317625663403,2.696011543273926,16145400.0
2019-08-14,2.799342937925029,2.893280530218532,2.771161660236978,2.7899491786956787,17174900.0
2019-08-15,2.742980418348452,2.8557055305718677,2.6960113976238063,2.8181304931640625,10757200.0
2019-08-16,2.7899491786956787,2.8369179748424305,2.7429803825489274,2.7899491786956787,6901400.0
2019-08-19,2.7147995374337492,2.8369184268735794,2.667830509838123,2.761768341064453,8029200.0
2019-08-20,2.789949713933011,3.0529752467797855,2.789949713933011,3.043581485748291,10731400.0
2019-08-21,3.034187222625097,3.175093838745477,3.006005944194,3.1469123363494873,10733900.0
2019-08-22,3.128124952316284,3.1656999918450834,3.071762393023085,3.128124952316284,11581200.0
2019-08-23,3.175093963176529,3.4099381832707136,3.1656999793664564,3.362969160079956,17864100.0
2019-08-26,3.3817571901226824,3.5226638330298505,3.297213338757343,3.391150951385498,14934300.0
2019-08-27,3.362969307623966,3.625994818793419,3.362969307623966,3.6072072982788086,13915100.0
2019-08-28,3.588419847955143,3.6166011292782954,3.4569072017804316,3.532057285308838,15713700.0
2019-08-29,3.522663699321957,3.522663699321957,3.344182018138062,3.4756948947906494,13961200.0
2019-08-30,3.428725553358286,3.5414506665818997,3.400544051087491,3.4850881099700928,10024100.0
2019-09-03,3.475694622414014,3.5226634232645595,3.400544317088232,3.4475133419036865,15854000.0
2019-09-04,3.4193318978425378,3.569632053375244,3.4005441544360515,3.569632053375244,8733000.0
2019-09-05,3.4193320115389434,3.42872577157209,3.2596378670105457,3.2878191471099854,16304500.0
2019-09-06,3.325393902471587,3.3535751801577156,3.184487514040944,3.1938812732696533,13199800.0
2019-09-09,3.2314564282649596,3.2502439474088924,3.0717622915766367,3.109337329864502,11623400.0
2019-09-10,3.071762358517862,3.1844876998029146,3.043581079187824,3.0999436378479004,8597800.0
2019-09-11,3.071762255933153,3.146912331636873,3.024793458618328,3.081156015396118,9690600.0
2019-09-12,3.2314565671880153,3.2408503271638276,2.9402497839729365,2.9590373039245605,14699500.0
2019-09-13,2.9590371783468026,3.024793495386873,2.789949281993155,2.808736801147461,13701100.0
2019-09-16,2.8932806768637436,2.9120681962746846,2.780555560398095,2.902674436569214,9239200.0
2019-09-17,2.893280506134033,2.9402495258546875,2.8557054695294175,2.893280506134033,7708600.0
2019-09-18,2.9214617764631243,2.93085553559137,2.7429803530264496,2.827524185180664,8976400.0
2019-09-19,2.865099096577095,2.940249390286195,2.855705337859067,2.9120678901672363,6139800.0
2019-09-20,2.8838865465993124,3.034186906539211,2.874492788100873,3.0247931480407715,13781000.0
2019-09-23,3.0529748389645035,3.156306196507977,3.0341873194111444,3.0999436378479004,9421500.0
2019-09-24,3.1281246840759933,3.2314562578842927,3.0905496477692966,3.1656997203826904,8838400.0
2019-09-25,3.1187312953683235,3.1563063361372934,2.9308558675585648,2.949643611907959,7192900.0
2019-09-26,2.9308554076032927,2.9872181838763363,2.8369178204230106,2.9120678901672363,8436300.0
2019-09-27,2.8181305567041015,2.8744931140866092,2.7335867206303406,2.742980480194092,11303800.0
2019-09-30,2.705405491716802,2.7241930111899824,2.6302551898591804,2.667830228805542,6867500.0
2019-10-01,2.6678306812623416,2.8369186091627174,2.658436919932595,2.7054059505462646,5972700.0
2019-10-02,2.7993430102718233,2.893280604993069,2.7805554913275743,2.8463118076324463,7281200.0
2019-10-03,2.827524352772653,2.9308557093079775,2.7711617946624756,2.7711617946624756,6563500.0
2019-10-04,2.8932805427918984,2.921461820602417,2.836917987170861,2.921461820602417,5451000.0
2019-10-07,2.893280709518708,2.940249732541074,2.8087368712152694,2.8650994300842285,4055500.0
2019-10-08,2.996612005093618,3.015399522921519,2.9402494516099154,3.0060057640075684,4336100.0
2019-10-09,3.0153997947449196,3.0435810740271743,2.9496434764196593,2.968430995941162,3468000.0
2019-10-10,2.949643149004223,2.949643149004223,2.8275240617049824,2.9120678901672363,3664600.0
2019-10-11,2.8463118353953556,2.855705594959107,2.7335867206303406,2.742980480194092,5816700.0
2019-10-14,2.7617678712829417,2.874492980821894,2.7617678712829417,2.827524185180664,3402700.0
2019-10-15,2.7711617588853454,2.799343037576599,2.7335867206303406,2.742980480194092,4765500.0
2019-10-16,2.8087370379358045,2.874493360519409,2.761768236090372,2.874493360519409,5010000.0
2019-10-17,2.8369182002740994,2.977824823876185,2.8275244402982875,2.9590373039245605,3607400.0
2019-10-18,2.9496431731543664,3.0153994847189423,2.9496431731543664,2.9778244495391846,5047400.0
2019-10-21,3.0153998133715016,3.0341873330090583,2.8744931921249286,2.9308557510375977,2746400.0
2019-10-22,2.949643353671153,2.949643353671153,2.8087367391587668,2.8838868141174316,4830500.0
2019-10-23,2.893280826789595,2.977824892484686,2.893280826789595,2.949643611907959,4379200.0
2019-10-24,2.9966121055018666,3.1938812732696533,2.9872183462731567,3.1938812732696533,6760700.0
2019-10-25,3.2596379007138236,3.3160004614954683,3.10933751466453,3.184487819671631,6525500.0
2019-10-28,3.1281249857618465,3.165700025692394,3.0341873859354775,3.090549945831299,5954500.0
2019-10-29,3.043580977544258,3.128124812710943,3.006005939692398,3.081156015396118,3695800.0
2019-10-30,3.118730991261059,3.1844875301597493,3.0435809170509978,3.156306028366089,4642100.0
2019-10-31,3.2314567213805985,3.287819283924874,3.212669200532507,3.2690317630767822,4883100.0
2019-11-01,3.2502441069773993,3.2878191471099854,3.2032753068116664,3.2878191471099854,4015800.0
2019-11-04,3.231456446994934,3.2502439662477616,3.1563061460187267,3.17509388923645,3413900.0
2019-11-05,3.0717619405329684,3.109336974526726,2.987218114047014,3.0247931480407715,6091300.0
2019-11-06,3.0717623233795166,3.099943602387185,3.006006005694957,3.0717623233795166,3806800.0
2019-11-07,3.0341872964107015,3.0529748158216425,2.8932806768637436,2.902674436569214,7067900.0
2019-11-08,2.883886951943707,2.9778247740963892,2.8744931921249286,2.9308557510375977,5051900.0
2019-11-11,2.8838871208884957,2.9308559227339277,2.836918319043064,2.874493360519409,3387100.0
2019-11-12,2.855705786020625,2.9590373721002012,2.855705786020625,2.949643611907959,5292400.0
2019-11-13,3.1750939738487687,3.184487733725515,3.0341873517326774,3.062368631362915,4766400.0
2019-11-14,3.081156152905285,3.1656999918450834,3.081156152905285,3.128124952316284,3375200.0
2019-11-15,3.1281248813948537,3.1281248813948537,3.0341872847026257,3.0717623233795166,2535400.0
2019-11-18,3.090549713432286,3.1656997876423465,3.0717621948797706,3.156306028366089,3356500.0
2019-11-19,3.1281247505373164,3.212668807988522,3.109337231984801,3.156306028366089,4333100.0
2019-11-20,3.1375185768724547,3.1844875982225096,3.0623685010561945,3.1469123363494873,4757100.0
2019-11-21,3.193881459579594,3.231456498686312,3.0905498780712213,3.0999436378479004,5232000.0
2019-11-22,3.0529745198987,3.0529745198987,2.9308554315996114,2.9778244495391846,4234600.0
2019-11-25,2.9214619889531876,2.9966122914100333,2.855705670272735,2.8650994300842285,3849500.0
2019-11-26,2.8650994323061503,2.9496434946400547,2.846311912668594,2.9308557510375977,4983300.0
2019-11-27,2.8838869497072146,2.893280709518708,2.8181306310267624,2.8650994300842285,3253600.0
2019-11-29,2.846311912668594,2.9496434946400547,2.827524393031038,2.9308557510375977,2569000.0
2019-12-02,2.8838870879784197,2.968431154300319,2.7805557250976562,2.7805557250976562,7861600.0
2019-12-03,3.015399699155363,3.081156015396118,2.977824661303503,3.081156015396118,7334100.0
2019-12-04,3.043580867609266,3.0717621449802452,2.949643276372668,2.996612071990967,4872400.0
2019-12-05,2.949643210523866,3.081155835319172,2.9402494516099154,3.0060057640075684,3214900.0
2019-12-06,2.9402497348212764,2.9778247740963892,2.9120682314000415,2.9308557510375977,2706500.0
2019-12-09,2.949643667437014,2.9590374278061007,2.836918319043064,2.874493360519409,4438100.0
2019-12-10,2.9402497348212764,2.9590372544588326,2.902674471581263,2.9308557510375977,2665800.0
2019-12-11,3.0435810443718485,3.0905498427179623,2.9684309670180657,3.0717623233795166,6220600.0
2019-12-12,3.184487733725515,3.212669013355753,2.996612312225693,3.062368631362915,5871300.0
2019-12-13,2.9778245537436474,3.052974626732926,2.940249517249008,2.996612071990967,5297400.0
2019-12-16,3.052974695317182,3.0623684546518697,2.9684308613049892,2.9872183799743652,4225100.0
2019-12-17,2.9872185154626654,3.0153997947449196,2.9496434764196593,2.968430995941162,4207300.0
2019-12-18,2.93085557987259,2.959037081647996,2.8932805427918984,2.921461820602417,5820500.0
2019-12-19,2.9308561294054276,3.06236900781128,2.9120686073424387,3.043581485748291,7322200.0
2019-12-20,2.987218652676929,3.006006173061414,2.902674586981837,2.949643611907959,15770300.0
2019-12-23,2.902674063596191,3.0529744235360896,2.8838865465993124,3.0247931480407715,5729800.0
2019-12-24,3.062368745883641,3.278425455093384,3.0529749856556045,3.278425455093384,5531800.0
2019-12-26,3.325394018515142,3.4099380784886795,3.269031461176047,3.344181537628174,5951100.0
2019-12-27,3.3441817080281875,3.4005442682391904,3.2972129078523515,3.3535754680633545,5555900.0
2019-12-30,3.316000508810676,3.409938335418701,3.297212988282053,3.409938335418701,4923600.0
2019-12-31,3.456907136740258,3.4944821777975035,3.381756830660856,3.409938335418701,4834800.0
2020-01-02,3.4569072039086346,3.5508448083769744,3.4381196830149667,3.4663009643554688,7127300.0
2020-01-03,3.663569942479776,3.6917512221647093,3.46630076072034,3.4944820404052734,7727600.0
2020-01-06,3.691751542371843,3.691751542371843,3.485088582792346,3.55084490776062,7633100.0
2020-01-07,3.5978135713696884,3.6353886127471924,3.5414510093034326,3.6353886127471924,4023900.0
2020-01-08,3.6072076843951906,3.6259952069208214,3.3160008612829737,3.391150951385498,11711800.0
2020-01-09,3.4099383688181226,3.494482212025009,3.3911506241405682,3.438119649887085,5197200.0
2020-01-10,3.4005445835756314,3.485088655696911,3.3911508226693696,3.4756948947906494,4629700.0
2020-01-13,3.391150612477895,3.4381196380628785,3.2972130092377534,3.3066067695617676,5392800.0
2020-01-14,3.2408501825064993,3.344181537628174,3.2314564229499836,3.344181537628174,3725800.0
2020-01-15,3.3441815015250986,3.3441815015250986,3.2314563880638647,3.31600022315979,7382800.0
2020-01-16,3.287819113842583,3.381756713223553,3.240850314152098,3.3253941535949707,4610300.0
2020-01-17,3.3347878456115723,3.3911504040921865,3.2690315273841892,3.3347878456115723,3635600.0
2020-01-21,3.2878191812255433,3.3817567825317383,3.250244140703065,3.3817567825317383,3729000.0
2020-01-22,3.3535754002347846,3.362969160079956,3.2690315616282426,3.362969160079956,4971300.0
2020-01-23,3.3066066671762786,3.400544267507745,3.2878191471099854,3.2878191471099854,4368000.0
2020-01-24,3.325394235727359,3.4475133419036865,3.3066067153871406,3.4475133419036865,4033400.0
2020-01-27,3.4756943953842905,3.4850881549408066,3.2972127398455946,3.344181537628174,5497800.0
2020-01-28,3.2126689423827557,3.2220627020519785,3.0435810443718485,3.0717623233795166,6744200.0
2020-01-29,3.081156185848662,3.099943705813936,2.949643546091745,3.090549945831299,8033100.0
2020-01-30,3.1656997203826904,3.193881221577596,3.099943406845971,3.1656997203826904,5548400.0
2020-01-31,3.193881289436007,3.212668807988522,3.118730991261059,3.156306028366089,4679600.0
2020-02-03,3.109337329864502,3.1656998872963005,3.0435810128607375,3.109337329864502,4091900.0
2020-02-04,3.006005934994465,3.0529747322358847,2.987218416097897,3.015399694442749,5389600.0
2020-02-05,3.0153996579784295,3.0435809359824937,2.977824620639677,2.9872183799743652,5338300.0
2020-02-06,2.949643322377823,2.9778246001883417,2.846311746441034,2.921461820602417,7690400.0
2020-02-07,2.9214617377617373,2.959036997741836,2.780555352704672,2.7993428707122803,6085800.0
2020-02-10,2.88388673995014,2.893280499078386,2.818130426052418,2.827524185180664,4653600.0
2020-02-11,2.7335867679879593,2.7429805277144514,2.5738926286726964,2.602073907852173,9590400.0
2020-02-12,2.761768236090372,2.8932808812575823,2.7241931946140263,2.874493360519409,11844700.0
2020-02-13,2.7993429797889338,2.9026743328570976,2.7523741829397683,2.8838868141174316,9933100.0
2020-02-14,2.9214619382112104,3.043581037604473,2.883886899617867,2.9402496814727783,8414300.0
2020-02-18,3.081156072400049,3.2596377294633343,3.052974793489777,3.2408502101898193,10710600.0
2020-02-19,3.3911503947152575,3.569632053375244,3.3253940766696983,3.569632053375244,10908900.0
2020-02-20,3.4381195817335772,3.494482142754232,3.400544317088232,3.4475133419036865,8369700.0
2020-02-21,3.6447820751618076,3.9078073271418696,3.607206815199775,3.8796262741088867,15848300.0
2020-02-24,4.255377275040086,4.264770810500597,3.8608389312434155,3.9547765254974365,18406300.0
2020-02-25,3.8702327321873957,4.001745821094112,3.7669015953847347,3.785689115524292,15293600.0
2020-02-26,3.8420517792656796,3.917201861844891,3.7481139520767535,3.804476737976074,11798200.0
2020-02-27,3.8984149488636577,3.9078084866853597,3.5320577912544313,3.56023907661438,11307200.0
2020-02-28,3.3441814209290057,3.3441814209290057,2.8932805300211752,3.1938812732696533,15984100.0
2020-03-02,3.259637666429173,3.3723627798904072,3.2314563880638647,3.31600022315979,6304400.0
2020-03-03,3.4287259225681326,3.6447826368102296,3.2972130523475416,3.4663009643554688,16740100.0
2020-03-04,3.701145336524156,3.7199328581134217,3.4850886142826747,3.579026222229004,10706800.0
2020-03-05,3.6541761029726705,3.748113699875866,3.5320570030336187,3.738719940185547,9357300.0
2020-03-06,3.8138701564734006,3.8138701564734006,3.5226633715132185,3.7199325561523438,10395200.0
2020-03-09,3.8138703248532413,3.8138703248532413,3.4569072039086346,3.4663009643554688,11198400.0
2020-03-10,3.4381196367225133,3.4569071573632173,3.240850446030209,3.3723630905151367,9040800.0
2020-03-11,3.4381191815360084,3.4850879769193797,3.0623683705392737,3.1656997203826904,11859300.0
2020-03-12,2.874493388210125,3.099943863204934,2.6302553922961587,2.6396491527557373,10137500.0
2020-03-13,2.6866176742227736,2.6866176742227736,2.235716995330504,2.3108670711517334,10162600.0
2020-03-16,1.9726913297025566,2.630255180925041,1.9445100505885082,2.4705612659454346,11660100.0
2020-03-17,2.216929311136203,2.677223985664109,2.198141791683219,2.602073907852173,13777100.0
2020-03-18,2.3014734888595227,2.470561396439892,1.944510153297066,1.9539039134979248,9380300.0
2020-03-19,1.8881473546218899,2.5832861939534,1.6533031551715809,2.0572352409362793,14125600.0
2020-03-20,2.0384479147927985,2.1417792737337913,1.8129973411560059,1.8129973411560059,12726800.0
2020-03-23,2.019660506076963,2.1887481936447264,1.831785073703422,2.047841787338257,9299700.0
2020-03-24,2.2920798610612945,2.3390486647787547,2.1417794652004987,2.235717296600342,12823600.0
2020-03-25,2.3954111264897566,2.705405665657781,2.329654804105896,2.6114678382873535,14217700.0
2020-03-26,2.6678305461085845,2.761768378612045,2.489349089885367,2.5269241333007812,11152500.0
2020-03-27,2.3954112292397074,2.4048049899831994,2.179354508174467,2.235717296600342,8935500.0
2020-03-30,2.2732923331445583,2.3296548974460953,1.9914790637070277,2.1042044162750244,9694200.0
2020-03-31,1.9914790008507544,2.1605669123834326,1.9820852404303229,2.047841787338257,6420800.0
2020-04-01,1.9726917485108801,2.057235827766882,1.9163291783168426,2.0102670192718506,7447800.0
2020-04-02,2.0666293081791194,2.1887481936447264,2.0290542664973943,2.047841787338257,6635000.0
2020-04-03,2.094810450278572,2.1699605286496744,1.982085108757019,1.982085108757019,6220700.0
2020-04-06,2.1605669520078727,2.395411190790574,2.057235585488048,2.273292303085327,11266400.0
2020-04-07,2.339048522170462,2.386017323024305,2.188748135473256,2.254504680633545,5596700.0
2020-04-08,2.2451106895320767,2.395410836804593,2.2451106895320767,2.320260763168335,4474000.0
2020-04-09,2.470561234096089,2.5926801086826643,2.367229654711785,2.50813627243042,8204600.0
2020-04-13,2.602073613104197,2.714798941018121,2.376623181241222,2.6772236824035645,10172100.0
2020-04-14,2.846311776638099,3.137518541067814,2.8087367391587668,2.8838868141174316,12771400.0
2020-04-15,2.799343196382092,2.865099517058677,2.5926802502907735,2.686617851257324,9206500.0
2020-04-16,2.799343492372047,2.818131014551865,2.6208618076988457,2.714799642562866,5829500.0
2020-04-17,2.6302553589684567,2.714799425998333,2.5551052762440447,2.6114678382873535,10787900.0
2020-04-20,2.7054057767076087,2.7899496232428755,2.677224270564264,2.761768341064453,6447400.0
2020-04-21,2.6208610923572913,2.7241926601077555,2.5926798167794014,2.6490423679351807,5689800.0
2020-04-22,2.8087366737736477,2.921461783587495,2.7805553963201857,2.893280506134033,7077400.0
2020-04-23,3.137518666964525,3.3911504040921865,3.118731147470987,3.3347878456115723,15084900.0
2020-04-24,3.5038757003982828,3.607207056296871,3.3629690820262215,3.5414507389068604,11917500.0
2020-04-27,3.5414508381361247,3.5978133974782347,3.344181656473837,3.4287257194519043,6774800.0
2020-04-28,3.428725772309597,3.428725772309597,3.259637867711683,3.3535754680633545,5954200.0
2020-04-29,3.3723629711050154,3.5226633548736572,3.3253941711663475,3.5226633548736572,7646100.0
2020-04-30,3.447513189301337,3.5414507868443303,3.353575367793445,3.4005441665649414,7757300.0
2020-05-01,3.3347881837693145,3.6353887501126394,3.2502443374753884,3.6166012287139893,6150300.0
2020-05-04,3.5790257984439093,3.7387199370085376,3.569632038761572,3.6729636192321777,6965700.0
2020-05-05,3.6917513442099996,3.7575076656486766,3.5414509569566848,3.644782543182373,7420100.0
2020-05-06,3.3629692273751584,3.3629692273751584,3.1187312425484413,3.2878191471099854,12068900.0
2020-05-07,3.240850314152098,3.381756713223553,3.0999436911157403,3.3253941535949707,7473100.0
2020-05-08,3.26903162774685,3.4475132923799316,3.2502441076765156,3.3535754680633545,5109800.0
2020-05-11,3.287818871964071,3.3911502236812487,3.2502438349760063,3.2596375942230225,5197500.0
2020-05-12,3.381756796748014,3.541450943604778,3.3629692764077954,3.4475133419036865,6288800.0
2020-05-13,3.409938357090836,3.466300919034921,3.2408504472936683,3.3066067695617676,7656900.0
2020-05-14,3.2878193839226024,3.57902618988988,3.2878193839226024,3.55084490776062,6780300.0
2020-05-15,3.6166012287139893,3.6541764954762113,3.513269861021413,3.6166012287139893,5547100.0
2020-05-18,3.6823575698725035,3.691751330041978,3.4850883823486325,3.5132696628570557,5120400.0
2020-05-19,3.5132702676811323,3.6259954091209265,3.438120173387936,3.56023907661438,7196100.0
2020-05-20,3.475694793604438,3.569632399932293,3.4475135117060813,3.456907272338867,6270300.0
2020-05-21,3.4099381502841397,3.428725669792738,3.297212809267649,3.4005441665649414,3941600.0
2020-05-22,3.334787742069996,3.428725560585916,3.3066064637046875,3.31600022315979,4851300.0
2020-05-26,3.2690314665528253,3.2878189856967577,3.081156051148603,3.109337329864502,6252200.0
2020-05-27,3.006006153231515,3.184487819671631,2.996612393101241,3.184487819671631,5993100.0
2020-05-28,3.2314563582678315,3.250243877004805,3.0717622250386705,3.1187310218811035,6618100.0
2020-05-29,3.1656999918450834,3.1844877355743852,3.052974873258685,3.128124952316284,7908200.0
2020-06-01,3.1657001764386785,3.212669202553368,3.146912655578769,3.203275442123413,2990900.0
2020-06-02,3.2972127070092054,3.30660646647217,3.081156015396118,3.081156015396118,5149600.0
2020-06-03,2.93085557987259,3.0060058779988603,2.8838867835217257,2.921461820602417,6107900.0
2020-06-04,3.071762459517406,3.081156219602952,2.949643578405305,3.0529749393463135,5500100.0
2020-06-05,2.8650993803211953,2.9590372007694503,2.8181305820795157,2.9402496814727783,9832900.0
2020-06-08,2.9590369319493055,3.0153994847189423,2.9308554315996114,2.9778244495391846,3794200.0
2020-06-09,3.0529744235360896,3.1187307330251652,3.015399389542332,3.0247931480407715,4621900.0
2020-06-10,3.0529746763272554,3.1656997876423465,2.912068063218504,3.156306028366089,5835700.0
2020-06-11,3.0435808765173813,3.128124708877767,2.8557054695294175,2.893280506134033,6083100.0
2020-06-12,3.006006173061414,3.0529749740226264,2.902674586981837,2.949643611907959,4963500.0
2020-06-15,2.8181306332122595,2.9590372544588326,2.752374314480812,2.9308557510375977,5793300.0
2020-06-16,2.9496434187696496,2.9496434187696496,2.808736801147461,2.808736801147461,3855000.0
2020-06-17,2.7899490826671545,2.883886671727377,2.7899490826671545,2.8369178771972656,3285900.0
2020-06-18,2.8275242886881973,2.8838868455209443,2.808736769743948,2.8463118076324463,3226200.0
2020-06-19,2.959037142377573,3.156306091099838,2.949643382914608,3.081156015396118,12874800.0
2020-06-22,3.184487819712243,3.287819181146576,3.137518795095365,3.250244140625,8412900.0
2020-06-23,3.3347880492337287,3.4193321160818093,3.287819247631969,3.3723630905151367,4963800.0
2020-06-24,3.269031626311834,3.353575466591226,3.0811562017260576,3.222062826156616,8246400.0
2020-06-25,3.240850297679968,3.4287257194519043,3.212669018008913,3.4287257194519043,8901100.0
2020-06-26,3.334787981878641,3.4381195672803635,3.2408503805724456,3.3817567825317383,6040800.0
2020-06-29,3.5884196262923114,3.7293262481689453,3.5790258664315293,3.7293262481689453,10323600.0
2020-06-30,3.6917512917379156,3.9265952935381323,3.672963771593898,3.9172017574310303,9371800.0
2020-07-01,4.13325870056891,4.1896212642398245,3.992352067426706,4.180227279663086,10858100.0
2020-07-02,4.199013949008734,4.38688957105955,4.199013949008734,4.236589431762695,9780300.0
2020-07-06,4.386890765938661,4.46204085605609,4.321134213120977,4.433859348297119,6516000.0
2020-07-07,4.452646333098813,4.790822145717019,4.433858812838347,4.743853569030762,9687800.0
2020-07-08,5.025666148284135,5.4483860071432355,4.959910054276792,5.438992023468018,16482600.0
2020-07-09,5.49535507533045,5.514142596438612,5.053848105323729,5.175967216491699,15349100.0
2020-07-10,5.495355111072755,5.608080238454901,5.335660956649797,5.467174053192139,10257600.0
2020-07-13,5.711411534617844,5.730199054879225,5.110210438323812,5.138391494750977,13135600.0
2020-07-14,5.382629004342963,5.673835754394531,5.345053968718874,5.673835754394531,13247800.0
2020-07-15,5.739592426480426,5.739592426480426,5.5141417594727535,5.655048370361328,10262100.0
2020-07-16,5.64565539744928,5.683230437704366,5.410811171890089,5.476567268371582,9885200.0
2020-07-17,5.739592622023803,6.049586907782066,5.692623600817491,6.030799388885498,11347200.0
2020-07-20,6.256249625421886,6.331399701125607,6.058980452734729,6.162312030792236,10220400.0
2020-07-21,6.397155786405397,6.46291232193485,5.93686138148849,5.955648899078369,16055800.0
2020-07-22,6.068374426678634,6.087161945575201,5.8523177354032105,6.030799388885498,11687900.0
2020-07-23,6.181099909884191,6.406550598061903,5.899287109574313,6.077768325805664,13488300.0
2020-07-24,6.368975620577139,6.632000903449812,6.284431555688872,6.603819847106934,12605200.0
2020-07-27,6.998357506324958,7.148658110203059,6.5850320774671225,6.6695756912231445,24718500.0
2020-07-28,6.66957601227775,6.782301134665247,6.46291328790067,6.660182476043701,12672900.0
2020-07-29,6.594425952418518,6.632000993338181,6.246856599946715,6.425338268280029,12066900.0
2020-07-30,6.228068346038313,6.425337511600053,5.965042642646071,5.993224143981934,13999700.0
2020-07-31,6.171706026647654,6.199887081128404,5.99322437252703,6.058980464935303,9882800.0
2020-08-03,6.105950176899079,6.1247376979877295,5.777168333882789,5.965043544769287,7180700.0
2020-08-04,5.946255842465557,6.453519344329834,5.889893280917284,6.453519344329834,9348100.0
2020-08-05,6.632000574567756,6.772907193084012,6.322006282589869,6.481700420379639,10287800.0
2020-08-06,6.594425259669388,6.60381924287737,6.162311886557254,6.284430980682373,6983300.0
2020-08-07,6.12473693176216,6.218674525453495,5.871105204830666,6.002617835998535,7275300.0
2020-08-10,6.021406463512964,6.171707089025095,5.842924778669087,5.85231876373291,5030800.0
2020-08-11,5.542323692228735,5.63626129082316,5.34505451121554,5.392023086547852,10136900.0
2020-08-12,5.551717368316002,5.636261433150803,5.3638421663829,5.373235702514648,9400200.0
2020-08-13,5.448386479358544,5.6644431953865855,5.420204973820176,5.570505142211914,7148000.0
2020-08-14,5.579898513880053,5.626867087379155,5.41081084300967,5.589292049407959,5396700.0
2020-08-17,5.7959551192761865,5.918074214816443,5.748986098551541,5.871105194091797,7694200.0
2020-08-18,6.087162112232344,6.171706173546478,5.730198795494663,5.805348873138428,8171900.0
2020-08-19,5.739592766675469,5.805348860505778,5.485961031214774,5.542323589324951,8090000.0
2020-08-20,5.467173246639154,5.6268669295732225,5.373235206415878,5.579898357391357,6075500.0
2020-08-21,5.429599423752022,5.504749514389995,5.326267825159873,5.410811901092529,5187100.0
2020-08-24,5.7677741759568395,5.795955680707413,5.532929945444739,5.5611114501953125,9181300.0
2020-08-25,5.5423236042464366,5.5423236042464366,5.269904348682255,5.438992023468018,5959300.0
2020-08-26,5.307478988341744,5.626866794471093,5.307478988341744,5.5986857414245605,6982700.0
2020-08-27,5.786561646797054,5.786561646797054,5.326267173951751,5.401417255401611,7817700.0
2020-08-28,5.777168633492335,6.134132000618983,5.758381111429346,6.087162971496582,10441800.0
2020-08-31,6.199888103874516,6.303219699185884,6.058981464437169,6.087162971496582,10020700.0
2020-09-01,6.19988814835684,6.19988814835684,5.739593630546207,5.85231876373291,8770400.0
2020-09-02,5.683230536506407,5.683230536506407,5.476567363580817,5.664443016052246,7651300.0
2020-09-03,5.51414240448914,5.720805577414729,5.420204802218335,5.664443016052246,7742200.0
2020-09-04,5.608079568393557,5.673836108808043,5.3262667836095865,5.589292049407959,9398200.0
2020-09-08,5.31687383986519,5.542324559708982,5.213542689202914,5.410811901092529,8075300.0
2020-09-09,5.551716928195674,5.8898927127956995,5.551716928195674,5.871105194091797,7251200.0
2020-09-10,5.899286989280109,5.983830603684212,5.795955407308648,5.861711502075195,8507700.0
2020-09-11,5.918074214816443,6.021405343723018,5.551716928195674,5.636260986328125,7012500.0
2020-09-14,5.673836417957745,5.8241365780319185,5.673836417957745,5.8147430419921875,5840600.0
2020-09-15,6.1341308926033165,6.218674502650621,5.927467739310401,5.9744367599487305,7456100.0
2020-09-16,5.983830791996665,6.0120122963047775,5.720805508793413,5.739593029022217,6477400.0
2020-09-17,5.438992159324735,5.48596118301444,5.345054559875133,5.4202046394348145,9291200.0
2020-09-18,5.4483858526388405,5.4483858526388405,5.166572621391052,5.194754123687744,13507400.0
2020-09-21,4.988091127429059,5.100816244359368,4.865972026789659,4.969303607940674,9547500.0
2020-09-22,4.9411223970274945,5.016272472613805,4.865971873511402,4.959909915924072,5734900.0
2020-09-23,4.837791070158143,4.875366109901018,4.649915423513961,4.687490463256836,9046400.0
2020-09-24,4.584159053474063,4.912940855504874,4.565371534727439,4.828396797180176,8210300.0
2020-09-25,4.781428358202597,4.875365954566837,4.725065800384053,4.809609413146973,4030000.0
2020-09-28,4.959910087750716,4.969303623559534,4.772034444346564,4.86597204208374,5989400.0
2020-09-29,5.006878967590586,5.128998076051289,4.959910389826349,5.091423034667969,4911400.0
2020-09-30,5.035060772863883,5.053848294675955,4.903547672249521,4.950516700744629,6817200.0
2020-10-01,5.016272630626535,5.082028724870983,4.941122552672995,4.969303607940674,4335500.0
2020-10-02,4.9786975707096,5.072635167756427,4.903547045142343,4.941122531890869,3520800.0
2020-10-05,5.0632418208791385,5.23232996475905,4.988091733790223,5.082029342651367,6192900.0
2020-10-06,5.1665737991597105,5.232330354221957,4.82839793415798,4.837791919708252,7854700.0
2020-10-07,4.875366413756339,4.978698003454251,4.7814288085445265,4.9129414558410645,4708700.0
2020-10-08,5.006878833695446,5.119603954830884,4.988091313506207,5.110210418701172,3463700.0
2020-10-09,5.326266506349352,5.5986857414245605,5.307478988341744,5.5986857414245605,8151400.0
2020-10-12,5.514142172067048,5.532929691729312,5.392023070297435,5.495354652404785,4965500.0
2020-10-13,5.4108111034547575,5.457779679214656,5.298085536185429,5.4202046394348145,4311000.0
2020-10-14,5.551717621162947,5.655049210897184,5.495355058016045,5.570505142211914,5497900.0
2020-10-15,5.401417915797846,5.476568006435819,5.354448885184176,5.410811901092529,3569500.0
2020-10-16,5.4295981542714795,5.44838567253831,5.27929756020706,5.316872596740723,3261700.0
2020-10-19,5.410811067507799,5.410811067507799,5.15717887878418,5.15717887878418,3129000.0
2020-10-20,5.185359740781036,5.2511162757873535,5.119603205774719,5.2511162757873535,3667400.0
2020-10-21,5.326267689171803,5.561111940384459,5.326267689171803,5.429599285125732,4395400.0
2020-10-22,5.251116680351346,5.28869171812708,5.044453524655025,5.194754123687744,5570400.0
2020-10-23,5.063240423802495,5.082027940390771,4.894152774508012,4.978696823120117,5245000.0
2020-10-26,4.8471851176541,4.95051671181653,4.790822552091827,4.819004058837891,4234300.0
2020-10-27,4.8283975850012295,4.950516700744629,4.7814290044359735,4.950516700744629,3202500.0
2020-10-28,4.6029471217009,4.640522163679696,4.4996155322942935,4.518403053283691,5930500.0
2020-10-29,4.471434718981375,4.659309939136114,4.4338592270205694,4.584159851074219,4050500.0
2020-10-30,4.584158920114487,4.659308992914763,4.499614864249294,4.612339973449707,4126600.0
2020-11-02,4.753246992678896,4.931728654893277,4.678096913415958,4.922334671020508,3336100.0
2020-11-03,4.978698207427664,5.0162732510518095,4.912941657120483,4.950516700744629,4664800.0
2020-11-04,4.950516291980652,5.035060357119104,4.847184706581411,4.8753662109375,3470200.0
2020-11-05,5.241722845586397,5.485961045984516,5.213541790420334,5.438992023468018,7620100.0
2020-11-06,5.542323812782888,5.561111332910431,5.40141718786141,5.476567268371582,5242000.0
2020-11-09,4.847184430296989,4.865971949486908,4.6405217192078805,4.781428337097168,6430200.0
2020-11-10,4.790822580848405,4.894154175631075,4.706278955962454,4.715672492980957,6593700.0
2020-11-11,4.4902221146876675,4.565372200635605,4.415071580809887,4.471434593200684,8889500.0
2020-11-12,4.3399207802313935,4.490221375307951,4.3399207802313935,4.405677318572998,10993200.0
2020-11-13,4.4996155322942935,4.565372079722104,4.452646505855881,4.518403053283691,3798400.0
2020-11-16,4.424465656280518,4.490222206798796,4.35870910576224,4.424465656280518,4317600.0
2020-11-17,4.443253741417976,4.443253741417976,4.330528595893651,4.349316120147705,4252100.0
2020-11-18,4.349314425072296,4.396282993437231,4.274164357344611,4.283557891845703,3802600.0
2020-11-19,4.170832636546737,4.321132766463107,4.142651138222558,4.274164199829102,4314400.0
2020-11-20,4.321134152562177,4.377496719360352,4.2929530931280215,4.377496719360352,3576500.0
2020-11-23,4.208408983470899,4.2178025205597685,4.029927299483779,4.058108806610107,6525600.0
2020-11-24,3.795082704585543,3.964170388201003,3.766901647947876,3.9078078269958496,7343000.0
2020-11-25,3.8608386430147315,4.029926300048828,3.8608386430147315,4.029926300048828,6734500.0
2020-11-27,3.8514449688738317,4.01113910394215,3.8232639144087077,3.982957601547241,2825000.0
2020-11-30,3.8702324667039263,4.0205330654401426,3.8608389312434155,3.9547765254974365,8340800.0
2020-12-01,4.133257604067645,4.321132766463107,4.123863621983012,4.274164199829102,6967200.0
2020-12-02,4.255376683589555,4.321132766463107,4.189620152786284,4.274164199829102,4130900.0
2020-12-03,4.199013818039385,4.2178013348654995,4.086288717082696,4.152045249938965,4923600.0
2020-12-04,4.133258083381125,4.18962063863585,4.058108009708158,4.067501544952393,4984200.0
2020-12-07,4.029926520572309,4.255377190217844,4.011139002095996,4.199014186859131,7150800.0
2020-12-08,4.3023455187401956,4.321133036152302,4.1614389141845205,4.236589431762695,3429700.0
2020-12-09,4.086289318831979,4.1238643580175305,3.9078076587357113,3.964170217514038,6315900.0
2020-12-10,4.029926622895494,4.105076698708871,3.973564066035461,3.982957601547241,2374400.0
2020-12-11,3.9641700411532614,4.020533045353871,3.870232447368545,3.8890199661254883,4807900.0
2020-12-14,3.8984139808761538,3.9735640565093684,3.851444959640503,3.851444959640503,3480900.0
2020-12-15,4.029927154963592,4.208408832550049,4.020533618211591,4.208408832550049,5541600.0
2020-12-16,4.283557891845703,4.311739391208453,4.123863773959504,4.283557891845703,5313200.0
2020-12-17,4.4338589848664824,4.565372079722104,4.424465448336701,4.518403053283691,6437800.0
2020-12-18,4.6499156810198174,4.659309665440666,4.490221977233887,4.490221977233887,7059000.0
2020-12-21,4.55597753007245,4.640521588001579,4.499614974096291,4.565371513366699,5572100.0
2020-12-22,4.546584494742316,4.565372015467291,4.283558756662834,4.3305277824401855,5405000.0
2020-12-23,4.292952958144219,4.415071625068875,4.292952958144219,4.396284103393555,3509300.0
2020-12-24,4.349315167410197,4.51840284865725,4.349315167410197,4.480827808380127,2402400.0
2020-12-28,4.602947289751925,4.659309854777886,4.386890566520819,4.396284103393555,5731800.0
2020-12-29,4.518402640569899,4.555977679116568,4.405677524929894,4.4432525634765625,5368400.0
2020-12-30,4.480827942059299,4.593553066253662,4.452646437045795,4.593553066253662,4077200.0
2020-12-31,4.612340826624661,4.631128348299981,4.321134016692274,4.396284103393555,5943100.0
2021-01-04,4.77203508008711,5.044454373782093,4.687491006895613,5.0068793296813965,10463500.0
2021-01-05,5.035060784124868,5.053848305978959,4.772035030237736,4.819004058837891,8610100.0
2021-01-06,4.772034316094455,4.772034316094455,4.471434011414355,4.6499152183532715,10488900.0
2021-01-07,4.499615513724903,4.555978076460496,4.415071445656598,4.490221977233887,7965500.0
2021-01-08,4.415071282577664,4.433858802795576,4.12386449523512,4.245983600616455,7677300.0
2021-01-11,4.161440034064674,4.255378094334515,4.1332589743276165,4.14265251159668,4344000.0
2021-01-12,4.152046179819857,4.255377769470215,4.095683616718707,4.255377769470215,4406100.0
2021-01-13,4.255377190217844,4.292952227170471,4.180226668382818,4.199014186859131,2491000.0
2021-01-14,4.1332580740576015,4.245983184312775,4.086289054153061,4.170833110809326,4065400.0
2021-01-15,4.114470818285985,4.189620896585852,3.9923517170837988,4.001745700836182,5700200.0
2021-01-19,4.039321416698515,4.067502476817273,3.9453833551563235,3.973564863204956,4910500.0
2021-01-20,4.086288945750126,4.2459830716734,4.086288945750126,4.217801570892334,4451200.0
2021-01-21,4.199014507670639,4.227196011503108,4.114470892032846,4.1896209716796875,3966100.0
2021-01-22,4.039321361987644,4.217802601468658,3.992352331852723,4.14265251159668,3626100.0
2021-01-25,4.152045882912502,4.20840844198324,4.058108284461275,4.161439418792725,4105600.0
2021-01-26,4.133257958254422,4.339920654598752,4.1238639753648005,4.321133136749268,4979300.0
2021-01-27,4.152045387427217,4.199013957082925,4.011138782600595,4.029926300048828,5714800.0
2021-01-28,4.217802279472948,4.339921390157022,4.180227237405514,4.255377769470215,10049500.0
2021-01-29,4.396283997699842,4.4338590401471185,4.14265223721581,4.180227279663086,7207000.0
2021-02-01,4.283558827055872,4.349315374638797,4.1990147584392306,4.255377769470215,8733200.0
2021-02-02,4.14265161862536,4.161439137043601,4.058108009708158,4.067501544952393,4317700.0
2021-02-03,4.067501544952393,4.105076581788876,4.029926508115909,4.067501544952393,3297500.0
2021-02-04,3.8890198831900458,3.9547764214019434,3.851444846477467,3.9359889030456543,4102900.0
2021-02-05,4.01113977737618,4.058108806610107,3.9172021668381856,4.058108806610107,4177500.0
2021-02-08,4.067501522408875,4.114470542159046,4.011138967466531,4.039320468902588,5946800.0
2021-02-09,4.039320282737819,4.067501334945294,3.9735637477041292,4.029926300048828,4576300.0
2021-02-10,4.086289063370634,4.1238641002071175,4.029926508115909,4.067501544952393,4142300.0
2021-02-11,4.020533501827439,4.048714559197515,3.8984143920775547,3.926595449447632,4914900.0
2021-02-12,3.8608387561103106,3.95477634610319,3.8138697371489902,3.8796262741088867,4626900.0
2021-02-16,3.7575071822841597,3.842051237223077,3.701144628301469,3.710538387298584,5726900.0
2021-02-17,3.5884194568941807,3.6541759967803955,3.5602381786421846,3.6541759967803955,7224500.0
2021-02-18,3.5696320177882934,3.672963597651777,3.522663219652572,3.5414507389068604,5695600.0
2021-02-19,3.635388442215738,3.6635699458918203,3.5790258827933785,3.6259946823120117,5884000.0
2021-02-22,3.6729636752027273,3.9078076708398317,3.6729636752027273,3.898414134979248,8793900.0
2021-02-23,3.8138701915740967,3.860839216131807,3.6635700296771283,3.8138701915740967,5512400.0
2021-02-24,3.6729635300116192,3.870232478548807,3.6259945087759684,3.851444959640503,4692400.0
2021-02-25,3.766901370801158,3.8044764088400407,3.635388289735283,3.6823573112487793,5259800.0
2021-02-26,3.635389170907576,3.682358203805771,3.5320577912544313,3.56023907661438,7455900.0
2021-03-01,3.6447824597346554,3.7011450196773796,3.5602383958556643,3.5884196758270264,4869000.0
2021-03-02,3.663570094259432,3.935989366464868,3.6447825736911197,3.8702328205108643,9288800.0
2021-03-03,3.7669013181702473,3.9829575599102047,3.7105385379345277,3.8890199661254883,7995600.0
2021-03-04,3.889019567728137,4.095682700813392,3.842050999612204,3.9453821182250977,10043900.0
2021-03-05,3.9453824512689355,4.095683046544641,3.8702323775959684,4.067501544952393,5830100.0
2021-03-08,3.982958270249852,4.114471372932904,3.9735647331609822,4.058108806610107,4877300.0
2021-03-09,4.227196080398543,4.349315185779878,4.180227055888856,4.245983600616455,6171700.0
2021-03-10,4.24598366800495,4.321133750069314,4.236590131711815,4.302346229553223,5419300.0
2021-03-11,4.292952227170471,4.3305272641230985,4.161439149906504,4.199014186859131,6757800.0
2021-03-12,4.048714365837288,4.142651965800952,4.029926845844556,4.086289405822754,3930900.0
2021-03-15,4.13325809615692,4.274164708694157,4.123864112953877,4.199014186859131,4964300.0
2021-03-16,4.199014053014875,4.283558107428317,4.189620518041026,4.217801570892334,3599100.0
2021-03-17,4.199014024030828,4.311739578447239,4.114470418130714,4.292952060699463,4569400.0
2021-03-18,4.208408695760075,4.292952763429286,4.161439669737218,4.227196216583252,4548400.0
2021-03-19,4.133258809456741,4.274165446311033,4.123864824632524,4.264771461486816,8259700.0
2021-03-22,4.255377812487477,4.321133912805291,4.161439758439448,4.180227279663086,2973600.0
2021-03-23,4.152046040148,4.161439576383949,3.8984142907599004,3.9078078269958496,6267100.0
2021-03-24,3.8984141180652934,3.9265951734545768,3.8138700560378442,3.8326575756073,3026300.0
2021-03-25,3.8326575922359583,3.898414134979248,3.81387007258499,3.898414134979248,3679200.0
2021-03-26,3.9078076596472258,4.13325834274292,3.9078076596472258,4.13325834274292,6119300.0
2021-03-29,4.0768960499978375,4.236590200959755,4.05810852917466,4.227196216583252,5366800.0
2021-03-30,4.048713846309645,4.095682864229355,3.964169793226066,3.9923512935638428,4198000.0
2021-03-31,4.001745970472201,4.1802271944954805,3.9923519860868546,4.095683574676514,5898300.0
2021-04-01,4.339920990142724,4.61234024398741,4.321133470840669,4.574765205383301,8419800.0
2021-04-05,4.593552840551191,4.612340360327134,4.490221705748407,4.527796745300293,3183000.0
2021-04-06,4.574764987940058,4.734459118381992,4.574764987940058,4.64052152633667,6216300.0
2021-04-07,4.584159304628122,4.631127880103078,4.50900922552435,4.527796745300293,5290000.0
2021-04-08,4.602946489518541,4.725065583142346,4.584158971109476,4.64052152633667,4251400.0
2021-04-09,4.443253211993235,4.612340910132501,4.424465689977762,4.584159851074219,5732500.0
2021-04-12,4.443252857388815,4.471434362127863,4.236590131711815,4.302346229553223,6307900.0
2021-04-13,4.245983042365145,4.3211331133562485,4.217801541778604,4.292952060699463,6478600.0
2021-04-14,4.19901452577915,4.217802045771883,4.076895869791292,4.086289405822754,5497000.0
2021-04-15,4.175142599215263,4.452211529698421,4.175142599215263,4.3948869705200195,7188600.0
2021-04-16,4.4235501197082385,4.519091065534246,4.375779419007651,4.5095367431640625,4093000.0
2021-04-19,4.499981769211214,4.519089953675112,4.413994711336142,4.4808735847473145,3005400.0
2021-04-20,4.394887293451494,4.538198929715429,4.366225239543787,4.452211856842041,4967700.0
2021-04-21,4.499982231582485,4.643293857574463,4.47131972415405,4.643293857574463,4682300.0
2021-04-22,4.56686043082372,4.6337388455582,4.45221087378241,4.528643608093262,4950800.0
2021-04-23,4.6337391394828416,4.710171878641931,4.557306400323753,4.576414585113525,4696500.0
2021-04-26,4.729281062963702,4.748389251791984,4.652848307650576,4.662402629852295,4361300.0
2021-04-27,4.748388629761439,4.748388629761439,4.538198580184867,4.55730676651001,3895000.0
2021-04-28,4.519090714428962,4.624185974459904,4.490428205120475,4.614631652832031,4215800.0
2021-04-29,4.538199264167161,4.538199264167161,4.356671238931455,4.423550128936768,4316700.0
2021-04-30,4.375778935139642,4.4426578176100495,4.328008695296592,4.337562561035156,2881100.0
2021-05-03,4.44265792198287,4.624185931031431,4.433103600444728,4.605077743530273,3828800.0
2021-05-04,4.547752719071608,4.624185461312294,4.3853329140226105,4.442657470703125,4620800.0
2021-05-05,4.442657774045552,4.442657774045552,4.356670705366087,4.413995265960693,3521000.0
2021-05-06,4.480873982166362,4.738834723095658,4.452211475140843,4.633739471435547,8426200.0
2021-05-07,4.7770510051000405,4.968132863074008,4.691063941224212,4.949024677276611,8075000.0
2021-05-10,5.04456693465756,5.063675123761085,4.815268209840089,4.843930721282959,5867100.0
2021-05-11,4.662402217685963,4.805713849016598,4.5955233349116344,4.757943153381348,7291700.0
2021-05-12,4.7101722116156095,4.748388583896763,4.528644215492582,4.547752857208252,5887400.0
2021-05-13,4.499982271768727,4.63373957795402,4.490427950682225,4.566861152648926,4272400.0
2021-05-14,4.691063844236605,4.805713412225694,4.6624017939206395,4.767496585845947,4969100.0
2021-05-17,4.910808345929805,5.350297078446975,4.901254480740348,5.283418655395508,12027300.0
2021-05-18,5.312080968681651,5.359851663711612,5.187877526063843,5.331189155578613,8508000.0
2021-05-19,5.340743343161236,5.503163155508373,5.120998971557775,5.226093769073486,9361100.0
2021-05-20,5.273864159134064,5.350296900406647,5.216539603179626,5.254755973815918,4893300.0
2021-05-21,5.33118860295644,5.340742923202091,5.168768803380875,5.235647678375244,4685500.0
2021-05-24,5.178323896604705,5.206985950469971,5.1114450116271986,5.206985950469971,4279300.0
2021-05-25,5.130553092913379,5.235648351246789,5.035012156053518,5.187877655029297,6815400.0
2021-05-26,5.2356478630977,5.264310369270853,5.035011686610876,5.101890563964844,6017600.0
2021-05-27,5.015903443799379,5.035011629171803,4.9299163818359375,4.9299163818359375,5431700.0
2021-05-28,4.910808196463514,5.015903443799379,4.891700011091091,4.9299163818359375,6897300.0
2021-06-01,5.063674230504807,5.120998787703059,4.987241031998722,5.025457859039307,6507200.0
2021-06-02,5.063674301404627,5.140107045405815,5.006349287828647,5.120998859405518,4416400.0
2021-06-03,4.90125447368271,4.91080833885841,4.7579428514465025,4.786605358123779,7901400.0
2021-06-04,4.863037631262686,4.901253999417694,4.824821263107679,4.872591495513916,4839800.0
2021-06-07,4.7292804278435225,4.757942935024284,4.671955869057097,4.7197265625,5993200.0
2021-06-08,4.633739400397884,4.652847586263594,4.519090285203626,4.538198471069336,7038000.0
2021-06-09,4.519090324236053,4.566861017100477,4.461765766143799,4.461765766143799,6569800.0
2021-06-10,4.452211787945886,4.605077743530273,4.41399541294357,4.605077743530273,5821100.0
2021-06-11,4.5286440109518935,4.585969022359577,4.394886714009135,4.433103084564209,8257400.0
2021-06-14,4.308900290985751,4.385333035340914,4.270683463233076,4.299345970153809,7619700.0
2021-06-15,4.2897917339269815,4.299346054947358,4.175142615133077,4.232467174530029,6050500.0
2021-06-16,4.2611298351906575,4.299346209495721,4.0318311337851584,4.089156150817871,6944800.0
2021-06-17,4.031830787658691,4.098709664738663,3.964952366153798,4.031830787658691,12141900.0
2021-06-18,4.031830978152862,4.070047806557839,3.898073673248291,3.898073673248291,9589800.0
2021-06-21,3.9649524688720703,3.9936145200952513,3.898073590059497,3.9649524688720703,5442200.0
2021-06-22,3.850303124435241,3.8694113093089246,3.7929783420266596,3.802532434463501,8171300.0
2021-06-23,3.7452084605934175,3.8503037214828106,3.6878836692957635,3.6974377632141113,7430600.0
2021-06-24,3.7643163501531474,3.8120868159596495,3.678329283913895,3.6878833770751953,6150600.0
2021-06-25,3.754762333684794,3.783424613754137,3.6496670789763157,3.6592211723327637,4778700.0
2021-06-28,3.6305588796260384,3.6783293462419957,3.535017946394124,3.5732343196868896,6912500.0
2021-06-29,3.506355816469992,3.5827885663262657,3.496801722737958,3.5159099102020264,8559800.0
2021-06-30,3.5445719856118436,3.601896544675972,3.525463799257134,3.5636801719665527,7907700.0
2021-07-01,3.6783291938080507,3.7356539791591508,3.6114505433172344,3.630558729171753,7130700.0
2021-07-02,3.706991791185345,3.7165458843466452,3.592342445462191,3.6878833770751953,4884300.0
2021-07-06,3.7929789301851566,3.8598575876135914,3.65922138754072,3.6974377632141113,8141600.0
2021-07-07,3.773870488782517,3.7834245820589265,3.6687752349544627,3.73565411567688,4477600.0
2021-07-08,3.7738705072614627,3.7929786939078456,3.5541261330405067,3.5732343196868896,7955400.0
2021-07-09,3.5636801856852207,3.6783293042548286,3.5636801856852207,3.6496670246124268,6082500.0
2021-07-12,3.6114506517558906,3.7547622777554506,3.5827883721134888,3.6496670246124268,9789700.0
2021-07-13,3.726100035229706,3.964952595749878,3.716545941920401,3.821640968322754,12504200.0
2021-07-14,3.945843583775297,3.9840599490187616,3.859856534189997,3.9267354011535645,7680700.0
2021-07-15,3.9362900701951644,3.984060764312744,3.9076280181846985,3.984060764312744,5969400.0
2021-07-16,3.955398253364352,3.984060760925552,3.831195268799425,3.8598573207855225,5433800.0
2021-07-19,3.812086918625239,3.878965572555491,3.764316451532202,3.8694117069244385,5773400.0
2021-07-20,3.926736180658249,3.993614605322984,3.8789654868333523,3.898073673248291,4370900.0
2021-07-21,3.8311951220310325,3.9458442367335604,3.8311951220310325,3.9171817302703857,3205000.0
2021-07-22,3.8980738032785376,3.9076281245922657,3.812086961543002,3.8789656162261963,2850200.0
2021-07-23,3.8407491417173825,3.869411649334162,3.73565411567688,3.73565411567688,4926900.0
2021-07-26,3.783424531652375,3.8885197840802457,3.783424531652375,3.8503034114837646,3816100.0
2021-07-27,3.898073390254278,3.898073390254278,3.8120865576295633,3.888519525527954,3149000.0
2021-07-28,3.8503032460453617,3.9553980383824614,3.8216407400420125,3.9458441734313965,2876800.0
2021-07-29,4.070047312235735,4.136925728777843,4.05093867256651,4.060492992401123,4236700.0
2021-07-30,3.97450628762165,4.012722659189159,3.898073544486631,3.9171817302703857,4979200.0
2021-08-02,3.9267361404136225,3.9936145643929297,3.88851976797542,3.974506378173828,2707100.0
2021-08-03,3.9458441371508752,4.050938928521669,3.9362898167125815,4.022276878356934,1779000.0
2021-08-04,4.108263985282264,4.156034221275034,4.003168737178045,4.031830787658691,4416600.0
2021-08-05,3.9936147156896866,4.003169036948747,3.8216410332026096,3.83119535446167,4565700.0
2021-08-06,3.7069919102820377,3.7261000972185383,3.563680280470726,3.5827884674072266,8274800.0
2021-08-09,3.4776934603621923,3.5445721150458236,3.391706390838537,3.4203686714172363,7480000.0
2021-08-10,3.3630438587882607,3.3917061372237383,3.3057193019173057,3.334381580352783,4977900.0
2021-08-11,3.4299222705951875,3.506355235576469,3.4299222705951875,3.4585845470428467,4268300.0
2021-08-12,3.420368415659216,3.420368415659216,3.3152733947291315,3.334381580352783,3311200.0
2021-08-13,3.4012604303224703,3.4394768038201864,3.3630440568247546,3.4108145236968994,3581900.0
2021-08-16,3.4681392804644253,3.506355653617606,3.4394767728119877,3.4872474670410156,3492000.0
2021-08-17,3.477693557739258,3.5827885894705322,3.468139463945506,3.477693557739258,5902200.0
2021-08-18,3.4872472737064335,3.4872472737064335,3.334381561781104,3.3725979328155518,4527800.0
2021-08-19,3.41081432284739,3.41081432284739,3.3248274875409574,3.334381580352783,3791200.0
2021-08-20,3.363044110259838,3.4681393668359592,3.343935923207372,3.4203686714172363,3659200.0
2021-08-23,3.5445723823129973,3.6496674190259166,3.496801911079852,3.5923428535461426,4692500.0
2021-08-24,3.582788413010081,3.601896599656464,3.5254638530709324,3.5732343196868896,3782900.0
2021-08-25,3.535017887877259,3.535017887877259,3.4108144489442176,3.439476728439331,4287400.0
2021-08-26,3.3725980963112465,3.4776933495382893,3.3534899098677022,3.4012603759765625,4241100.0
2021-08-27,3.4394768483130593,3.6783294135511206,3.4203686613170188,3.6687753200531006,7508200.0
2021-08-30,3.6687757700566705,3.6783298647265736,3.592343012697443,3.6210052967071533,4256100.0
2021-08-31,3.4872476898835503,3.6210050044670594,3.477693595984728,3.6114509105682373,7107500.0
2021-09-01,3.6210049967058016,3.6305590905841454,3.5254640579223633,3.5254640579223633,4787000.0
2021-09-02,3.439476582125835,3.439476582125835,3.31527337626388,3.3725979328155518,9517700.0
2021-09-03,3.353490114212036,3.429922864643629,3.324827832800189,3.353490114212036,9536300.0
2021-09-07,3.2483947174664367,3.2770569956585627,3.1241912841796875,3.1241912841796875,9063600.0
2021-09-08,3.1241913028683603,3.1241913028683603,3.0190962822018963,3.085974931716919,6484900.0
2021-09-09,3.06686665381443,3.06686665381443,2.980879593524752,3.0286502838134766,9150100.0
2021-09-10,3.0477584866883327,3.0573125792446034,2.971325518450632,2.990433931350708,5909900.0
2021-09-13,3.019096422112106,3.210178286724381,2.999988235650878,3.1528537273406982,9802800.0
2021-09-14,3.2675030035111066,3.324827561659974,3.171961845475448,3.3057193756103516,8906100.0
2021-09-15,3.229286832982306,3.296165488330517,3.2101784179524,3.257949113845825,5215300.0
2021-09-16,3.085975061071501,3.085975061071501,2.9904341291881154,3.066866874694824,8232300.0
2021-09-17,3.028650374989757,3.0955290245047795,3.0190962822018963,3.085974931716919,10289200.0
2021-09-20,3.0668668882651744,3.162407820571312,3.0382046085733334,3.1528537273406982,5418500.0
2021-09-21,3.1815158963918226,3.210178175086902,3.105083153204945,3.1337454319000244,4244600.0
2021-09-22,3.1337455614646768,3.2197324011050377,3.105083281584556,3.1146373748779297,5199300.0
2021-09-23,3.0859746374548362,3.095528729331669,3.009541902440171,3.076420545578003,6889900.0
2021-09-24,3.0668667095554722,3.1146371729249034,3.0382044315338135,3.0382044315338135,5874600.0
2021-09-27,3.0668667461411983,3.162407674019802,3.0477585605654776,3.085974931716919,4352300.0
2021-09-28,3.0095421535121547,3.0668667095554722,2.9808796477029587,3.0382044315338135,5347400.0
2021-09-29,2.9904339757071763,2.999988068405161,2.8662305428458383,2.8757846355438232,6228900.0
2021-09-30,2.9522176754419873,3.0668670271903737,2.933109488115183,3.009542465209961,7343100.0
2021-10-01,3.057312616881586,3.0668667095554722,2.9999880608382683,3.0382044315338135,2604900.0
2021-10-04,3.009541902440171,3.095528729331669,2.999987810563338,3.076420545578003,4548800.0
2021-10-05,3.0859752241625706,3.1241915989356266,3.0095424746164587,3.095529317855835,3827200.0
2021-10-06,3.0955292944983244,3.257949113845825,3.0764211072559786,3.257949113845825,6426700.0
2021-10-07,3.23884079790183,3.3248276370755323,3.2292867046603075,3.27705717086792,3492600.0
2021-10-08,3.41081437885407,3.4394766577601916,3.3057193561982916,3.34393572807312,4872500.0
2021-10-11,3.3439359446049917,3.4299227868913134,3.3343818510176226,3.3821523189544678,2803000.0
2021-10-12,3.4681394946523003,3.5827886211924262,3.420368797473015,3.5254640579223633,5191500.0
2021-10-13,3.592342445462191,3.706991791185345,3.592342445462191,3.6878833770751953,6223300.0
2021-10-14,3.744531630634844,3.754132984398961,3.667720571607579,3.7349302768707275,5218200.0
2021-10-15,3.581308145737132,3.754132730727595,3.562105439506449,3.7061257362365723,5464600.0
2021-10-18,3.6773221485199827,3.7349305035148204,3.6389167311329875,3.6485180854797363,3178300.0
2021-10-19,3.7445313776122537,3.763734083842937,3.648517617544523,3.7061257362365723,4284000.0
2021-10-20,3.7637343423162988,3.869349462752459,3.7637343423162988,3.7829370498657227,5331100.0
2021-10-21,3.734930039896219,3.754132746206076,3.6773216920523324,3.7445313930511475,3591300.0
2021-10-22,3.8405449290098077,3.926957336417691,3.7733354568481445,3.7733354568481445,5133700.0
2021-10-25,3.8501467585250375,3.8597478833937027,3.7925384069127306,3.8213424682617188,4446500.0
2021-10-26,3.782937048208737,3.792538401979243,3.7157273429008626,3.7637343406677246,4043700.0
2021-10-27,3.782937034315184,3.7925383880504278,3.6965246217836634,3.7157273292541504,4457900.0
2021-10-28,3.7157273203874817,3.7445316104388073,3.610112429551828,3.61971378326416,4097500.0
2021-10-29,3.5621056376189566,3.5621056376189566,3.4468891649125846,3.4756932258605957,4042300.0
2021-11-01,3.494896400924117,3.5140991095351555,3.4468894004821777,3.4468894004821777,3119900.0
2021-11-02,3.4276866906906065,3.437288044992819,3.36047721057512,3.4084839820861816,2994900.0
2021-11-03,3.3604769764666127,3.466091866433259,3.312470208299955,3.4180850982666016,7925300.0
2021-11-04,3.5236997183871166,3.590909184307304,3.379679205358134,3.3892805576324463,6334600.0
2021-11-05,3.3892808213319237,3.4852945804595947,3.3412740562252448,3.4852945804595947,6216500.0
2021-11-08,3.533301347161274,3.571706759263954,3.466091647067271,3.4948959350585938,6040800.0
2021-11-09,3.504497513797231,3.5333015747294145,3.408483748442292,3.4564905166625977,7127800.0
2021-11-10,3.5909097167641435,3.6773219000460764,3.562105655670166,3.562105655670166,9745100.0
2021-11-11,3.850146312912683,4.003767955660593,3.850146312912683,3.946159839630127,11380800.0
2021-11-12,3.850146540221123,3.9365584904541855,3.8021395451138162,3.90775465965271,6378700.0
2021-11-15,3.936558962702594,3.98456596356905,3.8885524196648285,3.9749643802642822,3776800.0
2021-11-16,4.0037681893036385,4.042173602231794,3.936558487765048,3.955761194229126,4787300.0
2021-11-17,4.09018038566565,4.147788502077032,4.042173393075192,4.080578804016113,6868200.0
2021-11-18,4.080579760790127,4.099782470763049,3.9653635009525927,4.0037689208984375,4821500.0
2021-11-19,4.0037681864080445,4.013369310718822,3.869349241256714,3.869349241256714,4416300.0
2021-11-22,3.8309438252843684,3.898153301822177,3.7253289335820985,3.859747886657715,5885600.0
2021-11-23,3.7925381631800485,3.821342222677904,3.6965244026062134,3.7733354568481445,5430600.0
2021-11-24,3.7061259866640466,3.7733356919271945,3.677321925371696,3.7349302768707275,3246300.0
2021-11-26,3.7925381431889615,3.821342202534986,3.6389162644291813,3.7061257362365723,4113300.0
2021-11-29,3.7829368253874294,3.878950357437134,3.715727124038319,3.878950357437134,8976100.0
2021-11-30,3.9941664115859195,4.1573896374527965,3.9653625822144782,4.090180397033691,8292800.0
2021-12-01,4.195795253944417,4.224599542554852,3.946160069911405,3.955761194229126,7323100.0
2021-12-02,4.022970895767717,4.042173602231794,3.8885519505191715,3.955761194229126,7632800.0
2021-12-03,4.080579749267258,4.099782459185955,3.9557619058813676,4.0517754554748535,9751100.0
2021-12-06,4.013369319143641,4.061376314284209,3.91735578669114,3.926957368850708,5882400.0
2021-12-07,3.9749641296363354,4.003768419905789,3.8117411152906358,3.8309438228607178,7966900.0
2021-12-08,3.792538401979243,3.8213424632907618,3.7157273429008626,3.7637343406677246,4949300.0
2021-12-09,3.73493002149096,3.7541327277061884,3.629314908392889,3.686923027038574,4929500.0
2021-12-10,3.6389162320773205,3.6389162320773205,3.4948959366276124,3.5044972896575928,6015500.0
2021-12-13,3.504497513797231,3.5525042820175368,3.4468891630185365,3.4564905166625977,7183100.0
2021-12-14,3.446889400187878,3.5140991092351173,3.389281274359682,3.4372880458831787,5731600.0
2021-12-15,3.4660918594411627,3.4756932130551257,3.264463433547943,3.3508756160736084,6739200.0
2021-12-16,3.446889188369951,3.629315137863159,3.4180851272259174,3.629315137863159,4920100.0
2021-12-17,3.7253286560714876,3.7541327152991357,3.5813081310189343,3.610112190246582,13147300.0
2021-12-20,3.6389162644291813,3.7253286713815705,3.600510851967815,3.7061257362365723,4235800.0
2021-12-21,3.7925384036404344,3.802139757415146,3.686923283204274,3.7829370498657227,4779200.0
2021-12-22,3.8021397590637207,3.8117411128425958,3.725328928832722,3.8021397590637207,2861700.0
2021-12-23,3.773335934122522,3.8309440604048577,3.715727578925841,3.792538642883301,3376200.0
2021-12-27,3.754132992580389,3.840545176645759,3.725328931225265,3.8309438228607178,2456800.0
2021-12-28,3.840545170831774,3.8885521685986357,3.7637343406677246,3.7637343406677246,2913600.0
2021-12-29,3.7445316347668753,3.8309438187392812,3.7349302809921636,3.7829370498657227,3491000.0
2021-12-30,3.840544950084031,3.91735577583313,3.8117408904281187,3.91735577583313,4307800.0
2021-12-31,3.926957134286638,3.9557609633875668,3.8789501420136117,3.946159839630127,1955400.0
2022-01-03,3.8309438145118957,3.8405451682760123,3.7253289231066105,3.7349302768707275,3836900.0
2022-01-04,3.8021395119807178,3.8405449246004317,3.715727104672046,3.7445313930511475,4808800.0
2022-01-05,3.7925386295953136,3.8501469845901513,3.6293153767862387,3.6485180854797363,6044700.0
2022-01-06,3.533301070661429,3.552503775210054,3.379679205358134,3.3892805576324463,5954200.0
2022-01-07,3.418085093369484,3.418085093369484,3.34127426441288,3.3700783252716064,3624600.0
2022-01-10,3.350875382616927,3.3988821473420927,3.283665912001695,3.3796794414520264,4629700.0
2022-01-11,3.4948959533359902,3.610112190246582,3.4564903121181456,3.610112190246582,5619400.0
2022-01-12,3.6677205707856078,3.7253289222717285,3.6389165094997127,3.7253289222717285,4726500.0
2022-01-13,3.7157273203874817,3.734930256726475,3.610112429551828,3.61971378326416,3025000.0
2022-01-14,3.629315132471653,3.629315132471653,3.5429029491679214,3.571707010269165,3155700.0
2022-01-18,3.494896161116044,3.5429029293495757,3.446889163968184,3.4660918712615967,4512800.0
2022-01-19,3.5813084107156317,4.070977684742654,3.562105703064154,4.032572269439697,12109000.0
2022-01-20,4.090180358620597,4.090180358620597,3.946159839630127,3.946159839630127,7705300.0
2022-01-21,4.013369308019504,4.051774720894053,3.898153069395855,3.91735577583313,5561600.0
2022-01-24,3.859747886657715,3.878950594239946,3.67732193571219,3.859747886657715,8884500.0
2022-01-25,3.7829372928509324,4.00376867276805,3.754133229676658,3.9941670894622803,7615800.0
2022-01-26,3.811741080732301,3.8597478492222637,3.5044975334822106,3.562105655670166,10410000.0
2022-01-27,3.4468889120672586,3.523699964541835,3.36047673556196,3.3796794414520264,7266100.0
2022-01-28,3.3220713035839857,3.331672656470644,3.2068548400297807,3.264463186264038,7067000.0
2022-01-31,3.293267731593872,3.4660921090932164,3.293267731593872,3.4468894004821777,4696200.0
2022-02-01,3.5044972880842638,3.571706759263954,3.456490294041601,3.4948959350585938,4527200.0
2022-02-02,3.4564905166625977,3.5429029283734756,3.418085102086353,3.4564905166625977,4218400.0
2022-02-03,3.3988823909999386,3.4852948026142494,3.350875622833281,3.4180850982666016,4027600.0
2022-02-04,3.398882395734652,3.494896161116044,3.398882395734652,3.4660918712615967,2459100.0
2022-02-07,3.4852948278399274,3.629315133382282,3.427686476708656,3.581308364868164,5108200.0
2022-02-08,3.5909097230044478,3.629315137863159,3.523700247001703,3.629315137863159,6116200.0
2022-02-09,3.581308363066151,3.6293151315561136,3.562105655670166,3.562105655670166,4030100.0
2022-02-10,3.552504053212614,3.667720289520655,3.466091647067271,3.4948959350585938,5167400.0
2022-02-11,3.4564903221396945,3.715727084854456,3.4564903221396945,3.677321672439575,8100000.0
2022-02-14,3.6773221614042835,3.8117413516440792,3.6773221614042835,3.792538642883301,9504000.0
2022-02-15,3.5237002220561626,3.533301575702869,3.418085103028065,3.4660918712615967,13199500.0
2022-02-16,3.475693478082977,3.6869235026111538,3.475693478082977,3.6389167308807373,10840800.0
2022-02-17,3.73493008013171,3.984565493763427,3.6677203784088612,3.965362787246704,15545000.0
2022-02-18,3.926957374213258,4.022970906796873,3.850146548146366,3.965362787246704,13276600.0
2022-02-22,3.8213424632907618,3.907754876139648,3.734930279356206,3.7637343406677246,11205800.0
2022-02-23,3.715727134513835,4.0037681893036385,3.715727134513835,3.955761194229126,10158500.0
2022-02-24,4.176592788036531,4.205397078305985,3.773335700150471,3.8309438228607178,15045200.0
2022-02-25,3.7445314029814063,3.8117408752441406,3.6869230549847463,3.8117408752441406,7951300.0
2022-02-28,4.070977222366577,4.224599323958875,4.003767982134271,4.080578804016113,10875600.0
2022-03-01,4.214997865035908,4.637457855515272,4.214997865035908,4.627856731414795,17791200.0
2022-03-02,4.627857205852353,4.685465329846945,4.493437792036297,4.589451789855957,12082200.0
2022-03-03,4.599052452786069,4.685464859008789,4.551045458700418,4.685464859008789,9659200.0
2022-03-04,4.695066481928685,5.0311141027437785,4.695066481928685,4.887094020843506,12331300.0
2022-03-07,5.021513452199674,5.1079258757698325,4.887094482735097,5.03111457824707,14631600.0
2022-03-08,5.16553352517715,5.280749774003805,4.77187732160973,5.021512985229492,21134100.0
2022-03-09,4.618255209914548,5.031113623866972,4.570248673126759,4.96390438079834,13230200.0
2022-03-10,4.973506001815798,5.213540083217058,4.973506001815798,5.146330833435059,9848800.0
2022-03-11,4.915898318706004,5.117527001817229,4.83908747901196,5.03111457824707,7799800.0
2022-03-14,4.839086509032266,4.896694627255433,4.656660572411258,4.752674102783203,11322700.0
2022-03-15,4.493437344805986,4.858289218286829,4.48383622067682,4.771876811981201,11610100.0
2022-03-16,4.752674586198561,4.791080002253722,4.579850213950336,4.704668045043945,8565100.0
2022-03-17,4.800681125206201,4.963904356715792,4.743073006643162,4.8102827072143555,7070700.0
2022-03-18,4.762276649475098,4.84868907322956,4.6950669356851025,4.762276649475098,13958700.0
2022-03-21,4.685465356788715,4.95430327030932,4.6662626486801,4.887094020843506,7156900.0
2022-03-22,4.800681100025953,4.8198838061129115,4.618255163285531,4.771876811981201,9004900.0
2022-03-23,4.839087030024096,5.059918402569305,4.733471906329777,5.04071569442749,8550400.0
2022-03-24,5.079121592725345,5.184736726442656,4.983108042904479,5.002310752868652,8470900.0
2022-03-25,4.896695142538394,5.0695199732230085,4.858289726348184,4.992708683013916,5273200.0
2022-03-28,4.848688087784134,4.858289211900679,4.7142686875234885,4.733471393585205,5435200.0
2022-03-29,4.541444340597684,4.733471401537461,4.483836222315751,4.723870277404785,7815800.0
2022-03-30,4.771877314363143,4.9735059784179345,4.771877314363143,4.887094020843506,5813400.0
2022-03-31,4.887094017536372,4.954303266956704,4.819884310287364,4.829485893249512,4748500.0
2022-04-01,4.8102836430410525,5.040716162123185,4.791080475288823,5.03111457824707,4663600.0
2022-04-04,4.925498910476467,4.944701616532123,4.608654031643821,4.666262149810791,8511800.0
2022-04-05,4.685465313019676,4.781478852665843,4.455032360040203,4.483836650848389,6757200.0
2022-04-06,4.435829645912796,4.608654474863081,4.435829645912796,4.531843185424805,8106400.0
2022-04-07,4.527981229551516,4.643835648044184,4.479708324997303,4.566599369049072,5308200.0
2022-04-08,4.585908981600464,4.730727252039713,4.585908981600464,4.692109107971191,4278700.0
2022-04-11,4.798308920936786,4.798308920936786,4.547290976803387,4.595563888549805,4768000.0
2022-04-12,4.721072151164319,4.740381221829763,4.547290515175324,4.576253890991211,5083500.0
2022-04-13,4.65349096390267,4.750036324073973,4.585908981600464,4.692109107971191,4367000.0
2022-04-14,4.634181947934766,4.6631453261542735,4.51832705396295,4.653491020202637,4842800.0
2022-04-18,4.769345453809857,4.865890815149207,4.643836253886404,4.653491020202637,6348200.0
2022-04-19,4.585908936705644,4.595563702810551,4.33489054235307,4.3831634521484375,5937200.0
2022-04-20,4.383163129083993,4.460399410772152,4.296272082002538,4.450745105743408,4094000.0
2022-04-21,4.363854064239204,4.373508829644839,4.1707633597720255,4.267308712005615,9992200.0
2022-04-22,4.151454268205592,4.209381479251052,4.035599385750121,4.1031813621521,5377100.0
2022-04-25,3.8811267967143763,4.01629028823968,3.8135450509517246,3.9487087726593018,6966700.0
2022-04-26,3.9873266978835904,4.035599140640617,3.8907813520050154,3.9293994903564453,4854600.0
2022-04-27,3.9487088041544487,4.025945085642092,3.910090663410627,3.9197449684143066,4052800.0
2022-04-28,3.919745502631246,4.0549090136558785,3.871473050304756,4.045254707336426,4874900.0
2022-04-29,4.083872264184605,4.161108545056207,3.9487087726593018,3.9487087726593018,4282400.0
2022-05-02,3.8521631913875254,3.958363077585978,3.745963305189073,3.9487087726593018,6429200.0
2022-05-03,3.8907818995417993,4.074217852343161,3.8907818995417993,4.035599708557129,5123900.0
2022-05-04,3.977672200480675,4.112836154160519,3.910090684005307,4.083872318267822,5284400.0
2022-05-05,4.054908511008885,4.074217581618849,3.8231996636893175,3.8907816410064697,8807300.0
2022-05-06,3.794235944747925,3.8328540848174577,3.7556178046783923,3.794235944747925,8506000.0
2022-05-09,3.5528727926149655,3.6011454738633413,3.456327199935913,3.456327199935913,9008700.0
2022-05-10,3.5432179043808647,3.5818360455432265,3.292199756643235,3.359781503677368,5970900.0
2022-05-11,3.4563268428905918,3.5045997493345826,3.3501269551148214,3.369436025619507,4957500.0
2022-05-12,3.2728909389048364,3.3018545470141523,3.0894545240302067,3.1763453483581543,9709700.0
2022-05-13,3.1763448419635196,3.4177084345769453,3.166690307466273,3.388744831085205,6812600.0
2022-05-16,3.330817972782876,3.533563448631389,3.3211634372749606,3.4756360054016113,6331500.0
2022-05-17,3.5239092279976387,3.562527373479974,3.3984000249977457,3.427363634109497,4777800.0
2022-05-18,3.3983997133332418,3.4563269262442864,3.3018543584815006,3.311508893966675,3380000.0
2022-05-19,3.456326902371868,3.562527022157555,3.427363296116394,3.5045998096466064,6674700.0
2022-05-20,3.4852905545508794,3.4949450900965826,3.379090663548143,3.4659814834594727,5589500.0
2022-05-23,3.5625272076762435,3.6107998872825013,3.5045999921487336,3.5432181358337402,4276700.0
2022-05-24,3.5045999921487336,3.6107998872825013,3.485290690123937,3.5432181358337402,4393400.0
2022-05-25,3.475635973208851,3.514254345065098,3.408054225279411,3.5045998096466064,3799500.0
2022-05-26,3.485290513852922,3.5432179566330038,3.4466723721210553,3.4949450492858887,3212300.0
2022-05-27,3.552872671754992,3.5625272076762435,3.4756361542026855,3.5432181358337402,3146500.0
2022-05-31,3.5625268656614915,3.5818359356502576,3.2439267504823013,3.2535812854766846,7838200.0
2022-06-01,3.263236317545287,3.2728908533292906,3.1666907295229607,3.2342724800109863,3992600.0
2022-06-02,3.3404726513051632,3.5818362795187464,3.3308181153839116,3.5432181358337402,6818200.0
2022-06-03,3.4852905820628504,3.5142544191108773,3.398399761465627,3.4466724395751953,4124700.0
2022-06-06,3.4466723350258155,3.4563268703548737,3.2921997697608782,3.3501269817352295,3561900.0
2022-06-07,3.282545115797672,3.3211632557182122,3.205308605774322,3.2632360458374023,5621300.0
2022-06-08,3.1859995922546296,3.2535813383127974,3.1377269164987953,3.21496319770813,6737800.0
2022-06-09,3.1666906979625917,3.1666906979625917,3.070145341084761,3.089454412460327,3627000.0
2022-06-10,3.0411815611242137,3.4080541265848265,3.0411815611242137,3.398399591445923,9329400.0
2022-06-13,3.2149634638658258,3.2439270717171413,3.0218727448570566,3.031527280807495,6665800.0
2022-06-14,3.079799806154573,3.079799806154573,2.9253270085097247,2.963945150375366,4214600.0
2022-06-15,3.1377268753289034,3.1859995504513554,2.9542904796813145,3.0701451301574707,8709300.0
2022-06-16,3.0315270423288365,3.224617746147897,3.002563206573702,3.205308675765991,11393900.0
2022-06-17,3.147381413202254,3.2632360637832765,3.099108738036108,3.243926763534546,12960700.0
2022-06-21,3.22461806275628,3.3211636543273926,3.1956544543396355,3.3211636543273926,6962900.0
2022-06-22,3.2053087567219354,3.330817947556565,3.147381544113159,3.147381544113159,4699800.0
2022-06-23,3.128072340304413,3.1956540854758457,2.9929086197792762,3.0701451301574707,4717900.0
2022-06-24,3.0701452344721987,3.2053087294075313,3.0315270930621034,3.1666905879974365,4044800.0
2022-06-27,3.1956542642540593,3.3308179923408185,3.1666906575602436,3.2921998500823975,5045700.0
2022-06-28,3.282545474941275,3.3018545470141523,3.1473817402488384,3.1763453483581543,3427000.0
2022-06-29,3.243926926445889,3.282545298700508,3.089454358156546,3.128072500228882,3573100.0
2022-06-30,3.1377266956892402,3.1473812301609936,3.0122175173741863,3.0218722820281982,3795100.0
2022-07-01,2.9929087598440605,3.1473815576473325,2.9349815469861893,3.1377270221710205,4457700.0
2022-07-05,3.0604905951329804,3.099108735230942,2.983254084754786,3.0701451301574707,7294200.0
2022-07-06,3.0701452871203783,3.1666906423012176,3.0315271450480425,3.128072500228882,5454400.0
2022-07-07,3.166690628599956,3.234272376934139,3.118417951218397,3.1377270221710205,5456500.0
2022-07-08,3.185999884394593,3.263236402868398,3.128072668175961,3.1763453483581543,4416100.0
2022-07-11,3.1280725275494174,3.214963347971076,3.0991089207421982,3.1087634563446045,2685300.0
2022-07-12,3.079799792147291,3.1184179338372924,2.954290601472504,2.973599672317505,3952700.0
2022-07-13,2.9446360824625013,3.176345164076268,2.9349815469861893,3.1377270221710205,5045900.0
2022-07-14,2.944636106491089,2.963945177601277,2.8191271442748667,2.944636106491089,6418900.0
2022-07-15,2.9446361338967084,2.9446361338967084,2.8770543843820695,2.9253270626068115,4475100.0
2022-07-18,2.954290925002399,3.002563607401332,2.915672779083252,2.915672779083252,4847000.0
2022-07-19,2.9446360929226203,3.0122178414968714,2.9060179508801913,2.9542906284332275,3055500.0
2022-07-20,2.9253268765431883,2.963945016666699,2.8673996663579224,2.8867087364196777,4868100.0
2022-07-21,2.8867090438534992,3.0025634765625,2.857745435676249,3.0025634765625,5057200.0
2022-07-22,3.079799995217464,3.1956544279264647,2.992908940503417,3.0025634765625,3673300.0
2022-07-25,3.041181554859984,3.041181554859984,2.8673996925354004,2.8673996925354004,5364600.0
2022-07-26,2.8963633758497713,2.9832541942596436,2.8867088404708965,2.9832541942596436,3192400.0
2022-07-27,3.002563361087992,3.1087634838358933,2.9446361469612934,3.089454412460327,4120700.0
2022-07-28,3.1859997133373854,3.224617855409721,3.079799822638462,3.128072500228882,5351000.0
2022-07-29,3.147381768351235,3.1763453767191616,3.050836407124813,3.157036304473877,2878100.0
2022-08-01,3.147381768351235,3.1859999128418037,3.0894545516153817,3.157036304473877,2483500.0
2022-08-02,3.1570361067831336,3.301854369736676,3.108763429192714,3.128072500228882,5533300.0
2022-08-03,3.099108775225559,3.1087633103746435,3.0122177287015277,3.0411815643310547,4196300.0
2022-08-04,3.0122178178437338,3.185999685852343,2.9929087469741416,3.147381544113159,6161400.0
2022-08-05,3.0894543476253875,3.311508893966675,3.0797998121402137,3.311508893966675,4332500.0
2022-08-08,3.369436415885994,3.475636315962416,3.369436415885994,3.427363634109497,3340200.0
2022-08-09,3.437017786002092,3.4756359271644537,3.3018542919338256,3.359781503677368,2957600.0
2022-08-10,3.475635872557152,3.4852904076960556,3.3501269157514044,3.398399591445923,3140600.0
2022-08-11,3.4080544795773258,3.456327160271733,3.30185458204963,3.3211636543273926,2796500.0
2022-08-12,3.3597814771330183,3.427363223633214,3.3211633362757635,3.3790905475616455,1908600.0
2022-08-15,3.321163349357793,3.3790905608718496,3.3018542788531073,3.369436025619507,1757100.0
2022-08-16,3.311508840418995,3.3501269817352295,3.272890699102761,3.3501269817352295,2182300.0
2022-08-17,3.301854285318977,3.311508820590226,3.1473814907967186,3.185999631881714,3539800.0
2022-08-18,3.2053086494270304,3.2342722547618874,3.166690508980555,3.2246177196502686,2181600.0
2022-08-19,3.157036162274809,3.157036162274809,3.070145341084761,3.089454412460327,3035900.0
2022-08-22,3.060490764926055,3.128072513846858,3.0411816938058256,3.118417978286743,2983200.0
2022-08-23,3.118417951218397,3.234272376934139,3.108763415742085,3.1377270221710205,3862300.0
2022-08-24,3.089454305177246,3.17634512334996,3.0604906991196748,3.1666905879974365,3827500.0
2022-08-25,3.185999884394593,3.1956544204310315,3.128072668175961,3.1763453483581543,2857200.0
2022-08-26,3.176345042667963,3.234272253311703,3.0122177156617598,3.0508360862731934,3480600.0
2022-08-29,2.9929087981481906,3.0508362419297166,2.93498158454895,2.93498158454895,3423200.0
2022-08-30,2.886708591671236,2.896363126218006,2.5970723250858874,2.6260359287261963,8910000.0
2022-08-31,2.5391457297103712,2.6067274878241897,2.413636520173821,2.51983642578125,13794800.0
2022-09-01,2.4329454075746035,2.4619090159764085,2.3267455101013184,2.3267455101013184,8549400.0
2022-09-02,2.3557089938423816,2.4715634213187516,2.317090851350258,2.4136362075805664,8641700.0
2022-09-06,2.375018271285748,2.4232909535919003,2.2495090671074465,2.2688181400299072,6428100.0
2022-09-07,2.249509004625408,2.346054596738382,2.2205453960462056,2.3170909881591797,5938400.0
2022-09-08,2.191581782999206,2.210890855345977,2.0853818850919654,2.152963638305664,10025200.0
2022-09-09,2.1915815745546436,2.3170907630535904,2.181927039299515,2.307436227798462,9356800.0
2022-09-12,2.249508817385082,2.336399866072517,2.220545211216697,2.278472423553467,9429200.0
2022-09-13,2.1433086764678917,2.201235882003773,2.114345073699951,2.114345073699951,5830700.0
2022-09-14,2.114345073699951,2.162617744979852,2.08538147093201,2.114345073699951,6453900.0
2022-09-15,2.0660727499222786,2.095036357561741,1.9984907685812408,2.027454376220703,11252200.0
2022-09-16,1.9502180060293637,2.095036268234253,1.9309089350930162,2.095036268234253,14989700.0
2022-09-19,2.027454289774754,2.1143453391706006,2.0081452188384064,2.095036268234253,7245500.0
2022-09-20,2.0274541124389645,2.0467631816864014,2.0081450431915275,2.0467631816864014,6614600.0
2022-09-21,2.046763177262009,2.1529632880756058,2.008145038850614,2.056417942047119,7542800.0
2022-09-22,2.0274541080563115,2.085381545855665,2.0177995734534626,2.056417942047119,6481700.0
2022-09-23,1.882636241457675,1.9598725245345747,1.8729817060730625,1.9309089183807373,19660300.0
2022-09-26,1.9115998343696723,2.027454258182487,1.9019452990519377,1.940563440322876,10862800.0
2022-09-27,2.075727157642029,2.162617975195581,2.075727157642029,2.123999834060669,8592500.0
2022-09-28,2.172272355210808,2.2688177011472725,2.172272355210808,2.239854097366333,8542200.0
2022-09-29,2.2301997466061585,2.278472423553467,2.191581605048312,2.278472423553467,6418200.0
2022-09-30,2.2977818738999445,2.3750181620369863,2.2591634996491283,2.3460545539855957,7377800.0
2022-10-03,2.3943272603070582,2.5005271576591745,2.3557091158153796,2.490872621536255,9414300.0
2022-10-04,2.626035975496092,2.799817830615273,2.6067269060586566,2.7708539962768555,12729800.0
2022-10-05,2.6936178472153998,2.7322359879352613,2.6163815657756757,2.6743087768554688,7167700.0
2022-10-06,2.751544939571326,2.8094723783339366,2.7032722657543715,2.761199474334717,5623300.0
2022-10-07,2.8094724046084765,2.8480905440232016,2.722581360743077,2.7418904304504395,9047700.0
2022-10-10,2.6839635655154357,2.7418907820660148,2.6453454211483827,2.664654493331909,4412900.0
2022-10-11,2.7129269446286344,2.7998179922970765,2.6549997329711914,2.6549997329711914,5874600.0
2022-10-12,2.664654350333945,2.7032724926285656,2.577763530171049,2.5970726013183594,4719800.0
2022-10-13,2.473864498913587,2.5805803539197236,2.425357397229028,2.5320730209350586,6082000.0
2022-10-14,2.5611772778378894,2.5805801167283207,2.396252915969137,2.43505859375,7722600.0
2022-10-17,2.5708787369430866,2.755205709245729,2.5514758977533347,2.6678929328918457,8740100.0
2022-10-18,2.696997145708196,2.7066985651377187,2.5999829514129704,2.629087209701538,4744500.0
2022-10-19,2.5611775132459003,2.5999831945935474,2.522371600598147,2.5320730209350586,2965500.0
2022-10-20,2.473864498913587,2.6290874556042834,2.473864498913587,2.5320730209350586,4938900.0
2022-10-21,2.5902815511649355,2.6969971656799316,2.551475873159483,2.6969971656799316,4812200.0
2022-10-24,2.619385624057354,2.6484898804990937,2.5611771111738744,2.6387884616851807,4377100.0
2022-10-25,2.619385904185523,2.7261015225511875,2.619385904185523,2.6775944232940674,4372500.0
2022-10-26,2.7163998597397057,2.7940114429094622,2.7163998597397057,2.7746083736419678,3598700.0
2022-10-27,2.8037128618931724,2.842518537828014,2.755205535674547,2.7746083736419678,2931400.0
2022-10-28,2.7163998597397057,2.7843097926256783,2.687295602788575,2.7746083736419678,2352000.0
2022-10-31,2.687295650596886,2.745504165534706,2.658191393127976,2.716399908065796,2857300.0
2022-11-01,2.861921646258587,2.861921646258587,2.803713126855385,2.8425188064575195,4686000.0
2022-11-02,2.81341430768188,2.8328171458341624,2.6387885330112613,2.6484899520874023,7760900.0
2022-11-03,2.5611772537231445,2.6290871892002494,2.5417741837153183,2.5611772537231445,3527100.0
2022-11-04,2.71640019754476,2.9201302528381348,2.706698777354604,2.9201302528381348,7490800.0
2022-11-07,2.9104287356237726,2.9589358349574835,2.871623056156804,2.939532995223999,4267000.0
2022-11-08,2.9104283691070134,3.1626654851776186,2.9104283691070134,3.1141583919525146,6344400.0
2022-11-09,3.143262647887577,3.2014711597577015,3.0850541360174524,3.1141583919525146,5408000.0
2022-11-10,3.3275900105571736,3.4440070404938297,3.249978425965992,3.3954999446868896,8736400.0
2022-11-11,3.444007337507806,3.4537087575058525,3.2887846175390654,3.337291717529297,5266600.0
2022-11-14,3.3857983826344045,3.4343054763941963,3.337291288874613,3.3760969638824463,6224000.0
2022-11-15,3.405201558494842,3.424604397926714,3.2887845219036085,3.356694459915161,5309100.0
2022-11-16,3.31788894732517,3.4537088301547962,3.31788894732517,3.3469932079315186,4258900.0
2022-11-17,3.220874071121216,3.279082815630087,3.1917698145168156,3.220874071121216,3416100.0
2022-11-18,3.2111727940362167,3.2790829604116634,3.191769955443255,3.240277051925659,3577900.0
2022-11-21,3.2596798654917487,3.3178886121238054,3.2402770270477563,3.269381284713745,2498300.0
2022-11-22,3.3566941032450393,3.434305452725828,3.317888428504645,3.4052011966705322,3841400.0
2022-11-23,3.482812978864717,3.5119172385359985,3.3469931003987354,3.4634101390838623,5631200.0
2022-11-25,3.5119172385359985,3.5410217295073756,3.4537087191934353,3.4634101390838623,2493500.0
2022-11-28,3.5119168250744295,3.5313198938710357,3.279082775115967,3.279082775115967,8797500.0
2022-11-29,3.3954999446868896,3.4634098788166057,3.3663956872027256,3.3954999446868896,4310900.0
2022-11-30,3.541021289561979,3.5507227082470774,3.385798359300335,3.4052011966705322,9471300.0
2022-12-01,3.560424443293488,3.647737219217547,3.444007177427989,3.5119171142578125,7187100.0
2022-12-02,3.4052012681839137,3.463409781516955,3.4052012681839137,3.414902687072754,4440200.0
2022-12-05,3.4149030775136673,3.463410177503899,3.3275902975312506,3.337291717529297,2788800.0
2022-12-06,3.4246042021710537,3.4537084596552177,3.3857985255255016,3.3954999446868896,3513700.0
2022-12-07,3.4731112979779937,3.5313200442463994,3.3954999446868896,3.3954999446868896,4555900.0
2022-12-08,3.4731111274662223,3.502215383521518,3.3954997779854335,3.4052011966705322,3171900.0
2022-12-09,3.4440074099526803,3.5216190028697123,3.3469932079315186,3.3469932079315186,4364400.0
2022-12-12,3.3372914505677977,3.35669428901179,3.220874188603764,3.269381284713745,4196100.0
2022-12-13,3.502215383521518,3.5313198708768803,3.3566941032450393,3.4052011966705322,4078700.0
2022-12-14,3.5119168022066165,3.541021289561979,3.3954997779854335,3.4052011966705322,6574900.0
2022-12-15,3.2887845597152254,3.2984859795427,3.1238601913480624,3.133561611175537,3898100.0
2022-12-16,3.1335612292425563,3.191769741112681,3.0850541360174524,3.1141583919525146,10204200.0
2022-12-19,3.2305755386447634,3.3178885410730485,3.1335613485023073,3.162665605545044,4073700.0
2022-12-20,3.240277051925659,3.327590056894068,3.2305756326291784,3.240277051925659,3271700.0
2022-12-21,3.308187175090173,3.3566942709389864,3.2887843367506475,3.29848575592041,3450100.0
2022-12-22,3.2790831021876725,3.3857987190629695,3.211172932876029,3.356694459915161,5264700.0
2022-12-23,3.346992851769224,3.3760971092785117,3.279082917580885,3.29848575592041,3718800.0
2022-12-27,3.2984856138667795,3.4246040576422376,3.279082776362863,3.3760969638824463,3730500.0
2022-12-28,3.4052013667878,3.4440070434668506,3.2596798479412814,3.29848575592041,3687900.0
2022-12-29,3.424604397926714,3.4925143359382664,3.337291620483289,3.356694459915161,4016500.0
2022-12-30,3.3275900134296985,3.3566942709389864,3.220874171262231,3.29848575592041,2927200.0
2023-01-03,3.3663955926285527,3.511916875961156,3.3663955926285527,3.414902687072754,4257400.0
2023-01-04,3.5798272323162386,3.6768414264304656,3.531320135259125,3.667140007019043,4766600.0
2023-01-05,3.6089313500793496,3.6477370262145996,3.521618578775038,3.6477370262145996,2805500.0
2023-01-06,3.7253484012861833,3.754452658565754,3.6574384676338516,3.715646982192993,4123100.0
2023-01-09,3.8126614340960328,3.870869949108167,3.7544526877838207,3.783557176589966,4786000.0
2023-01-10,3.832064390182495,3.8611686485828582,3.7641544539149816,3.832064390182495,2567100.0
2023-01-11,3.9096760229944083,3.9290788621551673,3.793258756729767,3.8708701133728027,3552900.0
2023-01-12,3.958182798374747,3.987287287745222,3.851467185449973,3.890273094177246,3794900.0
2023-01-13,3.929078484041307,4.006689833215434,3.870869740860646,3.948481321334839,3757800.0
2023-01-17,3.793258737285281,3.81266157634658,3.657438632556104,3.7059457302093506,3881300.0
2023-01-18,3.8029601637075583,3.822363002804018,3.599230121894641,3.608931541442871,3899900.0
2023-01-19,3.638035748784775,3.7156471040761563,3.6089314905505065,3.667140007019043,3457300.0
2023-01-20,3.6283342798063085,3.725348472595215,3.6186328605274176,3.725348472595215,2648900.0
2023-01-23,3.667140052086753,3.7156471497399997,3.589528695841558,3.7059457302093506,2835900.0
2023-01-24,3.6089313500793496,3.676841283316037,3.550722835876475,3.6477370262145996,3001800.0
2023-01-25,3.570125812904816,3.6865428458418883,3.570125812904816,3.667140007019043,2321300.0
2023-01-26,3.7156468865603527,3.7350497242473466,3.6089312792818875,3.638035535812378,2273200.0
2023-01-27,3.570125889342006,3.579827308961138,3.4828128814697266,3.4828128814697266,3371100.0
2023-01-30,3.4828126192946356,3.5022154570723156,3.4052012681839137,3.414902687072754,3797800.0
2023-01-31,3.4052011966705322,3.434305452725828,3.366395521930138,3.4052011966705322,3734200.0
2023-02-01,3.521618626481777,3.638035656464607,3.424604203529341,3.5895285606384277,5279800.0
2023-02-02,3.6671399841200096,3.6962442421725394,3.4634099464522174,3.502215623855591,4639800.0
2023-02-03,3.3955002375175747,3.473111597501945,3.3178888775332043,3.337291717529297,3975700.0
2023-02-06,3.3178885223971015,3.327589941356739,3.2596797773392026,3.2887842655181885,3057700.0
2023-02-07,3.414903136203661,3.5313204094811117,3.405201716038882,3.444007396697998,6854600.0
2023-02-08,3.4246040576422376,3.4731111514020294,3.366395545130488,3.3760969638824463,3192000.0
2023-02-09,3.4149027297740053,3.4440069868044567,3.2402769562912224,3.2596797943115234,3162500.0
2023-02-10,3.24027683667505,3.2499782553270684,3.17236690611092,3.211172580718994,2583600.0
2023-02-13,3.240277175077705,3.2596800144081035,3.1820686570865098,3.191770076751709,2031200.0
2023-02-14,3.1917698851916363,3.249978399689338,3.182068466108686,3.2305755615234375,2431200.0
2023-02-15,3.114158605230864,3.1432628631591797,3.085054347302548,3.1432628631591797,2603300.0
2023-02-16,3.0947559318656386,3.1723672904854356,3.085054512038164,3.133561611175537,3065600.0
2023-02-17,3.114158605230864,3.1820685403969344,3.0559500893742317,3.1432628631591797,2418300.0
2023-02-21,3.104457236518114,3.1432629143883264,3.046248719712795,3.085054397583008,2151500.0
2023-02-22,2.9007274124578233,2.988040194169226,2.8910259922676675,2.9201302528381348,3937900.0
2023-02-23,2.9686372548242255,2.98804009455771,2.920130155490515,2.939532995223999,1713200.0
2023-02-24,2.8910253770707945,2.920129631448011,2.8813239589450554,2.900726795196533,2317400.0
2023-02-27,2.9298310495737496,2.958935303950966,2.900726795196533,2.900726795196533,1840200.0
2023-02-28,2.920129871008628,3.0171440602248327,2.900727033165387,2.997741222381592,5154600.0
2023-03-01,2.958935686898221,3.0559501120113275,2.920130009373011,3.017144203186035,3108700.0
2023-03-02,2.958935641530615,2.99774131846084,2.9492342222980588,2.9783384799957275,2999800.0
2023-03-03,3.0559500893742317,3.162665701778057,3.0559500893742317,3.1432628631591797,2450000.0
2023-03-06,3.094755862150879,3.114158701368745,3.00744285437039,3.026845693588257,1932500.0
2023-03-07,2.97833858368714,2.988040003257453,2.8425187097027576,2.861921548843384,3482800.0
2023-03-08,2.891025471252453,2.9589354003449433,2.852219797485316,2.881324052810669,2747700.0
2023-03-09,2.8813241245296286,2.9201297992626767,2.8716227058463666,2.8910255432128906,3359700.0
2023-03-10,2.9783384143110903,3.1917698640203644,2.9783384143110903,3.0656514167785645,5802400.0
2023-03-13,3.414902978210778,3.56042450524991,3.2887845219036085,3.356694459915161,13312600.0
2023-03-14,3.414902874539019,3.5119170687531622,3.3566943580105333,3.473111391067505,4962400.0
2023-03-15,3.560424371260733,3.618632887365793,3.4634099464522174,3.502215623855591,5655400.0
2023-03-16,3.4343054763941963,3.4731111514020294,3.337291288874613,3.3760969638824463,4378600.0
2023-03-17,3.4343058670581663,3.7447515337351507,3.3955001876360553,3.6574387550354004,25267200.0
2023-03-20,3.7835574586313667,3.8417659779825954,3.715647288088172,3.8223631381988525,4734100.0
2023-03-21,3.7059455653174744,3.725348403515466,3.5507228597335443,3.6186327934265137,5471100.0
2023-03-22,3.715647288088172,3.880571657550081,3.7059458681963005,3.8223631381988525,5433900.0
2023-03-23,3.8805714617754514,3.9193771393851926,3.793258687153534,3.861168622970581,4232400.0
2023-03-24,3.9484814167111857,3.977585442054431,3.8611684154811643,3.9290785789489746,5152700.0
2023-03-27,3.79325878235513,3.870870139522469,3.735050033179536,3.841765880584717,3146200.0
2023-03-28,3.9096758513419005,3.996988392431811,3.841765685960721,3.977585554122925,3639600.0
2023-03-29,3.890273094177246,3.967884449031627,3.880571443520366,3.890273094177246,2034000.0
2023-03-30,3.9581830394455504,4.055197238922119,3.9290790109026763,4.055197238922119,3529000.0
2023-03-31,4.045495719504104,4.05519690735847,3.9290786896507868,3.977585554122925,3690600.0
2023-04-03,3.9775862859006583,4.0940033371718405,3.938780602143597,4.045496463775635,3011800.0
2023-04-04,4.113405073869966,4.288031066458862,4.055196563873706,4.220120906829834,4699300.0
2023-04-05,4.414150432720491,4.511164631358264,4.307434582918845,4.375344753265381,5730400.0
2023-04-06,4.365643304796625,4.414150637667783,4.297733131297046,4.404448986053467,3259200.0
2023-04-10,4.317135669315987,4.365642998787025,4.268628802445127,4.297732830047607,3009700.0
2023-04-11,4.385046202236897,4.4820604066359,4.336538868737287,4.346240520477295,5506800.0
2023-04-12,4.482060060739059,4.482060060739059,4.307434506297341,4.36564302444458,4202000.0
2023-04-13,4.569373194125765,4.646984553776278,4.520865863044098,4.579074382781982,6350100.0
2023-04-14,4.472358560839807,4.520865424617155,4.355941070053843,4.452955722808838,4818800.0
2023-04-17,4.375344649721304,4.433553167526443,4.278329990779228,4.297732830047607,4009500.0
2023-04-18,4.404448781556619,4.511164631358264,4.365643102101509,4.375344753265381,3855800.0
2023-04-19,4.229822411324918,4.268628083324221,4.181315090025739,4.200717926025391,3867400.0
2023-04-20,4.326837256024711,4.375344584775728,4.25892708829332,4.288031578063965,3855100.0
2023-04-21,4.2783297064174794,4.355941058332513,4.229822842770657,4.258926868438721,4190300.0
2023-04-24,4.39474751481829,4.4238515425918195,4.3268373456797535,4.36564302444458,5073300.0
2023-04-25,4.355941258821527,4.452955915780718,4.307434392942101,4.414150238037109,3056100.0
2023-04-26,4.4626571416204035,4.4723587924383565,4.336538456588046,4.355941295623779,3203000.0
2023-04-27,4.326836904970555,4.443253929407398,4.249225555345992,4.4335527420043945,3611600.0
2023-04-28,4.433553026312529,4.52086556893914,4.414150187662153,4.472358703613281,2502200.0
2023-05-01,4.530567681438309,4.530567681438309,4.336538812553888,4.404448986053467,3207400.0
2023-05-02,4.433552970622561,4.724595546722412,4.423851320119153,4.724595546722412,5010800.0
2023-05-03,4.773102776144342,4.918624292509747,4.743998287831202,4.841012477874756,6700000.0
2023-05-04,5.005937240669495,5.267875806458012,4.98653440107776,5.0253400802612305,9746800.0
2023-05-05,4.967131308041503,5.093249990252753,4.879818765633852,5.054444313049316,8628400.0
2023-05-08,5.199965862277266,5.209667050331056,5.0738471793768465,5.122354507446289,6678800.0
2023-05-09,5.083548311116366,5.112652800155653,4.957430092213216,4.986534118652344,5488500.0
2023-05-10,5.083548339651813,5.132055667456189,4.996235797244162,5.054444313049316,5446900.0
2023-05-11,4.957430391854556,4.9865344200528146,4.8313117027282715,4.8313117027282715,4426100.0
2023-05-12,4.850713970160278,4.996235481785113,4.811908295407006,4.947728157043457,3618900.0
2023-05-15,4.9962358474731445,5.054444363863491,4.9671313579778875,4.9962358474731445,2393400.0
2023-05-16,4.957430273124284,5.035041629927766,4.831311587018536,4.879818916320801,4812600.0
2023-05-17,4.831311389259103,4.850714227665759,4.705192708315755,4.724595546722412,6063100.0
2023-05-18,4.666387222748824,4.753700230457279,4.598477054242228,4.685790061950684,5389700.0
2023-05-19,4.70519283707338,4.802207031761457,4.63728313209181,4.676088809967041,4266400.0
2023-05-22,4.685789855382276,4.734297182548615,4.637282990816093,4.656685829162598,3166500.0
2023-05-23,4.598476773993284,4.695491426690309,4.598476773993284,4.646984100341797,3116100.0
2023-05-24,4.637283077315389,4.6566859160238145,4.51116439441054,4.540268421173096,2967400.0
2023-05-25,4.452955644132183,4.5014625070524925,4.404448318611733,4.443253993988037,2398300.0
2023-05-26,4.540267799583557,4.579073471687682,4.472358104701389,4.520864963531494,3118200.0
2023-05-30,4.569372896865162,4.569372896865162,4.462657052988011,4.472358703613281,5033600.0
2023-05-31,4.47235893257973,4.646984489373229,4.452956092936007,4.56937313079834,3940900.0
2023-06-01,4.5887755862836705,4.73429710272906,4.559671097954534,4.646984100341797,4077700.0
2023-06-02,4.608178149669486,4.656685473127108,4.462656641896741,4.482059478759766,3344500.0
2023-06-05,4.45295545476529,4.50146231562279,4.4141497810392405,4.482059478759766,2357000.0
2023-06-06,4.462656766813538,4.472358416816675,4.385045417188976,4.4335527420043945,2432800.0
2023-06-07,4.5111644975041125,4.6663872107188205,4.423851490020752,4.423851490020752,3855600.0
2023-06-08,4.501462170429709,4.569372328559936,4.423850825480937,4.462656497955322,3704600.0
2023-06-09,4.462657365281718,4.472359016585902,4.375344816545034,4.385046005249023,3964800.0
2023-06-12,4.482059291427369,4.520864963531494,4.4044479472191185,4.520864963531494,2990000.0
2023-06-13,4.520866088395501,4.559671770155102,4.326837679597494,4.346240520477295,3316500.0
2023-06-14,4.462656959790688,4.5208654745262,4.35594111814217,4.394747257232666,4423900.0
2023-06-15,4.423851490020752,4.452955980048597,4.365642972565237,4.423851490020752,3455400.0
2023-06-16,4.414150432720491,4.433553272448045,4.258927252299864,4.375344753265381,10391400.0
2023-06-20,4.229822875957696,4.239524063723117,4.10370419680617,4.132808685302734,3228900.0
2023-06-21,4.064898748244564,4.074599936553409,3.996988579681943,4.035794258117676,2904700.0
2023-06-22,4.01639136780963,4.10370437447946,3.9969885288385756,4.094002723693848,2230300.0
2023-06-23,4.142509649848425,4.200718161104828,4.084301138592022,4.10370397567749,2868900.0
2023-06-26,4.123107630413829,4.1425104713470615,4.055197455847405,4.084301948547363,2124400.0
2023-06-27,4.103704019683093,4.1134052070297935,3.9193768340944755,3.948481321334839,3226800.0
2023-06-28,3.9581825086815394,3.996988183268603,3.929078484041307,3.948481321334839,3033100.0
2023-06-29,3.90967643571714,4.035794672275584,3.861169101394506,4.026093482971191,2320300.0
2023-06-30,3.9872876684782765,4.084301871309822,3.9581831763287085,4.0746002197265625,2524700.0
2023-07-03,4.10370433781287,4.152211666107178,4.084301499015179,4.152211666107178,1837100.0
2023-07-05,4.152211561503057,4.152211561503057,3.977585554122925,3.977585554122925,2701000.0
2023-07-06,3.929078795575956,3.929078795575956,3.754452783488031,3.7641544342041016,3846900.0
2023-07-07,3.80295991897583,3.8417655946714904,3.744751174132268,3.80295991897583,3207800.0
2023-07-10,3.7447514275277825,3.9096760229944083,3.7447514275277825,3.8708701133728027,2668200.0
2023-07-11,3.9193768980977226,4.0163910861496195,3.9096757105926025,3.9581825733184814,3556300.0
2023-07-12,4.094002725660064,4.317135605234439,4.074599886679691,4.288031578063965,3924800.0
2023-07-13,4.423851883996497,4.433553535736507,4.307434838717694,4.346240520477295,2944500.0
2023-07-14,4.365642316769358,4.520865006666901,4.365642316769358,4.462656497955322,3112900.0
2023-07-17,4.385045480923582,4.472358481820335,4.31713531771498,4.443253993988037,2683200.0
2023-07-18,4.520865232087496,4.55967090649682,4.472358370375904,4.491761207580566,3443800.0
2023-07-19,4.4917612542228165,4.511164091628957,4.375344229785973,4.4335527420043945,2702800.0
2023-07-20,4.501462980194392,4.501462980194392,4.355941450937637,4.375344753265381,3062900.0
2023-07-21,4.3268373456797535,4.385045863826993,4.3268373456797535,4.36564302444458,1551800.0
2023-07-24,4.385045577177859,4.394747227534962,4.2977325743645345,4.326837062835693,1901900.0
2023-07-25,4.355941295623779,4.375344597259686,4.297732778516577,4.355941295623779,1920000.0
2023-07-26,4.355941490661043,4.355941490661043,4.229823262581914,4.317135810852051,2315900.0
2023-07-27,4.2298233413005395,4.258927370398824,4.055197316310024,4.06489896774292,3400300.0
2023-07-28,4.171614646911621,4.200718674798809,4.132808967995249,4.171614646911621,1692900.0
2023-07-31,4.113405117772335,4.200718114998675,4.094002280899829,4.161912441253662,4941700.0
2023-08-01,3.9969883451710126,4.0163911832504775,3.919376992853152,3.938779830932617,2916000.0
2023-08-02,3.8611686283639663,3.89027311791201,3.7350499446560583,3.7641544342041016,3786700.0
2023-08-03,3.7738557033703763,3.8223627985190802,3.7253483769215974,3.744751214981079,2562200.0
2023-08-04,3.8223627568236602,3.8902729205911375,3.7932585000519152,3.80295991897583,2456900.0
2023-08-07,3.851467183097418,3.86116860244829,3.764154408939572,3.7932586669921875,1747200.0
2023-08-08,3.764154313849084,3.841765666695432,3.744751244337421,3.8126614093780518,2296000.0
2023-08-09,3.7932585000519152,3.8126613378997454,3.7544525930561834,3.80295991897583,1780700.0
2023-08-10,3.86116843251932,3.88057127036715,3.7835570811280004,3.80295991897583,2421700.0
2023-08-11,3.7641543382525877,3.8126614340960328,3.7544526877838207,3.783557176589966,1893300.0
2023-08-14,3.6768415851600094,3.764154594932207,3.647737325669308,3.75445294380188,3010300.0
2023-08-15,3.744751523971646,3.812661694083376,3.705945844650711,3.75445294380188,3467700.0
2023-08-16,3.7156470533163244,3.8029600581264207,3.696244214758543,3.725348472595215,3527700.0
2023-08-17,3.6186328657418128,3.6283342850346827,3.385798571412846,3.4343056678771973,5070600.0
2023-08-18,3.3275898471897434,3.414902615355631,3.3081870098195463,3.4052011966705322,2783300.0
2023-08-21,3.414902687072754,3.424604105961594,3.3566941737397125,3.414902687072754,2501900.0
2023-08-22,3.453708816862777,3.4634102370275563,3.3955002958741027,3.444007396697998,2260900.0
2023-08-23,3.6962441236392283,3.9484814812724247,3.6962441236392283,3.938779830932617,6802000.0
2023-08-24,3.899974154773687,3.987287157431355,3.832064221495559,3.938779830932617,5486300.0
2023-08-25,3.987287092235608,4.055196793103276,3.890272903424552,3.9290785789489746,3543700.0
2023-08-28,3.8902730130330143,4.026092881195218,3.8611685242696074,3.977585554122925,2767300.0
2023-08-29,3.909675788153394,3.987287140134578,3.8708698808627284,3.9678843021392822,3074600.0
2023-08-30,4.0940033371718405,4.191018009164733,4.026093621897104,4.045496463775635,2418400.0
2023-08-31,4.0648984602602045,4.113405323568235,3.977585458665548,3.996988296508789,2721400.0
2023-09-01,4.142510105116031,4.171614595242919,4.035794258117676,4.035794258117676,3258600.0
2023-09-05,3.9775856042063387,4.016391281312729,3.919377088546753,3.919377088546753,2726200.0
2023-09-06,3.9581831149820714,4.191017660769359,3.9484819261493773,4.06489896774292,5374600.0
2023-09-07,4.103704426680298,4.103704426680298,3.996988579681943,4.035794258117676,2258000.0
2023-09-08,4.016391754150391,4.084301928381515,3.9969889133129572,4.016391754150391,2051500.0
2023-09-11,4.103704648274101,4.132809139972587,4.055197316310024,4.06489896774292,1735100.0
2023-09-12,4.045496266680898,4.132809282180554,4.026093425747665,4.084301948547363,1709500.0
2023-09-13,4.084301280958351,4.1328086066629,4.074599630777383,4.123106956481934,1534600.0
2023-09-14,4.055197045751739,4.142510052421569,4.006690179624188,4.094002723693848,2435800.0
2023-09-15,4.1522113970475685,4.31713528484093,4.142509746977298,4.1813154220581055,7117300.0
2023-09-18,4.2104195753252665,4.249225247324569,4.171613903325963,4.200717926025391,2993600.0
2023-09-19,4.161913169070872,4.181316009336463,4.0163916357788425,4.06489896774292,2995600.0
2023-09-20,4.142509897445291,4.49176144845852,4.142509897445291,4.394747257232666,5182700.0
2023-09-21,4.239523822864906,4.34623965782264,4.1910169615932995,4.229822635650635,3215500.0
2023-09-22,4.33653797310622,4.355940809978726,4.15221125411747,4.161912441253662,2350400.0
2023-09-25,4.132809340920851,4.132809340920851,3.9387804662305403,4.026093482971191,4485900.0
2023-09-26,4.026092719585234,4.1134052571703625,3.987287044525147,3.9872870445251465,3962200.0
2023-09-27,3.948481634407929,3.948481634407929,3.7350499446560583,3.7641544342041016,4321200.0
2023-09-28,3.715647105824085,3.7835572730360747,3.696244266992112,3.7641544342041016,4981800.0
2023-09-29,3.7350497975189114,3.744751216552724,3.5798270929779124,3.6477370262145996,5770500.0
2023-10-02,3.463409925755808,3.511917022220159,3.4052014099985866,3.4343056678771973,5167700.0
2023-10-03,3.482812671339713,3.676841283316037,3.463409833272088,3.6477370262145996,6552300.0
2023-10-04,3.638035631624505,3.657438469822496,3.5701256979315357,3.6186327934265137,3567200.0
2023-10-05,3.560424348801215,3.676841380276964,3.550722929511569,3.6283342838287354,3251000.0
2023-10-06,3.657438373823994,3.754452562267573,3.647736954979636,3.7350497245788574,3452500.0
2023-10-09,3.919377088546753,3.948481577676626,3.851467153610569,3.919377088546753,3363700.0
2023-10-10,4.113405306300967,4.171614282186484,4.055196793015591,4.123106956481934,5107600.0
2023-10-11,4.394747797039361,4.443254667310309,4.297733131297046,4.404448986053467,7674200.0
2023-10-12,4.463174960627831,4.5023255813314975,4.326147788165001,4.375085830688477,4124500.0
2023-10-13,4.580626229197405,4.815530389693559,4.49253757738448,4.756804466247559,8519800.0
2023-10-16,4.844893455505371,4.893831961808328,4.717654179199615,4.844893455505371,5742000.0
2023-10-17,4.844893137020005,4.9623454510837846,4.835105716430113,4.952557563781738,4110400.0
2023-10-18,4.923195255256959,4.972133295805225,4.747017002489058,4.786167621612549,7125000.0
2023-10-19,4.766592215905178,4.766592215905178,4.629565051736899,4.747016906738281,5032100.0
2023-10-20,4.756804377786492,4.991708067202049,4.747016490704771,4.815530300140381,6822800.0
2023-10-23,4.747016618862349,4.825317850781473,4.639352191617476,4.727441310882568,5012400.0
2023-10-24,4.541475739310992,4.68829078534708,4.512113010131073,4.668715476989746,3823700.0
2023-10-25,4.619777105572295,4.707866229069198,4.570839066627933,4.580626487731934,4107700.0
2023-10-26,4.639352511937543,4.668715709290648,4.570839162633943,4.619777202606201,4287900.0
2023-10-27,4.609989494162613,4.658927997798917,4.453387029265896,4.600201606750488,5040400.0
2023-10-30,4.629564600276897,4.629564600276897,4.492537449471057,4.521900177001953,3048700.0
2023-10-31,4.463174766311622,4.5414760043099,4.375085640207462,4.394660949707031,3385400.0
2023-11-01,4.37508574480357,4.472962761353578,4.365298323175892,4.433812141418457,3206500.0
2023-11-02,4.482750270979664,4.5023255813314975,4.326147788165001,4.375085830688477,2975300.0
2023-11-03,4.5023251827622035,4.874256513233943,4.48274987414328,4.835105895996094,6913000.0
2023-11-06,4.8057426018759495,4.8742564140034625,4.766591985435132,4.795955181121826,3036900.0
2023-11-07,4.629564900716674,4.668715517773342,4.52190047045475,4.639352321624756,3747300.0
2023-11-08,4.619777105572295,4.707866229069198,4.541475869891572,4.580626487731934,3161200.0
2023-11-09,4.580626383411137,4.629564887953136,4.414236494735111,4.443599224090576,6735900.0
2023-11-10,4.404449029572333,4.433812228456188,4.326147788165001,4.375085830688477,3026800.0
2023-11-13,4.737229189154115,4.776379805038681,4.6197768747882595,4.6295647621154785,4587300.0
2023-11-14,5.021071184370998,5.3538514059156,5.001495877221315,5.295125484466553,10854100.0
2023-11-15,5.334276480633565,5.344064368265165,5.207037208407952,5.255975246429443,5955700.0
2023-11-16,5.216824354228234,5.481091239087626,5.2070369338249245,5.33427619934082,5917300.0
2023-11-17,5.402790351710389,5.402790351710389,5.255975302651136,5.324489116668701,3650600.0
2023-11-20,5.314701462193512,5.412578477003598,5.295126152573934,5.373427391052246,3240700.0
2023-11-21,5.48109103726863,5.676844571960587,5.471303617225703,5.578967571258545,7109900.0
2023-11-22,5.647481820118779,5.667057128447823,5.510454661815479,5.608331203460693,3335500.0
2023-11-24,5.627906947384664,5.725783496605436,5.588756327696355,5.637694835662842,2917700.0
2023-11-27,5.804084351934283,5.823659660483168,5.676845079722617,5.774721622467041,3953900.0
2023-11-28,5.921536503163688,6.0977142751417235,5.91174861580883,6.087926387786865,5946800.0
2023-11-29,6.1172895431518555,6.185803354051532,6.019413003803857,6.1172895431518555,4698900.0
2023-11-30,5.970474821201312,6.117289871458758,5.93132420336095,6.107501983642578,4085100.0
2023-12-01,6.078139025286866,6.20537876184424,6.048775829653564,6.156440258026123,7057000.0
2023-12-04,5.99005021940659,6.038988725792588,5.872598364134818,5.950899600982666,6393700.0
2023-12-05,5.882385619960818,5.941111541285867,5.764933310598583,5.843234539031982,5413000.0
2023-12-06,5.931324246884029,6.0292007922031345,5.833447701564922,5.882386207580566,4031900.0
2023-12-07,5.9215360927626515,5.941111399403514,5.764933172923621,5.833446979522705,3348900.0
2023-12-08,5.686632782609324,5.833447837361784,5.676845361205664,5.794297218322754,4374100.0
2023-12-11,5.774721634117445,5.980262607651495,5.745358437878793,5.970474720001221,5668300.0
2023-12-12,5.510454746692459,5.559392784912772,5.295125885044134,5.451728820800781,8577900.0
2023-12-13,5.29512586295111,5.774721622467041,5.29512586295111,5.774721622467041,6147700.0
2023-12-14,6.117289625558345,6.224954053647577,5.853022732402711,5.960687160491943,6124100.0
2023-12-15,5.921536773910783,5.980262700588554,5.853022959430628,5.911748886108398,11228300.0
2023-12-18,5.833446979522705,5.882385479480925,5.735570446318389,5.833446979522705,3786600.0
2023-12-19,6.009625174162507,6.313042682408025,5.999837753489895,6.185803413391113,6921200.0
2023-12-20,6.176015893040551,6.224954399448452,6.038988728495487,6.048776149749756,4170900.0
2023-12-21,6.2053789116875695,6.234741641317742,6.127077677057547,6.166228294372559,2751500.0
2023-12-22,6.352193635751299,6.440282760042123,6.166228432689624,6.176015853881836,3133900.0
2023-12-26,6.185803741786231,6.264104978172659,6.087926729591012,6.176015853881836,1844100.0
2023-12-27,6.283680053369223,6.381556595208959,6.205378819897434,6.224954128265381,3348000.0
2023-12-28,6.2249542995603795,6.24452960846699,5.990050125968878,6.009625434875488,3362500.0
2023-12-29,6.097714708780552,6.14665321561079,5.941112233663295,6.019413471221924,4618300.0
2024-01-02,6.156440581064359,6.205379087450357,5.931324291770704,5.950899600982666,4428400.0
2024-01-03,5.78450880453226,5.88238580994733,5.735570768536876,5.823659420013428,4627400.0
2024-01-04,5.823659231923632,5.950898961483975,5.784508617706933,5.843234539031982,2566800.0
2024-01-05,5.794296931015926,5.921536669939762,5.706207809189859,5.774721622467041,3195900.0
2024-01-08,5.647481787268396,5.755146215807951,5.618118591589551,5.735570907592773,2797800.0
2024-01-09,5.706207348477907,5.735570542286572,5.500666391953649,5.549604892730713,4715200.0
2024-01-10,5.539817293254619,5.5985432172060765,5.481091369303161,5.569180488586426,2594200.0
2024-01-11,5.4713037515592875,5.549604980673702,5.422365250006709,5.490879058837891,3602800.0
2024-01-12,5.853022898241838,5.9508994416815675,5.715995737426219,5.745358467102051,3531000.0
2024-01-16,5.618118525189896,5.667057028505523,5.539817293254619,5.569180488586426,4209900.0
2024-01-17,5.334276823974918,5.481091880913499,5.285338782803524,5.441941261291504,6352300.0
2024-01-18,5.432153743972154,5.4810917842807605,5.353852039396438,5.402790546417236,3904000.0
2024-01-19,5.441940508946826,5.539817044470447,5.402789894737378,5.520241737365723,3293000.0
2024-01-22,5.412578153116013,5.510454695356991,5.393002844667817,5.481091499328613,2831500.0
2024-01-23,5.549605561999868,5.637694687337068,5.481091745991802,5.627906799316406,3818200.0
2024-01-24,5.9704746409040705,5.9704746409040705,5.578968007611047,5.608331203460693,6185100.0
2024-01-25,6.087926387786865,6.224954010481938,6.009625155796628,6.087926387786865,6466900.0
2024-01-26,6.1858034536594255,6.283679994583498,6.136864949841309,6.156440258026123,3568900.0
2024-01-29,6.264104544974022,6.264104544974022,6.07813888806075,6.146652698516846,4122600.0
2024-01-30,6.342406207593238,6.342406207593238,5.901961520047226,5.980262756347656,7544800.0
2024-01-31,6.03898840109956,6.2445293701301114,6.009625205504269,6.058563709259033,7318800.0
2024-02-01,6.195590594206197,6.61646040121452,6.195590594206197,6.55773401260376,12630700.0
2024-02-02,6.244529386044613,6.2836800024633375,6.12707753678844,6.254316806793213,6456900.0
2024-02-05,6.029200702498105,6.078139207785622,5.931324158635248,6.0389885902404785,4133100.0
2024-02-06,6.019413183821232,6.029200604692659,5.921536641546124,5.999837875366211,3229200.0
2024-02-07,5.950899653174206,6.009625581325139,5.921536922454834,5.921536922454834,2827100.0
2024-02-08,5.843234588056962,5.911748396867088,5.804083973511787,5.81387186050415,2873400.0
2024-02-09,5.794296832238304,5.813872140453482,5.69642029116242,5.735570907592773,3111700.0
2024-02-12,5.774721663490056,5.794296972178001,5.735571046114164,5.745358467102051,4962500.0
2024-02-13,5.549605841910638,5.559393263712768,5.314701651400745,5.353852272033691,5365200.0
2024-02-14,5.324489496923434,5.41257862599241,5.295126298329706,5.383215427398682,3304600.0
2024-02-15,5.490879386908795,5.5691806207015775,5.451728770012404,5.481091499328613,3516100.0
2024-02-16,5.441940933129415,5.520242167651653,5.422365624498856,5.451728820800781,2345400.0
2024-02-20,5.578967849443446,5.588755736686556,5.42236538725089,5.500666618347168,2509900.0
2024-02-21,5.510455078986095,5.510455078986095,5.383215331858511,5.441941261291504,2767900.0
2024-02-22,5.588755796570245,5.627906412537884,5.471303948667329,5.569180488586426,3935200.0
2024-02-23,5.55939264134648,5.569180528765083,5.383214868221077,5.5398173332214355,4560000.0
2024-02-26,5.4517289591025735,5.471304268229728,5.39300303172111,5.461516380310059,2649500.0
2024-02-27,5.5006672444169,5.539817864421047,5.412578582763672,5.412578582763672,2547900.0
2024-02-28,5.481091643892089,5.588756076552892,5.295125975373313,5.393002986907959,4526300.0
2024-02-29,5.676844723909805,5.764933373502488,5.559392413265993,5.5887556076049805,5327400.0
2024-03-01,5.70620743714885,5.823659280784375,5.598543013793549,5.81387186050415,10049200.0
2024-03-04,6.0781389433726964,6.645823339793876,5.999837711688693,6.636035919189453,11019600.0
2024-03-05,6.743700366104501,6.841576912773441,6.636036398124761,6.733912944793701,9180400.0
2024-03-06,6.733912204986325,7.047117119917321,6.655610976253576,6.91008996963501,7828800.0
2024-03-07,6.92966600049557,7.0471178558604,6.822001566388383,6.959029197692871,5645700.0
2024-03-08,6.988391876220703,7.076481000445494,6.880727909626162,6.988391876220703,5207700.0
2024-03-11,7.027542402629027,7.830130997933606,6.998179672745596,7.761617183685303,14037200.0
2024-03-12,7.409261575546231,7.693103784997058,7.350535649457664,7.595227241516113,10639600.0
2024-03-13,7.634378001432847,7.898644440408837,7.6245901135459375,7.7028913497924805,8309600.0
2024-03-14,7.546288777348763,7.653953209117835,7.487562850941681,7.565864086151123,7861500.0
2024-03-15,7.497350312967414,7.59522732422639,7.409261656231385,7.536500930786133,25761900.0
2024-03-18,7.428836574344123,7.487562497982903,7.311384260354409,7.3798980712890625,6646100.0
2024-03-19,7.340747828860568,7.438624373236274,7.056905616814934,7.242871284484863,7125600.0
2024-03-20,7.399473245007582,7.869281092311816,7.370110517076649,7.790979862213135,9548900.0
2024-03-21,7.957370987475464,8.00630949442765,7.614802838946735,7.712679386138916,7347300.0
2024-03-22,7.585439245786894,7.6441651710391385,7.507138012117234,7.5560760498046875,4479200.0
2024-03-25,7.624589632013586,7.8399184848046275,7.585439016362878,7.605014324188232,3693400.0
2024-03-26,7.830130750829118,7.830130750829118,7.595227052326082,7.614802360534668,2700600.0
2024-03-27,7.693103714924994,7.918219996236799,7.6735284064071045,7.849706649780273,4559000.0
2024-03-28,8.035672091154554,8.11397332760185,7.879069618259967,7.996521472930908,6040100.0
2024-04-01,8.19227436405763,8.270575598593418,7.85949365056836,7.918220043182373,6534800.0
2024-04-02,8.202062554660058,8.427178378908636,8.143336159877084,8.231425285339355,7344100.0
2024-04-03,8.378240534127045,8.505479340756215,8.28036352380146,8.40760326385498,6726000.0
2024-04-04,8.515267228473645,8.681657585972529,8.319514141246824,8.40760326385498,9760700.0
2024-04-05,8.534843256793703,8.750171192411141,8.45654201958293,8.652295112609863,8208600.0
2024-04-08,8.828473225715626,8.936137191849587,8.564205854171776,8.740384101867676,5934800.0
2024-04-09,9.102527054056853,9.112314941376937,8.750170577928314,8.83825969696045,6258000.0
2024-04-10,8.61314476856057,8.85783637600022,8.573994148707202,8.671870231628418,7234100.0
2024-04-11,8.936508591514352,9.143875122516201,8.69951853943074,9.124125480651855,7698800.0
2024-04-12,9.548734923194727,9.67710479113552,8.916760406035806,8.995757102966309,10437700.0
2024-04-15,9.252496397942016,9.262371220016496,8.788390119305028,8.906886100769043,9731900.0
2024-04-16,8.729142651229965,8.867386386776573,8.571149272482515,8.758766174316406,8025800.0
2024-04-17,8.936509593273302,9.14387614752039,8.788390087831173,8.966133117675781,5906600.0
2024-04-18,9.064879437244524,9.203123178667429,8.877261585720783,9.005631446838379,5822400.0
2024-04-19,8.966132565875652,9.2129974513716,8.936509043296283,9.17349910736084,6157500.0
2024-04-22,8.561274512693977,8.660020845981485,8.255161632874563,8.600772857666016,6293700.0
2024-04-23,8.334158305751542,8.66989470818374,8.29465996086039,8.66002082824707,6767500.0
2024-04-24,8.561274024947823,8.660020352609633,8.482277339504284,8.630395889282227,4248700.0
2024-04-25,8.590897914140804,9.06487898879713,8.561274391260664,8.916759490966797,6536100.0
2024-04-26,8.966132686117618,9.035254553634717,8.709392975747225,8.857512474060059,4270000.0
2024-04-29,8.976008399591137,9.11425214836206,8.818015005730135,8.995757102966309,4797400.0
2024-04-30,8.640271253027944,8.837762979039901,8.442779527015986,8.462528228759766,5590700.0
2024-05-01,8.571149368182267,8.778515915532315,8.393406344249415,8.502026557922363,3649800.0
2024-05-02,8.393405449274605,8.49215177242255,8.294659126126659,8.363781929016113,4968300.0
2024-05-03,8.363782836611202,8.521776217420769,8.205789455801636,8.462528228759766,3675000.0
2024-05-06,8.798264964184177,8.916760004240462,8.729143092913395,8.827888488769531,3179700.0
2024-05-07,8.669894217677644,8.768640545176284,8.60077235345746,8.689643859863281,2806400.0
2024-05-08,8.531650927795653,8.798264519003268,8.521776106195233,8.758766174316406,2388500.0
2024-05-09,8.867385824144918,9.084627176996205,8.808138781731232,9.02538013458252,5148300.0
2024-05-10,9.321617692410411,9.361116036550145,9.08462762757201,9.094502449035645,4241500.0
2024-05-13,9.055004119873047,9.153750451243113,8.916759444297917,9.055004119873047,2488900.0
2024-05-14,9.084627612675831,9.232747109243064,9.045129268600864,9.134000778198242,2551400.0
2024-05-15,9.291994108186145,9.459862305096792,9.14387555407195,9.272245407104492,5079700.0
2024-05-16,9.291994122996082,9.43023879764719,9.193248734000836,9.232747077941895,3983500.0
2024-05-17,9.430239118930135,9.71660235768775,9.351242428356644,9.637605667114258,6248500.0
2024-05-20,9.864720303540897,10.032588495997592,9.756100096186769,9.98321533203125,4955300.0
2024-05-21,10.002965878053981,10.12146091725015,9.963467531655258,10.10171127319336,3648300.0
2024-05-22,9.91409410077646,9.943717624362575,9.509235825478475,9.59810733795166,4916600.0
2024-05-23,9.568482104138596,9.627730088267041,9.005630492634785,9.02538013458252,6695700.0
2024-05-24,9.193248765168097,9.291994154498113,9.06487891149575,9.134000778198242,3214100.0
2024-05-28,9.301868945833117,9.410489156258947,9.134000748629234,9.212997436523438,2754300.0
2024-05-29,9.035255006009107,9.143876165219893,8.808139748959032,8.926634788513184,3556400.0
2024-05-30,8.985882238080078,9.232747124382117,8.985882238080078,9.094502449035645,3391900.0
2024-05-31,9.074753332275376,9.143876144813852,8.837763253695954,8.985882759094238,3320900.0
2024-06-03,9.134000327033403,9.183373490117077,8.956257316618085,9.064878463745117,2683200.0
2024-06-04,8.906885229225834,8.906885229225834,8.571148845264448,8.650145530700684,4120000.0
2024-06-05,8.660021221642614,8.936509648440609,8.56127488407161,8.827888488769531,3144700.0
2024-06-06,8.827887919806338,9.134000793175378,8.788389575666605,9.094502449035645,2467400.0
2024-06-07,8.581022897890739,8.620521241406246,8.037920909981228,8.136666297912598,7777600.0
2024-06-10,8.186039461534639,8.195914282840766,8.008296444883545,8.156415939331055,3711200.0
2024-06-11,8.057670098485525,8.195914780012968,7.939175060768368,8.107043266296387,2679500.0
2024-06-12,8.492153264560832,8.551400315487989,8.23541353263676,8.274911880493164,2751900.0
2024-06-13,8.225538751244844,8.334158972962658,8.136667232696226,8.176165580749512,2830700.0
2024-06-14,8.403281727561579,8.432905252958554,8.225538691749945,8.314410209655762,3384900.0
2024-06-17,8.215663891202192,8.314410231740927,8.136667195457164,8.255162239074707,2341500.0
2024-06-18,8.304534782511883,8.758766219617536,8.304534782511883,8.66002082824707,3093600.0
2024-06-20,8.877261634545606,8.985882793935144,8.798264941379506,8.906886100769043,3033700.0
2024-06-21,8.995756674294757,8.995756674294757,8.778516238945414,8.906886100769043,8550000.0
2024-06-24,9.074753349790445,9.163624864857972,8.906886083425503,8.94638442993164,3343700.0
2024-06-25,9.025380121621131,9.134000327033403,8.966132137577771,9.064878463745117,2689000.0
2024-06-26,8.847637637203716,8.976007492167035,8.847637637203716,8.897010803222656,2429900.0
2024-06-27,9.153750451243113,9.25249584089837,9.02538059714795,9.055004119873047,3501900.0
2024-06-28,9.17349915248824,9.242621019418403,8.936509087257853,9.055004119873047,2766100.0
2024-07-01,9.03525447691311,9.183373973968209,8.995756132708046,9.055004119873047,2375100.0
2024-07-02,9.00563095572444,9.173499154053305,8.926634267300832,9.03525447845459,2584600.0
2024-07-03,9.064879336010229,9.449987973347364,9.064879336010229,9.242621421813965,3583700.0
2024-07-05,9.54873464675782,9.71660285830406,9.390741257470744,9.58823299407959,4513100.0
2024-07-08,9.479612350463867,9.58823256531273,9.331492848344682,9.479612350463867,2974200.0
2024-07-09,9.568483386105887,9.627731378172266,9.449988343688014,9.509236335754395,3435300.0
2024-07-10,9.627731344520422,9.68697933637971,9.519111124779087,9.568483352661133,2808100.0
2024-07-11,9.943717029590351,9.97334149311935,9.637605106842274,9.884469985961914,4524300.0
2024-07-12,9.57835772920108,9.696852765690691,9.489486216405163,9.499361038208008,5316500.0
2024-07-15,9.400615231876213,9.558608606913662,9.183373870342322,9.33149242401123,5305400.0
2024-07-16,9.894345386017472,10.90155366206171,9.825222575453818,10.83243179321289,11679600.0
2024-07-17,10.792933124041047,10.822556646699491,10.328826874389687,10.40782356262207,5328400.0
2024-07-18,10.388074522296556,10.457196386814667,9.933843108931597,10.002964973449707,5264600.0
2024-07-19,9.479612439077028,9.66722934679065,9.183374373784336,9.242621421813965,5951900.0
2024-07-22,9.203123214139538,9.232747680314223,8.867386797878677,8.926634788513184,4256100.0
2024-07-23,9.005631941193966,9.045130289728,8.91676042156366,8.976008415222168,4283500.0
2024-07-24,9.124126559767676,9.173499728553177,8.788390142084104,8.827888488769531,5590700.0
2024-07-25,8.531650587040135,8.561274108943408,8.304534407875618,8.373656272888184,7424200.0
2024-07-26,8.620521985274394,8.847638186372592,8.58102363835056,8.709393501281738,5286300.0
2024-07-29,8.818014191868885,8.887136059874724,8.52177613486343,8.699519157409668,2581300.0
2024-07-30,8.85751290039011,9.04512981055897,8.788390087831173,8.966133117675781,3662700.0
2024-07-31,9.469737480125376,9.657354385123892,9.380865967652191,9.59810733795166,4279700.0
2024-08-01,9.686978414671803,9.844971788977126,9.341367202092812,9.449987411499023,3408300.0
2024-08-02,9.479611513902121,9.509235035025789,8.995755646403493,9.084627151489258,3812700.0
2024-08-05,8.541525237186013,9.114251734802087,8.363783148014903,8.847638130187988,5443400.0
2024-08-06,8.788389102676028,9.212996985611898,8.788389102676028,9.124125480651855,3879300.0
2024-08-07,9.479612581480755,9.479612581480755,8.847638095477082,8.926634788513184,3817900.0
2024-08-08,9.045129209225115,9.400615245281081,8.936508999160681,9.31174373626709,3721700.0
2024-08-09,9.430239218277501,9.46973756398036,9.21299784605435,9.380866050720215,2729000.0
2024-08-12,9.430239625831254,9.558609490342116,9.341368108730281,9.528985023498535,2903300.0
2024-08-13,9.667229095937364,9.963467153543025,9.647480394344894,9.874595642089844,3258600.0
2024-08-14,9.914093986989611,9.943717510235729,9.746225785736897,9.874595642089844,2987900.0
2024-08-15,10.091836480238578,10.121460001929943,9.86472030269871,10.002964973449707,2973100.0
2024-08-16,10.141209472904881,10.52631807353206,10.06221184687097,10.516443252563477,4672300.0
2024-08-19,10.368325545138722,10.8423056894648,10.34857590160105,10.792933464050293,4265900.0
2024-08-20,11.059546469576878,11.227414663828917,10.970674961829943,11.079296112060547,3424400.0
2024-08-21,11.020049095153809,11.089170966493938,10.822557361528535,11.020049095153809,3340700.0
2024-08-22,10.713935945251965,10.723809824542816,10.30907675945469,10.397948265075684,3516300.0
2024-08-23,10.437447633045075,10.44732245502106,10.101711219580357,10.23995590209961,5757500.0
2024-08-26,10.368325327373862,10.397948850343353,10.081962094095939,10.11158561706543,3780000.0
2024-08-27,10.35845099294238,10.35845099294238,10.032589399809138,10.121460914611816,5244500.0
2024-08-28,10.002965892537391,10.131335753947825,9.933844021668259,10.081962585449219,5004300.0
2024-08-29,10.230080602940928,10.358450457496376,10.141210034446985,10.24983024597168,4150300.0
2024-08-30,10.081962825632377,10.131335995307204,9.45986314784528,9.548734664916992,6257700.0
2024-09-03,9.459862383403662,9.46973720488363,8.976007431462918,9.055004119873047,6162600.0
2024-09-04,9.055004665026765,9.173499704775915,8.877261634545606,8.906886100769043,6140500.0
2024-09-05,8.571149255660375,8.936509178725485,8.561274434079335,8.818014144897461,5587200.0
2024-09-06,8.827887588303652,8.946383557987927,8.679769038770463,8.689643859863281,4506300.0
2024-09-09,8.69951911279349,8.857512491262165,8.650145946593325,8.798264503479004,3013100.0
2024-09-10,8.581023183063419,8.6995191592627,8.442779447022296,8.679769515991211,2814800.0
2024-09-11,8.403281102194144,8.70939303918362,8.324284412537839,8.679769515991211,3092400.0
2024-09-12,8.808139565025284,9.489486263662322,8.808139565025284,9.400615692138672,7115600.0
2024-09-13,9.854846078913637,9.87459572238152,9.548734138880116,9.677103996276855,4377100.0
2024-09-16,9.726477053388251,9.993090645189907,9.686978708613383,9.953592300415039,5034200.0
2024-09-17,9.884470432487724,10.072087334739644,9.746225754918274,9.953592300415039,3469600.0
2024-09-18,9.756100686718721,10.279453996324788,9.61785600758804,9.677103996276855,4709900.0
2024-09-19,9.874594724671992,9.923967886638298,9.6771030185215,9.736350059509277,2718100.0
2024-09-20,10.00296585848855,10.26957946072973,9.963467512167083,10.160959243774414,10113000.0
2024-09-23,10.49669460439793,10.674437615854895,10.378199577331543,10.378199577331543,4631900.0
2024-09-24,10.467071460124385,10.70406152279446,10.299203263637716,10.664563179016113,2632100.0
2024-09-25,10.476945844041563,10.654688870456345,10.457197142059279,10.55594253540039,3018200.0
2024-09-26,10.66456365474871,10.822557036909977,10.526318974500182,10.6744384765625,2230000.0
2024-09-27,10.862054897907843,10.941051585464534,10.605315192491195,10.664563179016113,3629000.0
2024-09-30,10.249830810965971,10.2893291574899,9.96346756323876,10.042464256286621,3512100.0
2024-10-01,10.397948638028412,10.753434673262927,10.358450294304,10.704061508178711,3645100.0
2024-10-02,10.506569878731556,10.625064910910526,10.318952038162083,10.447321891784668,2955300.0
2024-10-03,9.953592349763637,10.091837028018487,9.726477101610843,9.815347671508789,4235200.0
2024-10-04,9.607980697951236,9.864720399707217,9.519110132003197,9.726476669311523,3690000.0
2024-10-07,9.440114090704926,9.469737614712061,9.232747539225288,9.262371063232422,3382300.0
2024-10-08,9.124126398246888,9.242621436205502,9.025381004138803,9.222872734069824,2497500.0
2024-10-09,9.025380083405938,9.203122151353904,9.00563044157019,9.18337345123291,2155200.0
2024-10-10,9.301869168410084,9.943717508337464,9.301869168410084,9.8943452835083,5637300.0
2024-10-11,9.975739164836076,10.074999681193034,9.836773305983373,9.886404037475586,2593200.0
2024-10-14,9.519137522788702,9.747437547594775,9.479433129490802,9.707733154296875,3413300.0
2024-10-15,9.836773161768523,9.99559074291324,9.717659975909987,9.965812683105469,3434400.0
2024-10-16,10.343004890793996,10.670566387901713,10.343004890793996,10.501822471618652,4010300.0
2024-10-17,10.988201415442115,11.514285828787344,10.928645296673466,11.36539363861084,6275300.0
2024-10-18,11.216502285101754,11.75251208190207,11.196649614621867,11.692955017089844,5741100.0
2024-10-21,11.911330149930436,12.129704801068184,11.792216962026426,11.951034545898438,5227600.0
2024-10-22,11.96096006762946,12.19918642722668,11.93118200933666,12.139629364013672,2929500.0
2024-10-23,11.50435938838838,11.563915506613144,11.305837416593453,11.42495059967041,4662100.0
2024-10-24,11.59369483216825,11.603620221061217,11.216502602039219,11.514286041259766,3473700.0
2024-10-25,11.385246133375743,11.395171521932204,11.137093433543134,11.196649551391602,2992600.0
2024-10-28,11.017980431674586,11.25620680022505,10.978276036916174,11.097389221191406,2648500.0
2024-10-29,11.037832286152105,11.335615723672218,11.037832286152105,11.285984992980957,3677600.0
2024-10-30,11.365393463007969,11.385246133375743,11.03783197495912,11.196649551391602,2197000.0
2024-10-31,10.85916155714634,10.898865950629187,10.561379079338696,10.75990104675293,2728900.0
2024-11-01,10.849236163458034,10.998127402289283,10.481970287263865,10.49189567565918,2489300.0
2024-11-04,10.57130450180212,10.690418629261883,10.3926352038673,10.472043991088867,1856300.0
2024-11-05,10.72019675593862,10.859161661145759,10.55145284536359,10.70034408569336,2660700.0
2024-11-06,9.936034862540986,10.283448093003324,9.906255855388732,10.094852447509766,5090800.0
2024-11-07,10.33307877147114,10.501822691283794,10.233818254693238,10.382709503173828,3234400.0
2024-11-08,10.124630218021773,10.253669738769531,9.965812637602207,10.253669738769531,3391000.0
2024-11-11,9.707733923894704,9.876477845445104,9.201503105870986,9.290837287902832,5835000.0
2024-11-12,9.211427798061841,9.2610585265205,8.893792650530283,9.151871681213379,4022900.0
2024-11-13,9.429802281024278,9.499284731753164,8.923570562957664,8.963274955749512,4979900.0
2024-11-14,8.854088505474657,8.963275353844821,8.695270927253532,8.744901657104492,8631300.0
2024-11-15,8.973201981675412,8.973201981675412,8.47689656024065,8.58608341217041,23130700.0
2024-11-18,9.211428116720922,9.360320307247656,9.092314932276,9.241207122802734,5813000.0
2024-11-19,9.58862029710428,9.648177362369202,9.300763199349941,9.529064178466797,5077900.0
2024-11-20,9.529063858461045,9.648177038363382,9.360319950275883,9.439728736877441,4209000.0
2024-11-21,9.648176927398747,9.658102315639235,9.300762780042021,9.499284744262695,5529500.0
2024-11-22,9.886404165819076,9.886404165819076,9.51913826261287,9.558842658996582,5224900.0
2024-11-25,9.261058558759501,9.280911228863038,9.032758532333304,9.13201904296875,4501200.0
2024-11-26,9.05261015473735,9.241206732105624,9.05261015473735,9.19157600402832,3220800.0
2024-11-27,9.241207559000719,9.300763680720593,8.973202171378833,9.00298023223877,3640900.0
2024-11-29,9.02283268468619,9.201502938759965,8.983128288961737,9.122093200683594,2873700.0
2024-12-02,9.022832702075162,9.032759037682272,8.834236112049942,8.85408878326416,3799600.0
2024-12-03,8.943423448307547,9.280911268489328,8.923570778119245,9.112167358398438,3871700.0
2024-12-04,9.022832128191158,9.07246285644255,8.734975040285965,8.903718948364258,5653800.0
2024-12-05,8.834236072212544,8.933497534581097,8.754827280968687,8.873940467834473,4192900.0
2024-12-06,8.754826796371225,8.84416191823255,8.576157499275984,8.615861892700195,3180900.0
2024-12-09,9.211428294538859,9.40995027244601,9.132019503376,9.141945838928223,6379500.0
2024-12-10,9.28091155030404,9.390098399772901,9.141945694648488,9.221354484558105,4827800.0
2024-12-11,9.290836934351242,9.63825109999987,9.221354479872495,9.489359855651855,5303100.0
2024-12-12,9.25113233553807,9.40002452323221,9.072463035583496,9.072463035583496,4546200.0
2024-12-13,8.983127766976683,9.082388277206329,8.754826794856422,8.883866310119629,6036500.0
2024-12-16,8.933497648838435,8.95335032021704,8.764753728630177,8.814384460449219,2541600.0
2024-12-17,8.506674548444838,8.734975532618083,8.476896488466576,8.625787734985352,5541600.0
2024-12-18,8.586083583063694,8.675418712160429,8.189039616664298,8.238670349121094,5172100.0
2024-12-19,8.427265921351154,8.466970317637017,8.208892215092645,8.278374671936035,5759600.0
2024-12-20,8.357782824882406,8.526526732840138,8.328004766603808,8.367709159851074,8306300.0
2024-12-23,8.198965352676234,8.397487321352823,8.149334623850232,8.308152198791504,5375000.0
2024-12-24,8.337930826582479,8.347857162350733,8.129482508586543,8.258522033691406,2471000.0
2024-12-26,8.24859619140625,8.347856703753381,8.218817185737425,8.24859619140625,2545800.0
2024-12-27,8.129481707066718,8.258521219449033,8.020294864263555,8.179112434387207,3914500.0
2024-12-30,8.099703827575652,8.149334555988364,7.9111077222465305,8.079852104187012,4501600.0
2024-12-31,8.050073446424404,8.218817362330402,8.020295386743184,8.149334907531738,3123300.0
2025-01-02,8.357783205680475,8.516600785905599,8.308152475203261,8.417339324951172,5216800.0
2025-01-03,8.417339585622818,8.457044928536158,8.268448336207701,8.278374671936035,4393000.0
2025-01-06,8.437191934296578,8.447118269645161,8.179112894998097,8.18903923034668,5545100.0
2025-01-07,8.496748635317616,8.615861814509266,8.337930116434682,8.387560844421387,6969300.0
2025-01-08,8.734975681223748,8.744902016927863,8.427265900788516,8.546379089355469,7955100.0
2025-01-10,9.221354812008657,9.330541665354746,9.002980158688999,9.042684555053711,10197500.0
2025-01-13,9.141945268315885,9.141945268315885,8.883866239831367,8.92357063293457,7424100.0
2025-01-14,9.08238882716962,9.42980300057877,9.032759042363283,9.370245933532715,8480300.0
2025-01-15,9.717659417725688,9.737512087542163,9.310689152761942,9.479433059692383,7706400.0
2025-01-16,9.727586408388918,9.737512743966308,9.340467840517855,9.390098571777344,7125000.0
2025-01-17,9.618398528370722,9.797068780732129,9.509211677831782,9.697808265686035,9414100.0
2025-01-21,10.084925580215858,10.30330022135114,10.045221186066481,10.124629974365234,7584300.0
2025-01-22,10.481970501440541,10.551452954764528,10.29337391866482,10.372782707214355,8937000.0
2025-01-23,10.283448039768453,10.442266570542547,10.213965583361174,10.382709503173828,8924200.0
2025-01-24,10.749975132246698,10.879014652770616,10.660640006758797,10.789679527282715,7656100.0
2025-01-27,10.611009435700666,10.670566502463053,10.303300606206133,10.442266464233398,7123200.0
2025-01-28,10.670566705987484,10.710271102377222,10.283448131216929,10.591157913208008,7512200.0
2025-01-29,10.670565816741586,10.978275573089261,10.640787758587749,10.819457054138184,7645000.0
2025-01-30,11.156945511179332,11.355467488017005,11.047758660575473,11.266133308410645,6811300.0
2025-01-31,11.295911514800903,11.444802762703594,11.087463199760657,11.186724662780762,8684500.0
2025-02-03,11.553990078442197,11.911329626449817,11.424950560560365,11.712807655334473,9742500.0
2025-02-04,11.692955371948033,11.84184756518347,11.623472916414638,11.762438774108887,7214700.0
2025-02-05,11.84184749221647,12.050295804159697,11.7028816353785,11.802143096923828,8303700.0
2025-02-06,11.87162557726257,12.05029582977295,11.6731036003774,12.05029582977295,8150700.0
2025-02-07,12.080073176456002,12.189260020639722,11.861698541461163,11.91132926940918,9212300.0
2025-02-10,12.28852229992024,12.397709151419955,12.13963010609976,12.258744239807129,8845400.0
2025-02-11,11.990738835835822,12.298448611837458,11.93118271572419,12.010591506958008,5296900.0
2025-02-12,11.821994359614155,11.970886546117994,11.54406360341871,11.792216300964355,9451400.0
2025-02-13,11.752511798228351,11.861698643349957,11.573841554731716,11.85177230834961,6339900.0
2025-02-14,11.683029308958181,11.73265909054571,11.29591076483459,11.335615158081055,7602300.0
2025-02-18,11.30583706123315,11.424950240566192,11.226428275011124,11.355466842651367,6021900.0
2025-02-19,11.017979973948124,11.107314148472707,10.93857118773023,11.087462425231934,4411000.0
2025-02-20,11.43487703615211,11.93118244334703,11.424950700817627,11.63339900970459,7736200.0
2025-02-21,11.256206471941503,11.256206471941503,10.700344014907856,10.7400484085083,7717900.0
2025-02-24,10.978275650691085,11.156944947504476,10.829383465614619,11.047758102416992,8323500.0
2025-02-25,10.958422942460023,11.008053670645673,10.571304398564846,10.799605369567871,6467700.0
2025-02-26,10.472043820798477,10.918718478313078,10.432339427833345,10.839309692382812,5456900.0
2025-02-27,10.114703855509685,10.293374106317087,10.00551700592041,10.00551700592041,5861900.0
2025-02-28,9.668028936266419,9.90625530037252,9.61839820708746,9.876477241516113,5191500.0
2025-03-03,10.134556673721727,10.283447920475101,9.876477629163583,9.926108360290527,5947200.0
2025-03-04,10.134556240858528,10.640787972801963,9.856625483696952,10.432339668273926,8084900.0
2025-03-05,10.23381759644836,10.799605440235776,10.23381759644836,10.75990104675293,7134800.0
2025-03-06,10.620935650808816,10.958423483170671,10.601083926531475,10.769827842712402,4930800.0
2025-03-07,11.236353909758261,11.901403218924404,11.216502186081058,11.752511978149414,10404700.0
2025-03-10,11.474581329275999,11.802142819394488,11.32568914045923,11.42495059967041,7018300.0
2025-03-11,11.67310329263219,12.060220900695585,11.66317695739276,11.960960388183594,7468200.0
2025-03-12,11.633399109071343,11.891477203580223,11.583768378602443,11.84184741973877,5927000.0
2025-03-13,11.792216197293058,12.328225981414224,11.762438138905052,12.11977767944336,7916700.0
2025-03-14,12.268669094502677,12.29844809994648,11.921255883971769,12.020516395568848,5614700.0
2025-03-17,11.891477467284428,12.268669701934225,11.891477467284428,12.219039916992188,7017800.0
2025-03-18,12.626009946880055,12.665714341976669,12.298448450676128,12.358004570007324,7492800.0
2025-03-19,12.447339376180192,12.57637889358935,12.288521799869667,12.536674499511719,6805200.0
2025-03-20,12.64586190698255,12.923793624470218,12.586305786540525,12.755049705505371,7460200.0
2025-03-21,12.675640169846083,12.705418228319301,12.437412862178117,12.635934829711914,12644800.0
2025-03-24,12.626010046469917,12.755049568208596,12.506896860240548,12.566452980041504,3715400.0
2025-03-25,12.70541887761441,13.023054041900846,12.536674959930375,12.546601295471191,3024800.0
2025-03-26,12.536675106182681,12.655788294179663,12.407635582529082,12.467192649841309,3768400.0
2025-03-27,12.606157055821395,12.83445803360969,12.467192148724324,12.745122909545898,3675800.0
2025-03-28,13.380392965429044,14.273743242443265,13.350614906850128,13.956108093261719,10586900.0
2025-03-31,14.20426096317224,14.680713692746,13.876698528306,14.66086196899414,9134100.0
2025-04-01,14.789900431643764,15.057905800036977,14.690639920356492,14.988423347473145,7118200.0
2025-04-02,14.779975004711858,15.10753648969997,14.571526700935113,15.008275032043457,7773500.0
2025-04-03,13.85684700171101,14.849457815740086,13.82706894234582,14.541748046875,9796400.0
2025-04-04,13.866772926998378,14.005737831011663,12.804678743686964,12.903940200805664,9648500.0
2025-04-07,12.93371833037927,13.896551061864102,12.477117329052923,12.864235877990723,7098200.0
2025-04-08,13.64839885291438,13.678176912628688,12.705418757856693,12.874162673950195,6418000.0
2025-04-09,14.40278306775214,14.849457742537798,13.896551327902259,14.581452369689941,11549500.0
2025-04-10,15.315984725613665,16.35822529325195,15.02812763563813,16.119998931884766,13118000.0
2025-04-11,17.0,17.360000610351562,16.600000381469727,17.15999984741211,10439600.0
2025-04-14,16.649999618530273,17.31999969482422,16.540000915527344,17.079999923706055,7132900.0
2025-04-15,17.549999237060547,17.639999389648438,17.030000686645508,17.350000381469727,4352000.0
2025-04-16,18.670000076293945,18.770000457763672,17.719999313354492,17.989999771118164,8196300.0
2025-04-17,17.459999084472656,17.760000228881836,17.200000762939453,17.549999237060547,6179000.0
2025-04-21,18.610000610351562,18.649999618530273,17.3799991607666,17.700000762939453,5928300.0
2025-04-22,17.809999465942383,17.809999465942383,16.860000610351562,17.010000228881836,7489300.0
2025-04-23,15.770000457763672,16.1200008392334,15.600000381469727,16.030000686645508,12575300.0
2025-04-24,16.100000381469727,16.15999984741211,15.65999984741211,15.989999771118164,5708600.0
2025-04-25,15.329999923706055,15.510000228881836,15.149999618530273,15.399999618530273,5784200.0
2025-04-28,15.130000114440918,15.640000343322754,15.130000114440918,15.630000114440918,3656400.0
2025-04-29,15.539999961853027,15.5600004196167,15.220000267028809,15.390000343322754,4429600.0
2025-04-30,15.550000190734863,15.979999542236328,15.550000190734863,15.90999984741211,5000700.0
2025-05-01,15.15999984741211,15.270000457763672,14.6899995803833,14.869999885559082,5252300.0
2025-05-02,15.34000015258789,15.420000076293945,15.029999732971191,15.050000190734863,5182000.0
2025-05-05,16.110000610351562,16.15999984741211,15.760000228881836,15.930000305175781,5378200.0
2025-05-06,16.540000915527344,16.540000915527344,16.139999389648438,16.479999542236328,6139900.0
2025-05-07,15.949999809265137,16.280000686645508,15.8100004196167,16.09000015258789,3788900.0
2025-05-08,15.890000343322754,15.9399995803833,15.220000267028809,15.220000267028809,4629500.0
2025-05-09,15.640000343322754,15.779999732971191,15.1899995803833,15.770000457763672,5609100.0
2025-05-12,14.460000038146973,14.569999694824219,14.029999732971191,14.109999656677246,6593200.0
2025-05-13,14.130000114440918,14.390000343322754,14.029999732971191,14.319999694824219,4664600.0
2025-05-14,13.649999618530273,14.199999809265137,13.619999885559082,14.140000343322754,5994400.0
2025-05-15,14.289999961853027,14.5,14.140000343322754,14.479999542236328,4811300.0
2025-05-16,14.029999732971191,14.460000038146973,14.0,14.460000038146973,2416800.0
2025-05-19,14.789999961853027,14.850000381469727,14.479999542236328,14.75,3260200.0
2025-05-20,14.760000228881836,15.40999984741211,14.75,15.390000343322754,3665600.0
2025-05-21,15.600000381469727,15.75,15.25,15.34000015258789,4117800.0
2025-05-22,15.119999885559082,15.390000343322754,14.920000076293945,15.180000305175781,2692100.0
2025-05-23,15.829999923706055,15.9399995803833,15.510000228881836,15.84000015258789,3862000.0
2025-05-27,14.369999885559082,14.670000076293945,14.350000381469727,14.449999809265137,6143400.0
2025-05-28,14.40999984741211,14.699999809265137,14.329999923706055,14.649999618530273,5115200.0
2025-05-29,14.84000015258789,14.869999885559082,14.529999732971191,14.569999694824219,4399600.0
2025-05-30,14.270000457763672,14.609999656677246,14.15999984741211,14.59000015258789,5872100.0
2025-06-02,15.010000228881836,15.670000076293945,14.850000381469727,15.449999809265137,6922700.0
2025-06-03,15.069999694824219,15.069999694824219,14.65999984741211,14.850000381469727,5537200.0
2025-06-04,15.1899995803833,15.199999809265137,14.850000381469727,14.9399995803833,4475900.0
2025-06-05,15.5,15.880000114440918,15.119999885559082,15.369999885559082,5476100.0
2025-06-06,15.210000038146973,15.420000076293945,14.489999771118164,14.5600004196167,6024900.0
2025-06-09,14.680000305175781,15.020000457763672,14.579999923706055,14.920000076293945,4786900.0
2025-06-10,15.079999923706055,15.140000343322754,14.520000457763672,14.59000015258789,4555200.0
2025-06-11,14.3100004196167,14.390000343322754,14.119999885559082,14.350000381469727,8873800.0
2025-06-12,14.789999961853027,14.970000267028809,14.609999656677246,14.9399995803833,5122600.0
2025-06-13,15.020000457763672,15.140000343322754,14.859999656677246,15.010000228881836,8186700.0
2025-06-16,14.770000457763672,14.920000076293945,14.4399995803833,14.6899995803833,4336300.0
2025-06-17,14.489999771118164,14.550000190734863,14.229999542236328,14.369999885559082,4870800.0
2025-06-18,14.430000305175781,14.59000015258789,14.260000228881836,14.380000114440918,3391600.0
2025-06-20,14.260000228881836,14.470000267028809,14.130000114440918,14.180000305175781,7559100.0
2025-06-23,14.25,14.84000015258789,14.170000076293945,14.5600004196167,4197800.0
2025-06-24,13.9399995803833,14.220000267028809,13.649999618530273,14.09000015258789,4488400.0
2025-06-25,13.850000381469727,14.149999618530273,13.84000015258789,14.020000457763672,4446200.0
2025-06-26,13.869999885559082,13.989999771118164,13.699999809265137,13.90999984741211,3875900.0
2025-06-27,13.279999732971191,13.510000228881836,13.229999542236328,13.399999618530273,4698900.0
2025-06-30,13.630000114440918,13.970000267028809,13.539999961853027,13.970000267028809,4131000.0
2025-07-01,14.399999618530273,14.470000267028809,13.949999809265137,13.979999542236328,3684800.0
2025-07-02,14.100000381469727,14.3100004196167,14.0,14.260000228881836,3376900.0
2025-07-03,14.300000190734863,14.430000305175781,14.1899995803833,14.369999885559082,2144700.0
2025-07-07,14.289999961853027,14.720000267028809,14.09000015258789,14.720000267028809,3442000.0
2025-07-08,14.710000038146973,14.739999771118164,13.859999656677246,14.050000190734863,5013600.0
2025-07-09,14.039999961853027,14.40999984741211,13.960000038146973,14.329999923706055,2724400.0
2025-07-10,14.40999984741211,14.40999984741211,14.15999984741211,14.380000114440918,2118300.0
2025-07-11,14.520000457763672,14.720000267028809,14.390000343322754,14.619999885559082,2748600.0
2025-07-14,14.359999656677246,14.670000076293945,14.319999694824219,14.399999618530273,2548300.0
2025-07-15,14.449999809265137,14.529999732971191,13.9399995803833,14.149999618530273,3135500.0
2025-07-16,14.170000076293945,14.319999694824219,13.859999656677246,14.109999656677246,2054300.0
2025-07-17,13.880000114440918,14.09000015258789,13.710000038146973,14.010000228881836,2595900.0
2025-07-18,14.300000190734863,14.300000190734863,13.930000305175781,13.9399995803833,2883600.0
2025-07-21,14.5,15.1899995803833,14.479999542236328,14.989999771118164,6531300.0
2025-07-22,15.020000457763672,15.1899995803833,14.770000457763672,15.029999732971191,3287700.0
2025-07-23,14.979999542236328,15.079999923706055,14.720000267028809,14.829999923706055,3299400.0
2025-07-24,14.25,14.359999656677246,13.949999809265137,14.220000267028809,3182200.0
2025-07-25,13.84000015258789,14.100000381469727,13.800000190734863,14.029999732971191,3366800.0
2025-07-28,13.949999809265137,13.960000038146973,13.640000343322754,13.869999885559082,2124700.0
2025-07-29,13.880000114440918,14.039999961853027,13.739999771118164,14.039999961853027,2686000.0
2025-07-30,13.65999984741211,13.819999694824219,13.390000343322754,13.470000267028809,3009100.0
2025-07-31,13.550000190734863,13.59000015258789,13.350000381469727,13.460000038146973,2724100.0
2025-08-01,14.350000381469727,14.460000038146973,13.989999771118164,14.220000267028809,5560100.0
2025-08-04,14.960000038146973,15.4399995803833,14.9399995803833,15.399999618530273,4533600.0
2025-08-05,15.229999542236328,15.949999809265137,15.109999656677246,15.890000343322754,4405700.0
2025-08-06,15.829999923706055,16.040000915527344,15.75,16.020000457763672,2875500.0
2025-08-07,16.18000030517578,16.219999313354492,15.720000267028809,15.819999694824219,3332400.0
2025-08-08,15.970000267028809,16.020000457763672,15.609999656677246,15.760000228881836,3151700.0
2025-08-11,15.25,15.59000015258789,15.050000190734863,15.470000267028809,3540600.0
2025-08-12,15.5,15.640000343322754,15.350000381469727,15.510000228881836,2072800.0
2025-08-13,15.579999923706055,15.720000267028809,15.420000076293945,15.449999809265137,2785300.0
2025-08-14,15.34000015258789,15.539999961853027,15.229999542236328,15.260000228881836,2455400.0
2025-08-15,15.140000343322754,15.460000038146973,15.079999923706055,15.430000305175781,2267100.0
2025-08-18,15.529999732971191,15.569999694824219,15.15999984741211,15.359999656677246,2756000.0
2025-08-19,15.319999694824219,15.399999618530273,14.899999618530273,14.9399995803833,3453700.0
2025-08-20,15.109999656677246,15.550000190734863,15.079999923706055,15.489999771118164,3140000.0
2025-08-21,15.520000457763672,16.110000610351562,15.510000228881836,15.90999984741211,2699700.0
2025-08-22,15.729999542236328,16.200000762939453,15.520000457763672,15.989999771118164,3514300.0
2025-08-25,15.930000305175781,16.170000076293945,15.520000457763672,15.720000267028809,4229400.0
2025-08-26,14.699999809265137,15.140000343322754,14.699999809265137,15.109999656677246,6786400.0
2025-08-27,14.520000457763672,14.6899995803833,14.460000038146973,14.670000076293945,6005600.0
2025-08-28,13.479999542236328,13.539999961853027,12.579999923706055,12.609999656677246,13988700.0
2025-08-29,12.869999885559082,13.470000267028809,12.779999732971191,13.279999732971191,8701500.0
2025-09-02,14.109999656677246,14.359999656677246,13.739999771118164,14.279999732971191,9598700.0
2025-09-03,15.079999923706055,15.579999923706055,14.960000038146973,15.100000381469727,13313200.0
2025-09-04,14.5600004196167,14.680000305175781,14.010000228881836,14.010000228881836,9042900.0
2025-09-05,14.760000228881836,14.760000228881836,14.0,14.109999656677246,8219800.0
2025-09-08,14.710000038146973,14.760000228881836,14.350000381469727,14.619999885559082,6542600.0
2025-09-09,15.020000457763672,15.25,14.59000015258789,14.720000267028809,6040400.0
2025-09-10,14.960000038146973,15.5,14.960000038146973,15.449999809265137,6019400.0
2025-09-11,15.09000015258789,15.329999923706055,15.020000457763672,15.319999694824219,4533500.0
2025-09-12,15.140000343322754,15.279999732971191,14.930000305175781,15.010000228881836,5342500.0
2025-09-15,14.970000267028809,15.260000228881836,14.729999542236328,15.029999732971191,7353100.0
2025-09-16,15.25,15.34000015258789,14.729999542236328,14.989999771118164,7001300.0
2025-09-17,14.720000267028809,15.329999923706055,14.649999618530273,14.880000114440918,5756600.0
2025-09-18,14.960000038146973,15.029999732971191,14.65999984741211,14.949999809265137,5458500.0
2025-09-19,15.329999923706055,16.8799991607666,15.3100004196167,16.8799991607666,26534600.0
2025-09-22,17.649999618530273,17.809999465942383,17.3799991607666,17.610000610351562,6470900.0
2025-09-23,18.049999237060547,18.709999084472656,17.950000762939453,18.059999465942383,10364600.0
2025-09-24,18.0,18.170000076293945,17.190000534057617,17.25,5514300.0
2025-09-25,17.190000534057617,17.280000686645508,16.920000076293945,17.18000030517578,4950000.0
2025-09-26,17.520000457763672,18.139999389648438,17.309999465942383,18.1200008392334,6550500.0
2025-09-29,18.760000228881836,18.760000228881836,18.079999923706055,18.25,7450900.0
2025-09-30,17.709999084472656,18.329999923706055,17.6200008392334,18.149999618530273,5181700.0
2025-10-01,18.350000381469727,18.81999969482422,18.270000457763672,18.440000534057617,4045200.0
2025-10-02,18.8700008392334,18.940000534057617,17.68000030517578,18.34000015258789,5010100.0
2025-10-03,18.440000534057617,18.540000915527344,18.020000457763672,18.18000030517578,3833200.0
2025-10-06,18.610000610351562,18.920000076293945,18.5,18.530000686645508,4373400.0
2025-10-07,18.479999542236328,18.489999771118164,18.059999465942383,18.329999923706055,3566000.0
2025-10-08,18.899999618530273,19.030000686645508,18.549999237060547,18.809999465942383,4086500.0
2025-10-09,19.489999771118164,19.68000030517578,17.809999465942383,18.110000610351562,7536800.0
2025-10-10,18.239999771118164,18.520000457763672,18.040000915527344,18.270000457763672,4212100.0
2025-10-13,19.350000381469727,20.040000915527344,19.219999313354492,19.860000610351562,5379100.0
2025-10-14,19.299999237060547,19.979999542236328,19.299999237060547,19.530000686645508,4827300.0
2025-10-15,20.149999618530273,21.229999542236328,20.1299991607666,21.15999984741211,7469800.0
2025-10-16,21.670000076293945,22.25,21.389999389648438,21.899999618530273,6032800.0
2025-10-17,21.139999389648438,21.139999389648438,19.520000457763672,19.959999084472656,9202500.0
2025-10-20,20.219999313354492,20.34000015258789,19.889999389648438,20.200000762939453,6585700.0
2025-10-21,18.270000457763672,18.5,17.850000381469727,17.979999542236328,6767800.0
2025-10-22,16.90999984741211,17.899999618530273,16.90999984741211,17.81999969482422,7892900.0
2025-10-23,18.0,18.1299991607666,17.790000915527344,17.8700008392334,4682200.0
2025-10-24,17.530000686645508,17.799999237060547,17.43000030517578,17.489999771118164,3539800.0
2025-10-27,16.729999542236328,16.989999771118164,16.030000686645508,16.459999084472656,7050000.0
2025-10-28,16.270000457763672,16.719999313354492,16.209999084472656,16.600000381469727,4550700.0
2025-10-29,17.25,17.31999969482422,16.239999771118164,16.34000015258789,4174500.0
2025-10-30,16.399999618530273,16.600000381469727,16.3799991607666,16.559999465942383,386695.0
