timestamp,open,high,low,close,volume
1994-04-12,3.2119030540590114,3.2979361657179087,3.2119030540590114,3.2405803203582764,5143200.0
1994-04-13,3.2692577996078356,3.2692577996078356,3.211902618408203,3.211902618408203,1094100.0
1994-04-14,3.211902618408203,3.240579880817788,3.211902618408203,3.211902618408203,204600.0
1994-04-15,3.2119030540590114,3.240580320358276,3.2119030540590114,3.2405803203582764,483900.0
1994-04-18,3.211902618408203,3.240579880817788,3.211902618408203,3.211902618408203,608700.0
1994-04-19,3.2119020889593193,3.2405793466417543,3.0971910890885153,3.1545462608337402,939600.0
1994-04-20,3.1258679616155667,3.1258679616155667,2.9824790954589844,2.9824790954589844,221100.0
1994-04-21,2.9251246452331543,2.953802556626911,2.896446733839398,2.9251246452331543,40500.0
1994-04-22,2.867768690785122,2.867768690785122,2.810412883758545,2.810412883758545,42000.0
1994-04-25,2.8390907872718336,2.8390907872718336,2.810412883758545,2.810412883758545,34500.0
1994-04-26,2.8677699222539847,2.89644718170166,2.839092006425915,2.89644718170166,21000.0
1994-04-28,2.9251242017191026,2.9538021087646484,2.8964462946735567,2.9538021087646484,24000.0
1994-04-29,2.9538021087646484,2.9538021087646484,2.8964462946735567,2.9538021087646484,149100.0
1994-05-02,2.9824796062695462,3.0685126781463623,2.953802353230773,3.0685126781463623,62400.0
1994-05-03,3.0685127063356683,3.0685127063356683,3.0398354530334473,3.0398354530334473,11400.0
1994-05-04,3.039836144122767,3.039836144122767,2.982480311718297,3.0111582279205322,5700.0
1994-05-05,3.011158227920532,3.011158227920532,2.982480311718297,3.0111582279205322,188400.0
1994-05-06,2.9538021087646484,2.9538021087646484,2.9251242017191026,2.9538021087646484,9900.0
1994-05-09,2.9824790954589844,3.0971900571082234,2.9824790954589844,2.9824790954589844,130200.0
1994-05-10,2.982480311718297,3.011158227920532,2.925125135694231,3.0111582279205322,106800.0
1994-05-11,3.039836144122767,3.039836144122767,3.011158227920532,3.0111582279205322,13200.0
1994-05-12,3.0111575433509725,3.0398354530334473,3.0111575433509725,3.0398354530334473,184200.0
1994-05-13,3.0398354530334473,3.0685127063356683,3.0398354530334473,3.0398354530334473,5400.0
1994-05-16,3.011157266475547,3.011157266475547,2.9538021087646484,2.9538021087646484,463200.0
1994-05-17,2.9251250975297305,2.9251250975297305,2.89644718170166,2.89644718170166,108300.0
1994-05-18,2.8677694504933626,2.8677694504933626,2.8390915393829346,2.8390915393829346,87900.0
1994-05-19,2.8390907872718336,2.8390907872718336,2.810412883758545,2.810412883758545,36300.0
1994-05-20,2.8104123818431503,2.8104123818431503,2.6957021010364883,2.7530572414398193,99600.0
1994-05-23,2.7530576808774994,2.7530576808774994,2.724379777908325,2.724379777908325,66600.0
1994-05-24,2.7530572414398193,2.7530572414398193,2.724379343048156,2.7530572414398193,134100.0
1994-05-25,2.6957019309940278,2.6957019309940278,2.4949579676751252,2.5236358642578125,138000.0
1994-05-26,2.552314281463623,2.6957031741210815,2.523637028036337,2.552314281463623,635400.0
1994-05-27,2.552315025673389,2.552315025673389,2.236860551330517,2.4376046657562256,255300.0
1994-05-31,2.4376039195220596,2.4376039195220596,2.408926010131836,2.408926010131836,178500.0
1994-06-01,2.3515710830688477,2.3515710830688477,2.1795049222682077,2.3515710830688477,1741200.0
1994-06-02,2.380248103715491,2.494959085039457,2.380248103715491,2.4662811756134033,128400.0
1994-06-03,2.4662811756134033,2.4662811756134033,2.437603922567598,2.4662811756134033,42000.0
1994-06-06,2.494959177509431,2.69570323817143,2.494959177509431,2.667025327682495,471900.0
1994-06-07,2.695703729815381,2.695703729815381,2.5809927233188565,2.609670639038086,232500.0
1994-06-08,2.609670373047084,2.609670373047084,2.5523145474546256,2.5809924602508545,143700.0
1994-06-09,2.5809910010432326,2.5809910010432326,2.4949579676751252,2.5236358642578125,265800.0
1994-06-10,2.523637971628132,2.638348340988159,2.523637971628132,2.638348340988159,195600.0
1994-06-13,2.609670373047084,2.609670373047084,2.5523145474546256,2.5809924602508545,146700.0
1994-06-14,2.552313547466901,2.552313547466901,2.4949584007263184,2.4949584007263184,191400.0
1994-06-15,2.5236375482607905,2.609670639038086,2.5236375482607905,2.609670639038086,248400.0
1994-06-16,2.638346746400119,2.69570255279541,2.609669499582579,2.69570255279541,72000.0
1994-06-17,2.72437979961295,2.72437979961295,2.69570255279541,2.69570255279541,9600.0
1994-06-20,2.6957021010364883,2.7530572414398193,2.667024202644825,2.7530572414398193,238200.0
1994-06-21,2.7817370891571045,2.8104143512646043,2.753059170669149,2.7817370891571045,178800.0
1994-06-22,2.8104131896452187,2.8964462531688495,2.781735939390798,2.8677690029144287,103200.0
1994-06-23,2.867768690785122,2.8964459379182976,2.810412883758545,2.810412883758545,196200.0
1994-06-24,2.810412852825781,2.8390907560234266,2.6670246495977645,2.69570255279541,165000.0
1994-06-27,2.6957025313192515,2.724379777908325,2.6957025313192515,2.724379777908325,27900.0
1994-06-28,2.724379777908325,2.724379777908325,2.6957025313192515,2.724379777908325,40200.0
1994-06-29,2.724379777908325,2.724379777908325,2.6957025313192515,2.724379777908325,22500.0
1994-06-30,2.6957025313192515,2.724379777908325,2.6670246283500774,2.724379777908325,92100.0
1994-07-01,2.69570255279541,2.69570255279541,2.69570255279541,2.69570255279541,7200.0
1994-07-05,2.667026261518417,2.667026261518417,2.638348340988159,2.638348340988159,36300.0
1994-07-06,2.638346746400119,2.69570255279541,2.638346746400119,2.69570255279541,107400.0
1994-07-07,2.69570255279541,2.69570255279541,2.6670246495977645,2.69570255279541,64200.0
1994-07-08,2.6957025313192515,2.724379777908325,2.6957025313192515,2.724379777908325,238800.0
1994-07-11,2.6957021010364883,2.7530572414398193,2.6957021010364883,2.7530572414398193,109800.0
1994-07-12,2.7817363735423646,2.8677694504933626,2.7817363735423646,2.8390915393829346,55200.0
1994-07-13,2.8677699222539847,2.9251250975297305,2.8677699222539847,2.89644718170166,66300.0
1994-07-14,2.8964462531688495,2.8964462531688495,2.8677690029144287,2.8677690029144287,13800.0
1994-07-15,2.8964459379182976,2.8964459379182976,2.7817356366253696,2.810412883758545,65700.0
1994-07-18,2.810412883758545,2.810412883758545,2.7817356366253696,2.810412883758545,37500.0
1994-07-19,2.7817351398314827,2.8104123818431503,2.7530572414398193,2.7530572414398193,157800.0
1994-07-20,2.753059170669149,2.7817370891571045,2.753059170669149,2.7817370891571045,69300.0
1994-07-21,2.781735939390798,2.8964462531688495,2.781735939390798,2.8677690029144287,46200.0
1994-07-22,2.8677701882405153,2.8677701882405153,2.7817370891571045,2.7817370891571045,59100.0
1994-07-25,2.7817355838466735,2.7817355838466735,2.724379777908325,2.724379777908325,201000.0
1994-07-26,2.724379343048156,2.7530572414398193,2.724379343048156,2.7530572414398193,114000.0
1994-07-27,2.7530577028105956,2.7530577028105956,2.69570255279541,2.69570255279541,10800.0
1994-07-28,2.7530572414398193,2.7530572414398193,2.7530572414398193,2.7530572414398193,31200.0
1994-07-29,2.724379777908325,2.724379777908325,2.6957025313192515,2.724379777908325,17700.0
1994-08-01,2.69570255279541,2.69570255279541,2.69570255279541,2.69570255279541,100200.0
1994-08-02,2.7530572414398193,2.7530572414398193,2.724379343048156,2.7530572414398193,106800.0
1994-08-03,2.7530576808774994,2.7530576808774994,2.6670246283500774,2.724379777908325,23700.0
1994-08-04,2.724379777908325,2.7530576808774994,2.6957025313192515,2.724379777908325,96600.0
1994-08-05,2.6957025313192515,2.724379777908325,2.6957025313192515,2.724379777908325,54300.0
1994-08-08,2.6957041820486753,2.6957041820486753,2.638348340988159,2.638348340988159,46200.0
1994-08-09,2.638348340988159,2.638348340988159,2.638348340988159,2.638348340988159,108900.0
1994-08-10,2.609670639038086,2.6383478983769226,2.609670639038086,2.609670639038086,100200.0
1994-08-11,2.609670639038086,2.6383478983769226,2.609670639038086,2.609670639038086,137100.0
1994-08-12,2.6383476294629875,2.6670255422592164,2.5809924602508545,2.5809924602508545,152700.0
1994-08-15,2.5809927233188565,2.609670639038086,2.5809927233188565,2.609670639038086,141900.0
1994-08-16,2.609670373047084,2.609670373047084,2.5523145474546256,2.5809924602508545,115200.0
1994-08-17,2.5523142443224582,2.5523142443224582,2.408926010131836,2.408926010131836,681900.0
1994-08-18,2.4089260131415444,2.4662811756134033,2.4089260131415444,2.4662811756134033,536100.0
1994-08-19,2.494959085039457,2.52363699446551,2.4662811756134033,2.4662811756134033,437400.0
1994-08-22,2.4662800710924375,2.5236358642578125,2.4662800710924375,2.5236358642578125,285300.0
1994-08-23,2.4949598457148072,2.4949598457148072,2.3802488294171953,2.4376046657562256,338100.0
1994-08-24,2.4376039195220596,2.4376039195220596,2.3515708477316366,2.408926010131836,1080000.0
1994-08-25,2.4089260131415444,2.4662811756134033,2.4089260131415444,2.4662811756134033,33000.0
1994-08-26,2.4662804991659932,2.4949584007263184,2.437603253985736,2.4949584007263184,65400.0
1994-08-29,2.523636302286644,2.523636302286644,2.4662804991659932,2.4949584007263184,128700.0
1994-08-30,2.4662804991659932,2.523636302286644,2.4662804991659932,2.4949584007263184,154800.0
1994-08-31,2.5236375482607905,2.6383478983769226,2.5236375482607905,2.609670639038086,379200.0
1994-09-01,2.609670639038086,2.6383478983769226,2.609670639038086,2.609670639038086,301500.0
1994-09-02,2.6096710768384037,2.638348340988159,2.6096710768384037,2.638348340988159,4800.0
1994-09-06,2.6383478983769226,2.6383478983769226,2.609670639038086,2.609670639038086,57900.0
1994-09-07,2.63834741719356,2.667025327682495,2.63834741719356,2.667025327682495,27600.0
1994-09-08,2.638346746400119,2.69570255279541,2.638346746400119,2.69570255279541,33600.0
1994-09-09,2.6957021010364883,2.7817351398314827,2.667024202644825,2.7530572414398193,196500.0
1994-09-12,2.7817363735423646,2.8677694504933626,2.7817363735423646,2.8390915393829346,77700.0
1994-09-13,2.8390907872718336,2.8390907872718336,2.810412883758545,2.810412883758545,31500.0
1994-09-14,2.867768690785122,2.867768690785122,2.7817356366253696,2.810412883758545,47400.0
1994-09-15,2.8390910962798235,2.8677690029144287,2.8390910962798235,2.8677690029144287,45000.0
1994-09-16,2.89644718170166,2.9251250975297305,2.8677699222539847,2.89644718170166,168900.0
1994-09-19,2.9251250975297305,2.9251250975297305,2.839092006425915,2.89644718170166,55200.0
1994-09-20,2.8390915393829346,2.8677694504933626,2.8390915393829346,2.8390915393829346,28800.0
1994-09-21,2.83909226975256,2.8677701882405153,2.753059170669149,2.7817370891571045,102300.0
1994-09-22,2.7817351398314827,2.8104123818431503,2.7530572414398193,2.7530572414398193,52500.0
1994-09-23,2.724379777908325,2.7530576808774994,2.724379777908325,2.724379777908325,51600.0
1994-09-26,2.724379343048156,2.7530572414398193,2.724379343048156,2.7530572414398193,161700.0
1994-09-27,2.7530576808774994,2.7530576808774994,2.724379777908325,2.724379777908325,6600.0
1994-09-28,2.72437979961295,2.7530577028105956,2.6670246495977645,2.69570255279541,535200.0
1994-09-29,2.6957021010364883,2.7817351398314827,2.6957021010364883,2.7530572414398193,223800.0
1994-09-30,2.781735939390798,2.8677690029144287,2.781735939390798,2.8677690029144287,59100.0
1994-10-03,2.8390910962798235,2.8677690029144287,2.8390910962798235,2.8677690029144287,90000.0
1994-10-04,2.8390907560234266,2.8677686592210723,2.69570255279541,2.69570255279541,359100.0
1994-10-05,2.724381446198431,2.724381446198431,2.638348340988159,2.638348340988159,262500.0
1994-10-06,2.667025327682495,2.7243804922800923,2.667025327682495,2.667025327682495,117600.0
1994-10-07,2.6670252643135384,2.6670252643135384,2.552314281463623,2.552314281463623,131700.0
1994-10-10,2.5523131044605454,2.5809910010432326,2.5236358642578125,2.5236358642578125,45900.0
1994-10-11,2.552314281463623,2.6096701010787093,2.552314281463623,2.552314281463623,160500.0
1994-10-12,2.5523145474546256,2.5809924602508545,2.5523145474546256,2.5809924602508545,39000.0
1994-10-13,2.580992252595963,2.667025327682495,2.580992252595963,2.667025327682495,480000.0
1994-10-14,2.63834741719356,2.667025327682495,2.609670163084898,2.667025327682495,507900.0
1994-10-17,2.69570255279541,2.69570255279541,2.6670246495977645,2.69570255279541,13800.0
1994-10-18,2.69570323817143,2.69570323817143,2.63834741719356,2.667025327682495,41700.0
1994-10-19,2.638348340988159,2.638348340988159,2.638348340988159,2.638348340988159,45000.0
1994-10-20,2.638348340988159,2.638348340988159,2.6096710768384037,2.638348340988159,87000.0
1994-10-21,2.6096701010787093,2.6096701010787093,2.523637028036337,2.552314281463623,169500.0
1994-10-24,2.552314281463623,2.552314281463623,2.552314281463623,2.552314281463623,9600.0
1994-10-25,2.5236377638843224,2.5236377638843224,2.4376046657562256,2.4376046657562256,218100.0
1994-10-26,2.466281927545292,2.466281927545292,2.3802488294171953,2.4376046657562256,596100.0
1994-10-27,2.4662811725320353,2.4662811725320353,2.408926010131836,2.408926010131836,89100.0
1994-10-28,2.408926010131836,2.408926010131836,2.3802481007416127,2.408926010131836,206100.0
1994-10-31,2.4089267475867104,2.466281927545292,2.4089267475867104,2.4376046657562256,99300.0
1994-11-01,2.4089260131415444,2.494959085039457,2.4089260131415444,2.4662811756134033,69900.0
1994-11-02,2.4949596325415615,2.609670639038086,2.4949596325415615,2.609670639038086,157200.0
1994-11-03,2.5523145474546256,2.609670373047084,2.5523145474546256,2.5809924602508545,186000.0
1994-11-04,2.5523145474546256,2.609670373047084,2.5523145474546256,2.5809924602508545,54300.0
1994-11-07,2.6096701010787093,2.6096701010787093,2.552314281463623,2.552314281463623,28500.0
1994-11-08,2.552314281463623,2.552314281463623,2.552314281463623,2.552314281463623,9000.0
1994-11-09,2.5809927233188565,2.609670639038086,2.5809927233188565,2.609670639038086,69600.0
1994-11-10,2.5809924602508545,2.609670373047084,2.5809924602508545,2.5809924602508545,41100.0
1994-11-11,2.5809927233188565,2.609670639038086,2.5809927233188565,2.609670639038086,165000.0
1994-11-14,2.6383478983769226,2.6383478983769226,2.609670639038086,2.609670639038086,23700.0
1994-11-15,2.6096710768384037,2.638348340988159,2.6096710768384037,2.638348340988159,40200.0
1994-11-16,2.609670639038086,2.6383478983769226,2.609670639038086,2.609670639038086,42000.0
1994-11-17,2.6383478983769226,2.6383478983769226,2.609670639038086,2.609670639038086,65100.0
1994-11-18,2.609670639038086,2.6383478983769226,2.609670639038086,2.609670639038086,27600.0
1994-11-21,2.6096701010787093,2.6096701010787093,2.552314281463623,2.552314281463623,172200.0
1994-11-22,2.5523142475113154,2.5523142475113154,2.4662811756134033,2.4662811756134033,302700.0
1994-11-23,2.408926010131836,2.408926010131836,2.3802481007416127,2.408926010131836,20100.0
1994-11-25,2.3802483389487454,2.3802483389487454,2.3515710830688477,2.3515710830688477,11700.0
1994-11-28,2.322892872490203,2.322892872490203,2.294214963912964,2.294214963912964,70200.0
1994-11-29,2.294214963912964,2.294214963912964,2.294214963912964,2.294214963912964,20100.0
1994-11-30,2.2942152327763803,2.2942152327763803,2.265537977218628,2.265537977218628,40200.0
1994-12-01,2.2655381780581356,2.2655381780581356,2.0934720039367676,2.0934720039367676,910200.0
1994-12-02,2.0647940894564183,2.0934720039367676,2.036116174976069,2.0934720039367676,111600.0
1994-12-05,2.0934720039367676,2.122149262036753,2.0647940894564183,2.0934720039367676,243900.0
1994-12-06,2.0934710306084408,2.1508261765223504,2.0934710306084408,2.122148275375366,314100.0
1994-12-07,2.122149019792996,2.1795048422065157,2.122149019792996,2.150826930999756,169800.0
1994-12-08,2.179504871368408,2.208182126578582,2.179504871368408,2.179504871368408,92100.0
1994-12-09,2.2081825733184814,2.2368604907108147,2.2081825733184814,2.2081825733184814,41700.0
1994-12-12,2.1795053346937636,2.236860513687134,2.1795053346937636,2.236860513687134,95400.0
1994-12-13,2.208181698138139,2.3515705718893045,2.208181698138139,2.322892665863037,102300.0
1994-12-14,2.29421475983677,2.3515705718893045,2.29421475983677,2.322892665863037,22200.0
1994-12-15,2.322893140783024,2.3802483081817627,2.2942152288935023,2.3802483081817627,105600.0
1994-12-16,2.4089267475867104,2.4376046657562256,2.3802488294171953,2.4376046657562256,35400.0
1994-12-19,2.3802483389487454,2.4089262512089564,2.3515710830688477,2.3515710830688477,86400.0
1994-12-20,2.3515710830688477,2.3802483389487454,2.3228931708086367,2.3515710830688477,117000.0
1994-12-21,2.3228929383414134,2.4376039195220596,2.3228929383414134,2.408926010131836,91500.0
1994-12-22,2.408926541764266,2.609670639038086,2.408926541764266,2.609670639038086,144000.0
1994-12-23,2.5809910010432326,2.5809910010432326,2.5236358642578125,2.5236358642578125,7800.0
1994-12-27,2.523636446369748,2.72437979961295,2.523636446369748,2.69570255279541,48600.0
1994-12-28,2.667025814096152,2.667025814096152,2.5523148075996276,2.609670639038086,94200.0
1994-12-29,2.5809910010432326,2.5809910010432326,2.5236358642578125,2.5236358642578125,51000.0
1994-12-30,2.523637142689371,2.8390915393829346,2.523637142689371,2.8390915393829346,170100.0
1995-01-03,2.810412852825781,2.810412852825781,2.6670246495977645,2.69570255279541,59100.0
1995-01-04,2.667026261518417,2.724381446198431,2.638348340988159,2.638348340988159,27300.0
1995-01-05,2.6670240344113405,2.6957019309940278,2.5236358642578125,2.5236358642578125,73500.0
1995-01-06,2.4949584007263184,2.4949584007263184,2.4949584007263184,2.4949584007263184,3600.0
1995-01-09,2.494959378242493,2.609670373047084,2.494959378242493,2.5809924602508545,18000.0
1995-01-10,2.5809927233188565,2.724380989154218,2.5809927233188565,2.609670639038086,100500.0
1995-01-11,2.6096701010787093,2.6096701010787093,2.552314281463623,2.552314281463623,71400.0
1995-01-12,2.552314281463623,2.580992191271166,2.552314281463623,2.552314281463623,18900.0
1995-01-13,2.5523131044605454,2.5523131044605454,2.5236358642578125,2.5236358642578125,208800.0
1995-01-16,2.580992156937369,2.580992156937369,2.4662811756134033,2.4662811756134033,92700.0
1995-01-17,2.4949579676751252,2.5523131044605454,2.4949579676751252,2.5236358642578125,58200.0
1995-01-18,2.4949579676751252,2.5523131044605454,2.4949579676751252,2.5236358642578125,16500.0
1995-01-19,2.523637028036337,2.552314281463623,2.523637028036337,2.552314281463623,16800.0
1995-01-20,2.580992252595963,2.667025327682495,2.580992252595963,2.667025327682495,70800.0
1995-01-23,2.667025327682495,2.69570323817143,2.667025327682495,2.667025327682495,280500.0
1995-01-24,2.69570255279541,2.72437979961295,2.69570255279541,2.69570255279541,258300.0
1995-01-25,2.69570255279541,2.72437979961295,2.69570255279541,2.69570255279541,5100.0
1995-01-26,2.6957041820486753,2.6957041820486753,2.638348340988159,2.638348340988159,236700.0
1995-01-27,2.638348340988159,2.638348340988159,2.638348340988159,2.638348340988159,237900.0
1995-01-30,2.6383473545059952,2.6383473545059952,2.552314281463623,2.552314281463623,82200.0
1995-01-31,2.6096710768384037,2.638348340988159,2.6096710768384037,2.638348340988159,59100.0
1995-02-01,2.609670373047084,2.609670373047084,2.5523145474546256,2.5809924602508545,36000.0
1995-02-02,2.6096710768384037,2.638348340988159,2.6096710768384037,2.638348340988159,6000.0
1995-02-03,2.6096710768384037,2.667026261518417,2.6096710768384037,2.638348340988159,16800.0
1995-02-06,2.69570255279541,2.69570255279541,2.6670246495977645,2.69570255279541,24900.0
1995-02-07,2.724379343048156,2.7530572414398193,2.724379343048156,2.7530572414398193,21300.0
1995-02-08,2.753057733112081,2.810412883758545,2.753057733112081,2.810412883758545,10800.0
1995-02-09,2.7817356366253696,2.810412883758545,2.7817356366253696,2.810412883758545,11700.0
1995-02-10,2.8104123818431503,2.8104123818431503,2.7530572414398193,2.7530572414398193,49800.0
1995-02-13,2.7530572414398193,2.7530572414398193,2.7530572414398193,2.7530572414398193,16500.0
1995-02-14,2.7817356366253696,2.810412883758545,2.7817356366253696,2.810412883758545,39600.0
1995-02-15,2.8104131896452187,2.8677690029144287,2.8104131896452187,2.8677690029144287,16800.0
1995-02-16,2.810412883758545,2.8390907872718336,2.810412883758545,2.810412883758545,16500.0
1995-02-17,2.7817355838466735,2.7817355838466735,2.6957025313192515,2.724379777908325,35100.0
1995-02-21,2.6957025313192515,2.7530576808774994,2.638346725380903,2.724379777908325,117300.0
1995-02-22,2.7243812521811934,2.7817370891571045,2.7243812521811934,2.7817370891571045,6000.0
1995-02-23,2.8104131896452187,2.8677690029144287,2.8104131896452187,2.8677690029144287,42900.0
1995-02-24,2.8390915393829346,2.896446705223504,2.8390915393829346,2.8390915393829346,178500.0
1995-02-27,2.810412883758545,2.810412883758545,2.7817356366253696,2.810412883758545,57000.0
1995-02-28,2.7817363735423646,2.8390915393829346,2.7817363735423646,2.8390915393829346,31800.0
1995-03-01,2.8390910962798235,2.8677690029144287,2.8390910962798235,2.8677690029144287,11700.0
1995-03-02,2.839092006425915,2.89644718170166,2.839092006425915,2.89644718170166,35400.0
1995-03-03,2.867768690785122,2.867768690785122,2.810412883758545,2.810412883758545,93300.0
1995-03-06,2.7817351398314827,2.7817351398314827,2.7530572414398193,2.7530572414398193,75300.0
1995-03-07,2.753058904873447,2.753058904873447,2.609670639038086,2.609670639038086,40200.0
1995-03-08,2.6096700663634227,2.638347319409228,2.4089260131415444,2.4662811756134033,236400.0
1995-03-09,2.437603922567598,2.4662811756134033,2.437603922567598,2.4662811756134033,56400.0
1995-03-10,2.5236358642578125,2.5236358642578125,2.4949579676751252,2.5236358642578125,48300.0
1995-03-13,2.580992191271166,2.580992191271166,2.552314281463623,2.552314281463623,6000.0
1995-03-14,2.5809927233188565,2.6383478983769226,2.5809927233188565,2.609670639038086,42600.0
1995-03-15,2.609670639038086,2.6383478983769226,2.609670639038086,2.609670639038086,17400.0
1995-03-16,2.609670639038086,2.609670639038086,2.609670639038086,2.609670639038086,13500.0
1995-03-17,2.580992191271166,2.580992191271166,2.523637028036337,2.552314281463623,45600.0
1995-03-20,2.552314281463623,2.552314281463623,2.552314281463623,2.552314281463623,33600.0
1995-03-21,2.5236358642578125,2.5523131044605454,2.5236358642578125,2.5236358642578125,48000.0
1995-03-22,2.523637028036337,2.580992191271166,2.523637028036337,2.552314281463623,63600.0
1995-03-23,2.5523145474546256,2.5809924602508545,2.494959378242493,2.5809924602508545,142200.0
1995-03-24,2.5523150540143718,2.8677701882405153,2.5523150540143718,2.7817370891571045,168000.0
1995-03-27,2.781735606008241,2.781735606008241,2.69570255279541,2.69570255279541,19800.0
1995-03-28,2.6957021010364883,2.7530572414398193,2.6957021010364883,2.7530572414398193,11700.0
1995-03-29,2.8390915393829346,2.982479782174502,2.8390915393829346,2.8390915393829346,80700.0
1995-03-30,2.8390915393829346,2.8677694504933626,2.810413628272506,2.8390915393829346,12600.0
1995-03-31,2.839092006425915,2.89644718170166,2.839092006425915,2.89644718170166,19200.0
1995-04-03,2.8677701882405153,2.8677701882405153,2.7817370891571045,2.7817370891571045,22500.0
1995-04-04,2.7817370891571045,2.83909226975256,2.7817370891571045,2.7817370891571045,18900.0
1995-04-05,2.7817370891571045,2.7817370891571045,2.753059170669149,2.7817370891571045,9000.0
1995-04-06,2.7817363735423646,2.8390915393829346,2.7817363735423646,2.8390915393829346,111900.0
1995-04-07,2.8677690029144287,2.8677690029144287,2.8677690029144287,2.8677690029144287,40800.0
1995-04-10,2.9251250975297305,2.9251250975297305,2.89644718170166,2.89644718170166,26700.0
1995-04-11,2.9251241598034547,2.9251241598034547,2.8677690029144287,2.8677690029144287,24600.0
1995-04-12,2.8104143512646043,2.8104143512646043,2.7817370891571045,2.7817370891571045,12600.0
1995-04-13,2.8104123818431503,2.8104123818431503,2.7530572414398193,2.7530572414398193,7500.0
1995-04-17,2.781735939390798,2.8677690029144287,2.7530580327561927,2.8677690029144287,97800.0
1995-04-18,2.8390910962798235,2.9251241598034547,2.8390910962798235,2.8677690029144287,47700.0
1995-04-19,2.8677690029144287,2.8677690029144287,2.8677690029144287,2.8677690029144287,48300.0
1995-04-20,2.8677694504933626,2.8677694504933626,2.8390915393829346,2.8390915393829346,8700.0
1995-04-21,2.8104143512646043,2.8104143512646043,2.7243812521811934,2.7817370891571045,49800.0
1995-04-24,2.8104140905978445,2.9251250975297305,2.8104140905978445,2.89644718170166,91200.0
1995-04-25,2.89644718170166,2.9538030133578004,2.8677699222539847,2.89644718170166,135900.0
1995-04-26,2.896446733839398,2.9251246452331543,2.8677694788259354,2.9251246452331543,87000.0
1995-04-27,2.8964459379182976,2.925123841431586,2.810412883758545,2.810412883758545,9600.0
1995-04-28,2.8390910962798235,2.8964462531688495,2.8390910962798235,2.8677690029144287,4200.0
1995-05-01,2.8390915393829346,2.8390915393829346,2.8390915393829346,2.8390915393829346,4200.0
1995-05-02,2.8677694504933626,2.896446705223504,2.8390915393829346,2.8390915393829346,16500.0
1995-05-03,2.7817356366253696,2.810412883758545,2.7817356366253696,2.810412883758545,71100.0
1995-05-04,2.810412830435747,2.810412830435747,2.724379777908325,2.724379777908325,101100.0
1995-05-05,2.7530572414398193,2.8104123818431503,2.7530572414398193,2.7530572414398193,20400.0
1995-05-08,2.753058072206214,2.9538021087646484,2.753058072206214,2.9538021087646484,164400.0
1995-05-09,2.9538023803662767,3.0398354530334473,2.9538023803662767,3.0398354530334473,206400.0
1995-05-10,3.0398359173432907,3.1545462608337402,3.011158003280501,3.1545462608337402,225600.0
1995-05-11,3.1545462608337402,3.1545462608337402,3.0398359173432907,3.1545462608337402,108600.0
1995-05-12,3.097190616018143,3.125868525700618,3.0398354530334473,3.0398354530334473,489300.0
1995-05-15,3.011158227920532,3.011158227920532,3.011158227920532,3.0111582279205322,18300.0
1995-05-16,3.011156999966328,3.011156999966328,2.925123942824433,2.9824790954589844,26400.0
1995-05-17,2.9538021087646484,2.9538021087646484,2.9538021087646484,2.9538021087646484,6900.0
1995-05-18,2.953802556626911,2.953802556626911,2.9251246452331543,2.9251246452331543,8400.0
1995-05-19,2.8964472194919963,3.011158227920532,2.8964472194919963,3.0111582279205322,29700.0
1995-05-22,3.0398354530334473,3.0685127063356683,3.0398354530334473,3.0398354530334473,14700.0
1995-05-23,3.039836144122767,3.068513403944598,2.982480311718297,3.0111582279205322,21300.0
1995-05-24,3.011158227920532,3.039836144122767,2.982480311718297,3.0111582279205322,16800.0
1995-05-25,2.9824790954589844,2.9824790954589844,2.9824790954589844,2.9824790954589844,680100.0
1995-05-26,2.9824798116403737,2.9824798116403737,2.9251246452331543,2.9251246452331543,131700.0
1995-05-30,2.953802556626911,2.953802556626911,2.9251246452331543,2.9251246452331543,1200.0
1995-05-31,2.9251246452331543,2.953802556626911,2.9251246452331543,2.9251246452331543,36600.0
1995-06-01,2.9538030133578004,2.9538030133578004,2.8677699222539847,2.89644718170166,208200.0
1995-06-02,2.8677690029144287,2.8677690029144287,2.8677690029144287,2.8677690029144287,900.0
1995-06-05,2.8964462531688495,2.9251241598034547,2.8677690029144287,2.8677690029144287,25200.0
1995-06-06,2.8677690029144287,2.8677690029144287,2.8677690029144287,2.8677690029144287,9000.0
1995-06-07,2.8677690029144287,2.8677690029144287,2.8677690029144287,2.8677690029144287,93000.0
1995-06-08,2.8390915393829346,2.8677694504933626,2.8390915393829346,2.8390915393829346,14400.0
1995-06-09,2.8390915393829346,2.8390915393829346,2.8390915393829346,2.8390915393829346,1800.0
1995-06-12,2.810414551408702,2.810414551408702,2.6096710768384037,2.638348340988159,69300.0
1995-06-13,2.6670246495977645,2.69570255279541,2.6670246495977645,2.69570255279541,19500.0
1995-06-14,2.667025327682495,2.667025327682495,2.667025327682495,2.667025327682495,900.0
1995-06-15,2.638348340988159,2.638348340988159,2.6096710768384037,2.638348340988159,22800.0
1995-06-16,2.667026261518417,2.667026261518417,2.638348340988159,2.638348340988159,14400.0
1995-06-19,2.63834741719356,2.667025327682495,2.609670163084898,2.667025327682495,95700.0
1995-06-20,2.638346746400119,2.69570255279541,2.638346746400119,2.69570255279541,132300.0
1995-06-21,2.695702582465617,2.8390907872718336,2.695702582465617,2.810412883758545,42000.0
1995-06-22,2.8104140905978445,2.89644718170166,2.8104140905978445,2.89644718170166,146400.0
1995-06-23,2.8677690029144287,2.8677690029144287,2.8677690029144287,2.8677690029144287,6000.0
1995-06-26,2.8964462531688495,2.8964462531688495,2.8677690029144287,2.8677690029144287,3900.0
1995-06-27,2.89644718170166,2.89644718170166,2.89644718170166,2.89644718170166,4500.0
1995-06-28,2.89644718170166,2.89644718170166,2.89644718170166,2.89644718170166,0.0
1995-06-29,2.9251246452331543,2.9824798116403737,2.896446733839398,2.9251246452331543,45000.0
1995-06-30,2.8964462946735567,2.9538021087646484,2.8964462946735567,2.9538021087646484,10800.0
1995-07-03,2.9251246452331543,2.953802556626911,2.9251246452331543,2.9251246452331543,8100.0
1995-07-05,2.8964462946735567,2.9538021087646484,2.8964462946735567,2.9538021087646484,9000.0
1995-07-06,2.9824790954589844,3.039834904473672,2.9538018473317766,2.9824790954589844,40200.0
1995-07-07,3.039836391497829,3.097191572189331,3.039836391497829,3.097191572189331,19500.0
1995-07-10,3.09719181060791,3.18322491645813,3.09719181060791,3.18322491645813,94500.0
1995-07-11,3.18322491645813,3.18322491645813,3.125869731351486,3.18322491645813,59100.0
1995-07-12,3.1832246996181555,3.211902618408203,3.1832246996181555,3.211902618408203,18600.0
1995-07-13,3.2405789211843374,3.326611995697021,3.2119016672669547,3.3266119956970215,74700.0
1995-07-14,3.3266125235747723,3.412645611739468,3.3266125235747723,3.3839683532714844,57900.0
1995-07-17,3.4126458168029785,3.4126458168029785,3.3839685566117983,3.4126458168029785,54000.0
1995-07-18,3.3839683532714844,3.3839683532714844,3.355290438423128,3.3839683532714844,29100.0
1995-07-19,3.2979351747673338,3.2979351747673338,3.0971910890885153,3.1545462608337402,45600.0
1995-07-20,3.154547208699379,3.240580320358276,3.154547208699379,3.2405803203582764,66300.0
1995-07-21,3.240579880817788,3.240579880817788,3.1832246996181555,3.211902618408203,93300.0
1995-07-24,3.2119030540590114,3.240580320358276,3.1832251313791953,3.2405803203582764,7500.0
1995-07-25,3.240579652304267,3.3266127462272155,3.240579652304267,3.2979354858398438,399300.0
1995-07-26,3.326611995697021,3.326611995697021,3.269256831481988,3.3266119956970215,50100.0
1995-07-27,3.2979361657179087,3.2979361657179087,3.240580320358276,3.2405803203582764,29700.0
1995-07-28,3.2692575690720553,3.2979354858398433,3.1832244751491063,3.2979354858398438,138000.0
1995-07-31,3.2979354858398433,3.2979354858398433,3.2692575690720553,3.2979354858398438,2400.0
1995-08-01,3.2692577996078356,3.297935718397883,3.211902618408203,3.211902618408203,610200.0
1995-08-02,3.2119011975510148,3.2979342594820227,3.2119011975510148,3.269256353378296,45000.0
1995-08-03,3.269256353378296,3.269256353378296,3.2405784472745696,3.269256353378296,12000.0
1995-08-04,3.2692577996078356,3.2692577996078356,3.211902618408203,3.211902618408203,93300.0
1995-08-07,3.269256353378296,3.269256353378296,3.2405784472745696,3.269256353378296,93900.0
1995-08-08,3.2405784472745696,3.269256353378296,3.2405784472745696,3.269256353378296,48600.0
1995-08-09,3.2405784472745696,3.269256353378296,3.2405784472745696,3.269256353378296,39900.0
1995-08-10,3.2692582430380925,3.2692582430380925,3.2119030540590114,3.2405803203582764,88200.0
1995-08-11,3.2692577996078356,3.2692577996078356,3.211902618408203,3.211902618408203,5700.0
1995-08-14,3.2692582430380925,3.2692582430380925,3.240580320358276,3.2405803203582764,41400.0
1995-08-15,3.240579880817788,3.2692577996078356,3.211902618408203,3.211902618408203,79200.0
1995-08-16,3.3266125235747723,3.3839683532714844,3.3266125235747723,3.3839683532714844,308700.0
1995-08-17,3.441323011349409,3.441323011349409,3.355289936065674,3.355289936065674,339900.0
1995-08-18,3.355290438423128,3.3839683532714844,3.3266125235747723,3.3839683532714844,112500.0
1995-08-21,3.355290438423128,3.3839683532714844,3.3266125235747723,3.3839683532714844,18900.0
1995-08-22,3.355290438423128,3.412645611739468,3.355290438423128,3.3839683532714844,3600.0
1995-08-23,3.326611172084227,3.326611172084227,3.3122725486755367,3.312272548675537,96900.0
1995-08-24,3.2979361657179087,3.2979361657179087,3.240580320358276,3.2405803203582764,22800.0
1995-08-25,3.2692577996078356,3.2692577996078356,3.211902618408203,3.211902618408203,9300.0
1995-08-28,3.2692580223083496,3.2979359430519253,3.18322491645813,3.18322491645813,11700.0
1995-08-29,3.1545467528808335,3.1545467528808335,3.097191572189331,3.097191572189331,9900.0
1995-08-30,3.011158227920532,3.039836144122767,2.8964472194919963,3.0111582279205322,406800.0
1995-08-31,3.011156999966328,3.011156999966328,2.925123942824433,2.9824790954589844,133500.0
1995-09-01,3.0111584729618497,3.097191572189331,3.0111584729618497,3.097191572189331,21600.0
1995-09-05,3.0971915938217025,3.1258695125579834,3.0971915938217025,3.1258695125579834,39900.0
1995-09-06,3.125869003151305,3.1545462608337402,3.0685131750257257,3.1545462608337402,51600.0
1995-09-07,3.154546995714554,3.2119028372017056,3.154546995714554,3.18322491645813,61500.0
1995-09-08,3.2119030540590114,3.240580320358276,3.1832251313791953,3.2405803203582764,56700.0
1995-09-11,3.2405784472745696,3.2979342594820227,3.2405784472745696,3.269256353378296,27300.0
1995-09-12,3.240580320358276,3.240580320358276,3.154547208699379,3.2405803203582764,27900.0
1995-09-13,3.240579652304267,3.2979354858398433,3.240579652304267,3.2979354858398438,75300.0
1995-09-14,3.2979342594820227,3.3266115092055775,3.269256353378296,3.269256353378296,48900.0
1995-09-15,3.2979354858398433,3.2979354858398433,3.2979354858398433,3.2979354858398438,17100.0
1995-09-18,3.2692577996078356,3.2692577996078356,3.211902618408203,3.211902618408203,8700.0
1995-09-19,3.2119020889593193,3.2119020889593193,3.1545462608337402,3.1545462608337402,30900.0
1995-09-20,3.1545467749138028,3.183224693650083,3.0971915938217025,3.1258695125579834,40800.0
1995-09-21,3.097191320146833,3.097191320146833,2.982480311718297,3.0111582279205322,172500.0
1995-09-22,3.011156999966328,3.039834904473672,2.9824790954589844,2.9824790954589844,96000.0
1995-09-25,3.0111575433509725,3.097190616018143,3.0111575433509725,3.0398354530334473,44400.0
1995-09-26,3.0398354530334473,3.0398354530334473,3.0398354530334473,3.0398354530334473,24900.0
1995-09-27,3.039836144122767,3.039836144122767,3.011158227920532,3.0111582279205322,165000.0
1995-09-28,3.039836144122767,3.039836144122767,3.011158227920532,3.0111582279205322,4500.0
1995-09-29,3.011158227920532,3.039836144122767,3.011158227920532,3.0111582279205322,13800.0
1995-10-02,2.9251242017191026,2.9538021087646484,2.9251242017191026,2.9538021087646484,38100.0
1995-10-03,2.896446705223504,2.9251246163339326,2.8390915393829346,2.8390915393829346,112500.0
1995-10-04,2.8390907334049214,2.8390907334049214,2.724379777908325,2.724379777908325,59100.0
1995-10-05,2.7530589153220992,2.89644718170166,2.7530589153220992,2.89644718170166,85200.0
1995-10-06,2.9251246452331543,2.953802556626911,2.896446733839398,2.9251246452331543,11700.0
1995-10-09,2.9538018473317766,2.9824790954589844,2.9538018473317766,2.9824790954589844,27000.0
1995-10-10,2.953802556626911,2.953802556626911,2.9251246452331543,2.9251246452331543,3900.0
1995-10-11,2.9251246452331543,2.9251246452331543,2.9251246452331543,2.9251246452331543,1800.0
1995-10-12,2.9251250975297305,2.9251250975297305,2.8677699222539847,2.89644718170166,66300.0
1995-10-13,2.89644718170166,2.89644718170166,2.89644718170166,2.89644718170166,4800.0
1995-10-16,2.925123942824433,2.9824790954589844,2.925123942824433,2.9824790954589844,143700.0
1995-10-17,2.9538018473317766,2.9824790954589844,2.9538018473317766,2.9824790954589844,13200.0
1995-10-18,2.9824796336684973,3.0398354530334473,2.9824796336684973,3.0398354530334473,13200.0
1995-10-19,3.011158227920532,3.011158227920532,3.011158227920532,3.0111582279205322,12900.0
1995-10-20,3.0111575433509725,3.0398354530334473,2.9824796336684973,3.0398354530334473,176100.0
1995-10-23,3.097190587565384,3.097190587565384,3.039835425107589,3.0685126781463623,92700.0
1995-10-24,2.9824790954589844,2.9824790954589844,2.9538018473317766,2.9824790954589844,78600.0
1995-10-25,2.982480272805476,2.982480272805476,2.89644718170166,2.89644718170166,96900.0
1995-10-26,2.8677690029144287,2.8964462531688495,2.8104131896452187,2.8677690029144287,19200.0
1995-10-27,2.8677699222539847,2.89644718170166,2.839092006425915,2.89644718170166,49500.0
1995-10-30,2.9251246452331543,2.9251246452331543,2.8677694788259354,2.9251246452331543,22500.0
1995-10-31,2.89644718170166,2.89644718170166,2.8677699222539847,2.89644718170166,243600.0
1995-11-01,2.8964462531688495,2.8964462531688495,2.8677690029144287,2.8677690029144287,57900.0
1995-11-02,2.8677694788259354,2.9251246452331543,2.8677694788259354,2.9251246452331543,434700.0
1995-11-03,2.896446733839398,2.9251246452331543,2.896446733839398,2.9251246452331543,18000.0
1995-11-06,2.89644718170166,2.9251250975297305,2.89644718170166,2.89644718170166,4800.0
1995-11-07,2.896447455198389,3.097191572189331,2.896447455198389,3.097191572189331,87000.0
1995-11-08,3.09719181060791,3.18322491645813,3.09719181060791,3.18322491645813,73500.0
1995-11-09,3.1545462608337402,3.1832241748965298,3.1545462608337402,3.1545462608337402,2100.0
1995-11-10,3.154546995714554,3.18322491645813,3.154546995714554,3.18322491645813,4800.0
1995-11-13,3.18322491645813,3.2119028372017056,3.154546995714554,3.18322491645813,493500.0
1995-11-14,3.1832241748965298,3.1832241748965298,3.125869003151305,3.1545462608337402,65100.0
1995-11-15,3.154546995714554,3.18322491645813,3.154546995714554,3.18322491645813,38400.0
1995-11-16,3.18322491645813,3.2119028372017056,3.18322491645813,3.18322491645813,18900.0
1995-11-17,3.1832246996181555,3.211902618408203,3.1832246996181555,3.211902618408203,21600.0
1995-11-20,3.240579880817788,3.240579880817788,3.211902618408203,3.211902618408203,11400.0
1995-11-21,3.2405784472745696,3.269256353378296,3.2405784472745696,3.269256353378296,15900.0
1995-11-22,3.269256353378296,3.269256353378296,3.2119011975510148,3.269256353378296,8400.0
1995-11-24,3.240579880817788,3.240579880817788,3.211902618408203,3.211902618408203,2100.0
1995-11-27,3.211902618408203,3.211902618408203,3.211902618408203,3.211902618408203,8100.0
1995-11-28,3.1832246996181555,3.211902618408203,3.1832246996181555,3.211902618408203,19800.0
1995-11-29,3.240579880817788,3.240579880817788,3.211902618408203,3.211902618408203,86100.0
1995-11-30,3.240579880817788,3.240579880817788,3.211902618408203,3.211902618408203,41700.0
1995-12-01,3.211902618408203,3.240579880817788,3.211902618408203,3.211902618408203,56100.0
1995-12-04,3.240579880817788,3.240579880817788,3.211902618408203,3.211902618408203,13800.0
1995-12-05,3.240580320358276,3.2692582430380925,3.240580320358276,3.2405803203582764,115800.0
1995-12-06,3.2119030540590114,3.240580320358276,3.2119030540590114,3.2405803203582764,355800.0
1995-12-07,3.2119028372017056,3.240580101564774,3.18322491645813,3.18322491645813,6900.0
1995-12-08,3.211902618408203,3.240579880817788,3.1832246996181555,3.211902618408203,416700.0
1995-12-11,3.2119028372017056,3.2119028372017056,3.18322491645813,3.18322491645813,2100.0
1995-12-12,3.18322491645813,3.197563548639664,3.18322491645813,3.18322491645813,13500.0
1995-12-13,3.2119030540590114,3.240580320358276,3.2119030540590114,3.2405803203582764,36600.0
1995-12-14,3.2692575690720553,3.2979354858398433,3.2692575690720553,3.2979354858398438,25500.0
1995-12-15,3.3266127462272155,3.355290662995004,3.2692575690720553,3.2979354858398438,80400.0
1995-12-18,3.2979342594820227,3.3266115092055775,3.269256353378296,3.269256353378296,17400.0
1995-12-19,3.2405784472745696,3.2979342594820227,3.2405784472745696,3.269256353378296,35400.0
1995-12-20,3.2979347417796387,3.355289905994672,3.269256831481988,3.3266119956970215,143700.0
1995-12-21,3.2979354858398433,3.3266127462272155,3.2979354858398433,3.2979354858398438,4500.0
1995-12-22,3.2692575690720553,3.2979354858398433,3.2692575690720553,3.2979354858398438,4800.0
1995-12-26,3.2979361657179087,3.2979361657179087,3.240580320358276,3.2405803203582764,15600.0
1995-12-27,3.2979354858398433,3.2979354858398433,3.2979354858398433,3.2979354858398438,4800.0
1995-12-28,3.2979342594820227,3.2979342594820227,3.269256353378296,3.269256353378296,34200.0
1995-12-29,3.240579652304267,3.2979354858398433,3.240579652304267,3.2979354858398438,3000.0
1996-01-02,3.269256353378296,3.2979342594820227,3.269256353378296,3.269256353378296,21000.0
1996-01-03,3.2979342594820227,3.3266115092055775,3.269256353378296,3.269256353378296,32400.0
1996-01-04,3.3266120255110043,3.355289936065674,3.3266120255110043,3.355289936065674,158100.0
1996-01-05,3.3266120255110043,3.4126451007947396,3.2692568607819386,3.355289936065674,846000.0
1996-01-08,3.3839678466203438,3.3839678466203438,3.355289936065674,3.355289936065674,2700.0
1996-01-09,3.4413237333745705,3.4413237333745705,3.3839685566117983,3.4126458168029785,64500.0
1996-01-10,3.383967816292323,3.4413229805073557,3.326611995697021,3.3266119956970215,68400.0
1996-01-11,3.2979347713366085,3.355289936065674,3.2692568607819386,3.355289936065674,19800.0
1996-01-12,3.355289936065674,3.355289936065674,3.3266120255110043,3.355289936065674,97200.0
1996-01-15,3.355289936065674,3.355289936065674,3.355289936065674,3.355289936065674,0.0
1996-01-16,3.355289936065674,3.355289936065674,3.2979347713366085,3.355289936065674,20400.0
1996-01-17,3.2979354858398433,3.2979354858398433,3.2979354858398433,3.2979354858398438,33000.0
1996-01-18,3.2835954584406792,3.326611995697021,3.2835954584406792,3.3266119956970215,16800.0
1996-01-19,3.326611995697021,3.326611995697021,3.326611995697021,3.3266119956970215,3600.0
1996-01-22,3.2979354858398433,3.3266127462272155,3.2979354858398433,3.2979354858398438,22200.0
1996-01-23,3.3266132074149937,3.3266132074149937,3.18322491645813,3.18322491645813,65400.0
1996-01-24,3.18322491645813,3.18322491645813,3.154546995714554,3.18322491645813,160200.0
1996-01-25,3.240580320358276,3.2692582430380925,3.1832251313791953,3.2405803203582764,37200.0
1996-01-26,3.2405784472745696,3.269256353378296,3.2405784472745696,3.269256353378296,28800.0
1996-01-29,3.240579880817788,3.240579880817788,3.211902618408203,3.211902618408203,8100.0
1996-01-30,3.2119030540590114,3.240580320358276,3.2119030540590114,3.2405803203582764,496500.0
1996-01-31,3.240579652304267,3.2979354858398433,3.240579652304267,3.2979354858398438,158400.0
1996-02-01,3.326611995697021,3.326611995697021,3.269256831481988,3.3266119956970215,28800.0
1996-02-02,3.2979347417796387,3.326611995697021,3.269256831481988,3.3266119956970215,16800.0
1996-02-05,3.2692582430380925,3.2692582430380925,3.240580320358276,3.2405803203582764,13200.0
1996-02-06,3.240580320358276,3.240580320358276,3.2119030540590114,3.2405803203582764,116400.0
1996-02-07,3.2979347713366085,3.355289936065674,3.2979347713366085,3.355289936065674,126000.0
1996-02-08,3.355289936065674,3.3839678466203438,3.355289936065674,3.355289936065674,157200.0
1996-02-09,3.3839683532714844,3.412645611739468,3.3839683532714844,3.3839683532714844,227100.0
1996-02-12,3.4126458168029785,3.4413237333745705,3.3839685566117983,3.4126458168029785,50100.0
1996-02-13,3.412645611739468,3.412645611739468,3.3839683532714844,3.3839683532714844,17700.0
1996-02-14,3.4126458168029785,3.4126458168029785,3.4126458168029785,3.4126458168029785,10200.0
1996-02-15,3.412645611739468,3.412645611739468,3.3839683532714844,3.3839683532714844,6900.0
1996-02-16,3.3839685566117983,3.4126458168029785,3.3839685566117983,3.4126458168029785,8100.0
1996-02-20,3.412645611739468,3.412645611739468,3.3839683532714844,3.3839683532714844,71700.0
1996-02-21,3.4126458168029785,3.4126458168029785,3.3552906400402063,3.4126458168029785,272100.0
1996-02-22,3.3839683532714844,3.3839683532714844,3.355290438423128,3.3839683532714844,265500.0
1996-02-23,3.3839683532714844,3.3839683532714844,3.355290438423128,3.3839683532714844,113700.0
1996-02-26,3.3839678466203438,3.3839678466203438,3.355289936065674,3.355289936065674,220500.0
1996-02-27,3.3839667044526323,3.441321849822998,3.3839667044526323,3.441321849822998,106200.0
1996-02-28,3.412645070209705,3.412645070209705,3.326611995697021,3.3266119956970215,522900.0
1996-02-29,3.3266120255110043,3.355289936065674,3.3266120255110043,3.355289936065674,16500.0
1996-03-01,3.326611995697021,3.326611995697021,3.326611995697021,3.3266119956970215,47400.0
1996-03-04,3.355290438423128,3.3839683532714844,3.355290438423128,3.3839683532714844,48900.0
1996-03-05,3.3839667044526323,3.469999750698207,3.3839667044526323,3.441321849822998,180900.0
1996-03-06,3.441320943197396,3.5273539667773304,3.441320943197396,3.469998836517334,213900.0
1996-03-07,3.441321849822998,3.441321849822998,3.412643948947789,3.441321849822998,62100.0
1996-03-08,3.4126458168029785,3.4413237333745705,3.4126458168029785,3.4126458168029785,60600.0
1996-03-11,3.4126458168029785,3.4126458168029785,3.3839685566117983,3.4126458168029785,24900.0
1996-03-12,3.412643948947789,3.441321849822998,3.412643948947789,3.441321849822998,33600.0
1996-03-13,3.4413237333745705,3.4413237333745705,3.4126458168029785,3.4126458168029785,36000.0
1996-03-14,3.4126458168029785,3.4126458168029785,3.4126458168029785,3.4126458168029785,5400.0
1996-03-15,3.4126458168029785,3.4413237333745705,3.4126458168029785,3.4126458168029785,10800.0
1996-03-18,3.4413237333745705,3.4413237333745705,3.4126458168029785,3.4126458168029785,10200.0
1996-03-19,3.4413218696045087,3.4986770153045654,3.4126439685644527,3.4986770153045654,118800.0
1996-03-20,3.5273549943674767,3.55603289604187,3.5273549943674767,3.55603289604187,74700.0
1996-03-21,3.55603289604187,3.55603289604187,3.5273549943674767,3.55603289604187,59700.0
1996-03-22,3.556031860097269,3.556031860097269,3.469998836517334,3.469998836517334,182700.0
1996-03-25,3.441321849822998,3.441321849822998,3.412643948947789,3.441321849822998,30900.0
1996-03-26,3.412643948947789,3.441321849822998,3.412643948947789,3.441321849822998,9900.0
1996-03-27,3.441323756917953,3.441323756917953,3.2979354858398433,3.2979354858398438,2946300.0
1996-03-28,3.326613432017173,3.326613432017173,3.240580320358276,3.2405803203582764,89100.0
1996-03-29,3.211902612386364,3.211902612386364,3.1258695125579834,3.1258695125579834,82500.0
1996-04-01,3.125869518418523,3.211902618408203,3.125869518418523,3.211902618408203,30000.0
1996-04-02,3.2234160900115967,3.2521961496991945,3.194635371590657,3.2234160900115967,608400.0
1996-04-03,3.2809765507504998,3.2809765507504998,3.2521958351135254,3.2521958351135254,156000.0
1996-04-04,3.2809768681201343,3.2809768681201343,3.2234160900115967,3.2234160900115967,978600.0
1996-04-08,3.16585373878479,3.16585373878479,3.137073687409656,3.16585373878479,39300.0
1996-04-09,3.16585373878479,3.16585373878479,3.16585373878479,3.16585373878479,18600.0
1996-04-10,3.16585373878479,3.16585373878479,3.16585373878479,3.16585373878479,1500.0
1996-04-11,3.16585373878479,3.16585373878479,3.16585373878479,3.16585373878479,5100.0
1996-04-12,3.194633722305298,3.194633722305298,3.194633722305298,3.194633722305298,6000.0
1996-04-15,3.2234138337039786,3.3673160076141357,3.2234138337039786,3.3673160076141357,33600.0
1996-04-16,3.3673160076141357,3.3673160076141357,3.3673160076141357,3.3673160076141357,5100.0
1996-04-17,3.3673160076141357,3.3673160076141357,3.3673160076141357,3.3673160076141357,3600.0
1996-04-18,3.338536247341744,3.3960976600646973,3.338536247341744,3.3960976600646973,12300.0
1996-04-19,3.424877882003784,3.482439297656351,3.424877882003784,3.424877882003784,56100.0
1996-04-22,3.424877882003784,3.424877882003784,3.424877882003784,3.424877882003784,2400.0
1996-04-23,3.3960978329105993,3.424877882003784,3.3960978329105993,3.424877882003784,17400.0
1996-04-24,3.4536561965942383,3.4536561965942383,3.4248755087117386,3.4536561965942383,54300.0
1996-04-25,3.4536585898300673,3.4536585898300673,3.424877882003784,3.424877882003784,21900.0
1996-04-26,3.4248755087117386,3.4824368844767375,3.4248755087117386,3.4536561965942383,84900.0
1996-04-29,3.42487698950218,3.42487698950218,3.33853554725647,3.3385355472564697,102900.0
1996-04-30,3.3097569942474365,3.3097569942474365,3.2809762809769154,3.3097569942474365,16500.0
1996-05-01,3.309755269796649,3.396096705889319,3.309755269796649,3.3673160076141357,43200.0
1996-05-02,3.338534880121187,3.3673155746961894,3.2809741497039795,3.2809741497039795,14100.0
1996-05-03,3.2809741497039795,3.2809741497039795,3.2809741497039795,3.2809741497039795,2100.0
1996-05-06,3.3097569942474365,3.3673177620552552,3.3097569942474365,3.3097569942474365,164700.0
1996-05-07,3.338535309338952,3.3673160076141357,3.338535309338952,3.3673160076141357,5100.0
1996-05-08,3.3673160076141357,3.3673160076141357,3.338535309338952,3.3673160076141357,90000.0
1996-05-09,3.3960976600646973,3.3960976600646973,3.3960976600646973,3.3960976600646973,600.0
1996-05-10,3.3673169537032206,3.3960976600646973,3.3673169537032206,3.3960976600646973,75000.0
1996-05-13,3.4536571037478563,3.5687792267837235,3.4536571037478563,3.5399985313415527,151500.0
1996-05-14,3.5112178391796807,3.568779230117798,3.5112178391796807,3.568779230117798,53100.0
1996-05-15,3.5399985313415527,3.5399985313415527,3.5399985313415527,3.5399985313415527,7500.0
1996-05-16,3.511216443832469,3.511216443832469,3.4536557345016266,3.482436418533325,9600.0
1996-05-17,3.482436418533325,3.482436418533325,3.482436418533325,3.482436418533325,0.0
1996-05-20,3.4824368844767375,3.4824368844767375,3.4536561965942383,3.4536561965942383,5700.0
1996-05-21,3.42487698950218,3.4536576898283924,3.309755505663185,3.3385355472564697,24000.0
1996-05-22,3.338535309338952,3.3673160076141357,3.309755269796649,3.3673160076141357,10500.0
1996-05-23,3.338537048784734,3.3673177620552552,3.2809762809769154,3.3097569942474365,616200.0
1996-05-24,3.3097569942474365,3.3097569942474365,3.3097569942474365,3.3097569942474365,0.0
1996-05-28,3.2809748053369727,3.3673162475826826,3.2809748053369727,3.3385355472564697,669900.0
1996-05-29,3.309755505663185,3.33853554725647,3.2809748053369727,3.3385355472564697,11700.0
1996-05-30,3.3097569942474365,3.3097569942474365,3.3097569942474365,3.3097569942474365,7800.0
1996-05-31,3.338537048784734,3.338537048784734,3.2521955677063943,3.3097569942474365,63000.0
1996-06-03,3.2809762809769154,3.3097569942474365,3.2809762809769154,3.3097569942474365,9300.0
1996-06-04,3.3097563681648476,3.424877882003784,3.3097563681648476,3.424877882003784,20700.0
1996-06-05,3.4536557345016266,3.482436418533325,3.4536557345016266,3.482436418533325,24900.0
1996-06-06,3.3960978329105993,3.424877882003784,3.3960978329105993,3.424877882003784,13800.0
1996-06-07,3.3960950251707844,3.482436418533325,3.367314341139086,3.482436418533325,22200.0
1996-06-10,3.396096947908895,3.396096947908895,3.2809748053369727,3.3385355472564697,79200.0
1996-06-11,3.4536557345016266,3.482436418533325,3.4536557345016266,3.482436418533325,30300.0
1996-06-12,3.4248766376094233,3.5112180709838867,3.4248766376094233,3.5112180709838867,17400.0
1996-06-13,3.4536585898300673,3.482439297656351,3.424877882003784,3.424877882003784,45300.0
1996-06-14,3.4248755087117386,3.4536561965942383,3.4248755087117386,3.4536561965942383,22200.0
1996-06-17,3.4824368844767375,3.4824368844767375,3.4536561965942383,3.4536561965942383,4500.0
1996-06-18,3.4536561965942383,3.4536561965942383,3.4248755087117386,3.4536561965942383,22200.0
1996-06-19,3.424878529863074,3.424878529863074,3.3097569942474365,3.3097569942474365,6300.0
1996-06-20,3.3097569942474365,3.338537048784734,3.3097569942474365,3.3097569942474365,142500.0
1996-06-21,3.338537048784734,3.338537048784734,3.3097569942474365,3.3097569942474365,10200.0
1996-06-24,3.309755505663185,3.42487698950218,3.309755505663185,3.3385355472564697,59100.0
1996-06-25,3.3673162475826826,3.3673162475826826,3.33853554725647,3.3385355472564697,28800.0
1996-06-26,3.3673160076141357,3.3673160076141357,3.338535309338952,3.3673160076141357,6000.0
1996-06-27,3.33853554725647,3.3673162475826826,3.33853554725647,3.3385355472564697,10500.0
1996-06-28,3.3673155746961894,3.3673155746961894,3.2521934551289773,3.2809741497039795,23700.0
1996-07-01,3.2809762809769154,3.338537048784734,3.2809762809769154,3.3097569942474365,79800.0
1996-07-02,3.321308382821371,3.407951204451213,3.321308382821371,3.3790700435638428,6900.0
1996-07-03,3.407951204451213,3.407951204451213,3.350188882676472,3.3790700435638428,13800.0
1996-07-05,3.407951536385158,3.407951536385158,3.3213087063163176,3.350189208984375,6900.0
1996-07-08,3.3213090896606445,3.3213090896606445,3.292427922626799,3.3213090896606445,31800.0
1996-07-09,3.292427631305771,3.292427631305771,3.2635464668273926,3.2635464668273926,179400.0
1996-07-10,3.2635464668273926,3.2635464668273926,3.234665963381366,3.2635464668273926,45000.0
1996-07-11,3.2924281197625236,3.2924281197625236,3.2057852745056152,3.2057852745056152,55500.0
1996-07-12,3.2057852745056152,3.2346664432687344,3.2057852745056152,3.2057852745056152,3000.0
1996-07-15,3.2635450900090164,3.2635450900090164,3.1769022941589355,3.1769022941589355,10200.0
1996-07-16,3.1480232208140375,3.1480232208140375,3.0902608902089113,3.1191420555114746,9300.0
1996-07-17,3.1480218028969573,3.1769022941589355,3.119140650602906,3.1769022941589355,12900.0
1996-07-18,3.1769017057301285,3.321306779421464,3.1769017057301285,3.2924256324768066,39300.0
1996-07-19,3.292427542615926,3.350189208984375,3.263546378915535,3.350189208984375,77100.0
1996-07-22,3.379071374807754,3.4079525470733643,3.379071374807754,3.4079525470733643,2400.0
1996-07-23,3.321309288525643,3.3501897962563127,3.2057852745056152,3.2057852745056152,91200.0
1996-07-24,3.205783446452987,3.205783446452987,2.888093415346715,3.1769022941589355,68100.0
1996-07-25,3.1769036319328965,3.1769036319328965,3.1480231285095215,3.1480231285095215,17400.0
1996-07-26,3.1480232208140375,3.1480232208140375,3.061380385938719,3.1191420555114746,107400.0
1996-07-29,3.1191420555114746,3.1480232208140375,3.1191420555114746,3.1191420555114746,81900.0
1996-07-30,3.1480218028969573,3.1769022941589355,3.1480218028969573,3.1769022941589355,4200.0
1996-07-31,3.2057847963886226,3.234665960844349,3.1480231285095215,3.1480231285095215,30300.0
1996-08-01,3.1769041057424956,3.2057852745056152,3.1769041057424956,3.2057852745056152,2100.0
1996-08-02,3.2057852745056152,3.2057852745056152,3.2057852745056152,3.2057852745056152,4800.0
1996-08-05,3.1769042458485988,3.2346665859222408,3.1769042458485988,3.234666585922241,600.0
1996-08-06,3.2346658762474774,3.350189208984375,3.2057847125470857,3.350189208984375,21600.0
1996-08-07,3.350188882676472,3.3790700435638428,3.350188882676472,3.3790700435638428,900.0
1996-08-08,3.3790700435638428,3.3790700435638428,3.3790700435638428,3.3790700435638428,0.0
1996-08-09,3.3790700435638428,3.3790700435638428,3.3790700435638428,3.3790700435638428,0.0
1996-08-12,3.3790700435638428,3.3790700435638428,3.3790700435638428,3.3790700435638428,3600.0
1996-08-13,3.3213090896606445,3.3213090896606445,3.3213090896606445,3.3213090896606445,3600.0
1996-08-14,3.2924282649634042,3.2924282649634042,3.2346665859222408,3.234666585922241,4800.0
1996-08-15,3.2346665859222408,3.2346665859222408,3.2346665859222408,3.234666585922241,345000.0
1996-08-16,3.234666249591518,3.3213090896606445,3.234666249591518,3.3213090896606445,2400.0
1996-08-19,3.2924256324768066,3.2924256324768066,3.2635444855321496,3.2924256324768066,10200.0
1996-08-20,3.2924256324768066,3.2924256324768066,3.2924256324768066,3.2924256324768066,6900.0
1996-08-21,3.3213090896606445,3.3501895956620795,3.292427922626799,3.3213090896606445,9300.0
1996-08-22,3.350190202542143,3.4368330583064446,3.350190202542143,3.4079525470733643,105000.0
1996-08-23,3.379070286250413,3.4368319511413574,3.379070286250413,3.4368319511413574,14400.0
1996-08-26,3.4368304433370214,3.4657115936279297,3.4368304433370214,3.4657115936279297,11400.0
1996-08-27,3.4657115936279297,3.4657115936279297,3.4657115936279297,3.4657115936279297,6300.0
1996-08-28,3.465711516973857,3.494592666625976,3.465711516973857,3.4945926666259766,7200.0
1996-08-29,3.5234732331777194,3.5234732331777194,3.4368304433370214,3.4657115936279297,17400.0
1996-08-30,3.4368330583064446,3.4368330583064446,3.379071374807754,3.4079525470733643,15900.0
1996-09-03,3.4079514492120437,3.4368319511413574,3.4079514492120437,3.4368319511413574,16800.0
1996-09-04,3.4368304433370214,3.4657115936279297,3.4368304433370214,3.4657115936279297,12600.0
1996-09-05,3.465713114102988,3.465713114102988,3.4079514492120437,3.4368319511413574,112800.0
1996-09-06,3.4368330583064446,3.4368330583064446,3.4079525470733643,3.4079525470733643,61200.0
1996-09-09,3.4368304433370214,3.4657115936279297,3.40794995407814,3.4657115936279297,138600.0
1996-09-10,3.4657131753316737,3.5812371681868393,3.4657131753316737,3.552356004714966,25800.0
1996-09-11,3.523474778993932,3.523474778993932,3.4368319511413574,3.4368319511413574,5100.0
1996-09-12,3.4657131753316737,3.5812371681868393,3.4657131753316737,3.552356004714966,102300.0
1996-09-13,3.5234731552460836,3.5812354545503227,3.494592666625976,3.4945926666259766,162000.0
1996-09-16,3.5234731552460836,3.5234731552460836,3.494592666625976,3.4945926666259766,3600.0
1996-09-17,3.5234742164611816,3.5234742164611816,3.4368314024413804,3.5234742164611816,366600.0
1996-09-18,3.552355538702731,3.610117197036743,3.5234743790196035,3.610117197036743,42300.0
1996-09-19,3.610117197036743,3.6389983567198705,3.610117197036743,3.610117197036743,7500.0
1996-09-20,3.581236698385858,3.610117197036743,3.581236698385858,3.610117197036743,19500.0
1996-09-23,3.610117670626384,3.610117670626384,3.552356004714966,3.552356004714966,7200.0
1996-09-24,3.5812361240386963,3.5812361240386963,3.5812361240386963,3.5812361240386963,15000.0
1996-09-25,3.5812371681868393,3.5812371681868393,3.552356004714966,3.552356004714966,9600.0
1996-09-26,3.581237316979241,3.6389989852905273,3.581237316979241,3.6389989852905273,31800.0
1996-09-27,3.6389988340982575,3.6389988340982575,3.552356004714966,3.552356004714966,20100.0
1996-09-30,3.5234748995710383,3.6967605612062098,3.5234748995710383,3.667880058288574,23400.0
1996-10-01,3.6967605612062098,3.6967605612062098,3.667880058288574,3.667880058288574,5700.0
1996-10-02,3.708441134831446,3.708441134831446,3.6215245405532013,3.6504969596862793,15900.0
1996-10-03,3.6794685293486062,3.737412691116333,3.6794685293486062,3.737412691116333,102600.0
1996-10-04,3.7374115150369116,3.7374115150369116,3.7084391117095947,3.7084391117095947,42900.0
1996-10-07,3.708441134831446,3.708441134831446,3.6504969596862793,3.6504969596862793,11400.0
1996-10-08,3.6794707775115967,3.7084425445368416,3.6794707775115967,3.6794707775115967,5100.0
1996-10-09,3.7084425445368416,3.7084425445368416,3.6504983473651107,3.6794707775115967,13800.0
1996-10-10,3.6794707775115967,3.6794707775115967,3.6794707775115967,3.6794707775115967,0.0
1996-10-11,3.6794707775115967,3.6794707775115967,3.6794707775115967,3.6794707775115967,9600.0
1996-10-14,3.7084391117095947,3.7084391117095947,3.7084391117095947,3.7084391117095947,600.0
1996-10-15,3.708441134831446,3.708441134831446,3.6215245405532013,3.6504969596862793,18600.0
1996-10-16,3.6215245405532013,3.6504969596862793,3.5925527845411125,3.6504969596862793,23400.0
1996-10-17,3.6794684422144814,3.6794684422144814,3.62152361869812,3.62152361869812,10800.0
1996-10-18,3.62152361869812,3.62152361869812,3.62152361869812,3.62152361869812,5100.0
1996-10-21,3.62152361869812,3.62152361869812,3.59255187006076,3.62152361869812,4200.0
1996-10-22,3.6504968666448825,3.6794692850395307,3.5346078561872605,3.563580274581909,83100.0
1996-10-23,3.621524448250234,3.621524448250234,3.5346078561872605,3.563580274581909,204900.0
1996-10-24,3.621524448250234,3.621524448250234,3.563580274581909,3.563580274581909,6000.0
1996-10-25,3.5635817200468938,3.6794707775115967,3.5635817200468938,3.6794707775115967,15600.0
1996-10-28,3.6794707775115967,3.7084425445368416,3.6794707775115967,3.6794707775115967,71700.0
1996-10-29,3.6794707775115967,3.6794707775115967,3.6794707775115967,3.6794707775115967,3000.0
1996-10-30,3.679467371502905,3.7084391117095947,3.679467371502905,3.7084391117095947,5100.0
1996-10-31,3.650496030456301,3.6794684422144814,3.62152361869812,3.62152361869812,10200.0
1996-11-01,3.59255187006076,3.62152361869812,3.59255187006076,3.62152361869812,214200.0
1996-11-04,3.5925512313842773,3.5925512313842773,3.5635788247767524,3.5925512313842773,186000.0
1996-11-05,3.59255187006076,3.62152361869812,3.59255187006076,3.62152361869812,109500.0
1996-11-06,3.62152361869812,3.62152361869812,3.5635794583025793,3.62152361869812,39900.0
1996-11-07,3.62152361869812,3.650496030456301,3.59255187006076,3.62152361869812,58800.0
1996-11-08,3.6215229748710995,3.6215229748710995,3.5925512313842773,3.5925512313842773,3300.0
1996-11-11,3.563580274581909,3.563580274581909,3.563580274581909,3.563580274581909,1200.0
1996-11-12,3.5346076488494877,3.5346076488494877,3.5346076488494877,3.5346076488494873,300.0
1996-11-13,3.534607792664638,3.534607792664638,3.4476912021636967,3.4476912021636963,237600.0
1996-11-14,3.447690347378319,3.447690347378319,3.3897461891174316,3.3897461891174316,486600.0
1996-11-15,3.4187194474106897,3.4476912021636967,3.4187194474106897,3.4476912021636963,121200.0
1996-11-18,3.4476912021636967,3.4766636200376637,3.4187194474106897,3.4476912021636963,83700.0
1996-11-19,3.447692487754614,3.447692487754614,3.389748293521151,3.4187207221984863,118200.0
1996-11-20,3.360773801803589,3.389746212695958,3.3318020540320203,3.360773801803589,75000.0
1996-11-21,3.331802030856544,3.418718599808273,3.331802030856544,3.3897461891174316,30300.0
1996-11-22,3.389748293521151,3.4187207221984863,3.389748293521151,3.4187207221984863,33300.0
1996-11-25,3.418719508850611,3.563580274581909,3.418719508850611,3.563580274581909,23100.0
1996-11-26,3.5346078561872605,3.621524448250234,3.5346078561872605,3.563580274581909,57900.0
1996-11-27,3.5925526929765574,3.6794692850395307,3.563580274581909,3.563580274581909,62400.0
1996-11-29,3.5925541501933798,3.6794707775115967,3.5635817200468938,3.6794707775115967,42300.0
1996-12-02,3.6504983473651107,3.6794707775115967,3.6215259172186247,3.6794707775115967,73500.0
1996-12-03,3.708440178621215,3.7953567504882812,3.708440178621215,3.7953567504882812,356400.0
1996-12-04,3.8243291621509097,3.8243291621509097,3.7953567504882812,3.7953567504882812,8400.0
1996-12-05,3.8243291621509097,3.940218145680604,3.7953567504882812,3.7953567504882812,23400.0
1996-12-06,3.8243291621509097,3.8243291621509097,3.7953567504882812,3.7953567504882812,8100.0
1996-12-09,3.8243291621509097,3.8533015738135377,3.7953567504882812,3.7953567504882812,23700.0
1996-12-10,3.8243291621509097,3.8243291621509097,3.7953567504882812,3.7953567504882812,8100.0
1996-12-11,3.7953567504882812,3.8243291621509097,3.7953567504882812,3.7953567504882812,9900.0
1996-12-12,3.7663839183642285,3.7663839183642285,3.7084391117095947,3.7084391117095947,106500.0
1996-12-13,3.6794693788193573,3.6794693788193573,3.6504969596862793,3.6504969596862793,34500.0
1996-12-16,3.6794707775115967,3.7084425445368416,3.6794707775115967,3.6794707775115967,82500.0
1996-12-17,3.679467371502905,3.7084391117095947,3.679467371502905,3.7084391117095947,37800.0
1996-12-18,3.708440178621215,3.8243291621509097,3.708440178621215,3.7953567504882812,193500.0
1996-12-19,3.795356937356321,3.882273513502808,3.795356937356321,3.853301763534546,276300.0
1996-12-20,3.85330351111611,4.287886588944199,3.85330351111611,4.171997547149658,208800.0
1996-12-23,4.258911016579529,4.258911016579529,4.085077913861998,4.143022060394287,110700.0
1996-12-24,4.1140522956848145,4.1140522956848145,4.1140522956848145,4.1140522956848145,1500.0
1996-12-26,4.143022060394287,4.200966870047239,4.027133767329707,4.143022060394287,41400.0
1996-12-27,4.114050318688474,4.171994465220763,4.114050318688474,4.143022060394287,4800.0
1996-12-30,4.08508093158404,4.171997547149658,4.08508093158404,4.171997547149658,4800.0
1996-12-31,4.1255115434125855,4.2126702333088515,4.1255115434125855,4.183617115020752,12300.0
1997-01-02,4.183617981790288,4.183617981790288,4.125512398143702,4.15456485748291,6000.0
1997-01-03,4.12551210138564,4.212670803070068,4.12551210138564,4.212670803070068,13500.0
1997-01-06,4.241723260319463,4.241723260319463,4.212670803070068,4.212670803070068,13800.0
1997-01-07,4.183617115020752,4.183617115020752,4.183617115020752,4.183617115020752,11100.0
1997-01-08,4.241721374122284,4.445091809274443,4.241721374122284,4.386986255645752,157800.0
1997-01-09,4.357935314827734,4.4741471448791925,4.357935314827734,4.416040897369385,86700.0
1997-01-10,4.474146679258841,4.474146679258841,4.212670587580756,4.328881740570068,70500.0
1997-01-13,4.357933146347493,4.445091809274443,4.357933146347493,4.386986255645752,14700.0
1997-01-14,4.386987593100711,4.4450931644439695,4.29982890360181,4.357934474945068,61800.0
1997-01-15,4.3869889955006816,4.445094585418701,4.3869889955006816,4.445094585418701,14700.0
1997-01-16,4.445092773680612,4.503198339915872,4.445092773680612,4.474145889282227,15900.0
1997-01-17,4.416040897369385,4.50319960366594,4.416040897369385,4.416040897369385,56400.0
1997-01-20,4.357934484676439,4.357934484676439,4.24172267676239,4.27077579498291,34800.0
1997-01-21,4.24172304334404,4.328881740570068,4.183617466849383,4.328881740570068,16200.0
1997-01-22,4.328881962003892,4.328881962003892,4.212670803070068,4.212670803070068,37800.0
1997-01-23,4.212670314616575,4.357934578924716,4.212670314616575,4.299829006195068,25800.0
1997-01-24,4.357934578924716,4.357934578924716,4.299829006195068,4.299829006195068,4200.0
1997-01-27,4.299829006195068,4.299829006195068,4.241722768497376,4.299829006195068,9000.0
1997-01-28,4.357934812132187,4.590357780456543,4.357934812132187,4.590357780456543,41400.0
1997-01-29,4.532251455517486,4.532251455517486,4.474145889282227,4.474145889282227,22800.0
1997-01-30,4.532249821435243,4.532249821435243,4.4741442761496755,4.503196716308594,36600.0
1997-01-31,4.503200691878804,4.561306953430176,4.503200691878804,4.561306953430176,7200.0
1997-02-03,4.532253822654489,4.648465680788916,4.532253822654489,4.561306953430176,26400.0
1997-02-04,4.532249821435243,4.532249821435243,4.4741442761496755,4.503196716308594,11700.0
1997-02-05,4.50319960366594,4.50319960366594,4.416040897369385,4.416040897369385,52800.0
1997-02-06,4.416040897369385,4.416040897369385,4.416040897369385,4.416040897369385,8400.0
1997-02-07,4.416040046288326,4.416040046288326,4.357934474945068,4.357934474945068,81300.0
1997-02-10,4.357936348741942,4.357936348741942,4.241724491119385,4.241724491119385,34800.0
1997-02-11,4.241723260319463,4.2707763825369796,4.096458979168124,4.212670803070068,75900.0
1997-02-12,4.212670214102909,4.357934474945068,4.212670214102909,4.357934474945068,114900.0
1997-02-13,4.328881740570068,4.328881740570068,4.270776164075412,4.328881740570068,7500.0
1997-02-14,4.328881962003892,4.328881962003892,4.212670803070068,4.212670803070068,18000.0
1997-02-18,4.241722696915298,4.241722696915298,4.096458435058594,4.096458435058594,120600.0
1997-02-19,4.096458527258294,4.125511646270752,4.096458527258294,4.125511646270752,63900.0
1997-02-20,4.125510008289544,4.154562450799051,4.038351350825454,4.067403793334961,53400.0
1997-02-21,4.038351350825454,4.067403793334961,4.038351350825454,4.067403793334961,63300.0
1997-02-24,4.096458435058594,4.096458435058594,4.038352863309519,4.096458435058594,30300.0
1997-02-25,4.067405408245836,4.125511646270752,4.067405408245836,4.125511646270752,59100.0
1997-02-26,4.096457088445371,4.096457088445371,4.038351535797119,4.038351535797119,23700.0
1997-02-27,4.067406206738477,4.067406206738477,3.980247497558594,3.9802474975585938,45000.0
1997-02-28,3.980246740568889,3.980246740568889,3.92214116715593,3.9511942863464355,42300.0
1997-03-03,3.7768780786992537,3.922142390006366,3.7768780786992537,3.864036798477173,262500.0
1997-03-04,3.8930890560150146,3.9076159518557882,3.8930890560150146,3.8930890560150146,210600.0
1997-03-05,3.89308647840678,4.125510008289544,3.89308647840678,4.067403793334961,68700.0
1997-03-06,4.067403979637337,4.067403979637337,4.038351535797119,4.038351535797119,1500.0
1997-03-07,4.067403793334961,4.067403793334961,4.067403793334961,4.067403793334961,3300.0
1997-03-10,4.009299744950964,4.096458435058594,4.009299744950964,4.096458435058594,12000.0
1997-03-11,4.096456900812252,4.096456900812252,4.038351350825454,4.067403793334961,12000.0
1997-03-12,4.067406149528946,4.15456485748291,4.067406149528946,4.15456485748291,43800.0
1997-03-13,4.125512398143702,4.15456485748291,4.125512398143702,4.15456485748291,5400.0
1997-03-14,4.183617115020752,4.183617115020752,4.154563996732653,4.183617115020752,27300.0
1997-03-17,4.154563987068862,4.27077579498291,4.154563987068862,4.27077579498291,245400.0
1997-03-18,4.2126702333088515,4.2126702333088515,4.183617115020752,4.183617115020752,19200.0
1997-03-19,4.183617115020752,4.183617115020752,4.154563996732653,4.183617115020752,29700.0
1997-03-20,4.2126702333088515,4.2126702333088515,4.183617115020752,4.183617115020752,6300.0
1997-03-21,4.212672025439981,4.241724491119385,4.1836188947922635,4.241724491119385,15300.0
1997-03-24,4.212670803070068,4.241723260319463,4.212670803070068,4.212670803070068,3600.0
1997-03-25,4.183617680852551,4.212670803070068,4.183617680852551,4.212670803070068,141000.0
1997-03-26,4.183617195767728,4.299829006195068,4.183617195767728,4.299829006195068,84900.0
1997-03-27,4.2707763825369796,4.2707763825369796,4.212670803070068,4.212670803070068,10500.0
1997-03-31,4.212670803070068,4.212670803070068,4.212670803070068,4.212670803070068,7200.0
1997-04-01,4.1836188947922635,4.241724491119385,4.1836188947922635,4.241724491119385,50700.0
1997-04-02,4.224245548248291,4.224245548248291,4.224245548248291,4.224245548248291,300.0
1997-04-03,4.195112599597136,4.253377830104256,4.195112599597136,4.224245548248291,12900.0
1997-04-04,4.2533749673800365,4.28250789642334,4.2242427051314735,4.28250789642334,30600.0
1997-04-07,4.311640825466644,4.311640825466644,4.28250789642334,4.28250789642334,4200.0
1997-04-08,4.28250789642334,4.28250789642334,4.28250789642334,4.28250789642334,2100.0
1997-04-09,4.311641216278076,4.311641216278076,4.253375352910193,4.311641216278076,25500.0
1997-04-10,4.282508764266968,4.428172105412449,4.282508764266968,4.369906902313232,17400.0
1997-04-11,4.36990601675851,4.36990601675851,4.28250789642334,4.28250789642334,9300.0
1997-04-14,4.282509795835856,4.340775012969971,4.282509795835856,4.340775012969971,6900.0
1997-04-15,4.3116416992140145,4.399039837260279,4.3116416992140145,4.369906902313232,18900.0
1997-04-16,4.311640825466644,4.311640825466644,4.28250789642334,4.28250789642334,5700.0
1997-04-17,4.28250789642334,4.28250789642334,4.2533749673800365,4.28250789642334,3300.0
1997-04-18,4.253377830104256,4.253377830104256,4.195112599597136,4.224245548248291,36300.0
1997-04-21,4.253374099731445,4.253374099731445,4.224241843425591,4.253374099731445,8100.0
1997-04-22,4.282507022831905,4.282507022831905,4.253374099731445,4.253374099731445,24000.0
1997-04-23,4.253374099731445,4.282507022831905,4.253374099731445,4.253374099731445,10500.0
1997-04-24,4.253374099731445,4.282507022831905,4.253374099731445,4.253374099731445,15300.0
1997-04-25,4.253374099731445,4.282507022831905,4.253374099731445,4.253374099731445,81900.0
1997-04-28,4.253377830104256,4.253377830104256,4.224245548248291,4.224245548248291,8100.0
1997-04-29,4.282508284594135,4.369906412851158,4.282508284594135,4.311641216278076,69300.0
1997-04-30,4.282508284594135,4.340773481167216,4.282508284594135,4.311641216278076,8400.0
1997-05-01,4.340773967366185,4.369906902313232,4.340773967366185,4.369906902313232,9600.0
1997-05-02,4.369906902313232,4.369906902313232,4.369906902313232,4.369906902313232,10500.0
1997-05-05,4.369907758351117,4.399040699005127,4.369907758351117,4.399040699005127,9600.0
1997-05-06,4.399038048439138,4.399038048439138,4.224241843425591,4.253374099731445,24900.0
1997-05-07,4.22424356116775,4.384473036389317,4.22424356116775,4.369906902313232,51900.0
1997-05-08,4.355341817349777,4.369907954934547,4.311642737800431,4.340775012969971,56100.0
1997-05-09,4.340773967366185,4.369906902313232,4.340773967366185,4.369906902313232,26700.0
1997-05-12,4.369908472782379,4.573837757110596,4.369908472782379,4.573837757110596,157500.0
1997-05-13,4.544706344604492,4.544706344604492,4.4864411009131375,4.544706344604492,225000.0
1997-05-14,4.544706344604492,4.544706344604492,4.515573389361144,4.544706344604492,18000.0
1997-05-15,4.486437797546387,4.486437797546387,4.4573048637536345,4.486437797546387,4800.0
1997-05-16,4.515570639576361,4.515570639576361,4.457305431365967,4.457305431365967,19200.0
1997-05-19,4.457305913518139,4.457305913518139,4.399040699005127,4.399040699005127,33000.0
1997-05-20,4.399040223155573,4.457305431365967,4.399040223155573,4.457305431365967,156000.0
1997-05-21,4.45730814566979,4.544706344604492,4.428175190426443,4.544706344604492,110100.0
1997-05-22,4.544704811693674,4.573837757110596,4.544704811693674,4.573837757110596,11100.0
1997-05-23,4.602967739105225,4.602967739105225,4.602967739105225,4.602967739105225,3300.0
1997-05-27,4.602967739105225,4.602967739105225,4.602967739105225,4.602967739105225,8400.0
1997-05-28,4.632100669986419,4.632100669986419,4.5738354750188135,4.602967739105225,38700.0
1997-05-29,4.632100669986419,4.632100669986419,4.602967739105225,4.602967739105225,6600.0
1997-05-30,4.661232579940768,4.748630686647191,4.661232579940768,4.690364837646484,28800.0
1997-06-02,4.748633750658065,4.865164190260365,4.719500807359957,4.836031913757324,15000.0
1997-06-03,4.865161895751953,4.9525600176324955,4.865161895751953,4.865161895751953,55200.0
1997-06-04,4.9234277548688175,4.9234277548688175,4.865161895751953,4.865161895751953,36300.0
1997-06-05,4.8068989704592155,4.836031913757324,4.719500807359957,4.836031913757324,18000.0
1997-06-06,4.836031913757324,4.865164190260365,4.836031913757324,4.836031913757324,42900.0
1997-06-09,4.836031055191416,4.836031055191416,4.719499969482422,4.80689811706543,1487400.0
1997-06-10,4.806897465546853,4.952560802843926,4.7777645313694945,4.923428535461426,16200.0
1997-06-11,4.9525600176324955,4.9525600176324955,4.836029632988274,4.865161895751953,24900.0
1997-06-12,4.836029632988274,4.865161895751953,4.777763773871411,4.865161895751953,93300.0
1997-06-13,4.836029632988274,4.865161895751953,4.806896703429842,4.865161895751953,87300.0
1997-06-16,4.865161895751953,4.865161895751953,4.865161895751953,4.865161895751953,2700.0
1997-06-17,4.865161895751953,4.865161895751953,4.836029632988274,4.865161895751953,14400.0
1997-06-18,4.865161895751953,4.9525600176324955,4.836029632988274,4.865161895751953,151800.0
1997-06-19,4.865161827316369,4.952559947967529,4.777763706665207,4.952559947967529,81600.0
1997-06-20,4.836029632988274,4.894294825310385,4.836029632988274,4.865161895751953,67800.0
1997-06-23,4.836031055191416,4.836031055191416,4.80689811706543,4.80689811706543,99600.0
1997-06-24,4.850595764370114,4.894294825310385,4.836029632988274,4.865161895751953,86700.0
1997-06-25,4.894295692443848,4.93071136074767,4.894295692443848,4.894295692443848,129900.0
1997-06-26,4.865162123037461,5.010826110839844,4.836029858912812,5.010826110839844,137700.0
1997-06-27,5.00790746911001,5.051708411021612,4.730501726452977,4.788902759552002,84300.0
1997-06-30,4.788903649388885,4.876505549489593,4.555298805236816,4.555298805236816,167100.0
1997-07-01,4.5844992439102,4.628300189971924,4.5844992439102,4.628300189971924,170100.0
1997-07-02,4.642901115755982,4.6867020696782085,4.613700257024659,4.672101974487305,90900.0
1997-07-03,4.701300144195557,4.701300144195557,4.6720999663643275,4.701300144195557,24600.0
1997-07-07,4.759702577177157,4.788902759552002,4.701300875728799,4.788902759552002,28200.0
1997-07-08,4.7889020143877055,4.7889020143877055,4.6720999663643275,4.701300144195557,131700.0
1997-07-09,4.730498790740967,4.759699623343328,4.715898708614246,4.730498790740967,95400.0
1997-07-10,4.759700961678742,5.022506523949057,4.759700961678742,4.993305683135986,54300.0
1997-07-11,4.9933067723836535,5.226911544799805,4.9933067723836535,5.226911544799805,154800.0
1997-07-14,5.256113089926697,5.256113089926697,5.139310354034102,5.153911113739014,58200.0
1997-07-15,5.139309116147577,5.1685099601745605,5.066308008603887,5.1685099601745605,39300.0
1997-07-16,5.1685101458298695,5.212311079269106,5.110109124027289,5.197710990905762,202800.0
1997-07-17,5.2123127208919975,5.577320391728747,5.19771262793034,5.56272029876709,207900.0
1997-07-18,5.577319694073908,5.577319694073908,5.3583149852968,5.372915744781494,46200.0
1997-07-21,5.504316237602271,5.664919177084016,5.475115399356023,5.548117160797119,77700.0
1997-07-22,5.548119946386858,5.98612939825031,5.548119946386858,5.942328453063965,279300.0
1997-07-23,5.913124233484268,7.3585546016693115,5.913124233484268,7.008147239685059,1688700.0
1997-07-24,7.008151448738116,7.110353434582412,6.424139050793074,6.7745466232299805,1134000.0
1997-07-25,6.774547833896128,6.774547833896128,6.6577450660937645,6.672345161437988,314100.0
1997-07-28,6.6577427467452015,6.6577427467452015,6.467938899993896,6.4679388999938965,142500.0
1997-07-29,6.4679387969997375,6.526339825451106,6.424137858573891,6.497138977050781,187800.0
1997-07-30,6.52634103663737,6.77454662322998,6.394938196973531,6.7745466232299805,538500.0
1997-07-31,6.77454662322998,6.832947662519663,6.716144915590893,6.7745466232299805,210300.0
1997-08-01,6.789142993780283,6.832943916320801,6.730741986509272,6.832943916320801,125400.0
1997-08-04,6.8329512902197695,6.993555068969727,6.774550219924221,6.993555068969727,515700.0
1997-08-05,6.935145483155338,7.037348075966747,6.935145483155338,7.008147239685059,364800.0
1997-08-06,6.993552453116422,6.993552453116422,6.905950546264648,6.905950546264648,97800.0
1997-08-07,6.964354199647072,6.993555068969727,6.905953129351524,6.993555068969727,77700.0
1997-08-08,6.905947540985644,6.905947540985644,6.657742023468018,6.657742023468018,61800.0
1997-08-11,6.701544822855824,6.818347569784593,6.701544822855824,6.7745466232299805,48900.0
1997-08-12,6.789144443360386,6.8183452874052115,6.599340627941973,6.613940715789795,131100.0
1997-08-13,6.584740243410076,6.71614304650484,6.584740243410076,6.657742023468018,42000.0
1997-08-14,6.701538562774659,6.7599395475104656,6.599336672399802,6.701538562774658,147300.0
1997-08-15,6.70154602047596,6.75994707020238,6.672345161437988,6.672345161437988,111900.0
1997-08-18,6.701538562774659,6.730739389316952,6.686938483677902,6.701538562774658,45300.0
1997-08-19,6.701542939222528,6.774544719077741,6.701542939222528,6.759943962097168,74700.0
1997-08-20,6.759946945855545,6.774547709280717,6.701545897203392,6.716145992279053,259200.0
1997-08-21,6.686945925131736,6.774547833896128,6.6577450660937645,6.672345161437988,63300.0
1997-08-22,6.643144848551239,6.759946945855545,6.599343894974746,6.716145992279053,33600.0
1997-08-25,6.686943974081689,6.686943974081689,6.4825393571540815,6.511740207672119,71700.0
1997-08-26,6.511738676697353,6.570139695653437,6.467937745392997,6.555539608001709,52500.0
1997-08-27,6.599340331349004,6.774544051045445,6.599340331349004,6.745343208312988,129000.0
1997-08-28,6.774545779816106,6.774545779816106,6.6869438976130935,6.7307448387146,431400.0
1997-08-29,6.686943531036377,6.71614371127042,6.686943531036377,6.686943531036377,11700.0
1997-09-02,6.701544822855824,6.818347569784593,6.701544822855824,6.7745466232299805,111300.0
1997-09-03,6.818345672255801,6.818345672255801,6.657742023468018,6.657742023468018,6600.0
1997-09-04,6.65774387630121,6.77454662322998,6.599342837011527,6.7745466232299805,416400.0
1997-09-05,6.80374680870012,6.832947662519663,6.77454662322998,6.7745466232299805,167100.0
1997-09-08,6.774546040491334,6.803746223449707,6.730745097704427,6.803746223449707,70500.0
1997-09-09,6.78914671596505,6.78914671596505,6.716144915590893,6.7745466232299805,113100.0
1997-09-10,6.745343208312988,6.759943295504641,6.745343208312988,6.745343208312988,6000.0
1997-09-11,6.745346850779885,6.774547709280717,6.628544085126067,6.716145992279053,31800.0
1997-09-12,6.716143027853884,6.774544719077741,6.6577420049792435,6.759943962097168,12300.0
1997-09-15,6.774544719077741,6.774544719077741,6.716143027853884,6.759943962097168,38100.0
1997-09-16,6.774544719077741,6.774544719077741,6.6577420049792435,6.759943962097168,105300.0
1997-09-17,6.774540514239221,6.993545049523369,6.774540514239221,6.978944301605225,555600.0
1997-09-18,7.008146976400738,7.300153323200427,7.008146976400738,7.139549732208252,682200.0
1997-09-19,7.139553658756209,7.212555452692251,7.051951773372697,7.095752716064453,283200.0
1997-09-22,7.154150084395496,7.168750836710842,6.949746235470684,7.008147239685059,194100.0
1997-09-23,6.9497443850504865,7.110347270965575,6.847541819451257,7.110347270965576,52500.0
1997-09-24,7.124951078878637,7.124951078878637,7.037349224090576,7.037349224090576,99000.0
1997-09-25,7.066551267625569,7.066551267625569,6.716143755704479,6.862147331237793,66600.0
1997-09-26,6.891344562907307,7.008147239685059,6.876744478940964,7.008147239685059,34800.0
1997-09-29,7.051951773372697,7.124953567308739,6.993550739233472,7.095752716064453,159600.0
1997-09-30,7.107445922078965,7.107445922078965,6.844207184224189,6.931953430175781,66900.0
1997-10-01,6.961206284605994,7.048952579498291,6.946581455823209,7.048952579498291,51600.0
1997-10-02,7.078202639567163,7.136700630187988,7.078202639567163,7.136700630187988,46200.0
1997-10-03,7.107449326080111,7.195195614056409,7.019703038103814,7.078200340270996,132600.0
1997-10-06,7.165950915002009,7.2536972554691825,7.107453577841043,7.209824085235596,252000.0
1997-10-07,7.239071109597531,7.239071109597531,7.107451634877576,7.136700630187988,92700.0
1997-10-08,7.165951728820801,7.180576566860536,7.092830216428234,7.165951728820801,26700.0
1997-10-09,7.136698874390589,7.165947193053953,7.019703591383824,7.048952579498291,48600.0
1997-10-10,7.01970422505277,7.01970422505277,6.93195792223961,6.961206912994385,30600.0
1997-10-13,6.931960729975938,6.946584896551147,6.814965389019958,6.8588385581970215,106800.0
1997-10-14,6.8588385581970215,6.8588385581970215,6.829590225046602,6.8588385581970215,19500.0
1997-10-15,6.829589089599058,6.873462251482025,6.288486313408243,6.493227958679199,295800.0
1997-10-16,6.463978960940113,6.551725284706048,6.43473063265235,6.493227958679199,208800.0
1997-10-17,6.493227796488672,6.697969436645508,6.493227796488672,6.697969436645508,107700.0
1997-10-20,6.902704611175848,6.990450859069824,6.902704611175848,6.990450859069824,99600.0
1997-10-21,7.005078179868601,7.107448615793488,7.005078179868601,7.092824459075928,138600.0
1997-10-22,7.078202304370263,7.312192916870117,7.048953979896208,7.312192916870117,334200.0
1997-10-23,7.312197156493329,7.473065042725787,7.253699134725504,7.326821327209473,350100.0
1997-10-24,7.3853149365778155,7.63392972946167,7.3853149365778155,7.63392972946167,410100.0
1997-10-27,7.575432640533591,7.633929965007736,7.1367010333492376,7.282944679260254,320100.0
1997-10-28,7.0782017561923105,7.473060131072998,6.931958136794302,7.473060131072998,290700.0
1997-10-29,7.487684961628627,7.487684961628627,7.429186978308477,7.473060131072998,41700.0
1997-10-30,7.4145633914317814,7.4145633914317814,7.2975680851818545,7.312192916870117,268800.0
1997-10-31,7.312190596238512,7.312190596238512,7.2390684693572895,7.253692626953125,30900.0
1997-11-03,7.253694568492046,7.370689868927002,7.195197253000169,7.370689868927002,155700.0
1997-11-04,7.370691345072529,7.370691345072529,7.297569183974936,7.356067180633545,62400.0
1997-11-05,7.326813472560579,7.326813472560579,7.107447799729424,7.151320934295654,30000.0
1997-11-06,7.092824558049915,7.2098191523249175,7.019702434539795,7.019702434539795,51600.0
1997-11-07,6.961209196863744,7.195199191317092,6.785716533660889,6.785716533660889,109500.0
1997-11-10,6.785716087669479,7.165949719983877,6.785716087669479,7.107452392578125,171900.0
1997-11-11,7.136699110924199,7.165947430556948,7.005079664223452,7.034327983856201,66300.0
1997-11-12,7.019703824039826,7.048952813123701,7.019703824039826,7.034327983856201,108600.0
1997-11-13,7.019702434539795,7.034326591461422,7.005078277618168,7.019702434539795,438300.0
1997-11-14,7.048951417834042,7.048951417834042,7.019702434539795,7.019702434539795,235800.0
1997-11-17,7.078202768848533,7.078202768848533,7.063578605651855,7.0635786056518555,32400.0
1997-11-18,7.078199731677296,7.078199731677296,7.019702434539795,7.019702434539795,54300.0
1997-11-19,7.048951742807338,7.253692626953125,7.048951742807338,7.253692626953125,128100.0
1997-11-20,7.239073910664894,7.2829470858810454,7.151327560232593,7.165951728820801,30000.0
1997-11-21,7.224446366167216,7.297567844390869,7.165948380246838,7.297567844390869,8700.0
1997-11-24,7.253693183616667,7.282942170503989,7.195195879293098,7.22444486618042,79200.0
1997-11-25,7.195198357823383,7.282944679260254,7.195198357823383,7.282944679260254,11100.0
1997-11-26,7.2829416115958185,7.2829416115958185,7.253692626953125,7.253692626953125,36600.0
1997-11-28,7.253698079253103,7.253698079253103,7.165951728820801,7.165951728820801,27900.0
1997-12-01,7.165949360860658,7.312193676222979,7.165949360860658,7.282944679260254,92400.0
1997-12-02,7.297568843015964,7.341442003734399,7.282944679260254,7.282944679260254,19200.0
1997-12-03,7.268320855096967,7.356067180633545,7.239071856767662,7.356067180633545,20100.0
1997-12-04,7.326819371852476,7.3414435386657715,7.31219520503918,7.3414435386657715,30600.0
1997-12-05,7.3414435386657715,7.3414435386657715,7.282946201961144,7.3414435386657715,106200.0
1997-12-08,7.356067180633545,7.370691345072529,7.341442346743224,7.356067180633545,33300.0
1997-12-09,7.3560643029967565,7.3560643029967565,7.224444866180419,7.22444486618042,23100.0
1997-12-10,7.165943916724145,7.180568738820337,7.107446636691762,7.122070789337158,27000.0
1997-12-11,7.092824558049915,7.107448714971542,7.019702434539795,7.019702434539795,40200.0
1997-12-12,7.019703591383824,7.078200898161656,7.019703591383824,7.048952579498291,24600.0
1997-12-15,7.078200898161656,7.107449886276123,7.019703591383824,7.048952579498291,35400.0
1997-12-16,7.019702336586161,7.092824459075928,7.019702336586161,7.092824459075928,23100.0
1997-12-17,7.092822484046366,7.1366956114333515,7.092822484046366,7.122070789337158,6300.0
1997-12-18,7.122077744768422,7.2244489216144245,7.122077744768422,7.209824085235596,52500.0
1997-12-19,7.165948956047133,7.195197951357546,7.107451634877576,7.136700630187988,118200.0
1997-12-22,7.107451634877576,7.151324793117561,7.078202639567163,7.136700630187988,45600.0
1997-12-23,7.165951728820801,7.165951728820801,7.107454385016442,7.165951728820801,32100.0
1997-12-24,7.195195879293098,7.239069024898543,7.195195879293098,7.22444486618042,6300.0
1997-12-26,7.195199918308217,7.209824085235596,7.180575751380838,7.209824085235596,10500.0
1997-12-29,7.253692626953125,7.253692626953125,7.2390684693572895,7.253692626953125,11700.0
1997-12-30,7.253693183616667,7.341439474827559,7.195195879293098,7.22444486618042,40500.0
1997-12-31,7.221517312555404,7.236165868172632,7.060388565063477,7.060388565063477,33300.0
1998-01-02,7.089686393737793,7.118982842941374,7.031094165868024,7.089686393737793,474900.0
1998-01-05,7.118982842941374,7.133630732274469,7.031094165868024,7.089686393737793,395700.0
1998-01-06,7.060390019570399,7.148278689230871,7.031093572837795,7.104334354400635,94200.0
1998-01-07,7.118980884552002,7.13362876985555,7.104332999248454,7.118980884552002,15600.0
1998-01-08,7.0603886728006024,7.13362876985555,7.031092231656299,7.118980884552002,29700.0
1998-01-09,7.133624029813221,7.265456921558457,7.1043282786721225,7.192216873168945,173700.0
1998-01-12,7.177575070811144,7.19222363068163,7.089686393737793,7.089686393737793,8400.0
1998-01-13,7.118980884552002,7.118980884552002,7.089684443407698,7.118980884552002,8400.0
1998-01-14,7.118979412576426,7.118979412576426,7.045738660128098,7.075035095214844,70800.0
1998-01-15,7.075037526391599,7.118981858853659,7.016445306621287,7.045741081237793,65700.0
1998-01-16,7.0896843781124055,7.118980818986892,7.031092166900635,7.031092166900635,22500.0
1998-01-20,7.0896838657177845,7.236165388966318,6.9139065742492685,6.913906574249268,73800.0
1998-01-21,6.913908031457381,7.089685359973562,6.913908031457381,6.957852363586426,39300.0
1998-01-22,6.855312315585771,6.884608745574951,6.826015885596592,6.884608745574951,125400.0
1998-01-23,6.913907912233218,6.972500801086426,6.913907912233218,6.972500801086426,64500.0
1998-01-26,6.9578485993598616,7.031089336797143,6.943200720087178,7.001792907714844,368700.0
1998-01-27,6.9725019379982545,7.089686393737793,6.943205488794673,7.089686393737793,65400.0
1998-01-28,7.0896843781124055,7.0896843781124055,7.001795726026148,7.031092166900635,62400.0
1998-01-29,7.089685413699852,7.118981858853659,7.031093193929539,7.045741081237793,121200.0
1998-01-30,7.08967973256481,7.206864748739495,7.08967973256481,7.192216873168945,15900.0
1998-02-02,7.236165564835375,7.236165564835375,7.206869125366211,7.206869125366211,19200.0
1998-02-03,7.236165564835375,7.265461333767368,7.206869125366211,7.206869125366211,150600.0
1998-02-04,7.206865284974093,7.250809585492227,7.133624560598265,7.236161708831787,106800.0
1998-02-05,7.192219350239578,7.2801079750061035,7.192219350239578,7.2801079750061035,166200.0
1998-02-06,7.324052287389366,7.324052287389366,7.265459423853687,7.2801079750061035,138600.0
1998-02-09,7.265458635045228,7.309402942657472,7.265458635045228,7.309402942657471,84000.0
1998-02-10,7.302079338413377,7.38264367885685,7.294755063632364,7.309402942657471,161100.0
1998-02-11,7.324052379720223,7.3826445734575525,7.324052379720223,7.367996692657471,101100.0
1998-02-12,7.367996692657471,7.397292454257634,7.338700260520305,7.367996692657471,42900.0
1998-02-13,7.368000579490313,7.397296356544844,7.368000579490313,7.382648468017578,21600.0
1998-02-17,7.411943076762212,7.411943076762212,7.353350196114891,7.397294521331787,33900.0
1998-02-18,7.397294859874424,7.411943415975251,7.294758319854736,7.294758319854736,51300.0
1998-02-19,7.265458604924571,7.3386993408203125,7.265458604924571,7.3386993408203125,16200.0
1998-02-20,7.338704131898426,7.382648468017578,7.338704131898426,7.382648468017578,27000.0
1998-02-23,7.382646974310817,7.382646974310817,7.265461878190302,7.294758319854736,195600.0
1998-02-24,7.353347250269715,7.353347250269715,7.294755063632364,7.309402942657471,36900.0
1998-02-25,7.353350532646384,7.382646974310817,7.294758319854736,7.294758319854736,57000.0
1998-02-26,7.309402912354632,7.353347219784694,7.294755033390251,7.3386993408203125,21000.0
1998-02-27,7.3679987848233095,7.441238880157471,7.3679987848233095,7.441238880157471,162000.0
1998-03-02,7.49983083900446,7.49983083900446,7.441237965296189,7.485182285308838,53700.0
1998-03-03,7.499831272195607,7.617015685306517,7.499831272195607,7.587719917297363,255600.0
1998-03-04,7.587718645014633,7.631662960197079,7.587718645014633,7.617014408111572,100200.0
1998-03-05,7.5730713627556385,7.6023678013019405,7.52912704020476,7.587719917297363,13500.0
1998-03-06,7.602366526563102,7.617014408111573,7.529125777746682,7.617014408111572,31800.0
1998-03-09,7.587713588506022,7.587713588506022,7.411936444915431,7.470528602600098,60900.0
1998-03-10,7.470533381103712,7.558422009116697,7.455885499947221,7.543774127960205,29700.0
1998-03-11,7.587722868464535,7.646315097808838,7.587722868464535,7.646315097808838,156900.0
1998-03-12,7.6463099819461835,7.719550722526954,7.631662102044813,7.704902172088623,57900.0
1998-03-13,7.719550833988911,7.8806795268413845,7.719550833988911,7.866031646728516,392400.0
1998-03-16,7.909982749247462,8.027167902378457,7.909982749247462,7.924630641937256,243000.0
1998-03-17,7.953921834191123,7.99786615371704,7.880681078135559,7.997866153717041,144300.0
1998-03-18,7.968570228623605,8.115051750136162,7.939274460750809,8.041810989379883,106200.0
1998-03-19,8.056461282882578,8.232238624840287,8.056461282882578,8.202942848205566,60300.0
1998-03-20,8.100403126852354,8.481254140797796,8.100403126852354,8.451957702636719,390000.0
1998-03-23,8.437307453622015,8.993935599421896,8.437307453622015,8.891398429870605,181200.0
1998-03-24,8.891398429870605,9.140416408090516,8.876750550164829,8.891398429870605,114600.0
1998-03-25,8.86210744851422,8.96464400281172,8.86210744851422,8.935347557067871,79500.0
1998-03-26,8.935342980638676,9.111120223999023,8.935342980638676,9.111120223999023,236100.0
1998-03-27,9.125765214528158,9.125765214528158,8.964635914128001,9.008580207824707,69300.0
1998-03-30,9.02323392019453,9.02323392019453,8.627735021038545,8.642383575439453,133500.0
1998-03-31,8.580778364525779,8.624782356138732,8.463434163075364,8.55144214630127,66000.0
1998-04-01,8.551443558803486,8.610116004943848,8.536775782992263,8.610116004943848,29700.0
1998-04-02,8.595450123064207,8.87414264678955,8.522110550671592,8.87414264678955,48600.0
1998-04-03,8.91813969096076,9.050151623862577,8.888803482055664,8.888803482055664,46500.0
1998-04-06,8.888807475325974,8.947479248046875,8.830135702605075,8.947479248046875,39600.0
1998-04-07,8.918139483987094,8.932807252375524,8.815463090925892,8.830131530761719,23400.0
1998-04-08,8.874140226063075,8.932812002262015,8.874140226063075,8.918144226074219,64200.0
1998-04-09,8.903475250644272,8.947479248046875,8.859471253241667,8.947479248046875,25200.0
1998-04-13,8.94747855757262,8.94747855757262,8.90347456356579,8.93281078338623,11100.0
1998-04-14,8.947473767392193,9.020813941955566,8.918138234724685,9.020813941955566,21600.0
1998-04-15,9.035488316415769,9.1088285446167,9.035488316415769,9.1088285446167,69000.0
1998-04-16,9.079490661621094,9.138163102050529,9.050155112854048,9.079490661621094,17100.0
1998-04-17,9.050155689618094,9.12349523765729,8.932811472728579,8.947479248046875,70500.0
1998-04-20,8.947479248046875,8.947479248046875,8.859471253241667,8.947479248046875,43800.0
1998-04-21,8.97681143732354,8.97681143732354,8.888803482055664,8.888803482055664,27000.0
1998-04-22,8.888803275762836,8.903471044151267,8.800795322537462,8.830131530761719,39000.0
1998-04-23,8.859477430845505,8.859477430845505,8.595453262329102,8.595453262329102,50400.0
1998-04-24,8.566113288965651,8.62478507244525,8.448769050558614,8.492773056030273,37500.0
1998-04-27,8.448768176333443,8.448768176333443,8.30208839708802,8.404764175415039,105000.0
1998-04-28,8.507438288934534,8.624782492236625,8.390094757080078,8.390094757080078,303600.0
1998-04-29,8.360763183890393,8.492775234162346,8.360763183890393,8.478107452392578,69900.0
1998-04-30,8.536773632983772,8.859469319693076,8.536773632983772,8.624781608581543,80400.0
1998-05-01,8.68344994470081,9.03548170828932,8.68344994470081,9.020813941955566,90900.0
1998-05-04,9.035483878029883,9.108824070204841,9.006148338317871,9.006148338317871,40800.0
1998-05-05,8.976813528674516,9.094157720185464,8.976813528674516,9.050153732299805,38100.0
1998-05-06,9.050150146070376,9.06481791240413,9.006146175621813,9.020813941955566,23100.0
1998-05-07,9.020820153106582,9.020820153106582,8.742128372192383,8.742128372192383,79200.0
1998-05-08,8.756791779708655,8.888803716086173,8.756791779708655,8.859467506408691,18600.0
1998-05-11,8.874135507374406,8.874135507374406,8.830131530761719,8.830131530761719,71400.0
1998-05-12,8.859471778427524,8.932812002262015,8.830136226051932,8.918144226074219,78900.0
1998-05-13,8.859471778427524,8.918144226074219,8.859471778427524,8.918144226074219,6600.0
1998-05-14,8.947479050289472,9.358183464601517,8.947479050289472,9.211503028869629,147900.0
1998-05-15,9.270173458044301,9.592869137951592,9.270173458044301,9.387516975402832,183600.0
1998-05-18,9.387515251918762,10.032907164691323,8.859467506408691,8.859467506408691,57900.0
1998-05-19,8.85946744064338,9.13815975189209,8.85946744064338,9.13815975189209,16200.0
1998-05-20,9.138166073017254,9.138166073017254,8.976817816550867,8.991485595703125,18900.0
1998-05-21,8.991483245449478,8.991483245449478,8.932811472728579,8.947479248046875,14400.0
1998-05-22,9.064824002295444,9.064824002295444,8.918144226074219,8.918144226074219,45000.0
1998-05-26,8.918144226074219,8.918144226074219,8.918144226074219,8.918144226074219,304200.0
1998-05-27,8.918144226074219,9.006152226096503,8.918144226074219,8.918144226074219,437400.0
1998-05-28,8.947481586798464,9.064825834360189,8.947481586798464,8.991485595703125,23400.0
1998-05-29,9.006153358554643,9.035488914618968,8.932813125498154,8.97681713104248,46200.0
1998-06-01,8.976815470131182,8.976815470131182,8.932811472728579,8.947479248046875,24300.0
1998-06-02,8.976814532819969,8.976814532819969,8.918142766225262,8.962146759033203,24000.0
1998-06-03,8.947480903530316,8.991484909074643,8.947480903530316,8.97681713104248,11700.0
1998-06-04,9.035487242852083,9.035487242852083,8.947479248046875,8.947479248046875,23700.0
1998-06-05,8.947480903530316,8.97681713104248,8.947480903530316,8.97681713104248,12900.0
1998-06-08,8.947479248046875,8.991483245449478,8.932811472728579,8.947479248046875,124200.0
1998-06-09,8.94747977844981,9.0208200022843,8.918144226074219,8.918144226074219,71700.0
1998-06-10,8.97681489804109,9.079490661621094,8.97681489804109,9.079490661621094,40500.0
1998-06-11,9.064825834360189,9.064825834360189,8.96215003739861,8.991485595703125,30900.0
1998-06-12,8.947480903530316,9.006153358554643,8.932813125498154,8.97681713104248,36300.0
1998-06-15,8.94747855757262,8.94747855757262,8.93281078338623,8.93281078338623,12000.0
1998-06-16,8.93281078338623,9.0061509972135,8.93281078338623,8.93281078338623,27900.0
1998-06-17,8.947479248046875,8.947479248046875,8.918143697410281,8.947479248046875,165300.0
1998-06-18,8.947480903530316,9.020821136586806,8.932813125498154,8.97681713104248,28800.0
1998-06-19,8.947478313798793,8.962146759033203,8.918142766225262,8.962146759033203,240300.0
1998-06-22,9.020818771399888,9.035486545586277,8.93281078338623,8.93281078338623,129000.0
1998-06-23,8.976817816550867,9.064825834360189,8.976817816550867,8.991485595703125,52800.0
1998-06-24,9.020818205713068,9.094158414941244,8.932810223218308,9.06482219696045,138300.0
1998-06-25,9.094157720185464,9.094157720185464,9.035485288706205,9.050153732299805,138000.0
1998-06-26,9.050154744649086,9.094158737457027,8.962146759033203,8.962146759033203,22800.0
1998-06-29,8.93281078338623,9.0061509972135,8.93281078338623,8.93281078338623,53400.0
1998-06-30,8.98862291902376,9.106121481944824,8.98862291902376,9.047371864318848,206700.0
1998-07-01,9.07674408672311,9.3851771382137,9.07674408672311,9.370490074157715,449100.0
1998-07-02,9.385175755370822,9.737670619422309,9.341113897364387,9.678921699523926,274200.0
1998-07-06,10.046107390831256,10.222354888916016,9.987358448913287,10.222354888916016,339000.0
1998-07-07,10.222354084333244,10.251728889145616,10.01673179530823,10.10485553741455,320100.0
1998-07-08,9.95798606492196,9.972673135892627,9.825800409192906,9.840487480163574,157200.0
1998-07-09,9.869860218689507,9.987358778736576,9.84048541059502,9.95798397064209,25800.0
1998-07-10,9.987356590315319,9.987356590315319,9.928606986999512,9.928606986999512,21600.0
1998-07-13,9.928606986999512,9.957981788657415,9.899232857672333,9.928606986999512,38700.0
1998-07-14,9.928607055573458,10.031418525920845,9.8992329260434,10.002043724060059,79800.0
1998-07-15,10.046105180765343,10.090167045593262,9.987356251771686,10.090167045593262,75900.0
1998-07-16,10.090170391179067,10.10485746021458,10.002046632304141,10.075483322143555,151800.0
1998-07-17,10.075481780190279,10.075481780190279,9.781735738118488,9.913921356201172,206700.0
1998-07-20,9.869862294435924,9.943298993951291,9.811113338222238,9.840487480163574,204600.0
1998-07-21,9.840488416965878,9.840488416965878,9.546742935602229,9.634866714477539,345000.0
1998-07-22,9.605484008789062,9.634858801733454,9.605484008789062,9.605484008789062,280800.0
1998-07-23,9.60548564076384,9.620172703566109,9.517361919288941,9.546736717224121,82800.0
1998-07-24,9.54674306074468,9.590804950759916,9.164873123168945,9.164873123168945,233100.0
1998-07-27,9.106122665266719,9.106122665266719,8.959249274446773,9.003311157226562,312900.0
1998-07-28,9.003307687465869,9.106119155883789,8.959245821666963,9.106119155883789,403500.0
1998-07-29,9.10612372123038,9.399869192271614,9.10612372123038,9.355807304382324,432000.0
1998-07-30,9.297053478690733,10.104854109759,9.297053478690733,10.090167045593262,357600.0
1998-07-31,10.090169265352447,10.339853445082804,10.090169265352447,10.222354888916016,546900.0
1998-08-03,10.295790042837332,10.604223118719313,10.295790042837332,10.45734977722168,356700.0
1998-08-04,10.457349455083241,10.457349455083241,9.928607055573458,10.002043724060059,280800.0
1998-08-05,9.9873613389653,9.9873613389653,9.73767708698358,9.752364158630371,91800.0
1998-08-06,9.737671925203886,9.913919380863684,9.708297125150356,9.811108589172363,439800.0
1998-08-07,9.84049013207362,9.965332622126601,9.781741160027696,9.855177879333496,272100.0
1998-08-10,9.86985805601443,9.928606986999512,9.811109125029347,9.928606986999512,52800.0
1998-08-11,9.884549820444628,9.884549820444628,9.664240384087533,9.752364158630371,66000.0
1998-08-12,9.737677832577862,9.928612467929808,9.737677832577862,9.76705265045166,206700.0
1998-08-13,9.79642604590179,9.884549820444628,9.73767708698358,9.752364158630371,345000.0
1998-08-14,9.693612714784337,9.987358778736576,9.693612714784337,9.95798397064209,365400.0
1998-08-17,9.928607847480182,10.266415742665265,9.928607847480182,10.148917198181152,156900.0
1998-08-18,10.148916308919485,10.530786040784823,10.148916308919485,10.516098976135254,259500.0
1998-08-19,10.545475077961123,10.545475077961123,10.222354888916016,10.222354888916016,337200.0
1998-08-20,10.222354513539837,10.237041580397293,10.016732215881348,10.016732215881348,138600.0
1998-08-21,10.06079717346912,10.06079717346912,9.86986255645752,9.86986255645752,216600.0
1998-08-24,9.869860125017595,9.884547192760012,9.75236156608567,9.781736373901367,289500.0
1998-08-25,9.84048541059502,10.090169598570968,9.84048541059502,9.95798397064209,198000.0
1998-08-26,9.899234771728516,9.899234771728516,9.869859964390878,9.899234771728516,149100.0
1998-08-27,9.928607193470695,9.943294930770449,9.825796394026108,9.88454532623291,183900.0
1998-08-28,9.899231023596093,9.928605147480992,9.443924707743554,9.458612442016602,270600.0
1998-08-31,9.399866170130215,9.399866170130215,9.076745986938477,9.076745986938477,708300.0
1998-09-01,9.076745467566548,9.385178565979004,9.076745467566548,9.385178565979004,311700.0
1998-09-02,9.38517973557958,9.38517973557958,9.311743050314517,9.341117858886719,135000.0
1998-09-03,9.282367917494494,9.282367917494494,9.238306045532227,9.238306045532227,95700.0
1998-09-04,9.282371048503876,9.50268048262714,9.238309161679224,9.399868965148926,136200.0
1998-09-08,9.399862849585604,9.517361362117,9.399862849585604,9.458612442016602,66600.0
1998-09-09,9.429240226745605,9.429240226745605,9.341116486308731,9.429240226745605,190800.0
1998-09-10,9.399864202269688,9.399864202269688,9.282366345160403,9.370490074157715,61200.0
1998-09-11,9.341122127468802,9.487994892784016,9.16487454015807,9.179561614990234,1061100.0
1998-09-14,9.208933344833309,9.252995226866005,9.164871462800614,9.223620414733887,158700.0
1998-09-15,9.208930019244928,9.208930019244928,8.900496956399403,8.915184020996094,210300.0
1998-09-16,8.900497038230325,8.915184102962048,8.66550064086914,8.66550064086914,174600.0
1998-09-17,8.63612646378991,8.63612646378991,8.459878984937054,8.533315658569336,123000.0
1998-09-18,8.592065175374348,8.753625599363456,8.577378108586545,8.724250793457031,233700.0
1998-09-21,8.636120077523113,8.636120077523113,8.459872729002234,8.474559783935547,252900.0
1998-09-22,8.459884643554688,8.489259467121883,8.459884643554688,8.459884643554688,75600.0
1998-09-23,8.459881314222748,8.533318008074586,8.445194244384766,8.445194244384766,273900.0
1998-09-24,8.44519491816583,8.48925680352612,8.313009262084961,8.313009262084961,164100.0
1998-09-25,8.313006919263028,8.577378156918062,8.283632113191082,8.43050479888916,164100.0
1998-09-28,8.43050118891149,8.43050118891149,7.931133733504706,8.13675594329834,309300.0
1998-09-29,8.136762097855296,8.136762097855296,8.078012466430664,8.078012466430664,53400.0
1998-09-30,8.07801030353193,8.07801030353193,7.989886552321287,8.019261360168457,234600.0
1998-10-01,7.98988513087119,8.078008866404073,7.901761395338306,8.004572868347168,419100.0
1998-10-02,8.001628665323292,8.060464620744959,7.942793383220564,7.9722113609313965,232200.0
1998-10-05,7.972213470903404,8.001630783081055,7.942795485406638,8.001630783081055,198000.0
1998-10-06,8.001628665323292,8.060464620744959,7.9722113609313965,7.9722113609313965,140100.0
1998-10-07,7.972213470903404,8.001630783081055,7.9133774999098705,8.001630783081055,179100.0
1998-10-08,7.986922456110182,8.001631112805109,7.7957072257995605,7.7957072257995605,223200.0
1998-10-09,7.825122833251953,8.001629368387855,7.780996199467977,7.825122833251953,229500.0
1998-10-12,7.825127120013144,7.898671774382001,7.766291800509677,7.8545451164245605,116700.0
1998-10-13,7.883956863228879,7.883956863228879,7.678032398223877,7.678032398223877,102300.0
1998-10-14,7.67803793444913,7.692746594941253,7.413278005675022,7.560366630554199,78900.0
1998-10-15,7.427985532565243,7.589783466563506,7.427985532565243,7.501530170440674,103800.0
1998-10-16,7.501530981900399,7.678037593239232,7.501530981900399,7.545657634735107,89400.0
1998-10-19,7.560362826921273,7.700097387913324,7.354438990354964,7.383856296539307,244800.0
1998-10-20,7.4132754679538175,7.545655387024421,7.4132754679538175,7.530946731567383,324600.0
1998-10-21,7.766287772204538,7.913376331329346,7.766287772204538,7.913376331329346,150600.0
1998-10-22,8.207554809173882,8.35464338059752,8.148719515268239,8.178136825561523,194400.0
1998-10-23,8.178139543778949,8.472317457722985,8.163430883743501,8.22226619720459,351300.0
1998-10-26,8.251682549553948,8.266391206664235,8.163429260253906,8.163429260253906,803100.0
1998-10-27,8.16342870577433,8.178137361885568,7.8986688558573235,8.060466766357422,882000.0
1998-10-28,8.06046623775024,8.178136825561523,7.869250354248528,8.178136825561523,539700.0
1998-10-29,8.178135277572155,8.192844603253631,7.9427934731769305,8.045755386352539,183000.0
1998-10-30,8.045756236537377,8.045756236537377,7.913376331329346,7.913376331329346,128700.0
1998-11-02,7.913379350559639,8.47231716579861,7.913379350559639,8.339937210083008,237000.0
1998-11-03,8.339933504734066,8.339933504734066,8.251680240133707,8.266388893127441,110400.0
1998-11-04,8.281104750280514,8.310522079467773,8.192851416079725,8.310522079467773,600600.0
1998-11-05,8.266388100241539,9.1489206615954,8.266388100241539,8.9577054977417,651900.0
1998-11-06,8.95771453407744,9.237183235988105,8.95771453407744,9.119512557983398,164100.0
1998-11-09,9.119509407883294,9.20776272256178,9.090091411884014,9.1783447265625,87000.0
1998-11-10,9.178344349358664,9.178344349358664,8.943002410994373,9.031255722045898,124500.0
1998-11-11,9.060674667358398,9.20776399435164,9.060674667358398,9.060674667358398,58200.0
1998-11-12,9.090085381944778,9.104794033527707,8.942996846158772,8.9577054977417,123900.0
1998-11-13,8.987130677181229,9.060674667358398,8.869459350250526,9.060674667358398,146400.0
1998-11-16,9.060670719075818,9.10479736328125,8.979772095805576,9.10479736328125,88500.0
1998-11-17,9.119507383635003,9.119507383635003,8.825329508898646,8.943000793457031,107700.0
1998-11-18,8.94300037930619,8.94300037930619,8.737075809195197,8.766493797302246,142500.0
1998-11-19,8.795907054770584,8.854743003845215,8.795907054770584,8.854743003845215,82500.0
1998-11-20,8.854744185170206,8.957706099808817,8.707654966179101,8.737072944641113,321000.0
1998-11-23,8.707657048450534,8.715011713154505,8.001630783081055,8.001630783081055,601500.0
1998-11-24,8.060466379610945,8.236972937753382,8.060466379610945,8.192846298217773,216300.0
1998-11-25,8.236974578481417,8.325227875131864,8.236974578481417,8.28110122680664,80400.0
1998-11-27,8.266388917616617,8.339933529441119,8.266388917616617,8.325224876403809,41700.0
1998-11-30,8.28109986878096,8.354643821716309,8.251681883615356,8.354643821716309,115800.0
1998-12-01,8.295811860396423,8.575280475225304,8.295811860396423,8.545863151550293,121200.0
1998-12-02,8.516444206237793,8.589988853874779,8.501735546038118,8.516444206237793,75000.0
1998-12-03,8.531148800197675,8.604693412780762,8.48702216731162,8.604693412780762,43800.0
1998-12-04,8.5605718133878,8.6194071340572,8.545863151550293,8.545863151550293,9600.0
1998-12-07,8.589987482316701,8.678240776062012,8.589987482316701,8.678240776062012,277500.0
1998-12-08,8.707654966179101,8.810617554136666,8.707654966179101,8.737072944641113,158100.0
1998-12-09,8.729720737271515,8.85474667591429,8.729720737271515,8.84003734588623,36300.0
1998-12-10,8.884167807510124,8.94300380627021,8.884167807510124,8.898877143859863,67200.0
1998-12-11,8.854747498368045,8.943000793457031,8.81062085082355,8.943000793457031,87000.0
1998-12-14,8.913584416204088,9.031255722045898,8.906229749176685,9.031255722045898,170700.0
1998-12-15,8.98712512611943,9.060669070870842,8.98712512611943,9.016542434692383,116400.0
1998-12-16,9.016548753074083,9.060675420174478,8.295813414874143,8.310522079467773,636600.0
1998-12-17,8.413481414416731,8.795911928718011,8.413481414416731,8.781203269958496,501300.0
1998-12-18,8.884166641452326,9.2518892288208,8.884166641452326,9.2518892288208,167100.0
1998-12-21,9.251885471259166,9.649025219532817,9.251885471259166,9.560771942138672,152400.0
1998-12-22,9.560774550054758,9.560774550054758,9.340141296386719,9.340141296386719,87600.0
1998-12-23,9.354852181514946,9.354852181514946,9.178345536580702,9.19305419921875,29100.0
1998-12-24,9.193056563406442,9.193056563406442,9.090094551822427,9.119512557983398,20100.0
1998-12-28,9.119504680895657,9.207757949829102,9.09008670014484,9.207757949829102,22200.0
1998-12-29,9.148926156605397,9.384268763196712,9.148926156605397,9.354850769042969,60000.0
1998-12-30,9.35485128358353,9.516649250349445,9.35485128358353,9.487231254577637,62100.0
1998-12-31,9.484281365928364,9.572644233703613,9.484281365928364,9.572644233703613,39300.0
1999-01-04,9.557917386666045,9.557917386666045,9.425373074643764,9.44010066986084,51300.0
1999-01-05,9.45482968369658,9.572647100735248,9.45482968369658,9.5579195022583,66900.0
1999-01-06,9.572641771696533,9.646277026467386,9.572641771696533,9.602095603942871,48300.0
1999-01-07,9.543193955909668,9.572648482961215,9.337013614859792,9.381195068359375,61800.0
1999-01-08,9.395918284566173,9.425372123718262,9.395918284566173,9.425372123718262,44700.0
1999-01-11,9.425372337974746,9.572644233703613,9.425372337974746,9.572644233703613,43200.0
1999-01-12,9.513738055138223,9.572647100735248,9.484284206495094,9.5579195022583,200100.0
1999-01-13,9.30755806514271,9.322284988905942,9.24864902177907,9.292830467224121,60000.0
1999-01-14,9.278105583743773,9.278105583743773,9.145561218261719,9.145561218261719,63000.0
1999-01-15,9.116109134577316,9.116109134577316,9.013019269610787,9.027746200561523,45300.0
1999-01-19,9.01301295858965,9.01301295858965,8.865741729736328,8.865741729736328,27600.0
1999-01-20,8.86574077680474,8.90992220812743,8.82155934548205,8.85101318359375,57600.0
1999-01-21,8.880468106640436,8.880468106640436,8.527016639709473,8.527016639709473,41400.0
1999-01-22,8.4828391406325,8.4828391406325,8.365021705627441,8.365021705627441,156900.0
1999-01-25,8.409202194174968,8.409202194174968,8.335566895635607,8.379748344421387,186600.0
1999-01-26,8.40920190759023,8.423929506120514,8.36502046031015,8.394474983215332,86400.0
1999-01-27,8.409204183417815,8.468113245171052,8.365022724180672,8.438658714294434,875100.0
1999-01-28,8.468111099164217,8.777381235448322,8.468111099164217,8.747926712036133,171900.0
1999-01-29,8.747924239192177,8.836287110295128,8.733197318726754,8.792105674743652,157200.0
1999-02-01,8.851015281184633,9.219194412231445,8.851015281184633,9.219194412231445,146100.0
1999-02-02,9.219199484794444,9.23392641544342,9.160290413887196,9.18974494934082,96600.0
1999-02-03,9.204469600424131,9.204469600424131,9.130834291259992,9.145561218261719,75300.0
1999-02-04,9.145561063990874,9.145561063990874,9.013016700744629,9.013016700744629,203400.0
1999-02-05,8.924651809751316,9.042469220077042,8.909924886268854,8.954106330871582,98400.0
1999-02-08,8.895195571013865,8.895195571013865,8.836287214303578,8.865741729736328,31800.0
1999-02-09,8.865748307749376,8.90992977660169,8.659567895053344,8.718476295471191,158700.0
1999-02-10,8.718465809514033,8.777374813235989,8.703738895660996,8.733193397521973,51300.0
1999-02-11,8.733197039410372,8.821559907687188,8.718469445260782,8.806832313537598,92100.0
1999-02-12,8.762652198102968,8.762652198102968,8.644835472106934,8.644835472106934,31200.0
1999-02-16,8.644836631290376,8.644836631290376,8.482837768629343,8.541746139526367,266400.0
1999-02-17,8.512289215501774,8.512289215501774,8.409198760986328,8.409198760986328,117900.0
1999-02-18,8.409204472478145,8.468113536256338,8.33556915398879,8.423932075500488,152400.0
1999-02-19,8.453385343561633,8.482839873396106,8.438658415722168,8.46811294555664,47100.0
1999-02-22,8.438659004367242,8.453385933233994,8.394477543611393,8.423932075500488,67200.0
1999-02-23,8.394477543611393,8.497567393989844,8.394477543611393,8.423932075500488,13500.0
1999-02-24,8.512292400680675,8.527019325055575,8.394474983215332,8.394474983215332,96900.0
1999-02-25,8.438659004367242,8.468113536256338,8.423932075500488,8.423932075500488,35400.0
1999-02-26,8.423926354005753,8.453380191734338,8.394471842122035,8.409198760986328,49200.0
1999-03-01,8.453384613342363,8.453384613342363,8.365021705627441,8.365021705627441,92400.0
1999-03-02,8.379746258184129,8.63010728953626,8.36501866281854,8.453381538391113,91800.0
1999-03-03,8.468113245171052,8.482840173531578,8.423931785933908,8.438658714294434,51900.0
1999-03-04,8.43865054568906,8.453377459793947,8.33556079864502,8.33556079864502,40200.0
1999-03-05,8.335565758749746,8.335565758749746,8.232475276206475,8.24720287322998,31200.0
1999-03-08,8.291384315989864,8.291384315989864,8.203021430470097,8.24720287322998,64800.0
1999-03-09,8.24720220580146,8.291383644985833,8.217747688293457,8.217747688293457,37800.0
1999-03-10,8.188294025871905,8.203021623241508,8.15884017944336,8.15884017944336,46800.0
1999-03-11,8.173566534840058,8.203021053377729,8.09993057557352,8.18829345703125,17100.0
1999-03-12,8.188295197217878,8.188295197217878,8.026296996220838,8.055750846862793,258300.0
1999-03-15,8.08520249839553,8.15883844714303,8.055747984065492,8.070475578308105,22800.0
1999-03-16,8.070478069979924,8.188294815364326,8.011569023132324,8.011569023132324,79200.0
1999-03-17,7.996843042374552,8.099932875292565,7.996843042374552,8.026297569274902,176100.0
1999-03-18,8.070478818592738,8.114660270748983,8.041024292436754,8.099932670593262,73200.0
1999-03-19,8.158839987710214,8.24720287322998,8.11465854495033,8.24720287322998,104100.0
1999-03-22,8.247203067039658,8.247203067039658,8.15884017944336,8.15884017944336,27000.0
1999-03-23,8.188295574905753,8.188295574905753,8.099932670593262,8.099932670593262,270000.0
1999-03-24,8.114660270748983,8.129387196749246,8.099932670593262,8.099932670593262,40800.0
1999-03-25,8.114662110423723,8.114662110423723,8.01157158258386,8.04102611541748,31200.0
1999-03-26,8.041023546556124,8.070478069979924,8.011569023132324,8.011569023132324,28500.0
1999-03-29,8.070476548195094,8.30611066868767,8.004204388604501,8.276656150817871,97800.0
1999-03-30,8.217747975568923,8.27665633848898,8.173566534840058,8.18829345703125,96300.0
1999-03-31,8.229589986761015,8.318080201672425,8.200093023414958,8.214841842651367,262200.0
1999-04-01,8.244340766071588,8.244340766071588,7.93462491488484,8.023115158081055,95100.0
1999-04-05,8.052611351013184,8.067359498408633,8.023114381095374,8.052611351013184,28200.0
1999-04-06,8.052606892526413,8.052606892526413,7.875626521262096,7.890374660491943,119100.0
1999-04-07,7.919877238234248,7.919877238234248,7.846135139465332,7.846135139465332,168600.0
1999-04-08,7.905129088531272,7.934625387937223,7.801890015229387,7.846135139465332,36600.0
1999-04-09,7.905127425062645,7.949372539988132,7.846133488410745,7.934623718261719,177600.0
1999-04-12,7.949368567664408,7.949368567664408,7.868252114083903,7.890374660491943,168300.0
1999-04-13,7.919871505370921,7.949368458552281,7.831381320953368,7.831381320953369,98400.0
1999-04-14,7.860879195936592,8.18534301847352,7.846130380053135,8.082104682922363,90600.0
1999-04-15,8.170595762574687,8.229589007117532,7.787137985229492,7.787137985229492,213000.0
1999-04-16,7.9641235851850665,8.111607130238712,7.9641235851850665,8.096858978271484,205500.0
1999-04-19,8.111604615721893,8.24433996766167,7.934624146468855,8.052611351013184,186600.0
1999-04-20,8.111602825858924,8.406570434570312,8.096854681717723,8.406570434570312,294900.0
1999-04-21,8.377072043194406,8.554052443227574,8.377072043194406,8.524556159973145,177000.0
1999-04-22,8.583549499511719,8.642542741820098,8.524556257203342,8.583549499511719,95100.0
1999-04-23,8.524561713008477,8.524561713008477,8.436071455347928,8.495064735412598,63900.0
1999-04-26,8.46556419635869,8.495061161545213,8.229590500246925,8.288583755493164,168900.0
1999-04-27,8.495061161545213,8.613048347164497,8.288583755493164,8.288583755493164,150300.0
1999-04-28,8.273834380110992,8.273834380110992,8.185344172837077,8.200092315673828,195900.0
1999-04-29,8.259087465433446,8.288583755493164,8.11160331462764,8.288583755493164,112800.0
1999-04-30,8.347576141357422,8.480311447447239,8.332827323929656,8.347576141357422,161400.0
1999-05-03,8.377075023529503,8.450817108154297,8.362326876655299,8.450817108154297,147900.0
1999-05-04,8.465565255028501,8.480314077029592,8.436068961280093,8.450817108154297,179100.0
1999-05-05,8.495062146042697,8.524559114647639,8.36232680001078,8.391823768615723,56400.0
1999-05-06,8.450814926843453,8.849020865804663,8.450814926843453,8.790027618408203,118800.0
1999-05-07,8.790024547501316,8.89326286315918,8.760527596544865,8.89326286315918,81000.0
1999-05-10,8.86377193514451,9.158739619760425,8.86377193514451,9.040752410888672,75600.0
1999-05-11,9.01125396844684,9.188234402032528,9.01125396844684,9.055499076843262,40200.0
1999-05-12,8.99650858203619,9.143992783056593,8.937515306704249,9.099747657775879,70800.0
1999-05-13,9.055495482416612,9.291469075156186,9.055495482416612,9.173481941223145,48900.0
1999-05-14,9.0849929674228,9.143986879795932,8.937509536743164,8.937509536743164,50100.0
1999-05-17,8.922764335238849,8.996505737304688,8.878519223948619,8.996505737304688,64800.0
1999-05-18,8.93750795203062,8.967004902987071,8.89326286315918,8.89326286315918,50100.0
1999-05-19,8.849022689374905,9.114493370056152,8.849022689374905,9.114493370056152,123900.0
1999-05-20,9.129242025612136,9.320971311332444,9.129242025612136,9.291474342346191,51300.0
1999-05-21,9.247228622436523,9.276725589496147,9.202983509410512,9.247228622436523,33300.0
1999-05-24,9.261979333720475,9.261979333720475,9.084998832597618,9.099747657775879,213600.0
1999-05-25,9.055497124126886,9.084993406612774,8.952258110046387,8.952258110046387,120600.0
1999-05-26,8.952264174949732,8.952264174949732,8.495064735412598,8.495064735412598,161400.0
1999-05-27,8.509810292781728,8.509810292781728,8.391823768615723,8.391823768615723,51600.0
1999-05-28,8.406572415862199,8.509810799435742,8.391824268245099,8.46556568145752,176700.0
1999-06-01,8.495059298485826,8.583549499511719,8.495059298485826,8.583549499511719,28500.0
1999-06-02,8.613048267113767,8.642544556899344,8.406570862980747,8.421319007873535,70500.0
1999-06-03,8.450814926843453,8.80477576147564,8.450814926843453,8.790027618408203,125100.0
1999-06-04,8.790029604569062,8.878519833222017,8.790029604569062,8.84902286529541,30900.0
1999-06-07,8.849021482412972,8.849021482412972,8.790028230905806,8.834273338317871,15300.0
1999-06-08,8.834271013936515,8.908012390136719,8.819522198595207,8.908012390136719,10500.0
1999-06-09,8.908014751858133,9.055498893613176,8.908014751858133,9.026001930236816,23100.0
1999-06-10,8.996505148896848,9.055499076843262,8.981757004473634,9.055499076843262,51300.0
1999-06-11,9.05550037904118,9.05550037904118,8.981758296067301,9.011255264282227,24300.0
1999-06-14,9.055499669109542,9.055499669109542,8.96700944652908,8.996505737304688,54900.0
1999-06-15,8.99650296503595,9.070245019505023,8.96700668334961,8.96700668334961,66300.0
1999-06-16,8.99650368244833,9.173484087185848,8.967007398409853,9.070245742797852,70500.0
1999-06-17,9.055501233951976,9.084997529824712,9.026004262952304,9.040752410888672,133200.0
1999-06-18,9.04074790948777,9.055496725207618,8.775277328049695,8.804774284362793,100500.0
1999-06-21,8.819521577571797,8.967005669840335,8.819521577571797,8.86376667022705,104700.0
1999-06-22,8.878517150878906,8.908013434767344,8.819523232848706,8.878517150878906,100200.0
1999-06-23,8.878517150878906,8.893265292823125,8.849020191863806,8.878517150878906,48900.0
1999-06-24,8.878522743650668,8.878522743650668,8.46556775781672,8.495064735412598,111900.0
1999-06-25,8.524556403845724,8.613046606393857,8.509807586669922,8.509807586669922,28800.0
1999-06-28,8.55405387462362,8.849021482412972,8.55405387462362,8.834273338317871,262800.0
1999-06-29,8.831320427505807,8.919928995929041,8.831320427505807,8.890393257141113,41400.0
1999-06-30,8.919926400561843,8.919926400561843,8.063377380371094,8.063377380371094,116100.0
1999-07-01,8.196291184147702,8.491653253964696,8.196291184147702,8.403044700622559,746400.0
1999-07-02,8.46211758161846,8.506421862150493,8.417813301086426,8.417813301086426,82800.0
1999-07-06,8.462114181715188,8.654099094875193,8.462114181715188,8.595026969909668,59100.0
1999-07-07,8.654107007225313,8.66887555899146,8.580266952514648,8.580266952514648,181200.0
1999-07-08,8.609801343450906,8.654105639688268,8.580265596645937,8.6245698928833,87600.0
1999-07-09,8.595031137053756,8.964233280140657,8.595031137053756,8.890393257141113,137400.0
1999-07-12,8.890393762976814,9.052842363642412,8.86085734647863,9.038074493408203,87000.0
1999-07-13,9.05284120075057,9.185754043874297,9.038073332413383,9.17098617553711,30900.0
1999-07-14,9.215291362575151,9.27436351776123,9.215291362575151,9.27436351776123,41700.0
1999-07-15,9.274361420087043,9.45157852159208,9.274361420087043,9.40727424621582,171900.0
1999-07-16,9.348201971157847,9.377738379664258,9.303897696413024,9.333434104919434,60600.0
1999-07-19,9.30390197539998,9.481119155883789,9.30390197539998,9.481119155883789,105600.0
1999-07-20,9.422046987732484,9.481119155883789,9.362974143551284,9.481119155883789,62100.0
1999-07-21,9.510655021054127,9.510655021054127,9.3925100156399,9.436814308166504,40500.0
1999-07-22,9.43680551348461,9.451573371887207,9.40726912065019,9.451573371887207,28800.0
1999-07-23,9.422041085699675,9.495881080627441,9.422041085699675,9.495881080627441,25200.0
1999-07-26,9.525420410430614,9.56972469140936,9.495883997768223,9.510652542114258,26400.0
1999-07-27,9.510646157556046,9.510646157556046,9.451573371887207,9.451573371887207,111300.0
1999-07-28,9.45157852159208,9.466347064070561,9.40727424621582,9.40727424621582,23400.0
1999-07-29,9.451577782960673,9.481114189579802,9.392505645751953,9.392505645751953,101100.0
1999-07-30,9.42204643600092,9.436814308166504,9.3925100156399,9.436814308166504,274800.0
1999-08-02,9.4368130165926,9.4368130165926,9.333436573522476,9.377740859985352,33600.0
1999-08-03,9.377739699178017,9.540188278746971,9.377739699178017,9.510652542114258,107100.0
1999-08-04,9.45157953642308,9.45157953642308,9.4072752562898,9.422043800354004,26100.0
1999-08-05,9.43681065514319,9.43681065514319,9.392506379766932,9.40727424621582,29700.0
1999-08-06,9.42204643600092,9.436814308166504,9.407277887805483,9.436814308166504,41700.0
1999-08-09,9.422043800354004,9.45157953642308,9.392507388255263,9.422043800354004,24000.0
1999-08-10,9.40727676805502,9.466349601745605,9.40727676805502,9.466349601745605,91800.0
1999-08-11,9.451582180332087,9.481118600693108,9.436814308166504,9.436814308166504,15600.0
1999-08-12,9.466349325214567,9.584493637084961,9.451580779208452,9.584493637084961,24000.0
1999-08-13,9.481113053096305,9.64356225598472,9.466345189571706,9.628793716430664,26400.0
1999-08-16,9.599263440800302,9.879857063293457,9.599263440800302,9.879857063293457,39900.0
1999-08-17,9.850313391678654,9.865081928747225,9.628792095943531,9.732169151306152,127500.0
1999-08-18,9.687869050054765,9.687869050054765,9.481115526623197,9.569724082946777,44700.0
1999-08-19,9.54018962981418,9.54018962981418,9.451581055308072,9.466349601745605,37200.0
1999-08-20,9.466346324285007,9.510650596198932,9.392505645751953,9.392505645751953,142800.0
1999-08-23,9.362969239132825,9.422042052371083,9.362969239132825,9.392505645751953,21300.0
1999-08-24,9.422045146448228,9.422045146448228,9.36297231381122,9.377740859985352,25800.0
1999-08-25,9.36297406614493,9.36297406614493,9.230061181880902,9.28913402557373,65400.0
1999-08-26,9.303897502913856,9.333433910805978,9.24482536315918,9.24482536315918,47400.0
1999-08-27,9.259597241342153,9.259597241342153,9.08238006925905,9.097147941589355,201300.0
1999-08-30,9.126684362279827,9.156220782970298,9.097147941589355,9.097147941589355,27600.0
1999-08-31,9.126680755615235,9.126680755615235,9.060224342346192,9.082376480102539,129000.0
1999-09-01,9.067607131185435,9.185751395884678,9.052838591075915,9.15621566772461,42300.0
1999-09-02,9.200522588241164,9.244826869282406,9.097145481791813,9.17098617553711,77700.0
1999-09-03,9.200521280684962,9.333434104919434,9.200521280684962,9.333434104919434,105000.0
1999-09-07,9.362969642668531,9.362969642668531,9.185752547374934,9.24482536315918,58800.0
1999-09-08,9.215293001016205,9.215293001016205,9.082380121193856,9.111916542053223,47400.0
1999-09-09,9.156215607272754,9.156215607272754,9.097142799283663,9.141447067260742,30000.0
1999-09-10,9.156217164633563,9.17098503112793,9.05284007108421,9.082376480102539,56700.0
1999-09-13,9.082377613454625,9.17098617553711,9.082377613454625,9.17098617553711,64800.0
1999-09-14,9.141449195240074,9.15621773868996,9.126681327819824,9.126681327819824,15300.0
1999-09-15,9.097147941589355,9.111916489949522,9.08238006925905,9.097147941589355,39900.0
1999-09-16,9.126684362279827,9.126684362279827,9.05284364856858,9.097147941589355,36600.0
1999-09-17,9.082374995265468,9.15621566772461,9.067607131185435,9.15621566772461,25500.0
1999-09-20,9.215288162231445,9.230056026891852,9.185751756881123,9.215288162231445,24600.0
1999-09-21,9.185753438249407,9.244826259762792,9.185753438249407,9.230057716369629,11100.0
1999-09-22,9.20052144014626,9.20052144014626,9.082376480102539,9.082376480102539,21900.0
1999-09-23,9.126682723781116,9.126682723781116,8.979001998901367,8.979001998901367,213300.0
1999-09-24,8.979002336441601,9.052842363642412,8.979002336441601,9.038074493408203,118500.0
1999-09-27,9.038072749605591,9.052840616990494,8.979000604036349,9.008536338806152,129300.0
1999-09-28,9.038074153647319,9.038074153647319,8.979001998901367,8.979001998901367,77700.0
1999-09-29,8.97899907831961,8.993766943195148,8.949462672539013,8.96423053741455,72300.0
1999-09-30,8.964232299695581,9.023305122869917,8.772247314453125,8.772247314453125,215100.0
1999-10-01,8.81655159381905,8.81655159381905,8.742710902865957,8.772247314453125,109800.0
1999-10-04,8.75449836888135,8.887590408325195,8.75449836888135,8.887590408325195,12900.0
1999-10-05,8.872806270732099,9.020686149597168,8.784078208024779,9.020686149597168,103800.0
1999-10-06,9.020687094720921,9.094627380371094,9.020687094720921,9.094627380371094,82500.0
1999-10-07,9.109412504484242,9.124200963457206,8.961532653343486,8.991108894348145,72600.0
1999-10-08,8.991111694045347,9.035475730895996,8.991111694045347,9.035475730895996,13800.0
1999-10-11,9.005898364793081,9.02808038046991,8.991110579988993,9.020686149597168,69300.0
1999-10-12,9.050260699416192,9.050260699416192,8.961532653343486,8.991108894348145,32400.0
1999-10-13,8.946747728722201,8.946747728722201,8.917171478271484,8.917171478271484,14700.0
1999-10-14,8.917170636004816,8.917170636004816,8.872806602989867,8.902382850646973,125400.0
1999-10-15,8.902386589223413,8.961538432437148,8.902386589223413,8.94675064086914,53400.0
1999-10-18,8.976322454377607,8.991110916676872,8.902382850646973,8.902382850646973,24900.0
1999-10-19,8.931954421473144,8.946742877149871,8.887590408325195,8.887590408325195,41100.0
1999-10-20,8.872806549072266,8.887594334340246,8.872806549072266,8.872806549072266,198300.0
1999-10-21,8.872803624202348,8.872803624202348,8.784075587960325,8.84322738647461,84000.0
1999-10-22,8.813654053543141,8.813654053543141,8.695349749669228,8.724925994873047,35700.0
1999-10-25,8.724927067071363,8.739714853019848,8.636198997497559,8.636198997497559,66900.0
1999-10-26,8.650982151640223,8.650982151640223,8.340434074401855,8.340434074401855,91800.0
1999-10-27,8.370012175943147,8.429163978213355,8.340435936337425,8.38479995727539,80700.0
1999-10-28,8.429163978213355,8.429163978213355,8.370012175943147,8.38479995727539,65700.0
1999-10-29,8.384804770637478,8.429168817042967,8.355228514053277,8.41438102722168,118800.0
1999-11-01,8.429165729694152,8.488317544255406,8.414377945289184,8.443953514099121,120300.0
1999-11-02,8.414378222290578,8.429166007182362,8.370014190673828,8.370014190673828,15600.0
1999-11-03,8.384801699537867,8.443953514099121,8.384801699537867,8.443953514099121,193500.0
1999-11-04,8.443953461398117,8.562257766723633,8.414377892772768,8.562257766723633,60300.0
1999-11-05,8.60662274865914,8.724927067071363,8.60662274865914,8.636198997497559,93000.0
1999-11-08,8.62141395399784,8.769294579900295,8.62141395399784,8.75450611114502,92400.0
1999-11-09,8.739711569839313,8.872803624202348,8.739711569839313,8.84322738647461,39000.0
1999-11-10,8.813652802202729,9.065048481447889,8.813652802202729,8.991108894348145,56700.0
1999-11-11,9.00589864730835,9.02068643257633,8.872806549072266,8.872806549072266,78000.0
1999-11-12,8.872806549072266,8.887594334340246,8.872806549072266,8.872806549072266,6900.0
1999-11-15,8.872810329145691,8.94675064086914,8.872810329145691,8.94675064086914,13200.0
1999-11-16,8.94674683247063,8.94674683247063,8.798866271972656,8.798866271972656,39000.0
1999-11-17,8.828442519460536,8.828442519460536,8.665774173689332,8.798866271972656,47100.0
1999-11-18,8.858018763804283,8.880200780176965,8.813654731058923,8.872806549072266,23700.0
1999-11-19,8.87281047647864,8.87281047647864,8.665778006380233,8.75450611114502,76200.0
1999-11-22,8.754501563135502,8.754501563135502,8.710137533800454,8.724925994873047,18000.0
1999-11-23,8.695351843373288,8.695351843373288,8.57704751101355,8.591835975646973,48900.0
1999-11-24,8.591834406642766,8.591834406642766,8.281286183233284,8.325650215148926,379800.0
1999-11-26,8.310859696731702,8.38479995727539,8.29607191539946,8.38479995727539,8700.0
1999-11-29,8.39958787728838,8.39958787728838,8.20734400903025,8.251708030700684,76500.0
1999-11-30,8.281288939878008,8.296076729791924,8.266500473022461,8.266500473022461,92100.0
1999-12-01,8.266497954015653,8.266497954015653,7.985525969620589,8.074254035949707,202200.0
1999-12-02,8.103830229492972,8.133405800110538,8.029889949066217,8.044677734375,61800.0
1999-12-03,8.029890113833643,8.089041933223948,8.029890113833643,8.059466361999512,56100.0
1999-12-06,8.059468222767865,8.133407844841551,8.029891967773438,8.029891967773438,52200.0
1999-12-07,8.044679756799857,8.044679756799857,8.015104178747018,8.029891967773438,10500.0
1999-12-08,8.015104132080637,8.059468175843184,7.985527877258411,8.00031566619873,148500.0
1999-12-09,8.000312378344171,8.000312378344171,7.926372787087625,7.955948352813721,90300.0
1999-12-10,7.985526084899903,8.000313870521092,7.955949836716092,7.985526084899902,31500.0
1999-12-13,7.955951668758161,8.029891967773438,7.941163879731741,8.029891967773438,94200.0
1999-12-14,8.015101432800293,8.029889216760468,7.822856856611237,8.015101432800293,30000.0
1999-12-15,7.985523990962816,8.162980079650879,7.985523990962816,8.162980079650879,46500.0
1999-12-16,8.17776692896389,8.296071200247274,8.162979148906409,8.236919403076172,58200.0
1999-12-17,8.23692209582358,8.370014190673828,8.23692209582358,8.370014190673828,31800.0
1999-12-20,8.325649778364932,8.532681465148926,8.325649778364932,8.532681465148926,147600.0
1999-12-21,8.547468825675296,8.695348679613463,8.53268036642258,8.665772438049316,53400.0
1999-12-22,8.665772438049316,8.754500485800476,8.650984655737885,8.665772438049316,66900.0
1999-12-23,8.63620028131145,8.931960105895996,8.63620028131145,8.931960105895996,44700.0
1999-12-27,8.991111633318875,9.079839706420898,8.961535383304376,9.079839706420898,48900.0
1999-12-28,9.035473977309481,9.035473977309481,8.81365383610664,8.828441619873047,48900.0
1999-12-29,8.79886702363684,9.109415279493923,8.79886702363684,9.079839706420898,26700.0
1999-12-30,8.872807441066154,8.97632330223143,8.872807441066154,8.917171478271484,96300.0
1999-12-31,8.887593893449287,9.227718353271484,8.828442078370315,9.227718353271484,53100.0
2000-01-03,9.227718101689792,9.227718101689792,8.65098572033418,8.724925994873047,65400.0
2000-01-04,8.707156442571348,8.707156442571348,8.455418700421047,8.470227241516113,87600.0
2000-01-05,8.4702278832858,8.4702278832858,8.336955070495605,8.336955070495605,24900.0
2000-01-06,8.33695249270015,8.33695249270015,8.174063323701908,8.233295440673828,74400.0
2000-01-07,8.233296839449851,8.381378173828125,8.233296839449851,8.381378173828125,86700.0
2000-01-10,8.35176152929162,8.35176152929162,8.085215948569546,8.188872337341309,822600.0
2000-01-11,8.174065740566748,8.336954957727219,8.14444933439378,8.32214641571045,70500.0
2000-01-12,8.32214788077318,8.440612848459509,8.32214788077318,8.410996437072754,46800.0
2000-01-13,8.410996612325622,8.66273441970656,8.396188745254051,8.60350227355957,117300.0
2000-01-14,8.647923762276434,8.647923762276434,8.381378173828125,8.381378173828125,195300.0
2000-01-18,8.381377967188836,8.440610092763512,8.381377967188836,8.425802230834961,16200.0
2000-01-19,8.41099369104594,8.440610092763512,8.41099369104594,8.425802230834961,98700.0
2000-01-20,8.440610837186512,8.470227241516113,8.410994432856908,8.470227241516113,53700.0
2000-01-21,8.440609590255002,8.440609590255002,8.292528946204005,8.307336807250977,48900.0
2000-01-24,8.29253068739805,8.381379228056385,8.29253068739805,8.32214641571045,59400.0
2000-01-25,8.322149676308102,8.336958224126823,8.262917518615723,8.262917518615723,151200.0
2000-01-26,8.262914821606543,8.351763368075432,8.23329841349671,8.248106956481934,51900.0
2000-01-27,8.262911838089973,8.27771969786786,8.203679721118053,8.233295440673828,155400.0
2000-01-28,8.262911681228854,8.262911681228854,7.937134027277226,8.055598258972168,127500.0
2000-01-31,8.01117400698091,8.025982544346105,7.640972096477137,7.670588493347168,161700.0
2000-02-01,7.626163671609698,7.626163671609698,7.315193900039248,7.433658123016357,167700.0
2000-02-02,7.418853070054736,7.581742285570337,7.285580260413034,7.463277339935303,85800.0
2000-02-03,7.448468811697061,7.463276674383209,6.930185483355837,7.078266143798828,303000.0
2000-02-04,7.01903486251831,7.107883405081833,7.01903486251831,7.0190348625183105,171000.0
2000-02-07,6.989417445184909,7.063458112569955,6.870953190801418,6.930185317993164,657000.0
2000-02-08,6.93018742518395,7.004228115081787,6.91537955834866,7.004228115081787,573900.0
2000-02-09,7.06345828111268,7.137498950264427,7.048650418426532,7.078266143798828,224400.0
2000-02-10,7.107883405081833,7.107883405081833,6.9894184557102745,7.0190348625183105,139200.0
2000-02-11,7.01903572426538,7.01903572426538,6.959803581237793,6.959803581237793,73200.0
2000-02-14,6.915377455660349,6.974609582852094,6.870953190801418,6.930185317993164,69300.0
2000-02-15,6.974609148029087,6.974609148029087,6.885760623850373,6.90056848526001,45600.0
2000-02-16,6.93018709440316,6.93018709440316,6.782106399536133,6.782106399536133,115500.0
2000-02-17,6.782105390773821,6.8117211186258215,6.278629882963091,6.456326961517334,305100.0
2000-02-18,6.5155595044657835,6.5155595044657835,6.397094564357504,6.41190242767334,228900.0
2000-02-22,6.352671364663353,6.382287774135145,6.278630679914194,6.308247089385986,68400.0
2000-02-23,6.352667965303654,6.456324326196674,6.337860107421875,6.337860107421875,32100.0
2000-02-24,6.308247667982359,6.308247667982359,5.893621286650703,6.1157426834106445,199800.0
2000-02-25,6.160166962762633,6.160166962762633,6.100934138386177,6.1157426834106445,45300.0
2000-02-28,6.012083831413388,6.012083831413388,5.5826497077941895,5.5826497077941895,170100.0
2000-02-29,5.641880635292299,5.671497032559626,5.508607864379883,5.508607864379883,147000.0
2000-03-01,5.567842578085588,5.567842578085588,5.375337600708008,5.375337600708008,210300.0
2000-03-02,5.375337114860057,5.508609935889645,5.367932843293762,5.493802070617676,245100.0
2000-03-03,5.553033992317159,5.582650399563049,5.52341758507127,5.538226127624512,110400.0
2000-03-06,5.538227699404418,5.641884137392415,5.538227699404418,5.567843437194824,270000.0
2000-03-07,5.5678417922682035,5.627074606071237,5.553033927747738,5.6122660636901855,293700.0
2000-03-08,5.597458483242704,5.627074891647264,5.493802070617676,5.493802070617676,100200.0
2000-03-09,5.49380256717304,5.49380256717304,5.360529734097635,5.375337600708008,469200.0
2000-03-10,5.37533732858586,5.44937801361084,5.37533732858586,5.44937801361084,282900.0
2000-03-13,5.508607864379883,5.567839981054168,5.478991467112557,5.508607864379883,192600.0
2000-03-14,5.553032156420973,5.686304928175076,5.553032156420973,5.627072811126709,96900.0
2000-03-15,5.627076536032663,5.701116561889648,5.5382279627156255,5.701116561889648,120300.0
2000-03-16,5.7307315107802275,6.367479230468926,5.7307315107802275,6.308247089385986,194400.0
2000-03-17,6.293439609268179,6.397096031980975,6.204591053268443,6.2490153312683105,227700.0
2000-03-20,6.308243713798034,6.397092216809274,6.308243713798034,6.337860107421875,80400.0
2000-03-21,6.337859926675026,6.397092034373209,6.130546532940992,6.160162925720215,62700.0
2000-03-22,6.219397068023682,6.219397068023682,6.189780665555788,6.219397068023682,124800.0
2000-03-23,6.219396357022397,6.604406833648682,6.219396357022397,6.604406833648682,216300.0
2000-03-24,6.6340250268084455,6.782106399536133,6.604409294551436,6.782106399536133,222600.0
2000-03-27,6.826526987304499,7.181921005249023,6.826526987304499,7.181921005249023,199200.0
2000-03-28,7.226349241652934,7.226349241652934,6.959803581237793,6.959803581237793,72900.0
2000-03-29,6.959802726762823,7.093075540608107,6.959802726762823,7.0190348625183105,355800.0
2000-03-30,7.019033847711024,7.019033847711024,6.930185317993163,6.930185317993164,49200.0
2000-03-31,6.9272194037681665,6.942052623203822,6.230047225952148,6.230047225952148,206400.0
2000-04-03,6.289381095679027,6.586050252303395,6.259714655331496,6.55638313293457,97800.0
2000-04-04,6.600884202570471,6.61571810340624,6.378382480247631,6.541550636291504,145800.0
2000-04-05,6.556380726669112,6.556380726669112,6.422879757037698,6.482213973999023,42000.0
2000-04-06,6.497047398008149,6.556380937859649,6.408046748720366,6.452547073364258,94500.0
2000-04-07,6.497049561834646,6.556383121447043,6.497049561834646,6.511882781982422,76500.0
2000-04-10,6.571219398577222,6.823387627449298,6.54155226852458,6.7788872718811035,194400.0
2000-04-11,6.838218687961371,6.95688580077504,6.82338478959372,6.9123854637146,55500.0
2000-04-12,6.882719025021811,6.986552918489085,6.882719025021811,6.9123854637146,59700.0
2000-04-13,6.942051190588068,7.0162186305031,6.92721797421351,7.001384735107422,53100.0
2000-04-14,7.016221046447753,7.045887489412125,6.8233857720725695,7.016221046447754,75900.0
2000-04-17,7.016221046447753,7.031054267929939,6.971720702979843,7.016221046447754,129300.0
2000-04-18,7.031053746865039,7.031053746865039,6.823385266397788,6.838219165802002,59100.0
2000-04-19,6.793721630336926,7.0607237815856925,6.764054498302091,7.060723781585693,139200.0
2000-04-20,7.0607237815856925,7.179390951681866,7.045889876057483,7.060723781585693,57300.0
2000-04-24,7.120054220851464,7.120054220851464,6.7937186287362,7.03105354309082,96000.0
2000-04-25,7.060721426416659,7.238722801208496,6.9420536168816485,7.238722801208496,100500.0
2000-04-26,7.209052772255662,7.342553749519656,7.1645524465009975,7.179385662078857,68700.0
2000-04-27,7.179385662078857,7.209052772255662,7.134885336324193,7.179385662078857,38100.0
2000-04-28,7.149720266952247,7.327721595764161,7.149720266952247,7.32772159576416,61500.0
2000-05-01,7.327721845084666,7.446388948982716,7.29805472959955,7.387055397033691,55800.0
2000-05-02,7.38705561275038,7.431555947766949,7.357388496398926,7.357388496398926,35400.0
2000-05-03,7.37222479923377,7.3870580227381435,7.090388799500547,7.105222702026367,61200.0
2000-05-04,7.07555557739905,7.149723052978516,7.060722353891736,7.149723052978516,33600.0
2000-05-05,7.209053993225098,7.209053993225098,7.179386878023689,7.209053993225098,21300.0
2000-05-08,7.238722562341957,7.298056125640869,7.216472391227199,7.298056125640869,42000.0
2000-05-09,7.327721130726083,7.401887893676758,7.268386905540176,7.401887893676758,57000.0
2000-05-10,7.4315554778973825,7.4315554778973825,7.312887699015713,7.32772159576416,29100.0
2000-05-11,7.327720666482425,7.416721319601559,7.238720013363291,7.372220993041992,117600.0
2000-05-12,7.416726081247431,7.505726791506313,7.387058951487292,7.4908928871154785,23400.0
2000-05-15,7.505726791506313,7.505726791506313,7.446392531986037,7.4908928871154785,29700.0
2000-05-16,7.52055668141693,7.56505701680993,7.5057234626263405,7.5353899002075195,18000.0
2000-05-17,7.565062267282931,7.624395862646543,7.505728671919319,7.579895496368408,33000.0
2000-05-18,7.56505701680993,7.59472413341234,7.52055668141693,7.5353899002075195,60000.0
2000-05-19,7.565060372005058,7.565060372005058,7.476059661746175,7.4908928871154785,32700.0
2000-05-22,7.520558836880852,7.565059185028076,7.490891711775562,7.565059185028076,27300.0
2000-05-23,7.594724162928004,7.594724162928004,7.550223827362061,7.5502238273620605,27600.0
2000-05-24,7.579890705211976,7.579890705211976,7.357389014461906,7.416723251342773,47700.0
2000-05-25,7.401888363421669,7.535389360030605,7.312887699015713,7.32772159576416,55500.0
2000-05-26,7.3573882111897415,7.3573882111897415,7.209053993225098,7.209053993225098,32700.0
2000-05-30,7.2090556790694045,7.253556022767364,7.179388556930312,7.238722801208496,23400.0
2000-05-31,7.179384438354145,7.209051543474197,7.12005090713501,7.12005090713501,56400.0
2000-06-01,7.120051681045007,7.19421911239624,7.120051681045007,7.19421911239624,17400.0
2000-06-02,7.238722562341957,7.342556467870386,7.223888662251228,7.298056125640869,63900.0
2000-06-05,7.327722575042745,7.4167232513427725,7.327722575042745,7.416723251342773,49800.0
2000-06-06,7.446392812013275,7.446392812013275,7.238724932947394,7.253558158874512,65400.0
2000-06-07,7.298054659808123,7.298054659808123,7.194220775134993,7.209053993225098,36000.0
2000-06-08,7.179387791933778,7.223888130890024,7.075553894042968,7.075553894042969,129300.0
2000-06-09,7.0755521750224535,7.0755521750224535,6.912384078817831,7.001384735107422,27600.0
2000-06-12,7.045887959192875,7.045887959192875,6.867886573453085,6.927220821380615,53400.0
2000-06-13,6.927219846142066,6.927219846142066,6.764051705844848,6.838219165802002,27000.0
2000-06-14,6.882720420296029,6.882720420296029,6.497050527914951,6.645384788513184,140100.0
2000-06-15,6.645382764045383,6.645382764045383,6.304214000701904,6.304214000701904,50400.0
2000-06-16,6.333883312646591,6.333883312646591,6.11138154898194,6.259716510772705,118200.0
2000-06-19,6.319049835205078,6.319049835205078,5.992714154563146,6.007547378540039,84300.0
2000-06-20,5.977879762594384,5.977879762594384,5.696044455957777,5.829545497894287,71700.0
2000-06-21,5.844377467144354,5.844377467144354,5.5328751027708,5.592209339141846,65400.0
2000-06-22,5.592208096516134,5.621874529088311,5.518040657043457,5.518040657043457,73500.0
2000-06-23,5.529935961864034,5.529935961864034,5.232627349989284,5.440743446350098,156900.0
2000-06-26,5.470473664667346,5.470473664667346,5.29208866125955,5.351550102233887,240300.0
2000-06-27,5.321819363751318,5.351550426281155,5.173165412071783,5.277223110198975,424800.0
2000-06-28,5.262358614008791,5.470474718227274,5.262358614008791,5.45560884475708,141600.0
2000-06-29,5.440743717946354,5.455608911112435,5.381282264797107,5.425878524780273,342300.0
2000-06-30,5.425876878413505,5.515069371316277,5.396145820617676,5.396145820617676,131400.0
2000-07-03,5.396145875174837,5.5447998046875,5.396145875174837,5.5447998046875,16200.0
2000-07-05,5.5745306514924575,5.5893958397348715,5.500203349310992,5.529934406280518,90600.0
2000-07-06,5.529936170653306,5.529936170653306,5.411012585316327,5.45560884475708,182100.0
2000-07-07,5.455608911112435,5.455608911112435,5.3515511979800205,5.425878524780273,84000.0
2000-07-10,5.44074426543193,5.470475335240764,5.336686541828503,5.366416931152344,54000.0
2000-07-11,5.396146353085836,5.485338854789734,5.262357600529989,5.351550102233887,158400.0
2000-07-12,5.366414123924154,5.366414123924154,5.336683750152588,5.336683750152588,207600.0
2000-07-13,5.351550102233887,5.366415292356275,5.262357600529989,5.351550102233887,84900.0
2000-07-14,5.366416931152344,5.381282806299256,5.321820666681591,5.366416931152344,231900.0
2000-07-17,5.411010908200718,5.604261759536794,5.411010908200718,5.48533821105957,109800.0
2000-07-18,5.515070977668027,5.515070977668027,5.411012585316327,5.45560884475708,196800.0
2000-07-19,5.455607255724617,5.470473124864891,5.396145820617676,5.396145820617676,101100.0
2000-07-20,5.396144127684127,5.425875176152428,5.396144127684127,5.411009311676025,129600.0
2000-07-21,5.455608911112435,5.47047478476344,5.425878524780273,5.425878524780273,51000.0
2000-07-24,5.425875176152428,5.515067641072827,5.411009311676025,5.411009311676025,612000.0
2000-07-25,5.440743717946354,5.529936237912688,5.411012651129268,5.425878524780273,134400.0
2000-07-26,5.455606912987662,5.708319187164307,5.455606912987662,5.708319187164307,199200.0
2000-07-27,5.752916784397765,6.005629118034214,5.752916784397765,5.9461669921875,156900.0
2000-07-28,5.975897805259067,5.975897805259067,5.589396725354342,5.767781734466553,220800.0
2000-07-31,5.797513217925511,5.827244281768799,5.767782154082223,5.827244281768799,111300.0
2000-08-01,5.827242066612763,5.916434543752323,5.812376200099772,5.8867034912109375,69600.0
2000-08-02,5.827245167542306,5.931302886083879,5.827245167542306,5.856975555419922,46500.0
2000-08-03,5.812376695232019,5.812376695232019,5.619126538462327,5.648857593536377,94200.0
2000-08-04,5.64885764105936,5.678588015898873,5.60426139831543,5.60426139831543,76500.0
2000-08-07,5.619127607345582,5.797512610753377,5.351550102233887,5.351550102233887,318000.0
2000-08-08,5.470473288537512,5.708319716566191,5.470473288537512,5.663723468780518,98700.0
2000-08-09,5.708319932093212,5.738050991901119,5.663723682623734,5.693454742431641,60300.0
2000-08-10,5.648859846320069,5.752917559850819,5.648859846320069,5.723186492919922,92700.0
2000-08-11,5.767781000710718,6.050224349530188,5.6785885075013525,5.990762233734131,135300.0
2000-08-14,5.990761829531698,6.169146803914623,5.946165585935966,6.1542816162109375,69600.0
2000-08-15,6.124550775984116,6.273205380194279,6.094820399529842,6.1840128898620605,292500.0
2000-08-16,6.213743582250757,6.317801946585602,6.198878393267807,6.30293607711792,48900.0
2000-08-17,6.362397890666121,6.5705132484436035,6.362397890666121,6.5705132484436035,92100.0
2000-08-18,6.570511723558714,6.570511723558714,6.421857833862305,6.421857833862305,159300.0
2000-08-21,6.451590360858717,6.466455549085853,6.1840128898620605,6.1840128898620605,168300.0
2000-08-22,6.243474640701389,6.30293607711792,6.243474640701389,6.30293607711792,40800.0
2000-08-23,6.332665041514805,6.332665041514805,6.243472576141357,6.243472576141357,35700.0
2000-08-24,6.258337760208763,6.258337760208763,6.198876343454634,6.243472576141357,13200.0
2000-08-25,6.184013361300213,6.184013361300213,6.124551242889175,6.169147491455078,163200.0
2000-08-28,6.15428043909093,6.15428043909093,6.124549388885497,6.124549388885498,65400.0
2000-08-29,6.124553547089068,6.169149812433127,6.065092086791992,6.065092086791992,176400.0
2000-08-30,6.07995728174501,6.07995728174501,6.0056306264949155,6.065092086791992,53700.0
2000-08-31,6.094822342606007,6.184014861373486,6.087389405880412,6.139418601989746,62700.0
2000-09-01,6.109684204025053,6.169145623951374,6.109684204025053,6.124549388885498,53100.0
2000-09-05,6.1840128336548155,6.302935699360404,6.1840128336548155,6.213743209838867,55200.0
2000-09-06,6.243474323255307,6.243474323255307,6.154281832923088,6.1840128898620605,44400.0
2000-09-07,6.184013036694887,6.184013036694887,6.020493240374983,6.035358428955078,111000.0
2000-09-08,6.09481901916461,6.124549388885497,6.065087968959177,6.124549388885498,26400.0
2000-09-11,6.079954530818006,6.1840128898620605,6.079954530818006,6.1840128898620605,43500.0
2000-09-12,6.243474906217967,6.288071155548096,6.243474906217967,6.288071155548096,17100.0
2000-09-13,6.302936609937663,6.347532861141196,6.24347516849455,6.258340358734131,26100.0
2000-09-14,6.228611120757225,6.228611120757225,6.124552728538556,6.139418601989746,10800.0
2000-09-15,6.109687535572282,6.184014861373486,6.109687535572282,6.139418601989746,92100.0
2000-09-18,6.094820654860471,6.094820654860471,5.9461660444227125,5.961031913757324,28200.0
2000-09-19,5.946167660834224,5.946167660834224,5.812378883361816,5.812378883361816,79200.0
2000-09-20,5.842108680501647,5.842108680501647,5.693454742431641,5.693454742431641,54000.0
2000-09-21,5.723184258642803,5.723184258642803,5.529934100247326,5.60426139831543,120300.0
2000-09-22,5.574530296093578,5.678587968125773,5.544799241019527,5.648857593536377,24000.0
2000-09-25,5.693455395879719,5.946167051554423,5.693455395879719,5.901570796966553,53700.0
2000-09-26,5.901569229618523,5.931300284942696,5.47047267008364,5.60426139831543,294600.0
2000-09-27,5.574531078338623,5.70831982421875,5.55966588895797,5.574531078338623,34800.0
2000-09-28,5.633993972612157,5.797513820004701,5.633993972612157,5.723186492919922,21900.0
2000-09-29,5.839377963096843,6.107512655046671,5.839377963096843,5.9138593673706055,56400.0
2000-10-02,5.973443911387032,6.003236193364934,5.869168878759502,5.928754806518555,56700.0
2000-10-03,5.943650947507505,5.943650947507505,5.8393765967816,5.928754806518555,42900.0
2000-10-04,5.928756532092749,5.928756532092749,5.779792351240475,5.794689178466797,30300.0
2000-10-05,5.779790925438737,5.779790925438737,5.511656284332275,5.511656284332275,348600.0
2000-10-06,5.48186547439127,5.5712437121155745,5.362694263458252,5.362694263458252,102300.0
2000-10-09,5.466968350428084,5.496761322021484,5.407383089143086,5.496761322021484,93300.0
2000-10-10,5.496762467855198,5.51165861580619,5.437177194149284,5.4669694900512695,107100.0
2000-10-11,5.407380883940359,5.511655219140079,5.377587924496929,5.437173843383789,251100.0
2000-10-12,5.452072268333214,5.452072268333214,5.362694034426112,5.377590179443359,31200.0
2000-10-13,5.392485394013105,5.422277675139728,5.362692430984875,5.407381534576416,240000.0
2000-10-16,5.452071189880371,5.452071189880371,5.437175047809671,5.452071189880371,18900.0
2000-10-17,5.452072330184447,5.466968475370685,5.36269409526339,5.422279357910156,113100.0
2000-10-18,5.437176123315966,5.437176123315966,5.377590179443359,5.377590179443359,17700.0
2000-10-19,5.43717618499821,5.43717618499821,5.407383212723919,5.422279357910156,18600.0
2000-10-20,5.437177194149284,5.4669694900512695,5.437177194149284,5.4669694900512695,30000.0
2000-10-23,5.511657592831212,5.511657592831212,5.407383212723919,5.422279357910156,21900.0
2000-10-24,5.422279233988886,5.496761322021484,5.422279233988886,5.496761322021484,69900.0
2000-10-25,5.496759958786888,5.690412521362305,5.496759958786888,5.690412521362305,26400.0
2000-10-26,5.705312263307123,5.794690519745867,5.586141027421472,5.735104560852051,87300.0
2000-10-27,5.77979241121367,5.839378356933594,5.764896265734604,5.839378356933594,73500.0
2000-10-30,5.839377090374935,5.958547592163086,5.839377090374935,5.958547592163086,45600.0
2000-10-31,5.958549307455201,6.181994915008545,5.958549307455201,6.181994915008545,90900.0
2000-11-01,6.1522040367126465,6.241582300287639,6.092618073061295,6.1522040367126465,36000.0
2000-11-02,6.1670970048554485,6.271371364593506,6.1670970048554485,6.271371364593506,86700.0
2000-11-03,6.271371113451096,6.286267937032608,6.226682006509873,6.25647497177124,32100.0
2000-11-06,6.286269664764404,6.286269664764404,6.211787572090996,6.286269664764404,26100.0
2000-11-07,6.30116397112987,6.330956935882568,6.2564748649516435,6.330956935882568,46200.0
2000-11-08,6.316061496734619,6.375647439298411,6.301165352044568,6.316061496734619,22500.0
2000-11-09,6.330958074021039,6.330958074021039,6.196890731384606,6.3011651039123535,112200.0
2000-11-10,6.2564732861039225,6.301162381004665,6.241577148437499,6.2415771484375,42600.0
2000-11-13,6.196890889998779,6.196890889998779,6.033030573059531,6.077719688415527,39600.0
2000-11-14,6.0330283641815186,6.256473859151204,6.0330283641815186,6.16709566116333,34200.0
2000-11-15,6.196889971309901,6.271371364593506,6.196889971309901,6.271371364593506,18000.0
2000-11-16,6.226680899188068,6.226680899188068,6.137302701200193,6.16709566116333,8100.0
2000-11-17,6.211785163322505,6.256474265216911,6.062821717641676,6.122406959533691,36600.0
2000-11-20,6.077717447650364,6.092613586643113,6.018132209777832,6.018132209777832,37500.0
2000-11-21,6.018133708745374,6.137304214172849,6.018133708745374,6.0628228187561035,26100.0
2000-11-22,6.122408071469841,6.137304214172849,6.047925994151392,6.0628228187561035,33600.0
2000-11-24,6.033031403940275,6.181994915008545,6.033031403940275,6.181994915008545,17700.0
2000-11-27,6.167095645409928,6.167095645409928,5.9734431108980495,6.018132209777832,92700.0
2000-11-28,6.077720606371908,6.13730587521218,5.869171142578125,5.869171142578125,70800.0
2000-11-29,5.898962056227303,5.9436511627138735,5.749998595239284,5.779790878295898,48600.0
2000-11-30,5.779790218136036,5.779790218136036,5.660619735717773,5.660619735717773,103800.0
2000-12-01,5.615931912410482,5.884066581726074,5.615931912410482,5.884066581726074,45300.0
2000-12-04,5.898965214574059,5.898965214574059,5.76489782333374,5.76489782333374,27600.0
2000-12-05,5.7797928983667735,5.9585493867894765,5.7797928983667735,5.869171142578125,30000.0
2000-12-06,5.898960506643047,5.898960506643047,5.824478454763731,5.854271411895752,40200.0
2000-12-07,5.898965214574059,5.898965214574059,5.735104842424109,5.76489782333374,30000.0
2000-12-08,5.735099711899126,5.824477892769769,5.735099711899126,5.809581756591797,38400.0
2000-12-11,5.809585076353147,6.316061496734619,5.809585076353147,6.316061496734619,89700.0
2000-12-12,6.256477073386863,6.2713732200704895,6.033031463623047,6.033031463623047,51000.0
2000-12-13,6.018133524958844,6.047925809455041,5.958547592163086,5.958547592163086,41400.0
2000-12-14,5.958548884569781,5.958548884569781,5.824481529552698,5.839378356933594,22500.0
2000-12-15,5.854273046333208,5.913858295331211,5.526553153991699,5.526553153991699,123900.0
2000-12-18,5.541449406107918,5.615931480264765,5.288210899495977,5.452071189880371,129300.0
2000-12-19,5.452070368633456,5.660619735717773,5.392485127424324,5.660619735717773,83700.0
2000-12-20,5.6606218248408435,5.809585323791294,5.601035879739205,5.794689178466797,66600.0
2000-12-21,5.764895015331079,5.958547592163086,5.74999887308298,5.958547592163086,27600.0
2000-12-22,6.018133445107257,6.196889877319336,5.869169296996074,6.196889877319336,41100.0
2000-12-26,6.226680108482515,6.30116215798136,6.092612828525466,6.137301921844482,32100.0
2000-12-27,6.137302086311612,6.435229610389388,6.137302086311612,6.345851421356201,72000.0
2000-12-28,6.316061459219469,6.643782095668402,6.316061459219469,6.628885269165039,84000.0
2000-12-29,6.670668419262485,6.804977179381864,6.506513040295573,6.52143669128418,300000.0
2001-01-02,6.521439793796601,6.566209401801772,6.521439793796601,6.551285743713379,39600.0
2001-01-03,6.670669158812491,7.073595483841434,6.581129975472726,6.939286708831787,145200.0
2001-01-04,6.819900771036918,7.133287906646729,6.819900771036918,7.1332879066467285,93600.0
2001-01-05,7.133288610306707,7.207904830046106,7.058673073697117,7.103442668914795,102300.0
2001-01-08,7.163134356413591,7.163134356413591,6.804977638592912,6.879593849182129,91200.0
2001-01-09,6.87959521592614,6.954210758209228,6.8646715609656335,6.9542107582092285,55500.0
2001-01-10,6.9094391941973665,7.073594570159912,6.879593259025753,7.073594570159912,32700.0
2001-01-11,7.103446309402046,7.192985545725895,6.984060433260194,7.028830051422119,22800.0
2001-01-12,7.088518236698486,7.163134448244276,7.013902708282432,7.148211479187012,54000.0
2001-01-16,7.088516474544758,7.327288018882519,7.088516474544758,7.163132667541504,58800.0
2001-01-17,7.2228290972314015,7.2228290972314015,7.1482135472284085,7.192983150482178,44700.0
2001-01-18,7.163134528224244,7.163134528224244,6.984056165018638,7.1332879066467285,24300.0
2001-01-19,7.073595483841434,7.073595483841434,6.924363739318411,6.939286708831787,24000.0
2001-01-22,6.68559104129987,6.804976827384926,6.6258984898221644,6.64082145690918,154800.0
2001-01-23,6.655747698565683,6.804979476928711,6.491592264175416,6.715440273284912,144000.0
2001-01-24,6.775132097426602,6.9318256864440775,6.7676709533694694,6.790055751800537,195900.0
2001-01-25,6.790055751800537,6.849748319906773,6.760209126182502,6.790055751800537,99000.0
2001-01-26,6.745287895202637,6.849750087121944,6.700518286790075,6.745287895202637,47400.0
2001-01-29,6.745283209517472,6.8837699617021775,6.566204900265943,6.70946741104126,99900.0
2001-01-30,6.709468591084876,6.876608557950316,6.678427862610377,6.7930378913879395,59400.0
2001-01-31,6.661715613346265,6.707081578901674,6.566207238814174,6.6139607429504395,70800.0
2001-02-01,6.673654578142418,6.826467990875244,6.664103739846616,6.826467990875244,30000.0
2001-02-02,6.876609901975007,6.955404141377401,6.876609901975007,6.92436408996582,44400.0
2001-02-05,6.912428029239826,7.00316136734749,6.900489647845687,6.953019618988037,33900.0
2001-02-06,6.933914156837505,6.984055877872001,6.852731704711914,6.852731704711914,40500.0
2001-02-07,6.864673137664796,6.888550581207934,6.7954297127107255,6.864673137664795,67500.0
2001-02-08,6.876610289369028,6.955404533210298,6.876610289369028,6.948241233825684,38700.0
2001-02-09,7.007931928387556,7.027034282684325,6.976891883523392,7.027034282684326,40800.0
2001-02-12,7.007934406915443,7.007934406915443,6.912426017300943,6.991220951080322,70800.0
2001-02-13,7.024648666381836,7.1344829640765575,7.024648666381836,7.024648666381836,33300.0
2001-02-14,7.027034699293406,7.0437481502082875,6.921974818515937,6.950627326965332,32400.0
2001-02-15,6.976893010554185,7.043748870438853,6.964954634928647,7.041361331939697,12600.0
2001-02-16,7.041361331939697,7.053300390694991,6.972117250426115,7.041361331939697,78300.0
2001-02-20,7.0174859635172,7.079566075506977,6.99599674653073,7.058076858520508,75300.0
2001-02-21,7.060464709300154,7.060464709300154,7.029423968804528,7.0318121910095215,22800.0
2001-02-22,7.03181105291412,7.03181105291412,6.931527596692697,7.007933616638184,37200.0
2001-02-23,6.984057300770882,7.015097355056217,6.924364731038347,6.941078186035156,49500.0
2001-02-26,6.943463147809806,7.024646269473902,6.924362161064183,6.9386887550354,92700.0
2001-02-27,6.92675201880167,6.993607885755136,6.924364480050075,6.948241233825684,47700.0
2001-02-28,6.936302674069998,7.043749429487182,6.936302674069998,7.007933616638184,50100.0
2001-03-01,7.007933991272404,7.127319812774658,7.007933991272404,7.127319812774658,40800.0
2001-03-02,7.246703306211416,7.521289992636414,7.246703306211416,7.461597442626953,118200.0
2001-03-05,7.461595172582559,7.951075846508173,7.461595172582559,7.810200214385986,136800.0
2001-03-06,7.8794437944937314,7.8794437944937314,7.712304578602379,7.714692115783691,162000.0
2001-03-07,7.714698139424434,7.843634128570557,7.666943259734862,7.843634128570557,95100.0
2001-03-08,7.843633246778179,7.879449060953936,7.8197564927475645,7.822144031524658,46500.0
2001-03-09,7.831687834418681,7.886605275737553,7.807810418707737,7.884217739105225,46500.0
2001-03-12,7.884225605519201,7.998835675772749,7.879449844360352,7.879449844360352,64200.0
2001-03-13,7.831695283603735,7.836470361410248,7.712310140882465,7.769615173339844,56700.0
2001-03-14,7.781557152557978,7.807822144345511,7.628743648529053,7.628743648529053,38400.0
2001-03-15,7.592924716486657,7.604863094764019,7.318337917327881,7.318337917327881,159900.0
2001-03-16,7.318336720105043,7.318336720105043,7.16313509536948,7.2299909591674805,40500.0
2001-03-19,7.206114542814583,7.287296325364429,7.189400405302616,7.2825212478637695,52200.0
2001-03-20,7.282519840927913,7.349375694929831,7.268193244934083,7.268193244934082,19800.0
2001-03-21,7.268196699607525,7.270584239031429,7.139260690026481,7.151198387145996,71400.0
2001-03-22,7.117769909593903,7.117769909593903,6.929139990700056,6.964955806732178,97800.0
2001-03-23,6.964955187723234,7.043749429487182,6.9601801103459335,7.007933616638184,209100.0
2001-03-26,7.019873530052434,7.043750286102295,6.998384312981581,7.043750286102295,45000.0
2001-03-27,7.019872861412169,7.019872861412169,6.924364480050075,6.948241233825684,33300.0
2001-03-28,6.924365370571568,6.924365370571568,6.8837737909249475,6.895712852478027,7200.0
2001-03-29,6.895711456985438,6.895711456985438,6.711857324077873,6.795427322387695,57300.0
2001-03-30,6.781075810361257,6.785859975793805,6.683006920148586,6.721278190612793,118200.0
2001-04-02,6.745195229678902,6.7595470379527,6.551450608305828,6.582545280456543,77400.0
2001-04-03,6.522748389436521,6.522748389436521,6.223758966242286,6.410328388214111,87900.0
2001-04-04,6.350531961104521,6.541884899139404,6.350531961104521,6.541884899139404,56100.0
2001-04-05,6.5394914315813635,6.64234447479248,6.5394914315813635,6.6423444747924805,72300.0
2001-04-06,6.697358038872143,6.697358038872143,6.632776260375977,6.632776260375977,68400.0
2001-04-09,6.635169835763759,6.661480352320265,6.635169835763759,6.659088611602783,22800.0
2001-04-10,6.659091263691495,6.773903075841496,6.659091263691495,6.764336109161377,88200.0
2001-04-11,6.7451992412419335,6.747590982599376,6.675833951550081,6.697360992431641,51600.0
2001-04-12,6.694971561431885,6.726066262805927,6.6375656430494105,6.694971561431885,73200.0
2001-04-16,6.5179644005674895,6.656695600691069,6.5179644005674895,6.6423444747924805,54900.0
2001-04-17,6.644737752352264,6.718886507925014,6.644737752352264,6.68779182434082,24900.0
2001-04-18,6.68540114479416,6.864794736665797,6.68540114479416,6.802604675292969,71100.0
2001-04-19,6.8026043588415686,6.950903939626386,6.8026043588415686,6.876753807067871,38400.0
2001-04-20,6.876753905906555,6.876753905906555,6.73323917388916,6.73323917388916,6900.0
2001-04-23,6.529926433379199,6.592116489185514,6.147219818953333,6.589724063873291,286500.0
2001-04-24,6.577764872243715,6.867186069488525,6.517966555621037,6.867186069488525,96300.0
2001-04-25,6.867185816013014,6.9365517786150805,6.757158204033071,6.783468723297119,68400.0
2001-04-26,6.807388451958755,6.874361991882324,6.807388451958755,6.874361991882324,128100.0
2001-04-27,6.900671021425708,6.912630407273714,6.783466850252886,6.797818660736084,70500.0
2001-04-30,6.8576174611435405,6.8576174611435405,6.740413281382384,6.833697319030762,105000.0
2001-05-01,6.833698452300439,6.840874359257884,6.812171415760255,6.824131488800049,138600.0
2001-05-02,6.82413275205315,6.8408756256103525,6.816956843767332,6.840875625610352,45900.0
2001-05-03,6.840876632928998,6.840876632928998,6.764336109161377,6.764336109161377,21900.0
2001-05-04,6.757157833709924,6.771509647369385,6.757157833709924,6.771509647369385,9600.0
2001-05-07,6.745200180800855,6.864796161651612,6.721281395230136,6.864796161651611,39300.0
2001-05-08,6.900674063124605,6.900674063124605,6.697360992431641,6.697360992431641,33900.0
2001-05-09,6.69975132533813,6.69975132533813,6.6256012074288835,6.649521350860596,20400.0
2001-05-10,6.613643282854298,6.620819189862056,6.386410789823008,6.450992584228516,71400.0
2001-05-11,6.458169532601356,6.47012960765354,6.326614181685473,6.36249303817749,29700.0
2001-05-14,6.360099174669208,6.4462080001831055,6.360099174669208,6.4462080001831055,19500.0
2001-05-15,6.446209672928384,6.697360992431641,6.446209672928384,6.697360992431641,120600.0
2001-05-16,6.757157718310949,6.757157718310949,6.5801558974159,6.630385875701904,36600.0
2001-05-17,6.632778519310873,6.752374471491479,6.632778519310873,6.73323917388916,27300.0
2001-05-18,6.76911683885727,6.955685615539551,6.76911683885727,6.955685615539551,53100.0
2001-05-21,6.962861739455545,7.056146472876588,6.962861739455545,7.051362991333008,124200.0
2001-05-22,7.041796985393714,7.103987056325672,7.041796985393714,7.09202766418457,46500.0
2001-05-23,7.048971252584726,7.048971252584726,6.960470676422119,6.960470676422119,29700.0
2001-05-24,6.948510854183679,6.948510854183679,6.84565846973622,6.9198079109191895,79200.0
2001-05-25,6.9628638619932985,7.00831105650403,6.9628638619932985,6.967648029327393,43500.0
2001-05-29,6.984390904165892,6.984390904165892,6.967648029327393,6.967648029327393,18300.0
2001-05-30,6.912631710568773,6.912631710568773,6.793036460876465,6.793036460876465,78000.0
2001-05-31,6.781074506134609,6.790642150827469,6.67343867442292,6.773898601531982,112500.0
2001-06-01,6.745197175383438,6.838481903076172,6.711710753638299,6.838481903076172,104100.0
2001-06-04,6.874360502173053,6.962861061096191,6.860009374608353,6.962861061096191,18600.0
2001-06-05,6.917413891445479,7.056144396026172,6.917413891445479,7.039401531219482,46800.0
2001-06-06,7.037011535249985,7.106376120400175,7.022659722622152,7.056146144866943,29400.0
2001-06-07,7.103986490774743,7.103986490774743,7.0489723332400835,7.082459449768066,30300.0
2001-06-08,7.077670623663511,7.175739482987877,7.077670623663511,7.147036552429199,33300.0
2001-06-11,7.175739803748141,7.1876998719310965,7.1422527077668665,7.1637797355651855,124500.0
2001-06-12,7.175742818856222,7.175742818856222,7.127904579019324,7.139863967895508,77700.0
2001-06-13,7.139861786308268,7.194875916394154,7.139861786308268,7.166172981262207,10800.0
2001-06-14,7.166175586151792,7.235540866851807,7.166175586151792,7.235540866851807,84900.0
2001-06-15,7.228364396429175,7.324041558528019,7.221188489513636,7.288162708282471,39000.0
2001-06-18,7.2833765936182395,7.2833765936182395,7.2451066970825195,7.2451066970825195,30000.0
2001-06-19,7.242716774326208,7.259460330322413,7.199662013811998,7.235540866851807,222600.0
2001-06-20,7.247497288051781,7.2953355065505745,7.235537220178189,7.273808479309082,118200.0
2001-06-21,7.285771392369615,7.3623132705688485,7.285771392369615,7.362313270568848,20400.0
2001-06-22,7.35991716674275,7.3838748654010296,7.34314705186024,7.3575215339660645,27600.0
2001-06-25,7.319186206158842,7.434184766111852,7.319186206158842,7.426997184753418,27300.0
2001-06-26,7.415014989022962,7.719282046112094,7.415014989022962,7.683344841003418,75000.0
2001-06-27,7.68334708962996,7.927719333353307,7.68334708962996,7.915740489959717,33900.0
2001-06-28,8.03792973687201,8.205636351366097,7.896577136446247,7.90855598449707,103500.0
2001-06-29,7.8822002276020955,7.891782754734147,7.786367416381836,7.786367416381836,78300.0
2001-07-02,7.846266201059227,8.222407276384153,7.831891033622243,8.176887512207031,65700.0
2001-07-03,8.179282999907578,8.179282999907578,8.09782600402832,8.09782600402832,26400.0
2001-07-05,8.217613303999572,8.337403813214683,8.193654927978356,8.258341789245605,97500.0
2001-07-06,8.205640800665122,8.26553575884139,8.073870658874512,8.073870658874512,15300.0
2001-07-09,8.025951539009496,8.20563701611086,8.013972004542559,8.09782600402832,19500.0
2001-07-10,8.13376272474246,8.217616040572736,7.954077243804932,7.954077243804932,59400.0
2001-07-11,7.956471335971072,8.145739996771509,7.9325136420560085,8.121782302856445,46200.0
2001-07-12,8.121782623932933,8.30146807718169,8.121782623932933,8.270322799682617,146400.0
2001-07-13,8.270321232416965,8.337403724942455,8.258341701810448,8.325424194335938,75000.0
2001-07-16,8.277508460756334,8.337403369453217,8.052301931569156,8.06667709350586,73800.0
2001-07-17,8.006782661866717,8.033136670023923,7.77438922331024,7.858242511749268,116700.0
2001-07-18,7.834280966580553,8.073861204177062,7.750427712060472,7.836676597595215,63300.0
2001-07-19,7.894178176385379,7.927719762236455,7.8462628002188355,7.901365756988525,66600.0
2001-07-20,7.927723095104324,8.24157428741455,7.927723095104324,8.24157428741455,39600.0
2001-07-23,8.181678322454342,8.181678322454342,7.949285507202148,7.949285507202148,28200.0
2001-07-24,7.9492885687651755,7.951683516866175,7.642624855041504,7.642624855041504,40500.0
2001-07-25,7.702518019860034,7.762412951986908,7.690538485078086,7.7240800857543945,24300.0
2001-07-26,7.721678505841675,7.865426656261058,7.714490926959393,7.815114974975586,31500.0
2001-07-27,7.8462622841737595,8.033135254892548,7.8462622841737595,7.877407550811768,36900.0
2001-07-30,7.9013671817208415,8.04751171007337,7.9013671817208415,8.001991271972656,47700.0
2001-07-31,8.001987683774132,8.001987683774132,7.906155586242676,7.906155586242676,81300.0
2001-08-01,7.906159131468803,8.001991271972656,7.9013671817208415,8.001991271972656,36600.0
2001-08-02,8.045117381095423,8.045117381095423,8.025951633702736,8.04272174835205,16200.0
2001-08-03,8.04272627796377,8.119392737941105,7.961269235247369,8.025956153869629,59400.0
2001-08-06,8.013973433966754,8.013973433966754,7.978036880493164,7.978036880493164,25200.0
2001-08-07,7.966056164995821,7.966056164995821,7.786370682436172,7.8702239990234375,19500.0
2001-08-08,7.841468749047635,7.915738795995821,7.834281170371469,7.906155586242676,33000.0
2001-08-09,7.9061585786507855,7.918138109460281,7.858242511749268,7.858242511749268,97500.0
2001-08-10,7.798344858611478,7.896572589874268,7.7935529108828,7.896572589874268,17400.0
2001-08-13,7.860640792987947,7.860640792987947,7.546789619567282,7.64980936050415,44100.0
2001-08-14,7.6617880662890165,8.145740796616645,7.654600483230504,8.047513008117676,67200.0
2001-08-15,8.045117832672561,8.045117832672561,7.745642474124369,7.776787757873535,91500.0
2001-08-16,7.719287875129171,7.78637038877988,7.666580528555032,7.716892242431641,80700.0
2001-08-17,7.666580414361908,7.668976047023756,7.633038815313307,7.661788463592529,72900.0
2001-08-20,7.613871194654773,7.642620838446375,7.49887261948836,7.546788692474365,44100.0
2001-08-21,7.49887303472364,7.630642414093018,7.49887303472364,7.630642414093018,32700.0
2001-08-22,7.582725918575263,7.585121550863169,7.438977699617247,7.546788692474365,33900.0
2001-08-23,7.546787962622281,7.60189161258849,7.52762153528147,7.530017852783203,58500.0
2001-08-24,7.541994425400252,7.666576862335205,7.534806845299126,7.666576862335205,100500.0
2001-08-27,7.6665832468486705,7.683353367123157,7.618667148680275,7.642624855041504,28800.0
2001-08-28,7.606686878744554,7.7264774553718105,7.522834229095933,7.635436534881592,100200.0
2001-08-29,7.635436534881592,7.66179055770201,7.606686878744554,7.635436534881592,11100.0
2001-08-30,7.6186610916421795,7.621056723284525,7.575536294853015,7.597098350524902,13200.0
2001-08-31,7.656994819641113,7.695328360982443,7.64501665898059,7.656994819641113,118800.0
2001-09-04,7.6617867693508535,7.690536411272703,7.573142211453202,7.656994819641113,272400.0
2001-09-05,7.656998554596562,7.666582458690911,7.546791882861941,7.587521076202393,126900.0
2001-09-06,7.60668461996174,7.659392649951081,7.5108524612953635,7.558769226074219,81000.0
2001-09-07,7.551578320855105,7.702514075719058,7.546786372306943,7.668972492218018,128400.0
2001-09-10,7.6689755159408435,7.755224454805702,7.60668427292674,7.738454341888428,57600.0
2001-09-17,7.714494605202596,7.738453669863962,7.474914240272569,7.546788692474365,33900.0
2001-09-18,7.565955055822716,7.565955055822716,7.3790827155264225,7.403040409088135,56400.0
2001-09-19,7.371896403857005,7.43897891701555,7.211376676277661,7.331167221069336,82500.0
2001-09-20,7.37908552118918,7.37908552118918,6.978985306305722,6.981380939483643,36300.0
2001-09-21,6.981379433313843,6.981379433313843,6.678988933563232,6.678988933563232,140700.0
2001-09-24,6.717387012169663,6.899781056552801,6.717387012169663,6.887781620025635,101100.0
2001-09-25,6.875780752122314,6.93577860889174,6.83978176341122,6.858981132507324,47100.0
2001-09-26,6.8445828617841045,6.938179970265533,6.83978267555813,6.909380912780762,69000.0
2001-09-27,6.887784050310468,7.127776298651325,6.887784050310468,7.084578037261963,30000.0
2001-09-28,7.031776130139612,7.223769134180636,7.031776130139612,7.091773986816406,129000.0
2001-10-01,7.031778214873553,7.060577277011396,6.959780216217041,6.959780216217041,88500.0
2001-10-02,6.935783516919475,7.019780987810677,6.911784631878609,6.9405837059021,44700.0
2001-10-03,6.880583656371463,6.947780788135227,6.880583656371463,6.92138147354126,45600.0
2001-10-04,6.916579239795635,6.926178924343688,6.858981132507324,6.858981132507324,25200.0
2001-10-05,6.851784358131036,7.026978492736816,6.8157853564212925,7.026978492736816,17100.0
2001-10-08,7.026980655210042,7.026980655210042,6.839786338011531,6.8757853507995605,18000.0
2001-10-09,6.866183796586371,6.875783484949885,6.803785478911592,6.863783359527588,6000.0
2001-10-10,6.88778334342025,6.9237823486328125,6.791786453936026,6.9237823486328125,16200.0
2001-10-11,6.887781269896631,7.055776119232178,6.830183153545651,7.055776119232178,39300.0
2001-10-12,7.007774907591446,7.007774907591446,6.731784530874932,6.791782379150391,46200.0
2001-10-15,6.743785425327381,6.892580203705579,6.743785425327381,6.885380268096924,94500.0
2001-10-16,6.837383248812802,7.173372268676758,6.837383248812802,7.173372268676758,42600.0
2001-10-17,7.118175780821778,7.118175780821778,6.839784145355225,6.839784145355225,33000.0
2001-10-18,6.779788441114186,6.983781702539593,6.779788441114186,6.8757853507995605,30600.0
2001-10-19,6.98377989876602,7.067777344701843,6.978979711209516,7.012578964233398,24900.0
2001-10-22,7.072572682031711,7.113371849060058,6.959776923654924,7.113371849060059,154800.0
2001-10-23,7.11337294504813,7.223768971380523,7.103773260731244,7.175771236419678,48900.0
2001-10-24,7.211768183374079,7.2189674296067095,7.163769088749541,7.19976806640625,19500.0
2001-10-25,7.170974824486403,7.398967618643547,7.1613751351179324,7.3749680519104,68100.0
2001-10-26,7.374965909279746,7.7877531188218425,7.374965909279746,7.6437578201293945,84600.0
2001-10-29,7.737352905090478,7.898147784748694,7.737352905090478,7.850148677825928,74700.0
2001-10-30,7.95574650548811,7.95574650548811,7.799751112462113,7.826150417327881,55500.0
2001-10-31,7.919747483865223,7.919747483865223,7.766152527627542,7.895748615264893,91200.0
2001-11-01,7.931747818772208,7.9845457430914895,7.910148012500852,7.943746566772461,110400.0
2001-11-02,7.979745998106543,7.979745998106543,7.948547191711414,7.955747127532959,43200.0
2001-11-05,7.9965478414340385,7.9965478414340385,7.948549400326166,7.962949275970459,80700.0
2001-11-06,7.914947505852409,7.917347942074319,7.842950211538656,7.857349395751953,28500.0
2001-11-07,7.799752062616443,7.871750050725841,7.797352312779117,7.835751056671143,25500.0
2001-11-08,7.859755516052246,7.919753419140724,7.823756499549508,7.859755516052246,27600.0
2001-11-09,7.907753289223725,7.919753419140724,7.859755516052246,7.859755516052246,35700.0
2001-11-12,7.751757919830315,7.847754137523991,7.751757919830315,7.842954635620117,21900.0
2001-11-13,7.900550389635125,7.900550389635125,7.775754451751709,7.775754451751709,57600.0
2001-11-14,7.76375289859937,7.847750320680247,7.76375289859937,7.823751449584961,39600.0
2001-11-15,7.823753028859166,7.835752466828971,7.655758150786579,7.751755714416504,57900.0
2001-11-16,7.73495240193637,7.73495240193637,7.559758341021587,7.679754734039307,46500.0
2001-11-19,7.715755503537526,7.715755503537526,7.662956886154608,7.665356636047363,25800.0
2001-11-20,7.674956193851673,7.679756380180601,7.523760967157887,7.526160717010498,34500.0
2001-11-21,7.5117624737212,7.614959283191643,7.5117624737212,7.583759784698486,9300.0
2001-11-23,7.607760359211826,7.715757369995117,7.607760359211826,7.715757369995117,8700.0
2001-11-26,7.739756675375791,7.763755554681407,7.480565071105957,7.480565071105957,29700.0
2001-11-27,7.48776480736353,7.6005620192437515,7.48776480736353,7.554962635040283,12000.0
2001-11-28,7.540559450754493,7.540559450754493,7.4229634862489915,7.427762985229492,25200.0
2001-11-29,7.4277677034657215,7.5237646102905265,7.379769250053319,7.523764610290527,31800.0
2001-11-30,7.499758424358579,7.511757854371789,7.139770030975342,7.139770030975342,117900.0
2001-12-03,7.1397727341512915,7.41336409910127,7.122973113798304,7.329366683959961,50400.0
2001-12-04,7.312569780561568,7.370167911780473,7.211773394240428,7.34376859664917,60300.0
2001-12-05,7.396569491886919,7.571765079181303,7.338971337683486,7.490166664123535,49800.0
2001-12-06,7.535759621037435,7.595757475402069,7.432562158002664,7.538159370422363,88800.0
2001-12-07,7.5597596161188,7.619757479435661,7.454163074566709,7.4637627601623535,70200.0
2001-12-10,7.463761025734905,7.502159759194393,7.307765656088098,7.3101654052734375,28800.0
2001-12-11,7.317369349271196,7.348568852271567,7.115775888138427,7.122975826263428,120000.0
2001-12-12,7.163772995753111,7.377366542816162,7.158972809023359,7.377366542816162,15300.0
2001-12-13,7.377364944982502,7.463762107791755,7.377364944982502,7.422963619232178,22500.0
2001-12-14,7.41815692308842,7.478251936684897,7.413348964378255,7.451809883117676,116400.0
2001-12-17,7.425368414722644,7.495078657041101,7.4037343201644115,7.475848197937012,46200.0
2001-12-18,7.495077647162176,7.725843125318145,7.447001505879682,7.692190170288086,88500.0
2001-12-19,7.675365363329919,7.680172634852165,7.427772998809814,7.4277729988098145,222600.0
2001-12-20,7.439789234290964,7.571998782694976,7.439789234290964,7.5287299156188965,77400.0
2001-12-21,7.550362641792559,7.550362641792559,7.430171988331875,7.48305606842041,95400.0
2001-12-24,7.47104213115866,7.572002410888672,7.47104213115866,7.572002410888672,18000.0
2001-12-26,7.620077409179637,7.656134695567574,7.5984433124410895,7.615270137786865,101100.0
2001-12-27,7.648921500568073,7.723439693450928,7.5840192239301585,7.723439693450928,108300.0
2001-12-28,7.711424523635154,7.752289783821877,7.709020887075871,7.747481822967529,24600.0
2001-12-31,7.71142548348189,7.718637081793155,7.646523161888116,7.704214572906494,45300.0
2002-01-02,7.7402656238352066,7.7402656238352066,7.620075614496659,7.692190170288086,38700.0
2002-01-03,7.704208522346275,7.906128302331325,7.694593294727939,7.877282619476318,138600.0
2002-01-04,7.9085324425771395,7.920550617153624,7.853244713113438,7.889301300048828,101700.0
2002-01-07,7.870076299369999,7.925364067149187,7.802769660949707,7.802769660949707,57600.0
2002-01-08,7.826805485384031,7.872478003904397,7.81719025452372,7.850843906402588,20700.0
2002-01-09,7.872477717314683,7.954206832784277,7.865266122498092,7.908535003662109,67200.0
2002-01-10,7.884496320238031,7.975841350903226,7.884496320238031,7.956610202789307,28800.0
2002-01-11,7.951805149568002,7.951805149568002,7.785942554473877,7.785942554473877,76500.0
2002-01-14,7.733055678764036,7.848438432170681,7.733055678764036,7.793151378631592,61200.0
2002-01-15,7.773919673952568,7.807573318481445,7.737862394167459,7.807573318481445,17700.0
2002-01-16,7.764309655182592,7.797961943841134,7.644118881806625,7.668156623840332,42000.0
2002-01-17,7.644119525029651,7.704214572906494,7.562389682219014,7.704214572906494,26700.0
2002-01-18,7.713827220540457,7.713827220540457,7.670559020658547,7.699404716491699,38100.0
2002-01-22,7.752290202440157,8.293147658424354,7.752290202440157,8.074400901794434,104400.0
2002-01-23,8.100838459712755,8.170549392700195,8.07680072868884,8.170549392700195,45300.0
2002-01-24,8.187377753175058,8.247473467480999,8.187377753175058,8.194588661193848,75600.0
2002-01-25,8.194587586690968,8.194587586690968,8.146512121927035,8.15372371673584,26100.0
2002-01-28,8.156127658014753,8.156127658014753,7.987860774094355,8.016706466674805,103500.0
2002-01-29,8.05276870727539,8.091229654371805,8.02873027147214,8.05276870727539,17700.0
2002-01-30,7.992666163611041,8.1128568649292,7.8965138776506745,8.1128568649292,81300.0
2002-01-31,8.148919893508584,8.410934885679481,8.148919893508584,8.269110679626465,49800.0
2002-02-01,8.269106971648643,8.269106971648643,8.245068550109863,8.245068550109863,23400.0
2002-02-04,8.211412978333277,8.249873202661195,8.064780235290527,8.064780235290527,14100.0
2002-02-05,8.100843807430122,8.144112714666539,8.096037220881998,8.098440170288086,6600.0
2002-02-06,8.05276199573769,8.05276199573769,7.785939225704544,7.807573318481445,16500.0
2002-02-07,7.8316145045814824,7.838826101269882,7.2522968879061676,7.3965253829956055,67800.0
2002-02-08,7.396524599062104,7.572002410888672,7.396524599062104,7.572002410888672,65400.0
2002-02-11,7.57199816270308,7.942184730376539,7.562382936110721,7.93256950378418,53700.0
2002-02-12,7.932570010614307,7.951800465027703,7.699400922785699,7.716227054595947,156300.0
2002-02-13,7.764304726079513,7.77632290173092,7.644114029005593,7.692190170288086,56700.0
2002-02-14,7.70421154168293,7.70421154168293,7.5095025903022785,7.52392578125,337500.0
2002-02-15,7.5239230283923835,7.651324625717357,7.511904165490483,7.605652809143066,265500.0
2002-02-19,7.5720007038327255,7.901322840941511,7.5720007038327255,7.8268046379089355,50400.0
2002-02-20,7.826805120121583,7.896515368671698,7.824401484452569,7.8484392166137695,86100.0
2002-02-21,7.865268954937567,7.865268954937567,7.747481822967529,7.747481822967529,146400.0
2002-02-22,7.735459337094917,7.797957291548866,7.735459337094917,7.75709342956543,45000.0
2002-02-25,7.812381176413293,7.826804364505992,7.7763238939170085,7.805169582366943,116100.0
2002-02-26,7.805174198320722,7.812385796631986,7.644119525029651,7.704214572906494,222900.0
2002-02-27,7.728248434235909,7.805169582366944,7.668152734163614,7.805169582366943,181800.0
2002-02-28,7.812382221221924,7.812382221221924,7.752287200848131,7.812382221221924,68700.0
2002-03-01,7.812379162960449,8.09362506866455,7.793149396685296,8.09362506866455,85500.0
2002-03-04,8.110451865089994,8.124875049424976,7.932569822125158,8.0191068649292,122400.0
2002-03-05,8.043152340837196,8.218630918124964,8.043152340837196,8.172958374023438,49800.0
2002-03-06,8.216225590314796,8.473433278897305,8.189783524145945,8.290743827819824,70800.0
2002-03-07,8.350839855830154,8.350839855830154,8.25228317715502,8.281128883361816,43800.0
2002-03-08,8.473427919526861,8.891690689471911,8.473427919526861,8.641694068908691,101700.0
2002-03-11,8.581597262730677,8.704191568289849,8.576789993514941,8.680153846740723,54000.0
2002-03-12,8.620063255713905,8.913328170776367,8.620063255713905,8.913328170776367,35700.0
2002-03-13,8.913326341078927,8.925345894216374,8.8364045021296,8.877269744873047,34800.0
2002-03-14,8.846024334959566,8.882080947124003,8.812370671656474,8.853235244750977,33900.0
2002-03-15,8.82919081500696,8.91813218601192,8.82919081500696,8.84121036529541,37800.0
2002-03-18,8.793141153137224,9.014292266915797,8.793141153137224,8.966216087341309,28800.0
2002-03-19,8.990250848291907,8.990250848291907,8.58160245724624,8.653717041015625,150000.0
2002-03-20,8.605640296263415,8.737849899032229,8.605640296263415,8.725831031799316,19500.0
2002-03-21,8.725833885275554,8.769102096557617,8.689776584049955,8.769102096557617,38700.0
2002-03-22,8.769100461463127,8.778728890807226,8.745029043763084,8.761878967285156,28800.0
2002-03-25,8.78354184513699,8.872605323791504,8.78354184513699,8.872605323791504,42900.0
2002-03-26,8.843719635923362,8.906304072942676,8.761877654421776,8.870197296142578,57900.0
2002-03-27,8.906308420317925,9.219233512878418,8.906308420317925,9.219233512878418,32100.0
2002-03-28,9.279408915415802,9.604368613319929,9.245709064703533,9.575483322143555,82800.0
2002-04-01,9.575481018263718,9.652508442867763,9.49604597013117,9.604366302490234,128100.0
2002-04-02,9.604367930117354,9.604367930117354,9.53696892216688,9.56826114654541,44700.0
2002-04-03,9.568262192919793,9.568262192919793,9.277002334594727,9.277002334594727,47100.0
2002-04-04,9.315515518188477,9.356436866084497,9.315515518188477,9.315515518188477,26700.0
2002-04-05,9.315514963951934,9.315514963951934,9.289036608342737,9.305887222290039,19800.0
2002-04-08,9.291440541515874,9.50808048248291,9.245705343391364,9.50808048248291,86400.0
2002-04-09,9.452718401774602,9.68861523430472,9.43105461074332,9.628437042236328,52500.0
2002-04-10,9.688611630048399,9.929322242736816,9.688611630048399,9.929322242736816,71100.0
2002-04-11,9.929323018907308,9.982279013498683,9.871552467346191,9.871552467346191,35100.0
2002-04-12,9.86914884862906,9.989503860473633,9.804156784119636,9.989503860473633,52200.0
2002-04-15,9.989504131566283,10.001540184020996,9.796935556445467,10.001540184020996,37800.0
2002-04-16,9.98950347125607,10.049681663513184,9.929325967678459,10.049681663513184,59700.0
2002-04-17,10.049680221164314,10.049680221164314,9.89803232787556,9.900439262390137,18900.0
2002-04-18,9.948584435065897,10.01598344281818,9.912478340279739,10.01357650756836,22200.0
2002-04-19,9.977468497025082,10.049682055075449,9.972654627117473,9.989503860473633,72300.0
2002-04-22,10.145964593893776,10.225398943134838,10.085787098328089,10.090600967407227,150300.0
2002-04-23,10.150782011519121,10.206144964924139,9.989504955700642,10.023204803466797,45300.0
2002-04-24,10.05930477279687,10.225394897870258,10.013569591241284,10.189288139343262,227100.0
2002-04-25,10.208550599861747,10.2302143899594,10.182072251587131,10.222992897033691,79800.0
2002-04-26,10.162815931855317,10.230215622375486,10.162815931855317,10.227807998657227,63600.0
2002-04-29,10.230211555283734,10.280760614398178,10.167626448401673,10.266318321228027,147600.0
2002-04-30,10.312050641573995,10.562390327453613,10.309643708001467,10.562390327453613,206400.0
2002-05-01,10.555176757838785,10.68275328573504,10.514256101685588,10.677939414978027,88200.0
2002-05-02,10.682749673247917,10.803105354309082,10.682749673247917,10.803105354309082,81600.0
2002-05-03,10.80310762218271,10.892170417883497,10.59128218508488,10.651459693908691,134400.0
2002-05-06,10.699601199700274,10.887355897527286,10.699601199700274,10.78625774383545,63600.0
2002-05-07,10.73811777485203,10.89217267004972,10.730896279469713,10.834402084350586,61800.0
2002-05-08,10.795884983629199,10.812734904690766,10.567209647929195,10.56961727142334,57300.0
2002-05-09,10.569620973899838,10.889766142817132,10.509442761696953,10.762188911437988,59100.0
2002-05-10,10.810332014454918,10.836810373361212,10.579248968803334,10.627391815185547,54600.0
2002-05-13,10.591277262520993,10.865687704652862,10.516656111921417,10.593684196472168,86400.0
2002-05-14,10.57924857505564,10.795888620993512,10.57924857505564,10.77903938293457,158100.0
2002-05-15,10.83199378683806,10.83199378683806,10.747744854449815,10.819957733154297,93000.0
2002-05-16,10.822360445503863,10.8536526557849,10.603313596177987,10.617755889892578,67200.0
2002-05-17,10.617758273617948,10.805512954814395,10.610536780799748,10.766999244689941,22500.0
2002-05-20,10.718858036718473,10.718858036718473,10.4709258341184,10.711636543273926,81300.0
2002-05-21,10.742929451973785,10.848841475322695,10.702008114907706,10.711636543273926,28800.0
2002-05-22,10.555172546933301,10.555172546933301,10.362604019883587,10.384267807006836,34800.0
2002-05-23,10.384270878042202,10.644238466441909,10.384270878042202,10.632203102111816,69300.0
2002-05-24,10.615352339642788,10.615352339642788,10.519068055254673,10.56721019744873,30300.0
2002-05-28,10.519067835272754,10.603316754520366,10.350569996777532,10.362606048583984,107400.0
2002-05-29,10.365012534428802,10.365012534428802,10.230214544944298,10.268728256225586,73800.0
2002-05-30,10.218184629333228,10.218184629333228,10.047279760730058,10.073758125305176,106200.0
2002-05-31,10.080972249322281,10.148371235238876,9.712684416911339,10.05449390411377,151500.0
2002-06-03,10.054495208653213,10.05930976689734,9.9341402053833,9.9341402053833,92400.0
2002-06-04,9.919693959445173,9.929322384089778,9.664540362023484,9.763232231140137,185700.0
2002-06-05,9.748796325212943,9.748796325212943,9.496049478346633,9.647697448730469,128400.0
2002-06-06,9.707865949299672,9.734344283843624,9.512890562168701,9.532147407531738,216300.0
2002-06-07,9.496045956356303,9.58029556274414,9.464753737326177,9.58029556274414,71700.0
2002-06-10,9.532156664940183,9.821010314592785,9.532156664940183,9.760832786560059,60900.0
2002-06-11,9.748794555664062,9.864335714283191,9.743979996381784,9.748794555664062,87000.0
2002-06-12,9.739163948210702,9.77286310093338,9.729535520478583,9.736756324768066,31200.0
2002-06-13,9.68861768011498,9.691024615575067,9.508084435694698,9.510491371154785,179400.0
2002-06-14,9.452720198082924,9.452720198082924,9.161460365200012,9.291443824768066,147600.0
2002-06-17,9.32754800871762,9.32754800871762,9.233670671008435,9.284219741821289,47700.0
2002-06-18,9.224041397683944,9.351618572877527,9.216820593890645,9.238484382629395,83100.0
2002-06-19,9.21441365929288,9.351618572877527,9.21441365929288,9.238484382629395,116400.0
2002-06-20,9.238486842445258,9.334771827466193,9.238486842445258,9.267372131347656,142500.0
2002-06-21,9.322810864854599,9.339682705630715,9.168555611073838,9.231222152709961,183900.0
2002-06-24,9.183013988618827,9.19506569394841,8.657581840569678,8.888964653015137,142800.0
2002-06-25,8.888958600504571,8.888958600504571,8.619012169791961,8.688909530639648,102300.0
2002-06-26,8.705780665378157,8.715421609332179,8.565987322832193,8.688909530639648,102000.0
2002-06-27,8.70096505771347,8.73711879157927,8.628658279556987,8.698554992675781,57900.0
2002-06-28,8.676863017206538,8.847990047018001,8.652760987709916,8.773272514343262,260700.0
2002-07-01,8.966088726052398,9.255317817277415,8.966088726052398,9.252907752990723,129000.0
2002-07-02,9.252913064161103,9.252913064161103,8.864864218692723,8.867274284362793,89700.0
2002-07-03,8.862452760583887,8.90342593926339,8.802196301272359,8.847990989685059,116400.0
2002-07-05,8.8504046780574,9.113121210474173,8.8504046780574,9.026351928710938,65400.0
2002-07-08,9.026349123390382,9.043221650819046,8.881734848022461,8.881734848022461,35400.0
2002-07-09,8.761223068477204,8.761223068477204,8.602147024928122,8.640710830688477,65100.0
2002-07-10,8.65276358243769,8.65276358243769,8.315329551696777,8.315329551696777,87300.0
2002-07-11,8.255069920138824,8.259890049405415,8.028507294809,8.134557723999023,75300.0
2002-07-12,8.12250814485488,8.156251816841408,7.9899455908975865,8.014047622680664,67800.0
2002-07-15,7.989944783197782,8.341839790344238,7.965842753851167,8.341839790344238,102900.0
2002-07-16,8.34184321290016,8.37076607372786,8.139383187106258,8.146614074707031,396600.0
2002-07-17,8.204456142625057,8.334608613600468,8.175533294677734,8.175533294677734,210900.0
2002-07-18,8.17794240086687,8.255069986350966,8.134557789244564,8.170711517333984,155100.0
2002-07-19,8.156249430028552,8.158659494586551,8.05501982284277,8.144198417663574,119400.0
2002-07-22,8.093583376203707,8.11768678142885,7.965841672600623,8.023687362670898,86700.0
2002-07-23,8.026096900041383,8.045378795464636,7.88148199479201,7.883892059326172,106200.0
2002-07-24,7.859788780660963,8.24542662759043,7.850147834487727,8.204453468322754,188100.0
2002-07-25,8.204458126333762,8.3755845008831,8.204458126333762,8.308097839355469,170400.0
2002-07-26,8.283994448946718,8.47922420501709,8.267122613932894,8.47922420501709,49200.0
2002-07-29,8.4768162481774,9.062504330550496,8.4768162481774,8.94199275970459,121500.0
2002-07-30,8.966092866474877,9.108297758256473,8.941990833328154,9.021529197692871,200700.0
2002-07-31,9.021530047256144,9.074554938917457,8.941991675401246,8.944401741027832,39300.0
2002-08-01,8.944396907931488,8.987781513643627,8.881730408475045,8.913064002990723,42000.0
2002-08-02,8.888965423875298,8.888965423875298,8.503327369689941,8.503327369689941,60300.0
2002-08-05,8.484044046685604,8.484044046685604,8.387635231018066,8.387635231018066,79800.0
2002-08-06,8.363533033921383,8.749171768628884,8.363533033921383,8.725069046020508,77400.0
2002-08-07,8.727475554546293,8.775680980117038,8.652758730933996,8.720245361328125,40800.0
2002-08-08,8.70096775693892,8.780506134033203,8.667224767218134,8.780506134033203,36300.0
2002-08-09,8.756401466419709,8.941990282258173,8.756401466419709,8.925118446350098,41700.0
2002-08-12,8.925115839426176,8.990192409224075,8.809424466263236,8.915474891662598,42300.0
2002-08-13,8.913066195374393,8.93716822369579,8.604555130004883,8.604555130004883,52800.0
2002-08-14,8.60696738003578,8.881734848022461,8.508148487170107,8.881734848022461,67500.0
2002-08-15,8.905833950114149,9.219165097436601,8.905833950114149,9.204703330993652,43500.0
2002-08-16,9.231223226357114,9.399939585014865,9.204709739560645,9.32522201538086,30900.0
2002-08-19,9.424034780988624,9.701212882995605,9.424034780988624,9.701212882995605,74700.0
2002-08-20,9.701214152831488,9.725316179897813,9.532497205067015,9.568650245666504,165900.0
2002-08-21,9.616855362926053,9.665060105049678,9.544547904953102,9.546957969665527,90600.0
2002-08-22,9.508397434693446,9.650602334663517,9.508397434693446,9.640960693359375,18000.0
2002-08-23,9.612038302250605,9.612038302250605,9.291476814182131,9.30352783203125,29100.0
2002-08-26,9.279420033746579,9.29629186325678,9.166139424574306,9.281830787658691,42300.0
2002-08-27,9.303522939589573,9.375830387810579,9.267369215479071,9.31075382232666,51600.0
2002-08-28,9.339678265379824,9.339678265379824,9.110705559512903,9.134807586669922,72600.0
2002-08-29,9.098655031051644,9.508395751796446,9.098655031051644,9.269782066345215,92100.0
2002-08-30,9.245678340251127,9.257729353175122,8.869681358337402,8.869681358337402,54300.0
2002-09-03,8.833528089517484,8.833528089517484,8.291224204826507,8.515376091003418,117300.0
2002-09-04,8.339424105550624,8.7250625532862,8.262297243493155,8.688909530639648,95400.0
2002-09-05,8.713019045901186,8.713019045901186,8.534661084433958,8.580455780029297,103200.0
2002-09-06,8.616608533501367,8.775684572188144,8.431019706770922,8.469583511352539,55200.0
2002-09-09,8.373172348159063,8.657580695632092,8.373172348159063,8.604555130004883,90000.0
2002-09-10,8.604557815874022,8.628660541294048,8.508148982919819,8.580455780029297,82800.0
2002-09-11,8.544301371666348,8.544301371666348,8.486455662650897,8.500917434692383,49200.0
2002-09-12,8.469585093803033,8.732301578782447,8.469585093803033,8.729890823364258,69300.0
2002-09-13,8.717837581702643,8.717837581702643,8.568402516164067,8.698554992675781,19500.0
2002-09-16,8.6768604969118,8.845576723107923,8.65275847441589,8.659989356994629,71700.0
2002-09-17,8.68409150385099,8.708193526692053,8.652758598327637,8.652758598327637,32400.0
2002-09-18,8.652759545729124,8.652759545729124,8.481631854860941,8.573221206665039,96000.0
2002-09-19,8.56358256935225,8.56358256935225,8.37076355518183,8.486454963684082,75000.0
2002-09-20,8.496109073927075,8.662652490130611,8.474386259832983,8.616792678833008,52200.0
2002-09-23,8.592654131603531,8.597481115452085,8.459902407989489,8.471970558166504,46200.0
2002-09-24,8.44783725323636,8.544383869997112,8.134059712930101,8.158197402954102,71100.0
2002-09-25,8.16061250000335,8.549213226776082,8.16061250000335,8.484044075012207,52500.0
2002-09-26,8.508180768383976,8.640932571090866,8.505767275021753,8.525075912475586,81600.0
2002-09-27,8.522658086835651,8.568517195914977,8.351287038550606,8.387492179870605,51300.0
2002-09-30,8.363358006253101,8.624033847049642,8.274052566767313,8.616792678833008,76800.0
2002-10-01,8.640932061919509,8.805061340332031,8.503352590039071,8.805061340332031,73800.0
2002-10-02,8.802650501269264,9.099531664081212,8.744722503186749,9.002985000610352,66000.0
2002-10-03,8.8822918623278,9.000561217235212,8.77367647217487,8.932978630065918,63600.0
2002-10-04,8.9209125391613,8.9209125391613,8.785747323214425,8.834020614624023,51000.0
2002-10-07,8.82677953363533,8.82677953363533,8.423697373828169,8.438179016113281,105300.0
2002-10-08,8.41404317906985,8.469557640425531,8.213708834105228,8.276464462280273,69000.0
2002-10-09,8.25474184215459,8.25474184215459,7.670634570694842,7.675462245941162,84600.0
2002-10-10,7.615119035949788,7.957859039306641,7.583740880482036,7.957859039306641,119700.0
2002-10-11,7.960273369352867,8.37783787711306,7.960273369352867,8.3754243850708,49200.0
2002-10-14,8.351289734785727,8.351289734785727,8.225779136169859,8.27888011932373,42900.0
2002-10-15,8.324738798040505,8.696443557739258,8.324738798040505,8.696443557739258,53400.0
2002-10-16,8.696444958785271,8.696444958785271,8.5081787109375,8.5081787109375,36000.0
2002-10-17,8.532311974007696,8.800228912356225,8.49610683302965,8.783333778381348,48900.0
2002-10-18,8.737476999253149,8.737476999253149,8.462319490046433,8.520247459411621,49800.0
2002-10-21,8.47197023127991,8.491280237595946,8.346459678837089,8.440592765808105,67200.0
2002-10-22,8.266806736224607,8.266806736224607,7.977167076468751,7.996475696563721,139800.0
2002-10-23,7.97234468659426,7.99406750283224,7.699599975000091,7.769596099853516,111600.0
2002-10-24,7.7647686201709245,7.79614678669117,7.629603364648712,7.6513261795043945,223200.0
2002-10-25,7.615120576280892,7.677875518798827,7.542710283546333,7.677875518798828,365700.0
2002-10-28,7.784077073030219,8.155781829480686,7.711666777523915,7.796145915985107,276000.0
2002-10-29,7.772010122992032,8.078546516812393,7.772010122992032,8.006136894226074,65100.0
2002-10-30,8.006132235862822,8.134055574796026,7.834761215101244,7.863725185394287,39900.0
2002-10-31,7.892692838639985,8.242674827575684,7.868556530744197,8.242674827575684,86400.0
2002-11-01,8.327151238843447,8.590240521109571,8.242672800868046,8.411629676818848,195900.0
2002-11-04,8.447834968566895,8.447834968566895,8.327151384976213,8.447834968566895,57900.0
2002-11-05,8.447841376086107,8.628866543498265,8.447841376086107,8.568524360656738,64500.0
2002-11-06,8.59265529064979,8.87988158505101,8.59265529064979,8.785748481750488,43200.0
2002-11-07,8.773683982233866,8.776097475488378,8.471975227627631,8.484044075012207,71400.0
2002-11-08,8.484042578361942,8.71334027987887,8.459905578406751,8.503351211547852,55800.0
2002-11-11,8.500931986240033,8.544378280639648,8.484036857275859,8.544378280639648,81900.0
2002-11-12,8.628860491551897,8.737475239598558,8.556450199150307,8.607137680053711,65700.0
2002-11-13,8.607138950340888,8.68920322391473,8.607138950340888,8.638516426086426,11400.0
2002-11-14,8.677136711470741,8.870230674743652,8.66265506129498,8.870230674743652,29700.0
2002-11-15,8.879880838718547,9.058492370752688,8.834021037047604,8.850916862487793,38700.0
2002-11-18,8.870224047799805,9.03918018992196,8.710921871545004,8.764022827148438,46500.0
2002-11-19,8.739890871833051,8.84126516790571,8.578175801577455,8.580589294433594,51300.0
2002-11-20,8.580588921528062,8.580588921528062,8.303017229014229,8.520247459411621,59700.0
2002-11-21,8.55403753326786,8.667480667073905,8.55403753326786,8.64093017578125,54600.0
2002-11-22,8.643343285560903,8.749543856430131,8.643343285560903,8.677133560180664,36000.0
2002-11-25,8.701271888635498,8.776094992245826,8.701271888635498,8.737476348876953,16500.0
2002-11-26,8.739885807042457,8.739885807042457,8.363354208006168,8.452659606933594,38100.0
2002-11-27,8.435767104333548,8.725407600402832,8.435767104333548,8.725407600402832,45000.0
2002-11-29,8.725406482257243,8.725406482257243,8.665065036480186,8.71092414855957,6600.0
2002-12-02,8.672312887521915,8.701276886685612,8.491287720109758,8.568524360656738,33000.0
2002-12-03,8.54438426863857,8.69161769342898,8.54438426863857,8.619207382202148,35100.0
2002-12-04,8.636102411418566,8.696443866640655,8.435767343725198,8.541969299316406,52200.0
2002-12-05,8.558859918402572,8.558859918402572,8.484036857275859,8.544378280639648,15300.0
2002-12-06,8.483952593490171,8.496038503365698,8.363098335460936,8.4235258102417,34200.0
2002-12-09,8.44769774603423,8.532296364046404,8.44769774603423,8.476702690124512,28800.0
2002-12-10,8.45978263858398,8.641063690185547,8.45978263858398,8.641063690185547,22500.0
2002-12-11,8.616895971386773,8.616895971386773,8.447700071844451,8.525047302246094,51600.0
2002-12-12,8.508125527031755,8.682155903295088,8.508125527031755,8.66765308380127,22800.0
2002-12-13,8.653151680106552,8.72808130685371,8.612061507322323,8.701493263244629,40500.0
2002-12-16,8.720825211395594,8.75949845712956,8.522624481242925,8.638644218444824,53400.0
2002-12-17,8.643479353014593,8.752247691725007,8.643479353014593,8.65556526184082,49500.0
2002-12-18,8.607225060345561,8.607225060345561,8.508124318632957,8.510541915893555,58500.0
2002-12-19,8.534713086464254,8.57338565288798,8.520210268964508,8.532296180725098,27600.0
2002-12-20,8.544382599396462,8.701493263244629,8.544382599396462,8.701493263244629,34200.0
2002-12-23,8.6652399571066,8.720832970192507,8.636234997000837,8.670074462890625,37500.0
2002-12-24,8.67248873769584,8.696659184681232,8.643483786393817,8.64831829071045,31500.0
2002-12-26,8.660399260206022,8.790921833140816,8.660399260206022,8.783670425415039,14100.0
2002-12-27,8.783672013923336,8.783672013923336,8.411442237113803,8.435612678527832,62100.0
2002-12-30,8.447698628980435,8.493623301473159,8.387271828693027,8.469452857971191,27600.0
2002-12-31,8.467037299847583,8.590308517622892,8.348599894929198,8.496042251586914,51000.0
2003-01-02,8.447702468662968,8.58789345590499,8.442868654378485,8.578225135803223,55500.0
2003-01-03,8.546803476764893,8.68699377589258,8.459788593727179,8.645903587341309,54600.0
2003-01-06,8.64589835152712,8.64589835152712,8.423527118428442,8.508124351501465,53400.0
2003-01-07,8.505703998645911,8.505703998645911,8.33892581429542,8.375182151794434,66000.0
2003-01-08,8.351011138050925,8.37759847159713,8.242242133148547,8.297834396362305,53100.0
2003-01-09,8.31475875338284,8.508124351501465,8.31475875338284,8.508124351501465,31200.0
2003-01-10,8.503292479898155,8.512960104267577,8.467036122382815,8.505708694458008,32100.0
2003-01-13,8.496039089611608,8.628977883624865,8.430777799603291,8.566133499145508,83100.0
2003-01-14,8.570971484922257,8.684575080871582,8.512961579458317,8.684575080871582,29400.0
2003-01-15,8.701489443063451,8.701489443063451,8.561299259276456,8.689403533935547,44400.0
2003-01-16,8.725659878254762,8.742580289340278,8.498454883021001,8.689403533935547,54900.0
2003-01-17,8.696657382696197,8.69907498011987,8.454949505262258,8.573386192321777,74100.0
2003-01-21,8.597557313822211,8.725662315800149,8.573386180346358,8.66523551940918,86100.0
2003-01-22,8.660402316706017,8.677322735059393,8.423528907344588,8.50329303741455,88800.0
2003-01-23,8.483950472759352,8.486367377517388,8.138308197203953,8.375182151794434,80700.0
2003-01-24,8.365518717881134,8.377603940248472,8.220493974875517,8.22291088104248,52500.0
2003-01-27,8.220492818934611,8.220492818934611,8.010206798263122,8.073050498962402,60000.0
2003-01-28,8.068219921991485,8.205993290826052,8.01262691648536,8.201159477233887,27900.0
2003-01-29,8.181818951493465,8.290588013211737,8.157648509911025,8.27366828918457,17400.0
2003-01-30,8.26400140245943,8.26400140245943,8.031961803810425,8.048881530761719,29100.0
2003-01-31,8.024708085254073,8.193903923034668,8.024708085254073,8.193903923034668,48300.0
2003-02-03,8.218075609328304,8.227744616157787,7.9860360421997045,8.010207176208496,50100.0
2003-02-04,8.00053922248049,8.04888149686131,7.961865956201874,8.027127265930176,39900.0
2003-02-05,8.027124374766057,8.135893415648262,8.027124374766057,8.109305381774902,28200.0
2003-02-06,8.09722407694297,8.118977619020665,7.891771805885433,7.959450721740723,47400.0
2003-02-07,7.961864823158759,7.966699326521869,7.843428134918213,7.843428134918213,25800.0
2003-02-10,7.84342958367726,7.9135247088962295,7.84342958367726,7.899022579193115,21900.0
2003-02-11,7.879686665985991,7.957033208897666,7.843430301112982,7.920776844024658,37200.0
2003-02-12,7.920773252248356,7.969114819647049,7.920773252248356,7.944944381713867,31800.0
2003-02-13,7.928022442065946,7.928022442065946,7.84584145471536,7.867595672607422,23100.0
2003-02-14,7.848264228189295,7.944948099764813,7.843430414953478,7.915943145751953,42900.0
2003-02-18,7.9280259377700935,8.242246522261535,7.9280259377700935,8.213241577148438,35100.0
2003-02-19,8.23015964113325,8.23015964113325,8.109305381774902,8.109305381774902,34200.0
2003-02-20,8.13348357655692,8.13348357655692,7.990875661738575,8.015046119689941,21000.0
2003-02-21,8.015041803131318,8.266418026416133,8.015041803131318,8.242247581481934,45900.0
2003-02-24,8.242245889677665,8.428360766986136,8.193904318199335,8.30025577545166,64500.0
2003-02-25,8.295423868878938,8.498459224167282,8.264002010466557,8.413861274719238,29700.0
2003-02-26,8.411443797894357,8.5202121875048,8.169735881241953,8.23741340637207,72600.0
2003-02-27,8.23983334758447,8.23983334758447,8.060969769148207,8.0972261428833,134700.0
2003-02-28,8.060964398449146,8.102054559154686,7.964280569061201,8.000536918640137,43500.0
2003-03-03,8.000538805564688,8.104474067687988,7.964282447434702,8.104474067687988,81000.0
2003-03-04,8.085134947206132,8.085134947206132,7.976366588521062,8.029541969299316,26700.0
2003-03-05,8.031959164429379,8.18906908483697,8.000536627122003,8.174566268920898,40200.0
2003-03-06,8.176985551466165,8.247080665423146,8.176985551466165,8.22049331665039,40800.0
2003-03-07,8.208406295010798,8.382436640708995,8.208406295010798,8.34134578704834,49500.0
2003-03-10,8.31717617013113,8.336512800284284,8.157648625601398,8.210824012756348,40800.0
2003-03-11,8.225331213010119,8.225331213010119,8.085140223949729,8.0972261428833,30300.0
2003-03-12,8.080303044203827,8.225327787209443,8.080303044203827,8.22291088104248,20400.0
2003-03-13,8.254331251902602,8.338929176330566,8.20840658532372,8.338929176330566,15600.0
2003-03-14,8.326846884721533,8.387274395031035,8.254334840495908,8.280922889709473,27300.0
2003-03-17,8.25433191176486,8.534713745117188,8.230161469443166,8.534713745117188,16500.0
2003-03-18,8.50812544160542,8.761919247939032,8.45495005090449,8.740165710449219,68700.0
2003-03-19,8.71599373644113,8.766752212182002,8.67732048034668,8.67732048034668,21900.0
2003-03-20,8.653149415635719,8.786088907359202,8.541963457748478,8.776420593261719,39900.0
2003-03-21,8.776423603487297,8.979738235473633,8.718333708634058,8.979738235473633,47100.0
2003-03-24,8.895020616195167,8.943428845491725,8.786102273399397,8.8877592086792,41700.0
2003-03-25,8.919224773622847,8.955531120300293,8.829669718639652,8.955531120300293,45300.0
2003-03-26,8.943430473772436,8.950691882610448,8.660242453950588,8.665082931518555,46200.0
2003-03-27,8.665081638798025,8.696547508239746,8.568265177021862,8.696547508239746,44100.0
2003-03-28,8.694125419562306,8.708647540651889,8.643296264534108,8.70622730255127,18300.0
2003-03-31,8.677186986390854,8.713493347167969,8.551325535851598,8.713493347167969,52800.0
2003-04-01,8.6650797779089,8.834508895874023,8.616671557416838,8.834508895874023,40200.0
2003-04-02,8.810307188693967,9.069291422265529,8.761898953095827,9.016042709350586,40200.0
2003-04-03,8.955533627481532,9.275028044219232,8.95311338835506,9.161269187927246,53400.0
2003-04-04,9.161265972317656,9.214514676840535,9.040245056152344,9.040245056152344,34800.0
2003-04-07,9.064452499248372,9.272609002644705,8.99668164509879,9.221779823303223,40500.0
2003-04-08,9.219359298384957,9.221779537568265,9.100758576082512,9.137064933776855,40200.0
2003-04-09,9.144323983900003,9.21693598806324,9.141903745341295,9.149165153503418,24600.0
2003-04-10,9.151586825914752,9.173370361328125,9.149166586976845,9.173370361328125,13800.0
2003-04-11,9.195154755766184,9.195154755766184,8.979738235473633,8.979738235473633,36300.0
2003-04-14,8.955532233829201,9.185471534729004,8.955532233829201,9.185471534729004,28500.0
2003-04-15,9.161265434474238,9.272604698509209,9.1176983781029,9.245979309082031,22800.0
2003-04-16,9.270184966137986,9.27260520440491,9.20967416206351,9.258082389831543,45900.0
2003-04-17,9.258085144402582,9.270187724309922,9.187892673890035,9.23872184753418,29100.0
2003-04-21,9.20967743867589,9.20967743867589,8.931329856857925,8.98699951171875,41100.0
2003-04-22,8.98941907216476,9.27744828123527,8.955532956986533,9.272607803344727,45000.0
2003-04-23,9.282288759125812,9.282288759125812,9.149166614816494,9.272607803344727,39300.0
2003-04-24,9.282287276550349,9.282287276550349,9.088655034619721,9.149165153503418,12600.0
2003-04-25,9.149168540512665,9.204838202887775,9.149168540512665,9.183053970336914,9900.0
2003-04-28,9.158846544024488,9.272606764020775,9.158846544024488,9.226618766784668,18000.0
2003-04-29,9.245984761273288,9.27261016640099,9.221780980680204,9.260507583618164,11700.0
2003-04-30,9.233881058671823,9.354901313781738,9.221778479171956,9.354901313781738,27300.0
2003-05-01,9.318594878919729,9.415412051643155,9.233880978076629,9.308913230895996,24600.0
2003-05-02,9.328272251375555,9.439610798108731,9.318589916022352,9.434769630432129,48300.0
2003-05-05,9.432358581695386,9.432358581695386,9.318598994058208,9.3670072555542,23700.0
2003-05-06,9.391209890811735,9.41541436305613,9.357324460653096,9.412993431091309,172500.0
2003-05-07,9.427515560448937,9.480765676381107,9.405732020169363,9.412993431091309,90300.0
2003-05-08,9.376682747156247,9.451716368784204,9.37184227043015,9.427511215209961,42600.0
2003-05-09,9.451723284036131,9.461404244571295,9.41541691208348,9.454143524169922,31500.0
2003-05-12,9.454136097944813,9.454136097944813,9.19757214815992,9.26534366607666,55200.0
2003-05-13,9.294390644703538,9.458978652954102,9.27744758837976,9.458978652954102,23700.0
2003-05-14,9.483183967401882,9.485603513897052,9.42751362342943,9.439616203308105,131100.0
2003-05-15,9.44445514678955,9.45171655450732,9.391205746840514,9.44445514678955,24600.0
2003-05-16,9.427512220553519,9.451717376708984,9.41056985771952,9.451717376708984,35700.0
2003-05-19,9.451718613770574,9.451718613770574,9.154007064852658,9.173370361328125,67200.0
2003-05-20,9.197576030545676,9.379107131855879,9.108020253274626,9.122542381286621,25800.0
2003-05-21,9.132224455410237,9.163689642251786,9.095918097715893,9.137064933776855,30000.0
2003-05-22,9.112857668873499,9.187889902239483,9.108016499873742,9.146743774414062,27600.0
2003-05-23,9.13948072052361,9.141900958344484,9.091072501677166,9.132219314575195,28200.0
2003-05-27,9.132224455410237,9.166109881435096,9.122542113704649,9.137064933776855,49200.0
2003-05-28,9.13706143641455,9.18546966398256,9.127379790900948,9.146743774414062,28500.0
2003-05-29,9.149164947472428,9.275025659522967,9.141903539473827,9.158845901489258,38700.0
2003-05-30,9.158846343998489,9.451717376708984,9.124960925844475,9.451717376708984,110100.0
2003-06-02,9.4396136579345,9.524328231811523,9.42267129714784,9.524328231811523,63000.0
2003-06-03,9.548536201977916,9.548536201977916,9.318596839904785,9.318596839904785,39900.0
2003-06-04,9.3428034710494,9.483187775630974,9.321019926497804,9.3670072555542,60300.0
2003-06-05,9.391206477344934,9.681655883789062,9.383945069062328,9.681655883789062,44400.0
2003-06-06,9.633252238707705,9.742170637062385,9.633252238707705,9.70102310180664,99600.0
2003-06-09,9.696177725416668,9.751847362509121,9.645348565035242,9.708279609680176,61800.0
2003-06-10,9.7421696181531,9.778475977969565,9.705863258336636,9.754271507263184,16800.0
2003-06-11,9.739746070435153,9.802677123380713,9.734905593085665,9.76637077331543,26400.0
2003-06-12,9.802678610484481,9.802678610484481,9.751850128173828,9.751850128173828,13200.0
2003-06-13,9.77847236192685,9.802676131196552,9.693757784510975,9.730063438415527,22500.0
2003-06-16,9.70585838814694,10.165736868435177,9.70585838814694,10.117328643798828,60600.0
2003-06-17,10.165739511042629,10.165739511042629,10.08828633149034,10.153636932373047,22200.0
2003-06-18,10.117331646765534,10.117331646765534,9.909175872802734,9.909175872802734,18600.0
2003-06-19,9.875289533445944,9.99388953485715,9.80267683544822,9.945481300354004,58800.0
2003-06-20,9.94548316405797,10.14904548628629,9.94548316405797,10.144198417663574,124500.0
2003-06-23,10.173278983282655,10.173278983282655,9.681336519922564,9.739497184753418,114300.0
2003-06-24,9.76615680055312,9.787966882050743,9.671645522956767,9.67406940460205,24600.0
2003-06-25,9.674067792832664,9.74434440224753,9.625599874621955,9.681337356567383,18600.0
2003-06-26,9.70557055753682,9.70557055753682,9.64983238661542,9.686182975769043,17700.0
2003-06-27,9.681338916310683,9.768580628481415,9.654681764999069,9.717689514160156,105900.0
2003-06-30,9.741924336957947,9.766158303831121,9.693457096541694,9.715267181396484,59400.0
2003-07-01,9.72980298640349,9.72980298640349,9.572284704695837,9.72737979888916,52800.0
2003-07-02,9.766153472401445,9.778270103178746,9.669219039523533,9.74191951751709,41700.0
2003-07-03,9.778269336056898,9.831582923292332,9.778269336056898,9.812196731567383,67500.0
2003-07-07,9.863092561374643,10.04242100018994,9.858246184107783,10.006071090698242,34500.0
2003-07-08,10.056953865211387,10.42045823013866,10.056953865211387,10.396224975585938,106500.0
2003-07-09,10.420460875443425,10.660373761732576,10.367147285895685,10.590096473693848,131400.0
2003-07-10,10.553748043677327,10.587674058696496,10.275060653686523,10.275060653686523,39900.0
2003-07-11,10.27748576055125,10.27748576055125,9.88247699197153,10.081192970275879,161400.0
2003-07-14,10.056956514932684,10.081190469199917,9.81462043890904,9.86308765411377,120000.0
2003-07-15,9.91155705601126,9.957601093946444,9.814622604216073,9.935791015625,77400.0
2003-07-16,9.960022433718109,9.989102763860492,9.51654722571432,9.572284698486328,249600.0
2003-07-17,9.548050035239049,9.555320290567888,9.453538795953282,9.46807861328125,44100.0
2003-07-18,9.441425033205782,9.441425033205782,9.08276685246629,9.184548377990723,119400.0
2003-07-21,9.220897594018151,9.29117489082179,9.148196416177976,9.274211883544922,169200.0
2003-07-22,9.451112980699493,10.081187271856729,9.426879727447801,10.037567138671875,272700.0
2003-07-23,10.081184835197226,10.224162520148916,9.894585640945131,10.12965202331543,299700.0
2003-07-24,10.14177751643677,10.357457212181032,10.14177751643677,10.313837051391602,127200.0
2003-07-25,10.311408996582031,10.393803601758163,10.214474574804036,10.311408996582031,69300.0
2003-07-28,10.347763119709017,10.408347678112541,10.219325824950623,10.359880447387695,30600.0
2003-07-29,10.396234306918156,10.912410996151994,10.372001030614408,10.873637199401855,161400.0
2003-07-30,10.783964931010173,11.074768208611868,10.713687645588857,10.917250633239746,114000.0
2003-07-31,10.905136108398438,10.924522998546795,10.808201657656658,10.905136108398438,72900.0
2003-08-01,10.89786277759993,10.89786277759993,10.42046022234706,10.662796974182129,118200.0
2003-08-04,10.687030603529463,10.788812098291924,10.558591968075676,10.5997896194458,63000.0
2003-08-05,10.638564908475924,10.684608941090536,10.321104442198056,10.468929290771484,90300.0
2003-08-06,10.468929625901117,10.590098027187368,10.468929625901117,10.55374813079834,33300.0
2003-08-07,10.5295130035704,10.614331504630808,10.30414060550203,10.493163108825684,60000.0
2003-08-08,10.514974154368321,10.548901557922363,10.299295180334301,10.548901557922363,25500.0
2003-08-11,10.577980677481573,10.687031745910645,10.46408254053154,10.687031745910645,19500.0
2003-08-12,10.662799981543989,10.905136108398438,10.662799981543989,10.905136108398438,32100.0
2003-08-13,10.905135094072921,10.905135094072921,10.820317284230601,10.893017768859863,43500.0
2003-08-14,10.893018782058304,10.939063512823003,10.863938446835771,10.905136108398438,130800.0
2003-08-15,10.905131677641764,11.062650616094597,10.905131677641764,11.050533294677734,21300.0
2003-08-18,11.074768208611868,11.08688553184255,10.905133310009065,10.917250633239746,65700.0
2003-08-19,10.965718234481972,11.147470474243164,10.953601603385831,11.147470474243164,56700.0
2003-08-20,11.147467666802942,11.147467666802942,10.90513163926253,10.977832794189453,52500.0
2003-08-21,11.01418578661932,11.062653699135053,10.953601935969344,10.956025123596191,26100.0
2003-08-22,11.016605613180952,11.043262748932818,10.735496520996094,10.735496520996094,38400.0
2003-08-25,10.711264238974154,10.764579215555152,10.70157148928818,10.757308959960938,22200.0
2003-08-26,10.733077850379624,10.737924919836981,10.662800543222346,10.701574325561523,17100.0
2003-08-27,10.723382451802607,10.902711509126016,10.723382451802607,10.900287628173828,42600.0
2003-08-28,10.868784505093382,10.905135094072921,10.839704172575713,10.893017768859863,48000.0
2003-08-29,10.893016257535647,10.902710393693031,10.863935929052655,10.868782997131348,14700.0
2003-09-02,10.883326030314008,10.905136108398438,10.837281992879193,10.905136108398438,83400.0
2003-09-03,10.86878110005037,11.062650616094597,10.863934032817705,11.050533294677734,58200.0
2003-09-04,10.989954246473525,11.074771373347485,10.980260801116795,11.023880958557129,48900.0
2003-09-05,11.026300038503205,11.050533294677734,10.977832832824548,11.050533294677734,58500.0
2003-09-08,11.074767469126341,11.329220840034713,11.074767469126341,11.159585952758789,51900.0
2003-09-09,11.147468398794128,11.317103975876224,11.038417352572576,11.280754089355469,354900.0
2003-09-10,11.244402873037192,11.244402873037192,10.868781160283948,10.980256080627441,69600.0
2003-09-11,10.905135055988355,10.905135055988355,10.810623802303544,10.902711868286133,52800.0
2003-09-12,10.902714296021491,11.193517684936523,10.897867226207921,11.193517684936523,26100.0
2003-09-15,11.22017055160358,11.32922160747735,11.147469385467929,11.171703338623047,40200.0
2003-09-16,11.208057870043108,11.450394020315464,11.208057870043108,11.34134292602539,78900.0
2003-09-17,11.365575862462078,11.510977548379113,11.341342594807536,11.506131172180176,239700.0
2003-09-18,11.530361549611126,11.559441879505199,11.438273491615018,11.450390815734863,43800.0
2003-09-19,11.43826205528577,11.64446576639814,11.377613333376283,11.620206832885742,55500.0
2003-09-22,11.666302813621899,11.734228123563536,11.46980206719887,11.66872787475586,67500.0
2003-09-23,11.705110162995437,11.705110162995437,11.353351550947588,11.450387954711914,65400.0
2003-09-24,11.474653008624673,11.515892924651322,11.268447875976562,11.268447875976562,21600.0
2003-09-25,11.270872724751094,11.270872724751094,10.950650215148926,10.950650215148926,22800.0
2003-09-26,10.948223175321397,11.006445446650664,10.819649166318657,10.887575149536133,39900.0
2003-09-29,10.916687956627737,11.462522354459123,10.890002571333367,11.173836708068848,113400.0
2003-09-30,11.219930749553487,11.219930749553487,10.836633682250977,10.836633682250977,54000.0
2003-10-01,10.88029874920659,11.401874205421983,10.865743526323355,11.324244499206543,86700.0
2003-10-02,11.329096382446778,11.447966700493437,11.261170387268066,11.261170387268066,29700.0
2003-10-03,11.321821833858849,11.477081288656336,11.171413889991527,11.280580520629883,56100.0
2003-10-06,11.280577983343914,11.280577983343914,11.215077742067749,11.256319046020508,47700.0
2003-10-07,11.232059414632747,11.256319046020508,11.171411377259876,11.256319046020508,136500.0
2003-10-08,11.2563171988178,11.2563171988178,11.08165038012106,11.232057571411133,59700.0
2003-10-09,11.23205498118778,11.401870251680645,11.23205498118778,11.304832458496094,280200.0
2003-10-10,11.30483708073082,11.30483708073082,11.219930104832358,11.287856101989746,79800.0
2003-10-13,11.329096521944402,12.01563513496317,11.329096521944402,11.959837913513184,152700.0
2003-10-14,11.962265041883478,12.04232120513916,11.899191246176521,12.04232120513916,62700.0
2003-10-15,12.042318346215637,12.042318346215637,11.996225540871347,12.005929946899414,256200.0
2003-10-16,12.008351754505025,12.12964916229248,11.97923993243505,12.12964916229248,133500.0
2003-10-17,12.129655004157344,12.129655004157344,12.020487006945704,12.117524147033691,156600.0
2003-10-20,12.117517038432693,12.187870138337308,12.0932581146741,12.175739288330078,163500.0
2003-10-21,12.178170444235652,12.445022873133468,12.081133323557218,12.355263710021973,204300.0
2003-10-22,12.38437812873068,12.38437812873068,12.136933044515022,12.219415664672852,115200.0
2003-10-23,12.178166408603408,12.306740377379102,12.158758990899,12.250943183898926,149700.0
2003-10-24,12.311598263732899,12.355264624237124,12.22668921521198,12.275208473205566,159300.0
2003-10-27,12.311599085514652,12.372246426894042,12.29946822911011,12.360116958618164,216000.0
2003-10-28,12.372241666635032,12.432888984680176,12.263075106025644,12.432888984680176,95100.0
2003-10-29,12.481411245436593,12.842875733782577,12.469281778894478,12.796781539916992,213600.0
2003-10-30,12.857435970363566,13.051508888395217,12.833175640996792,12.92050838470459,85800.0
2003-10-31,12.94233963743486,13.075766563415527,12.86228348184646,13.075766563415527,117300.0
2003-11-03,13.075769877229991,13.087899348460653,12.888972133516589,12.922935485839844,294600.0
2003-11-04,12.922931206321941,12.922931206321941,12.881691295420373,12.893820762634277,170100.0
2003-11-05,12.918080051256997,13.226172413697551,12.918080051256997,13.10972785949707,172500.0
2003-11-06,13.133986717278258,13.405690646763688,13.126708759936703,13.347468376159668,320100.0
2003-11-07,13.37900879840398,13.830231167691192,13.366879329008267,13.70650863647461,249000.0
2003-11-10,13.704079664670557,13.803543228711295,13.400838851928711,13.400838851928711,273900.0
2003-11-11,13.400837500419954,13.410540516937434,13.243151682920717,13.257707595825195,154200.0
2003-11-12,13.260134426614657,13.388709823602824,13.260134426614657,13.3280611038208,76500.0
2003-11-13,13.330487869407188,13.34261594789793,13.29652452999629,13.340190887451172,50700.0
2003-11-14,13.34262070554,13.34262070554,13.070916669626964,13.209195137023926,68400.0
2003-11-17,13.264986622757927,13.264986622757927,13.053930032995575,13.17280101776123,205200.0
2003-11-18,13.22860226205749,13.379010196918374,13.209194831369924,13.262565612792969,134400.0
2003-11-19,13.23345280910271,13.23345280910271,13.075768313828613,13.095175743103027,117600.0
2003-11-20,13.075764275805343,14.034005973823978,13.051503955607705,13.721060752868652,238800.0
2003-11-21,13.779287100535022,14.111639843127424,13.779287100535022,14.058270454406738,122400.0
2003-11-24,14.11891330050794,14.524044119792498,14.11891330050794,14.337247848510742,267000.0
2003-11-25,14.397891961961427,14.422152276185075,14.293576913996754,14.310559272766113,77700.0
2003-11-26,14.28630319004591,14.320266529516267,14.211099941623706,14.22322940826416,30900.0
2003-11-28,14.240214152368885,14.298436434852222,14.215953826904295,14.215953826904297,22500.0
2003-12-01,14.276593932790407,14.485223999338498,14.276593932790407,14.380908966064453,75900.0
2003-12-02,14.422159300957771,14.443991789826777,14.184417267411431,14.20625114440918,155700.0
2003-12-03,14.228083620151804,14.356659044848268,14.097084522672398,14.191695213317871,281100.0
2003-12-04,14.252337332225496,14.548301540844692,14.191690009739448,14.494932174682617,144900.0
2003-12-05,14.51921058900446,14.5434912252715,14.206003301564598,14.213287353515625,48600.0
2003-12-08,14.264276701766642,14.460941969301151,14.264276701766642,14.373536109924316,62100.0
2003-12-09,14.373532046500443,14.383244577736056,14.215714180924612,14.259418487548828,139800.0
2003-12-10,14.300695489519798,14.300695489519798,13.807819520507255,13.851522445678711,136500.0
2003-12-11,13.873379066086745,14.332263401241157,13.834531700261065,14.324980735778809,184800.0
2003-12-12,14.33711116151259,14.429373952392012,14.26427204296091,14.346823692321777,96900.0
2003-12-15,14.407526528546793,14.487648327161818,14.227856475905293,14.281271934509277,50100.0
2003-12-16,14.240002658379176,14.240002658379176,13.778691163192475,14.106465339660645,162900.0
2003-12-17,14.045759097033258,14.361394882202147,13.982632495715851,14.361394882202148,96000.0
2003-12-18,14.361399828218463,14.441523042378433,14.19872630780639,14.307984352111816,60600.0
2003-12-19,14.252144976885663,14.269140182503742,14.021487818973343,14.130745887756348,81300.0
2003-12-22,14.167166230826048,14.191445493039101,13.93650907192686,14.0336275100708,249900.0
2003-12-23,14.07004443581836,14.463373669136988,14.040908216680702,14.397818565368652,233700.0
2003-12-24,14.446367211801771,14.774142506783392,14.446367211801771,14.567766189575195,91500.0
2003-12-26,14.592045429413702,14.59690238881376,14.519206320607736,14.567766189575195,32700.0
2003-12-29,14.628475651802662,14.810572870615903,14.628475651802662,14.69403076171875,237600.0
2003-12-30,14.689173401299271,14.85912956472743,14.657608704667227,14.834850311279297,133200.0
2003-12-31,14.77414398809038,14.810562851499622,14.630894235815761,14.633322715759277,126000.0
2004-01-02,14.664884538219667,14.698876307567843,14.543486949736689,14.567766189575195,184500.0
2004-01-05,14.592050195783013,14.638181600118873,14.543491700244779,14.565343856811523,205200.0
2004-01-06,14.567772744320182,14.640611885899997,14.48279397735891,14.558061599731445,252000.0
2004-01-07,14.567777487524523,14.689176559448242,14.492511229936696,14.689176559448242,186000.0
2004-01-08,14.7134415146649,14.834839079282276,14.570190415624351,14.630889892578125,339600.0
2004-01-09,14.722587066544463,15.585448453142252,14.717193025689829,15.318500518798828,1041000.0
2004-01-12,15.288838730892575,15.288838730892575,14.95178371081852,14.957176208496094,261900.0
2004-01-13,14.957168045321655,14.957168045321655,14.574273146666325,14.6659517288208,225000.0
2004-01-14,14.425972979796114,14.52574265307824,14.237223255199016,14.258794784545898,461100.0
2004-01-15,14.258791305212956,14.789989892895768,14.258791305212956,14.595846176147461,255000.0
2004-01-16,14.663253971331912,15.402079637092918,14.528430823528785,15.396685600280762,596100.0
2004-01-20,15.396693858812922,15.396693858812922,14.763029970168187,14.95447826385498,271200.0
2004-01-21,15.116261325043405,15.326584092174537,14.98952918663885,15.275351524353027,292200.0
2004-01-22,15.20793479901979,15.426347007743765,15.113559210419929,15.202542304992676,167400.0
2004-01-23,15.256477782113489,15.256477782113489,15.032671449776236,15.043457984924316,164400.0
2004-01-26,15.100094838278407,15.450632010259932,15.073129253573375,15.41827392578125,240000.0
2004-01-27,15.477579727072879,15.984511201151532,15.369722130770693,15.957547187805176,442500.0
2004-01-28,15.981813333519234,16.038439918621417,15.60431253797699,15.625884056091309,322200.0
2004-01-29,15.666331554731396,15.70947459503788,15.094685499212058,15.100079536437988,220800.0
2004-01-30,15.10008121011914,15.140527236295664,14.914025478122928,14.962562561035156,1568700.0
2004-02-02,15.003010946785295,15.12704760665143,14.28845357153354,14.372042655944824,1941300.0
2004-02-03,14.53382726766857,14.63089834553193,14.36664758588505,14.43136215209961,1165800.0
2004-02-04,14.439453012273935,14.878973008332657,14.388220449711827,14.595846176147461,1478100.0
2004-02-05,14.528435864394877,15.011100494047989,14.528435864394877,14.951778411865234,2270700.0
2004-02-06,14.978739895591923,15.439831378216606,14.841221247886581,15.197152137756348,1583400.0
2004-02-09,15.19715354178086,15.221422085235785,14.967954745818902,15.094688415527344,1754400.0
2004-02-10,15.127049605818964,15.55578316188044,15.102781057338762,15.544998168945312,1218300.0
2004-02-11,15.585445937660497,15.585445937660497,15.38590965994426,15.499159812927246,484200.0
2004-02-12,15.499150405946295,15.499150405946295,15.286132243393427,15.358936309814453,830400.0
2004-02-13,15.302321104417393,15.383213192069894,15.2079439163208,15.2079439163208,1787400.0
2004-02-17,15.221416343106863,15.221416343106863,14.841217020325102,15.016486167907715,1061400.0
2004-02-18,15.019184737595367,15.0326652008214,14.83043202284697,14.940986633300781,727200.0
2004-02-19,14.943689346313477,15.140530105424599,14.819652682450066,14.943689346313477,1117800.0
2004-02-20,14.997619522025186,14.997619522025186,14.803474231812288,14.965261459350586,814200.0
2004-02-23,14.924818373807465,14.927513850951541,14.579672323035645,14.773816108703613,481800.0
2004-02-24,14.736062076244643,14.827740669250488,14.633596949576097,14.827740669250488,592800.0
2004-02-25,14.830435428399067,15.248385429382324,14.798078914809732,15.248385429382324,790200.0
2004-02-26,15.221424709666755,15.485675542429707,15.100085057305373,15.426353454589844,728400.0
2004-02-27,15.369733536051633,15.73375415802002,15.369733536051633,15.73375415802002,1857600.0
2004-03-01,15.733746105861231,15.995299872802995,15.725656591411077,15.927889823913574,1119600.0
2004-03-02,15.909009446202958,15.91979443287728,15.701382252098504,15.80115032196045,545100.0
2004-03-03,15.803851174620592,15.8820477471904,15.695993567124832,15.725654602050781,870900.0
2004-03-04,15.73643588421607,15.73643588421607,15.58543526929412,15.639363288879395,444300.0
2004-03-05,15.63936479424464,15.798456478917604,15.491061183193633,15.493758201599121,766500.0
2004-03-08,15.518024533551541,15.677114668520689,15.491060522313825,15.628579139709473,421800.0
2004-03-09,15.642071116195085,15.660947170427134,15.504553954057272,15.53151798248291,405900.0
2004-03-10,15.531507972608487,15.531507972608487,15.113558086786732,15.175577163696289,655200.0
2004-03-11,15.154009731048495,15.267259842308581,15.019188096552343,15.046152114868164,305700.0
2004-03-12,15.038065557451086,15.073119096737,14.924815423924686,14.965261459350586,858000.0
2004-03-15,14.951781731891273,14.992227773496563,14.752245457970377,14.830440521240234,282600.0
2004-03-16,14.789990618955615,14.895152768346687,14.749544587908085,14.835830688476562,351300.0
2004-03-17,14.884362904502595,15.194453701914096,14.841219863869982,15.110864639282227,387300.0
2004-03-18,15.110862220420417,15.110862220420417,14.962558620579234,15.00570011138916,411600.0
2004-03-19,15.005704823597199,15.035365861463143,14.914026233867874,15.011098861694336,376200.0
2004-03-22,14.951459081676127,14.97857075270657,14.897238842169571,14.910792350769043,421500.0
2004-03-23,14.965001801292384,15.078867002660894,14.916203315720674,15.016511917114258,417900.0
2004-03-24,15.019227303806417,15.046337407984968,14.84300852409328,14.940607070922852,725100.0
2004-03-25,14.910791157080524,15.005679671174995,14.867415899714,14.983989715576172,417000.0
2004-03-26,14.986699630343898,15.303893864566382,14.89994602299888,15.238828659057617,447300.0
2004-03-29,15.195439249986899,15.526188300839705,15.195439249986899,15.518054962158203,333900.0
2004-03-30,15.518069442106844,16.201255016077607,15.51535936086805,16.13347816467285,800700.0
2004-03-31,16.136189428242083,16.236498111159126,15.954548835754395,15.954548835754395,488100.0
2004-04-01,15.940994653331101,16.212098965116954,15.892196125414007,16.198545455932617,381900.0
2004-04-02,16.198540510093984,16.21209401514008,15.9355665225789,16.076541900634766,379200.0
2004-04-05,16.076536394273774,16.279865272028122,15.976227770819856,16.225645065307617,510300.0
2004-04-06,16.171431605900338,16.372048955757688,16.171431605900338,16.32596206665039,502200.0
2004-04-07,16.29342435434312,16.29342435434312,15.85694630792881,16.2066707611084,516000.0
2004-04-08,16.206675677068084,16.206675677068084,16.022325011163645,16.062990188598633,341100.0
2004-04-12,16.117207024901738,16.409999625291015,16.090095363663952,16.184982299804688,455100.0
2004-04-13,16.23920669497604,16.33680372711691,16.212095029357485,16.285293579101562,649800.0
2004-04-14,16.266310220347997,16.361197133385108,16.15786825563076,16.225645065307617,603600.0
2004-04-15,16.212094228736895,16.49404498856337,16.206672516391674,16.461511611938477,351300.0
2004-04-16,16.46421697637737,16.526570522803482,16.369330065710717,16.42626190185547,259800.0
2004-04-19,16.483203325064096,16.483203325064096,16.24463086988617,16.266319274902344,303300.0
2004-04-20,16.320544682689526,16.534717147995014,16.312411335094993,16.361209869384766,182400.0
2004-04-21,16.388309609200846,16.45337479745036,16.282579260024058,16.431686401367188,221100.0
2004-04-22,16.388313879670218,17.025410874537748,16.388313879670218,17.009145736694336,462000.0
2004-04-23,16.944073141003877,16.944073141003877,16.8085226159708,16.8817195892334,196800.0
2004-04-26,16.91696045208794,17.16095601370838,16.862740250356346,16.941360473632812,495000.0
2004-04-27,16.968477051814997,17.242294449421586,16.968477051814997,17.201627731323242,407700.0
2004-04-28,17.35074194682199,17.64624786376953,17.242301457886494,17.64624786376953,1191000.0
2004-04-29,17.621839180761835,17.79534479345917,17.507973940946762,17.567617416381836,899400.0
2004-04-30,17.51339723011487,17.917344990007383,17.49984217561754,17.811613082885742,713400.0
2004-05-03,17.852283351974524,17.879393466366697,17.648954391479492,17.648954391479492,435600.0
2004-05-04,17.662505270982997,17.73299217224121,17.472731412571054,17.73299217224121,446400.0
2004-05-05,17.73299660007509,17.73299660007509,17.486290832793756,17.575756072998047,231900.0
2004-05-06,17.57574992804796,17.594726691482172,17.407664483072292,17.554059982299805,330000.0
2004-05-07,17.49984008344687,17.56761689910709,17.02540547637804,17.033538818359375,327300.0
2004-05-10,16.537419032688316,16.835636459081133,16.504887209712432,16.645862579345703,689400.0
2004-05-11,16.645867142954636,16.805819323903062,16.58622364132429,16.767864227294922,505500.0
2004-05-12,16.78141563432291,16.78141563432291,16.56453163130209,16.6729736328125,491400.0
2004-05-13,16.645863189174836,16.705506676638468,16.550976245830892,16.618751525878906,270300.0
2004-05-14,16.59163518315422,16.916961059044276,16.59163518315422,16.805809020996094,264900.0
2004-05-17,16.740754234410012,16.740754234410012,16.480493348074273,16.60520362854004,282900.0
2004-05-18,16.469641975275636,16.82750129699707,16.469641975275636,16.82750129699707,283800.0
2004-05-19,16.827506372000556,17.1962092276469,16.7678628751797,16.908838272094727,379500.0
2004-05-20,16.957633187489712,17.147405512339557,16.624173864125844,16.835636138916016,288000.0
2004-05-21,16.889854855873786,17.169093933350144,16.813944691672436,16.82750129699707,225300.0
2004-05-24,16.82750404102881,17.038966331470785,16.79497066498693,16.971189498901367,231300.0
2004-05-25,16.971187909384607,17.472732700359558,16.92781111290926,17.377845764160156,320700.0
2004-05-26,17.4185163623966,17.518825032691645,17.052523591020663,17.399538040161133,362100.0
2004-05-27,17.445622013117504,18.023075403178456,17.445622013117504,17.91734504699707,397800.0
2004-05-28,17.91735540679993,18.131527874415795,17.8522901766192,18.08272933959961,273900.0
2004-06-01,18.082717923716956,18.44599895070081,18.082717923716956,18.38093376159668,575100.0
2004-06-02,18.383651851323602,18.435163560327307,18.069170742606268,18.1911678314209,305700.0
2004-06-03,18.164051560130073,18.164051560130073,17.90921401977539,17.90921401977539,189300.0
2004-06-04,17.89295319117178,17.960728494832285,17.686914096255677,17.792644500732422,286200.0
2004-06-07,18.204724713031474,18.47311895579476,18.096282673090617,18.435165405273438,361500.0
2004-06-08,18.39991850385251,18.462273639992087,18.164056121545666,18.24538803100586,290400.0
2004-06-09,18.20471974659865,18.597822615870783,18.02036910463057,18.055612564086914,374100.0
2004-06-10,18.042044524320385,18.269773377423274,17.920047533873653,18.109821319580078,495900.0
2004-06-14,18.123384203661466,18.231827743470742,17.803479949670834,17.822458267211914,528600.0
2004-06-15,17.82246079381108,18.435159279337437,17.781794072798345,18.199296951293945,378000.0
2004-06-16,18.231834278840623,18.380941484793244,18.101702294677793,18.318586349487305,292800.0
2004-06-17,18.353833354459073,19.370478441083687,18.353833354459073,19.226791381835938,1066800.0
2004-06-18,19.308459007742854,19.371079009204447,19.13965949987222,19.199556350708008,381900.0
2004-06-21,19.199556350708008,19.504483790405576,19.098821587684085,19.199556350708008,464400.0
2004-06-22,19.194109214906007,19.270340286395463,19.112431842843787,19.245838165283203,325500.0
2004-06-23,19.234946496476624,19.311179123353263,19.18049595545009,19.254005432128906,453900.0
2004-06-24,19.31663021542871,19.62972560284721,19.017147467741434,19.22134017944336,374100.0
2004-06-25,19.166891243321466,19.283961824362144,18.973588003891418,19.03076171875,570900.0
2004-06-28,19.098829373656084,19.4255374779489,18.935474542576117,19.112442016601562,330300.0
2004-06-29,19.057991367289254,19.444597934732805,19.057991367289254,19.262184143066406,405900.0
2004-06-30,19.371088102660014,19.602506162761355,19.33025017130115,19.335693359375,356100.0
2004-07-01,19.33568597085474,19.583441289841886,19.232229606038082,19.32207489013672,356700.0
2004-07-02,19.126050327459936,19.583441532614174,19.057984017959633,19.439144134521484,231000.0
2004-07-06,19.44186861719041,19.564383932229997,19.226786417566846,19.25673484802246,366000.0
2004-07-07,19.221345263155495,19.275797394348807,18.99537195654424,19.11516571044922,297300.0
2004-07-08,19.057986676648405,19.057986676648405,18.554312741040782,18.635990142822266,497700.0
2004-07-09,18.635984275934934,18.881014846273228,18.635984275934934,18.7884464263916,219000.0
2004-07-12,18.812955105867044,18.85107143254331,18.595149750383793,18.717666625976562,318600.0
2004-07-13,18.714949272122414,19.052548456632216,18.679556085626064,18.7966251373291,245100.0
2004-07-14,18.73128004251811,19.00081439825325,18.456300941684027,18.861963272094727,457800.0
2004-07-15,18.799340368682692,19.13421626011375,18.701328748582515,19.019868850708008,456900.0
2004-07-16,19.01714972567881,19.112439772978103,18.935472319726998,19.04709815979004,349500.0
2004-07-19,19.01714548350482,19.136939193227235,18.924578608270785,19.0579833984375,300900.0
2004-07-20,18.989927276786606,19.025320461145043,18.867411928509803,18.965423583984375,257400.0
2004-07-21,18.98992648480089,19.017151770423137,18.622378897432093,18.682275772094727,230700.0
2004-07-22,18.614215827951853,18.649607459184246,18.105095419617765,18.173158645629883,671400.0
2004-07-23,18.132319320966328,18.486252742717838,18.121428270918287,18.241220474243164,301800.0
2004-07-26,17.76476562775161,18.404569031864025,17.4135539201052,17.95806884765625,790800.0
2004-07-27,17.985296773344103,18.129592642811318,17.85189039393968,17.963516235351562,478800.0
2004-07-28,17.99075021670991,18.037032908654393,17.683099384619283,17.870956420898438,457800.0
2004-07-29,17.939009471660192,18.023410015584226,17.86277838068368,17.968957901000977,396300.0
2004-07-30,18.02341310429779,18.02341310429779,17.87367093193222,17.963516235351562,340200.0
2004-08-02,17.900897772823118,17.988018366926322,17.778380883481482,17.963516235351562,507000.0
2004-08-03,17.928125671474966,17.928125671474966,17.75115819026675,17.83011245727539,388800.0
2004-08-04,17.764753074143197,17.928107748545937,17.713024145844518,17.914493560791016,639000.0
2004-08-05,17.95806978445372,17.99618455391986,17.86005659386424,17.900896072387695,566400.0
2004-08-06,17.832828792855107,17.860055629689843,17.17941275042258,17.429889678955078,546300.0
2004-08-09,17.492504245228336,17.58779269195646,17.21207897397073,17.255640029907227,271500.0
2004-08-10,17.206641231794947,17.653141457865072,17.206641231794947,17.64225196838379,205500.0
2004-08-11,17.642247382016784,17.642247382016784,16.7437993029672,17.247474670410156,871200.0
2004-08-12,17.206642322015824,17.2583697371297,16.73835997157879,17.095016479492188,425700.0
2004-08-13,17.124965771642607,17.424447018616384,17.124965771642607,17.228422164916992,426600.0
2004-08-16,17.255642437010152,17.680363570571267,17.233861906003597,17.424440383911133,272100.0
2004-08-17,17.49251641374856,18.27933756028058,17.49251641374856,17.903623580932617,558000.0
2004-08-18,17.903622056225814,17.947183138755467,17.56329973582912,17.590526580810547,322500.0
2004-08-19,17.62864443694233,17.64770338754305,17.481626926141256,17.56058120727539,428100.0
2004-08-20,17.615030080035517,17.791996002197266,17.552410050921438,17.791996002197266,430200.0
2004-08-23,17.75114930338691,17.75114930338691,17.359098200731037,17.606853485107422,618900.0
2004-08-24,17.617740230890263,17.81921127291276,17.51972863887168,17.653133392333984,738900.0
2004-08-25,17.65313493657003,17.70758703746177,17.41082752752076,17.587793350219727,336900.0
2004-08-26,17.723924632584385,17.76204095131248,17.39993826019529,17.424440383911133,439800.0
2004-08-27,17.383604939737282,17.560572363482564,17.203915922896442,17.451669692993164,236400.0
2004-08-30,17.410828842510345,17.587794678575033,17.36998937429048,17.495227813720703,204600.0
2004-08-31,17.42444014516563,17.742981769905114,17.421718552493637,17.672195434570312,470700.0
2004-09-01,17.615023756848576,18.009794947551818,17.615023756848576,17.925395965576172,329400.0
2004-09-02,17.979851051674565,18.309283841528288,17.93901312581851,18.194934844970703,322800.0
2004-09-03,18.26299604528051,18.36100767133721,18.113253897323457,18.271163940429688,169800.0
2004-09-07,18.339228695728934,18.82112364542444,18.339228695728934,18.79934310913086,409200.0
2004-09-08,18.84017927336972,18.853790353558107,18.35283810694963,18.38823127746582,495600.0
2004-09-09,18.431793407051,18.74216559685196,18.27932812603548,18.64959716796875,350700.0
2004-09-10,18.608770288624136,18.802073597327393,18.445415423744407,18.783016204833984,558900.0
2004-09-13,18.744899411656856,18.870136372806208,18.6713898800137,18.76940155029297,289500.0
2004-09-14,18.71766547494384,18.842902378245242,18.527083853282225,18.81295394897461,320100.0
2004-09-15,18.84017930399176,19.194112567595507,18.723107189222436,19.01714515686035,724800.0
2004-09-16,19.085217493913525,19.256740229193266,19.044379563444018,19.166894912719727,210900.0
2004-09-17,19.31662789313848,19.31662789313848,18.79117196177751,19.041648864746094,741900.0
2004-09-20,19.041656368935378,19.041656368935378,18.84290834712127,18.889192581176758,170100.0
2004-09-21,18.949088743388717,19.30846687917725,18.949088743388717,19.112442016601562,222300.0
2004-09-22,19.16961178565442,19.23495339303378,18.872852180206518,19.074321746826172,277500.0
2004-09-23,19.11243880093608,19.13966408224638,18.881020794064778,18.98992347717285,246300.0
2004-09-24,18.989926062575844,19.215899355523824,18.989926062575844,19.145112991333008,222000.0
2004-09-27,19.08521673071061,19.22679102150439,18.98720507835633,19.112442016601562,231300.0
2004-09-28,19.11516184489708,19.11516184489708,18.7448927244084,18.97631072998047,325500.0
2004-09-29,18.943638817610452,19.53715959531938,18.919136688140615,19.264902114868164,474900.0
2004-09-30,19.283956696215323,19.488149370905056,19.15055035844387,19.411916732788086,381600.0
2004-10-01,19.493942758472357,19.822032811721556,19.480272600328526,19.644317626953125,349500.0
2004-10-04,19.75367673381181,19.87397661545243,19.359970590268393,19.436525344848633,386400.0
2004-10-05,19.433796247263164,19.433796247263164,18.59990393745046,18.933460235595703,886500.0
2004-10-06,18.86509918783069,19.67165073851227,18.815886323647216,19.663448333740234,748500.0
2004-10-07,19.655253512266754,19.655253512266754,19.031884589125372,19.220535278320312,564600.0
2004-10-08,19.193197455079623,19.340837688222084,18.79128880066378,18.810426712036133,361500.0
2004-10-11,18.865118560939994,19.08657902386259,18.826841154178616,19.018226623535156,178500.0
2004-10-12,18.963520729894444,19.18224624265702,18.963520729894444,19.042808532714844,170100.0
2004-10-13,19.070156143151674,19.111166605852024,18.055814428761483,18.33195686340332,407400.0
2004-10-14,18.386644915687743,18.490538433925195,18.16791768476579,18.260875701904297,255600.0
2004-10-15,18.260871918200028,18.57529175861123,18.222596107835212,18.509674072265625,240900.0
2004-10-18,18.41398878268145,18.41398878268145,18.18432600638681,18.318294525146484,262800.0
2004-10-19,18.386641864796747,18.59169733864616,17.908177006549302,17.94098663330078,238800.0
2004-10-20,17.94099008219753,18.26361083984375,17.711327344135157,18.26361083984375,198900.0
2004-10-21,18.236273490442535,18.78308776001926,18.0886332465444,18.567096710205078,345600.0
2004-10-22,18.53701244442436,18.692855019859053,18.25266760222632,18.43585205078125,467100.0
2004-10-25,18.40031135535495,19.08383015638598,18.31828884891936,19.02641487121582,396900.0
2004-10-26,19.026416028153875,19.193194143896363,18.906116136140046,19.154916763305664,318300.0
2004-10-27,19.176790440437568,19.42012333146793,19.00181147141325,19.310760498046875,249600.0
2004-10-28,19.24240840880966,19.24240840880966,18.578028990956355,19.031885147094727,660000.0
2004-10-29,19.08655351804729,19.20685333155202,18.81041119098823,18.89516830444336,233700.0
2004-11-01,18.76940932813059,19.41738375649407,18.755739172971108,19.376373291015625,414900.0
2004-11-02,19.403717384277776,19.82749693602081,19.32989728641729,19.46660041809082,415500.0
2004-11-03,19.603303119574775,19.89038109779358,19.603303119574775,19.685325622558594,266100.0
2004-11-04,19.64430996201278,19.983333819265535,19.6032979391343,19.95326042175293,315900.0
2004-11-05,19.988805722287836,20.013411374754853,19.726333435198036,20.00520896911621,387000.0
2004-11-08,19.958738713930067,19.958738713930067,19.783759713139098,19.931398391723633,238200.0
2004-11-09,19.999737081518045,20.106365203857422,19.69898904961524,20.106365203857422,628500.0
2004-11-10,20.12551361542095,20.396186808026524,20.040756446644878,20.248546600341797,549000.0
2004-11-11,20.22120520107446,20.36337765089829,20.12551253694191,20.314163208007812,243300.0
2004-11-12,20.2868228353429,20.576633919655286,20.15558745024493,20.50554847717285,703200.0
2004-11-15,20.560232738310305,20.560232738310305,20.005214606324046,20.122779846191406,514500.0
2004-11-16,20.068109565099103,20.141929710281495,19.89039428488592,20.040767669677734,416400.0
2004-11-17,20.05442375031668,20.56022730083541,20.05442375031668,20.434459686279297,218700.0
2004-11-18,20.573904070079113,20.593043545992405,20.06810188293457,20.06810188293457,343800.0
2004-11-19,20.035292018546166,20.095441974532097,19.808363919148874,19.887653350830078,198600.0
2004-11-22,19.87944210416869,20.204795837402344,19.83569542107756,20.204795837402344,253800.0
2004-11-23,20.19112843726536,20.72153768203372,20.14464865570021,20.68326187133789,390300.0
2004-11-24,20.721546479960942,20.833643996033377,20.486417508695162,20.59031105041504,154500.0
2004-11-26,20.6285760302756,20.655916337202136,20.467265716290996,20.595767974853516,85800.0
2004-11-29,20.77896247807617,21.057838166277723,20.64226085663392,21.052371978759766,381300.0
2004-11-30,21.13438375088932,21.517154382089657,21.13438375088932,21.426929473876953,461700.0
2004-12-01,21.42693491013693,22.312774710453205,21.42693491013693,21.853450775146484,430500.0
2004-12-02,21.853443200399063,21.853443200399063,21.489812073211038,21.735877990722656,372000.0
2004-12-03,21.735890038336997,22.094053614965976,21.73315694450689,22.009296417236328,378900.0
2004-12-06,22.077645912365163,22.744758468931977,22.072176596906793,22.3729248046875,577500.0
2004-12-07,22.370182664269638,22.405726945061687,21.845241196220073,21.946401596069336,281700.0
2004-12-08,22.145986557006836,22.200668735371842,21.899920665486274,22.145986557006836,276000.0
2004-12-09,22.173333034583237,22.219812820905915,21.817904251869148,21.92726707458496,294300.0
2004-12-10,21.96828571594532,22.8431901874783,21.845252690192975,22.83772087097168,342900.0
2004-12-13,22.99356529217572,22.99356529217572,22.25810017535549,22.583454132080078,363300.0
2004-12-14,22.583442774428736,22.952543258666992,22.54516696191073,22.952543258666992,168900.0
2004-12-15,22.993554516907913,23.614190283132164,22.979884359904172,23.595050811767578,397500.0
2004-12-16,23.595055196961017,23.595055196961017,22.692812151436833,23.18494415283203,462000.0
2004-12-17,23.294689320374,23.431879353782453,22.86666087494916,23.006593704223633,282600.0
2004-12-20,23.075183296696224,23.31938000817208,22.965432230303104,23.00933265686035,210600.0
2004-12-21,23.009339611388768,23.226099014282227,22.84196938080232,23.226099014282227,309600.0
2004-12-22,23.21238204373999,23.32213158143695,23.171224397099945,23.308414459228516,222000.0
2004-12-23,23.363288063860665,23.571815943102578,23.363288063860665,23.54986572265625,83400.0
2004-12-27,23.577305408942095,23.577305408942095,22.959954809829803,23.330364227294922,257400.0
2004-12-28,23.33036526990485,23.887353959287037,23.267258965888104,23.774858474731445,144600.0
2004-12-29,23.733693854010326,23.733693854010326,23.49773019741853,23.61296844482422,101400.0
2004-12-30,23.634918831820787,23.80503340826346,23.530654907226562,23.530654907226562,136200.0
2004-12-31,23.533404312905425,23.75016216624148,23.4126773069941,23.692543029785156,226500.0
2005-01-03,23.67881944573724,23.747414464016867,23.113600953922727,23.184940338134766,418500.0
2005-01-04,23.088907720091402,23.130065361466208,22.669110768092782,22.748680114746094,442200.0
2005-01-05,22.680090842940153,22.680090842940153,21.928294483248038,22.03255844116211,388500.0
2005-01-06,22.1422998329049,22.910557345730368,22.1422998329049,22.545635223388672,198600.0
2005-01-07,22.63892950005106,22.63892950005106,22.205413818359375,22.205413818359375,183600.0
2005-01-10,22.205410747903475,22.869404440329557,22.205410747903475,22.559358596801758,372600.0
2005-01-11,22.559362039647404,22.559362039647404,22.08742993242344,22.153282165527344,497100.0
2005-01-12,22.142293792659515,22.273995044645375,21.84047803102456,22.224607467651367,321000.0
2005-01-13,22.169733341861974,22.98737987254282,22.05723949264291,22.625202178955078,322800.0
2005-01-14,22.69379265637288,22.981889724731445,22.652636605179964,22.981889724731445,170400.0
2005-01-18,22.883122837493666,23.179451557433534,22.71026546419767,22.872148513793945,258000.0
2005-01-19,22.938000175644383,23.212378690258504,22.883123844720174,22.91604995727539,157500.0
2005-01-20,22.86117305745911,22.86117305745911,22.449606080781354,22.479787826538086,206400.0
2005-01-21,22.553875691792527,22.606007668509925,22.265778421513385,22.389249801635742,248400.0
2005-01-24,22.348097163309014,22.63345170091396,22.33437846688642,22.496261596679688,164700.0
2005-01-25,22.553860597616023,22.67733032510242,22.092906215665508,22.224607467651367,162900.0
2005-01-26,21.81304359436035,21.98315812687278,21.730729908305566,21.81304359436035,656700.0
2005-01-27,21.81304714757422,21.86792347055076,21.634701060404513,21.695064544677734,468900.0
2005-01-28,21.74994825829655,21.895369867594393,21.6182469128978,21.889881134033203,496800.0
2005-01-31,21.909082554213388,21.944751462561634,21.76091818876418,21.884387969970703,471000.0
2005-02-01,21.895368634388493,22.029812768991707,21.83774949527229,21.985912322998047,441900.0
2005-02-02,21.996882574417985,22.186203002929688,21.936519084166896,22.186203002929688,425100.0
2005-02-03,22.18621122377626,22.394739151000977,22.112129016472952,22.394739151000977,342900.0
2005-02-04,22.36180990291979,22.702037541692896,22.35906553655734,22.641674041748047,265200.0
2005-02-07,22.710271621944717,22.710271621944717,22.37278674161892,22.389249801635742,193800.0
2005-02-08,22.444121764723388,22.47155914798003,22.263032837224475,22.378271102905273,291900.0
2005-02-09,22.381015044822583,22.444121339116904,21.947497803573174,22.029809951782227,567000.0
2005-02-10,22.02980734340216,22.216384977926015,21.73073582497737,22.043527603149414,417300.0
2005-02-11,21.881647905209427,22.18346542749222,21.53867744444309,22.0627384185791,401100.0
2005-02-14,22.00511385282097,22.25479776875438,21.98590643159325,22.123096466064453,135600.0
2005-02-15,22.123101467782273,22.123101467782273,21.774640711047724,22.084688186645508,397500.0
2005-02-16,22.142303648119224,22.869405222505833,22.142303648119224,22.745935440063477,376500.0
2005-02-17,22.773377922985123,22.880384665698713,22.19718342220938,22.279497146606445,400800.0
2005-02-18,22.34809832373436,22.372792920579794,22.08469557073337,22.16975212097168,155100.0
2005-02-22,22.16975208558782,22.16975208558782,21.437162983722537,21.44539451599121,360000.0
2005-02-23,21.513978819931292,21.648422926453087,21.40148336181811,21.483797073364258,260100.0
2005-02-24,21.53868094830839,22.01335439147321,21.483804598056054,21.999635696411133,389400.0
2005-02-25,22.046266076914133,23.08615919766249,22.046266076914133,23.064208984375,657900.0
2005-02-28,23.097142681767235,23.179456406749335,22.792583940338304,22.91879653930664,551400.0
2005-03-01,22.951726234858775,23.26726092147044,22.814537718507083,23.11086654663086,556500.0
2005-03-02,23.047758889262933,23.116352363097374,22.924289066356963,22.973676681518555,187500.0
2005-03-03,23.04226476991546,23.396211070070766,22.6691110468812,22.754167556762695,360900.0
2005-03-04,22.80082069733032,23.82973857049497,22.80082069733032,23.687061309814453,333300.0
2005-03-07,23.755647131269146,23.755647131269146,23.256277697845814,23.31664276123047,195600.0
2005-03-08,23.31665181762131,23.31665181762131,23.064223421801945,23.141048431396484,173700.0
2005-03-09,23.075177716103685,23.08889639983466,22.595017505508793,22.981889724731445,587700.0
2005-03-10,23.009332595071463,23.034027173694763,22.41667683814012,22.636178970336914,344100.0
2005-03-11,22.595028483301622,22.606002807617188,22.446864115017128,22.606002807617188,296400.0
2005-03-14,22.649900883031982,22.73770174841485,22.36454807053766,22.573074340820312,200400.0
2005-03-15,22.636183531528516,23.157501593042277,22.636183531528516,22.93525505065918,404100.0
2005-03-16,22.97916531356721,23.09714640204026,22.855693921204583,23.08891487121582,261000.0
2005-03-17,23.116348749920363,23.327621012318883,23.017573535036135,23.091655731201172,285900.0
2005-03-18,23.294685477495563,23.294685477495563,22.567585642394434,22.781599044799805,420300.0
2005-03-21,22.850442902227197,22.850442902227197,22.547532610013853,22.668697357177734,265200.0
2005-03-22,22.608121458962774,23.101038813412156,22.608121458962774,22.70450210571289,351600.0
2005-03-23,22.72378147396624,22.80363937756877,22.4731920648874,22.67972183227539,227100.0
2005-03-24,22.773340851883667,22.92204247839585,22.62463922537149,22.718265533447266,441300.0
2005-03-28,22.787107711872192,22.911026784429982,22.67696022639231,22.718265533447266,395100.0
2005-03-29,22.690731387731596,22.908275218800487,22.17027563242082,22.250133514404297,378300.0
2005-03-30,22.263899366668376,22.47042903954769,22.137227560848363,22.211578369140625,298800.0
2005-03-31,22.214339729876095,22.2886905670166,22.043608236282964,22.2886905670166,422400.0
2005-04-01,22.39884364631189,22.759582198652744,22.250141945590247,22.627403259277344,412800.0
2005-04-04,22.58058112532392,22.872477359288418,22.390574165670465,22.751314163208008,319500.0
2005-04-05,22.751311839432603,22.850445210127948,22.2721614368512,22.800878524780273,548400.0
2005-04-06,22.91104026903509,23.015682332665246,22.715526161260758,22.966114044189453,486000.0
2005-04-07,22.933060404192155,23.35162690615596,22.803634251011317,22.946828842163086,224700.0
2005-04-08,23.015679441277364,23.015679441277364,22.6356638225234,22.889007568359375,336600.0
2005-04-11,22.891751868641272,23.090021773117666,22.638409791937633,22.759572982788086,365100.0
2005-04-12,22.690734427830183,23.37916584118977,22.47869605245202,23.241479873657227,385200.0
2005-04-13,23.241479434721036,23.310323205035562,22.869725280998153,22.993642807006836,275700.0
2005-04-14,23.015679222519207,23.015679222519207,22.029844284057617,22.029844284057617,552600.0
2005-04-15,22.029842571281943,22.06839357540432,21.134878158569336,21.134878158569336,446400.0
2005-04-18,21.300098493397257,21.751710514657013,21.203719425977045,21.572717666625977,323100.0
2005-04-19,21.50387234979688,21.927945857310554,21.46256546549586,21.886640548706055,464400.0
2005-04-20,21.864622822056667,22.029847299201144,21.754472120162088,21.87839126586914,747000.0
2005-04-21,21.88113181897743,21.960988112571357,21.757212751230767,21.92794418334961,453900.0
2005-04-22,21.96925551692373,21.96925551692373,21.00545061066859,21.286331176757812,480300.0
2005-04-25,21.327644381986094,21.655337422285807,21.25880059127057,21.57547950744629,351900.0
2005-04-26,21.506629351004882,21.67736082997057,21.2450258599728,21.286331176757812,267600.0
2005-04-27,21.286332605401522,21.51764649173412,20.991683580608434,21.36068344116211,371100.0
2005-04-28,21.223007678369225,21.26431301780049,20.763134002685547,20.763134002685547,291000.0
2005-04-29,20.771381466843437,20.88703760030815,20.512530749715605,20.721813201904297,347100.0
2005-05-02,20.790664635770806,21.220245361328125,20.774141875946302,21.220245361328125,221400.0
2005-05-03,21.22025335879473,21.256051634774696,20.661246238196938,20.763134002685547,305700.0
2005-05-04,21.21749308383525,22.071150707086975,20.82646332599003,21.831575393676758,805800.0
2005-05-05,21.78199854273883,22.095924560640505,21.732431857274126,21.886640548706055,518400.0
2005-05-06,21.889394567870905,22.36303475439353,21.815043752838996,22.208826065063477,499800.0
2005-05-09,22.20882261241713,22.62188193140281,21.96924745107123,22.547531127929688,277500.0
2005-05-10,22.492458850312197,22.492458850312197,22.14824167838244,22.211578369140625,237300.0
2005-05-11,22.101440044435392,22.33550829285838,21.905925955935487,22.266664505004883,256800.0
2005-05-12,22.26115455690273,22.729287841658433,22.093177375044405,22.236371994018555,602100.0
2005-05-13,22.071143030714694,22.22535174031712,21.864613311963645,22.128971099853516,557100.0
2005-05-16,22.128974770928014,22.470437758114272,22.040855493679555,22.2886905670166,208800.0
2005-05-17,22.29143870893504,22.74305066755186,22.087663330683117,22.638408660888672,162000.0
2005-05-18,22.84218611293616,23.682074984334164,22.630149338518702,23.615983963012695,477300.0
2005-05-19,23.6407703028916,23.847300036710863,23.516852777739405,23.72613525390625,332700.0
2005-05-20,23.728887603101395,23.75642447847334,23.505835130916612,23.704103469848633,643500.0
2005-05-23,23.86107095952802,24.49718298407922,23.78672012155726,24.290653228759766,396600.0
2005-05-24,24.29064865686278,24.488916995568477,24.136439948980566,24.301664352416992,436800.0
2005-05-25,24.4668836775733,24.673413364454508,24.320936368325828,24.568771362304688,568800.0
2005-05-26,24.756028153746627,25.158071875746657,24.70095282947034,25.086475372314453,715800.0
2005-05-27,25.293004810688824,25.293004810688824,24.811101637281613,24.951541900634766,346500.0
2005-05-31,24.783575541807647,24.786328284986432,24.007023066969097,24.141956329345703,885300.0
2005-06-01,24.14470097965191,24.750520106918128,24.14470097965191,24.577035903930664,418500.0
2005-06-02,24.563268173661847,24.563268173661847,24.312678822778544,24.38702964782715,483900.0
2005-06-03,24.414556661743404,24.486153140019464,24.21353408352639,24.252086639404297,263700.0
2005-06-06,24.26036087312018,24.315434631540946,24.152966098781548,24.23282241821289,582900.0
2005-06-07,24.23282422472086,24.670667885012076,24.23282422472086,24.282392501831055,473400.0
2005-06-08,24.2713763794322,24.632116450738167,24.26862363677224,24.378772735595703,260400.0
2005-06-09,24.44762189537796,24.907495498657227,24.315442939171483,24.907495498657227,470400.0
2005-06-10,24.90748367189315,24.91023798972617,24.70095395392439,24.728490829467773,409500.0
2005-06-13,24.731243793800257,25.064445327008375,24.731243793800257,25.045169830322266,436800.0
2005-06-14,25.017636997190493,25.565629737442034,24.924010659029346,25.524324417114258,518100.0
2005-06-15,25.637229434347976,25.871297672312007,25.55461720775462,25.805208206176758,429000.0
2005-06-16,25.857518201263918,26.201735423607204,25.774907580570254,26.077817916870117,285000.0
2005-06-17,26.132905795490856,26.160444259643555,25.90434615477786,26.160444259643555,516000.0
2005-06-20,26.09159431706568,26.13290121821094,25.692304777309268,25.805208206176758,417600.0
2005-06-21,25.80519806074911,26.00133998810246,25.752709019737452,25.75547218322754,333600.0
2005-06-22,25.81072664690805,26.06488398006495,25.58695779363452,25.802438735961914,429600.0
2005-06-23,25.88531557537042,25.88531557537042,25.109032519337507,25.11455726623535,373200.0
2005-06-24,25.13942621687314,25.205729520609065,24.69465314653492,24.7443790435791,475500.0
2005-06-27,24.785819710731896,25.43502430802698,24.459834248977614,25.274795532226562,344100.0
2005-06-28,25.393574614964724,25.97924041748047,25.36318613843843,25.97924041748047,322200.0
2005-06-29,26.106324941203685,26.227878874645743,25.644974523876407,25.830068588256836,264300.0
2005-06-30,25.885313030678294,26.18919621078891,25.575905104212946,25.57866668701172,362700.0
2005-07-01,25.578672809478256,25.951620940941332,25.512371095080102,25.830068588256836,203400.0
2005-07-05,25.830067886603203,26.56767463684082,25.77481566906018,26.56767463684082,352200.0
2005-07-06,26.52071268139791,26.570440155821046,26.230642070293587,26.274843215942383,231600.0
2005-07-07,26.133952622185497,26.589776752272897,25.926759548371642,26.506900787353516,363600.0
2005-07-08,26.437830536049816,27.070460706188356,26.424017878033663,27.0345458984375,275100.0
2005-07-11,27.04007718613398,27.319096723057754,27.03731402172096,27.07322883605957,242700.0
2005-07-12,27.051129342314834,27.05389250699957,26.587018843780196,26.656082153320312,488100.0
2005-07-13,26.683704301634517,26.805258241172087,26.43783483896111,26.51242446899414,303600.0
2005-07-14,26.515182504962596,26.65607382546833,26.111845947923687,26.241687774658203,391500.0
2005-07-15,26.241690780917374,26.36600629425058,26.133949510139747,26.249977111816406,358200.0
2005-07-18,25.97371556250599,26.6146335689614,25.86597431331623,26.38810157775879,333900.0
2005-07-19,26.415725478113316,26.785910340765394,26.415725478113316,26.686458587646484,162900.0
2005-07-20,26.733428783856763,27.377106900078644,26.62845068068705,27.3494815826416,162600.0
2005-07-21,27.280419395396116,27.357769022750745,26.78315417681818,27.070463180541992,326100.0
2005-07-22,27.100853611210884,27.46551226850023,27.100853611210884,27.355010986328125,495000.0
2005-07-25,27.374341718971966,27.504185127479538,27.08150958189855,27.098085403442383,280200.0
2005-07-26,27.09808702487211,27.42407082453862,26.788679047741258,27.368820190429688,221700.0
2005-07-27,27.42683866111166,27.49590196551377,27.064939990710663,27.42131233215332,210600.0
2005-07-28,27.473794944102025,28.432407239737945,27.473794944102025,28.40754508972168,627900.0
2005-07-29,28.390974424710848,28.454511393125,28.117478078809885,28.37163543701172,360600.0
2005-08-01,28.37162381879688,29.106467112263648,28.32189636858332,29.031877517700195,1002000.0
2005-08-02,30.9408262912663,30.954638949849134,29.775020834694725,29.891048431396484,1105200.0
2005-08-03,29.891048176743094,29.90210083272712,29.57335387052959,29.80817222595215,343800.0
2005-08-04,29.670038668753627,30.018124572697676,29.55124792430268,29.841320037841797,496800.0
2005-08-05,29.841317319657005,29.874465795787206,28.446216990345494,29.073322296142578,646500.0
2005-08-08,29.073326148373955,29.087138805636936,28.437931268218524,28.460033416748047,632400.0
2005-08-09,28.59262960841861,29.14514524406173,28.59262960841861,28.860599517822266,561000.0
2005-08-10,29.00702319984545,29.672803404469324,28.993210542422688,29.407596588134766,553200.0
2005-08-11,29.407602554274774,29.578880805671353,29.20040948938393,29.490478515625,273000.0
2005-08-12,29.490468711157806,29.81645244251586,28.971107800939826,29.634124755859375,380100.0
2005-08-15,29.755676221757547,29.841318482595426,29.407593497469062,29.66175079345703,272100.0
2005-08-16,29.66175498520107,29.69766663119514,29.17830563486436,29.321958541870117,361800.0
2005-08-17,29.252903728469743,29.50429799649978,29.012562120387052,29.153451919555664,254700.0
2005-08-18,29.153442088706907,29.153442088706907,28.507000806478217,28.592639923095703,400500.0
2005-08-19,28.661709405735547,29.10924723384397,28.529105956094043,29.076095581054688,510000.0
2005-08-22,28.951775804387488,29.020839099216424,28.606453007212842,28.89099884033203,310800.0
2005-08-23,28.993212530902902,29.001498861319018,28.192065699378144,28.60092544555664,450900.0
2005-08-24,28.37440377224985,29.134109659618648,27.982116587518824,28.620271682739258,399900.0
2005-08-25,28.841277460908493,28.899291273117264,28.462806099211683,28.587120056152344,231300.0
2005-08-26,28.518053248042435,28.518053248042435,27.744531631469727,27.744531631469727,470700.0
2005-08-29,27.62574843473077,28.56778855781486,27.471045965890266,28.498722076416016,431100.0
2005-08-30,28.689321176830482,29.136855582697414,28.661692707924875,29.031877517700195,379500.0
2005-08-31,29.308132116081786,31.493325820438493,29.283266814289266,31.11761474609375,1680300.0
2005-09-01,32.04586165095206,32.36355599659232,30.838614917579402,31.27786636352539,770700.0
2005-09-02,31.631493045013602,31.631493045013602,30.252967297167576,31.269594192504883,626100.0
2005-09-06,31.769603362879096,33.09011459350586,31.692253727465364,33.09011459350586,1333500.0
2005-09-07,33.09011728008096,33.289024036688524,32.48787700394758,32.63981628417969,783600.0
2005-09-08,32.642563558685985,32.642563558685985,31.504383705002414,31.667375564575195,838800.0
2005-09-09,31.7695918279943,33.34702303366465,31.7695918279943,33.28071975708008,809100.0
2005-09-12,33.35808919862161,33.37466502605252,32.84148802950245,33.02381896972656,477300.0
2005-09-13,33.023814188803264,33.023814188803264,32.34974433743486,32.59561538696289,357600.0
2005-09-14,32.59836899640294,32.80003886013304,32.0541426875979,32.468528747558594,340200.0
2005-09-15,32.09003352509517,32.88012708352354,32.09003352509517,32.573482513427734,552300.0
2005-09-16,32.83041561193539,33.28900264565252,32.808313470285675,33.22822570800781,843900.0
2005-09-19,33.33875637472635,33.48241251853493,32.697841123566555,33.004486083984375,412800.0
2005-09-20,32.99616955021855,33.208888845530836,32.114910221238155,32.435367584228516,682500.0
2005-09-21,32.37735067463727,32.556918318753546,32.06794283234128,32.10662078857422,688500.0
2005-09-22,32.10664671504272,32.40500214704686,31.974043246979974,32.23925018310547,1256100.0
2005-09-23,32.39118931452943,32.39118931452943,31.617670668953796,31.68120765686035,1063800.0
2005-09-26,32.30831221345094,32.51274215670861,31.68120655905084,32.46025466918945,728700.0
2005-09-27,32.40500277970868,33.21443942906611,32.32212679611995,32.929893493652344,735300.0
2005-09-28,32.70887903953673,32.769656009332266,31.99613438813311,31.998897552490234,570900.0
2005-09-29,31.99889603889164,32.61771204197387,31.5541214438922,32.58456039428711,673800.0
2005-09-30,32.63981313085596,34.11779309699704,32.601138313745466,33.52936553955078,854400.0
2005-10-03,33.979658542221785,34.860918172007295,33.79456765293264,34.3111686706543,782700.0
2005-10-04,34.588084210361885,34.588084210361885,33.20899172075623,33.233917236328125,491700.0
2005-10-05,33.339162159808595,33.339162159808595,31.73575843615757,32.095760345458984,618300.0
2005-10-06,31.735745508941694,32.08190434101974,30.74711687330755,31.184661865234375,913800.0
2005-10-07,31.284366866924795,31.616679731497637,30.821899345242894,31.492061614990234,621000.0
2005-10-10,31.48652030906653,31.48652030906653,30.254198112439166,30.30404281616211,824700.0
2005-10-11,30.738800083100163,30.960340773322116,30.15725458282953,30.23479461669922,724500.0
2005-10-12,30.25421001309194,30.29574833892367,28.800346424783626,29.33204460144043,957600.0
2005-10-13,28.82802602344206,29.215723233178153,28.149554321819032,28.858488082885742,882000.0
2005-10-14,29.550806729087764,29.550806729087764,28.523409300746128,29.38188362121582,879000.0
2005-10-17,29.45112017072167,29.67266105610097,28.883420265424974,29.293270111083984,408000.0
2005-10-18,29.31541951259368,29.426188347000526,28.5621806634487,28.659103393554688,672900.0
2005-10-19,28.65909772181529,29.733572950271864,27.797856894230215,29.694801330566406,976200.0
2005-10-20,29.93573801556523,30.304049511780736,28.650800976843875,28.908340454101562,872700.0
2005-10-21,29.021878545259455,29.908041904732066,29.021878545259455,29.53696060180664,637500.0
2005-10-24,29.63111648875161,30.61697242860097,29.614500529704074,30.572664260864258,600300.0
2005-10-25,30.572671915573366,30.73882837848042,29.49265966043392,30.049280166625977,411900.0
2005-10-26,30.04926395778743,30.478502575916774,29.64772387868181,29.65880012512207,321300.0
2005-10-27,29.67264527048821,29.67264527048821,27.969549629802355,28.185550689697266,659700.0
2005-10-28,28.384950404100966,28.65910582788098,27.991713402546505,28.509565353393555,681000.0
2005-10-31,28.578792137928236,29.728034460413546,28.578792137928236,29.489877700805664,555000.0
2005-11-01,29.56187772180059,29.56187772180059,28.800332606102348,29.063411712646484,889500.0
2005-11-02,29.21849175944658,32.674534951053474,29.21849175944658,32.16498947143555,2059500.0
2005-11-03,32.44190544402028,32.85452491267255,31.791129261514627,32.00713348388672,876300.0
2005-11-04,32.007132043674446,32.26744123729607,31.44496902155836,32.2231330871582,647400.0
2005-11-07,32.16497758129272,32.397594568134515,31.217890512958256,31.63327980041504,616200.0
2005-11-08,30.73882143983355,30.74159129460477,29.99111911011546,30.07973861694336,1392900.0
2005-11-09,30.07696812057536,30.481278171782478,29.658808795807573,29.860963821411133,1066500.0
2005-11-10,29.963426760582195,30.586510976042565,29.470497196228298,30.445280075073242,569700.0
2005-11-11,30.445278297604414,30.600355294141067,30.304044235710474,30.51727867126465,295800.0
2005-11-14,30.79420272952974,30.863436415094387,30.295736673147744,30.46189308166504,310800.0
2005-11-15,30.608669256565726,30.68343949556741,29.844350905751803,29.866506576538086,319200.0
2005-11-16,29.866496253454255,30.018803364638167,29.082795526898174,29.96341896057129,447900.0
2005-11-17,30.378807905810262,31.18189443025928,30.101882720167932,31.098817825317383,690000.0
2005-11-18,31.84653663276852,32.212081528426765,31.44499312019234,32.15115737915039,1238400.0
2005-11-21,32.08191144066216,32.31729835766486,31.638826643114363,32.17052459716797,493500.0
2005-11-22,32.17052964474267,32.67453864141797,31.70806530136644,32.480690002441406,408300.0
2005-11-23,32.480700981188946,32.88224449985329,31.907461265823034,31.979461669921875,466800.0
2005-11-25,31.72190458587971,31.791135095925387,31.580670542382997,31.586210250854492,249000.0
2005-11-28,31.569597696729513,31.569597696729513,30.68343439596839,30.700050354003906,856200.0
2005-11-29,30.738820206885183,32.0126808019118,30.738820206885183,31.068363189697266,670800.0
2005-11-30,31.123742226856557,32.04313732656388,31.10989612511919,31.81882667541504,648300.0
2005-12-01,32.441905796026866,33.117607500241846,32.320057584050666,33.114837646484375,1017000.0
2005-12-02,33.20346733703253,33.4887021748266,33.0373109054613,33.397315979003906,692100.0
2005-12-05,32.87114507299833,32.995763153329534,32.488987608097794,32.90437698364258,433500.0
2005-12-06,32.37268266270078,33.444388130481684,32.344990457164236,33.092689514160156,698100.0
2005-12-07,32.929315022265406,33.203473661957936,32.40315658609405,32.569313049316406,525000.0
2005-12-08,32.50007441445304,33.646550350811374,32.28407326342604,33.24223709106445,615000.0
2005-12-09,32.9542217916687,33.272685259811304,32.693909408003336,33.17299270629883,291000.0
2005-12-12,33.0926790993477,33.93730377907395,33.05668051114746,33.757301330566406,544800.0
2005-12-13,33.69362228097807,34.13393406830119,33.56346764291757,34.02870178222656,565500.0
2005-12-14,33.95948097644636,34.93980057768879,33.88194087466639,34.58256530761719,755400.0
2005-12-15,34.574238899316235,34.574238899316235,33.508070247576924,33.60222625732422,595800.0
2005-12-16,33.68530291162222,34.13115427811764,33.52191640569637,33.56068801879883,661800.0
2005-12-19,33.36962411334679,33.3862400735926,32.954234614712476,32.99854278564453,461400.0
2005-12-20,32.87083039173201,33.556565105809334,32.565440918822,32.9457893371582,368400.0
2005-12-21,33.22341919188021,33.74257820711364,33.16234128689164,33.53713607788086,326400.0
2005-12-22,33.50936316394812,33.684266284276475,33.45661263703057,33.63429260253906,164100.0
2005-12-23,33.67040122543027,34.047972920026716,33.57878435398753,33.956356048583984,323400.0
2005-12-27,33.87028030522301,34.353346570212736,33.859172923348126,34.006317138671875,515400.0
2005-12-28,34.00632407246048,34.286725155768586,33.87028721127411,34.15901565551758,465000.0
2005-12-29,34.12013764741754,34.50048281742866,33.89803769829275,34.392208099365234,452700.0
2005-12-30,34.189557112522955,34.31448977589247,33.814762299584025,33.97023391723633,630000.0
2006-01-03,34.19233665636478,34.52826517997851,33.77312180204691,34.425540924072266,708900.0
2006-01-04,34.42830986663413,34.52270356149757,34.20898670439522,34.492164611816406,483900.0
2006-01-05,34.49494678467376,34.82531841337666,34.49494678467376,34.522708892822266,382200.0
2006-01-06,34.5254889260306,34.622656313519634,34.286730961310774,34.50883102416992,747600.0
2006-01-09,34.23119121180554,35.28617010120326,34.217310161458364,35.116817474365234,463500.0
2006-01-10,34.63651922639601,35.283387504950404,34.63651922639601,35.15845489501953,315000.0
2006-01-11,35.15846100658974,35.15846100658974,34.28949263045917,34.494937896728516,735000.0
2006-01-12,34.35613658816236,34.53937033332694,33.70649429482604,33.88417434692383,672600.0
2006-01-13,33.800876596445754,33.98966398865259,33.631527125233895,33.87028503417969,315600.0
2006-01-17,33.675942282331334,33.93413172078697,33.20398022405574,33.378883361816406,429600.0
2006-01-18,33.23173599523852,33.90081265033438,33.21785177059826,33.489925384521484,476700.0
2006-01-19,33.48993713982732,33.48993713982732,32.52380128166853,32.943016052246094,1021200.0
2006-01-20,32.995760394133434,33.145675095856916,32.593200420260985,32.65983200073242,516900.0
2006-01-23,32.72922979380325,33.53156635906013,32.707021390150864,33.44550323486328,512700.0
2006-01-24,34.911351220899164,36.26338492267915,34.736448201296184,36.08848190307617,1997100.0
2006-01-25,36.088502394328565,36.1329192081781,34.894713149992064,35.80532455444336,938400.0
2006-01-26,41.643792377269875,46.22460953876956,40.683210212997466,45.35564422607422,5887500.0
2006-01-27,45.530529905198634,47.94586702915052,44.83369117969658,45.394493103027344,3283500.0
2006-01-30,45.84148628624798,47.571092685834,45.67491048539363,47.30734634399414,1351800.0
2006-01-31,46.363419893460076,46.64104409688521,44.8142704204665,45.22237777709961,2086500.0
2006-02-01,45.252923095569244,45.48890735544389,44.14242294837724,44.25347137451172,1116900.0
2006-02-02,43.69822462756427,43.864800450560864,41.72708321358219,41.9991569519043,1650000.0
2006-02-03,41.99915324238038,43.823153418477595,41.75761847922707,43.498329162597656,1483200.0
2006-02-06,44.62826100826749,44.92809680764229,42.97916728887519,43.9119873046875,1669200.0
2006-02-07,43.795387631936386,43.86479607127107,43.07911388857973,43.47889709472656,1509900.0
2006-02-08,43.47890098744381,44.01749158897294,43.056909330490306,43.88423156738281,1494000.0
2006-02-09,44.69766434607359,45.11132535733536,43.98971808336308,44.19793701171875,1669800.0
2006-02-10,44.12853972900378,44.12853972900378,43.031920688907555,43.5677375793457,1493100.0
2006-02-13,43.56774768628392,43.8314909237603,43.04581172735141,43.462249755859375,1052100.0
2006-02-14,43.39282148265451,44.822591817861365,42.593261595589915,44.54496765136719,1470900.0
2006-02-15,44.36451963750747,45.261250226005885,43.86756907189781,44.725433349609375,1239300.0
2006-02-16,44.975298132124955,45.4694718811425,44.794841265379645,45.103004455566406,968700.0
2006-02-17,45.15852318070117,45.33620316731367,44.78650531158514,45.14741897583008,1165800.0
2006-02-21,45.43058547774161,45.813710659772845,44.98360874634533,45.61381912231445,830700.0
2006-02-22,45.61661039213181,46.19684727292582,45.141871414861185,45.444480895996094,1072200.0
2006-02-23,45.53053321475839,46.73542660807031,45.01692490753666,45.694332122802734,758100.0
2006-02-24,45.694339243908246,45.86091184577552,45.39172663161234,45.688785552978516,753300.0
2006-02-27,45.475016813430905,46.03304524424889,44.975292610844676,45.84981155395508,1881400.0
2006-02-28,45.84979727652533,45.89144041757852,44.62547240828787,45.083553314208984,835100.0
2006-03-01,45.391725988080566,45.84147963195083,44.9586302395946,45.7581901550293,427000.0
2006-03-02,46.21627524746076,46.46613732882016,45.40838477980224,45.69156265258789,612600.0
2006-03-03,45.525000358115925,46.083028909715175,44.792068615471855,45.574974060058594,427800.0
2006-03-06,45.89146032836789,47.42395209506617,45.391736064579725,45.79984664916992,798900.0
2006-03-07,45.641596457224104,45.641596457224104,41.11075292611345,41.67710876464844,1439400.0
2006-03-08,42.393382956252125,43.242913545787,42.14351765409202,42.94308090209961,1586000.0
2006-03-09,43.476106254268245,44.308981840835955,43.46777571918836,43.82591247558594,673700.0
2006-03-10,43.975853557466245,44.62549901851871,43.692675581410015,44.05914306640625,645200.0
2006-03-13,44.14244105223809,45.016960475386014,43.75931874147549,43.984195709228516,830000.0
2006-03-14,44.475574991063425,44.90866766958317,43.850918056791016,44.80872344970703,1116400.0
2006-03-15,45.80816587148822,49.14799620343699,45.39172799992924,48.84816360473633,2075400.0
2006-03-16,49.13967146662594,49.72268515335869,48.23183673108795,48.59830093383789,1391800.0
2006-03-17,48.72324216056511,50.388994029302374,48.415078954456185,49.94757080078125,1330800.0
2006-03-20,51.52213193377832,51.70590190560998,50.536461844537676,50.8538818359375,1216200.0
2006-03-21,50.84551284206764,50.85386775836596,48.38133830110872,48.899234771728516,1286200.0
2006-03-22,48.899239267753615,49.53407594671728,48.030512707936204,48.42311096191406,1107400.0
2006-03-23,49.283483331853695,50.93740323756356,49.12477495638781,50.53645324707031,941400.0
2006-03-24,49.57584867719783,51.98990706336161,49.29184199567667,51.57225036621094,928300.0
2006-03-27,51.78941618893083,52.62472935326843,50.95410302459324,51.41352462768555,593300.0
2006-03-28,51.74765775903724,51.881307754895396,49.73455290403584,50.51139450073242,648100.0
2006-03-29,50.51139520635335,51.9147217757015,50.01020532503341,51.44694519042969,867300.0
2006-03-30,52.41591950316492,53.48511971001392,51.83955436412313,52.59968948364258,1369400.0
2006-03-31,52.51614655900471,53.384873160392225,51.97319482298805,53.25957489013672,1293500.0
2006-04-03,54.29537572220845,55.364575947529865,53.627122394914544,54.99703598022461,1160400.0
2006-04-04,56.21659620431279,57.82875137385752,55.87411464012377,57.469566345214844,1495700.0
2006-04-05,57.4778825109564,59.850174621899505,57.14376242662343,59.724876403808594,1430700.0
2006-04-06,60.601990455964284,60.601990455964284,57.84545365327652,58.62229537963867,1023100.0
2006-04-07,59.349016474832055,60.13420669563613,58.931359796959725,59.382423400878906,827600.0
2006-04-10,60.125845965935916,60.125845965935916,57.84543816279199,58.24639129638672,901600.0
2006-04-11,58.24641001920697,59.0566587172625,56.38365821053024,56.8347282409668,1411300.0
2006-04-12,56.84308320367304,57.42780007342812,55.98270499112497,56.4838981628418,1704300.0
2006-04-13,57.302495784127125,59.9253792504492,56.60083561384567,59.64973068237305,1127300.0
2006-04-17,59.93374143184271,61.170008170695915,58.48029777945077,58.76430130004883,911200.0
2006-04-18,59.51606626688504,62.272602411577545,58.78099293566959,62.06377410888672,1281100.0
2006-04-19,61.81317606370371,61.980236152540165,60.10078147492755,60.60197448730469,994300.0
2006-04-20,61.14493287186984,61.186701087315015,59.53277789888394,60.57691955566406,548900.0
2006-04-21,60.57691808500687,60.58527300248005,59.06500304203397,60.418212890625,801800.0
2006-04-24,60.41822754914995,60.72728946835912,58.21300039837565,58.86454391479492,1010600.0
2006-04-25,58.864536262021765,59.38242649085346,56.55071457736528,59.27383804321289,1065400.0
2006-04-26,59.27383518535914,60.56021852287308,56.43376849038909,56.96836853027344,1214000.0
2006-04-27,55.96596897882752,56.96834199345453,53.66885831178609,55.73208236694336,1609300.0
2006-04-28,55.04715346056695,56.28341370409416,54.79655689537165,55.33951187133789,922100.0
2006-05-01,55.79892977833812,57.61991298774021,55.79892977833812,57.21895980834961,1238300.0
2006-05-02,57.21897273737522,58.30488279835382,56.049532603921946,58.17958450317383,1650300.0
2006-05-03,55.99105915345794,56.29177250324993,52.22379692159653,53.8944206237793,3048700.0
2006-05-04,54.10324404923905,54.495842351926534,53.37652549765055,54.17007064819336,1154600.0
2006-05-05,54.1700759849056,55.13068772747145,54.04477769275599,55.01374435424805,1068700.0
2006-05-08,55.180802923316605,55.44810296491825,54.086544373781074,54.403961181640625,780500.0
2006-05-09,54.41230746107171,54.420662378433384,50.54480601765888,51.20470428466797,1851800.0
2006-05-10,51.20469864821037,51.95648180463979,50.219028814877106,50.661746978759766,1657900.0
2006-05-11,50.787036960626594,51.94812168534964,49.09135234997064,49.34194564819336,1643200.0
2006-05-12,49.13314394675304,49.14149886687776,46.293076533340795,46.376609802246094,1722600.0
2006-05-15,46.02574461211986,46.02574461211986,42.90167580459389,44.82289505004883,2148900.0
2006-05-16,44.898080527119184,45.67492198929644,43.87064576440949,44.087825775146484,1803900.0
2006-05-17,43.68685644709881,44.09616109907379,42.18329412546443,42.20000076293945,2353400.0
2006-05-18,42.33369194882101,42.943470472059445,41.38978672326119,41.53179168701172,2047600.0
2006-05-19,41.74061676194151,43.64513052899133,40.345641555056254,43.611717224121094,2945200.0
2006-05-22,43.01864289938843,43.026994631886105,39.94468913243703,40.83847427368164,1910300.0
2006-05-23,41.97447738182388,42.60096211886603,41.01386617710613,41.281166076660156,2345900.0
2006-05-24,41.11411836486222,41.69048334874144,38.92559539924457,40.186920166015625,1451900.0
2006-05-25,41.222704203109956,42.52579391245095,40.170210997214205,42.14990234375,1468400.0
2006-05-26,42.22509138642671,42.80145966703939,41.51507627683651,42.216739654541016,904800.0
2006-05-30,41.640376514144904,41.640376514144904,39.535389307652984,39.560447692871094,1010300.0
2006-05-31,40.30386870427187,42.11649712478342,40.1117470182131,40.70481872558594,1848000.0
2006-06-01,40.58786856915375,42.3086149105583,40.4625703144012,42.291908264160156,1332700.0
2006-06-02,42.809823848866834,43.227480666904555,41.09743153220589,41.916038513183594,676400.0
2006-06-05,41.9160186317502,42.27520357981301,38.84206565409977,39.03418731689453,1041900.0
2006-06-06,39.59385919657187,39.68574100034844,35.91847870559792,36.83732223510742,2832800.0
2006-06-07,37.21320008819467,37.65591822321899,35.34210042199669,35.73469543457031,2260400.0
2006-06-08,35.2502248137052,35.2502248137052,33.37076973320932,34.8075065612793,2966200.0
2006-06-09,35.16668009122909,35.709634878589604,33.62970386607207,33.89700698852539,1614800.0
2006-06-12,34.080782139753424,34.45667376355845,32.62733877633051,32.65239715576172,1324100.0
2006-06-13,32.577214224127296,33.90536231610809,31.58319268082689,31.775314331054688,1701000.0
2006-06-14,31.9423753564139,32.660741968504595,31.934020440728332,32.58556365966797,1692800.0
2006-06-15,33.003225817911385,35.07480552672271,32.869575822484904,34.49008560180664,1933800.0
2006-06-16,34.69891322326635,34.91609326655574,33.596299986483224,33.963836669921875,1669700.0
2006-06-19,34.49844023509044,34.54020526471266,32.70251846959503,33.111820220947266,1279900.0
2006-06-20,33.057288066370845,33.5019662806733,32.637779350810796,32.696510314941406,1245600.0
2006-06-21,32.61260362798187,34.81083139815075,32.55387266929617,34.382930755615234,1426900.0
2006-06-22,33.98020636631186,34.550738482337245,33.644598109615444,34.18157196044922,1582400.0
2006-06-23,34.18157118242756,35.90994502346048,33.938255361890754,35.45687484741211,1586100.0
2006-06-26,35.82603557783221,37.37821613915721,35.490427412931126,36.21198272705078,2134400.0
2006-06-27,38.67870134053341,39.38347609331758,36.329453231451964,36.5140380859375,3201000.0
2006-06-28,36.65666818193376,37.084568838090995,35.80926203635152,36.11969757080078,2510300.0
2006-06-29,36.027400160172824,37.00066005828704,35.17160216691081,36.8915901184082,3304300.0
2006-06-30,37.96553218239232,39.85332107543945,37.1265148965936,39.85332107543945,4064100.0
2006-07-03,39.266017451626794,39.29119015245101,38.10817243224128,39.114994049072266,1195100.0
2006-07-05,38.72065351403631,38.72065351403631,37.025838015939264,37.470516204833984,1890900.0
2006-07-06,37.755770994997256,38.20884101508035,37.28592024817816,37.62991714477539,1244000.0
2006-07-07,37.587973236604725,37.604753966157034,35.77569605271511,35.893157958984375,1342600.0
2006-07-10,36.10290983512685,36.245544426373776,34.928287651300685,35.11286926269531,1176000.0
2006-07-11,35.19677947911888,35.32263016485943,34.00537314373847,34.58429718017578,1962700.0
2006-07-12,34.79404513481528,34.84438411962938,33.560688797322726,33.9130744934082,1678200.0
2006-07-13,33.392882522252286,34.147999250886215,32.81396183069727,33.16634750366211,2054600.0
2006-07-14,32.763622288260926,33.02371878254484,31.97494724194368,32.805572509765625,1578100.0
2006-07-17,32.386067114382314,32.93142964997097,31.84909654428723,31.9665584564209,1175000.0
2006-07-18,31.966565775959378,32.302174059413176,30.917793890913497,31.706472396850586,1679700.0
2006-07-19,32.21827362398502,34.34098689744157,32.21827362398502,33.94664764404297,1777200.0
2006-07-20,34.399698021519264,34.50877113092509,31.773573837368122,31.9329891204834,1648700.0
2006-07-21,32.05045800525425,32.09240822556049,31.052025478743843,31.723241806030273,1591500.0
2006-07-24,32.008501903514386,33.04888125856885,31.1778736114502,31.177873611450195,1847100.0
2006-07-25,32.386069556639754,33.896303399666344,31.98334159869843,33.409671783447266,2271700.0
2006-07-26,33.250256173007806,33.409668306248356,31.840706866617072,32.226654052734375,1618000.0
2006-07-27,32.428015578787246,32.88947439181675,30.79193142295849,30.951343536376953,1761000.0
2006-07-28,31.04364359841314,32.03368438003194,31.04364359841314,31.51349449157715,1156900.0
2006-07-31,29.91096347240812,30.51505366005192,29.550185832275325,30.171056747436523,2326700.0
2006-08-01,29.701217171213443,30.36403848321904,29.56697451554932,30.196237564086914,1474900.0
2006-08-02,30.405980651176364,31.312117441125373,30.389199925359286,30.926170349121094,1469000.0
2006-08-03,30.666087868272704,32.39446500755456,30.46472546793942,31.941394805908203,1644900.0
2006-08-04,32.38606631227826,32.9230400696712,31.479929297834328,32.327335357666016,1850300.0
2006-08-07,31.891052019358998,32.50353757732565,31.622566690117697,31.773590087890625,1244800.0
2006-08-08,31.714857247120264,31.991734526867045,30.305307751639592,30.355649948120117,1262800.0
2006-08-09,30.565402467197988,30.6744756194028,29.76833534064998,29.810285568237305,1765300.0
2006-08-10,29.315253665040007,30.103931715946292,29.2565227294103,29.692811965942383,1649700.0
2006-08-11,29.499842098594623,30.103935455071156,29.4159416660157,29.676034927368164,1031700.0
2006-08-14,30.204615858396732,30.5066625290761,29.751545852377674,29.910961151123047,984800.0
2006-08-15,30.372415405741364,30.54021944235567,29.373983148213913,29.869003295898438,1793900.0
2006-08-16,30.078759062968096,32.09240120300273,29.9529084295884,31.9329891204834,2259100.0
2006-08-17,31.765185482229146,32.679714179123714,31.354065726492912,31.496700286865234,1327600.0
2006-08-18,31.49671457610269,32.09241617353339,31.010082938361034,31.882661819458008,1287900.0
2006-08-21,31.88266099729721,31.88266099729721,30.81710852200007,30.82550048828125,635400.0
2006-08-22,30.825499540548083,31.505101560950568,30.825499540548083,31.21144676208496,641900.0
2006-08-23,31.379243523917143,31.521874906920267,30.137495292401724,30.171056747436523,803700.0
2006-08-24,30.171056747436523,30.590565333581957,29.592136050770566,30.171056747436523,792800.0
2006-08-25,29.969708715222815,30.347264062386156,29.600538934923666,29.785123825073242,519000.0
2006-08-28,29.692813599066366,30.422757553894385,29.650863385680132,30.22978401184082,595600.0
2006-08-29,30.179469560346934,30.305320302774003,29.11391663135106,29.37401008605957,930300.0
2006-08-30,29.47467436457419,29.768329096688056,29.155846940710187,29.575355529785156,686900.0
2006-08-31,29.634085890354516,30.204617816265017,29.49984327252831,30.078763961791992,585500.0
2006-09-01,30.3388668211526,30.60735211332763,29.910969386935253,30.24657440185547,776500.0
2006-09-05,30.204624175065085,30.69964453262476,29.986481075396803,30.24657440185547,590000.0
2006-09-06,29.91097213276838,30.011653326427282,28.96288155740451,29.155855178833008,1349000.0
2006-09-07,28.84542000335381,29.508241337469745,28.342007627372517,28.644054412841797,1141300.0
2006-09-08,28.64405731410954,28.920934629032914,28.274890761476176,28.342010498046875,1136000.0
2006-09-11,28.04833859820623,28.618870414908034,27.687561031744913,28.174192428588867,1120200.0
2006-09-12,27.964446982955653,29.53340837257525,27.964446982955653,29.39077377319336,1098100.0
2006-09-13,29.374002940896137,30.4395556106986,29.374002940896137,30.062000274658203,1473000.0
2006-09-14,29.910975181326354,30.288530496177433,29.77673250923318,30.179460525512695,857800.0
2006-09-15,30.372436538177016,30.87584579768462,29.709611892700195,29.709611892700195,1230800.0
2006-09-18,29.95291622487187,30.061989362664118,29.66765023413607,29.793500900268555,970500.0
2006-09-19,29.768338017098884,29.768338017098884,28.476250407416515,28.66083526611328,1302300.0
2006-09-20,29.071953994272445,33.00694442153264,29.071953994272445,32.243438720703125,3751100.0
2006-09-21,32.24343609598768,32.553871610457435,30.63252116566926,30.783544540405273,1628100.0
2006-09-22,30.749977101610213,31.547040762969672,30.447930442292623,31.362459182739258,1401500.0
2006-09-25,31.44638099189945,33.032123830939945,31.44638099189945,32.98178482055664,1638800.0
2006-09-26,32.56226190014895,33.39288721784957,29.07195013146049,29.558578491210938,6129500.0
2006-09-27,29.617323016343544,30.07039332484099,28.149042098530213,28.954498291015625,4122900.0
2006-09-28,29.071948764836847,29.667650239523766,28.342001458629372,28.40912437438965,1883700.0
2006-09-29,28.568539844600824,28.73634395305929,28.19937336646993,28.25810432434082,1774200.0
2006-10-02,28.29605968253214,28.59968409349795,27.85749144639426,28.1779842376709,1428100.0
2006-10-03,28.110501920406424,28.25387826580315,27.1827607036787,27.241798400878906,2066700.0
2006-10-04,27.073128803606917,27.5032644478629,26.786374388531673,27.157470703125,2326900.0
2006-10-05,26.988795002722767,27.45266427336905,26.90445469660775,27.343021392822266,1904100.0
2006-10-06,27.267111618086645,28.431000792551725,27.233374860686833,28.338226318359375,1754400.0
2006-10-09,28.675571919080497,29.164744984363058,28.135796962432515,28.734609603881836,2521100.0
2006-10-10,28.818960679832212,29.831040769270164,28.818960679832212,29.518983840942383,1563800.0
2006-10-11,29.535862572740175,29.729844148482254,28.481612780240805,28.928613662719727,1323000.0
2006-10-12,29.05512476838053,29.898524597841124,29.05512476838053,29.82261848449707,1485400.0
2006-10-13,29.51898892831568,29.965989731118114,29.198496147674486,29.4683837890625,1351200.0
2006-10-16,29.687658663272174,30.792509786178897,29.518978144696963,30.606964111328125,1669800.0
2006-10-17,30.39611264180051,30.699736915534878,29.940676231198953,30.025014877319336,1342600.0
2006-10-18,30.311784293532302,30.60697612119755,29.28283883937092,29.30813980102539,1146500.0
2006-10-19,29.392483377231937,29.822619100842896,29.012956019982976,29.645505905151367,1443600.0
2006-10-20,29.64550674528303,29.653939328372275,28.65872722345189,29.28284454345703,1465400.0
2006-10-23,29.282834909338014,30.51419754341835,29.02137987717817,30.185272216796875,2651300.0
2006-10-24,30.109368154609818,32.38654785353758,30.016593678320582,32.04918670654297,3217000.0
2006-10-25,32.13353131638338,32.67330989467906,31.627492719792677,32.0407600402832,1967200.0
2006-10-26,32.049184329184,32.47931670324695,31.7792967185339,31.964845657348633,953400.0
2006-10-27,32.80826007156463,33.567318113056395,31.585329473404204,31.922687530517578,1718500.0
2006-10-30,31.838337986845172,31.880507327470816,31.129882125465176,31.745563507080078,924500.0
2006-10-31,31.754002563862016,31.838341253767272,30.95277214050293,30.95277214050293,1501100.0
2006-11-01,33.73599170315543,35.37218614252511,32.89259191057654,32.951629638671875,5045800.0
2006-11-02,32.89259953685993,33.04441179210761,32.167275032302264,32.673316955566406,1305200.0
2006-11-03,32.60582584802545,33.2046387448683,32.588957471271776,33.103431701660156,996400.0
2006-11-06,33.27210966439492,33.69380939850052,32.89257926023714,33.46609115600586,836800.0
2006-11-07,33.229953921843354,33.58418029902114,32.52993053268493,32.56366729736328,1132500.0
2006-11-08,32.93474566060307,34.368525272488576,32.93474566060307,33.795013427734375,1293900.0
2006-11-09,33.82032622521955,33.86249878350025,32.8841552734375,32.8841552734375,925300.0
2006-11-10,32.88416332857364,33.972146748192486,32.79138882533372,33.65165710449219,821900.0
2006-11-13,33.66009263101964,34.31794357723851,33.49984779515789,34.03962326049805,847700.0
2006-11-14,34.28420664235777,35.12760652810025,34.0396199033368,35.08543395996094,1069200.0
2006-11-15,35.24566775683376,36.18184176653084,35.0938555813524,35.658931732177734,1409400.0
2006-11-16,35.78544830516801,36.22401652025463,35.431218770272714,35.82761764526367,885000.0
2006-11-17,35.47338992177318,35.64206727547068,35.10229202208439,35.397483825683594,740000.0
2006-11-20,35.50711993465937,35.540856688973,34.93360798058357,35.02638244628906,783900.0
2006-11-21,35.02638571564612,35.405916193814825,35.02638571564612,35.380615234375,704100.0
2006-11-22,35.42279010746064,35.74328291880485,35.26254531044592,35.38905334472656,560300.0
2006-11-24,35.085418223146014,35.29626810000943,34.87456834628261,35.00107955932617,369400.0
2006-11-27,35.00952438145702,35.136035638741006,34.368541947261626,34.613128662109375,627300.0
2006-11-28,34.5372192005838,35.06856192538759,34.351670232518906,34.69746398925781,428500.0
2006-11-29,34.87458107362621,35.52399931744585,34.87458107362621,35.43122482299805,566400.0
2006-11-30,35.810730333205825,36.60352766404854,35.57457957966768,36.26616668701172,1454000.0
2006-12-01,35.88665335844477,36.240882873535156,35.270972018990335,36.240882873535156,1040400.0
2006-12-04,35.886662619229476,36.645723763650764,35.76858715616729,36.47704315185547,842100.0
2006-12-05,36.28304234358604,37.37102833482972,36.28304234358604,37.10957336425781,618600.0
2006-12-06,37.11800547284024,38.07104767757249,37.02523424314688,37.72525405883789,1076100.0
2006-12-07,37.93612386924713,37.93612386924713,36.43487320526908,36.881874084472656,892000.0
2006-12-08,36.77221178352161,36.98306162910904,36.46859070841891,36.586666107177734,481800.0
2006-12-11,36.50233282641534,37.067412218538124,36.33365548411154,36.93246841430664,484500.0
2006-12-12,36.839708974581725,37.10959669314665,35.987873248792425,36.18185806274414,562200.0
2006-12-13,36.26618981630061,37.01681509075135,36.22402047160507,36.51077651977539,559300.0
2006-12-14,36.42643131782423,36.983074982468025,36.342092636062695,36.82283020019531,425200.0
2006-12-15,36.76379343151721,37.04211366238911,36.198713953675544,36.274620056152344,503500.0
2006-12-18,36.27462451564416,36.94091113959463,36.23245516848723,36.552947998046875,576600.0
2006-12-19,36.10835743720934,36.31159539489358,35.6341409198757,35.91358947753906,829500.0
2006-12-20,35.87124917854252,36.167634501876044,35.778098582535485,35.91358947753906,553900.0
2006-12-21,35.75269030388967,36.22690675828236,35.75269030388967,36.03213882446289,480700.0
2006-12-22,36.01520303014995,36.209970969210296,35.82043509108959,35.98979949951172,345000.0
2006-12-26,35.89665787689993,36.447091534127956,35.89665787689993,36.20998001098633,274000.0
2006-12-27,36.51483484152897,37.107608795166016,36.455557769201086,37.107608795166016,368100.0
2006-12-28,37.09913386742556,37.217687986008436,36.52329680828804,36.862022399902344,359900.0
2006-12-29,36.692658821240705,37.34470643083225,36.59103824307608,36.607975006103516,638200.0
2007-01-03,36.86204289119629,37.34472963109513,36.709615159611474,36.98906707763672,916800.0
2007-01-04,36.75194119771902,37.243094475196465,36.70959766884117,36.81121826171875,538200.0
2007-01-05,36.735013461138905,36.946718236131055,36.455561607577174,36.497901916503906,612600.0
2007-01-08,36.49788905739427,36.70959375779762,36.21844053264768,36.27771759033203,578800.0
2007-01-09,36.413205287499224,37.35317459201041,36.370864997189834,37.14993667602539,605200.0
2007-01-10,37.21769331956877,37.21769331956877,36.59951587668492,36.912837982177734,338000.0
2007-01-11,36.79428196053565,37.75965499255042,36.79428196053565,37.683441162109375,544000.0
2007-01-12,37.886697145845396,38.40325420864974,37.78507650333631,38.106868743896484,800800.0
2007-01-16,38.44557021188076,38.4709737391267,37.327769788061424,37.463260650634766,693300.0
2007-01-17,37.62417217019751,38.22541294470568,37.62417217019751,37.92902755737305,544400.0
2007-01-18,38.36090102009491,38.394774556234005,37.429401388777194,37.58182907104492,580100.0
2007-01-19,37.56488749549511,38.708091735839844,37.514077197789064,38.708091735839844,758200.0
2007-01-22,39.05527877807617,39.410944323141166,38.750423519551056,39.05527877807617,1030700.0
2007-01-23,39.05529971469141,39.792034727858876,39.05529971469141,39.42790222167969,772800.0
2007-01-24,39.54643833480673,41.002964464172834,39.41941422353509,40.791259765625,995600.0
2007-01-25,40.960633802876934,40.960633802876934,40.4271401629368,40.47794723510742,955700.0
2007-01-26,40.64731830819282,40.93523694209021,40.486423836152,40.74893569946289,607200.0
2007-01-29,40.655791015723395,40.66426101727543,40.02914657595464,40.20697784423828,1278900.0
2007-01-30,40.37634031026739,40.511831255052485,40.08842164880418,40.44408416748047,752500.0
2007-01-31,40.47794805547924,42.12924577201163,40.43560775102623,41.82439041137695,994100.0
2007-02-01,40.943683225254894,41.95986632056884,40.604957680388246,41.23160171508789,1653000.0
2007-02-02,41.0707077238036,41.375562978404425,40.78278923116472,40.94368362426758,875500.0
2007-02-05,40.943706773028566,40.943706773028566,40.04608049404495,40.31706237792969,1026400.0
2007-02-06,40.40172571888726,40.6473039555713,40.0121898312655,40.09687042236328,782300.0
2007-02-07,40.13923112232262,40.350935921005,39.99527017943199,40.31706237792969,1067300.0
2007-02-08,40.232372406846835,40.240842406508065,39.86824318037351,39.98679733276367,727600.0
2007-02-09,40.01219029812044,40.113807654694924,39.16537145583217,39.33473587036133,935900.0
2007-02-12,38.96212618775946,39.22464114244683,38.369355693879776,38.58952713012695,1324000.0
2007-02-13,38.530252742580416,39.758140563964844,37.99675603087545,39.758140563964844,1656900.0
2007-02-14,39.58879654724696,40.35940186954051,39.58879654724696,39.67347717285156,820200.0
2007-02-15,39.77510106544735,40.071486509754784,39.546459481113445,39.88518524169922,469700.0
2007-02-16,39.74120564500588,39.749672411457446,39.04681450311498,39.69039535522461,442700.0
2007-02-20,42.62041729674949,42.67969438984533,40.66426353350882,41.08767318725586,1475700.0
2007-02-21,40.731987579064096,42.06149298649401,40.46947578890314,41.73970413208008,942800.0
2007-02-22,42.04456083599898,42.12077466831394,40.48641388783815,41.80744934082031,1212300.0
2007-02-23,41.66348739054702,41.798978275135894,41.01143649897635,41.24007797241211,541300.0
2007-02-26,41.24010058558449,41.248567357232474,40.6303896554332,40.689666748046875,619200.0
2007-02-27,40.25776853766984,40.444066486330144,38.95366674526011,39.33473587036133,1091200.0
2007-02-28,39.46175959584463,40.23236466852021,38.95366954608232,39.22465133666992,1186900.0
2007-03-01,37.76812178949323,39.292398399495696,37.64110089223153,39.22465133666992,964600.0
2007-03-02,38.852057928098006,39.12303975876157,38.589542866360944,38.758907318115234,745700.0
2007-03-05,38.31854742463582,38.42863476372591,37.01444580882107,37.14993667602539,875400.0
2007-03-06,37.68344254623439,38.36936704539805,37.539484878090214,37.979827880859375,685300.0
2007-03-07,37.92056746298913,38.45406452990428,37.92056746298913,38.106868743896484,472200.0
2007-03-08,38.4879178517058,38.74196286375728,38.23387283965432,38.30161666870117,601800.0
2007-03-09,38.513328054625006,38.94520755723939,38.32702683935149,38.725032806396484,552300.0
2007-03-12,38.68268239601941,38.68268239601941,37.96288772019052,38.089908599853516,814400.0
2007-03-13,37.94595370343656,37.95442047055068,36.650318670663616,36.895896911621094,940200.0
2007-03-14,36.89591643829497,37.20923867305965,36.54025388483657,36.98906707763672,804700.0
2007-03-15,37.02291166155564,38.10683847787893,36.86201405388741,37.51406478881836,778800.0
2007-03-16,37.3023782827459,37.64110719285805,36.328538319300485,36.77735137939453,943000.0
2007-03-19,37.048313535492994,37.26001818426724,36.81967212717402,36.83660888671875,601000.0
2007-03-20,36.667260591011974,37.344715117911896,36.41321554721925,37.26850128173828,653900.0
2007-03-21,37.41726485962402,38.42900396964146,37.33224623807328,38.40349578857422,1055800.0
2007-03-22,38.48002413194833,38.99864629450514,37.961405212644905,38.275978088378906,901900.0
2007-03-23,38.29298886302702,38.61606235985944,38.08043897356961,38.39501190185547,636000.0
2007-03-26,38.37799810548686,38.590547942795276,37.442780118631084,38.326988220214844,847900.0
2007-03-27,38.11444331061386,38.36099868889568,37.93589895931892,38.12294387817383,911800.0
2007-03-28,37.459788137961134,37.536306216564064,37.08569831223418,37.272743225097656,1023800.0
2007-03-29,37.23874856398807,37.62983967231502,36.90717117896066,37.41728973388672,480900.0
2007-03-30,37.408789291359525,38.06344349314888,37.366279952179376,37.94441604614258,1256000.0
2007-04-02,37.91890784803074,38.403521449844796,37.91890784803074,37.94441604614258,1097500.0
2007-04-03,37.94441785879724,39.67032240934674,37.93591404460216,39.31324005126953,1550700.0
2007-04-04,39.36423812138506,40.0614014859297,38.95614273067018,39.75532913208008,1186000.0
2007-04-05,39.117687967215474,40.588536347296625,38.990159954264996,40.27396011352539,941000.0
2007-04-09,40.38447716664753,40.57152209873426,39.91686807968447,39.98488235473633,507700.0
2007-04-10,39.967898842221835,40.63955759151808,39.967898842221835,40.22296142578125,536200.0
2007-04-11,40.22294473395375,40.22294473395375,39.2112051219364,39.48326873779297,750500.0
2007-04-12,39.52578359203129,39.695820929305654,39.02416566326154,39.46626663208008,609500.0
2007-04-13,39.466282247690785,39.466282247690785,38.13997232994594,38.80312728881836,1140800.0
2007-04-16,38.811609756767695,39.27071503708892,38.79460537701449,39.15168762207031,562500.0
2007-04-17,39.117673950614304,39.29621829397648,38.22496520681708,38.718082427978516,1058100.0
2007-04-18,38.71809192515319,39.04116544938156,38.250482777345425,38.53955078125,819500.0
2007-04-19,38.13145178217842,38.79460969332135,37.81687882987916,37.98691940307617,776700.0
2007-04-20,38.59057778204064,38.75211785898406,37.87640964674074,38.2504997253418,966000.0
2007-04-23,38.42902664835252,38.539553516197415,37.62133629395569,37.935909271240234,799900.0
2007-04-24,37.93591366977429,38.42903110406178,37.24725391649978,38.292999267578125,844800.0
2007-04-25,38.27598448267995,38.58205684241924,37.98691650328772,38.39501190185547,605000.0
2007-04-26,38.33549391254307,39.3217251597937,38.275980209599346,39.20269775390625,936000.0
2007-04-27,39.066682288947504,39.194210315704986,38.624577994360735,38.97315979003906,915900.0
2007-04-30,39.10917541997585,39.321725286388755,37.927398681640625,37.927398681640625,942800.0
2007-05-01,37.536312103271484,37.901898175791075,36.77113119724118,37.536312103271484,1398800.0
2007-05-02,40.37597399860808,42.21240471231035,39.610793183209815,40.588523864746094,3850400.0
2007-05-03,40.89460039124577,42.08488115557376,40.750068012726,41.88933563232422,2051300.0
2007-05-04,42.14439412854845,42.82455316338375,41.80431298950374,41.923343658447266,1290100.0
2007-05-07,41.923355319607545,42.118900893811144,41.73631031678018,41.974365234375,791400.0
2007-05-08,41.1071369304581,41.60025410608413,41.03061885986968,41.29418182373047,855200.0
2007-05-09,40.324970705149994,40.71606177591542,40.307966322518325,40.571529388427734,1169400.0
2007-05-10,40.46949580600296,40.46949580600296,39.211200907107475,39.32172775268555,917800.0
2007-05-11,39.406745059728514,39.66180750130252,39.06666720971929,39.41524887084961,719600.0
2007-05-14,39.372732837178944,39.47475585047496,38.5650428107238,38.85411071777344,582800.0
2007-05-15,38.786118442196354,39.26223155269179,38.31850914690463,38.4205322265625,763100.0
2007-05-16,38.47153870660919,38.59056615274756,37.86789766219047,38.58206558227539,536600.0
2007-05-17,38.165448268178444,38.62455669514537,37.91888967851993,38.326988220214844,611200.0
2007-05-18,38.556555579571096,38.68408683346675,37.69785529887118,38.012428283691406,1027500.0
2007-05-21,38.27597882542339,40.06990014621981,38.2589744475896,39.602291107177734,1747000.0
2007-05-22,39.772342329717574,40.120924089271256,39.62780993238646,39.96788787841797,747100.0
2007-05-23,39.87436415388283,40.979623030041274,39.82335100824319,40.0869140625,1091800.0
2007-05-24,40.188931019532255,41.31969467550604,39.976381143128926,40.435489654541016,1320900.0
2007-05-25,40.469503373227205,41.14116189719057,40.197439735742826,40.29096221923828,756600.0
2007-05-29,40.384476639358745,41.95734443222175,40.384476639358745,41.84682083129883,1231100.0
2007-05-30,41.6597717914388,42.833047905104564,41.23467207928126,42.68001174926758,1628000.0
2007-05-31,42.68851925893116,43.52171444107241,42.51847869776369,42.654510498046875,979500.0
2007-06-01,42.93508300836351,43.57273275601248,42.40796012508492,42.53548812866211,820500.0
2007-06-04,42.50998801836257,43.266665286168674,42.407964955229815,43.139137268066406,500400.0
2007-06-05,43.35169890212934,43.36019947499394,42.19542639720861,42.28044509887695,638700.0
2007-06-06,41.82983880595858,41.855343766993236,40.17194823034103,40.66506576538086,1368400.0
2007-06-07,40.68205886356122,41.107158760748916,40.49501711421191,40.77558135986328,1586000.0
2007-06-08,40.80957286937958,41.634267358956066,40.72455422320309,41.56624984741211,943700.0
2007-06-11,41.319705221971965,41.59176887374962,40.80958668570251,41.35371398925781,625100.0
2007-06-12,40.83507437002072,41.234669108500825,40.38446974543895,40.426979064941406,708100.0
2007-06-13,40.63954091880625,40.85209082240173,39.97638625742965,40.34197235107422,640000.0
2007-06-14,40.38448532905453,40.98812633138144,40.38448532905453,40.648048400878906,662800.0
2007-06-15,41.030653704693336,41.51527072547762,40.733084979283205,40.792598724365234,562800.0
2007-06-18,40.98040334784618,41.253605776285426,40.76696374707614,41.142616271972656,672500.0
2007-06-19,41.1426220666417,41.39875222910387,40.55352985800537,40.6132926940918,729800.0
2007-06-20,40.56205670106933,41.023086979496476,40.126641387107846,40.2034797668457,633500.0
2007-06-21,40.12664652098262,41.16823285584053,40.07541984232683,41.05724334716797,610800.0
2007-06-22,40.93771326788536,41.67194596520765,40.93771326788536,41.28775405883789,849600.0
2007-06-25,41.407288231122806,41.52681390286207,40.3913167645088,40.42546463012695,887300.0
2007-06-26,40.63890426018428,41.07432292932621,40.340090080836134,40.42546463012695,655300.0
2007-06-27,40.57915140637673,41.08286918749475,40.12666032153263,41.04872131347656,958400.0
2007-06-28,41.065785267880734,41.9963822248061,41.05724911532051,41.77440643310547,978000.0
2007-06-29,41.919548853849136,42.29520474817801,41.654885753932874,41.876861572265625,692200.0
2007-07-02,42.26959927226015,42.90138225489029,42.073235127385914,42.781856536865234,906500.0
2007-07-03,42.64523217238342,42.81598450151121,42.45740428465987,42.500091552734375,376100.0
2007-07-05,42.67938151461248,43.30262472170398,42.59400372518441,43.28554916381836,1298500.0
2007-07-06,43.507532886713584,44.53204375005027,43.12334090585855,43.49899673461914,912900.0
2007-07-09,42.99526813141424,43.498985654262675,42.0902831689052,42.11589813232422,884800.0
2007-07-10,41.902473879908825,42.252514777545514,41.21946439071768,41.296302795410156,808500.0
2007-07-11,41.304837430875644,41.39875138762549,40.348625559268356,40.81819534301758,1240700.0
2007-07-12,41.23652511456155,42.14151008229724,40.81818537264475,42.07320785522461,1169900.0
2007-07-13,41.90245553372157,43.50751866281502,41.90245553372157,43.413604736328125,1249800.0
2007-07-16,43.41361338270098,43.41361338270098,42.88428408605938,42.99527359008789,1102200.0
2007-07-17,43.24285653037765,43.473368391149044,42.64522510587553,42.90135192871094,624900.0
2007-07-18,42.68791244715111,42.68791244715111,41.65486574756908,41.96221923828125,839600.0
2007-07-19,41.7829431955824,42.414725969665675,41.1511636783296,41.44997787475586,727600.0
2007-07-20,41.07431520154961,41.07431520154961,39.887591602795446,40.024192810058594,1175600.0
2007-07-23,40.126650434276876,40.74135761077489,40.01566091478022,40.58768081665039,1213300.0
2007-07-24,40.058353861126726,40.638909997389206,39.640013950980105,39.87052917480469,1541800.0
2007-07-25,39.921737821416656,40.10102954475571,37.71050363064407,38.419124603271484,1998100.0
2007-07-26,37.71904933777527,38.16300413149572,36.37010939645197,37.4970703125,1518900.0
2007-07-27,37.30925777099687,37.57392089731339,36.395736175296115,36.74577713012695,1118100.0
2007-07-30,36.83969044665348,38.46183007710755,36.51526121783023,37.84712600708008,1626600.0
2007-07-31,40.10958529536824,40.46816566044446,37.334869384765625,37.334869384765625,2821700.0
2007-08-01,37.02750734309957,37.445850464944144,35.11509001794541,37.37754821777344,2530100.0
2007-08-02,37.48852946541306,38.231298326860966,37.30924099141351,37.608055114746094,1459600.0
2007-08-03,37.42024057683571,37.51415128603281,34.89311267430867,35.3882942199707,1563200.0
2007-08-06,35.4651268463916,35.6273397796695,33.996661268063136,35.42243957519531,1187600.0
2007-08-07,35.2260644140815,36.7116052211516,35.00408869923757,36.33595275878906,1102000.0
2007-08-08,37.24093966862576,38.19715140029703,36.77991261806006,37.095802307128906,1682300.0
2007-08-09,35.78954918216016,37.98371118168244,35.78954918216016,36.76283645629883,967200.0
2007-08-10,36.677468794007495,36.720156072780625,33.834454340285106,35.72126007080078,1591100.0
2007-08-13,35.721248519917346,37.872719894051976,34.69673787649663,35.0638542175293,1006900.0
2007-08-14,35.06385648023504,35.0894681895037,33.96250738606587,34.184486389160156,893800.0
2007-08-15,33.936909806172764,34.44916374579764,32.22085617728142,32.5538215637207,1591400.0
2007-08-16,32.23792433869226,33.919829876912104,31.56345749821513,33.68077850341797,1869700.0
2007-08-17,34.84188211538385,35.42243809857638,32.39159311753334,33.655155181884766,1700700.0
2007-08-20,32.92945854244801,34.423535620623795,32.92945854244801,33.96250534057617,810600.0
2007-08-21,33.63807055337626,33.842970674226166,33.151428695321854,33.296566009521484,1030500.0
2007-08-22,33.82589554097348,34.24423844954384,32.93798957822791,33.510005950927734,957700.0
2007-08-23,33.59539219302449,33.6380827190675,32.2635311553275,32.570884704589844,1175900.0
2007-08-24,32.775784518547525,33.5014811140545,32.32329360785448,32.92092514038086,642800.0
2007-08-27,32.9380099494149,33.3478137064787,32.46844009116712,32.579429626464844,550400.0
2007-08-28,32.109851702909296,32.109851702909296,31.418306274740146,31.486608505249023,1074800.0
2007-08-29,31.700045515537354,32.28060140038925,31.341465348150315,32.18668746948242,1199400.0
2007-08-30,31.65734590633195,32.67331668015849,31.65734590633195,32.48548889160156,605000.0
2007-08-31,33.07461007982702,33.29658588606195,32.391600584391995,32.40867614746094,503300.0
2007-09-04,32.36599570638285,32.7501878145282,32.17816772977149,32.545284271240234,677300.0
2007-09-05,32.21230771122378,32.51112513936683,31.896417979145884,32.075706481933594,690300.0
2007-09-06,32.07569798233532,32.4598898556681,31.640282697111072,32.18668746948242,705800.0
2007-09-07,31.845208251628403,32.169637565234055,31.392717049348477,32.015960693359375,1000100.0
2007-09-10,32.31475188077671,32.34036684563234,31.486608505249023,31.486608505249023,1249200.0
2007-09-11,31.324396157189636,31.546375176591123,30.68407732379535,30.795066833496094,1318800.0
2007-09-12,30.73531132936271,30.991438272407912,30.453569412231445,30.453569412231445,1411900.0
2007-09-13,30.735310161661314,31.153653316311637,30.521870507760887,31.03412437438965,1380700.0
2007-09-14,30.57309913848882,31.26464157666619,30.34258390681941,31.256105422973633,920800.0
2007-09-17,30.991437177014294,31.418316485945155,30.52187058855648,30.5389461517334,490600.0
2007-09-18,30.581619954352067,31.58051879060095,30.197428094256342,31.512216567993164,1118600.0
2007-09-19,32.00740935284825,32.34891081747333,31.657368478930064,32.109859466552734,924600.0
2007-09-20,32.12692149359821,32.12692149359821,30.59015740813077,30.948734283447266,1111600.0
2007-09-21,31.179263416291626,31.512228738022788,31.128036729552026,31.247562408447266,585300.0
2007-09-24,31.443915595260354,31.495139002117554,30.777981994655544,30.948734283447266,638300.0
2007-09-25,30.445030852525683,31.042662510284362,29.984000437383514,30.837759017944336,1028600.0
2007-09-26,30.846301971509455,30.982903229820096,30.376735349618553,30.62432289123535,881300.0
2007-09-27,30.607242303195008,30.871908622595008,30.385266516185276,30.521867752075195,938900.0
2007-09-28,30.521868519537833,31.04266176222282,30.197439354830223,30.51333236694336,665900.0
2007-10-01,30.57309051770163,31.27317216899827,30.282812521542294,30.957279205322266,825400.0
2007-10-02,31.042671335535033,31.85374286901683,30.957293499108214,31.811052322387695,508900.0
2007-10-03,31.819613705425333,32.592144083723625,31.25309251947493,32.47197341918945,1201100.0
2007-10-04,32.60074163632739,32.66082699686165,31.622204879733445,31.768125534057617,854400.0
2007-10-05,31.999861693548795,33.79384554580818,31.793855827163487,33.459083557128906,1220800.0
2007-10-08,33.450522948711594,33.45910516768564,32.83249840157775,33.175846099853516,409100.0
2007-10-09,33.02992478818247,33.364687019491384,32.171558749172306,32.98700714111328,546900.0
2007-10-10,33.04708784418008,33.44193538061671,32.78957872365211,33.1329231262207,442400.0
2007-10-11,33.459115384496336,34.120057777133205,33.055682206994106,33.52778625488281,776400.0
2007-10-12,33.72519487785698,33.88828320982373,33.193005695722796,33.562103271484375,325500.0
2007-10-15,33.56209417766976,33.896859517430755,33.21016440711534,33.39900588989258,724200.0
2007-10-16,33.296016366011735,33.338934009119846,31.931214358973474,32.36039733886719,996400.0
2007-10-17,32.70373494106956,32.75523806670728,31.381854127090755,31.871122360229492,614700.0
2007-10-18,31.66509786263387,31.733768663703263,31.347503593697972,31.587844848632812,493200.0
2007-10-19,31.330368189149738,31.77671903299254,30.901185063270972,30.952688217163086,685800.0
2007-10-22,30.84109203249044,32.0342203023802,30.75525673838294,31.330360412597656,1174600.0
2007-10-23,32.72949612366036,32.90975219574758,30.85825800304323,32.60932540893555,1700300.0
2007-10-24,32.13721879228139,33.22734390110905,32.13721879228139,33.1329231262207,1612000.0
2007-10-25,33.132930895150174,33.20160175640934,32.37757106774066,33.012760162353516,993800.0
2007-10-26,33.18441630679208,33.39042550606796,32.60931288592236,32.96124267578125,620700.0
2007-10-29,33.11576770242086,33.60503614690952,32.98701146991037,33.141517639160156,581000.0
2007-10-30,32.83248527917476,33.70801861288136,32.83248527917476,33.61359786987305,718800.0
2007-10-31,33.828192905458245,34.03420211906503,33.24450395371198,33.91402816772461,1261300.0
2007-11-01,33.69086381521278,33.79386681322808,32.832497858137295,33.021339416503906,573200.0
2007-11-02,32.944072964995414,33.09857903644935,31.99986883117636,32.79814910888672,874600.0
2007-11-05,32.33464879321504,32.969841135733894,32.171560416139066,32.36898422241211,735300.0
2007-11-06,32.43765547018164,32.76383222824895,32.094307722902926,32.64366149902344,534500.0
2007-11-07,31.956961568837272,32.71232446596518,31.407607925255522,31.52777862548828,719700.0
2007-11-08,31.450517884213827,32.08570992598945,30.901164374789076,31.931203842163086,731200.0
2007-11-09,31.25309110379434,32.291712685255824,31.107170524728375,31.96553611755371,616000.0
2007-11-12,32.24880298666187,32.31747382268028,31.6393640518241,31.87970542907715,739000.0
2007-11-13,32.017036602897754,32.74664933614962,32.017036602897754,32.677978515625,388500.0
2007-11-14,32.91833417381419,33.175846588517196,32.291727398476695,32.308895111083984,546900.0
2007-11-15,32.205885127833994,33.09858634344353,32.07712894839594,32.4033088684082,552200.0
2007-11-16,32.39474361867656,32.86684439988055,31.6222126862283,31.75096893310547,870400.0
2007-11-19,31.330353037642872,31.330353037642872,30.120057338945777,30.14580726623535,880700.0
2007-11-20,30.308921616696693,30.71235163608654,29.510640527577337,29.871152877807617,610000.0
2007-11-21,29.690875077562048,29.871131121389023,29.02135075797277,29.141521453857422,1255900.0
2007-11-23,29.23594116227293,29.94838309394171,29.115767196337906,29.811044692993164,272000.0
2007-11-26,29.622212111203183,30.58358448263218,29.622212111203183,29.97414207458496,630300.0
2007-11-27,30.30031782307725,30.39473860286258,29.63937563898623,30.240232467651367,727300.0
2007-11-28,30.317472735805914,32.24021312090927,30.317472735805914,32.102874755859375,1392000.0
2007-11-29,31.785283301708322,32.61789914344282,31.22734751784539,32.094295501708984,1956400.0
2007-11-30,32.3518074826994,33.52777104659251,32.28313991786805,33.46768569946289,1571800.0
2007-12-03,33.47626154910753,33.939779802567806,32.93549025340386,33.089996337890625,945100.0
2007-12-04,32.57500837498438,33.67371641496641,32.274578144146126,33.02994155883789,1495200.0
2007-12-05,33.27025888493807,34.051371676984694,32.99558207505833,34.042789459228516,1343400.0
2007-12-06,34.00846124757165,35.27884258112748,34.00846124757165,34.9440803527832,735000.0
2007-12-07,35.42475115473779,35.42475115473779,34.4891324550586,34.76380920410156,1559800.0
2007-12-10,34.5320658128818,34.9354989043591,34.1629681492763,34.377559661865234,682900.0
2007-12-11,34.291717839856794,35.02132753403004,32.58356828402175,32.7294921875,908200.0
2007-12-12,33.922614710624806,34.188709270951406,32.42905687027123,32.68656921386719,448100.0
2007-12-13,32.4290670940478,32.85825010280717,32.07713715784138,32.437652587890625,462400.0
2007-12-14,32.154381974807684,32.25738822803592,31.29601617767301,31.304601669311523,619900.0
2007-12-17,31.072832705039,31.132918029923953,30.497726099762797,30.883991241455078,944300.0
2007-12-18,30.901166449931278,31.184428714103586,30.652239601005085,31.064254760742188,865200.0
2007-12-19,31.064259764223696,31.245517497095957,30.641321761586553,30.813949584960938,645400.0
2007-12-20,30.891645001894084,31.366369247436527,30.710387192385685,31.366369247436523,418200.0
2007-12-21,31.720235356950425,31.720235356950425,31.14193604789815,31.34908676147461,493700.0
2007-12-24,31.185105226504184,31.556253977345754,31.185105226504184,31.54762077331543,210400.0
2007-12-26,31.262790088645257,31.67709501481414,31.07289909609178,31.22826385498047,340100.0
2007-12-27,31.07289652181963,31.236891179236743,30.54638302616127,30.624065399169922,340000.0
2007-12-28,30.744903192656817,31.02110644740323,30.29607208054327,30.511856079101562,412700.0
2007-12-31,30.49459697255723,30.85711251819588,30.382388368744156,30.624065399169922,271400.0
2008-01-02,30.753546214050807,31.383635295874917,30.546392060558976,30.883014678955078,529400.0
2008-01-03,31.029746854935272,31.211004665579665,30.27881928754901,30.520496368408203,713300.0
2008-01-04,30.287447492926407,30.287447492926407,29.312102726079296,29.320735931396484,823200.0
2008-01-07,29.476095520760907,29.562407803145142,27.62898172727463,27.9742374420166,1264600.0
2008-01-08,27.76708169499336,28.414433651990002,26.308383137231107,26.317014694213867,779700.0
2008-01-09,26.05807349950158,26.93847087366247,26.00628415973246,26.64500617980957,1011100.0
2008-01-10,26.705424893121606,27.862025470932217,26.411958558866342,27.439090728759766,935900.0
2008-01-11,27.33551280680478,27.439089834584685,26.36017000742362,26.619110107421875,924800.0
2008-01-14,26.68817530431251,26.800382302481715,25.885458256565,26.550073623657227,904800.0
2008-01-15,26.282488506909274,26.86941952916924,26.07533444458098,26.33427619934082,1110400.0
2008-01-16,26.040817733432466,26.84353461702135,25.945872230035462,26.36880874633789,1024100.0
2008-01-17,26.360172596052394,26.627744278500202,24.97915475240694,25.074098587036133,1060100.0
2008-01-18,25.38481963907475,26.273849961899455,25.056828812515505,25.41934585571289,949000.0
2008-01-22,24.349069620949432,27.257839125387928,24.349069620949432,26.826271057128906,972400.0
2008-01-23,25.807758755266292,29.59692584067295,25.807758755266292,29.35524559020996,1115800.0
2008-01-24,29.346613966810295,30.779419105250508,28.984098551198375,30.44279670715332,1257600.0
2008-01-25,30.58088975311807,30.891619046976075,28.820092616323006,28.828725814819336,1222300.0
2008-01-28,28.57843518889463,29.407045008020475,27.8706638901493,29.17399787902832,1235100.0
2008-01-29,29.182629988590115,30.75353727980837,29.182629988590115,30.209760665893555,1426900.0
2008-01-30,29.91630486600239,30.46871158669104,29.51062973998251,29.804096221923828,780500.0
2008-01-31,29.804076320366377,33.00631244734641,29.519243235721643,32.540218353271484,2434400.0
2008-02-01,32.626537965962534,33.05810593718586,31.504461899302367,33.014949798583984,887800.0
2008-02-04,33.066733059933014,33.230727673504596,31.677083921315635,32.09138870239258,655600.0
2008-02-05,31.720250386535874,31.720250386535874,30.14934301175375,30.546384811401367,753500.0
2008-02-06,30.641333211274834,30.95206275093806,29.571042940501844,29.709144592285156,557000.0
2008-02-07,29.38114684297894,31.0815223279791,29.346620616734732,30.330595016479492,549800.0
2008-02-08,30.045767373424002,30.943426371637987,29.821350154418433,30.391019821166992,388900.0
2008-02-11,30.09755119698194,30.857111793835834,29.59693403248001,30.511856079101562,456800.0
2008-02-12,30.76217235402833,31.029745750169678,29.441575076918006,29.743671417236328,734300.0
2008-02-13,29.976713128880814,30.26154959164844,29.34662423886456,30.11481475830078,399300.0
2008-02-14,29.92493634633802,30.235665966135432,29.346636559295906,29.75231170654297,518900.0
2008-02-15,29.579660263863914,29.950808871116877,29.34661323424452,29.640079498291016,598900.0
2008-02-19,29.933552522292953,30.227018852613554,29.346619861651753,30.045761108398438,546400.0
2008-02-20,29.855880046237118,31.28868594685808,29.70051527329964,31.09879493713379,648800.0
2008-02-21,31.374985895175342,31.67708540923098,30.572269315196053,30.813949584960938,481300.0
2008-02-22,30.93481311344552,31.236909579428524,30.10620284165968,31.219646453857422,436900.0
2008-02-25,31.28869360178092,31.314586639404297,30.391030981325564,31.314586639404297,380900.0
2008-02-26,31.18509189223803,32.6955792766289,31.09014644411727,31.88422966003418,752600.0
2008-02-27,31.616674659930897,32.30718284635716,31.271418920416387,31.77203941345215,637000.0
2008-02-28,31.504476837570046,31.789313414085612,31.04701562479474,31.521739959716797,555600.0
2008-02-29,31.245525592919233,31.245525592919233,30.494598153164933,30.693119049072266,703400.0
2008-03-03,30.857120794986336,30.908910155084406,30.23566164422343,30.658599853515625,508600.0
2008-03-04,30.209755739935627,30.555011408290007,29.916289409615025,30.045761108398438,1010200.0
2008-03-05,29.95943953366801,30.29606193183934,29.760918716608032,30.166593551635742,992000.0
2008-03-06,29.933548874135692,30.157962726394103,29.312090063879054,29.389772415161133,623500.0
2008-03-07,28.906425676548025,29.96808254629681,28.60432610529435,29.199892044067383,1039900.0
2008-03-10,28.992741252998666,29.260314624926984,28.47486091857281,28.49212074279785,968000.0
2008-03-11,29.527882391536433,29.536515595575644,28.40580622642967,29.501989364624023,703400.0
2008-03-12,29.79545021057129,30.589533619410346,28.966840577190883,29.79545021057129,669800.0
2008-03-13,27.767077325744726,31.046996025835977,27.767077325744726,30.917524337768555,967700.0
2008-03-14,30.632689963210698,30.986575497635993,29.56240015836741,30.080280303955078,1191700.0
2008-03-17,29.096311043969525,30.641325129453843,28.915053291174754,29.59693145751953,1148700.0
2008-03-18,29.822661593308496,30.508540225295206,29.47538366292794,30.12653350830078,994800.0
2008-03-19,30.135218522886547,30.42172608710698,29.50143297672847,29.675073623657227,1086400.0
2008-03-20,29.57955822447009,30.517215322514314,29.570877686266762,30.37830352783203,866700.0
2008-03-24,30.36961866835892,33.39095258622164,30.36961866835892,32.531436920166016,978000.0
2008-03-25,32.44462763721849,32.93082074805788,31.741387874661054,32.383853912353516,688200.0
2008-03-26,32.10604011503002,32.34045454540707,31.342023080310813,31.706668853759766,493800.0
2008-03-27,31.949750556262142,32.41857922226593,31.0728702545166,31.0728702545166,617600.0
2008-03-28,31.16838731933818,31.628532348022745,30.0049989631086,30.10049819946289,1044000.0
2008-03-31,29.926842351450134,30.916589401249116,29.666379812518816,30.8644962310791,771300.0
2008-04-01,31.880299718912365,32.54881400434668,30.881868561411327,32.383853912353516,701800.0
2008-04-02,32.47067501726637,33.008957985366045,31.862934472937308,32.00184631347656,606200.0
2008-04-03,31.663243085627947,31.906337933881563,31.177050077201798,31.89765739440918,572900.0
2008-04-04,32.12340441142043,32.244951898204995,31.463573778052545,31.68930435180664,390400.0
2008-04-07,31.732690867394993,32.34043117603979,31.159679333396923,31.18572425842285,531000.0
2008-04-08,31.072866466959834,31.17704949828844,30.44776165515051,31.116275787353516,454200.0
2008-04-09,31.27255610810537,31.489606050572576,30.951323120591304,31.28123664855957,627600.0
2008-04-10,31.3419983410285,31.941058071996725,31.11626794472376,31.67191505432129,658000.0
2008-04-11,31.559070772796304,31.689302106220154,31.03815206294166,31.463571548461914,330900.0
2008-04-14,31.32465568862439,31.81084553948856,30.89055571496997,31.515657424926758,593400.0
2008-04-15,31.663252208916244,31.880302189373484,31.342015853257227,31.75875473022461,661400.0
2008-04-16,31.888974975491806,32.48803158356348,31.585106401524808,32.47935104370117,834900.0
2008-04-17,32.44462621724822,32.73981428735302,32.18416693466621,32.58353805541992,373100.0
2008-04-18,33.03499265629813,33.20863323100079,32.488026005156236,32.54011917114258,925400.0
2008-04-21,32.253624149091316,32.57485715028684,31.654564162739238,32.44462585449219,605300.0
2008-04-22,32.10603271180427,32.50540388098482,31.168378518427332,31.75875473022461,463400.0
2008-04-23,31.602470527752722,31.958432273661234,30.230713406693223,30.43039894104004,544100.0
2008-04-24,30.326211955913553,30.942632870202292,29.631652946016484,30.93395233154297,707700.0
2008-04-25,31.02077579765131,31.272554512930977,30.256759111800893,30.751632690429688,573000.0
2008-04-28,30.7255926345822,32.21889745938438,30.551951999525258,31.680614471435547,1254300.0
2008-04-29,31.611166208599336,31.819535694459027,31.24652374824565,31.68930435180664,465400.0
2008-04-30,31.498292922973633,32.24494540506378,31.16837932868446,31.498292922973633,861400.0
2008-05-01,31.359366055612604,32.470663704676554,31.012088231213795,32.123382568359375,633100.0
2008-05-02,32.297037754421,32.92213944603233,31.585114083474846,31.75875473022461,587500.0
2008-05-05,31.68928904316288,32.114708353315464,31.185731627550393,31.60247039794922,795500.0
2008-05-06,31.237824875445817,31.76742722348667,30.64744881322838,31.732698440551758,785800.0
2008-05-07,30.3262238239194,32.991597344423155,30.308859427886684,30.482500076293945,2314000.0
2008-05-08,30.48249570388261,31.411469230901535,30.27412629329844,31.02077865600586,1158800.0
2008-05-09,30.4998517634384,31.263864999004205,30.02234266323014,30.13520622253418,703500.0
2008-05-12,30.03972230912375,30.82110372841518,30.03972230912375,30.638782501220703,843700.0
2008-05-13,30.50854034577064,30.95132409704754,30.352264117310487,30.81241226196289,403300.0
2008-05-14,30.812416585013704,31.33333521168733,30.812416585013704,31.142330169677734,423500.0
2008-05-15,31.142337693649125,31.437525869926777,30.812424029278137,31.08156394958496,533100.0
2008-05-16,31.255196458958306,32.262308212381285,31.003417692622616,32.236263275146484,552500.0
2008-05-19,32.31438555444268,33.76427708954813,31.949740052348826,32.78321075439453,921500.0
2008-05-20,32.618265973303615,32.922134576227904,32.479354138835454,32.87004470825195,558400.0
2008-05-21,32.870035700874794,32.956854331656714,31.75874132965757,31.828195571899414,469800.0
2008-05-22,31.7761136743932,32.1581237339024,31.533018772465272,31.680614471435547,291900.0
2008-05-23,31.550390311334386,31.550390311334386,30.32622835927105,30.734283447265625,590200.0
2008-05-27,30.49984917470027,31.237817420392943,30.473800937756103,31.18572425842285,266000.0
2008-05-28,31.255187654136222,31.541695130686858,31.038137739871388,31.203094482421875,341100.0
2008-05-29,31.081554486688283,31.324652700853427,30.72559267472039,31.012100219726562,408400.0
2008-05-30,31.203094231966357,31.2378230128305,30.97736378018708,31.124956130981445,529000.0
2008-06-02,31.02945025929345,31.229135738317428,30.48248367036457,30.786352157592773,734100.0
2008-06-03,30.69087271617289,31.072882886099507,30.387004000931814,30.907922744750977,527800.0
2008-06-04,31.012093167877175,32.17548085423984,30.83845257207759,31.29859733581543,664600.0
2008-06-05,31.454870511196706,31.810832207937104,31.211775687642845,31.576417922973633,591900.0
2008-06-06,31.40277609460567,31.45486925983133,30.282801193560807,30.439077377319336,865100.0
2008-06-09,30.499855232949205,30.499855232949205,29.60560732371995,29.99629783630371,530200.0
2008-06-10,29.69243078986281,30.187304360367268,29.371197824008124,29.85738754272461,608100.0
2008-06-11,29.52745916047492,29.52745916047492,28.520348022250253,28.546396255493164,1267800.0
2008-06-12,27.079147227139106,28.3640806405637,26.94023541725756,27.061782836914062,1694900.0
2008-06-13,27.139923340171237,27.47852069974492,26.87078189168855,27.218061447143555,864700.0
2008-06-16,27.174648033444424,27.29619710893502,26.792641384643673,27.09650993347168,436200.0
2008-06-17,27.322253268745143,27.582714261033207,26.089409208603183,26.228321075439453,1005500.0
2008-06-18,25.837621816295005,26.20226573600729,25.12569836732326,25.24724578857422,1012500.0
2008-06-19,25.412213719517815,26.836061151627117,24.92602054019656,26.740558624267578,1128700.0
2008-06-20,26.48712684127958,26.522082609739112,25.254964338388284,25.412261962890625,779100.0
2008-06-23,25.578298286167563,25.77055001051766,24.512170693253363,24.774333953857422,898200.0
2008-06-24,24.71316628589769,25.16757966400277,24.258751241009623,24.59956169128418,764500.0
2008-06-25,24.774337789172012,25.211274957704912,24.477220381227,24.573347091674805,1037300.0
2008-06-26,24.101452690578945,24.29370443305323,23.245056292125874,23.34992027282715,1092900.0
2008-06-27,23.376139221426843,23.376139221426843,22.379922980501103,22.85181427001953,1411600.0
2008-06-30,22.100276920585312,22.79937553803297,22.06532115632164,22.135231018066406,833400.0
2008-07-01,21.78568472249984,21.977936452192452,21.03415235471295,21.488567352294922,768600.0
2008-07-02,21.488570317671243,21.584697029174237,20.055416922522138,20.072893142700195,1326500.0
2008-07-03,20.23018941767654,20.571001523136573,19.976766741086188,20.448657989501953,938900.0
2008-07-07,20.614696762990793,20.614696762990793,18.91937999864348,19.21649742126465,1095200.0
2008-07-08,19.094153660369038,20.212711690130288,18.430008996806826,20.151540756225586,1260900.0
2008-07-09,20.972986143099313,21.1914547487566,19.933075113471347,20.00298500061035,1676800.0
2008-07-10,19.72334449512728,20.1864985166916,18.980550938574346,19.21649742126465,1047600.0
2008-07-11,18.866941603806946,19.225229844845554,18.438743502731107,18.73586082458496,903000.0
2008-07-14,19.111637180611655,19.26893319983231,18.10668011264851,18.14163589477539,1082300.0
2008-07-15,17.92315573445032,18.464956674838184,17.26775024196727,18.10666847229004,1257300.0
2008-07-16,18.045503003074714,18.84072844049007,17.80955655458017,18.66595458984375,879900.0
2008-07-17,18.70964635954645,21.007936423084832,18.70964635954645,20.64090919494629,1491900.0
2008-07-18,20.737035219647286,21.759468142408778,20.203973069115158,20.527305603027344,616000.0
2008-07-21,20.754513848938643,21.27883874268946,19.950549456329494,20.571001052856445,803300.0
2008-07-22,19.39126763516474,20.894330556067597,18.82324977746662,20.58847427368164,2232000.0
2008-07-23,20.439920866662206,22.511003845368595,20.387488871454586,22.283796310424805,2752300.0
2008-07-24,22.40613306737861,22.423610950714377,20.72829460314731,20.96424102783203,1348000.0
2008-07-25,21.243879848270627,21.899285452393514,20.79820383745315,21.25261878967285,1115100.0
2008-07-28,21.374971238565184,21.70704450944046,20.78073792949476,20.83316993713379,985800.0
2008-07-29,21.21766854440041,21.87307426755811,20.806946557813834,21.58469581604004,765600.0
2008-07-30,21.65460448673343,22.301271230874118,21.32253133876914,21.864334106445312,915400.0
2008-07-31,21.8468608892427,22.091546331244174,21.401184727088165,21.680824279785156,701100.0
2008-08-01,21.95172201194484,22.082802816796235,21.05163092954166,21.567216873168945,915000.0
2008-08-04,21.409912674785147,21.715768903495693,20.98171462130333,21.1564884185791,785600.0
2008-08-05,21.36622808087511,21.960461226447322,21.235145597668566,21.934246063232422,586300.0
2008-08-06,21.71577197425797,22.240096773793194,21.077844273768363,22.039104461669922,519000.0
2008-08-07,21.733258948803687,21.86433978683074,21.060375202339323,21.226411819458008,567800.0
2008-08-08,21.313796901703174,22.388663721764715,21.130284070706818,22.21388816833496,530700.0
2008-08-11,22.248839498542672,22.95667890137053,22.074065633737384,22.432353973388672,1159900.0
2008-08-12,22.2837918149711,22.423611551840064,21.846854720559904,22.170188903808594,382700.0
2008-08-13,22.187668197854226,22.449831490927846,21.506047302785348,21.759469985961914,888400.0
2008-08-14,21.584696995444673,22.36244462938467,21.584696995444673,22.074066162109375,592000.0
2008-08-15,21.969195754461694,22.83433096912374,21.969195754461694,22.388656616210938,562600.0
2008-08-18,22.502265656082514,22.511004600040597,21.29631972517995,21.46235466003418,528000.0
2008-08-19,21.165234348054227,21.383702916882633,20.798207085751187,21.20892906188965,728400.0
2008-08-20,21.46235839564905,24.346145399210542,21.278845540937457,23.708215713500977,2416700.0
2008-08-21,23.157665797565254,23.72568368188484,22.930458310480876,23.367395401000977,896600.0
2008-08-22,23.568388014834458,24.118929727890706,23.113974669808357,23.935415267944336,504000.0
2008-08-25,23.848036018110793,24.127675592751128,23.332449927323925,23.419836044311523,490700.0
2008-08-26,23.36739818352402,23.865506259344983,23.087758678977718,23.51595687866211,461200.0
2008-08-27,23.568393290508276,25.455961967087326,23.45479034551798,25.167583465576172,806100.0
2008-08-28,25.193801863391936,25.954073414645322,25.193801863391936,25.359838485717773,677200.0
2008-08-29,25.81425437046202,26.889119640427218,25.560829957155565,26.67938995361328,1130700.0
2008-09-02,26.91532986830675,28.383439073265862,26.277401979679993,26.862897872924805,1402300.0
2008-09-03,26.70559713600793,27.640642335124262,26.17253496648668,26.539562225341797,1221600.0
2008-09-04,26.20748695765452,26.53956008578157,24.77433380851162,25.307395935058594,1329000.0
2008-09-05,25.097666665982224,25.621991524394993,24.03154073174306,25.04523468017578,927400.0
2008-09-08,26.478387948264707,26.792983197852756,25.141361471081066,25.77928924560547,1172800.0
2008-09-09,25.814247809159124,26.023977442665306,24.54712939826179,24.79181480407715,1130900.0
2008-09-10,25.045238699264328,25.342356111151503,24.267491062327146,25.0801944732666,698200.0
2008-09-11,24.643253474731736,25.64820848638303,24.284965180723734,24.748117446899414,1080400.0
2008-09-12,24.35487148331284,25.2200066274837,24.223789037131542,24.818023681640625,1007200.0
2008-09-15,23.87424977925539,24.826773065968304,23.2013660506998,23.428573608398438,1002400.0
2008-09-16,22.607131152244477,23.92668001143121,22.257580063597885,23.830554962158203,1389400.0
2008-09-17,23.122709953925273,23.52469294260358,22.65955770624407,22.79937744140625,1162700.0
2008-09-18,23.568388014834458,24.302442521054214,22.589649784396695,23.935415267944336,1972600.0
2008-09-19,25.770559979496344,26.216236194822333,21.32253843843215,24.442270278930664,2258900.0
2008-09-22,27.09010586215495,27.09010586215495,23.052805480926644,23.227581024169922,981000.0
2008-09-23,23.341181533264862,23.673254697537953,22.633343823626017,22.816858291625977,563600.0
2008-09-24,23.00037017302248,23.673253750807774,22.572171987190803,22.7032527923584,662200.0
2008-09-25,22.64208209257069,23.507217415661884,21.61091019228536,23.105236053466797,1354800.0
2008-09-26,22.720736724016326,22.720736724016326,21.016680803001776,21.2001953125,1265800.0
2008-09-29,21.086589910075514,21.305058524284593,17.870733309015826,18.674697875976562,1589400.0
2008-09-30,18.97180830598611,19.627213963725925,18.797034463991828,19.548566818237305,1169900.0
2008-10-01,19.43497066933013,19.72334921717694,18.543618188064183,18.928123474121094,862000.0
2008-10-02,18.742887780849873,18.857549412937075,17.411040023720936,17.463960647583008,678600.0
2008-10-03,18.12548173239209,18.37244754841498,16.56431007385254,16.56431007385254,1034700.0
2008-10-06,15.832236840894607,16.05274152289973,14.385724982965304,15.232463836669922,1242000.0
2008-10-07,15.205993152225844,15.893967935133498,14.553299903869629,14.553299903869629,1135700.0
2008-10-08,14.112297781267237,15.576448541488354,14.08583745845174,15.011957168579102,1611100.0
2008-10-09,15.761669114399508,15.761669114399508,13.486060931167083,13.680105209350586,879200.0
2008-10-10,12.956851223408158,14.465102872092992,12.286517811560307,14.024093627929688,1422000.0
2008-10-13,14.809088147353245,15.144254363008935,14.21813581575483,14.985490798950195,740000.0
2008-10-14,15.073702288630306,15.699934864931382,14.800276916042332,15.100163459777832,982400.0
2008-10-15,14.941391211761099,14.941391211761099,13.194994454015797,13.23027515411377,630600.0
2008-10-16,13.344941499186636,13.75949047609742,12.551124255666505,13.159717559814453,1037400.0
2008-10-17,12.559944358736175,16.123300224175367,12.524663649234721,15.320663452148438,2689400.0
2008-10-20,15.444141119338743,16.132116020553443,14.764986603278695,16.11447525024414,827900.0
2008-10-21,16.0439158037216,16.0439158037216,14.994313395021436,15.355940818786621,432600.0
2008-10-22,14.932572878595689,15.488243771213769,14.209318006612877,14.764988899230957,857300.0
2008-10-23,14.85319220148672,15.100157995881613,13.847690773000593,14.63268756866455,1136400.0
2008-10-24,13.627187034636686,14.094656651378996,13.300840257578209,13.856512069702148,931800.0
2008-10-27,14.403361074273095,15.091336063888804,12.789267394531754,12.92156982421875,682300.0
2008-10-28,13.221459201774374,13.25673991370149,11.475062699644422,12.709888458251953,1208400.0
2008-10-29,12.339437753192808,13.230276577988713,12.286517117929519,12.842188835144043,788200.0
2008-10-30,13.177356300887585,13.918251991271973,12.842190003959796,13.918251991271973,716300.0
2008-10-31,13.82122615650617,16.09683319260668,13.239094241386248,15.620542526245117,1415700.0
2008-11-03,15.946889424864207,17.164073833935788,15.87632803422696,16.740705490112305,835400.0
2008-11-04,17.09352095784171,17.719755083710762,16.723073051891355,16.855377197265625,720000.0
2008-11-05,16.63486847228691,17.463964602371437,16.246779884009396,16.27324104309082,927300.0
2008-11-06,16.229140300643834,16.493746863899794,15.329481013743814,15.946894645690918,615800.0
2008-11-07,16.458472649921433,16.46729304085876,15.4441512445745,15.682296752929688,507000.0
2008-11-10,15.594090221352344,16.096840589780225,15.31184451853789,15.364765167236328,572800.0
2008-11-11,16.29087495148389,16.29087495148389,15.523520087696125,15.70874309539795,1355000.0
2008-11-12,15.488241270866386,15.805768405283352,14.703245502242707,15.003131866455078,1014600.0
2008-11-13,15.435326761669582,16.22032284149302,14.359264587347349,15.876336097717285,1832400.0
2008-11-14,15.699934670497507,16.537853240966797,15.699934670497507,16.537853240966797,5447100.0
2008-11-17,16.096837484616263,16.961215203321824,15.717569263753251,16.12329864501953,969900.0
2008-11-18,16.07037833501441,16.608410220984577,15.929255493172557,16.34380531311035,827100.0
2008-11-19,15.003137311708494,15.990997249270563,13.688929736182228,13.70656967163086,1425100.0
2008-11-20,13.530162990244516,14.341620021501098,12.586403529587587,13.336118698120117,1388100.0
2008-11-21,13.521344501265744,14.676788347556316,12.992133027089707,14.535665512084961,1602400.0
2008-11-24,14.826730853514826,15.470605651821675,14.24459876476811,15.117796897888184,1950100.0
2008-11-25,15.1177956661874,16.57312745179993,14.68560682837934,16.55548667907715,1106200.0
2008-11-26,16.405539742953486,19.492603609766164,15.964530619123105,18.61940574645996,1651000.0
2008-11-28,18.52239418029785,19.360312685190625,18.134305450233246,18.52239418029785,248100.0
2008-12-01,18.16957511611039,18.71642545378911,16.334977341574586,16.484920501708984,736000.0
2008-12-02,16.617230142428326,17.578630526936653,16.45846652923364,17.01413917541504,715600.0
2008-12-03,16.67896135548969,18.03726997340406,16.626040743015967,17.261093139648438,1239700.0
2008-12-04,17.15525610788477,17.904970295178966,16.714246970739314,17.07587432861328,826400.0
2008-12-05,17.005315148711674,17.605086240197128,16.220317638380642,17.375762939453125,648100.0
2008-12-08,17.710930124100265,20.048278642576737,17.710930124100265,19.122159957885742,1809800.0
2008-12-09,19.263282659820348,19.360305225532365,17.199359397531264,17.790311813354492,1151300.0
2008-12-10,17.9490717509771,18.13429477624404,17.31401753333889,18.010812759399414,933900.0
2008-12-11,17.852052026286092,17.95789497339173,16.652506476566174,16.82891082763672,1004200.0
2008-12-12,16.58194983259575,17.931438963413378,16.4584677607897,17.904977798461914,1074000.0
2008-12-15,18.39890964736113,18.39890964736113,16.617231563824607,17.05824089050293,391100.0
2008-12-16,17.269924790352892,17.993179801226567,16.98767909657946,17.80795669555664,609900.0
2008-12-17,17.543346336563737,18.09019851280324,17.543346336563737,17.66683006286621,869700.0
2008-12-18,17.384583265332793,17.84323327425772,16.72306941172378,16.934755325317383,960500.0
2008-12-19,17.138682744324395,17.386941562511204,16.393907980888816,16.677631378173828,492500.0
2008-12-22,17.05002964547968,17.085495938346174,15.525014565864739,15.941733360290527,461100.0
2008-12-23,16.048119987022535,16.05698655440436,15.55160405151391,15.675732612609863,387000.0
2008-12-24,15.835321726137968,15.835321726137968,15.312206277346512,15.640260696411133,112000.0
2008-12-26,15.62253685654383,15.773265138667622,15.196950024525169,15.525006294250488,738800.0
2008-12-29,15.516139036361974,15.5693367538288,14.815695376694801,15.010756492614746,398800.0
2008-12-30,14.895488809069453,15.294475811024231,14.691562870792342,15.285609245300293,654600.0
2008-12-31,15.13488230781561,16.659897920588826,15.072818033551517,16.322975158691406,799600.0
2009-01-02,16.447099006630737,17.05887839019,15.80872162234552,16.588960647583008,434400.0
2009-01-05,16.500305396469496,17.626332438256135,16.349577127566974,17.41353988647461,760700.0
2009-01-06,17.608601729119783,18.362241413972388,17.59973516103476,17.90119171142578,809600.0
2009-01-07,17.910052364815613,17.910052364815613,16.979083316834835,17.27167320251465,619100.0
2009-01-08,16.996819215414035,17.324875415151794,16.597832173993066,17.156414031982422,488200.0
2009-01-09,18.39771006886226,19.399608716469086,17.484473731337776,17.706132888793945,884400.0
2009-01-12,17.821388601474016,17.821388601474016,16.748557881366366,16.996816635131836,956300.0
2009-01-13,16.996825914461898,17.431277702394897,16.580107266720123,17.120954513549805,546800.0
2009-01-14,16.75742812979931,16.75742812979931,16.127917078454693,16.518035888671875,849000.0
2009-01-15,16.349579864487218,17.839129667433472,15.76439982634764,17.502206802368164,731800.0
2009-01-16,18.051914025962127,18.078512030309714,16.89041935721843,17.723857879638672,476200.0
2009-01-20,17.70612914946967,17.70612914946967,16.44710533336449,16.74856185913086,1233800.0
2009-01-21,16.890428806410092,17.13868769632812,16.30524870764827,17.094356536865234,384700.0
2009-01-22,16.7130957605062,16.925888284433178,16.08358306415482,16.526901245117188,651000.0
2009-01-23,16.234305934363878,17.40466527374578,15.9860489176005,16.854951858520508,549400.0
2009-01-26,16.863820161816072,17.777054323903727,16.659894250973615,17.129810333251953,451200.0
2009-01-27,17.15641057593049,17.688392626952428,16.961349532251997,17.38693618774414,211800.0
2009-01-28,17.88345861870849,18.72576398645794,17.555402363265298,18.25584602355957,515000.0
2009-01-29,17.839123928015884,18.087381021217894,16.92588788782739,17.023418426513672,330100.0
2009-01-30,17.16528116668587,17.16528116668587,15.808726872082689,16.030385971069336,419700.0
2009-02-02,15.80872631072998,16.393906175985578,15.507269811522594,15.80872631072998,418200.0
2009-02-03,16.030389907305292,16.269782198863187,15.666869030995212,15.9683256149292,582900.0
2009-02-04,16.092442347172877,16.278636778289172,15.613659807818197,15.853050231933594,696700.0
2009-02-05,16.358436540396127,18.619357893922817,16.163375518235586,18.566160202026367,1426300.0
2009-02-06,18.63708798368394,19.594654737353896,18.512957801327044,19.45279312133789,899100.0
2009-02-09,19.497128753381983,20.286234386443326,19.381866797871325,19.63899040222168,1148600.0
2009-02-10,19.107016914059233,20.21531259796348,18.690298345716236,18.92082405090332,856000.0
2009-02-11,18.982882067035433,19.169076559801198,17.688393947649754,18.663692474365234,670900.0
2009-02-12,18.131711732105487,18.938550572886275,17.91005267274539,18.885351181030273,883400.0
2009-02-13,19.00948609915927,19.39960492237418,18.131716210238473,18.41543960571289,624900.0
2009-02-17,17.85685562118732,17.910055020015573,17.280542329545035,17.581998825073242,1092900.0
2009-02-18,17.617469811307764,17.839128959108628,17.041154674125444,17.49333953857422,845400.0
2009-02-19,17.714994049708952,18.122847654297285,15.675731100141224,15.99492073059082,1284400.0
2009-02-20,15.445204956566176,15.613666333002705,14.381240682716486,15.170348167419434,1376300.0
2009-02-23,15.28561063707542,15.817592791077972,14.682697641947502,14.886625289916992,847700.0
2009-02-24,14.815690088009836,15.71119285280873,14.594031038043505,15.542733192443848,428500.0
2009-02-25,15.569334817088745,16.571234902978627,15.196947458894009,16.05698585510254,1169900.0
2009-02-26,16.278643124169232,16.899287523879394,16.181112589320325,16.71309471130371,1021500.0
2009-02-27,16.491442533858415,17.289415205099495,15.888529322792852,16.908161163330078,648700.0
2009-03-02,17.289413484655828,17.670667488487226,16.314112898578433,16.42937660217285,853700.0
2009-03-03,16.553497463232596,16.642161419002115,15.587063896705882,15.826456069946289,765000.0
2009-03-04,16.198848209885043,16.739695289829818,15.977189099266337,16.216581344604492,665200.0
2009-03-05,16.00378397616564,16.243176174623112,15.347673340156787,15.533867835998535,351800.0
2009-03-06,15.480677127702519,15.861931207787762,15.046225315154928,15.47181224822998,601000.0
2009-03-09,15.179214047441604,16.500301918220842,14.948688408824992,15.879655838012695,617600.0
2009-03-10,16.331841113040664,17.369205677054428,16.234310576495698,17.24507713317871,507600.0
2009-03-11,17.209616849607166,17.90119402967548,16.899293690943495,17.706132888793945,721700.0
2009-03-12,17.581995705810236,18.433167333682892,17.52879800754455,18.37110137939453,470300.0
2009-03-13,18.619368216027876,18.787829640068864,18.13171877253432,18.42430877685547,421800.0
2009-03-16,18.45977334034675,19.222281340939865,18.33564476020371,18.805561065673828,1017300.0
2009-03-17,18.805563402778247,19.718799803236056,18.743499104993543,19.62126922607422,695600.0
2009-03-18,19.630126718212146,21.075344803126974,19.204541709244694,20.78275489807129,1250400.0
2009-03-19,21.066478729248047,21.421132911668142,20.623160578441794,21.066478729248047,1235100.0
2009-03-20,21.25267646710098,21.25267646710098,20.312842243058167,20.49903678894043,1179900.0
2009-03-23,21.181745989905316,21.181745989905316,20.277378021845653,20.933488845825195,1157500.0
2009-03-24,20.490171280635927,20.58770015149923,19.878391585561495,19.958189010620117,970200.0
2009-03-25,20.525627676996542,21.65165605605564,19.78085313424284,20.63202476501465,585900.0
2009-03-26,21.146281835617792,22.165913519279655,21.01328669272711,22.07724952697754,687200.0
2009-03-27,21.73145851183146,22.02404845813734,20.977817228581543,21.55413055419922,633200.0
2009-03-30,21.073374135579016,21.295948851122475,20.209784850590115,20.61041831970215,385300.0
2009-03-31,20.637123359157822,21.919153914263756,20.637123359157822,21.58974266052246,609200.0
2009-04-01,21.251429572242397,22.631391803717527,21.011048528635275,22.284175872802734,907200.0
2009-04-02,22.506748481949693,24.14489798812915,22.506748481949693,23.637426376342773,622700.0
2009-04-03,22.93410016222436,23.88671972575739,22.93410016222436,23.860010147094727,702900.0
2009-04-06,23.566201211672535,24.972872805264103,23.468269529192956,24.768104553222656,1056200.0
2009-04-07,24.456506199614793,24.456506199614793,22.880678693114266,23.0765438079834,970000.0
2009-04-08,23.21898779338097,23.290211614601684,22.59577808411733,22.96080207824707,440300.0
2009-04-09,22.248561892799387,24.207219499312608,21.509614119981272,23.601816177368164,1136200.0
2009-04-13,23.57510647538702,23.664136674838794,22.266368147208365,23.423755645751953,561800.0
2009-04-14,23.263500362908626,23.815486211043137,23.058732103967486,23.147762298583984,487200.0
2009-04-15,22.78273993633968,23.851098871175168,22.453328727030662,23.673038482666016,533900.0
2009-04-16,23.815488971305875,24.438698707742894,23.147764981456177,24.349668502807617,571700.0
2009-04-17,24.509923894832852,24.803722398777662,24.144901562601724,24.394184112548828,469600.0
2009-04-20,24.24282718421558,24.24282718421558,22.631387412125157,22.916282653808594,404800.0
2009-04-21,22.942993180462278,24.32295520195647,22.622485171089316,24.118186950683594,820800.0
2009-04-22,22.702615760773924,24.331862235681537,22.26636962247734,23.70865249633789,1209700.0
2009-04-23,24.39417992888579,24.919456209202437,22.204046311112435,23.147762298583984,829100.0
2009-04-24,22.78274233956141,24.207220503565576,22.533458108974962,23.98464584350586,1286300.0
2009-04-27,23.690852000706794,24.17161247758982,23.54840432621477,23.77988052368164,797400.0
2009-04-28,23.468273194745894,24.340765473023627,23.28130959333785,23.824392318725586,736000.0
2009-04-29,24.15380296847564,24.857139756121295,23.931228293617146,24.74140167236328,622200.0
2009-04-30,25.195448736702605,25.50705357440163,24.670172446952467,24.75029945373535,967400.0
2009-05-01,24.71468425541441,24.883841430085777,24.127087436144897,24.794811248779297,547700.0
2009-05-04,24.79481551248058,25.533763257607273,23.770972496670307,25.51595687866211,783600.0
2009-05-05,25.346797479436376,25.934394348852756,25.266670479233266,25.80084991455078,503500.0
2009-05-06,26.46858286152638,26.46858286152638,25.31119510317225,25.720731735229492,421100.0
2009-05-07,25.996717303536695,25.996717303536695,25.346798097366037,25.81865692138672,837700.0
2009-05-08,26.48638626591302,26.566513284583067,24.81262546081532,25.391319274902344,565700.0
2009-05-11,24.990683121905057,25.28448161186769,24.376376570852308,24.590049743652344,791700.0
2009-05-12,24.839330526044495,24.92836072540003,22.702614232060743,23.477174758911133,780500.0
2009-05-13,23.147772701214265,23.254609322388486,21.856838544402354,21.981481552124023,701300.0
2009-05-14,21.8924503326416,22.23966636414457,21.36717383989534,21.8924503326416,588800.0
2009-05-15,21.847926214879852,21.928051518388372,20.88640219546191,21.00214195251465,902700.0
2009-05-18,21.100085682008753,21.785614579298322,20.77957751831824,21.741100311279297,787800.0
2009-05-19,21.803413704270497,22.123921761217964,21.45619777465068,21.81231689453125,410600.0
2009-05-20,22.05269439855773,23.308015156020467,21.687672146989676,21.821216583251953,462300.0
2009-05-21,21.6965756558562,21.6965756558562,20.41454531298662,20.60150718688965,510600.0
2009-05-22,20.735057183622892,21.046660364807966,20.325518905606824,20.36113166809082,369700.0
2009-05-26,20.12965222181474,21.59864459645161,20.09403946213392,21.554128646850586,412400.0
2009-05-27,21.447295649249913,22.34649753291249,21.331555868223546,21.963668823242188,774200.0
2009-05-28,22.08831007813183,22.50675155025851,21.189108195231718,21.6075496673584,581400.0
2009-05-29,21.705479425128825,22.364301892701743,21.331553939962234,21.90134620666504,392500.0
2009-06-01,22.435526631917813,23.29021251978406,22.008181989874778,22.87177276611328,456800.0
2009-06-02,22.96080872160721,23.48608349377158,22.658106969309575,23.290218353271484,316000.0
2009-06-03,22.987514697252877,23.01422427251788,21.571939472301377,22.043798446655273,365100.0
2009-06-04,22.01708573330783,22.15953338486448,21.429488746109165,21.767803192138672,356400.0
2009-06-05,22.052694390737035,22.21294839343879,21.331551378579142,21.52741813659668,328300.0
2009-06-08,21.474004626772896,21.53632526185691,21.082272737246306,21.295944213867188,222700.0
2009-06-09,21.331551208077382,21.518514775771585,21.002141714587516,21.40277671813965,247500.0
2009-06-10,21.50071404004245,21.625357017248106,20.69944552079498,21.224721908569336,289300.0
2009-06-11,21.224719057405974,22.034890658915284,20.681636360397157,21.90134620666504,602200.0
2009-06-12,21.812318568803782,22.284177500183233,21.36716921025677,22.22185516357422,427000.0
2009-06-15,22.106113926993007,22.204047315311257,21.723285261505087,21.945859909057617,604800.0
2009-06-16,22.15953482900454,22.506752488148305,21.429490142672105,21.51852035522461,513400.0
2009-06-17,21.23362248703151,21.47400352266176,20.93982400952005,21.14459228515625,362300.0
2009-06-18,21.091172391220294,21.091172391220294,20.539186562255306,20.60150718688965,550700.0
2009-06-19,20.87750840639775,20.95763543757467,20.147461933662484,20.236492156982422,498300.0
2009-06-22,20.003985040308965,20.325907633032838,19.807252766607995,19.959272384643555,349800.0
2009-06-23,19.878795977371436,20.28120144477321,19.74466139010878,20.1202392578125,202500.0
2009-06-24,20.04869883667761,21.425816420026916,19.88773666465714,20.683603286743164,525800.0
2009-06-25,20.504759965826324,21.273800779216216,20.1470671592312,21.26485824584961,221800.0
2009-06-26,21.318505415098727,22.132256948262548,21.050236316153,21.855045318603516,739500.0
2009-06-29,22.168033526671934,22.5883223589095,21.935532777259503,22.35582160949707,263000.0
2009-06-30,22.445240633424632,22.99072140899807,22.22168246318258,22.570432662963867,364300.0
2009-07-01,22.641974377827527,22.892360177559496,22.320050021831246,22.633031845092773,428100.0
2009-07-02,22.194855936422453,22.194855936422453,21.694086088562358,21.863990783691406,494100.0
2009-07-06,21.568903120286308,21.837172368013434,21.17544007875415,21.792461395263672,420600.0
2009-07-07,21.801394443663785,22.141203855483848,21.41687578066649,21.43475914001465,344700.0
2009-07-08,21.4437010175961,21.756682822414827,20.272256588191443,20.746200561523438,453800.0
2009-07-09,20.880332271518817,21.13965884754696,20.540522916651533,20.77302360534668,383200.0
2009-07-10,20.701489300723008,20.933990037011338,20.254372893771695,20.31696891784668,533400.0
2009-07-13,20.406391294418096,20.76408405701695,19.968217447032792,20.594181060791016,777500.0
2009-07-14,20.46898748947894,20.871392916847768,20.156007385540573,20.835622787475586,793600.0
2009-07-15,21.22014591131949,22.01601433727234,21.22014591131949,21.899763107299805,556600.0
2009-07-16,21.944477095997936,22.650920229415654,21.944477095997936,22.543611526489258,272500.0
2009-07-17,22.57938231310798,23.071209760454824,22.57938231310798,23.026498794555664,289700.0
2009-07-20,23.15169486661892,23.965446867106742,23.04438784766136,23.661407470703125,350500.0
2009-07-21,24.028030596267783,24.10850996071432,23.54514417590868,23.911779403686523,342100.0
2009-07-22,23.822364781942532,24.940155947846204,23.58092318637395,24.537752151489258,704900.0
2009-07-23,24.37678934174213,26.23679372711634,24.14428858036861,25.521408081054688,1287800.0
2009-07-24,25.253134646462286,25.879098303063138,24.600345096839003,24.68082618713379,681800.0
2009-07-27,24.582459647067505,24.62717231076266,23.697169373268117,23.87601661682129,612300.0
2009-07-28,23.59880678509919,24.519867329049077,23.59880678509919,24.42150115966797,516300.0
2009-07-29,24.394671576389023,24.394671576389023,23.536207195193008,23.87601661682129,338800.0
2009-07-30,24.519867609663365,24.88650298349834,24.09957873628556,24.457271575927734,544200.0
2009-07-31,24.582458490048708,24.931208722387726,24.341015234300013,24.412553787231445,371600.0
2009-08-03,24.53774936466313,25.217366521020068,24.484094166751486,25.110057830810547,331400.0
2009-08-04,25.038519488114215,25.762847610019946,24.546692108986054,25.333616256713867,325500.0
2009-08-05,25.22630339051675,25.494574221143388,24.823899702997043,25.262073516845703,126500.0
2009-08-06,25.306787825923088,25.503520135600578,24.072747299316358,24.25159454345703,394200.0
2009-08-07,24.501973899764014,25.449860016912698,24.171108779391894,24.61822509765625,775100.0
2009-08-10,24.60034271240068,24.67188126288272,23.92966816202644,24.233707427978516,210000.0
2009-08-11,24.20688507367684,24.41255823764727,23.73294271371141,23.974384307861328,196800.0
2009-08-12,24.010146203651505,24.814955221049352,23.956492723988546,24.5645694732666,162100.0
2009-08-13,24.510921469122472,24.88649932189062,24.296305796914066,24.850730895996094,173600.0
2009-08-14,24.85072691310299,24.85072691310299,23.49149283468411,23.777647018432617,265000.0
2009-08-17,23.14274426790889,23.19639946430868,22.802936552112158,22.972841262817383,209900.0
2009-08-18,23.115912902224274,23.992260435232186,23.05331689352561,23.74187469482422,281700.0
2009-08-19,23.43784322473384,23.804480278744307,23.43784322473384,23.571979522705078,265400.0
2009-08-20,23.607743199462504,24.421494828995716,23.500436229421606,24.296302795410156,219700.0
2009-08-21,24.546688149658397,25.01168785459631,24.537745618038542,24.940149307250977,168700.0
2009-08-24,25.136885664623115,25.38726976809509,24.314191384042797,24.43044090270996,226000.0
2009-08-25,24.439379366343466,24.82389969620702,24.126397583504748,24.206878662109375,252500.0
2009-08-26,24.242645756650038,24.430433779500454,23.8402404139516,24.16216468811035,217100.0
2009-08-27,24.224760590231075,24.537742332565383,23.48254762129654,24.314184188842773,210700.0
2009-08-28,24.43044464063027,24.671887953588648,23.98332815246174,24.394676208496094,221900.0
2009-08-31,24.376781652002787,24.40360924487246,23.31264434675966,23.54514503479004,289100.0
2009-09-01,23.366301326433298,23.688225666630167,22.44524267293569,22.588319778442383,407000.0
2009-09-02,22.606205787526918,22.704570235663933,21.81927996874854,21.88187599182129,344800.0
2009-09-03,21.935531841250477,22.203801006871622,21.676203502951445,21.989185333251953,258900.0
2009-09-04,21.98917597778009,22.114367974390845,21.747732808076744,21.8729248046875,444900.0
2009-09-08,22.659863416217686,23.500442878911254,22.364766606686775,23.026498794555664,637400.0
2009-09-09,23.026492028178296,23.357358877693912,22.76716372644801,22.847644805908203,450500.0
2009-09-10,22.88341486280514,23.571974449147074,22.26639382403032,23.50937843322754,528100.0
2009-09-11,23.661402363132932,24.72554002083994,23.60774886523584,24.70765495300293,481300.0
2009-09-14,24.609283554892972,24.609283554892972,23.741876771033663,23.92966651916504,426700.0
2009-09-15,24.081687565357626,24.314188278610512,23.697167220578372,24.1800537109375,207700.0
2009-09-16,24.19794704499075,25.89698958239226,24.180063679378392,25.431989669799805,419300.0
2009-09-17,25.33361856403157,26.612371912966733,25.0385217685553,26.326217651367188,786400.0
2009-09-18,26.353042143516916,26.657081456673282,26.057945363760897,26.415639877319336,457700.0
2009-09-21,26.2010241535768,26.907468986616195,25.99535098912759,26.58554458618164,635300.0
2009-09-22,26.48717789308062,26.657080907344415,25.53034730632743,25.610828399658203,388800.0
2009-09-23,25.852275162423062,25.986409767506785,25.154772828128042,25.163715362548828,193000.0
2009-09-24,25.199481225848817,25.38726929999026,24.01015163944511,24.32313346862793,235500.0
2009-09-25,24.35890543508097,24.6897723781616,23.92073149278403,24.28736686706543,432400.0
2009-09-28,24.30524579746257,25.306785496752827,24.20687965167719,25.27101707458496,234800.0
2009-09-29,25.145828541795257,25.77179051465484,25.119000942221664,25.405155181884766,387200.0
2009-09-30,25.575063566259825,25.843332777984173,24.77919505433136,25.557178497314453,436500.0
2009-10-01,25.61977733225628,25.807567165472705,25.271026977786942,25.54823875427246,926700.0
2009-10-02,25.03671809709581,25.50335268667993,24.812374741903906,25.018770217895508,757900.0
2009-10-05,25.099540047685075,25.682834281877792,24.911092405207583,25.350805282592773,338200.0
2009-10-06,25.51233444252345,26.38278631117196,25.49438655782443,25.95204734802246,664300.0
2009-10-07,25.934103025150343,26.41868570895018,25.72770745757844,26.248184204101562,924500.0
2009-10-08,26.35586444393748,26.921209081543978,26.266126738011458,26.427654266357422,457400.0
2009-10-09,26.49945562769928,26.634061389398852,26.023846777315327,26.44561195373535,322800.0
2009-10-12,26.39176387820417,26.669949282827375,26.149472536304252,26.248184204101562,228700.0
2009-10-13,26.212286739867107,26.54431578457642,25.961023182188878,26.418684005737305,219500.0
2009-10-14,26.65200601853686,26.822505830404893,26.499452384188416,26.64303207397461,329500.0
2009-10-15,26.43662968903248,26.75968478473702,26.337919741037435,26.696868896484375,320200.0
2009-10-16,26.607136449276904,26.607136449276904,25.99692190836155,26.33792495727539,421300.0
2009-10-19,26.562264736348837,26.65200245837933,26.050761945861133,26.51739501953125,352800.0
2009-10-20,26.607131909600575,26.607131909600575,25.700784197481518,26.12255096435547,505500.0
2009-10-21,26.12254757164598,26.526364688303044,25.18030420957069,25.377727508544922,535200.0
2009-10-22,25.808471933466063,25.94307766761281,24.87520231505306,25.198257446289062,406800.0
2009-10-23,25.10851821464163,25.350809548545595,23.439404130380776,23.49324607849121,688000.0
2009-10-26,23.27788392647674,24.09449419575406,22.86509096297539,22.999696731567383,465500.0
2009-10-27,22.838168121267792,22.963799928804782,22.470244932105167,22.757404327392578,505200.0
2009-10-28,22.479212854463093,22.5868984628463,22.10231579252888,22.40742301940918,672900.0
2009-10-29,22.479210355568984,22.972766914352672,22.4163944708303,22.820213317871094,338200.0
2009-10-30,22.73945280540118,22.73945280540118,21.833105039031597,22.299739837646484,568300.0
2009-11-02,22.434339198744336,23.152237368462455,21.994626355841454,22.245891571044922,707900.0
2009-11-03,22.111293976390893,22.80227234105436,21.68952882851313,22.757404327392578,402600.0
2009-11-04,22.766376243676202,23.23300936363288,22.281793523607337,22.43434715270996,324200.0
2009-11-05,22.533055125002655,22.990715937102394,22.45229135159655,22.90995216369629,480100.0
2009-11-06,22.595870838166856,23.403506854379668,22.559975067328505,23.053531646728516,234900.0
2009-11-09,23.286850230867326,23.986800682494525,23.286850230867326,23.941932678222656,212100.0
2009-11-10,23.83424321891194,24.30087791896822,23.636821635782457,24.24703598022461,295600.0
2009-11-11,24.52522567793204,25.045702409062066,24.399593894709003,24.605989456176758,252700.0
2009-11-12,24.605987381381503,24.67777721025625,23.843219379834494,23.95987892150879,140700.0
2009-11-13,23.915008732944095,24.516249179660715,23.834244963116152,24.23806381225586,145200.0
2009-11-16,24.336781248451643,24.8572580489882,24.336781248451643,24.71367835998535,438500.0
2009-11-17,24.740597493634386,24.90212506521145,24.36370039715618,24.80341339111328,331700.0
2009-11-18,24.94699300533291,25.305943924112817,24.77649320167777,24.95596694946289,268500.0
2009-11-19,24.794436546492538,24.86622637972824,24.282933770737582,24.722646713256836,254300.0
2009-11-20,24.704700909571752,24.713674852811533,24.130380523458562,24.435487747192383,141600.0
2009-11-23,24.920068873476552,25.153386248487383,24.668803613094607,24.92904281616211,140700.0
2009-11-24,24.8482842470506,24.8482842470506,24.273963776138935,24.579071044921875,103100.0
2009-11-25,24.68674921315884,25.045698329329657,24.605985448069855,24.902118682861328,106300.0
2009-11-27,24.345750344658303,24.82135907295597,24.24704039093968,24.30088233947754,42300.0
2009-11-30,24.291905087547665,24.5700904473097,23.834244308297862,24.193193435668945,259900.0
2009-12-01,24.5072772646456,24.875200374696245,24.408567313493606,24.570093154907227,134700.0
2009-12-02,24.650856058294842,25.449519851974106,24.47138233699059,24.964937210083008,264300.0
2009-12-03,24.91109594334364,25.26107116428293,24.480356946556107,24.54317283630371,116900.0
2009-12-04,24.88417419675869,25.19825535814346,24.45343519854196,24.704700469970703,119300.0
2009-12-07,24.588043212890625,24.677780940449583,24.417541701689085,24.588043212890625,145100.0
2009-12-08,24.363691342331787,24.480350861382806,24.004742267567508,24.211137771606445,197400.0
2009-12-09,24.112431043304223,24.44445833963914,23.897059858281477,24.157299041748047,103700.0
2009-12-10,24.327808875321693,24.839311764383982,23.879121890304944,24.058595657348633,231800.0
2009-12-11,24.013721799953135,24.390618844116702,23.753482590400022,24.04961585998535,396400.0
2009-12-14,24.273968470072326,24.273968470072326,23.72657143860804,24.004756927490234,494500.0
2009-12-15,23.959876345548786,24.16627186742324,23.565031473385744,23.915006637573242,255400.0
2009-12-16,24.03167251079197,24.184226134972533,23.67272159864608,23.798355102539062,248300.0
2009-12-17,23.62785026755867,23.816299641093412,23.304795176701717,23.376585006713867,332300.0
2009-12-18,23.45734813559625,23.59195556082846,23.25992653638259,23.475296020507812,798700.0
2009-12-21,23.673477145112802,23.95273000204722,23.484304635583204,23.781574249267578,262500.0
2009-12-22,23.66447283731676,24.286035588554363,23.66447283731676,24.240995407104492,258400.0
2009-12-23,24.34909226543602,24.412149201600634,24.105871181795955,24.15991973876953,191900.0
2009-12-24,24.304044662476628,24.376109960910117,24.150905688533932,24.286027908325195,97900.0
2009-12-28,24.24099336541091,24.457189310872245,23.78157633699084,23.898683547973633,227300.0
2009-12-29,23.898677498009306,23.961734418034382,23.682481607278092,23.69148826599121,292100.0
2009-12-30,23.547361403181466,23.727525533090063,23.367198991445346,23.55636978149414,320400.0
2009-12-31,23.64645942999781,23.64645942999781,23.358198104235047,23.46629524230957,426900.0
2010-01-04,23.63744522264007,23.66447035958406,23.15100478485647,23.268110275268555,377000.0
2010-01-05,23.160009179818108,23.20505107031811,22.673568789625143,22.808691024780273,714200.0
2010-01-06,22.664564209934188,22.84472836578347,22.547458711353066,22.62853240966797,411400.0
2010-01-07,22.56547743862042,22.637542769097937,22.088045268521743,22.331266403198242,663800.0
2010-01-08,22.367292365537168,22.421340919731,21.961923913652,22.17812156677246,448100.0
2010-01-11,22.11506093236173,22.313241810253526,21.93489852848203,22.268199920654297,719600.0
2010-01-12,22.115068614732877,22.376306510640465,22.06102004661072,22.304241180419922,310100.0
2010-01-13,22.448366453615105,22.86274157339662,22.097048267872292,22.835718154907227,427800.0
2010-01-14,22.664558456071816,22.862737602656008,22.484394345960883,22.790672302246094,333600.0
2010-01-15,22.745632103235696,22.745632103235696,22.349272092427707,22.556461334228516,347500.0
2010-01-19,22.574480212574525,22.781669489636382,22.331260856482693,22.682579040527344,234300.0
2010-01-20,22.466379204363356,22.75464040465419,22.286215095095443,22.646541595458984,221800.0
2010-01-21,22.700593443295894,22.862739091145553,22.033987223389104,22.088037490844727,283300.0
2010-01-22,22.033988868018866,22.187127867562044,21.637630519460966,21.77275276184082,338800.0
2010-01-25,21.916877529360622,22.03398298330126,21.40341211454724,21.637624740600586,241900.0
2010-01-26,21.529531608485513,22.088039051105458,21.43944954120197,21.7457275390625,375200.0
2010-01-27,21.36738174873596,21.36738174873596,20.133263240289743,20.88094139099121,1137100.0
2010-01-28,20.817882201495696,20.971021165972722,20.268383261047763,20.610692977905273,434200.0
2010-01-29,20.718791749383247,20.907962501502816,20.475570738224825,20.547636032104492,476400.0
2010-02-01,20.646738153089323,20.944007873535156,20.430542148962637,20.944007873535156,806200.0
2010-02-02,21.043089222514702,21.46647266545248,20.953007163671753,21.421432495117188,445500.0
2010-02-03,21.241273729373525,21.30433067099968,20.781856659875096,21.007061004638672,288300.0
2010-02-04,20.799865419769386,20.880939090155525,20.358465279984923,20.547636032104492,294100.0
2010-02-05,20.51161215235112,20.889955520629883,20.27739942740019,20.889955520629883,313500.0
2010-02-08,20.781844585054078,20.962008643453803,20.28639600171253,20.331436157226562,349300.0
2010-02-09,20.466569794965203,20.66475071374065,19.88103885476262,20.18731689453125,414000.0
2010-02-10,20.22333875715575,20.35846093960082,19.72788846396147,19.980117797851562,281100.0
2010-02-11,19.98012735799384,20.12425798398881,19.817979974206356,20.10624122619629,347900.0
2010-02-12,19.79995979471498,20.376483917236328,19.72789449417135,20.376483917236328,255300.0
2010-02-16,20.45756026968848,21.583581906324948,20.313429637652824,21.457468032836914,766300.0
2010-02-17,21.466474460013767,21.637630214306462,21.37639239364011,21.385400772094727,177000.0
2010-02-18,21.358375810392236,21.67366218617732,21.322344014453307,21.556556701660156,240200.0
2010-02-19,21.466466968250657,21.565557378496532,21.331344774933857,21.48448371887207,192000.0
2010-02-22,21.646631038120994,21.646631038120994,21.304319649001734,21.48448371887207,146300.0
2010-02-23,21.32233844713754,21.808778733423665,21.250273155903592,21.637624740600586,749800.0
2010-02-24,21.691680964653987,21.7547379020527,21.47548501435583,21.709697723388672,539600.0
2010-02-25,21.520521193839897,21.799775747815293,21.295316906024336,21.529529571533203,446200.0
2010-02-26,21.493505323523273,21.592594076586774,21.025079828080113,21.25028419494629,287100.0
2010-03-01,21.196230306226003,21.790769548027253,21.088131481274623,21.781761169433594,338200.0
2010-03-02,21.9709262252669,22.20513885299414,21.682665058270942,21.79076385498047,197300.0
2010-03-03,21.70069699528891,21.97994998144526,21.51152439822131,21.718713760375977,271300.0
2010-03-04,21.8448198835055,21.97994213708853,21.520525100368104,21.61961555480957,535400.0
2010-03-05,21.592592579512438,22.070026422709187,21.57457753722363,22.01597785949707,457600.0
2010-03-08,21.979935352121128,22.718605047316846,21.979935352121128,22.61050796508789,316100.0
2010-03-09,22.6015054815095,23.060922496198316,22.403326300303036,22.96183204650879,330700.0
2010-03-10,23.114969325240452,23.141994459911956,22.925798537057318,23.078937530517578,309100.0
2010-03-11,22.92579494386192,23.40322688768925,22.718605713531744,23.358186721801758,238200.0
2010-03-12,23.475293761494505,23.475293761494505,23.024885199664446,23.087942123413086,221400.0
2010-03-15,23.114968821641586,23.114968821641586,22.48439610509098,22.637535095214844,306500.0
2010-03-16,22.736627728612657,23.015880601715534,22.6015054815095,22.96183204650879,215400.0
2010-03-17,23.069933244978234,23.961742229278226,22.952826025465633,23.844635009765625,384400.0
2010-03-18,23.817491287943643,24.00737934169949,23.148359245438492,23.338247299194336,266500.0
2010-03-19,23.293052673339844,23.51911102413931,23.13029038481409,23.293052673339844,281200.0
2010-03-22,23.066993364901407,23.889845589675243,23.039865743043887,23.826549530029297,297300.0
2010-03-23,23.85366901858486,23.98026282855387,23.473891038053452,23.60048484802246,155600.0
2010-03-24,23.392518515720866,23.537195719883307,23.22975622986604,23.47389793395996,155900.0
2010-03-25,23.54623731656319,24.0706925917943,23.103161456307987,23.13028907775879,248700.0
2010-03-26,23.329221112629817,23.70899921096046,22.97657063728292,23.293052673339844,308100.0
2010-03-29,23.519106922471696,24.10685818711044,23.25687845342583,24.05260467529297,213600.0
2010-03-30,23.998351804572604,24.369087307157322,23.989309264913455,24.278663635253906,273700.0
2010-03-31,24.305791710689306,24.513766692136784,23.980268877188667,23.998353958129883,332700.0
2010-04-01,24.01642883433955,24.79406979334941,24.01642883433955,24.34195327758789,140100.0
2010-04-05,24.332918307115676,24.76694988329247,24.206326195236155,24.631315231323242,94400.0
2010-04-06,24.504717277037702,24.577055855820227,24.378123470652458,24.522802352905273,85000.0
2010-04-07,24.378123470652458,24.884495246817906,24.378123470652458,24.522802352905273,430400.0
2010-04-08,24.405260952913967,25.31853695726359,24.19728767040453,25.12864875793457,454400.0
2010-04-09,25.28236270716025,26.367443377078892,25.101517078632593,26.286062240600586,593800.0
2010-04-12,26.24085528426513,26.376489957609692,25.815864456513463,25.906288146972656,384500.0
2010-04-13,25.906288146972656,26.0328820034909,25.607891175739237,25.906288146972656,242300.0
2010-04-14,26.087126179696618,26.439776548959635,25.87011043517416,26.39456558227539,307500.0
2010-04-15,26.267980462194373,26.729139718642543,25.951500141317744,26.548294067382812,264600.0
2010-04-16,26.58445989399009,26.72913709064865,25.86107391069728,26.42169761657715,354100.0
2010-04-19,26.48499443915833,26.48499443915833,25.635014646084173,26.078088760375977,405700.0
2010-04-20,26.21371759919449,26.792426236530012,26.09616805399363,26.747215270996094,266400.0
2010-04-21,26.747225395769128,27.687629012103244,26.747225395769128,27.56103515625,411100.0
2010-04-22,27.271680313207117,29.288120463145834,26.97328334808026,29.09823226928711,735400.0
2010-04-23,29.007803749446122,30.52691240636595,29.007803749446122,29.342369079589844,706500.0
2010-04-26,28.95354943342747,31.639123322609535,28.944505169166113,29.48704719543457,1476200.0
2010-04-27,28.854084748604713,29.17056502696458,28.166867226888115,28.31154441833496,696400.0
2010-04-28,28.546644061069827,28.555686600733384,27.579114738014177,27.75996208190918,858900.0
2010-04-29,28.067404078143287,29.116314628645668,28.040276456691444,29.05301856994629,386900.0
2010-04-30,28.890259291511764,29.478008961825044,28.763665436275147,28.817920684814453,360800.0
2010-05-03,28.94450460812672,29.912037352145088,28.88121028171675,29.649808883666992,327000.0
2010-05-04,29.25194554807823,29.25194554807823,28.62802581983199,28.96259117126465,377700.0
2010-05-05,28.655161511108993,29.550352513294804,28.329636883154656,28.691329956054688,1066500.0
2010-05-06,28.465267264738994,28.908341427615827,14.38635338068908,27.787092208862305,578200.0
2010-05-07,27.533905563707997,27.78708979208072,26.620629694263602,26.79243278503418,451800.0
2010-05-10,28.148783258500593,28.54664641303681,27.98602270521091,28.46526527404785,276600.0
2010-05-11,28.184959806442446,28.908345956155188,27.72380048924234,28.203044891357422,232200.0
2010-05-12,28.356758607728917,29.315243757882364,28.320588445623674,29.17056655883789,417900.0
2010-05-13,28.989723919244852,29.260993248185514,28.46526689383313,28.935468673706055,319500.0
2010-05-14,28.682275986985115,28.682275986985115,27.226461732954647,27.633365631103516,404800.0
2010-05-17,27.922720403598838,28.130695349962917,26.412650893506697,27.362096786499023,897300.0
2010-05-18,27.67858273386066,28.329630109412356,27.253591965717796,27.47060775756836,360500.0
2010-05-19,27.362096987355592,27.678578954009563,27.036572481690026,27.371139526367188,326600.0
2010-05-20,26.66584004942026,27.072745727948366,25.888198852539062,25.888198852539062,461100.0
2010-05-21,25.490328982423968,26.873804381080543,25.273313267432496,26.41264533996582,506600.0
2010-05-24,26.186599623236564,27.497738802548263,25.90628773944224,26.864774703979492,579300.0
2010-05-25,26.03288128530676,27.054664302648302,25.535551863845548,26.937114715576172,496400.0
2010-05-26,27.15412900929098,27.769006258658507,26.656799615716036,26.765308380126953,554400.0
2010-05-27,27.48869043162533,28.175907908001967,27.172208449457553,28.022188186645508,334300.0
2010-05-28,27.91368332308537,28.356757442539017,27.633369752352667,27.741878509521484,306800.0
2010-06-01,27.461566334333526,27.877512828337554,26.756263732910156,26.756263732910156,336600.0
2010-06-02,26.96423248754787,27.298799514770508,26.711048307183816,27.298799514770508,162900.0
2010-06-03,27.172212501347985,27.551990591643797,27.000409400150776,27.262636184692383,175500.0
2010-06-04,26.64775911989545,26.683929285704206,24.757911073598795,24.920673370361328,647300.0
2010-06-07,24.83929676840155,25.1105678875536,24.414307590492047,24.658451080322266,410900.0
2010-06-08,24.66748450099667,25.00204984879451,24.21536786096535,24.68556785583496,323400.0
2010-06-09,24.803117054840552,25.228106039715865,24.23344917065215,24.387168884277344,280400.0
2010-06-10,24.776002064200824,25.345670238703853,24.676537533886858,25.228118896484375,154900.0
2010-06-11,24.84833061506457,25.291404724121094,24.721738505245032,25.291404724121094,158000.0
2010-06-14,25.481299133935114,26.584463332307088,25.481299133935114,26.005754470825195,482100.0
2010-06-15,26.0600010074503,26.331272007045193,25.734476497811624,26.2318058013916,214400.0
2010-06-16,25.960540362741156,26.12330265242541,25.662143406549475,25.7435245513916,177500.0
2010-06-17,26.014793492770004,26.376486482261903,24.775993063486005,25.047264099121094,372500.0
2010-06-18,25.03819200637185,25.13801862426124,24.475535247728036,24.64796257019043,248900.0
2010-06-21,25.047264099121094,25.383041665614623,24.865761495493107,25.047264099121094,311700.0
2010-06-22,25.101711001098412,25.383038443163045,24.185126257920725,24.23957633972168,140600.0
2010-06-23,24.24865132207525,24.448304504274052,23.56801925025978,24.157901763916016,197100.0
2010-06-24,23.96733503017248,24.284963824259545,23.695082767205093,23.94918441772461,207300.0
2010-06-25,24.049002135968728,24.049002135968728,23.087042535192346,23.803974151611328,387900.0
2010-06-28,23.713222327754586,23.894724919014703,23.431894869144703,23.622472763061523,398400.0
2010-06-29,23.123342688978106,23.595248065717353,22.905540606853165,23.44097137451172,512200.0
2010-06-30,23.341139440245907,23.9310218919159,23.30483996698402,23.53171730041504,538600.0
2010-07-01,23.568030975942975,23.568030975942975,22.878323258977414,23.16872787475586,755600.0
2010-07-02,23.032593903049232,23.168721733807686,22.379187585345182,22.869243621826172,443700.0
2010-07-06,23.250396620646576,23.450048108710888,22.406412419071263,22.7149658203125,288900.0
2010-07-07,22.669594850971336,23.450053848790542,22.46994331403653,23.359302520751953,336200.0
2010-07-08,23.56802389610291,24.094379399493818,23.395598316861506,23.99455451965332,354700.0
2010-07-09,23.98548451638757,24.203286662722164,23.912883800942705,24.121610641479492,154100.0
2010-07-12,24.058079006421973,24.058079006421973,22.83294073574349,23.068893432617188,446800.0
2010-07-13,23.4137408969192,23.87657088023393,22.787560682084635,23.813045501708984,594400.0
2010-07-14,23.740448900288953,23.86749967916536,23.313920049105988,23.794898986816406,232100.0
2010-07-15,23.876580976626858,23.876580976626858,22.85109572336831,23.141498565673828,327800.0
2010-07-16,22.987217167481216,23.050742559957662,22.515311779174596,22.542537689208984,648500.0
2010-07-19,22.696818135114512,22.696818135114512,21.65318231110958,21.898208618164062,706000.0
2010-07-20,21.52612045158024,23.740443677486628,21.435370904311366,23.658767700195312,1091500.0
2010-07-21,23.85841774005093,24.693324543793764,23.68599050709096,24.28494644165039,925600.0
2010-07-22,24.911141440395266,25.22876844405366,22.80571752610162,23.341148376464844,1143000.0
2010-07-23,23.52264404296875,24.048999433020015,23.141490020453222,23.52264404296875,769100.0
2010-07-26,23.450043731172837,23.822122457752304,22.80571113794265,23.177791595458984,643700.0
2010-07-27,23.34115088889596,23.631555472115632,22.60606845268961,22.878320693969727,512400.0
2010-07-28,22.787562113421913,22.787562113421913,22.125078920631882,22.306581497192383,291500.0
2010-07-29,22.233980315756934,22.52438304701285,21.68947432918369,22.224905014038086,375000.0
2010-07-30,21.979873689913195,22.469929521962044,21.77114697519752,22.197675704956055,270100.0
2010-08-02,22.49716901807659,23.150575458061407,22.38826707927699,23.050748825073242,321300.0
2010-08-03,22.932766269202105,22.932766269202105,22.506235681731816,22.696813583374023,417500.0
2010-08-04,22.778493548396945,22.823868340488552,22.4699401155494,22.687742233276367,195000.0
2010-08-05,22.424565145406252,22.714969720089893,22.35196443446971,22.497167587280273,172100.0
2010-08-06,22.288426977291383,22.52437959298862,21.825597046224097,22.197675704956055,304900.0
2010-08-09,22.351961135864258,22.44271244387662,21.998032938647,22.351961135864258,241600.0
2010-08-10,22.125079791473294,22.279356468340982,21.90727772959013,22.043405532836914,168200.0
2010-08-11,21.68041003933314,21.68041003933314,21.181280307837216,21.380931854248047,304000.0
2010-08-12,21.23572454283827,21.753004743954325,21.099598447429393,21.607803344726562,378000.0
2010-08-13,21.526127904730235,21.616879214357265,20.772894977419238,20.827346801757812,255900.0
2010-08-16,20.636765857059526,21.01791991693923,20.53693925799148,20.890869140625,328500.0
2010-08-17,20.95439522976713,21.5896525944635,20.95439522976713,21.389999389648438,189600.0
2010-08-18,21.317400182017046,21.7076295848752,21.13589930155229,21.417226791381836,162600.0
2010-08-19,21.290171493629654,21.290171493629654,20.57323990708692,20.70029067993164,359000.0
2010-08-20,20.518793184373003,20.627693370097095,20.30099108198757,20.400815963745117,218600.0
2010-08-23,20.437117862593304,20.6549199722574,19.874461114424747,19.928911209106445,351900.0
2010-08-24,19.584057395961935,20.055962810548298,19.20290328894021,19.774635314941406,498400.0
2010-08-25,19.611286274556296,20.110415945270656,19.320883431163395,20.02873992919922,362900.0
2010-08-26,20.010589701307897,21.045152014345337,19.974290210658562,20.863649368286133,724400.0
2010-08-27,20.954394016091666,21.154045478405884,20.527865183946172,21.026994705200195,314300.0
2010-08-30,20.990690695959483,21.045142503732173,20.164857318377777,20.20115852355957,194000.0
2010-08-31,20.01058674605181,21.126824911870926,20.01058674605181,20.827346801757812,406000.0
2010-09-01,21.072363523658538,21.262941360473633,20.890862717717447,21.262941360473633,193200.0
2010-09-02,21.262946900871754,21.998029077983922,21.199421515693,21.92542839050293,215000.0
2010-09-03,22.14322839422023,22.39733164224739,21.798375593481797,22.15230369567871,155500.0
2010-09-07,22.152316136931958,22.415494834224845,21.94358927897137,21.988964080810547,268300.0
2010-09-08,22.08877909258483,22.08877909258483,21.5170471971678,21.562423706054688,204500.0
2010-09-09,21.834681488831112,21.916357495037367,21.299250661895567,21.571504592895508,158400.0
2010-09-10,21.662261157614115,21.94358873004249,21.190355614165576,21.380931854248047,275400.0
2010-09-13,21.553349650795724,22.02525498489064,21.42629888043822,21.92542839050293,215100.0
2010-09-14,21.90728093068136,22.016182843004145,21.380925438151774,21.426301956176758,299400.0
2010-09-15,21.426303873523338,21.47167866467154,20.818272325075863,21.099599838256836,322800.0
2010-09-16,20.945316303772064,21.099592966744872,20.065032833242952,20.50971221923828,475500.0
2010-09-17,20.663986172026267,20.673061472297544,20.1285555725766,20.446184158325195,313900.0
2010-09-20,20.564166087124292,20.7365933847992,20.128561922307018,20.72751808166504,202000.0
2010-09-21,20.763820839974287,21.08144957604617,20.346367215547563,20.437118530273438,260700.0
2010-09-22,20.373592935449285,20.55509383223721,20.173939698764027,20.337291717529297,181300.0
2010-09-23,20.228386871604833,20.582315010208127,20.065034890422712,20.382661819458008,248800.0
2010-09-24,20.63677859666972,21.081458319218687,20.491577125263447,21.017932891845703,189700.0
2010-09-27,21.072367348590983,21.099593253345446,20.600463782737798,20.927165985107422,176600.0
2010-09-28,20.936244662159975,21.734854021012985,20.609540676180377,21.716703414916992,408400.0
2010-09-29,21.66226119041162,21.743935485615125,21.353707698531004,21.48983383178711,264300.0
2010-09-30,21.553351316062468,21.725778611253343,21.117747157520625,21.507976531982422,318300.0
2010-10-01,21.590000080364383,21.790497551277273,21.243684212648308,21.517091751098633,181500.0
2010-10-04,21.325703057962567,21.343930572075585,20.605733633212537,20.870025634765625,247600.0
2010-10-05,21.015849016708053,21.444187044493074,20.705988130414543,21.298370361328125,329200.0
2010-10-06,21.353046938039466,21.4624085595365,21.19811652569231,21.416841506958008,188100.0
2010-10-07,21.553544506350086,21.589999539205046,20.82446123196726,21.15254783630371,206500.0
2010-10-08,21.143430853213324,21.371269540259714,20.87002338579492,21.325700759887695,262100.0
2010-10-11,21.280139567478134,21.42595622820962,20.89737039849005,20.915597915649414,242500.0
2010-10-12,20.924707252796093,21.225456032545647,20.678642755784214,21.116092681884766,258500.0
2010-10-13,21.26191632999531,21.735821441897862,21.097872119085036,21.535322189331055,406000.0
2010-10-14,21.562659838901354,21.7540452988201,21.453298208895017,21.644681930541992,384200.0
2010-10-15,21.79961267854164,22.16415434776037,21.617340974796374,21.89986228942871,439400.0
2010-10-18,21.872524189735394,21.990999597590093,20.678649397761845,20.72421646118164,627400.0
2010-10-19,20.52370623190374,21.480627876979664,20.45991168733481,21.353038787841797,527700.0
2010-10-20,21.407732246222785,21.94543192331524,21.24368804124244,21.699365615844727,329600.0
2010-10-21,21.826952306032688,22.29174181274065,21.681135649365157,21.781383514404297,320400.0
2010-10-22,21.8725159111368,22.091240861655603,21.662904717506873,22.03656005859375,145800.0
2010-10-25,22.10036634701667,22.474021886399292,21.79050540144001,21.845186233520508,263300.0
2010-10-26,21.690243686207005,22.16414860248406,21.681131667826325,22.009218215942383,204800.0
2010-10-27,22.00010817138195,22.2552881858812,21.589999482471153,21.82695198059082,453600.0
2010-10-28,22.082132636825857,22.300857642140077,21.143438039636315,21.407730102539062,483200.0
2010-10-29,21.015840969516315,21.662903774281446,20.806229785013077,21.380382537841797,427000.0
2010-11-01,21.362158599427815,22.036560993369655,21.04318404787211,21.98188018798828,480900.0
2010-11-02,22.209717837377664,22.83855141471236,22.045673690848137,22.710962295532227,542400.0
2010-11-03,22.792980207202095,23.37624663212729,22.519572766815113,23.203088760375977,466700.0
2010-11-04,23.576744255107688,24.077988589549893,23.248656043024237,24.02330780029297,423900.0
2010-11-05,24.014198446899208,25.33566181546985,23.99597093438261,24.57012367248535,434600.0
2010-11-08,24.524563332329738,24.606585422800812,24.21470248794384,24.47899627685547,656100.0
2010-11-09,24.579239104026897,24.633921645303772,23.895722982508413,23.977745056152344,212400.0
2010-11-10,24.032429658186423,24.524560403978338,23.859271739170964,24.460765838623047,335900.0
2010-11-11,24.242035600051043,25.317434434483758,24.150899781523137,25.126049041748047,445700.0
2010-11-12,24.916441046478546,25.1898467985813,24.269378217037342,24.278491973876953,500700.0
2010-11-15,24.296720213055327,24.497217654699433,24.068881500075985,24.11444854736328,334800.0
2010-11-16,23.91395301053425,23.95040804188498,22.875008952840428,23.18486976623535,489200.0
2010-11-17,23.19398528909285,23.19398528909285,22.83855565946197,23.03905487060547,344600.0
2010-11-18,23.348909868376452,23.62231560285175,22.984366571381027,23.075502395629883,266500.0
2010-11-19,23.011709467026627,23.23043441772461,22.847665319435293,23.23043441772461,232500.0
2010-11-22,23.184866538579065,23.24866109629018,22.647167068912044,22.98436737060547,286600.0
2010-11-23,22.73830780997272,22.865896952966377,22.401105697140157,22.592491149902344,323500.0
2010-11-24,22.729189139761,23.23043358315234,22.729189139761,22.98436737060547,184600.0
2010-11-26,22.838558004950713,22.88412680228668,22.546924655088045,22.61983299255371,60500.0
2010-11-29,22.48312707374913,22.556035401475558,22.191493762843415,22.41933250427246,290000.0
2010-11-30,22.19149684138606,22.7656497845978,22.073019705974946,22.656288146972656,363900.0
2010-12-01,22.993490180251033,23.631439485080463,22.84767349427951,23.512962341308594,293800.0
2010-12-02,23.540290590003075,24.989344625644662,23.540290590003075,24.3696231842041,434300.0
2010-12-03,24.251155587034994,24.551902648663848,23.859272683460997,24.51544761657715,332000.0
2010-12-06,24.469883541764414,24.606586452177705,24.150908925285524,24.196475982666016,340900.0
2010-12-07,24.533671690415254,24.65214705153109,23.96863094025088,24.05976676940918,257400.0
2010-12-08,24.15090500614948,24.223813329090014,23.859271714387347,24.014202117919922,218000.0
2010-12-09,23.95952170953539,24.278494541295768,23.604092108289947,24.041542053222656,333800.0
2010-12-10,24.096231628339808,24.579248764902434,23.986868241072155,24.424318313598633,154400.0
2010-12-13,24.478993953880764,24.83442182001201,24.36051683965596,24.597469329833984,182500.0
2010-12-14,24.688600319103532,25.02580060320636,24.488102899860536,24.57923698425293,264400.0
2010-12-15,24.497217529175966,24.752397512183006,23.932178497314453,23.932178497314453,245200.0
2010-12-16,23.95040492349993,24.579238487980653,23.74079199706835,24.551898956298828,268100.0
2010-12-17,24.570201450465472,25.292853510612417,24.45128289648986,25.192232131958008,420700.0
2010-12-20,25.237969975529666,26.116129741258565,24.990986887137776,25.850852966308594,451800.0
2010-12-21,25.978913204538536,26.50032069740308,25.79596415594028,26.280780792236328,225400.0
2010-12-22,26.244189914496527,26.463729804890875,26.134419096925377,26.262483596801758,183300.0
2010-12-23,26.25333765431161,26.372254440780477,25.59471623772111,25.677043914794922,140200.0
2010-12-27,25.631300614147815,25.823397315606755,25.439202167941357,25.75936508178711,140500.0
2010-12-28,25.768521078803825,25.84170104737816,25.594717999159254,25.695341110229492,220800.0
2010-12-29,25.722777683209248,25.86913758297806,25.640450021495838,25.78680992126465,80900.0
2010-12-30,25.80510684095974,25.887434513012433,25.466650184518986,25.841697692871094,114500.0
2010-12-31,25.841697692871094,25.9514685038573,25.67704234876571,25.841697692871094,190700.0
2011-01-03,26.033803036136703,26.774752329517515,25.960623052873608,26.71072006225586,495400.0
2011-01-04,26.729001553857422,26.729001553857422,25.741071358194766,25.978906631469727,581700.0
2011-01-05,25.74106965933935,25.905724971874164,25.42090849024111,25.75936508178711,223500.0
2011-01-06,25.686184628042483,25.731921438508575,25.466644797259768,25.613004684448242,1437400.0
2011-01-07,25.695337345118116,26.05208942154997,24.972683734681695,25.100749969482422,276700.0
2011-01-10,24.963541437870504,25.366030392871096,24.606787564224785,25.301998138427734,327700.0
2011-01-11,25.384328770972846,25.631311848024602,25.228821101504884,25.393476486206055,184000.0
2011-01-12,25.695339853205265,26.033796537023623,25.512389068345403,25.63130760192871,223500.0
2011-01-13,25.67704575199625,25.841701117925023,25.603865783222137,25.686193466186523,117300.0
2011-01-14,25.704491635647837,26.47288226208985,25.704491635647837,26.37225914001465,260700.0
2011-01-18,26.244193275183957,26.372257791459578,25.96061935379054,26.116127014160156,172600.0
2011-01-19,26.07038549193003,26.28077765786226,25.60386259480996,25.814254760742188,561400.0
2011-01-20,25.622162248583997,26.088685222680635,25.530686847727143,25.77766990661621,326100.0
2011-01-21,26.01550444889224,26.070388989815015,25.55812920345689,25.859996795654297,193300.0
2011-01-24,25.814250994169505,26.84791973640091,25.80510328245313,26.619232177734375,219800.0
2011-01-25,26.536914523501974,26.756454453235655,26.070391518537303,26.37225914001465,195600.0
2011-01-26,26.41799458385596,26.802189876902432,26.13442240760086,26.509469985961914,332600.0
2011-01-27,26.518617033630203,26.628387862345942,26.171012608068605,26.390552520751953,72200.0
2011-01-28,26.41799248334566,26.509467878178352,25.567276022221325,25.750225067138672,185000.0
2011-01-31,25.96061544666849,26.564352312635588,25.777666414487236,26.527761459350586,420100.0
2011-02-01,25.795965245833802,26.399700446737523,24.43298544178797,26.363109588623047,1099200.0
2011-02-02,26.527764748085527,26.802189202752675,25.896586408653324,26.390552520751953,378700.0
2011-02-03,26.253334583877848,26.85706964864458,25.786811716603967,26.582643508911133,359300.0
2011-02-04,26.6375322049167,26.820481236620342,26.38140146683411,26.536909103393555,161300.0
2011-02-07,26.42714434714116,27.13150272978538,26.42714434714116,26.8753719329834,196100.0
2011-02-08,26.939398935880973,27.341887840094163,26.911955796833226,27.021726608276367,230100.0
2011-02-09,26.99429122703341,27.140651187854296,26.482031364160324,26.80219268798828,291500.0
2011-02-10,26.610095165535192,27.10405958360178,26.500324325549112,26.8753719329834,147100.0
2011-02-11,26.756450652367207,27.158941338744228,26.64667983071965,27.14979362487793,157100.0
2011-02-14,27.177244372207095,27.204687523247955,26.966852115139698,26.97599983215332,120600.0
2011-02-15,26.829631681338807,27.040023874353768,26.44543640747544,26.4545841217041,167700.0
2011-02-16,26.56435563469381,27.38763074433555,26.55520792022858,27.35103988647461,201600.0
2011-02-17,27.32359554891059,27.85415071759099,27.085760232640347,27.652904510498047,278900.0
2011-02-18,27.726080852034798,28.430438995361328,27.726080852034798,28.430438995361328,306400.0
2011-02-22,28.137724575309974,28.137724575309974,27.625464802300858,28.073692321777344,1006600.0
2011-02-23,28.000506932428905,28.27493132150247,27.671196269742453,27.844999313354492,1201500.0
2011-02-24,28.58595117445915,28.94270328679704,27.92733148750889,28.357263565063477,621200.0
2011-02-25,28.494472127830345,29.409224192859977,28.457883022287913,29.134798049926758,410100.0
2011-02-28,29.299455044085637,29.701947465022073,29.061621468574426,29.564733505249023,302800.0
2011-03-01,29.674508022255083,29.82086797776017,29.2079867545503,29.400083541870117,744900.0
2011-03-02,29.308603809711894,29.83915723000223,28.915260856455465,29.052473068237305,377000.0
2011-03-03,29.39093439181161,29.98552012007433,29.39093439181161,29.72939109802246,315500.0
2011-03-04,29.738528299003523,29.875742228642178,29.13479503443238,29.64705467224121,284500.0
2011-03-07,29.59217312804832,29.775123900283457,28.869521241690045,28.960996627807617,612600.0
2011-03-08,28.970147580661518,30.388011862175684,28.87867218431414,29.59217643737793,560400.0
2011-03-09,29.66535637642755,29.66535637642755,28.778047353086734,28.805490493774414,549900.0
2011-03-10,28.54936773608127,28.66828630091877,27.982223294505104,28.009666442871094,264600.0
2011-03-11,27.82670831267899,28.6133942453864,27.735232920195894,28.366411209106445,266900.0
2011-03-14,28.18346265757014,28.768904169007104,27.872447345329665,28.137725830078125,381800.0
2011-03-15,27.479099960783987,28.20175179344229,27.34188601943001,28.000507354736328,390800.0
2011-03-16,27.945618579181534,28.25663379418548,27.360178995525917,27.46080207824707,313100.0
2011-03-17,27.95476878286532,28.073687299363886,27.65290125253873,27.79011344909668,238600.0
2011-03-18,28.165168248757993,28.311528186664493,27.808414373456323,28.210905075073242,301200.0
2011-03-21,28.69572239440968,28.704868363534683,28.403000784717086,28.512771606445312,216500.0
2011-03-22,28.60424975445017,28.73231427150649,27.99136682393347,28.0371036529541,251500.0
2011-03-23,28.0096566326074,28.146868836882447,27.48824746476567,27.835853576660156,349500.0
2011-03-24,28.04624917965705,28.265789082375242,27.780972451486416,28.073692321777344,421500.0
2011-03-25,28.192608785702557,28.549360905361652,28.06454428013222,28.302379608154297,498000.0
2011-03-28,28.46703657121466,28.640837911482826,28.110282686734035,28.137725830078125,221100.0
2011-03-29,28.101127488573916,28.210898287968682,27.87243992252018,28.119422912597656,240200.0
2011-03-30,28.302378489164386,28.31152620273603,28.055395456973958,28.220050811767578,203700.0
2011-03-31,28.164986877410122,28.339353405101967,27.623528869389983,27.77036476135254,379400.0
2011-04-01,27.908025126950427,28.77986482756761,27.908025126950427,28.440305709838867,250500.0
2011-04-04,28.51372210698241,29.009294562537594,28.35770875065081,28.65138053894043,339200.0
2011-04-05,28.20170251508952,28.825756097985924,28.16499440749569,28.56879234313965,191100.0
2011-04-06,28.541254192217128,28.7523305690191,27.981441257686583,28.31182289123535,226200.0
2011-04-07,28.256765185273085,28.47701906560296,27.96309159441101,27.97226905822754,151700.0
2011-04-08,28.15581338975882,28.302649302448337,27.632710231999635,27.669418334960938,114400.0
2011-04-11,27.641883669779833,27.761187175057255,27.164666147826352,27.228906631469727,134200.0
2011-04-12,27.027006795579045,27.118777911694583,26.558966751618094,26.779220581054688,171500.0
2011-04-13,26.94441247061959,26.953589932683325,26.302004129533277,26.614030838012695,132400.0
2011-04-14,26.393774471110483,26.503900504480956,26.02668477583934,26.11845588684082,275600.0
2011-04-15,26.201055048688993,26.47637367248535,26.06339661200181,26.47637367248535,190900.0
2011-04-18,26.145994291166573,26.256122100318482,25.98080345264978,26.0450439453125,207800.0
2011-04-19,26.09092525370907,26.292824148502767,25.962444297969608,26.11845588684082,201400.0
2011-04-20,26.513081050332108,27.027008433926376,26.42130992865351,26.85264015197754,267800.0
2011-04-21,27.02701241242934,27.07289798002321,26.825111714003025,27.03618812561035,117000.0
2011-04-25,26.926053215145977,26.926053215145977,26.50389878023172,26.659912109375,161200.0
2011-04-26,26.770042226088,27.02700589373384,26.669091901223247,26.742509841918945,125900.0
2011-04-27,26.724168081153316,26.834294164011347,26.53144481051797,26.714990615844727,140700.0
2011-04-28,26.604857670408716,26.79758090401206,26.55897210310526,26.56814956665039,153100.0
2011-04-29,26.558972025972498,26.889351960526724,26.49473153176535,26.696630477905273,345000.0
2011-05-02,26.86181762650503,27.384920722168648,26.75168982984966,27.265615463256836,254000.0
2011-05-03,27.210550776176472,27.247260622957384,26.201052745185294,26.393775939941406,218000.0
2011-05-04,26.366247196640337,26.384602122566033,25.76054864446911,25.953271865844727,222000.0
2011-05-05,25.521943906341864,26.008339017979846,25.072258652377247,25.879858016967773,381000.0
2011-05-06,26.072574995036565,26.136815484397225,25.16402718031707,25.228267669677734,329900.0
2011-05-09,25.19155640438506,25.255796885676226,24.806111766216244,24.980478286743164,301900.0
2011-05-10,25.1273164104136,25.22826674738815,24.861176999874314,25.164026260375977,268900.0
2011-05-11,25.02636612296767,25.136492164526214,24.65927640040274,24.80611228942871,148900.0
2011-05-12,24.714336049091486,25.053893339725736,24.66844874601819,24.888704299926758,156000.0
2011-05-13,24.861177094831728,24.934595044614916,24.576682758224624,24.650100708007812,130400.0
2011-05-16,24.43902566083537,24.815294670274454,24.356431988505374,24.640926361083984,132000.0
2011-05-17,24.576682980013935,24.806114293959624,24.539973129580062,24.705163955688477,251700.0
2011-05-18,24.695986362191896,25.228266937707936,24.58586031231796,25.191558837890625,202900.0
2011-05-19,25.310858392461867,25.49440411411336,24.971299332533118,25.42098617553711,283100.0
2011-05-20,25.320037614271897,25.558646368842343,24.98047853073115,25.26497459411621,173100.0
2011-05-23,24.943770190471856,25.145669096018633,24.677629053212083,24.980478286743164,141800.0
2011-05-24,25.10896706329576,25.870679061905456,24.94377621412846,25.448524475097656,350600.0
2011-05-25,25.40263421515772,26.008332716639845,25.375101828573282,25.64124298095703,279600.0
2011-05-26,25.54946704358066,25.742188475279985,25.32003576750714,25.677947998046875,150300.0
2011-05-27,25.797251219396493,26.118453580380518,25.70547836607752,25.907377243041992,125700.0
2011-05-31,26.13681933915695,26.448846119575137,25.73302141778708,26.439668655395508,495800.0
2011-06-01,26.347883301418015,26.36623822109536,25.898198271851946,25.962440490722656,359300.0
2011-06-02,25.95326622292997,26.109279558532844,25.63206209075679,25.85231590270996,285600.0
2011-06-03,25.521932562358558,25.84313667254236,25.375096697775373,25.494401931762695,156600.0
2011-06-06,25.411810481479275,25.47605096339789,25.063073936175606,25.26497459411621,230500.0
2011-06-07,25.439342974464022,25.57700316054087,25.200734202465327,25.393457412719727,273400.0
2011-06-08,25.34756928710944,25.512758342933488,24.8519968683719,24.870351791381836,791800.0
2011-06-09,24.980475320129237,25.05389325437477,24.58585501757301,24.63174057006836,225700.0
2011-06-10,24.494085029020027,24.585857895173714,23.98015767872811,24.182058334350586,371500.0
2011-06-13,24.319721003377897,24.38396149577211,23.98933932772523,24.264657974243164,299000.0
2011-06-14,24.512437376990817,24.851996445205657,24.356425785328224,24.787755966186523,285400.0
2011-06-15,24.512439654312292,24.952949087866475,24.108641819985365,24.22794532775879,234600.0
2011-06-16,24.154523381465232,24.49408242500817,23.842496719967933,24.044397354125977,369500.0
2011-06-17,24.2554757793794,25.237441401100174,24.2554757793794,25.1273136138916,316700.0
2011-06-20,25.025995789566785,25.348377388698633,24.86941054180779,25.311532974243164,318400.0
2011-06-21,25.523386298543596,25.891823462106515,25.3852232406268,25.781291961669922,181800.0
2011-06-22,25.643122594791226,26.232619100516672,25.48653736585313,25.661544799804688,259500.0
2011-06-23,25.283905932444238,25.477333872339766,24.897048295814493,25.366804122924805,523600.0
2011-06-24,25.36679670232255,25.92865990396941,24.952305871171585,25.394428253173828,3298900.0
2011-06-27,25.320743400860685,25.569437921270673,25.108893293921067,25.357587814331055,320500.0
2011-06-28,25.403638486876197,25.716808935959538,25.302318118985085,25.606277465820312,403500.0
2011-06-29,25.7444431232209,25.7444431232209,25.237843023276596,25.394428253173828,322400.0
2011-06-30,25.394435134488464,25.707605679145026,25.37601292437016,25.67076301574707,429700.0
2011-07-01,25.67075656615089,26.22340867614086,25.51417133316354,26.076034545898438,353800.0
2011-07-05,26.0668290524187,26.11288457605393,25.560230590301316,25.882612228393555,157800.0
2011-07-06,25.818138322643673,25.94709028548651,25.55102153465353,25.84576988220215,178500.0
2011-07-07,26.08524977771409,26.481318474249193,26.039196013537747,26.33394432067871,191800.0
2011-07-08,25.597073274738108,25.679969697987232,24.602295113686953,24.666772842407227,685400.0
2011-07-11,24.289123255119073,24.39965297655523,23.460141560156657,23.635149002075195,570200.0
2011-07-12,23.48777634357183,23.653572692973533,23.229870715964918,23.248292922973633,375300.0
2011-07-13,23.42330133196872,23.460143990651627,22.999599337665497,23.100919723510742,416400.0
2011-07-14,23.211447899841005,23.211447899841005,22.58510698009484,22.631160736083984,281600.0
2011-07-15,22.686428455448652,22.741695077810686,22.2811504324908,22.483789443969727,286300.0
2011-07-18,22.41009750100935,22.41009750100935,21.921919650595346,22.041662216186523,224100.0
2011-07-19,22.281152398447716,22.796961954803216,22.225885771209285,22.612743377685547,305200.0
2011-07-20,22.769321323720675,22.769321323720675,22.34562119209013,22.640369415283203,312500.0
2011-07-21,22.796959392290304,23.46014303305876,22.741694528102524,23.248292922973633,498000.0
2011-07-22,23.202245096352748,23.229876657094337,22.603537270154625,22.916706085205078,253500.0
2011-07-25,22.65879532576291,23.045652871209043,22.575897154821718,22.7416934967041,380100.0
2011-07-26,22.99039774101705,23.275936808871247,22.585119543718008,23.1654052734375,653400.0
2011-07-27,23.07327972493033,23.119335230984507,22.6772129138919,22.787742614746094,672100.0
2011-07-28,22.63116219006993,22.796958533223865,21.82981554061029,22.474576950073242,451000.0
2011-07-29,22.36404986677077,23.220661479490488,22.05087934979597,22.889070510864258,435500.0
2011-08-01,23.2206576181038,23.46014101813344,22.179827607242466,22.42852210998535,358700.0
2011-08-02,22.20746483074104,22.64037619355996,21.442960739135742,21.442960739135742,321500.0
2011-08-03,21.470592420206494,21.608755472391692,20.706088324153963,21.34164047241211,451300.0
2011-08-04,21.03767967852903,21.194264929251645,20.217910766601562,20.217910766601562,550400.0
2011-08-05,20.55871534958791,20.623191327192103,19.58236106692732,19.978429794311523,459500.0
2011-08-08,19.269181946375802,19.69288204300793,17.887548446655273,17.887548446655273,906200.0
2011-08-09,18.292827398400444,18.34809224435962,15.971682786061738,17.37173843383789,1634800.0
2011-08-10,16.86514129234844,16.994094963775872,15.778255849843617,16.266433715820312,1718300.0
2011-08-11,16.35854847112455,17.187528605920868,15.787472252091414,16.828304290771484,1535700.0
2011-08-12,17.02172758856787,17.298055396083264,16.671714473920858,16.93882942199707,1280900.0
2011-08-15,17.205944669984632,17.77701892818489,17.205944669984632,17.72175407409668,588100.0
2011-08-16,17.473066264626222,17.58359777182875,17.021732644156767,17.344114303588867,678100.0
2011-08-17,17.454638071130912,17.74938628385672,17.224365810334135,17.279630661010742,493500.0
2011-08-18,16.644082817133466,16.98488661982382,16.330912324987207,16.616451263427734,1363300.0
2011-08-19,16.321707714260274,16.616457873467336,15.879585110708266,15.980905532836914,700200.0
2011-08-22,16.413808906845183,16.413808906845183,15.557195688333364,15.704569816589355,735600.0
2011-08-23,15.78746586584021,16.08221408281901,15.566404703106109,15.990106582641602,575300.0
2011-08-24,15.990107586232794,16.423018837486584,15.769046409624174,16.367753982543945,661400.0
2011-08-25,16.49671243423063,16.77303857529375,15.925637940876516,16.091432571411133,367300.0
2011-08-26,16.017741443294145,16.551973136285696,15.612463439533876,16.524341583251953,506500.0
2011-08-29,16.80067138233652,17.72176083371575,16.80067138233652,17.703338623046875,392700.0
2011-08-30,17.878346411719416,18.550741300905248,17.50069987084306,18.384944915771484,812300.0
2011-08-31,18.430999991359478,18.661272352435674,17.859923762881483,18.163883209228516,480000.0
2011-09-01,18.154665318657393,18.357306045044222,17.648067016366387,17.72175407409668,465000.0
2011-09-02,17.24279300797465,17.24279300797465,16.57960926965053,16.607242584228516,419200.0
2011-09-06,16.08222052779623,17.205950751412153,15.925637012008341,17.058576583862305,547500.0
2011-09-07,17.279640924660345,18.10862120455352,17.159898294092827,17.952035903930664,514100.0
2011-09-08,17.813864572831207,18.03492576137713,17.169101455276973,17.307266235351562,365200.0
2011-09-09,17.049363902144734,17.058575006369633,16.22038384712714,16.395389556884766,490200.0
2011-09-12,16.15590662872304,16.644082817133466,16.073008453929127,16.616451263427734,330100.0
2011-09-13,16.634872369832777,17.187526304647225,16.49670932533877,17.095417022705078,347300.0
2011-09-14,17.215157485846902,17.279633448175755,16.800666646821114,17.06778335571289,501900.0
2011-09-15,17.334896506848164,17.491481723452726,17.04935937898268,17.427005767822266,323000.0
2011-09-16,17.417801957701357,17.555965028583064,16.938835005595262,17.0401554107666,384900.0
2011-09-19,16.708556071702183,16.708556071702183,16.00852812980352,16.266433715820312,348500.0
2011-09-20,16.284856740573595,16.561182787716376,15.732202889449873,15.759836196899414,330100.0
2011-09-21,15.769053281776104,16.20196472169266,15.244030782083055,15.280875205993652,849400.0
2011-09-22,14.77427404128814,14.995335274826704,14.147932122757023,14.442681312561035,788600.0
2011-09-23,14.442679078279097,15.041386712764142,14.258460533742971,14.94006633758545,584400.0
2011-09-26,15.133501389712425,15.603257264890685,14.940071673185438,15.584835052490234,560000.0
2011-09-27,16.045377267887737,16.358547801499626,15.612465886407112,15.824316024780273,610800.0
2011-09-28,15.85194924582384,16.0730122689707,15.345350730139332,15.419037818908691,828300.0
2011-09-29,15.73220242911871,15.907209857502028,15.37297822697652,15.83352279663086,423300.0
2011-09-30,15.666756551963825,15.842788020839288,15.370283615195527,15.425871849060059,912600.0
2011-10-03,15.203521006138404,15.731613779711411,14.971901244598063,15.05528450012207,918300.0
2011-10-04,14.81439730503321,16.10220240239161,14.703219943765092,15.991025924682617,854300.0
2011-10-05,15.953971200223659,16.47280082495203,15.74088140816674,16.167062759399414,682400.0
2011-10-06,16.074409032460363,16.59323671405115,15.879847547414919,16.491323471069336,696800.0
2011-10-07,16.611772675318445,16.611772675318445,15.42587863912767,15.537056922912598,536000.0
2011-10-10,15.87057989236875,16.09293634298281,15.69455020571637,15.981758117675781,579000.0
2011-10-11,15.78720209083177,16.102203306778254,15.64822883521266,16.00029182434082,675300.0
2011-10-12,16.14853096339503,16.621035515502886,16.055882700156864,16.389415740966797,554300.0
2011-10-13,16.31529475811636,16.39867800438858,15.676023792402123,16.1207332611084,372800.0
2011-10-14,16.38941186600494,16.57470658155325,15.852054186813874,16.148527145385742,488600.0
2011-10-17,15.972495922691701,16.167057409359817,15.555581480605596,15.991025924682617,1350700.0
2011-10-18,16.00956023820771,17.15839416426317,15.713085427864183,17.000892639160156,530500.0
2011-10-19,17.019419170446973,17.08427241451827,16.46353144436413,16.583972930908203,293300.0
2011-10-20,16.64883147814736,16.82486303035407,16.139268597745595,16.760009765625,384200.0
2011-10-21,17.07501285183956,17.334425910755836,16.537654957788654,16.760009765625,677200.0
2011-10-24,16.917504062229064,17.82545291375988,16.824855823536122,17.806922912597656,880500.0
2011-10-25,17.66794856342668,17.890303239840268,17.232504209673134,17.436328887939453,449300.0
2011-10-26,17.77913587752427,17.8995773928401,17.436337804962797,17.751340866088867,496900.0
2011-10-27,17.75133042517003,20.46591309621579,17.630888980695048,20.1787052154541,741800.0
2011-10-28,19.733998820942436,20.252828249866685,19.60429234727046,19.669145584106445,534000.0
2011-10-31,19.28929122621388,19.548705965282668,18.983553247044895,19.066936492919922,524300.0
2011-11-01,18.668551528583762,18.7704647842364,18.04781052683476,18.29796028137207,584600.0
2011-11-02,18.67782121777402,19.14106083481627,18.409143158791345,18.668556213378906,465100.0
2011-11-03,18.872381113185675,19.539445466795655,18.49252303492696,19.474592208862305,649500.0
2011-11-04,19.307822621009947,19.307822621009947,18.714876622813676,19.020614624023438,268200.0
2011-11-07,19.05767511814272,19.548709685392815,18.86311535215525,19.446796417236328,331000.0
2011-11-08,19.669149061489783,19.81738556249881,19.122526301349556,19.72473907470703,344900.0
2011-11-09,19.131786415692023,19.15031641536366,18.409134099678546,18.492515563964844,440400.0
2011-11-10,18.88163968566417,19.029877939190804,18.61296171671844,18.983552932739258,525300.0
2011-11-11,19.233708817137277,19.863714969406953,19.150325545976944,19.530181884765625,428700.0
2011-11-14,19.409728438853357,19.48384666022404,18.687074455150864,19.10399055480957,425000.0
2011-11-15,18.97428689827598,19.724736057863367,18.863110423082585,19.613557815551758,412900.0
2011-11-16,19.400470275210193,20.7438637317302,19.178115532761055,20.058269500732422,690300.0
2011-11-17,20.150924281075618,21.049608543884894,19.956364481061655,20.086071014404297,850100.0
2011-11-18,20.19723691293586,21.309012167661052,20.11385368047557,21.095922470092773,776700.0
2011-11-21,20.706804971830504,20.882836467853952,20.24356549490865,20.61415672302246,594900.0
2011-11-22,20.604892902141607,20.660481147764433,19.724738905826086,19.863710403442383,556700.0
2011-11-23,19.57649497752502,19.57649497752502,18.557369778320066,18.60369300842285,446000.0
2011-11-25,18.538842685202102,18.974287124620723,18.473989446045948,18.594430923461914,197900.0
2011-11-28,19.289294602195433,19.88224066142246,19.23370635092256,19.604297637939453,396300.0
2011-11-29,19.687681789991927,20.05827309379156,19.567240278926572,19.854448318481445,359100.0
2011-11-30,20.808711953437975,21.642544245204007,20.632682262614463,21.447982788085938,746400.0
2011-12-01,21.475780645533646,21.735193600064722,20.78092148797989,21.19783592224121,633700.0
2011-12-02,21.56842803955078,22.33740540635799,21.447984800718896,21.56842803955078,514700.0
2011-12-05,22.013148618437263,22.772861369925238,22.013148618437263,22.430063247680664,640700.0
2011-12-06,22.291076769767866,22.772846112312212,22.003868870877827,22.53196144104004,804100.0
2011-12-07,22.35593371114517,22.652408425378407,21.911224290472546,22.291080474853516,529500.0
2011-12-08,21.976082708087986,22.096525975699368,20.669747372417277,20.799455642700195,749200.0
2011-12-09,20.892098641153524,22.02240403838687,20.892098641153524,21.605487823486328,449600.0
2011-12-12,21.244158727583308,22.92108482612512,20.64194787345572,21.874164581298828,1944900.0
2011-12-13,22.115058957860565,22.485650279012894,21.2626980356508,21.392404556274414,646200.0
2011-12-14,21.132976865252346,21.559157950116777,20.651209324999062,20.716062545776367,565400.0
2011-12-15,21.068129189432206,21.47578038504562,20.892097710193976,21.355337142944336,532000.0
2011-12-16,21.614755996714685,22.35593852406871,21.41093124347196,21.57769775390625,737700.0
2011-12-19,21.866141327787993,22.247635566421387,21.233418656472566,21.298551559448242,1207600.0
2011-12-20,21.83822506558325,22.88966172394772,21.83822506558325,22.582605361938477,517200.0
2011-12-21,22.55468956289955,23.29906982826624,22.47094676086157,23.16880226135254,572200.0
2011-12-22,23.317676674814,24.145799696594057,23.317676674814,23.89457130432129,777900.0
2011-12-23,23.913193002847844,24.099286819661604,23.70848749719189,24.02484893798828,347100.0
2011-12-27,23.99693212059658,24.3039885567291,23.848054605595866,24.043455123901367,331400.0
2011-12-28,23.95971246661757,24.145808030622753,23.0478481074176,23.17811393737793,417000.0
2011-12-29,23.336291621407632,23.99692919106604,23.271158714836787,23.72709083557129,342700.0
2011-12-30,23.717784451383363,24.02484083152117,23.66195650265062,23.875965118408203,351200.0
2012-01-03,24.564516264185983,24.87157265093561,24.26676483154859,24.331897735595703,463700.0
2012-01-04,24.12719480783529,24.66686973969375,23.848051500139725,24.536603927612305,338300.0
2012-01-05,24.229549566372395,25.718306900160382,24.201634700836845,25.51360321044922,968000.0
2012-01-06,25.634564078292467,25.7276118553389,25.15071883218074,25.51360321044922,906900.0
2012-01-09,25.68108707726066,26.053276384955154,25.46707844717865,25.569429397583008,580000.0
2012-01-10,26.043975055122242,26.527822109834393,25.988147094882798,26.109107971191406,778400.0
2012-01-11,26.04396862530922,27.61647027753035,26.04396862530922,27.30941390991211,979700.0
2012-01-12,27.49550596726796,28.17475333550492,27.18844961851252,27.67229652404785,891500.0
2012-01-13,27.281500625309164,27.569947102525383,26.844178432449834,27.216367721557617,931400.0
2012-01-17,27.64438266483793,27.98865883788652,27.54203172804379,27.681602478027344,485400.0
2012-01-18,27.690914502410934,28.239894463972394,27.50481893841969,28.128236770629883,1074600.0
2012-01-19,28.174756673976812,28.388765293220093,27.83978542664749,28.081708908081055,737800.0
2012-01-20,28.016581283549257,28.31433277073028,27.421076534448357,27.625782012939453,727100.0
2012-01-23,27.867698443967782,27.867698443967782,26.87208972195355,26.965137481689453,777100.0
2012-01-24,26.741824494637115,27.486204813693284,26.602253739419847,27.402462005615234,618200.0
2012-01-25,27.38385319342573,27.90491819528596,26.993053998345925,27.75604248046875,845600.0
2012-01-26,27.94213889121959,28.063099747790524,27.225673381889674,27.439682006835938,418500.0
2012-01-27,27.179148752035967,27.67230068467936,27.179148752035967,27.49551010131836,399900.0
2012-01-30,27.14192471409147,27.216362557789918,26.769735495599246,27.114009857177734,393300.0
2012-01-31,27.40245990878295,27.55133560625455,26.779042260093767,27.3652400970459,341400.0
2012-02-01,27.1419265508385,27.70951625666041,26.993050853366903,27.3652400970459,885400.0
2012-02-02,28.38876256957008,29.961264160651407,28.025878269604522,28.99357032775879,1644900.0
2012-02-03,29.710041743848706,30.25902166851917,29.37507046106979,30.24041175842285,1906500.0
2012-02-06,30.05431751714239,30.901048941312034,30.05431751714239,30.398591995239258,759900.0
2012-02-07,30.417191725509106,31.0126980268039,30.342755656269993,30.69633674621582,570800.0
2012-02-08,30.677743298175855,30.975494833809638,30.305552103894488,30.78009605407715,289500.0
2012-02-09,31.00340531479795,31.31976673839703,30.593997875219486,31.208110809326172,481200.0
2012-02-10,30.72426052540672,30.919659268350035,30.017098099310495,30.147367477416992,566100.0
2012-02-13,30.56607424863787,30.817302693767697,30.352065621188874,30.761476516723633,420900.0
2012-02-14,30.463718818227385,30.649810769461485,30.20318369744204,30.593984603881836,401800.0
2012-02-15,30.82660713731619,31.617508682268657,30.566071982344706,30.956872940063477,698800.0
2012-02-16,31.087132538096924,31.236008218590555,30.901037050110837,31.077829360961914,381600.0
2012-02-17,31.319763376815786,31.450029204996554,30.70565050862244,30.742870330810547,251000.0
2012-02-21,31.04992524940403,31.115058164038206,29.88683241739707,29.95196533203125,478100.0
2012-02-22,29.886829160695775,29.914745799266722,29.216888401367697,29.486726760864258,309000.0
2012-02-23,29.468119479520137,30.23110985299712,29.39368161073443,30.054317474365234,425400.0
2012-02-24,30.13805761097079,30.49163878722569,29.207583446756924,29.486726760864258,275700.0
2012-02-27,29.254103847064858,30.007787310494727,28.984265527902274,29.877521514892578,362000.0
2012-02-28,30.08223319440694,30.593993304797923,29.207585157160842,29.449508666992188,416700.0
2012-02-29,29.589077646213113,30.063621456612676,29.10523243070074,29.198278427124023,490200.0
2012-03-01,29.579776489966246,29.97988069101722,29.04940469048132,29.216890335083008,361100.0
2012-03-02,29.123828316269165,29.254095851003477,28.128221665466977,28.435277938842773,407200.0
2012-03-05,28.286408801910174,28.705122805245814,28.118923200575914,28.677207946777344,256500.0
2012-03-06,28.221282958984375,29.17036708721555,28.072407226093844,28.221282958984375,489000.0
2012-03-07,28.37015657536446,29.393678493682675,28.37015657536446,29.030794143676758,522400.0
2012-03-08,29.22619030714364,30.1008346524512,29.04009478381864,30.035701751708984,586000.0
2012-03-09,30.017097424762653,31.10575413144086,29.96127124202059,30.286935806274414,515000.0
2012-03-12,30.277629263832228,30.85452223480388,30.23110626688691,30.705646514892578,874900.0
2012-03-13,31.01270144068896,32.96669550387377,31.01270144068896,32.910865783691406,1196300.0
2012-03-14,32.85504288868477,33.03183169600656,31.505854686980626,31.822216033935547,732600.0
2012-03-15,31.840824239883116,33.1434858257338,31.533766088900503,32.780601501464844,463100.0
2012-03-16,32.76199522459153,32.976003861351984,32.17579904326055,32.743385314941406,734300.0
2012-03-19,32.69685477160699,33.47845304919219,32.59450206688519,32.70616149902344,670000.0
2012-03-20,32.36189487381204,32.66895309519169,31.775698623050847,32.417724609375,337800.0
2012-03-21,33.97160718580681,34.59502666672727,32.901564120759666,33.32027816772461,3090300.0
2012-03-22,32.89225107617877,33.320271769485,32.45493075508131,33.19000244140625,609500.0
2012-03-23,32.882953829251285,32.99460972397932,32.08274555983373,32.380496978759766,1013300.0
2012-03-26,32.56659848792243,32.89226305301063,31.719867069215546,32.147884368896484,855400.0
2012-03-27,32.17579949564904,33.43193824413642,32.0269202163548,32.89226150512695,672500.0
2012-03-28,32.836443706177256,33.12488850974022,32.361899755995786,33.11558532714844,840500.0
2012-03-29,32.75269846359802,33.01323015080587,32.017622861000994,32.948097229003906,517700.0
2012-03-30,33.348189777770436,33.37610286317318,32.296753117386686,32.3339729309082,420800.0
2012-04-02,32.138574615884906,32.352583221960494,31.81290656791845,32.194400787353516,460600.0
2012-04-03,32.194402204238074,32.38049773276947,31.673338983722523,31.989700317382812,403300.0
2012-04-04,31.63509750366211,31.793737869678715,31.08451604306704,31.63509750366211,365000.0
2012-04-05,31.551101955199744,31.92437518958974,31.364463558089078,31.71907615661621,449800.0
2012-04-09,30.981862343217635,31.68175379573084,30.888541346983335,31.364469528198242,863300.0
2012-04-10,31.317803727402648,31.61642372815478,29.85269645634966,29.87135887145996,828300.0
2012-04-11,30.263298106015135,30.935194848962617,30.207305524159178,30.785884857177734,401300.0
2012-04-12,30.757887304736535,31.737734364828903,30.617911187483948,31.252479553222656,839800.0
2012-04-13,31.028521029958977,31.177831063950464,30.57125704845455,30.86988067626953,392000.0
2012-04-16,31.215159462406337,31.7750711999164,30.72990096197601,30.86988067626953,513800.0
2012-04-17,31.261798669602207,33.202831459895805,31.261798669602207,32.10166931152344,1104700.0
2012-04-18,31.971039382105836,32.01770165925982,31.383133136150626,31.616430282592773,442000.0
2012-04-19,31.541777347025675,31.597769950563546,30.319302428357464,30.729904174804688,553300.0
2012-04-20,31.028512258891546,31.14982773966395,30.37527970989605,30.785884857177734,310600.0
2012-04-23,30.14198321832962,30.701898368413328,29.871357740447383,30.57124900817871,364500.0
2012-04-24,30.636583976435578,31.420458996550305,30.272637425883946,31.37380027770996,376100.0
2012-04-25,31.831045909644104,32.33496832611525,31.72839465149294,32.13899612426758,331200.0
2012-04-26,32.08301814849865,32.857562668414594,31.999031050210778,32.65226364135742,310900.0
2012-04-27,32.820235169290655,33.34282196836435,32.400303226279846,33.193511962890625,290700.0
2012-04-30,33.15618371748115,33.15618371748115,32.70825369908869,32.86689758300781,457900.0
2012-05-01,32.94156068308672,34.499987676685095,32.661604782630654,33.82809066772461,933600.0
2012-05-02,33.54812959317233,34.76127401460144,33.361491168375885,34.72394561767578,967400.0
2012-05-03,34.74261265079501,34.78927137084305,34.117377970520536,34.509315490722656,793600.0
2012-05-04,34.080028996736814,34.23866926109686,33.40813244220016,33.69742202758789,655700.0
2012-05-07,33.576108164675865,34.10802510883213,33.38946982851942,33.46412658691406,706100.0
2012-05-08,33.1281928291929,33.86541262256836,32.48429402475646,33.716102600097656,909100.0
2012-05-09,33.370822046414105,34.10804187879571,33.20285137710004,33.3521614074707,777800.0
2012-05-10,33.71609169623212,33.96805294513499,32.96954182531466,33.26816177368164,433400.0
2012-05-11,32.8855584907485,33.380147169137885,32.48428722192394,33.33348846435547,430100.0
2012-05-14,32.71759130298247,33.10019845975611,32.502958367214994,32.540283203125,416800.0
2012-05-15,32.42829463498587,33.21217297862769,32.083015947855245,32.614933013916016,317900.0
2012-05-16,32.61496038754088,32.61496038754088,30.160672010336445,31.03786849975586,1696400.0
2012-05-17,30.1699774625582,30.533920306038112,28.060970049823936,28.21961212158203,1850500.0
2012-05-18,28.2382792969708,28.73286975645128,27.762353031413845,28.368925094604492,714100.0
2012-05-21,28.434251150263112,29.31144878298709,27.697033207590987,29.143474578857422,1005900.0
2012-05-22,29.218131883573374,29.610071130765505,28.396926774174357,28.5928955078125,568800.0
2012-05-23,28.256942750986493,29.582070226295002,28.163623563727917,29.43276023864746,477000.0
2012-05-24,29.44209306535768,29.89002306648587,29.09681435695638,29.87135887145996,373500.0
2012-05-25,29.806041057368454,30.179316099744618,29.52608344064948,29.992677688598633,382700.0
2012-05-29,30.253961482134578,31.233811996575188,30.169977956722654,31.196483612060547,460300.0
2012-05-30,30.78588236770246,31.009845557353685,30.36594693731802,30.384611129760742,641500.0
2012-05-31,30.384614508057833,30.56191901623112,29.24612356128434,29.955345153808594,514000.0
2012-06-01,29.078142569478516,29.41409087256464,28.434242248535156,28.434242248535156,781700.0
2012-06-04,28.68621129347505,28.68621129347505,27.762354988132124,27.846342086791992,588000.0
2012-06-05,27.706361481477217,28.536898509578904,27.659700997928248,28.322265625,627400.0
2012-06-06,28.639552432449978,29.890023248223756,28.639552432449978,29.74071502685547,441100.0
2012-06-07,30.28196087244555,30.795213722521403,29.834029138291335,29.88068962097168,433300.0
2012-06-08,29.78737831199902,31.252485817092644,29.33011614031345,31.065847396850586,632700.0
2012-06-11,31.2431496936309,31.439118418882153,29.787376172041224,29.815372467041016,462200.0
2012-06-12,29.992677384180737,30.692568749000756,29.806040754844872,30.412612915039062,495500.0
2012-06-13,30.291296855197757,30.645909470238678,28.77953253188025,28.928842544555664,727000.0
2012-06-14,28.994157761633815,29.479416064067376,28.82618359695179,29.12480354309082,379200.0
2012-06-15,29.246126483655214,30.16065074742747,29.208798090889456,30.039335250854492,633500.0
2012-06-18,29.871349225073644,30.347277144964398,29.544734817172188,30.09531593322754,353500.0
2012-06-19,30.41260972096373,31.971032620904243,30.309958428664665,31.439115524291992,624500.0
2012-06-20,31.27999843878206,31.860300234344322,31.074088238499826,31.588869094848633,342200.0
2012-06-21,31.513995083674864,31.766706505156385,30.00709179106411,30.10068702697754,240400.0
2012-06-22,30.334680189477137,31.15833187393728,29.997731610814828,31.008577346801758,685500.0
2012-06-25,30.43762895126131,30.671620560446506,30.02580500444967,30.549943923950195,420700.0
2012-06-26,30.68097583554078,31.34551465810945,29.960281317000312,31.102161407470703,461700.0
2012-06-27,31.373597557072312,32.78690540327388,31.373597557072312,32.6839485168457,601100.0
2012-06-28,32.30957320811088,33.31105736263395,32.17853843206934,33.25489807128906,571000.0
2012-06-29,34.10662974341712,35.65097642947811,34.031754254203726,34.94900131225586,1056400.0
2012-07-02,34.98642783672569,36.14702426633553,34.91154880491666,36.0440673828125,959100.0
2012-07-03,35.83816067158621,36.22190682085628,35.22042288079954,35.65096664428711,567800.0
2012-07-05,35.547996430877646,35.95982028028154,35.27656537152092,35.819427490234375,764400.0
2012-07-06,35.3140188450513,35.9317566487094,35.295299084888434,35.77264404296875,341000.0
2012-07-09,35.6041577063583,35.70711456714939,35.13617457216462,35.37952423095703,637800.0
2012-07-10,35.80071955101658,36.00663332887994,34.67755900787929,34.80859375,510500.0
2012-07-11,34.90219302724998,35.033227771182425,34.16277860599802,34.602684020996094,394600.0
2012-07-12,34.387409259857776,35.90367392306556,34.3312499869876,35.791358947753906,1389100.0
2012-07-13,35.91304432991573,36.77413562368458,35.7352119271644,36.10960006713867,880300.0
2012-07-16,36.015987546711386,36.42781148768434,35.56672409189675,35.74455642700195,499500.0
2012-07-17,36.07215226085102,36.13766963474644,35.173625215631795,35.58544921875,501000.0
2012-07-18,35.482495350050385,35.884961292818296,35.342098925204134,35.398258209228516,596200.0
2012-07-19,35.641604515910416,36.30613984570643,35.33273387025867,35.856876373291016,554200.0
2012-07-20,35.51058757694759,36.71798589385022,35.51058757694759,36.34360122680664,501300.0
2012-07-23,35.37953940074346,36.61501511911902,35.25786273396162,35.8475227355957,436100.0
2012-07-24,35.95983196213436,36.00663314444827,34.66820073604991,35.08002471923828,311300.0
2012-07-25,35.13618053252985,35.13618053252985,32.27212198006265,32.59971237182617,1568300.0
2012-07-26,33.442092825496005,33.62928689672696,31.9071078681761,32.58100509643555,701700.0
2012-07-27,32.84305905041037,34.25636665441384,32.34699803218866,33.78838348388672,326200.0
2012-07-30,33.90072014928288,34.17214781985194,32.84307661842986,33.07706832885742,446500.0
2012-07-31,32.861778313503436,33.45143809925602,32.49675201722789,32.52482986450195,435200.0
2012-08-01,32.843064688802926,33.020897038778756,31.747982025146484,31.747982025146484,471200.0
2012-08-02,31.09281481469991,36.45590355968275,30.643551228622925,35.82880401611328,1810900.0
2012-08-03,36.680529509683716,36.81156783191915,35.22042390906666,35.63224792480469,901700.0
2012-08-06,35.819443869878874,37.70073525204565,35.819443869878874,37.06427764892578,504400.0
2012-08-07,37.204669737302964,37.93472249149767,36.792845747577815,36.94260025024414,462000.0
2012-08-08,36.708602134280284,37.17658531877472,36.249977042487274,36.5869255065918,549300.0
2012-08-09,36.61500493045411,36.99875101543277,35.819434910756186,36.02534866333008,723200.0
2012-08-10,36.10022665666927,36.521412284523144,35.47313083219808,36.0440673828125,395900.0
2012-08-13,35.913041044400146,36.89580535888672,35.866243423792135,36.89580535888672,291300.0
2012-08-14,37.24211145458905,37.41058572634008,36.951960526478,37.036197662353516,466500.0
2012-08-15,36.661807908066955,36.80220431819621,36.25934557791641,36.5307731628418,387000.0
2012-08-16,36.55885445684253,38.093839016174,36.4184580472136,37.869205474853516,514300.0
2012-08-17,38.075119072030745,38.421425691557594,37.88792505024388,38.1406364440918,328900.0
2012-08-20,37.831783830128984,37.90666290275598,37.12980859118906,37.49483871459961,267700.0
2012-08-21,37.738179314628894,37.878575756194664,36.914527569664706,37.05492401123047,381100.0
2012-08-22,37.064279837742916,38.72094132277702,37.064279837742916,38.69286346435547,707700.0
2012-08-23,38.61797554264181,40.76133964700506,38.5898976906708,39.38547134399414,1618100.0
2012-08-24,39.1889253883814,40.24656877688974,39.1889253883814,40.078094482421875,1239800.0
2012-08-27,40.26527901586833,40.293356868161936,39.64754127240712,39.909610748291016,404700.0
2012-08-28,39.76922452616433,40.41504022925575,39.61947000499403,39.99385452270508,434400.0
2012-08-29,40.15296299156428,40.190398936838804,39.366751013939435,39.92832946777344,344300.0
2012-08-30,39.694330420464134,39.890882485473426,39.2450670274023,39.319942474365234,212400.0
2012-08-31,39.65690276132972,40.15296747370009,39.13276376469117,39.918975830078125,224600.0
2012-09-04,39.97513297149601,40.79878458627102,39.441632290560754,40.42439651489258,289500.0
2012-09-05,40.29335581980841,40.69582168754665,39.656898334567884,39.92832946777344,246500.0
2012-09-06,40.52734997788637,41.21060511537345,40.087448137297066,41.088932037353516,307600.0
2012-09-07,41.472666384543444,42.17464108155072,41.20123531146459,41.828330993652344,298800.0
2012-09-10,41.744102239326025,42.56775371499668,41.3229201931942,41.482032775878906,364900.0
2012-09-11,41.54755732397155,42.31504965996589,41.39780280890996,41.95938491821289,304500.0
2012-09-12,42.31504682804548,43.45692716048848,42.1559342285039,43.41012954711914,411400.0
2012-09-13,43.34462150282889,44.327385876809174,42.1653013977087,44.11211395263672,586900.0
2012-09-14,44.40225704810377,45.01999490065089,43.213578961905775,43.78451919555664,486800.0
2012-09-17,43.64414277288784,43.90621239373164,42.792412934714676,43.035762786865234,360700.0
2012-09-18,42.95151098377303,43.72836505300927,42.59584264060285,42.960872650146484,352500.0
2012-09-19,43.110616152149504,43.71899220492958,42.792387415005166,43.01701736450195,479000.0
2012-09-20,42.77367286806903,43.17613877790932,41.95002128857852,42.66135787963867,379800.0
2012-09-21,43.241651352046716,43.990423809181074,42.66135314407117,42.81110763549805,829600.0
2012-09-24,42.99830814296083,43.531808866776615,42.1933797945302,42.63328170776367,463100.0
2012-09-25,42.55840297845928,43.73771933826568,41.8657861147811,41.95938491821289,403400.0
2012-09-26,41.95938659518269,41.95938659518269,39.778582588858,40.5273551940918,662400.0
2012-09-27,40.12488338743443,44.75791833796562,40.09680553459928,44.37417221069336,1785900.0
2012-09-28,44.36479932491012,44.83377184119453,43.14547149816592,43.38933563232422,4175300.0
2012-10-01,43.48312571299966,44.758731337052836,43.48312571299966,44.589900970458984,1011700.0
2012-10-02,44.88068292406457,45.49034882403125,44.327295032364475,45.46221160888672,671600.0
2012-10-03,45.58412231112322,45.60288163913972,44.84314853333912,45.34963607788086,663500.0
2012-10-04,45.48095586308724,46.95352926695804,45.28398468846035,46.465797424316406,1044700.0
2012-10-05,46.88787364352417,47.741403478060356,46.09999967487721,46.55021286010742,466100.0
2012-10-08,46.19378637446555,46.27820155867498,45.45280904395789,46.137508392333984,343100.0
2012-10-09,45.91240794644096,46.04371967247995,44.48673113320464,44.49610900878906,565800.0
2012-10-10,44.618045883186035,45.89365172769121,44.47735269405109,45.077640533447266,323900.0
2012-10-11,45.68728997116077,45.9123982956069,44.627414932075034,45.17142105102539,286600.0
2012-10-12,45.1995768772457,45.415303839007436,44.00838607084026,44.45860290527344,472800.0
2012-10-15,45.12453509177619,45.762337986060935,44.46797286789762,45.321502685546875,419500.0
2012-10-16,45.640401164883706,46.09061431193105,44.36479545926155,46.034339904785156,572100.0
2012-10-17,46.45640784464235,47.36621550523977,46.165647227484925,46.353233337402344,629900.0
2012-10-18,45.903021550390896,47.90084516452335,45.706053982540375,47.638221740722656,843400.0
2012-10-19,47.20677807086578,47.88209610226601,46.10938045562849,46.756561279296875,428700.0
2012-10-22,46.878482561328916,47.50690746316794,46.38137294227424,46.7940673828125,223900.0
2012-10-23,46.20316439382849,46.803452137850506,45.105770573645835,46.568965911865234,532400.0
2012-10-24,46.74717977685409,47.703884123274044,46.06248034399964,47.67574691772461,464900.0
2012-10-25,48.23851154672052,48.341686069005256,46.30634356223466,46.44703674316406,501300.0
2012-10-26,46.4282870554082,46.559598809957286,44.46798145883855,45.227718353271484,1258900.0
2012-10-31,46.32509704905983,50.41453729818905,46.203163212830994,49.68294143676758,2012100.0
2012-11-01,49.80487802144153,49.87053388514099,48.538653703836296,48.77313995361328,1065800.0
2012-11-02,48.970111307317154,49.71108877225953,48.26665250393612,48.2854118347168,510700.0
2012-11-05,48.30417464938624,50.30199879691279,47.9946510361458,50.06751251220703,554600.0
2012-11-06,50.255099546056755,50.74282784332925,49.63605235295187,50.001853942871094,570900.0
2012-11-07,49.24210619823117,50.170673203707146,48.820030286651175,49.68294143676758,575000.0
2012-11-08,49.43906458927139,49.804862452096344,48.15408134402151,48.369808197021484,593400.0
2012-11-09,48.59494551937761,49.9549632926915,48.2197659817879,49.24212646484375,678400.0
2012-11-12,49.682939234315,50.50832811595318,48.660579217354076,49.78611373901367,435000.0
2012-11-13,49.7861319203762,51.52132907387745,49.70171671097481,50.48020935058594,910600.0
2012-11-14,50.7334430991523,51.39938316295206,48.76376011163928,48.98886489868164,630700.0
2012-11-15,48.92320428270185,49.345280189854115,46.81282832491625,48.19160842895508,942700.0
2012-11-16,48.06968378735689,49.92681455602834,47.58195193225483,49.7298469543457,652600.0
2012-11-19,50.62089302661369,51.61511244125885,50.3488881166546,51.155521392822266,454100.0
2012-11-20,51.305584891882134,52.11221804921395,51.10861732871294,52.04656219482422,480100.0
2012-11-21,52.140350393714705,52.79691245443331,51.46502900806409,51.76517105102539,465600.0
2012-11-23,51.92463303883471,52.81568145751953,51.59635015933187,52.81568145751953,304200.0
2012-11-26,52.44987324375382,52.90008991135244,51.97152295414672,52.26228713989258,431300.0
2012-11-27,52.26230109909871,52.374853507073205,50.78972760701649,50.83662414550781,1631800.0
2012-11-28,50.95855418741001,51.13676245150672,49.93619398185253,50.89289474487305,1370000.0
2012-11-29,51.33372507111266,51.915249920006445,50.6490257084847,50.8741340637207,956000.0
2012-11-30,51.19304439358288,51.19304439358288,49.15770170109564,49.91743850708008,1315400.0
2012-12-03,50.32075742787777,50.44268771808253,49.776747537511795,49.870540618896484,563500.0
2012-12-04,50.23633005465648,51.633865949836384,49.71107962339459,51.37124252319336,682300.0
2012-12-05,51.5400708934501,51.5400708934501,48.81065148756898,48.94196319580078,822600.0
2012-12-06,48.941978661216915,49.27025803553103,48.3041756671408,48.53866195678711,718600.0
2012-12-07,48.91381971809197,49.476585132005255,48.210361161712754,49.42030715942383,458800.0
2012-12-10,49.260872131173045,49.91743435079097,48.94197068610012,49.3734245300293,441100.0
2012-12-11,49.84240147285809,50.602138283261624,49.29839518161264,50.573997497558594,871800.0
2012-12-12,50.602135742376774,52.14974291522374,50.39578668813996,51.427528381347656,1309600.0
2012-12-13,51.42752846419824,52.14974299923782,51.20242007939757,51.971534729003906,1090600.0
2012-12-14,52.13098059527818,52.33732604554218,51.8964943642695,52.30918884277344,546800.0
2012-12-17,52.356086991675994,53.46286232248482,51.38062338181465,53.35968780517578,1036400.0
2012-12-18,53.56603283351952,54.27886937019588,53.059541738052346,54.166316986083984,732700.0
2012-12-19,54.147534068934014,54.67369208247692,52.907299345321945,53.922035217285156,1076500.0
2012-12-20,53.81869069829297,55.237446628031606,53.36769650399358,55.05892562866211,675100.0
2012-12-21,54.58912303016418,54.598520755802554,53.649551180528434,54.22269058227539,1209800.0
2012-12-24,54.47637694617396,54.5139606814217,53.65895041753802,53.9784049987793,167600.0
2012-12-26,54.10055288204638,54.17571677188268,53.442851821112164,53.64955520629883,327900.0
2012-12-27,53.818675592155756,54.250881376539,52.36233990980234,53.47103500366211,263000.0
2012-12-28,53.0106546623652,54.11934999574415,53.0106546623652,53.7247314453125,477500.0
2012-12-31,53.58379001853566,55.19046086267868,53.442856369030906,54.964962005615234,706000.0
2013-01-02,56.45888225764768,58.6292948923367,56.45888225764768,58.535335540771484,1106200.0
2013-01-03,58.63868060237263,58.80780382668505,57.96218770512293,58.50714111328125,712800.0
2013-01-04,58.91115448072739,59.55006361211022,58.52593017364499,59.45610427856445,532400.0
2013-01-07,59.28700566772218,60.865487284573256,59.211841753873045,59.51250457763672,1133800.0
2013-01-08,59.53126679256188,60.82787322998047,59.17422852315677,60.82787322998047,897100.0
2013-01-09,61.06277389540334,61.22250656144672,60.235953229449855,60.57419967651367,636200.0
2013-01-10,60.61179519518621,62.04933929050014,60.01986379774632,61.63592529296875,729000.0
2013-01-11,61.767451063563165,63.34593204939699,60.42386303890483,61.02518844604492,563200.0
2013-01-14,61.025195796181144,61.025195796181144,59.17424147642532,59.34336471557617,1056500.0
2013-01-15,59.042692398783274,59.99165834526277,58.79840530640247,59.8601188659668,648900.0
2013-01-16,59.63464168633359,59.70980558974212,58.55413234939418,58.61050796508789,674400.0
2013-01-17,58.80781057784071,60.301730174648064,58.80781057784071,59.81315231323242,725000.0
2013-01-18,59.88832104949301,60.58360590876772,59.474907074287536,60.142005920410156,397300.0
2013-01-22,60.28293299689098,61.335248875203995,60.1701817949156,61.02518844604492,342000.0
2013-01-23,60.95003979537701,61.156739619290505,60.05744207129568,60.51783752441406,450000.0
2013-01-24,60.6587556140567,62.04932508944647,60.6587556140567,61.25069046020508,512300.0
2013-01-25,61.55136658681834,62.77280594254711,61.39163389143939,62.575496673583984,534500.0
2013-01-28,62.58488709021281,62.69763830289159,59.65342366003161,60.66815948486328,943700.0
2013-01-29,60.790314087724646,62.152697980473334,60.677570019611984,61.8050537109375,364200.0
2013-01-30,61.7486714531442,61.92719242258681,59.51248914511825,60.132606506347656,654600.0
2013-01-31,59.954086853080476,60.99700869700875,59.4843008825212,60.85607147216797,608100.0
2013-02-01,61.729877588818376,62.62247529064978,61.22251501651837,61.68290328979492,798900.0
2013-02-04,60.99701656584155,61.54197008239886,60.72453980756289,61.36344909667969,352000.0
2013-02-05,61.5325807024298,62.331215630080834,61.15675039283903,62.01176452636719,416100.0
2013-02-06,61.579564259712974,62.58490625002245,61.579564259712974,62.209075927734375,771300.0
2013-02-07,62.01175555563466,62.01175555563466,59.286995165729046,60.414485931396484,1353300.0
2013-02-08,60.442652002769016,61.316454011291164,60.442652002769016,60.89364242553711,262500.0
2013-02-11,60.8184927430764,61.3634390016172,60.45205310415626,60.65876007080078,460300.0
2013-02-12,60.60240624167702,62.44396687346814,60.39569921298376,62.01176452636719,756000.0
2013-02-13,62.246658930087285,62.43457050479355,61.494998294528074,61.97418212890625,394500.0
2013-02-14,61.673527624021986,63.83454686635748,61.51380204714858,63.27079772949219,876500.0
2013-02-15,63.308349158678844,65.04656282922204,63.308349158678844,64.9150161743164,1320300.0
2013-02-19,64.89622851049566,65.40359817843799,62.566087128282525,63.468082427978516,1071300.0
2013-02-20,63.111039200177565,63.13922520863034,58.3755998184578,58.45076370239258,1589000.0
2013-02-21,58.29105210267989,58.29105210267989,55.50991963474505,57.36087417602539,1868200.0
2013-02-22,58.619893469259246,60.809097836237754,58.5071458386722,59.662818908691406,1049400.0
2013-02-25,59.869508162812096,60.06681735397912,56.768918773929165,56.778316497802734,782800.0
2013-02-26,57.87763652453986,58.48835978731755,56.43069829956355,58.22528076171875,909600.0
2013-02-27,58.26284743495933,60.27353415613315,58.26284743495933,59.56885528564453,576400.0
2013-02-28,59.55946184900307,60.799696463635634,58.995720145690946,60.423866271972656,768300.0
2013-03-01,59.66281510068179,62.40636330301429,59.315174504453594,62.33119583129883,1626600.0
2013-03-04,62.03991981857845,64.18214220338918,61.96475236021514,63.36471939086914,1497300.0
2013-03-05,63.843911291395735,66.20223889880937,63.68418577991247,65.45997619628906,1578500.0
2013-03-06,65.8451989137476,66.79416134906155,64.5673805865264,65.29084777832031,930300.0
2013-03-07,64.83045988156408,66.09888048905219,62.7446091558276,65.7982177734375,822000.0
2013-03-08,66.7002246574048,67.94045960376216,65.44120142220311,67.24517822265625,897300.0
2013-03-11,65.84520197819634,66.80356218403224,65.40360202815921,66.13646697998047,1092400.0
2013-03-12,66.13646803093187,66.13646803093187,64.84925189742901,65.59151458740234,802700.0
2013-03-13,65.59151930406522,66.33378204741439,64.95261005462324,65.5727310180664,1261100.0
2013-03-14,65.7418817964823,67.94047776569731,65.61034223430886,67.17002868652344,862700.0
2013-03-15,67.13241169399707,67.60219766013662,66.37136072272777,66.83174896240234,1104800.0
2013-03-18,65.7512704496362,66.5029239627975,65.17813079285315,66.05193328857422,913900.0
2013-03-19,66.57808262996583,67.57402680772114,65.58213845221053,66.18346405029297,860900.0
2013-03-20,66.47470143204656,67.09482222897628,66.46530370738786,66.66261291503906,503900.0
2013-03-21,66.34319043136603,66.47472995958351,64.24794137184483,64.62377166748047,777600.0
2013-03-22,64.95260938861603,65.19690011428864,63.590232864158644,63.796939849853516,661000.0
2013-03-25,64.09760826889915,64.67074780959793,60.90306177197959,62.519126892089844,1922300.0
2013-03-26,62.885558519853404,63.36474227955662,62.20906548694674,62.95132827758789,880500.0
2013-03-27,62.29364040794739,62.92315206841715,60.44268200678569,61.97418212890625,873800.0
2013-03-28,63.3835377225148,63.60903303615261,61.945993449477804,62.60369110107422,862600.0
2013-04-01,62.744608404869375,63.07345712608016,60.282934690350466,60.57419967651367,750200.0
2013-04-02,60.827879320135885,61.664097689843715,59.60643663682617,59.94468307495117,733500.0
2013-04-03,60.123227770660264,60.22657770386383,57.680337854821,57.99039840698242,1109700.0
2013-04-04,58.216249541570456,59.543195906921504,58.216249541570456,58.84678268432617,1021400.0
2013-04-05,57.39750623395296,63.269952952807984,56.70109289104384,62.89351272583008,1978700.0
2013-04-08,63.93807952159837,65.13326856249623,62.507609245569256,63.4581184387207,1388600.0
2013-04-09,63.55228172357264,64.21105395709736,62.91233545157751,63.14760971069336,798200.0
2013-04-10,63.175838536020265,63.768734236629584,62.13122029970887,63.128787994384766,648600.0
2013-04-11,62.9970383094941,64.65336393435038,62.88410407961728,63.56169509887695,662100.0
2013-04-12,62.978186607396985,64.11691270156567,61.52889689300111,61.9429817199707,835900.0
2013-04-15,61.03011398248287,61.237156386364425,58.49856538319824,58.61149597167969,927900.0
2013-04-16,59.5996534577523,60.90777724638782,59.41143340694168,60.757198333740234,1173100.0
2013-04-17,61.19009623832785,61.87709989829854,59.51494907113395,60.333702087402344,1094500.0
2013-04-18,60.390185900889215,60.59722836615009,57.962157783737865,58.39506149291992,1150800.0
2013-04-19,58.564442431345796,60.22077449858866,58.564442431345796,59.34555435180664,635800.0
2013-04-22,59.46790090095023,60.606630669291846,58.41387357165794,60.437232971191406,841000.0
2013-04-23,60.437256952815744,62.300625191310544,60.060816676553834,61.29365158081055,694800.0
2013-04-24,60.88896559885868,62.95938305424456,60.88896559885868,62.69587707519531,993900.0
2013-04-25,63.542878532545906,65.05804556908633,63.15703242175081,64.51221466064453,1366700.0
2013-04-26,63.636968637676176,64.68158666724753,63.636968637676176,64.3145523071289,766700.0
2013-04-29,64.70042452034184,64.76630102901706,63.58051669286216,63.693450927734375,753900.0
2013-04-30,63.27932755557117,64.09808410709205,62.84642402097287,63.7592887878418,6959300.0
2013-05-01,63.759309289846684,63.82518577977277,61.12423533280549,61.18070602416992,1494000.0
2013-05-02,61.45361084990614,63.48637577223835,61.35949544591154,63.222869873046875,1376800.0
2013-05-03,64.22044569945204,66.09323356164519,64.04164218406602,65.33094024658203,1751200.0
2013-05-06,65.33093404390013,66.09322728658927,64.70981392837386,65.66031646728516,663400.0
2013-05-07,65.71679960362796,66.54496230788402,64.97333217571641,66.37556457519531,818600.0
2013-05-08,66.34729971880597,67.5048515113962,65.85793272404995,67.36368560791016,871900.0
2013-05-09,67.31666260762981,67.57076280086416,66.43202919118401,66.56378936767578,654000.0
2013-05-10,66.55437814500894,67.75898110473761,66.3849804050471,67.7213363647461,772800.0
2013-05-13,67.75894791334565,67.75894791334565,66.75197494683329,67.15664672851562,698400.0
2013-05-14,67.30722147778008,68.27655694656251,67.05312857081557,67.76836395263672,1048500.0
2013-05-15,67.75895107663526,71.58921371835073,66.62963809735673,69.7352523803711,1731100.0
2013-05-16,69.8764359643477,71.27866815713837,69.38706879760151,70.93987274169922,979300.0
2013-05-17,71.2410198774133,72.87853336384134,71.06221638038822,72.74678039550781,810500.0
2013-05-20,72.56797898163333,72.878542666633,71.4292526499671,71.84333038330078,533300.0
2013-05-21,71.99392007440476,72.33271556680198,70.69520880688226,72.13508605957031,607000.0
2013-05-22,72.56796060183602,73.25495711041148,69.51880957775347,69.90465545654297,814300.0
2013-05-23,68.80357831934678,70.89281408165733,67.99423460637968,70.47872924804688,657900.0
2013-05-24,69.8858348307291,71.0716113653274,69.05766523577476,70.80810546875,403200.0
2013-05-28,71.54217298477785,73.15145477287138,71.36336948165518,72.3044662475586,503900.0
2013-05-29,71.46690722520735,71.63630496943881,69.90468278618377,70.52581024169922,497300.0
2013-05-30,70.81751401220077,71.73037879677214,70.29050225203451,71.14689636230469,501800.0
2013-05-31,70.62932793696616,71.71158366964467,69.34943552927697,69.40589904785156,611700.0
2013-06-03,69.62231142840739,69.9705124841918,66.48845884637548,67.55189514160156,1455100.0
2013-06-04,67.47660811825357,68.69062331984502,65.02975894651692,65.87674713134766,808400.0
2013-06-05,65.42504119334797,65.81089429717726,63.3169865387632,64.37101745605469,1051600.0
2013-06-06,64.2392513835819,65.82969964271179,63.796934864061704,65.80146789550781,620500.0
2013-06-07,66.19674416593851,67.12843514924545,65.64150051123922,66.86492919921875,437500.0
2013-06-10,66.89315591716267,67.16607482485487,65.41563436862087,66.78963470458984,521500.0
2013-06-11,65.29328994542038,66.65788454123751,64.35219319520101,64.38043212890625,533300.0
2013-06-12,64.61573592500456,65.72622370631818,64.2487014186361,64.51221466064453,957800.0
2013-06-13,64.70982043080988,67.9095511080749,64.25809079049051,67.75897216796875,710000.0
2013-06-14,67.78725773319375,68.52233319627517,67.080453297156,67.39144897460938,374000.0
2013-06-17,68.16419331787314,69.18199301000672,67.75895865470794,68.49403381347656,571900.0
2013-06-18,68.58826258760718,69.26679561340094,67.85318753965807,68.81443786621094,370700.0
2013-06-19,68.79561174462015,69.21969140677814,67.4291264421249,67.4573974609375,648100.0
2013-06-20,65.61971328107103,66.0909161811821,63.857419036246505,64.1778335571289,847800.0
2013-06-21,64.71499176418051,64.93174821891452,61.05846057158847,61.96316909790039,1917100.0
2013-06-24,60.60610564796224,61.633331555377225,58.79668850772719,60.662654876708984,1243100.0
2013-06-25,61.868943276810704,62.41554037584997,61.32234617777144,62.19878387451172,950300.0
2013-06-26,62.73593545656767,63.518133767226935,62.37782394577617,62.698238372802734,605700.0
2013-06-27,63.55582074149687,64.61131015908943,62.75477042138228,64.48880004882812,856300.0
2013-06-28,64.1401038671807,64.4134022731568,62.217596148921956,62.45319747924805,3859900.0
2013-07-01,63.16003912181488,64.1589942470923,62.89616662494449,63.518157958984375,765800.0
2013-07-02,63.3956366686961,64.3097714691209,62.03857717021742,62.132816314697266,615900.0
2013-07-03,61.01133872416933,62.566309458067536,61.01133872416933,62.255313873291016,511600.0
2013-07-05,62.94329210568084,63.05638340419946,60.9642411165176,61.87837600708008,697500.0
2013-07-08,62.24589220629776,63.32965288473972,61.105575113181914,61.19039535522461,675500.0
2013-07-09,61.82180322409083,63.84797661366516,61.3129033595012,63.376773834228516,784400.0
2013-07-10,63.63121428893744,64.14954017439295,61.897191672110175,63.65949249267578,1103300.0
2013-07-11,65.16736098315198,66.82599716553769,65.16736098315198,66.71290588378906,1416700.0
2013-07-12,66.61866292309226,67.34431216689971,66.12860792027404,67.1841049194336,620700.0
2013-07-15,67.16522747523828,67.85318655810015,65.87413672148537,65.98722076416016,527100.0
2013-07-16,66.062639263501,66.16630446747534,64.14013073977476,64.4134292602539,781400.0
2013-07-17,64.88461427727731,65.33697206023558,63.92336387471764,65.23330688476562,687000.0
2013-07-18,65.20507728470638,66.28883849660554,64.95062362331323,65.72339630126953,461100.0
2013-07-19,65.29928845296284,66.61865780301387,65.0542609703857,66.4207534790039,454300.0
2013-07-22,66.4019029145231,66.88253182136675,65.08253353317888,65.2710189819336,590300.0
2013-07-23,65.52546691457952,65.54431905489741,64.50766703695993,64.58306121826172,529500.0
2013-07-24,64.70557630414875,64.97886761936482,63.339083778145365,63.43332290649414,558900.0
2013-07-25,63.621814222381076,64.56421997277636,62.20820559678816,62.74537658691406,891400.0
2013-07-26,62.311867313217036,63.084639697643574,62.264744152343454,62.71710205078125,734700.0
2013-07-29,62.54747528235284,63.32024774763944,61.557946320346,61.897212982177734,418200.0
2013-07-30,62.19876251265809,63.24483318466055,61.397719281931124,62.971534729003906,734300.0
2013-07-31,63.169460888561254,64.64903773659013,62.71711012189496,63.59354782104492,657700.0
2013-08-01,64.49825988964851,65.44066575739913,64.35689757148867,64.55480194091797,757800.0
2013-08-02,64.41342800157,65.71395246602209,62.04798768708216,65.54431915283203,648100.0
2013-08-05,65.24275176116183,65.7704966684359,64.70558078340497,65.74222564697266,490600.0
2013-08-06,65.41236869367074,65.61027298432212,62.76420437023105,62.971534729003906,1006600.0
2013-08-07,62.66998678265196,63.602966527573614,61.94433746770973,62.19878387451172,911100.0
2013-08-08,62.208187976322144,64.79980305583432,61.74640411263931,64.0081787109375,1505400.0
2013-08-09,63.96106156386421,64.54534835117721,63.46158062731363,63.66891098022461,842900.0
2013-08-12,63.12235435435758,64.08360526981052,63.12235435435758,63.33910369873047,527500.0
2013-08-13,63.39562887582823,63.546417240449095,62.51919127892807,63.07521438598633,564500.0
2013-08-14,63.06578797288114,63.06578797288114,61.86893589264506,62.15165328979492,385800.0
2013-08-15,62.010312324932194,62.26475875938086,60.313978795319215,61.39774703979492,681900.0
2013-08-16,61.15271577613341,62.93386227912867,61.15271577613341,61.81239700317383,554700.0
2013-08-19,61.784130058100935,61.784130058100935,60.68151685294865,60.87942123413086,495400.0
2013-08-20,60.964199856802054,63.18827689253821,60.73801741284192,62.83958435058594,337700.0
2013-08-21,62.472074413770734,63.01867144272453,61.80296723280379,62.217620849609375,431300.0
2013-08-22,62.688785271919535,64.04585094233349,62.4437651180796,63.791404724121094,372600.0
2013-08-23,63.84798196806016,63.90452400553944,61.671027245294745,61.75584030151367,493300.0
2013-08-26,61.793563620203656,62.688846480252785,61.26581853975259,61.8406867980957,356500.0
2013-08-27,60.860555528786044,61.28463517387376,60.511862867502614,60.606101989746094,521600.0
2013-08-28,60.568416595458984,61.35061512205153,60.54014557232669,60.568416595458984,432800.0
2013-08-29,60.54956551004559,61.605062469977106,60.191450341676244,60.42705535888672,664300.0
2013-08-30,60.45532612722044,60.983071009994525,60.13490805053943,60.464752197265625,614900.0
2013-09-03,61.65217338687947,62.01029212088668,59.871027356107874,60.549560546875,634000.0
2013-09-04,60.61554143992613,61.16213853557813,60.040673320358636,60.370513916015625,401600.0
2013-09-05,60.304528197048555,60.983057697492264,60.304528197048555,60.63436508178711,418700.0
2013-09-06,61.35059830230102,62.48148924744873,61.143267936191435,61.727561950683594,628900.0
2013-09-09,62.62282810276323,64.98826737339493,62.42492385637309,64.83748626708984,1049100.0
2013-09-10,65.29929190975722,65.83646287193075,64.86578614993162,65.50662231445312,468000.0
2013-09-11,65.35583796511318,65.85531186711133,64.1118626505193,65.45950317382812,525300.0
2013-09-12,65.39352269581376,66.46786448304412,65.12022421450301,66.08148193359375,627300.0
2013-09-13,66.10031452007986,66.79769250646423,65.78931901088777,66.68460845947266,413800.0
2013-09-16,67.33487051046887,68.748478769107,66.09089553046667,66.22283172607422,561700.0
2013-09-17,66.20398992906999,67.08985344742102,66.10032474330619,66.80712890625,398500.0
2013-09-18,66.94851318414028,68.92756405293949,65.64799568521192,68.74850463867188,853700.0
2013-09-19,69.02177860644203,69.6060726200706,68.25843243233362,68.49403381347656,724300.0
2013-09-20,68.8050267802359,69.15371220965339,66.69403330762312,66.87309265136719,727900.0
2013-09-23,66.73176336971007,67.04275906044272,65.28988340902373,65.6668472290039,608000.0
2013-09-24,65.65739702137338,68.33383268841827,65.48776372423684,67.7024154663086,842500.0
2013-09-25,67.72127089612687,68.16420270406456,66.5149928089682,67.30661010742188,535500.0
2013-09-26,67.47623530236635,68.16419451093773,67.1086977165491,67.8437728881836,713600.0
2013-09-27,67.6176114804715,69.07834324559073,67.31604193289668,68.97467803955078,832100.0
2013-09-30,68.22074789203435,69.19142461042046,67.99457253774655,68.37153625488281,815900.0
2013-10-01,68.01341475220266,69.91707821167086,68.01341475220266,69.63435363769531,1259700.0
2013-10-02,69.27621395180758,69.89819769607364,68.7107722233889,69.83222961425781,604900.0
2013-10-03,69.80394875653681,70.1153646078868,67.46362126719536,68.7942123413086,671600.0
2013-10-04,68.71870339124662,69.64351196430037,68.71870339124662,69.19998168945312,741200.0
2013-10-07,68.31292610857261,69.2849143817496,67.65235365098626,68.69039916992188,613200.0
2013-10-08,68.55830233326466,68.7659129304548,66.72756219408072,66.83136749267578,850000.0
2013-10-09,67.00122386177826,67.65236482011395,65.2837279888024,66.55769348144531,839600.0
2013-10-10,67.70898834164427,68.75647291844584,67.70898834164427,68.31294250488281,657200.0
2013-10-11,68.28460628375285,69.34152925144193,68.0958733822399,68.9734878540039,697100.0
2013-10-14,68.33182920521126,69.05845917954632,67.52026434053953,68.77535247802734,605900.0
2013-10-15,68.67151314815503,69.0018065362034,66.66147960217214,66.68978881835938,1165600.0
2013-10-16,67.12391488140042,67.52969732197556,66.69926202020201,67.29377746582031,740500.0
2013-10-17,67.1050451422081,69.41705687612631,66.44447241814652,69.34156799316406,724100.0
2013-10-18,69.61521644708596,70.76650630623955,69.51141835130952,70.63439178466797,724600.0
2013-10-21,70.60606705027298,70.60606705027298,68.49222796972136,68.89801025390625,808900.0
2013-10-22,69.45478579871899,69.79451087749283,68.44504937005803,69.68126678466797,490400.0
2013-10-23,69.14338457842973,69.75677761158835,68.57717839386112,69.26606750488281,238500.0
2013-10-24,69.48309940996086,72.57837334533825,69.48309940996086,72.38963317871094,1026800.0
2013-10-25,72.4273684326508,72.72934544627124,71.91778087222255,72.53117370605469,504300.0
2013-10-28,72.34246628953132,72.99360018000074,71.78569169945766,72.40852355957031,363500.0
2013-10-29,72.76714524539754,73.10687052739121,71.92727085372013,72.70108795166016,527200.0
2013-10-30,72.82370621120334,73.03131674175584,71.3421304791779,71.67241668701172,561000.0
2013-10-31,72.00273227255704,73.81459477049943,69.3226793612784,70.78538513183594,865200.0
2013-11-01,71.46482937748124,73.0124626980292,70.82312722995884,72.35188293457031,688400.0
2013-11-04,72.56895196081055,75.18294089882956,71.91781082908507,74.73941040039062,1038100.0
2013-11-05,74.31472267452997,74.54120362295554,73.06906665864012,73.66358184814453,353000.0
2013-11-06,73.93724713796314,74.3241589782086,72.63497272873803,73.0501937866211,530900.0
2013-11-07,73.2011975229027,73.97501420287817,71.13453770699819,71.18172454833984,543800.0
2013-11-08,70.96468153225152,71.9461088827665,69.97382257238192,71.92723846435547,429000.0
2013-11-11,71.91780800106059,72.58781952778212,71.27610570509168,72.4462661743164,320000.0
2013-11-12,71.71960519240862,72.27637235580971,71.1911472475263,71.6629867553711,480200.0
2013-11-13,70.95526013765668,72.10655021841852,70.59665733890624,72.01217651367188,418700.0
2013-11-14,72.23866863456156,75.13576441276375,71.71020321854625,74.82434844970703,1110900.0
2013-11-15,74.80542796768243,75.40938912561467,74.23922203180126,74.64500427246094,466700.0
2013-11-18,74.85262527863934,74.91868252708178,72.70103810114216,73.09738159179688,620600.0
2013-11-19,72.80482766445552,73.37103355743491,71.51198499573206,71.9932632446289,766600.0
2013-11-20,72.31412682645207,73.38048881704405,72.21976035641123,72.6727294921875,512300.0
2013-11-21,72.91809136075473,74.19206408846757,72.66330113503288,74.02220153808594,438700.0
2013-11-22,74.18262183961798,74.32417515832098,73.39936638253542,73.83345794677734,336500.0
2013-11-25,73.852339485632,74.4657324327958,73.46542754060363,73.70134735107422,346000.0
2013-11-26,73.72964821989372,74.31473187544013,73.3710527405139,73.91838836669922,407900.0
2013-11-27,74.06937550261384,74.06937550261384,73.09738711648357,73.95613861083984,400600.0
2013-11-29,73.95613560882077,74.4185363640964,73.28612429411926,73.60697174072266,162600.0
2013-12-02,73.4843174723873,74.01277563250046,72.31414983256182,72.77655792236328,382700.0
2013-12-03,72.36131636003088,72.85202634236434,70.84199237669975,71.38932800292969,737100.0
2013-12-04,71.03069751331093,72.38959723957228,70.40787327190621,71.10619354248047,406800.0
2013-12-05,70.8986200822145,71.39877613684874,70.1625514127132,70.3229751586914,406300.0
2013-12-06,71.33269349162019,72.21975407215623,70.8797315949589,71.39875793457031,437100.0
2013-12-09,71.7007462633728,72.4745628921828,71.07791455741076,71.16284942626953,447900.0
2013-12-10,71.05900709130844,71.81394571131955,70.44561451275777,70.52111053466797,312700.0
2013-12-11,70.46450465861393,70.46450465861393,68.69039084489823,68.74700927734375,743000.0
2013-12-12,68.8225373750902,69.12451448827959,68.19027391930344,68.47337341308594,622900.0
2013-12-13,69.29436742059409,70.79481396801737,69.06788641714743,69.803955078125,1366000.0
2013-12-16,70.82311139578611,70.92691666112582,69.39815409860422,69.77562713623047,442100.0
2013-12-17,69.74731146942356,69.74731146942356,68.44502997000872,68.9734878540039,319600.0
2013-12-18,70.43823616175594,71.70449558414569,68.6427873484507,71.52495574951172,736300.0
2013-12-19,71.1658329200089,71.1658329200089,68.83175112631326,68.85065460205078,532900.0
2013-12-20,68.4726844986528,69.32316091748314,68.13249393112065,69.27590942382812,966700.0
2013-12-23,69.73894643277163,70.48546807485377,69.38930414744861,70.27758026123047,548200.0
2013-12-24,70.43822777549866,70.87291411693465,69.9373936692695,70.54217529296875,113800.0
2013-12-26,70.79731766667682,71.07136047823587,70.25868378452724,70.87291717529297,353300.0
2013-12-27,71.16583642566012,71.68557389059042,70.84454941793153,71.2036361694336,296400.0
2013-12-30,71.38319117830073,73.30148333077648,71.345391430276,72.5549545288086,574600.0
2013-12-31,72.81955477619083,73.70783094333822,72.61165974051244,73.16919708251953,453600.0
2014-01-02,72.99908472022574,72.99908472022574,70.96739354176296,71.3548355102539,476100.0
2014-01-03,71.4493134088158,72.70612754575835,71.37371393977514,72.45098114013672,429800.0
2014-01-06,72.63054534914855,72.81009232842801,70.60830593355222,70.82564544677734,537200.0
2014-01-07,71.10915048598386,71.36428978063529,70.44767290017279,70.70281219482422,421300.0
2014-01-08,70.70278500013242,71.97849540183793,70.49489006467954,71.62886047363281,419900.0
2014-01-09,72.27146650554477,72.73450079744896,70.87290468096526,72.69670104980469,437600.0
2014-01-10,73.07467313661643,74.40707966415883,72.80063044154734,74.31258392333984,701800.0
2014-01-13,74.04798950152224,75.35204796677606,71.93125472602598,72.26199340820312,906600.0
2014-01-14,72.5454989276692,73.8117651856154,71.46823139978592,73.33927917480469,356500.0
2014-01-15,73.35815965067461,73.82120103247311,73.15971643400218,73.70780181884766,240700.0
2014-01-16,73.6038606953155,74.96462253802603,73.6038606953155,74.21809387207031,459200.0
2014-01-17,74.08579767080624,74.3881883874396,73.61331172546892,73.7645034790039,276400.0
2014-01-21,74.48267244444621,75.48434018428807,74.2086297740143,75.14414978027344,627000.0
2014-01-22,75.21032280567248,76.55218861033545,74.86068775754336,76.43878936767578,845200.0
2014-01-23,76.91127299497023,77.44045502505388,75.55051096382435,75.96630096435547,860500.0
2014-01-24,75.38985791803077,75.60720462980328,72.98018387033595,74.15194702148438,1093700.0
2014-01-27,74.27479565772249,74.728385377104,72.10136444492194,72.40375518798828,593700.0
2014-01-28,72.61163731674517,75.05911828608906,72.61163731674517,74.21809387207031,608300.0
2014-01-29,73.23532030319123,74.28423966107296,72.8951298514694,73.52825927734375,345600.0
2014-01-30,74.49216275687873,74.60555481056305,73.08414894072664,73.72673034667969,348700.0
2014-01-31,72.29982911286254,74.88905106801835,72.29037737165179,74.41656494140625,597500.0
2014-02-03,74.28423057869705,74.90790819089081,71.23196862381258,71.49656677246094,1130000.0
2014-02-04,71.83676493542718,72.25255490320006,70.35315925263127,71.34538269042969,1771500.0
2014-02-05,69.5026891955833,72.60219601081673,68.52936203960262,70.21141815185547,2127300.0
2014-02-06,70.38155204193866,74.95521529092574,70.38155204193866,74.42603302001953,1895500.0
2014-02-07,74.63386158946618,76.41040563652153,74.6055063848842,76.01351928710938,1067800.0
2014-02-10,76.05134116865237,76.93016531807731,75.67335096930209,76.30648040771484,1076100.0
2014-02-11,76.23089436091541,76.68448412198939,75.49381730753929,76.43878936767578,526500.0
2014-02-12,77.5916320364327,78.31925712173278,76.41041733268669,77.84677124023438,1244500.0
2014-02-13,77.33650971512718,79.1036100578651,76.81677940930872,78.15863800048828,831100.0
2014-02-14,78.00745556127887,80.08639145262403,77.86570829378591,79.89739990234375,667600.0
2014-02-18,80.2848405305911,81.26761252393544,79.76511012507298,80.40768432617188,661100.0
2014-02-19,80.38877532127516,81.20145189456446,79.64224650583198,79.75564575195312,411700.0
2014-02-20,79.86903171386457,80.22812569448726,79.14140643289878,79.69893646240234,373800.0
2014-02-21,79.92573482032275,80.40766535745622,79.46269334173114,79.4721450805664,441600.0
2014-02-24,79.65170721631297,80.04859380808968,78.94297806975497,79.0185775756836,454200.0
2014-02-25,79.20753870149875,79.85011983589797,78.48935809021424,79.2453384399414,516700.0
2014-02-26,79.7084027873579,83.63949055848607,79.30206445726114,83.06305694580078,1058600.0
2014-02-27,83.11030141074407,83.4315957050298,81.74009461603565,82.46772003173828,663500.0
2014-02-28,82.80790514239362,83.65838150116222,82.47716633886283,83.53553771972656,597000.0
2014-03-03,82.24093412125643,83.67729598485357,82.21258610716384,83.11975860595703,459300.0
2014-03-04,83.83791675949095,84.7923404955046,83.63002176654103,84.39544677734375,664000.0
2014-03-05,84.07417107460503,84.85849966827588,83.83792804346793,84.35765838623047,353500.0
2014-03-06,84.6317181146238,86.2003756160822,84.41437851981286,85.0475082397461,478800.0
2014-03-07,85.86017782419415,86.4649594776551,85.1797966616591,85.87907409667969,551900.0
2014-03-10,85.51997108544441,85.58611884099533,83.47882798347703,83.92296600341797,648600.0
2014-03-11,84.22536709948943,85.27428678723162,83.17644741174723,83.49774169921875,631400.0
2014-03-12,83.2614857864131,83.53552853909684,82.5622085058613,83.14808654785156,421300.0
2014-03-13,83.53550937937403,83.53550937937403,79.6516746666026,80.0485610961914,937900.0
2014-03-14,79.99190251850453,81.79679576960444,79.99190251850453,81.31486511230469,395400.0
2014-03-17,81.7873452032601,83.1575519827866,81.7873452032601,82.53386688232422,344900.0
2014-03-18,82.90239936635658,83.70562414996547,82.56220885878218,83.29928588867188,297200.0
2014-03-19,86.8240273674608,86.8240273674608,81.96687171861291,82.2503662109375,461000.0
2014-03-20,81.58888052545646,82.32596475509621,80.86125524423349,81.494384765625,650900.0
2014-03-21,81.5510805335458,82.0235664990714,79.54773744427429,79.85012817382812,564500.0
2014-03-24,80.32260203335206,80.68168871758803,78.78230061333149,80.0296630859375,493100.0
2014-03-25,80.51161550831495,81.35264005325172,80.42657148468889,81.22034454345703,402500.0
2014-03-26,81.26758784607172,81.26758784607172,78.26257675128791,78.74451446533203,1106700.0
2014-03-27,78.65005675519232,80.6250456289558,78.3949101674633,80.54944610595703,758200.0
2014-03-28,80.98411227080085,82.79846432062939,80.71007668529037,82.44882202148438,819000.0
2014-03-31,83.33710426368323,83.87573815281816,82.27873275802948,83.78124237060547,665700.0
2014-04-01,84.1024948724966,84.87737150316406,83.85680017216895,84.64112854003906,855500.0
2014-04-02,84.61278609338177,84.85848080984091,84.02690091092187,84.3198471069336,565800.0
2014-04-03,84.42383495319102,84.92467640613073,83.74346084739746,84.33879089355469,890600.0
2014-04-04,85.03802347646173,89.06360598863102,83.87571201921781,85.32151794433594,1329600.0
2014-04-07,85.23639389622912,85.74724552241902,80.75226146753003,82.11453247070312,1412800.0
2014-04-08,82.17126844769017,82.41723558081289,80.73331451911123,81.42391204833984,564200.0
2014-04-09,81.688784168103,84.31871728081326,81.28199548550388,83.94031524658203,491900.0
2014-04-10,83.91197937004974,84.15794661517005,81.65099192496972,81.88749694824219,470800.0
2014-04-11,81.1590282512615,82.30371118438575,79.65485322476191,80.08056640625,503100.0
2014-04-14,80.9319765707254,80.9319765707254,79.50348500846077,80.43058013916016,571400.0
2014-04-15,80.49682835423533,81.64151876375021,79.49404958819567,80.48737335205078,828500.0
2014-04-16,81.13065637027556,82.42669881795337,80.96982752626323,82.37940216064453,341000.0
2014-04-17,82.41724310196288,83.12675791346118,82.00099210293202,82.07667541503906,304100.0
2014-04-21,82.44562586839464,83.03215351701085,82.28480423684235,82.71051025390625,254800.0
2014-04-22,82.84294554689944,83.61868141881371,82.00098858412264,82.20911407470703,559700.0
2014-04-23,82.21857275426977,82.62535428237753,81.21578699893429,81.53743743896484,732300.0
2014-04-24,81.76447982414501,82.01044695762862,78.9075036154315,80.65763854980469,1131900.0
2014-04-25,80.20353855730552,80.20353855730552,78.19798167395052,78.58584594726562,1030400.0
2014-04-28,79.05889329337009,79.2197149655945,74.33825538399442,75.56807708740234,2154500.0
2014-04-29,75.83294715433166,77.17629347650477,74.68825689738186,76.86410522460938,790100.0
2014-04-30,76.71274330431791,79.22915947567483,76.58030110767369,78.83183288574219,996300.0
2014-05-01,78.93589457360555,81.35770295664996,78.76561072057534,79.25753784179688,601700.0
2014-05-02,79.3048416228151,81.10228068760962,78.84128672384229,79.94813537597656,380000.0
2014-05-05,79.17239390465623,80.23193138825641,77.88580648809219,80.01435089111328,381700.0
2014-05-06,79.51298714217769,80.2414193962724,78.47235932552795,78.77508544921875,686200.0
2014-05-07,78.82237448565253,79.14402499134285,77.30874415241239,78.04663848876953,702800.0
2014-05-08,77.95204099796044,79.32376696231972,76.56139059381799,76.80735778808594,626000.0
2014-05-09,76.60870002304242,76.77898390562622,74.51798954671264,75.86134338378906,1226600.0
2014-05-12,76.47622696327471,78.59531622916454,76.25864648013933,78.00878143310547,916700.0
2014-05-13,78.02773333627414,79.03997445484364,77.45066055472368,77.52633666992188,624000.0
2014-05-14,77.441179917432,77.441179917432,75.74780364186194,76.93032836914062,968600.0
2014-05-15,75.33154444717412,78.40610840419859,74.6314919055677,77.43170928955078,2256700.0
2014-05-16,77.346572443818,78.8602025154318,77.04384642949525,78.03716278076172,919300.0
2014-05-19,77.82903408322291,79.42780961476443,77.51685308144529,78.93588256835938,801100.0
2014-05-20,78.76561326235463,79.03995987984308,77.04385745618048,77.90473175048828,638900.0
2014-05-21,78.09393250008249,79.28591217700178,78.01824918859491,78.7466812133789,433300.0
2014-05-22,78.68046656006861,80.27924236270111,77.96149669476365,79.86299133300781,705600.0
2014-05-23,79.73052890044531,82.71995423215539,79.57916952105408,82.30370330810547,994500.0
2014-05-27,82.68212856755429,84.40388424413524,82.62536247394618,83.41056060791016,901000.0
2014-05-28,83.42948829795748,83.94033985500111,82.66320735361288,83.08892059326172,450900.0
2014-05-29,83.43894081964031,84.04439289498244,81.7455717829403,82.90917205810547,543400.0
2014-05-30,82.81458353638988,82.87134242119885,81.52799588528644,82.27535247802734,547400.0
2014-06-02,82.40778040445481,83.14567464931378,81.36716013048556,82.65374755859375,465700.0
2014-06-03,82.24695878033076,82.81456918271782,81.8969288770391,82.65374755859375,426300.0
2014-06-04,82.68212173412338,84.03493016945698,82.20911189264392,83.7132797241211,392900.0
2014-06-05,83.9781753208202,84.76337349498681,83.31596434113652,84.42280578613281,404100.0
2014-06-06,84.74443057972918,85.1228398323385,84.43224240500977,84.85794830322266,381400.0
2014-06-09,84.8106516576191,85.9174927670175,84.47008405202632,84.85794830322266,365200.0
2014-06-10,84.93363511025615,86.16346342771519,84.22412043885049,86.06886291503906,533900.0
2014-06-11,85.62424975604902,85.62424975604902,84.21467512923002,84.60254669189453,395300.0
2014-06-12,87.27033016752685,91.19631394377825,87.27033016752685,88.00822448730469,2346400.0
2014-06-13,88.12176385163467,88.85965829186897,87.84741718737017,88.50962829589844,794800.0
2014-06-16,88.29202429100411,89.408327875746,87.92307716887024,89.04883575439453,598300.0
2014-06-17,88.90694399738136,89.54077553129324,86.75947500912226,88.83126068115234,642400.0
2014-06-18,89.06803336700274,91.0378471569575,88.3293450673589,90.94314575195312,678500.0
2014-06-19,90.94313292280822,91.05677892793412,89.40895159250036,89.87299346923828,378200.0
2014-06-20,89.97715470343002,91.07570369979034,89.24793891574717,90.71583557128906,710700.0
2014-06-23,90.7253150528015,92.09850321317974,89.92033520852534,89.96768951416016,366700.0
2014-06-24,89.59835203852701,90.50749838005905,88.62291400204742,88.74602508544922,585300.0
2014-06-25,88.23461017858195,89.17217324051943,87.80845040515678,89.0869369506836,1137200.0
2014-06-26,89.11537110147702,89.24795449961525,87.32548800135767,88.23463439941406,466700.0
2014-06-27,87.85582840032619,89.78776735533826,87.85582840032619,89.61730194091797,373800.0
2014-06-30,89.33316667529262,90.0813197770686,88.66077755919679,89.28581237792969,711500.0
2014-07-01,89.75933092311533,91.00940784812178,89.48469188027846,90.30860900878906,448800.0
2014-07-02,90.02447415815041,90.18547440002342,88.15882795007643,88.59446716308594,410700.0
2014-07-03,88.9732932091104,89.95820336771247,88.73653616786714,89.59833526611328,324000.0
2014-07-07,89.17217557170495,89.37105061951921,87.4675219829377,88.08309173583984,504100.0
2014-07-08,87.95051766999273,88.58502487419173,86.79514202936035,87.36335754394531,612800.0
2014-07-09,87.81795319481878,89.08696787639012,87.81795319481878,88.8028564453125,451000.0
2014-07-10,87.35387163946365,87.78003862799834,86.02803082832986,87.1265869140625,717900.0
2014-07-11,86.83302700156558,88.10204145343467,86.43526962500358,87.8558120727539,460300.0
2014-07-14,88.30091399463144,88.44296968037963,87.56223309904368,88.11151123046875,410900.0
2014-07-15,88.20623460117343,88.20623460117343,86.70046274253012,87.51490783691406,404200.0
2014-07-16,87.83687772034877,88.41456558041118,87.01296047109923,88.14939880371094,504000.0
2014-07-17,87.74216694891601,87.97892400640082,85.74393680572418,85.77234649658203,692900.0
2014-07-18,85.72501191084136,86.77621406585953,85.53560911139365,86.44475555419922,464200.0
2014-07-21,85.77235974186988,85.9807071406706,84.70222027787439,85.32725524902344,685800.0
2014-07-22,85.69657920098828,86.72884368896484,85.67764181623032,86.72884368896484,772900.0
2014-07-23,86.02804206574676,91.71021151976709,84.9389653672612,91.53028106689453,2086900.0
2014-07-24,91.53977229371867,92.60991182766695,90.61168124528074,90.64009094238281,1050100.0
2014-07-25,90.26127844232536,91.24618888846169,89.8445908412607,90.8389663696289,477500.0
2014-07-28,90.74424412728483,90.89577211123343,89.29529210072306,89.63622283935547,812300.0
2014-07-29,90.00557746654779,91.20830032154193,89.6267646721726,89.72146606445312,729700.0
2014-07-30,89.96770817281505,91.02838270183867,89.72147873790252,89.97718048095703,649600.0
2014-07-31,89.25740892168731,89.25740892168731,85.95228248707414,86.00910186767578,918600.0
2014-08-01,85.7534272181254,87.36337265886486,85.57348950436206,86.747802734375,683900.0
2014-08-04,87.05083864689985,87.54329740363848,86.26480343246288,87.39176940917969,353600.0
2014-08-05,86.94667664629634,89.40895631051804,86.7667461602519,87.3160171508789,732200.0
2014-08-06,86.97508584482429,88.41457307645919,86.55839825693283,87.5338363647461,341800.0
2014-08-07,87.9789045878297,88.47135597959407,86.72882788923509,87.0792236328125,242900.0
2014-08-08,87.17396748155208,89.21007277002535,87.17396748155208,88.91649627685547,325000.0
2014-08-11,89.1532453799603,90.41279477839436,88.52821044650037,88.71761322021484,359500.0
2014-08-12,88.5376836750345,88.76497569471124,86.28375866930689,86.71939086914062,512200.0
2014-08-13,87.07925563613173,88.27251340409714,86.7951514605944,88.22516632080078,563300.0
2014-08-14,88.28195839255184,89.22898646846379,88.0357290697445,89.20057678222656,308000.0
2014-08-15,89.49417054301759,89.79721929711613,88.65131596989188,89.16271209716797,624500.0
2014-08-18,90.05290515064412,91.56815600172582,90.05290515064412,91.37874603271484,428300.0
2014-08-19,92.0890389345919,93.20653272761315,92.07957385284193,92.91295623779297,657200.0
2014-08-20,92.47732652731202,93.42435494597316,92.36368051598144,93.14024353027344,381000.0
2014-08-21,93.28228718553757,94.34296147848433,92.53413396443037,94.24825286865234,616900.0
2014-08-22,93.9736214299848,94.52289235303763,93.50010727977381,93.76527404785156,328100.0
2014-08-25,94.22930306476201,94.37135873553808,93.42433056403294,93.50955963134766,219900.0
2014-08-26,93.5380152141262,94.7691553312325,93.33914006756383,94.19146728515625,373400.0
2014-08-27,94.47555644890555,95.66880704640788,94.47555644890555,95.6214599609375,500700.0
2014-08-28,95.28052527587542,96.3127827353025,94.24826059119523,95.82980346679688,482900.0
2014-08-29,95.83924610979074,96.62528121015453,95.4983153969884,96.51164245605469,226500.0
2014-09-02,96.71054014353193,97.2219363324671,95.32787958467155,95.82980346679688,640800.0
2014-09-03,96.66316903950387,96.89045378667772,94.9395779874941,95.29944610595703,480300.0
2014-09-04,95.3657613654352,96.6347832367917,94.19144811862672,94.39979553222656,839800.0
2014-09-05,94.41870167231042,96.00970921974425,94.00201420827504,96.000244140625,544000.0
2014-09-08,95.55516931659889,97.43975385511743,95.55516931659889,97.31664276123047,667600.0
2014-09-09,97.5155266609234,97.68599208143671,95.83928215500016,96.13286590576172,538900.0
2014-09-10,95.95291228485097,97.05146864071101,95.95291228485097,96.48324584960938,382400.0
2014-09-11,96.26542205406007,97.42079766305655,96.04760237971972,97.24085998535156,207700.0
2014-09-12,97.51547732456379,97.5249496279261,95.59301158129239,96.38851165771484,406600.0
2014-09-15,96.44534937224219,96.46429398257025,94.70282093515621,95.29944610595703,378500.0
2014-09-16,94.54182380241721,96.47376213333048,93.7841983774605,96.27488708496094,492800.0
2014-09-17,96.7389429861354,99.37168052303885,96.39801221766203,98.4909439086914,818300.0
2014-09-18,98.5856338471741,99.22014100500408,98.14052943861368,99.18226623535156,379900.0
2014-09-19,99.93989066496579,100.09141865399427,98.67087627048713,99.0686264038086,927400.0
2014-09-22,99.05917010114062,99.13493410789451,97.95114859706526,98.23526000976562,528300.0
2014-09-23,97.67648367976986,98.49092847401742,96.83362919681039,96.84310150146484,595000.0
2014-09-24,96.59690437584324,98.07426648362784,95.8866330201385,97.9700927734375,464300.0
2014-09-25,97.51552530469878,97.61022670916596,95.03430804623642,96.08551025390625,677000.0
2014-09-26,96.00025275436343,96.84310728768207,95.72561370498687,96.53058624267578,296200.0
2014-09-29,95.3752230580182,97.07040465015862,95.28052166926373,96.91887664794922,513800.0
2014-09-30,97.23135201255494,97.45864390898979,95.37517820983358,96.43585205078125,693200.0
2014-10-01,96.15151746341591,96.32215043624898,93.41191551185344,93.75318145751953,1045600.0
2014-10-02,93.44034697786756,93.68681841846389,87.25965558587352,90.61542510986328,2107700.0
2014-10-03,91.31691805070706,91.76246006398296,88.67211082427893,89.47787475585938,1222700.0
2014-10-06,89.95185865908384,89.95185865908384,87.28809530310504,88.19813537597656,830500.0
2014-10-07,87.3544477883351,88.28344381868308,87.00370025634766,87.00370025634766,717500.0
2014-10-08,86.97526526396726,87.49664576884604,82.94643826263908,87.28809356689453,1491800.0
2014-10-09,86.92783472350861,87.60089195720148,82.49138645117212,82.62410736083984,1000200.0
2014-10-10,82.44401700901174,83.1075855900985,77.32503562003285,77.73265838623047,2546000.0
2014-10-13,77.53361645802353,79.47692929625636,75.09736057826709,75.15423583984375,1548100.0
2014-10-14,75.57129880487699,77.67576911380843,73.59006057235591,75.80828857421875,1485100.0
2014-10-15,74.02610032792099,77.59990910750304,73.92183151212464,76.17797088623047,1513200.0
2014-10-16,74.50958093329999,81.40124737401516,74.50958093329999,80.9651870727539,1736000.0
2014-10-17,85.31634520260403,85.31634520260403,82.5293422782983,83.202392578125,1980900.0
2014-10-20,83.38246723197649,85.3542235567328,83.38246723197649,85.03191375732422,1001200.0
2014-10-21,86.78567164546875,89.7812190944528,86.16001507315549,88.16020965576172,1291100.0
2014-10-22,88.65311497773561,88.65311497773561,84.75701047198889,84.84232330322266,731100.0
2014-10-23,86.2074310865823,88.32137652142063,84.55797650537242,87.30706024169922,689200.0
2014-10-24,87.31652295476508,87.8473777952336,86.42543898767454,87.73362731933594,389500.0
2014-10-27,86.51075621243788,86.51075621243788,83.32561281038258,83.94178771972656,1304400.0
2014-10-28,84.10295026813822,85.79031666526151,83.55313213827509,85.26893615722656,961800.0
2014-10-29,85.72396419062974,89.84758591092634,83.30666495854767,84.52953338623047,1171500.0
2014-10-30,83.55313246893111,84.43473491087106,81.71408910497232,82.30182647705078,1136000.0
2014-10-31,83.24031842912567,83.4867899154463,80.17841340281407,82.88009643554688,1739600.0
2014-11-03,83.51519581285659,84.26408437466493,82.10273876962515,82.24493408203125,1094300.0
2014-11-04,81.5244903568991,81.5244903568991,76.55718622532873,78.06443786621094,2123500.0
2014-11-05,78.7564644855849,79.03137356479942,77.01221552182692,78.32040405273438,1267700.0
2014-11-06,78.49101404043964,80.69975318121395,77.96963365799179,80.5670394897461,863900.0
2014-11-07,80.78508293552412,82.69048292320343,80.5291299053521,82.01742553710938,780500.0
2014-11-10,82.4061142868071,83.75221495385377,81.95109057404213,83.31615447998047,902400.0
2014-11-11,82.92746337737401,83.95125368566336,82.50087745259579,83.71426391601562,516500.0
2014-11-12,83.03175623942576,84.32098153780987,82.92748736438618,82.95592498779297,577700.0
2014-11-13,83.02230128929764,83.39200494484786,80.19737857440988,80.54812622070312,808800.0
2014-11-14,80.36797428421275,82.38713186986872,79.675968165987,81.85626983642578,523600.0
2014-11-17,81.74252147260741,82.0458681142296,80.89883116723017,81.73303985595703,677100.0
2014-11-18,81.95105841004549,82.69994694050006,81.54343572213614,82.22596740722656,681000.0
2014-11-19,82.3113064134173,83.69532610098061,81.18323255044668,83.32562255859375,625000.0
2014-11-20,84.11240174881576,87.1932683704926,82.81369536926185,87.10794830322266,1006300.0
2014-11-21,88.3687478995317,89.3356629931724,87.70517219432178,88.3023910522461,1050000.0
2014-11-24,88.68158768251425,88.68158768251425,87.16484714875952,87.69570922851562,530100.0
2014-11-25,87.82844702502146,88.64369275415025,86.88996916748275,87.11747741699219,802000.0
2014-11-26,87.24069323734264,87.24069323734264,85.0319463321844,85.26893615722656,760200.0
2014-11-28,84.19775019959262,84.3683831739578,77.88434461279347,78.10237121582031,1257600.0
2014-12-01,77.96018017519071,77.96018017519071,75.50496876468567,75.74195861816406,1754800.0
2014-12-02,75.73249091836946,76.2823092152598,74.46222854178595,76.1401138305664,1535000.0
2014-12-03,76.22540844667623,79.83713095454993,76.22540844667623,79.67597961425781,1320900.0
2014-12-04,79.06928372355368,79.2019974386385,77.54306876772326,78.53842163085938,939300.0
2014-12-05,77.2966283279378,78.34886408534248,76.83213013892608,77.01223754882812,794800.0
2014-12-08,76.03581505888364,76.31072412547921,74.25365416742727,74.92670440673828,600100.0
2014-12-09,74.14936429381002,76.74677028453166,73.64694711216778,76.64249420166016,847400.0
2014-12-10,75.13525715026812,75.74195053181256,71.63728497202308,72.00698852539062,1174200.0
2014-12-11,72.47147120234726,73.25827900088647,71.55195693910179,71.6467514038086,781100.0
2014-12-12,70.64189253964605,71.06847837496251,68.85973244928944,68.89765167236328,1091900.0
2014-12-15,69.37163337836469,70.32907390328621,66.69838953932893,67.11549377441406,1093100.0
2014-12-16,66.97332362440895,69.82668304162118,66.5088256088854,68.43318176269531,1146600.0
2014-12-17,68.90782019865047,73.27448791438216,68.38572366212665,73.11310577392578,1270400.0
2014-12-18,74.94520197446238,75.1540434761414,72.30622061845611,73.47383117675781,1016500.0
2014-12-19,74.05289030048552,76.05585965638241,73.30296273308632,75.9514389038086,1291500.0
2014-12-22,75.58120869024128,75.58120869024128,71.9644693371821,72.79983520507812,685700.0
2014-12-23,73.10363050265182,73.9105123706726,72.30623616501052,72.67645263671875,618600.0
2014-12-24,72.23024322151241,72.6479260299029,71.66068036431561,71.9074935913086,330800.0
2014-12-26,71.98346985813961,73.49281247582935,71.90752617812822,72.4581069946289,328300.0
2014-12-29,72.534042788923,74.1762830468985,72.05940570403504,73.97693634033203,648700.0
2014-12-30,73.21750698798695,73.77758245973509,72.10685805552002,72.42012023925781,983000.0
2014-12-31,72.89477508797425,73.76810571444982,71.57528437729819,72.17332458496094,676700.0
2015-01-02,72.98020760207035,74.4136138627186,71.90753022056138,73.15107727050781,470600.0
2015-01-05,71.75565294281722,72.1733360227106,68.66102341826527,69.25906372070312,1052700.0
2015-01-06,69.46785175279747,69.67669313188337,67.44590131801674,68.07241821289062,986500.0
2015-01-07,68.93630044581457,70.18934219890191,68.38571962823686,69.10717010498047,664600.0
2015-01-08,69.54383158998431,72.32520535247532,69.46788791398752,71.70817565917969,1102100.0
2015-01-09,72.08789205145091,72.08789205145091,70.40767249888741,71.19557189941406,541100.0
2015-01-12,70.84432902618941,70.84432902618941,67.74020566264042,69.05020141601562,712400.0
2015-01-13,69.88554114617057,70.61647879998543,66.90482193457811,67.79713439941406,908600.0
2015-01-14,66.53462946280534,68.06296160207701,66.04101003384238,67.70223999023438,1126700.0
2015-01-15,68.17684910496321,69.24952597161113,66.48714277387438,66.63902282714844,734400.0
2015-01-16,66.30678746335889,69.62924646395196,66.30678746335889,69.581787109375,710300.0
2015-01-20,69.5913131176387,69.8381265220343,67.17066742406337,68.45218658447266,474400.0
2015-01-21,68.36673578303309,70.07543251705367,68.36673578303309,69.9994888305664,583900.0
2015-01-22,70.33172939105896,70.41716784407699,67.05673595392663,67.4174575805664,1247200.0
2015-01-23,67.27505639241114,68.61352907390884,67.1611408959998,67.86360168457031,833100.0
2015-01-26,68.3287830210625,68.95530043716361,67.32254710673374,68.84138488769531,763800.0
2015-01-27,67.65476279084335,69.42041321895236,67.23708710629214,68.76541900634766,737500.0
2015-01-28,69.19260795202048,69.71471175022819,65.99355073163315,66.25935363769531,680200.0
2015-01-29,66.61057587426883,67.78768122046036,65.06326137295966,67.4174575805664,984700.0
2015-01-30,66.73396187562233,68.65149207641096,66.13591464936387,67.60729217529297,779700.0
2015-02-02,68.34775920589891,70.36971114181331,67.9110938356146,70.17036437988281,949200.0
2015-02-03,70.94874630976139,73.67316566479958,70.72092254687466,72.79983520507812,1442700.0
2015-02-04,72.9137749897546,74.85029591751777,71.081674840625,73.07515716552734,1340700.0
2015-02-05,73.08463541097298,73.56876739200219,71.26203026666062,72.46760559082031,1040900.0
2015-02-06,73.35989615872542,74.69837602246317,72.52453761640618,74.65090942382812,1280200.0
2015-02-09,74.74584753002576,75.29642829720022,74.1003407925354,74.58447265625,908200.0
2015-02-10,75.17304003382246,75.66665952190881,73.09412683611404,73.90100860595703,617700.0
2015-02-11,73.73012927013623,73.93897076394889,72.51505938874013,72.99919128417969,721100.0
2015-02-12,73.77756691941754,75.40082438088574,73.4453225107635,75.14452362060547,556200.0
2015-02-13,75.89444749715643,77.60314346114494,75.82799861202274,77.4322738647461,884100.0
2015-02-17,77.27092985454141,77.99238035401463,76.33115032071473,77.41332244873047,700600.0
2015-02-18,76.98613947805862,77.70758992891321,76.26468902720403,77.5367202758789,567100.0
2015-02-19,76.48301083441473,77.46076195883799,76.30264644519191,77.09054565429688,355800.0
2015-02-20,77.01461725149558,77.28042012495034,75.94193995686447,76.35012817382812,383900.0
2015-02-23,75.87549384770699,75.91346568817252,74.204769079164,75.71411895751953,553200.0
2015-02-24,75.85648945645552,76.86271758738305,75.73307920028718,76.37858581542969,305200.0
2015-02-25,76.4070869212923,76.4070869212923,74.37564048426884,75.17303466796875,614100.0
2015-02-26,74.86926618072575,75.04013584335425,74.01491786758325,74.52752685546875,363000.0
2015-02-27,74.81228563872278,75.39134338920029,74.06235826937674,74.51801300048828,420600.0
2015-03-02,74.51801775428397,76.39758368174282,73.4453406155261,76.32164001464844,682000.0
2015-03-03,76.11280445820739,76.89120900036748,75.22048440656513,76.86273193359375,779600.0
2015-03-04,76.2931761210916,76.92918814743595,75.48628719309194,76.5304946899414,788900.0
2015-03-05,76.57792877077675,79.37829130390365,76.16974067745113,79.07452392578125,965100.0
2015-03-06,78.59990692138672,79.38779900582298,77.84997943177727,78.59990692138672,791700.0
2015-03-09,78.75181295389864,79.55869484377094,78.43855062554204,79.0365982055664,642400.0
2015-03-10,78.29614328217788,79.16947385350876,75.61919018839393,76.35012817382812,915200.0
2015-03-11,76.49251540648459,79.90040624720545,75.98940124826227,79.88142395019531,1071900.0
2015-03-12,79.92883451544026,81.55209875067531,79.92883451544026,80.59333038330078,1258700.0
2015-03-13,80.3465618928037,80.9635915266181,76.60641949796619,78.0588150024414,1430900.0
2015-03-16,78.28665753729807,78.62839688589331,76.51151187889442,78.08731079101562,870400.0
2015-03-17,77.7740395209467,78.8562115855643,77.52722618830423,78.59041595458984,880200.0
2015-03-18,77.45128734028683,78.38157934910089,74.92622144617127,77.72657775878906,1487900.0
2015-03-19,76.83424535106725,76.9861254358462,75.10656683768664,75.92294311523438,847000.0
2015-03-20,76.48302705567994,76.74882269045261,75.13505934082544,75.8849868774414,1345200.0
2015-03-23,76.21722688476517,76.98613667422198,75.57172013485469,75.58121490478516,779600.0
2015-03-24,75.39134676806827,76.25518966950423,75.09707411664515,76.0653305053711,572400.0
2015-03-25,76.3406143458501,76.76779199689982,75.41981739495816,76.35960388183594,618200.0
2015-03-26,76.51151043911865,79.24542517643434,75.56223609808148,78.5714340209961,1039200.0
2015-03-27,78.49546248527486,79.25487727316298,77.17597232052347,78.26763153076172,568300.0
2015-03-30,78.6948531454083,79.78652020849978,78.21072114931934,79.56818389892578,652900.0
2015-03-31,78.97013087323101,80.05230298951805,78.34360636254478,79.32135772705078,597700.0
2015-04-01,79.34031968283838,80.37502482769078,77.982857624049,79.81495666503906,717000.0
2015-04-02,79.61564969424204,80.01434321988802,77.66013942782702,78.55245971679688,703900.0
2015-04-06,78.41954490704123,80.42251411651748,78.41954490704123,80.20417785644531,593300.0
2015-04-07,79.9953324678875,80.15671458372248,78.25816621171494,78.34359741210938,555100.0
2015-04-08,78.08697809816945,78.4576435368301,76.72786907268953,77.91590118408203,457300.0
2015-04-09,77.75433072661409,80.1303951761615,77.63077798565999,80.0638656616211,718900.0
2015-04-10,80.34898827357866,81.03329592691122,80.14939974988542,80.95726013183594,540000.0
2015-04-13,81.29942880839272,81.29942880839272,78.96138206656141,79.69320678710938,410000.0
2015-04-14,79.96884892618317,80.08290266497279,77.36468352547831,78.71428680419922,919300.0
2015-04-15,79.2179784907017,82.60149882149575,78.38160650786614,81.8791732788086,907300.0
2015-04-16,81.8031517291528,81.8031517291528,79.58865778247242,80.63412475585938,777400.0
2015-04-17,79.95930665685943,80.20641935412564,79.07541051968819,79.42707061767578,587800.0
2015-04-20,79.75974083574272,80.37751912909502,79.33205207559266,79.87379455566406,364400.0
2015-04-21,80.3110126485587,80.51060127730746,78.54321936401112,78.6002426147461,342200.0
2015-04-22,78.62873698687334,79.9973453362243,78.315094703224,79.13246154785156,392200.0
2015-04-23,79.22749882953237,80.12090144206813,78.21054346786508,79.77874755859375,648500.0
2015-04-24,79.7407225021722,80.2444469934449,78.4861607923555,80.17791748046875,399000.0
2015-04-27,80.463057760023,81.72711865819862,80.20643871406611,80.91925811767578,643500.0
2015-04-28,80.84320219766482,80.96676217097254,78.81879820541309,79.03739929199219,697900.0
2015-04-29,78.89485196788098,81.67009371413889,77.93491982748212,80.59611511230469,811800.0
2015-04-30,79.91176966469214,81.13781930531893,78.68572002406538,79.25597381591797,893100.0
2015-05-01,79.15144473476494,81.64156247780905,78.88532672047376,80.8241958618164,649300.0
2015-05-04,80.6721592901565,81.71763373024177,79.90231652170752,80.14942932128906,514000.0
2015-05-05,80.01635458889973,81.26141013135542,79.51263004885809,79.75023651123047,597900.0
2015-05-06,79.63617621226436,81.08082019348736,79.24649816564,80.12089538574219,527400.0
2015-05-07,79.74073443466104,80.01635881571353,78.80931386244312,79.92131042480469,794400.0
2015-05-08,81.23291472842338,82.89616029697856,80.74819541811537,82.24987030029297,633800.0
2015-05-11,82.28788203800305,82.6300359665283,81.44200350669749,81.74613952636719,389600.0
2015-05-12,81.39447930245404,82.16432201599763,80.5200891523583,80.89075469970703,586600.0
2015-05-13,81.05230930151302,83.8750750263261,81.05230930151302,82.65853118896484,999100.0
2015-05-14,83.58995530927828,84.40732216635213,82.74407683528835,83.33334350585938,926600.0
2015-05-15,79.83576739400907,81.40397141805464,77.45970288823499,78.2485580444336,2420500.0
2015-05-18,77.88742405603985,78.6762795409702,77.14609278149864,78.55272674560547,1372100.0
2015-05-19,78.7142822338941,79.54115547696416,77.96344481226899,78.54320526123047,803400.0
2015-05-20,78.5526995605081,79.06593040015349,77.10804817828246,78.79981231689453,663900.0
2015-05-21,78.85681632705766,80.78617921156996,78.7047447444497,80.74816131591797,668100.0
2015-05-22,80.62461549351488,81.02379255526522,79.1609590159242,79.49360656738281,437200.0
2015-05-26,78.84732197877628,79.58865292830595,77.87789087196975,78.33409118652344,465700.0
2015-05-27,78.48618250947246,80.35852292995722,78.17254018244023,80.2254638671875,525800.0
2015-05-28,79.7977620304194,80.19693918983064,78.64774749906348,79.2655258178711,648800.0
2015-05-29,79.05643728434717,79.70272727331368,78.45767149724186,79.34156799316406,804600.0
2015-06-01,79.70272357540155,80.21595447675485,78.32460879946798,78.69527435302734,487300.0
2015-06-02,78.66673848222985,80.97627341362958,78.38161509943343,80.08287811279297,402300.0
2015-06-03,79.95933591371097,80.48207310858568,78.79982229710907,79.075439453125,423400.0
2015-06-04,78.60024072059612,78.87586517780025,77.61180389285353,77.87792205810547,788100.0
2015-06-05,77.24110188713279,78.88534171828319,76.89895526883183,78.22954559326172,605600.0
2015-06-08,78.18203623522632,78.54319546528335,76.67085528997698,76.96549224853516,428400.0
2015-06-09,76.72786981319906,77.92540097219597,76.39521501786062,77.44068908691406,336800.0
2015-06-10,78.2960801817937,78.62873503562521,76.9940013869376,77.51673126220703,637900.0
2015-06-11,77.54521886971979,78.0584495482824,76.66133004967332,77.14604187011719,587300.0
2015-06-12,76.96548631044546,76.96548631044546,75.74893516644028,76.00555419921875,662200.0
2015-06-15,74.81752440685138,76.34771061228989,74.75099488710073,75.85348510742188,816000.0
2015-06-16,75.9675431713711,76.2336612656155,74.21875572877707,74.33280944824219,721500.0
2015-06-17,74.13322479839623,74.46587243379513,72.97370396828465,73.6865234375,722100.0
2015-06-18,73.97201832085936,75.08545100130289,73.26778961207486,74.70478820800781,451800.0
2015-06-19,74.79994861003814,75.20915982319153,74.42880440049653,74.8475341796875,586800.0
2015-06-22,75.11398856838957,75.38996887207031,74.44783422194492,75.38996887207031,335600.0
2015-06-23,75.10447545088567,75.92289785618816,75.01883014036113,75.40900421142578,327400.0
2015-06-24,75.35192780730779,75.77065768950148,74.25752478100902,75.14256286621094,471700.0
2015-06-25,75.19012430627407,75.26625104724337,74.39073181152344,74.39073181152344,436700.0
2015-06-26,74.64767618140905,74.64767618140905,73.11551401321981,73.90538787841797,573300.0
2015-06-29,73.41053478258895,74.04814074933505,71.94498783328848,72.05918884277344,506800.0
2015-06-30,72.51598987759547,73.30586398244654,71.75467147505508,72.63970947265625,694800.0
2015-07-01,73.02035621019394,73.4961828296098,71.55480935112854,71.99256896972656,748100.0
2015-07-02,72.3351740888616,72.75389663103468,71.792731962866,72.2304916381836,361300.0
2015-07-06,71.33594505147288,72.01161816106645,70.14637818376447,70.43187713623047,755700.0
2015-07-07,70.31767091924073,72.63018903000611,68.95680623248514,72.58260345458984,977300.0
2015-07-08,72.00209467195114,72.38275019678419,71.0218856399437,71.5262680053711,542400.0
2015-07-09,72.4303394862798,73.20117640234237,71.70708088299472,72.64921569824219,626100.0
2015-07-10,73.4105349851358,74.85705206711576,73.2011700974383,74.5620346069336,797900.0
2015-07-13,74.45735611350077,75.20916313169407,73.99104800468578,74.52397155761719,679900.0
2015-07-14,74.3241171332738,75.36142294790938,74.28605013213196,74.41928100585938,685500.0
2015-07-15,74.36219064167702,74.5430070977891,72.35420153409324,72.6872787475586,674200.0
2015-07-16,72.96325115254477,73.56279733214278,72.32564523315004,72.7634048461914,652200.0
2015-07-17,72.73487964359352,73.04892705126181,72.02113949555114,72.32566833496094,728600.0
2015-07-20,72.32566833496094,73.18215796471985,70.85060245812393,72.32566833496094,988100.0
2015-07-21,72.35419713234408,74.12427279969111,72.35419713234408,73.60086059570312,591400.0
2015-07-22,73.31534507618497,74.93315220764512,72.28755813452194,72.59208679199219,974700.0
2015-07-23,73.02038215778653,73.57233571443521,72.09727702641081,72.18292236328125,605900.0
2015-07-24,72.18290117132526,72.69679482329724,70.40331415154623,71.07898712158203,645000.0
2015-07-27,70.78397803014467,70.78397803014467,67.65303743961995,68.16693115234375,1046400.0
2015-07-28,68.84259811367095,70.66977801749124,68.16692512351592,70.00361633300781,678400.0
2015-07-29,70.2129807524873,73.56280450309875,69.72763552658137,73.27730560302734,1179000.0
2015-07-30,72.8205052028272,73.67699460001742,72.31613013018693,73.60086059570312,499500.0
2015-07-31,74.2099302970278,74.52397037973377,73.16310581954538,73.41053771972656,652900.0
2015-08-03,73.50570529734642,73.50570529734642,71.6595026708054,71.66901397705078,893100.0
2015-08-04,68.51903111197876,77.26472643422703,68.51903111197876,75.64691162109375,2070200.0
2015-08-05,75.71351292425008,76.92211634113691,74.62862904830205,75.41850280761719,1258100.0
2015-08-06,75.39950136843413,76.63664642049048,74.76188807841321,75.87532806396484,675400.0
2015-08-07,75.66596968150961,76.45583654619718,75.00932646167725,75.48515319824219,671900.0
2015-08-10,76.71278192942061,79.72952149535155,76.16082120931799,79.23466491699219,883300.0
2015-08-11,78.28301219887672,79.30128106573135,77.89283081243161,78.46382141113281,567600.0
2015-08-12,77.84527430879508,79.88181261310822,76.86506491474816,79.77713012695312,886400.0
2015-08-13,79.64385770410034,82.83189443487535,78.6731673855007,79.66288757324219,732900.0
2015-08-14,79.3488557603539,80.41471015369996,78.70173117520434,79.5867691040039,510200.0
2015-08-17,79.16804766919776,80.98570186475389,77.15053987289194,80.33857727050781,481100.0
2015-08-18,80.34809771384835,81.04280789793373,79.49160819255792,80.39568328857422,371100.0
2015-08-19,79.93888976297535,80.50036181315627,78.01655298950314,78.91110229492188,936800.0
2015-08-20,78.27347406449135,78.76833052351482,76.93163959547061,76.9792251586914,854600.0
2015-08-21,76.21789302511023,76.6461412749219,74.33362395965702,75.15204620361328,832600.0
2015-08-24,69.8513577056043,74.38122970812799,63.55140988202628,73.10601043701172,1137600.0
2015-08-25,74.82851370964373,75.03787864585841,70.57462857149164,70.59365844726562,814400.0
2015-08-26,71.79274847154558,72.43035462826391,70.69834540132507,72.1067886352539,775800.0
2015-08-27,73.14406559129375,77.34085243116787,72.6206534266604,76.85551452636719,1019600.0
2015-08-28,76.3987263810828,78.3210701285538,75.26625662153837,76.4463119506836,788600.0
2015-08-31,76.13227465968873,78.73029172708799,75.32337069353744,77.8738021850586,622600.0
2015-09-01,75.95146093697535,76.9697298570358,74.46688385067331,75.01884460449219,711800.0
2015-09-02,75.89435810681077,77.16005886228135,74.43832957691811,77.14102172851562,588700.0
2015-09-03,77.4836115004833,79.02529249125683,76.80793851517045,77.63587951660156,584400.0
2015-09-04,76.63664386339985,77.39796945506195,75.94194097700671,76.58906555175781,368800.0
2015-09-08,77.3503754895708,78.44477818612903,76.96971273504556,77.90233612060547,471100.0
2015-09-09,78.53994886808624,79.0633611084992,76.90310396410986,77.07440185546875,512000.0
2015-09-10,76.83649124008207,77.82621161845543,76.189366656551,76.5414810180664,491400.0
2015-09-11,75.82772426473014,77.34084930777396,75.45658011226514,77.28375244140625,416600.0
2015-09-14,76.93164817960943,77.63587683906066,76.65567511585556,77.1885986328125,384300.0
2015-09-15,77.59779053182262,77.79763680096437,76.60807048902302,77.22664642333984,558200.0
2015-09-16,77.30281052887261,78.67318651699571,77.26474352079427,78.28301239013672,474600.0
2015-09-17,78.20688202497092,78.97771900805945,77.38845946442815,77.52169036865234,349200.0
2015-09-18,76.36067268617039,76.83649942295455,74.55252963428264,75.12352752685547,865400.0
2015-09-21,75.5993437078225,75.90387248642189,73.89588335672192,74.13379669189453,802600.0
2015-09-22,73.15360026819518,73.61038983926613,71.28836045515358,72.63018798828125,757200.0
2015-09-23,72.65872150916842,73.72457572370374,69.73714642969972,70.77445220947266,1004000.0
2015-09-24,70.01313341430952,70.51750850467593,68.44290400769854,70.30814361572266,975500.0
2015-09-25,70.917219458994,71.18368855225235,68.9758526033231,69.41361236572266,583300.0
2015-09-28,68.88066667269084,68.88066667269084,65.90199430905048,65.95909118652344,956400.0
2015-09-29,66.08278151429344,67.46267535297719,63.42766897910819,64.16043853759766,1239700.0
2015-09-30,64.95035747316052,65.2929533461699,63.39916473631412,65.11213684082031,824700.0
2015-10-01,65.28366266003684,67.0277388966182,64.74995913148679,65.77924346923828,923400.0
2015-10-02,65.19790686460627,67.47568714923254,64.48312207392019,67.42803192138672,744000.0
2015-10-05,68.17138297547204,69.3341003229686,67.97124417697638,69.26738739013672,700500.0
2015-10-06,69.1435374578534,71.35460539794497,69.08634971438255,70.98291778564453,1438100.0
2015-10-07,71.5261443951367,72.90805894377374,70.65886856982794,71.59285736083984,1106300.0
2015-10-08,71.60237977119009,72.92711380310571,71.33552791888589,72.1837387084961,497500.0
2015-10-09,70.7446246062054,71.44034427983333,68.25717337286201,68.75275421142578,1119400.0
2015-10-12,68.8099372209801,68.8099372209801,65.84596276390485,66.61793518066406,962300.0
2015-10-13,66.30341352824318,67.51377881463225,65.76971006604509,66.19857788085938,684900.0
2015-10-14,65.91269060602993,66.722778568345,64.42593332067705,64.74044036865234,1066700.0
2015-10-15,64.54985858540813,65.02638195308933,62.3959709275617,64.56891632080078,1998000.0
2015-10-16,64.5688823534491,66.17953281568086,64.31156306958222,65.68394470214844,1103900.0
2015-10-19,65.08351075429363,65.98890152554208,63.88267078527346,64.41637420654297,647500.0
2015-10-20,64.1590870743076,65.6458372176713,63.84457999900608,63.90176773071289,590800.0
2015-10-21,64.43546024719902,64.43546024719902,62.195802919980714,62.7009162902832,891800.0
2015-10-22,62.85339188958568,64.09235481681549,61.08072543489207,63.024940490722656,1247500.0
2015-10-23,62.86293324689596,63.11072732149828,60.64233725234331,62.51030349731445,1288400.0
2015-10-26,62.31017494965885,62.78669817975429,61.16652210589679,62.5865592956543,1283800.0
2015-10-27,61.33805502639455,64.95010105656988,58.07863507807797,60.909183502197266,2838700.0
2015-10-28,61.19509503951805,63.69207867706582,60.28017156887809,63.28226852416992,1676200.0
2015-10-29,62.85338324599921,63.787371561784184,62.54840880493632,62.662776947021484,899000.0
2015-10-30,62.79621963905654,63.77785615706883,62.729506689419765,62.92964553833008,571900.0
2015-11-02,62.92010786799715,64.39733240861017,62.92010786799715,64.20672607421875,1134500.0
2015-11-03,64.02564194483058,65.17882693715113,62.96776011520758,64.34014892578125,994600.0
2015-11-04,64.46404276541634,65.8554893098898,64.02564239697938,65.13117218017578,933400.0
2015-11-05,64.98825973233355,67.95223568477486,64.03521298932783,67.71397399902344,1466300.0
2015-11-06,67.42801118999539,68.56213836929238,66.85618498749338,67.27552032470703,808000.0
2015-11-09,67.32319683946801,67.66629412376072,65.35039109036842,66.11283111572266,507600.0
2015-11-10,66.04609285770312,66.50355088073768,65.13116226930566,65.38848876953125,887100.0
2015-11-11,65.6362907894271,66.160461807801,65.08352227885237,65.51239013671875,721800.0
2015-11-12,64.7690384143421,65.77926536426203,64.168621744871,64.63561248779297,503400.0
2015-11-13,64.52124005619827,66.16048107038596,64.45452709730306,64.6260757446289,534100.0
2015-11-16,64.68322897279974,66.21763348011298,64.63557376850771,66.03655242919922,487100.0
2015-11-17,66.17955994787488,66.68467349559364,65.0073094001454,65.79833984375,568300.0
2015-11-18,65.9031579974173,67.51380141973367,65.9031579974173,67.28507232666016,584000.0
2015-11-19,67.54239688355506,67.66629029041049,66.81807962761839,67.33272552490234,602600.0
2015-11-20,66.71323031837574,67.53285058683755,65.08352227885237,65.51239013671875,1064400.0
2015-11-23,65.33132461820843,66.45591950595508,65.33132461820843,65.63629913330078,578900.0
2015-11-24,65.54099940363723,67.13259245839853,65.38851575674724,66.73230743408203,567400.0
2015-11-25,66.6084026821158,66.98962264122126,65.884085486932,66.61793518066406,344800.0
2015-11-27,66.57027754812705,66.57027754812705,65.96032854411507,66.33201599121094,151300.0
2015-11-30,66.37016772221526,66.67514235752087,65.40758857561957,65.83646392822266,487800.0
2015-12-01,66.25577565248157,67.1230512766335,65.41709752514198,66.69418334960938,612400.0
2015-12-02,66.49401973479539,66.99914024926794,65.42661281192947,65.8650131225586,362200.0
2015-12-03,65.96032177161165,66.52262276920531,63.977984076527214,64.59746551513672,607900.0
2015-12-04,64.57842373232164,64.90245600628165,63.82551623138505,64.17813873291016,440700.0
2015-12-07,63.94939808549004,64.03517602385186,60.604207548269706,60.75669479370117,867500.0
2015-12-08,59.72740316035171,61.2713406103759,59.37477708696319,60.75669479370117,860400.0
2015-12-09,60.79482426447282,61.34759286277926,59.52727094216655,59.736942291259766,898000.0
2015-12-10,59.33665577512885,60.308763351172004,58.545629306796826,59.36524963378906,610200.0
2015-12-11,58.76484863815302,59.012639135215665,57.09701721792502,57.259037017822266,710300.0
2015-12-14,58.01193281490568,58.316907369245754,56.06772093988351,56.363162994384766,789700.0
2015-12-15,57.05887961704669,58.297839050703644,56.734843737267205,57.38291549682617,962900.0
2015-12-16,57.764767130176935,58.63348190017142,57.1060725161035,58.43301010131836,677800.0
2015-12-17,58.35664507730089,58.64303389939654,56.59057399805339,57.35428237915039,603100.0
2015-12-18,57.34473947058389,57.35428782915222,56.2087287902832,56.2087287902832,813100.0
2015-12-21,56.60012583169505,57.3351928265831,55.89369662828586,56.275550842285156,569700.0
2015-12-22,56.418739787714124,56.52374987184521,55.49274938742391,56.26599884033203,1030200.0
2015-12-23,56.60966201262825,58.55711165544851,56.371004075271784,58.35663986206055,594300.0
2015-12-24,58.270726155533644,58.87214156972179,57.85068583137913,58.375736236572266,218200.0
2015-12-28,57.85068014120481,58.37573049475417,56.63830107472986,57.21107864379883,289400.0
2015-12-29,57.70749009426683,58.15616454106754,56.94378542155497,57.80295181274414,346300.0
2015-12-30,58.0225170260432,58.2134441057724,57.15380227282489,57.38291549682617,361800.0
2015-12-31,57.24927429789744,58.73849768155735,56.829233945270026,57.68840408325195,542500.0
2016-01-04,57.306540468467645,58.59529546380132,56.49510497045202,58.576202392578125,866000.0
2016-01-05,58.576221198691364,58.96762018034961,57.354293381149915,57.90797805786133,744800.0
2016-01-06,57.15381005643647,57.15381005643647,53.850784601326964,54.92951965332031,927300.0
2016-01-07,53.60257590653201,55.29227095258729,52.991608508328945,53.37346267700195,617700.0
2016-01-08,53.612114777884365,53.650300918915335,52.399732112382466,52.48564910888672,604400.0
2016-01-11,52.476110637886975,52.58112071740048,51.01552152353833,51.57875442504883,882000.0
2016-01-12,51.94151604151328,52.027433049094476,50.07043858933553,51.559661865234375,1009200.0
2016-01-13,51.941517545021625,52.189720217645515,49.27809387454017,49.32582473754883,1093400.0
2016-01-14,49.50720161249463,49.50720161249463,45.76504337413096,48.7053108215332,1933000.0
2016-01-15,46.93923822019757,48.399827175077164,46.15644052954903,48.21844482421875,881000.0
2016-01-19,48.72441018437697,49.16353995855895,45.3545572992576,46.16599655151367,765400.0
2016-01-20,45.29727528074457,46.42374098770948,42.98706465333772,45.85095977783203,1416600.0
2016-01-21,45.75550077975872,46.958335201130126,45.3545535448808,46.57648468017578,895100.0
2016-01-22,47.34019937815375,49.21127715904567,46.75787329575846,47.311561584472656,565000.0
2016-01-25,46.576482885545275,47.20653968039295,44.88678428990125,45.26863479614258,693700.0
2016-01-26,45.58368126160943,45.82233927868592,44.6767800683923,45.373661041259766,1185900.0
2016-01-27,45.4309306569988,46.92970239556517,45.0299833795563,45.71731948852539,879100.0
2016-01-28,46.46192042225681,46.98697074040281,44.342640646296715,44.724491119384766,1489900.0
2016-01-29,46.28054337894124,51.86514088824383,45.92733067723037,51.11098098754883,2185100.0
2016-02-01,50.71958214467169,52.199260519371556,50.42364501307938,51.11098098754883,1207300.0
2016-02-02,50.7196035383424,51.50240155428306,49.287655415285215,49.535858154296875,734800.0
2016-02-03,50.41410605151139,50.94869752231963,48.01797822354581,50.490474700927734,758900.0
2016-02-04,50.76732953595833,53.39256750930783,50.337744411992915,52.141998291015625,1415700.0
2016-02-05,51.989253782413236,54.64313301128998,51.6742271406851,52.54294204711914,1277100.0
2016-02-08,51.874683798228155,51.874683798228155,48.705307024293454,49.392642974853516,979100.0
2016-02-09,48.266181576823655,51.01551833708049,48.20890236203999,49.7840461730957,957600.0
2016-02-10,50.18498801233067,51.55965634481456,49.325818028508905,50.528656005859375,759600.0
2016-02-11,49.82222872599464,50.729129598699714,48.648032133952476,49.5072021484375,654700.0
2016-02-12,50.146813091842475,51.02507634312645,49.39265665020866,50.6718635559082,885200.0
2016-02-16,51.38784156226952,53.62167691388645,51.082355976401054,52.8293342590332,985400.0
2016-02-17,53.07752403760427,55.92232986765127,53.07752403760427,54.385372161865234,834400.0
2016-02-18,54.62402333984002,54.79585732553282,53.220713670559064,53.80303955078125,611900.0
2016-02-19,53.64075119832304,54.337631867072076,53.268445436818965,53.908050537109375,536600.0
2016-02-22,54.56675120680655,56.06552277732666,54.56675120680655,56.008243560791016,539300.0
2016-02-23,55.60731062025113,56.24691227339347,54.93906753253977,55.90324783325195,769900.0
2016-02-24,55.23499814457193,58.347096301186525,54.795868377732525,58.184810638427734,1283500.0
2016-02-25,58.14662038649526,58.91032506657041,57.31609177451548,58.73849105834961,1048000.0
2016-02-26,58.986711350246026,59.82678487682419,57.91752090283959,58.10844802856445,807100.0
2016-02-29,58.33755807587078,59.07262510212812,57.43065701014384,57.67885971069336,1028100.0
2016-03-01,58.375731189263135,59.33990762504748,57.058338394774026,59.10124969482422,893900.0
2016-03-02,58.77668685638075,60.074986846559895,57.831603297574766,59.89360809326172,598000.0
2016-03-03,59.979515075683594,60.342272521583205,59.043972748636165,59.979515075683594,735300.0
2016-03-04,60.10360809939598,61.01050889958868,59.45445828293998,60.2086181640625,820200.0
2016-03-07,59.84587854515648,62.98662232903218,59.67404449446867,62.69068145751953,1045700.0
2016-03-08,62.31836098935043,62.31836098935043,59.23490079890145,59.39719009399414,887900.0
2016-03-09,59.67403741850363,60.246818733421705,58.786233117399135,59.69313049316406,580200.0
2016-03-10,59.731308730974284,59.817225734750565,58.108434016106294,59.02488327026367,661500.0
2016-03-11,59.61675602518614,61.45919202993644,59.61675602518614,61.26826858520508,611200.0
2016-03-14,60.94369845897739,61.60239313539894,60.370920796144,60.68594741821289,436000.0
2016-03-15,60.07497946366408,60.23726512167654,58.93896893268286,60.15134811401367,461400.0
2016-03-16,59.73131175019386,61.71694765266581,59.42582986391069,61.506927490234375,757100.0
2016-03-17,61.60238808671062,64.59039024309956,61.459191861922285,64.00806427001953,1052100.0
2016-03-18,64.06535697093203,65.77414920142809,64.06535697093203,65.01998901367188,1199500.0
2016-03-21,64.91495424987541,65.46864237234244,64.35172505455535,65.2204360961914,499900.0
2016-03-22,64.89584981650326,66.4709858979503,64.67628137620056,66.18460083007812,824200.0
2016-03-23,65.47817510153902,66.29915882450975,65.18224164904753,65.23951721191406,672300.0
2016-03-24,64.6094990054473,65.04862888512714,63.721690886041536,64.94361877441406,650400.0
2016-03-28,65.60230749048787,67.43519905077464,65.19181546865934,65.9650650024414,556800.0
2016-03-29,65.67866198412902,67.43518076563896,65.67866198412902,67.29198455810547,639900.0
2016-03-30,67.82659924910914,68.2370912564762,66.19417229466882,67.005615234375,585200.0
2016-03-31,66.75739573728605,67.43518337704592,66.20370759778804,66.92922973632812,713400.0
2016-04-01,66.27054082422039,67.74067473712282,65.87914555570319,67.54975128173828,553300.0
2016-04-04,67.5211185832999,67.79795542950393,66.31828033053897,66.41374206542969,394200.0
2016-04-05,65.8600252692168,66.8432945507394,65.38270951832153,65.65955352783203,578500.0
2016-04-06,65.65955928047147,66.32780576022823,65.46863587669012,66.00322723388672,776700.0
2016-04-07,65.62139684690209,66.69058723077053,64.91497125782196,66.37555694580078,1232700.0
2016-04-08,66.96741591218861,68.8957687617256,66.6237479139326,67.75021362304688,516000.0
2016-04-11,68.3134663230235,68.59031048809355,66.72878092690725,66.78605651855469,532100.0
2016-04-12,66.97696423510835,67.54974180416129,66.3564521672752,66.92922973632812,626600.0
2016-04-13,67.48370975362401,68.73606864961803,66.95791667565125,68.17202758789062,428900.0
2016-04-14,68.17202633638779,68.70738869413688,67.88523210648557,68.59266662597656,445600.0
2016-04-15,68.37280032341168,69.4052772950221,68.18160412585452,68.94640350341797,389500.0
2016-04-18,68.47795233544917,70.02666761001869,68.47795233544917,69.48175048828125,317700.0
2016-04-19,69.73028804772251,71.04955871902803,69.30964785093055,70.01708221435547,316700.0
2016-04-20,70.02666773327327,71.89085597048081,69.98842703947585,71.2312240600586,651300.0
2016-04-21,72.66521303914665,74.41467909343918,71.29813931330455,71.33638000488281,999200.0
2016-04-22,71.36504870318835,72.22544590900792,71.26945063446732,71.93864440917969,448700.0
2016-04-25,72.08205724633748,72.1776553310891,71.02090173016194,71.26946258544922,469400.0
2016-04-26,71.69967836686335,72.07251611087757,71.09740369430234,71.92911529541016,324800.0
2016-04-27,72.01514269692979,72.63654123007166,71.37462746301952,72.43577575683594,315000.0
2016-04-28,71.78567420911072,72.42619651971802,70.58112553972488,70.83924102783203,450000.0
2016-04-29,70.87749224645104,71.3459279097369,70.10313837335283,70.8583755493164,523300.0
2016-05-02,71.04956837911638,71.60404738779165,70.70540949743277,71.0782470703125,304500.0
2016-05-03,70.82969392262717,71.25989621812235,69.7589837692153,70.48554229736328,326900.0
2016-05-04,70.0744598016609,70.48553808058627,68.58310214429656,69.73030090332031,436600.0
2016-05-05,69.99798907355171,70.75322636570219,69.10891299987243,70.3708267211914,574400.0
2016-05-06,69.79721750454874,71.06868568502968,69.62513806223073,70.86792755126953,356500.0
2016-05-09,70.61937402966088,71.46064725117937,70.16049308559113,70.86792755126953,301300.0
2016-05-10,71.06866800772039,74.25213325192976,70.92527458617674,73.93665313720703,774100.0
2016-05-11,74.05139919319954,74.46247748687527,72.64608485682746,72.89464569091797,840900.0
2016-05-12,73.43953210487999,73.96533224726232,72.4166177954238,73.19097137451172,437900.0
2016-05-13,73.01892744281513,73.90800347380946,72.1489754046448,72.60784912109375,479000.0
2016-05-16,73.19102657560448,74.38602116987006,73.02850906126473,73.09542846679688,358600.0
2016-05-17,73.02850589657753,73.45870101440337,71.92910945876186,72.72258758544922,566900.0
2016-05-18,72.19674635406477,73.31526615822689,71.28855393142018,71.84303283691406,693200.0
2016-05-19,71.4032909121615,72.46444627302503,67.98082600583881,69.82589721679688,1586200.0
2016-05-20,70.2656589058991,72.43576516221529,70.2656589058991,72.35929107666016,913000.0
2016-05-23,72.40711886059862,73.38223864773194,72.06295979380673,73.18148040771484,427900.0
2016-05-24,73.49691935726264,74.60587745630045,73.36308059271195,74.23303985595703,373200.0
2016-05-25,74.79707059655472,75.4471476954891,74.58675046253693,74.74927520751953,538800.0
2016-05-26,74.97871403780715,77.27310428897358,74.8161965821562,76.43182373046875,1175800.0
2016-05-27,76.36491862180199,76.38404261643261,75.49496650144863,75.72440338134766,360000.0
2016-05-31,75.83911542271142,76.23106973671904,74.35731966278999,74.8735580444336,423000.0
2016-06-01,74.17567859800103,76.25974883401541,73.89844635411625,76.0876693725586,407000.0
2016-06-02,75.9155885243602,75.94426721571281,73.93667129704889,74.25215148925781,597900.0
2016-06-03,74.35731351614739,75.06474799829135,73.42999690505397,74.18523406982422,586200.0
2016-06-06,74.42422961388924,77.55989290314177,74.25215017515391,77.22529602050781,951100.0
2016-06-07,77.36869711346088,78.6592892628993,77.0627789203076,78.11437225341797,553300.0
2016-06-08,78.42986274075108,79.34761744072924,78.26734527478605,78.69754028320312,592900.0
2016-06-09,77.79889814969437,78.68797410771201,77.54078261708663,77.64594268798828,430300.0
2016-06-10,76.58479219745722,77.12014728832267,75.90603633763394,76.202392578125,394100.0
2016-06-13,75.92516401791858,77.03412234501005,75.38024685199733,75.41848754882812,424700.0
2016-06-14,75.28464316911688,75.62880212138332,74.21392561832502,75.05520629882812,345500.0
2016-06-15,75.04563245637836,75.27506929045178,73.98447706999875,74.29995727539062,695000.0
2016-06-16,73.64904590432121,73.6969028713059,72.38550658754208,73.31401062011719,765400.0
2016-06-17,73.43846552078254,74.4818395719336,72.99814192371356,74.28082275390625,824700.0
2016-06-20,75.38162498091917,75.9846753516641,74.59669914625623,74.68284606933594,713800.0
2016-06-21,74.68284628675873,75.12317712732245,74.29038701981585,74.9891586303711,363900.0
2016-06-22,74.98914940885861,74.98914940885861,73.99363989183425,74.05107116699219,299100.0
2016-06-23,75.19973942271261,76.80788083189569,74.97958133568652,76.74087524414062,714300.0
2016-06-24,73.30446418676902,75.40078688757657,72.93114614540339,73.41932678222656,1002300.0
2016-06-27,72.26106124104821,72.31849982479048,68.19284665679733,69.06392669677734,1251800.0
2016-06-28,69.8584305053401,71.04538995461894,69.50425388201948,70.34661102294922,611200.0
2016-06-29,71.18897307922055,72.54823363708353,70.94009201974659,72.26106262207031,455500.0
2016-06-30,72.36635483853306,74.00321202131295,71.97389559270397,73.85005950927734,568100.0
2016-07-01,73.97451152913364,76.33886371163945,73.97451152913364,75.05618286132812,802900.0
2016-07-05,74.21379060046523,74.62539840530081,72.67265491048043,72.85453033447266,457600.0
2016-07-06,72.04091000631124,74.8934425326621,72.01219436323015,74.78814697265625,574400.0
2016-07-07,75.33377075195312,76.09955536235941,74.91259578898662,75.33377075195312,530000.0
2016-07-08,76.23355980481386,76.95148007467567,75.83152620642629,76.2527084350586,538200.0
2016-07-11,76.89405129231113,78.16716503169674,76.31971651834452,76.45372772216797,368900.0
2016-07-12,77.2386760171405,77.88001657901275,77.14294744116495,77.20038604736328,491000.0
2016-07-13,77.78428444346538,78.41605059890044,77.28652220893937,77.8991470336914,722200.0
2016-07-14,78.37775574785482,78.69364245740975,76.13784774133116,76.5877456665039,692200.0
2016-07-15,76.64516484896821,77.38222641841881,76.24313126563152,76.34842681884766,405800.0
2016-07-18,76.0612366779348,77.40135558853461,75.98465678520097,77.32477569580078,407700.0
2016-07-19,76.94189485954354,77.21949153426509,76.1952590531498,76.64515686035156,286600.0
2016-07-20,76.64519280546743,80.49324349810497,76.64519280546743,79.94762420654297,1622300.0
2016-07-21,80.09115881391223,81.02924422344996,78.76061424233492,79.39238739013672,823600.0
2016-07-22,79.488132714045,80.85696764643578,79.20096168646995,80.3209228515625,1104600.0
2016-07-25,79.83273289579645,83.25003297805773,79.67000605927507,82.24494171142578,1662800.0
2016-07-26,81.65146482954164,82.4076677218101,81.36429381250785,82.22579956054688,659300.0
2016-07-27,82.54168006297442,83.82436062312578,81.40257769757001,81.65145874023438,661700.0
2016-07-28,81.60357210495893,82.46507755260271,81.2015386637451,81.36426544189453,527100.0
2016-07-29,81.31641875356348,81.31641875356348,78.34901695117584,80.35919189453125,1000100.0
2016-08-01,80.20607192630297,80.20607192630297,77.9182993895391,78.42562866210938,896200.0
2016-08-02,78.53087680833954,78.56916675147025,76.1090945040367,76.8940200805664,893900.0
2016-08-03,77.0567719958574,78.81806613600709,77.0471976811868,78.59790802001953,574700.0
2016-08-04,78.49261033805502,78.79892267164202,77.05676990504182,77.80340576171875,490700.0
2016-08-05,78.03314272336011,78.85635853706499,77.72683037196266,77.88956451416016,357800.0
2016-08-08,77.8799867715379,78.85635506643831,77.66939566989647,77.9757080078125,505000.0
2016-08-09,78.15755503366752,78.72231523436064,77.08545858947947,77.267333984375,524300.0
2016-08-10,77.41092290812745,77.80338204258034,76.83658106756634,77.78424072265625,521900.0
2016-08-11,77.97570902155232,79.1243857809677,77.97570902155232,78.59790802001953,678800.0
2016-08-12,78.56919237907005,79.21053270381614,78.05228893279248,78.59790802001953,456300.0
2016-08-15,79.0286533754434,80.21562003242954,79.0286533754434,79.72743225097656,325900.0
2016-08-16,79.59343139752221,79.88059513331615,78.60748869547689,79.0286636352539,240200.0
2016-08-17,78.75107615981658,78.75107615981658,77.24822979318297,78.45433807373047,407400.0
2016-08-18,78.62662010784042,79.85186942006476,78.10014237068373,79.58384704589844,346100.0
2016-08-19,79.02865444246166,79.39240535644302,77.75554815271302,78.24372863769531,450300.0
2016-08-22,77.80341355180323,79.74658329721815,77.19078882329005,79.31583404541016,626300.0
2016-08-23,79.65086776226774,80.57937923696477,79.65086776226774,80.03376007080078,292200.0
2016-08-24,79.86145101903149,80.1677633750285,79.40197883350467,79.8805923461914,381800.0
2016-08-25,79.8710203846817,79.8710203846817,78.69362800308562,79.32540130615234,370600.0
2016-08-26,79.76571745117299,80.46448898200168,78.29158718352281,79.18180847167969,349300.0
2016-08-29,79.53597652784666,80.87609559643393,79.0669374099126,80.06245422363281,526000.0
2016-08-30,80.20602865071085,80.38790406654356,78.74147292106534,79.39238739013672,296400.0
2016-08-31,79.01909784173075,79.26797162264509,75.36249071294071,76.93234252929688,1066100.0
2016-09-01,76.66430840743651,77.29608174512678,75.33376343594497,76.39628601074219,388300.0
2016-09-02,76.76958802729412,77.8799746437395,76.61643553371675,77.73638916015625,514400.0
2016-09-06,78.04275098234193,78.57879600466994,75.94642057949162,77.04723358154297,716800.0
2016-09-07,76.922776748013,77.68856141302915,75.99426521517667,76.79833984375,440200.0
2016-09-08,76.79832187698568,77.10463421071842,75.94638316750871,75.99424743652344,343700.0
2016-09-09,75.32419889021084,75.32419889021084,71.28469957132515,71.45700073242188,1027700.0
2016-09-12,72.16533247823936,74.87428624804308,71.62928777297213,74.49139404296875,1394200.0
2016-09-13,74.24252379707714,74.58712610138738,72.51951957858837,72.89283752441406,646600.0
2016-09-14,72.84496684284062,73.02684229385004,71.75372874290768,72.16533660888672,580400.0
2016-09-15,71.38042002007498,72.48123257575293,70.62420978274947,72.34722137451172,741100.0
2016-09-16,71.6580380830357,71.98349186783423,70.1647657940732,70.1934814453125,833700.0
2016-09-19,70.91137063907489,72.52907913705766,70.90179632519948,71.54313659667969,579700.0
2016-09-20,72.04090428102003,72.09833556261798,70.13601733998286,70.59548950195312,401800.0
2016-09-21,71.00708069601406,72.72051745702632,70.61461422255368,72.67265319824219,716000.0
2016-09-22,73.69689040651298,74.20421944972897,73.03640887056245,73.51502227783203,593500.0
2016-09-23,73.16085332907342,73.94577910643021,72.93112091457094,73.2182846069336,343800.0
2016-09-26,73.02683842204245,74.44353009281565,72.97897415755816,73.89791107177734,462900.0
2016-09-27,73.85964025695839,73.96492851018155,72.49080532830622,72.92155456542969,499200.0
2016-09-28,72.8066755034972,74.52968684061535,71.67714747206679,74.39567565917969,990000.0
2016-09-29,74.25208113471463,75.54433582888177,73.51501972644651,74.97000122070312,827100.0
2016-09-30,74.64455162328443,75.4581929704235,73.51502366863663,73.99363708496094,736000.0
2016-10-03,73.66819516645286,73.68734379775934,72.49080994831124,72.55781555175781,491200.0
2016-10-04,73.27573418672787,73.44803534923302,72.01219476271109,72.37593841552734,781700.0
2016-10-05,72.9510253303481,74.18748425440712,72.83600334459835,73.99578094482422,622900.0
2016-10-06,73.8136702933074,76.71790772584892,73.48777833066069,76.660400390625,769000.0
2016-10-07,76.21948597363051,76.66039991673281,74.52295378041222,74.60921478271484,983100.0
2016-10-10,75.15560510767668,76.45915172994793,75.15560510767668,75.97990417480469,516900.0
2016-10-11,75.38560134957409,75.38560134957409,73.89993180242233,74.20664978027344,474600.0
2016-10-12,74.16830560049453,74.51336422329953,73.56445666695232,73.81366729736328,372500.0
2016-10-13,73.01813128655316,74.92553381601746,72.41428221887186,74.72425079345703,522400.0
2016-10-14,75.27059297391435,76.01821772304504,74.79134558983213,74.91595458984375,321000.0
2016-10-17,75.28976046815067,75.35685480362368,74.38877312374129,74.705078125,417800.0
2016-10-18,75.67315770551846,75.73067236326776,74.71466295402242,75.17474365234375,201000.0
2016-10-19,75.36645079807225,75.36645079807225,74.06289715867602,74.25460052490234,778100.0
2016-10-20,73.88078792314394,74.22584666878178,72.77851733639727,73.03730773925781,724700.0
2016-10-21,72.51971490641505,74.30250837956007,71.89669186829853,74.16831970214844,883100.0
2016-10-24,73.30566174529267,77.09171205221291,70.76564988658532,76.51661682128906,2089800.0
2016-10-25,76.70831891766058,79.04704799788243,76.40160094916698,76.48786926269531,1513200.0
2016-10-26,75.92238093862628,77.6668413822032,75.44313348365749,76.67000579833984,795000.0
2016-10-27,76.86168886394636,77.47512485924038,76.02779587999954,76.24825286865234,523900.0
2016-10-28,76.30578849656573,78.35696723739417,76.27703481624123,77.14926147460938,642800.0
2016-10-31,77.49428435471349,78.23232926715131,77.22590704572998,77.60930633544922,627600.0
2016-11-01,77.91603469451672,79.55505974671,77.83935336380104,79.43045806884766,994600.0
2016-11-02,79.46878316670781,80.45603133988965,78.95119525487084,79.28666687011719,1115500.0
2016-11-03,79.43047130668916,79.61258035657137,76.84253080923637,76.87128448486328,688900.0
2016-11-04,76.9575238528635,80.03429030315758,76.91918319554965,78.66364288330078,657800.0
2016-11-07,80.44646324074311,80.9161236123915,79.97680286909473,80.70525360107422,532900.0
2016-11-08,80.23561163260752,82.28679024686816,79.97682121291915,81.9321517944336,764500.0
2016-11-09,87.34761597326064,89.68634529016269,85.21017697071763,88.8428726196289,2260700.0
2016-11-10,89.83970572962313,93.02190763854243,89.83970572962313,91.41163635253906,2116800.0
2016-11-11,91.04739868964283,91.84295095119303,88.449879238738,90.20392608642578,1141400.0
2016-11-14,91.20076704792164,92.08258036736417,90.03140240952736,92.03465270996094,1318400.0
2016-11-15,92.01550273934632,92.49475014944709,90.88447855899912,91.96757507324219,1085500.0
2016-11-16,91.03782399343851,91.79502832274017,90.4914823419362,91.55540466308594,1298700.0
2016-11-17,91.02824724376168,91.31579128006658,88.38279969589614,89.03457641601562,1456900.0
2016-11-18,88.89078454519026,89.33169117071022,87.51055733439438,88.50738525390625,868700.0
2016-11-21,89.30295891254588,90.48191073615068,88.35405110650079,89.50424194335938,733700.0
2016-11-22,90.11767982521309,90.80779726615933,89.8972301115823,90.75028991699219,1035900.0
2016-11-23,90.29977444228952,91.4212113574828,89.90679546302864,91.373291015625,334300.0
2016-11-25,91.74711945322275,92.0538374834319,91.26787207397503,92.04425048828125,154500.0
2016-11-28,91.74712377774718,92.33180619300734,89.0058280542197,89.55216979980469,544600.0
2016-11-29,89.45630169447277,89.87803434072916,88.73743075314027,89.32211303710938,359100.0
2016-11-30,90.11768131759759,93.93249398478736,90.11768131759759,93.16569519042969,1170000.0
2016-12-01,93.65450107869526,96.79836201505867,93.17525380637808,94.41171264648438,1082800.0
2016-12-02,94.11460287183331,96.5587601234224,93.75037018269984,95.4085693359375,686400.0
2016-12-05,95.46606743662379,96.549171091232,94.61300776742301,96.3095474243164,663300.0
2016-12-06,96.12742867218952,96.90380699333393,95.36063003231159,96.77920532226562,472500.0
2016-12-07,96.92299736162506,98.4661745834492,96.0028432259029,97.68978881835938,803500.0
2016-12-08,97.82395593527274,97.92939092564403,96.60667101834976,97.52682495117188,579800.0
2016-12-09,97.92937459220663,98.60032508382052,96.51080692464753,97.83352661132812,358600.0
2016-12-12,98.26486695540575,98.87831025072443,95.28395536242184,95.3702163696289,780500.0
2016-12-13,95.69613799588008,96.44377024409437,93.58745190541796,94.26798248291016,777500.0
2016-12-14,93.97081819926035,95.3127121980212,93.58741886922382,94.35421752929688,882600.0
2016-12-15,94.27752952223942,94.85262482018817,93.34778858940108,94.09541320800781,371700.0
2016-12-16,94.45964928679646,95.85905057758994,94.02832231302972,94.248779296875,837500.0
2016-12-19,94.34462578252278,95.8015343879904,93.97081346556946,95.3893814086914,277000.0
2016-12-20,95.43731044235741,97.22969804103778,94.9388964501367,96.25202941894531,334200.0
2016-12-21,96.70299677882541,97.42258450504146,96.47273075604323,96.58786010742188,327400.0
2016-12-22,96.22323430032232,96.53025798493708,94.97594646406247,95.11986541748047,262500.0
2016-12-23,95.33097872799672,95.81070385955063,94.77449581858826,95.39813995361328,189100.0
2016-12-27,95.75314076462624,97.42258220034711,95.64760064834262,96.95245361328125,385500.0
2016-12-28,97.44175663573301,97.89269938550837,95.0623243203561,95.25421142578125,273400.0
2016-12-29,95.14865554767263,96.25202452100609,94.56339045712244,94.92798614501953,340300.0
2016-12-30,95.41731457436225,95.70515254762778,94.10287255250827,94.53462219238281,256300.0
2017-01-03,95.62839834617964,97.34581505867847,94.56340805340089,96.04096221923828,385100.0
2017-01-04,96.09853656965224,98.17094521732359,95.62840069622503,97.72959899902344,496500.0
2017-01-05,97.32660162627143,98.07497138804716,96.2232327610797,97.02916717529297,398200.0
2017-01-06,97.26904337949132,97.45134123129691,96.39594764089067,96.5014877319336,463400.0
2017-01-09,96.5014994313469,96.65500765145991,94.85124397499483,94.99516296386719,432100.0
2017-01-10,95.48448202435355,96.28082745834472,94.73611202904588,95.29259490966797,375900.0
2017-01-11,95.74353915789133,95.74353915789133,93.97814693145405,95.17745971679688,373900.0
2017-01-12,95.29259129950124,95.29259129950124,92.65410331240065,94.8128662109375,375700.0
2017-01-13,94.79368590119266,97.18271493056585,94.47706556765452,96.72217559814453,323800.0
2017-01-17,96.79894766819639,96.96205247500556,93.21060531826733,93.6903305053711,989700.0
2017-01-18,93.78624931978938,95.2062387195592,93.23936304366674,94.18921661376953,532400.0
2017-01-19,94.69773697145905,96.74137069361889,93.59437503736326,94.36193084716797,486100.0
2017-01-20,94.98556032987675,96.88527475728456,94.98556032987675,96.5494613647461,501900.0
2017-01-23,97.19230887396515,97.5089218789814,94.93759503203273,97.01960754394531,848000.0
2017-01-24,98.89052767826806,103.30399694936486,98.80418067749707,100.0610580444336,1462200.0
2017-01-25,101.49062876645604,105.86571880933627,101.49062876645604,104.10033416748047,2166300.0
2017-01-26,104.49372346631253,106.1535681919836,103.70696728509796,103.93724060058594,1161200.0
2017-01-27,104.11951253689118,104.58964831524408,100.94373532568629,101.3467025756836,990000.0
2017-01-30,100.6750965278676,101.26995820878012,99.42780850402696,100.81901550292969,938700.0
2017-01-31,100.52159262044727,101.26996991326074,98.91931256895961,100.33930206298828,532300.0
2017-02-01,101.13561180815088,101.75924835220445,97.98861016359157,99.6580581665039,865900.0
2017-02-02,99.68684388958117,101.57696132236678,99.2071189500933,100.07062530517578,659300.0
2017-02-03,100.73265019221554,101.69210016118232,100.04184504335589,100.79022216796875,463200.0
2017-02-06,100.7422843725168,100.79984904975022,99.6005361405536,100.27215576171875,260700.0
2017-02-07,99.3990325079285,100.78064304454053,98.8233638910147,99.7828140258789,409400.0
2017-02-08,99.66764739455112,99.79238055937896,98.5259070551132,99.6580581665039,324400.0
2017-02-09,99.65809465723103,100.99172984625712,99.02485401322056,100.60794830322266,466700.0
2017-02-10,101.20281790022656,102.13347851514337,100.300932302238,101.70172882080078,386700.0
2017-02-13,102.95858339211698,105.18450723410403,102.59399500524793,102.98736572265625,693400.0
2017-02-14,102.2006091620359,103.57262293312698,101.43305356619474,103.4958724975586,472000.0
2017-02-15,103.32317223687922,104.57045283755595,103.10249551736256,104.08113861083984,619000.0
2017-02-16,104.05236898595578,104.09074787151918,100.97253478972677,102.13346862792969,589700.0
2017-02-17,101.68251898165674,101.845623732488,99.84036933218883,100.85739135742188,621200.0
2017-02-21,101.13564504625657,103.50548079655083,100.99172605801411,103.20805358886719,603700.0
2017-02-22,103.25601298956722,104.70477723815371,103.17925523175502,104.2922134399414,659600.0
2017-02-23,104.80073269569705,104.80073269569705,97.63363961588396,98.23809051513672,1167300.0
2017-02-24,97.5664888523259,98.6890437797232,96.59744214370639,97.940673828125,593600.0
2017-02-27,97.94067364377106,101.44266817583444,97.55689211751331,100.37767791748047,832000.0
2017-02-28,100.45442356640409,101.03968871897438,99.07282038593065,99.50457000732422,654400.0
2017-03-01,101.33711858756773,102.92980189042402,101.33711858756773,101.90319061279297,564900.0
2017-03-02,101.98955668732499,102.33495933645798,101.17401818130192,101.61537170410156,562400.0
2017-03-03,101.66333544997659,102.71872913471871,100.32970034761652,101.45225524902344,429800.0
2017-03-06,100.55994946461693,101.02048867309372,99.64847491703507,99.89793395996094,383800.0
2017-03-07,100.13781727256459,100.39686559867451,97.48973274332674,97.63365173339844,608900.0
2017-03-08,97.62402695623881,99.1207664521781,96.90443953395695,97.07714080810547,802000.0
2017-03-09,96.90444970242909,97.76795616378197,90.31302558746168,92.54854583740234,1923100.0
2017-03-10,92.77881495332655,93.12421754965517,91.03261619189756,92.70206451416016,1267800.0
2017-03-13,92.76923453402323,94.313949814304,92.59653321945694,94.18921661376953,577200.0
2017-03-14,93.30651076149066,93.94934049270788,91.8577392388782,92.66368103027344,721900.0
2017-03-15,93.59436161111635,95.89703603023297,93.15300811676143,95.72433471679688,876200.0
2017-03-16,96.1752895124699,96.60704651026002,94.45787271331561,95.31178283691406,639600.0
2017-03-17,95.57083252579089,96.41514604465684,94.96638155069613,95.58042907714844,636400.0
2017-03-20,95.6475658066724,95.65715503555077,94.43865684599216,95.11986541748047,300600.0
2017-03-21,95.46529852703436,95.67637875025784,92.92275393643007,93.64234161376953,412000.0
2017-03-22,93.20099525902496,94.39071150103166,92.73086669339742,94.026123046875,489300.0
2017-03-23,93.87258766509234,94.79366613790167,93.53678161772584,93.98772430419922,355200.0
2017-03-24,94.02612159781974,95.39813570577257,92.32789792854734,92.9227523803711,523900.0
2017-03-27,90.89832635649137,93.0475004640393,89.78536772939104,92.5965576171875,394300.0
2017-03-28,92.61571946493274,93.96854765581486,92.51017936550122,93.42166137695312,736200.0
2017-03-29,93.11463762952239,93.71908857352003,91.60830122493667,93.42166137695312,580900.0
2017-03-30,93.50800644676802,94.4578600020447,91.46438035631859,92.25112915039062,857500.0
2017-03-31,92.05924826269884,93.93977718825774,91.6754740199557,93.20099639892578,512900.0
2017-04-03,93.15302088166936,93.79585810978483,91.12858759678974,92.36627197265625,476900.0
2017-04-04,92.31828044171802,92.82678777200445,91.44517742554878,92.0400390625,477800.0
2017-04-05,92.58694373591064,93.39287838538888,90.18831825052435,90.33223724365234,703300.0
2017-04-06,90.34181597856711,91.83855564386305,90.34181597856711,91.46437072753906,387900.0
2017-04-07,91.58909861945853,93.82461893723212,91.18613136527404,93.0858383178711,455800.0
2017-04-10,93.07627446624707,93.59437850004625,92.38546908784818,92.46222686767578,300600.0
2017-04-11,92.798368173327,93.70118314089505,91.2520483104457,93.67237091064453,405700.0
2017-04-12,93.48987288782756,93.48987288782756,90.92548210483486,91.3672866821289,263600.0
2017-04-13,91.2040228207159,91.70345923593963,89.43680431177586,89.44640350341797,431000.0
2017-04-17,89.79217535819822,90.97352822631882,89.36958372038019,90.95431518554688,330200.0
2017-04-18,90.13793774847926,90.87748594566209,89.87862031639929,90.57974243164062,326900.0
2017-04-19,91.13680184356419,91.67464973964086,90.18596150510638,90.71420288085938,428600.0
2017-04-20,91.53058510621534,92.90402435535911,90.96391767063017,92.39498138427734,366000.0
2017-04-21,92.4814350403989,92.96165850161546,91.1560209253875,91.46336364746094,674900.0
2017-04-24,93.2401532618585,94.04692485031212,92.2604936728783,93.76839447021484,340800.0
2017-04-25,94.56557373806496,94.56557373806496,92.27971341044707,92.8559799194336,529300.0
2017-04-26,92.92322180974237,93.38423946768306,91.91474980478736,91.97238159179688,645200.0
2017-04-27,92.02040862860778,93.74921585725005,90.85826884120908,93.30741119384766,614600.0
2017-04-28,93.10573757615585,93.10573757615585,91.72269150598856,92.17410278320312,467300.0
2017-05-01,92.65427583870398,96.10227528663464,91.92433444057751,94.29663848876953,653000.0
2017-05-02,95.18988471477721,97.29326559096265,94.43113084926908,95.27632141113281,858900.0
2017-05-03,94.98820127566678,95.84299844305636,93.90289157298702,94.52718353271484,421600.0
2017-05-04,94.70004639904975,95.17066324643834,92.65429749590477,93.69158172607422,361100.0
2017-05-05,94.09496852720625,94.9689712524414,93.31700901068757,94.9689712524414,397200.0
2017-05-08,94.77689836875587,95.23791609510431,93.58594628982894,94.73847961425781,410500.0
2017-05-09,95.18027245848789,96.29439421744277,94.67123684806539,95.81417083740234,394600.0
2017-05-10,96.40964594148612,97.02433129959587,96.06388451159594,96.83224487304688,593100.0
2017-05-11,96.67857896177539,97.54297522464908,94.91135302923631,96.8802719116211,465800.0
2017-05-12,96.54409047168375,96.6113214415981,94.16218697103898,94.64241027832031,430700.0
2017-05-15,95.08421271591271,96.38081415105904,94.5559641586628,95.64127349853516,519700.0
2017-05-16,96.21755066012489,96.21755066012489,94.31586297073952,94.57518768310547,577400.0
2017-05-17,94.57519341190101,94.57519341190101,91.16560449069925,92.3853759765625,803100.0
2017-05-18,96.76501424499055,97.61981130322741,90.46448563750243,96.8898696899414,1368900.0
2017-05-19,97.00514907420737,97.40853506420177,94.91137427633218,95.54527282714844,777300.0
2017-05-22,95.72771588291025,96.90906848701064,94.86331243205952,94.92094421386719,564200.0
2017-05-23,95.2571030849572,95.74693294899197,93.326603184748,94.94976043701172,503100.0
2017-05-24,94.74807026221089,95.03619988123538,92.06842303780945,92.72152709960938,621300.0
2017-05-25,92.99046637421336,93.9124944971767,91.31929085931905,91.43453979492188,489400.0
2017-05-26,91.05038001202549,91.83794627173043,90.19558275433216,91.32890319824219,505200.0
2017-05-30,92.07803814506353,92.60627949302554,90.92549757858457,92.22209930419922,486800.0
2017-05-31,92.20288590131625,92.22209161172314,90.38764217134425,90.57012939453125,716900.0
2017-06-01,90.58933039334494,92.9808405702912,90.29159426794797,92.5678482055664,484000.0
2017-06-02,92.43339015295794,93.57632409301453,92.30853471747668,92.72152709960938,293800.0
2017-06-05,92.38537221360066,93.2497683983011,92.01079857952995,92.72152709960938,271700.0
2017-06-06,91.85715198788603,92.02042622191077,90.61817445841803,91.32890319824219,308200.0
2017-06-07,91.7034497511795,93.17293195942901,90.33960993345724,90.81023406982422,430100.0
2017-06-08,91.25204640987643,92.65429776467217,90.63736108524341,91.48255157470703,610700.0
2017-06-09,91.75149906283207,94.12380428195084,91.21365109749075,93.7396240234375,523600.0
2017-06-12,93.8548339742161,95.07459781574127,93.37461072001125,94.29663848876953,463900.0
2017-06-13,94.23903726347588,95.5548446145301,94.03734432632801,95.15145874023438,230000.0
2017-06-14,95.18987747621742,95.18987747621742,91.5882021827301,91.9051513671875,355200.0
2017-06-15,91.08877216942494,91.31928468028948,89.5520587351329,89.95545196533203,299700.0
2017-06-16,89.26390747704795,90.26277279941768,88.45712853959992,89.9458236694336,588600.0
2017-06-19,90.80155936470513,91.37844199556318,89.95545799301674,90.74386596679688,385300.0
2017-06-20,90.11891764781826,90.29198317750725,87.12873436764019,88.99398803710938,1000400.0
2017-06-21,89.08053396487463,89.12860324546367,86.06150733052392,86.3884048461914,668000.0
2017-06-22,86.34993225471722,87.59985073263474,85.60960089103173,87.12873077392578,500900.0
2017-06-23,87.49406641348747,88.83051365428535,86.88834090215927,88.40746307373047,608300.0
2017-06-26,88.56132813615503,90.31120968118799,88.09020815665487,88.89784240722656,416400.0
2017-06-27,89.14781391237872,89.44586831599143,87.8786693307422,87.9940414428711,283800.0
2017-06-28,88.60936745382838,89.48430419037614,88.24400296861378,88.49398803710938,362000.0
2017-06-29,88.62860356591723,89.35932528232233,86.46528877569027,87.224853515625,553900.0
2017-06-30,87.52293499829192,89.48434189624261,85.95573577197773,88.85938262939453,784000.0
2017-07-03,89.58048041834685,90.96500454671332,88.44594144325997,90.69579315185547,273500.0
2017-07-05,90.34966670099368,90.84002024389717,89.81124388397696,90.3208236694336,278100.0
2017-07-06,90.06118660305546,90.06118660305546,88.30168900924436,88.49398803710938,324600.0
2017-07-07,88.35940841740367,88.97475081694553,86.28262231735485,88.75360870361328,643400.0
2017-07-10,88.2824987074345,88.6190129738459,87.176802687402,87.7152328491211,429900.0
2017-07-11,87.81137088956856,87.91713355462936,86.8979667218126,87.77291107177734,382500.0
2017-07-12,88.68628579173858,90.59962273862938,88.15747993374303,89.37854766845703,353000.0
2017-07-13,89.6285444955927,90.43617856726063,88.67668795813856,89.33049011230469,315500.0
2017-07-14,89.50354752809699,90.34964874146341,89.01320141812427,89.65738677978516,413600.0
2017-07-17,89.54200663058073,91.2245849214092,89.49393736640401,90.118896484375,370700.0
2017-07-18,89.63818329451838,90.23429220747624,87.73446241666886,87.82099151611328,314400.0
2017-07-19,88.11903675837183,90.51310342103106,88.11903675837183,90.50348663330078,385700.0
2017-07-20,90.51311268136662,90.59003232015903,89.63817563034969,89.81124114990234,276800.0
2017-07-21,89.63816603352699,89.69585208871506,88.28248505292943,88.76322174072266,478700.0
2017-07-24,88.97472484934653,89.45546141715013,88.18631717156693,88.35938262939453,479300.0
2017-07-25,89.2055182920866,90.6861884973826,88.59017578280272,90.30159759521484,479100.0
2017-07-26,89.84968859671531,89.84968859671531,87.21525346718063,88.42671203613281,1094700.0
2017-07-27,89.21512880838718,93.73405141857423,87.87868120231421,89.68624877929688,1224200.0
2017-07-28,88.95550759386535,89.0420440063795,86.44606899830248,87.80174255371094,895900.0
2017-07-31,89.51318164851428,91.72457363926024,89.11898132678414,90.47465515136719,895400.0
2017-08-01,91.2246125549193,91.45537150052157,85.84036186037754,87.9267578125,1193000.0
2017-08-02,87.43640426333316,90.06122286529082,86.77298518713118,89.68624877929688,741000.0
2017-08-03,89.68625309617929,90.35928899390643,89.03245077763756,89.44588470458984,518500.0
2017-08-04,89.72469554272169,90.57078947649329,89.12857940625958,90.50348663330078,308300.0
2017-08-07,89.94585099362189,90.97462736961658,89.45549744305669,89.59010314941406,422500.0
2017-08-08,89.34971884074565,89.34971884074565,87.19602058749673,87.94596862792969,699300.0
2017-08-09,87.54215511126658,88.13826391849202,87.32101300391984,87.9940414428711,264200.0
2017-08-10,87.39793841127573,87.43639822968022,84.40775538333428,85.12886047363281,542600.0
2017-08-11,84.72504334321434,85.61921394817698,84.37891231319911,85.16732025146484,439100.0
2017-08-14,85.96532759511007,86.51336705923819,85.37882832037273,86.26338195800781,310900.0
2017-08-15,86.23455329639803,87.10949029323807,85.7249735580079,86.70567321777344,331700.0
2017-08-16,87.20562355730338,87.6479077212844,86.7441204907843,87.36907958984375,304400.0
2017-08-17,87.08064133215034,87.49407516756932,85.3403769096809,85.82111358642578,354300.0
2017-08-18,85.71532570468803,85.76339495694,84.10966743741557,84.8499984741211,612500.0
2017-08-21,85.05194590070032,85.05194590070032,83.53281599284733,84.46544647216797,425200.0
2017-08-22,84.8115747124159,86.24416814236724,84.44621743111826,85.83073425292969,319600.0
2017-08-23,85.19615169807331,85.81149403766915,84.91732355427843,85.23461151123047,229600.0
2017-08-24,85.81151731109247,85.96535660544471,84.83081748371153,85.0423355102539,212700.0
2017-08-25,85.84996015779242,86.0518686901062,83.17706529841018,83.87893676757812,460000.0
2017-08-28,84.14814561740506,87.35947046866221,84.14814561740506,87.33062744140625,730500.0
2017-08-29,86.49413043184163,89.03241915874366,86.08069665171584,88.01325988769531,830300.0
2017-08-30,88.34017651166819,94.81089595276521,88.34017651166819,93.85903930664062,1472100.0
2017-08-31,94.59936735960164,94.8589692857897,91.8880126615681,93.50328826904297,1112000.0
2017-09-01,94.49361841916496,94.52246145171613,92.89757615582575,94.33016967773438,583700.0
2017-09-05,94.25325165117064,97.05114322401587,94.25325165117064,95.39740753173828,1052500.0
2017-09-06,96.03195289961177,98.93560644411235,95.80120135592634,97.57992553710938,957600.0
2017-09-07,98.38755994189894,98.52216561075846,96.08963944935014,97.2914810180664,784700.0
2017-09-08,97.28190168002327,100.16632255529322,97.28190168002327,99.3394546508789,765200.0
2017-09-11,98.07028844300345,99.41635269264648,96.48385583933344,96.69538116455078,978400.0
2017-09-12,97.08959998296449,98.7144852554627,96.7338521372126,98.63756561279297,822600.0
2017-09-13,98.7529561770891,99.24330978490062,97.07037731572845,97.15691375732422,633600.0
2017-09-14,97.31073145355225,97.83954480946947,96.36849153723145,96.63770294189453,530500.0
2017-09-15,96.71460130540657,98.07028225763565,96.29155801711359,97.93567657470703,717500.0
2017-09-18,98.40679794689605,99.97400423460246,98.31065207699336,99.21443939208984,603700.0
2017-09-19,99.32019603844152,99.56056436638019,97.45493546629051,98.23372650146484,508000.0
2017-09-20,98.50296270885184,101.40661695084347,98.50296270885184,101.02202606201172,1192300.0
2017-09-21,101.12777310513756,102.06040348234194,100.57011676932012,101.23353576660156,698000.0
2017-09-22,101.31045057894356,102.02193881137961,100.5797287714511,101.74311065673828,381800.0
2017-09-25,101.95464025387156,102.06040291474737,100.94509024931513,101.50274658203125,511400.0
2017-09-26,101.916202521964,101.916202521964,99.87787583075858,100.12786102294922,810600.0
2017-09-27,101.13739800218615,103.02188514820224,100.81049320359756,102.8776626586914,701700.0
2017-09-28,103.28146746478278,104.46408293542274,103.18532159504238,103.32954406738281,1069100.0
2017-09-29,103.84873794973758,104.00256987035401,102.49305701354167,102.58920288085938,448400.0
2017-10-02,102.7430635045354,102.7430635045354,100.57013124104242,101.57968139648438,566600.0
2017-10-03,102.14694146672176,102.64691178910094,100.84895372303752,102.49307250976562,765300.0
2017-10-04,102.25269941329663,103.06034092157259,101.1085510018077,103.02188110351562,429300.0
2017-10-05,102.94487160693463,103.41643154521444,102.68502721276222,103.28170013427734,374000.0
2017-10-06,102.94488762982668,103.94575493993341,102.242353155756,103.70516204833984,494600.0
2017-10-09,103.92649617511249,104.3499419844321,103.09885609815791,103.91687774658203,362400.0
2017-10-10,104.34032785238036,104.47505928995416,102.75241323261747,103.51268768310547,744600.0
2017-10-11,103.83027207552057,103.91688933813955,103.00263190624568,103.51268768310547,372400.0
2017-10-12,103.08924380404417,105.21608406342034,103.08924380404417,105.02360534667969,364700.0
2017-10-13,105.66840779419398,105.66840779419398,104.34033024718089,104.51355743408203,247600.0
2017-10-16,104.82153279060692,105.11024726229041,104.18637123214287,104.87928009033203,413300.0
2017-10-17,104.65790605953582,105.37968472201538,104.58091457338307,105.11022186279297,439300.0
2017-10-18,105.43743186718945,105.43743186718945,104.38845033038022,104.65791320800781,291500.0
2017-10-19,104.39806795100084,105.3508137203118,103.72440346721874,105.19683074951172,309400.0
2017-10-20,105.82236699168094,106.67887702094528,105.54327838158298,105.8608627319336,368300.0
2017-10-23,105.92823413423139,106.3612983863005,103.92649958739327,104.32107543945312,635900.0
2017-10-24,105.225714051709,106.80401033311111,105.08136417618687,106.6019058227539,853200.0
2017-10-25,102.96414301924693,103.40683310680701,99.69207786954941,101.13563537597656,1563500.0
2017-10-26,101.04902773081552,103.07000681696917,99.94229881577726,102.40597534179688,611000.0
2017-10-27,102.30971334495618,103.30095483000501,100.99126906932547,103.26246643066406,383300.0
2017-10-30,102.73316356186201,103.87838806258335,101.93439340854691,102.07875061035156,416100.0
2017-10-31,102.34821333487557,102.97375631365462,101.42433752379316,101.59756469726562,411000.0
2017-11-01,102.41556066923948,102.61765777830118,100.7217923240622,101.3761978149414,442800.0
2017-11-02,100.77956595664453,102.92565074356992,99.06654549933164,99.8556900024414,548000.0
2017-11-03,99.82682298103346,100.54860177996156,99.29751559156074,100.04816436767578,444500.0
2017-11-06,100.21173698812798,101.03937702699633,99.03764998030944,99.87490844726562,434000.0
2017-11-07,99.92303532566753,100.81804112079568,98.50834803572509,99.5958251953125,602600.0
2017-11-08,99.8941721085859,100.52933352809113,98.54685043934958,100.43309783935547,683600.0
2017-11-09,99.47072694288062,100.82766705058681,98.89330546423304,100.10588836669922,493400.0
2017-11-10,99.4322100787493,100.6351742963795,99.35521860666636,99.69204711914062,488200.0
2017-11-13,99.3744927356726,100.63519717279316,99.3744927356726,100.47159576416016,378500.0
2017-11-14,99.76905659726712,100.53895677242427,99.1531393940663,100.42346954345703,407400.0
2017-11-15,99.89419335925017,99.97117752122821,98.04643396781157,99.37451171875,470100.0
2017-11-16,99.78832016887675,101.62644622873036,99.78832016887675,101.22225189208984,320800.0
2017-11-17,100.96239463959148,102.55992746491579,100.67368026110182,101.71304321289062,498200.0
2017-11-20,101.85740725016203,102.95451763588048,101.33773304418048,101.55907440185547,314100.0
2017-11-21,102.1076126960845,102.41557127640387,101.2607284357842,102.34820556640625,423000.0
2017-11-22,102.3289834632479,103.2336078582208,101.54945740231078,102.19425201416016,339000.0
2017-11-24,102.95453097259508,102.98340094974357,101.84780201391666,102.24237060546875,73500.0
2017-11-27,101.89590422246413,102.35784582950347,100.48122411221524,100.72181701660156,541400.0
2017-11-28,101.00088141776142,103.26246021427393,100.89501997016673,103.11810302734375,424600.0
2017-11-29,103.26246963541064,105.23532689574463,102.99299943547719,104.17671966552734,428700.0
2017-11-30,104.60017214361321,108.21868409356095,104.33070926886312,107.71825408935547,859300.0
2017-12-01,107.9203573177654,107.92998309020885,105.7357768811396,107.14083862304688,624400.0
2017-12-04,108.42077627354418,110.63422630915868,108.42077627354418,109.17142486572266,851000.0
2017-12-05,109.30618299598393,109.95097029375705,107.07348087320807,107.11197662353516,400600.0
2017-12-06,107.44878353208931,108.96933232210387,106.50565619558432,107.47765350341797,532500.0
2017-12-07,107.24670058013196,110.46101841341478,106.46717453955951,110.0279541015625,711100.0
2017-12-08,110.67275100198614,112.32803158304692,110.23968665238213,111.77947998046875,821700.0
2017-12-11,112.04891629597213,112.21251769211312,110.15304322800895,110.65348052978516,615400.0
2017-12-12,110.76897225461128,111.52924671728073,107.73750017600378,108.02621459960938,785500.0
2017-12-13,108.06471005218887,109.03670744388846,107.41029705713065,108.2956771850586,439200.0
2017-12-14,108.38230544191305,108.73837827822142,105.35083306405733,105.78389739990234,377900.0
2017-12-15,105.86087673768226,107.20819845553348,104.67715643081605,104.98511505126953,727700.0
2017-12-18,105.67801129261161,107.3525429768299,104.975484214444,106.9483413696289,483800.0
2017-12-19,107.01571089350021,107.84335099432191,104.05161216972114,104.1093521118164,495800.0
2017-12-20,104.12859112608038,105.17757985654713,103.58966544719792,104.86962127685547,427900.0
2017-12-21,105.27420237681149,106.81540982265463,104.6288229071548,106.36267852783203,309600.0
2017-12-22,106.48787840630197,106.81538168706564,105.38976793106927,105.7269058227539,300400.0
2017-12-26,105.98702252025416,107.56676126579868,105.5246639039794,107.18145751953125,367500.0
2017-12-27,107.57637887098143,108.41441383542765,106.92136481061182,107.94241333007812,342000.0
2017-12-28,108.48183043470392,108.48183043470392,107.30665762057909,108.1543197631836,172300.0
2017-12-29,108.15433886942085,109.46436708881645,107.89426308793452,109.1368637084961,411900.0
2018-01-02,109.63774016196396,113.22105177970407,109.31023682116606,112.78758239746094,716000.0
2018-01-03,113.14399985519249,113.88571076929836,112.37339979851336,113.10546875,411900.0
2018-01-04,113.4811625746835,113.89536285946448,112.2963620652564,112.700927734375,429700.0
2018-01-05,112.73944763489776,114.21322767514648,111.82435031350686,114.1650619506836,538800.0
2018-01-08,114.41549479890065,115.42691608145554,113.92423240316911,115.23426055908203,334300.0
2018-01-09,115.42689994850878,115.42689994850878,113.03802324836211,113.14398193359375,416000.0
2018-01-10,112.70091448247526,113.00915600590092,111.55463787236532,112.53716278076172,511400.0
2018-01-11,113.06695054999861,115.35950380174849,112.43120561440233,114.9356689453125,399000.0
2018-01-12,115.3787513155228,116.67914486878168,114.338433533293,115.65809631347656,522300.0
2018-01-16,117.0644627269431,117.98918730664329,113.0284190376926,113.50041961669922,500600.0
2018-01-17,113.50039906419788,114.11688200569941,112.46008134451789,112.5660400390625,531200.0
2018-01-18,112.68163570414069,113.44260110952814,111.35233836260666,111.63168334960938,461400.0
2018-01-19,111.95919601923654,112.77796176845476,111.62205069686142,112.72016143798828,215600.0
2018-01-22,112.52751055979029,113.51002796540102,111.43903445810649,113.47150421142578,373500.0
2018-01-23,113.3751625388111,114.07834224477675,111.97844508808738,113.80863189697266,328400.0
2018-01-24,114.11687638230293,115.81220806241862,113.80863492674155,114.30952453613281,406800.0
2018-01-25,114.92603177679209,114.94530100568791,113.29813468985695,114.31918334960938,359700.0
2018-01-26,115.08976946209289,116.00485924022303,114.29026563965132,115.879638671875,372000.0
2018-01-29,115.73516909674996,115.87002430131616,113.55820924594785,113.71233367919922,274100.0
2018-01-30,112.85501666367303,114.00128569868075,111.47756101989292,113.31737518310547,862600.0
2018-01-31,111.5642630333742,111.61242875288275,103.79079065377748,107.93279266357422,2352400.0
2018-02-01,107.94240802168184,110.1675332043203,106.58422160022776,108.67448425292969,936200.0
2018-02-02,107.42226127786083,107.90388907785834,105.23567429945719,105.31273651123047,755600.0
2018-02-05,104.03159024083273,105.14897010800335,99.29237511585711,101.50785827636719,780500.0
2018-02-06,99.21530652829739,103.90636298747978,98.80110641096461,102.58670043945312,845000.0
2018-02-07,102.08583197504058,104.82147435828519,102.08583197504058,102.69268035888672,667700.0
2018-02-08,102.64448655755575,102.64448655755575,97.56813415533135,97.59703063964844,702500.0
2018-02-09,98.53140189960727,99.98591970215433,95.58384254327677,98.40618133544922,661700.0
2018-02-12,99.32128309870214,100.43865574613355,97.9341927165945,99.51393127441406,464000.0
2018-02-13,99.60060687114542,101.18034509229439,99.02265511812475,99.76435852050781,413100.0
2018-02-14,99.13825164794179,101.26704536418848,98.89743777937467,100.2652587890625,693900.0
2018-02-15,100.99735235155019,102.87570525837756,100.08226243346883,102.66378784179688,614400.0
2018-02-16,102.90459469714997,103.58850527255696,98.83965500048419,98.9745101928711,780200.0
2018-02-20,98.5795646108427,100.18820688550508,97.2888057648755,98.560302734375,629600.0
2018-02-21,98.67593586248825,99.69698475562956,97.58745200185497,97.85716247558594,403500.0
2018-02-22,98.17501146759236,100.29417825054517,97.62595605568849,99.61026763916016,471600.0
2018-02-23,99.9666561984098,100.59277375314367,99.2345799490722,100.53498077392578,294500.0
2018-02-26,100.68909984588606,101.68125187057646,98.93597506705049,101.26705169677734,497500.0
2018-02-27,101.10329256692133,101.9509547291399,98.6469955444336,98.6469955444336,287600.0
2018-02-28,98.8974345351993,98.8974345351993,96.42186834149854,96.5470962524414,434800.0
2018-03-01,96.90349414841965,98.69514982431537,95.85354926419826,97.36585998535156,463700.0
2018-03-02,96.78791844108743,97.90529102921884,95.47789033841168,97.62594604492188,397500.0
2018-03-05,96.98055580342223,99.1286186197053,96.49892809429699,98.49286651611328,250600.0
2018-03-06,99.08045470925279,100.57350357428884,98.47360643038985,99.99554443359375,488600.0
2018-03-07,98.8974406928145,100.2363652535669,98.54104086023177,99.21531677246094,387300.0
2018-03-08,99.43687651079732,99.90886968609283,97.0576340582388,98.20390319824219,495500.0
2018-03-09,98.93596880420367,99.24421026177048,98.16536883481466,99.01303100585938,568100.0
2018-03-12,99.28275032830092,99.58135720036238,98.3194947677861,99.02267456054688,296400.0
2018-03-13,99.44649136445076,99.86069150509589,98.6373603077799,98.76258087158203,386900.0
2018-03-14,99.18643244061847,99.2634946540492,96.8842520950401,97.1635971069336,426600.0
2018-03-15,97.16359126178781,97.50072923894429,94.89030754573736,95.09259033203125,625600.0
2018-03-16,94.67840227494557,96.42189271520394,94.67840227494557,95.54533386230469,630600.0
2018-03-19,94.53388541578124,95.30449268394396,93.1660644963952,94.37976837158203,506500.0
2018-03-20,94.524266806731,95.31413608324628,93.4454252675239,93.84999084472656,352200.0
2018-03-21,93.85001001907847,95.51644573572325,93.5417684664634,94.11972045898438,787900.0
2018-03-22,93.32020714916106,94.58207708078133,92.3665860886388,92.376220703125,466700.0
2018-03-23,95.94025788197733,97.2695553354288,94.66876076284362,95.67054748535156,918300.0
2018-03-26,98.44471362334706,102.259212043446,97.60668600375125,101.69088745117188,1416100.0
2018-03-27,101.66199211957475,101.66199211957475,98.02088729884943,98.48324584960938,728300.0
2018-03-28,98.50251550212488,99.07083275427833,96.26776289963709,96.46041107177734,544500.0
2018-03-29,96.9998323158047,99.5620956425519,96.85534986050872,99.26348876953125,466200.0
2018-04-02,98.47362627010119,99.3983507928417,94.62060375082051,95.32377624511719,656900.0
2018-04-03,95.37191399821732,96.87458998837559,93.90776175478432,96.65303802490234,512900.0
2018-04-04,94.91920036981776,97.81860155946622,94.77471057117361,97.62594604492188,496700.0
2018-04-05,98.45435797378893,99.49467582761385,98.1268545840981,98.5506820678711,469000.0
2018-04-06,97.50070627429785,98.13645097447446,95.46823692765257,95.98839569091797,494700.0
2018-04-09,96.1521649408648,96.32555122703572,94.61095759104349,94.75544738769531,485900.0
2018-04-10,96.16179728798281,97.71263921412204,95.5453143625797,97.24063873291016,401800.0
2018-04-11,96.29571916632464,97.36599356413447,96.19929221734884,96.8838882446289,308000.0
2018-04-12,97.13459623291708,97.25030417994174,96.0257523153845,96.62356567382812,391200.0
2018-04-13,96.8838914149443,96.8838914149443,94.8108370019655,95.44721221923828,458600.0
2018-04-16,95.64005723154025,97.21171795103905,95.56291861361132,96.21858215332031,276600.0
2018-04-17,97.58775815851102,99.70902598394436,96.70068613371656,98.69660186767578,444700.0
2018-04-18,99.21725945371614,100.1429006279342,98.23376064862425,99.14976501464844,207600.0
2018-04-19,99.17870571740897,99.17870571740897,97.02851278163436,97.6456069946289,224900.0
2018-04-20,98.0505773485675,98.54231945338921,97.06707842623807,97.26956176757812,401900.0
2018-04-23,98.14701345534903,98.61947466466162,97.12495241094179,98.00238037109375,362100.0
2018-04-24,98.70625307142784,99.65117544806242,95.31222725128457,96.24751281738281,318000.0
2018-04-25,95.7461136677269,97.75166608605426,95.47612852562892,96.85494995117188,539200.0
2018-04-26,97.47206897648873,97.91561243051994,96.3343072626485,97.7902603149414,349700.0
2018-04-27,97.7516731106353,98.09878953336265,96.94173969516712,97.93487548828125,238300.0
2018-04-30,98.07952059608327,98.92802342448805,95.29295206228343,95.41829681396484,461800.0
2018-05-01,95.27365363065496,95.50506948724991,92.06283770109353,94.59870910644531,855600.0
2018-05-02,95.04224458132856,97.6070484711951,94.92653665369954,96.20893859863281,390000.0
2018-05-03,96.86461564750722,97.61669889109342,93.68272443569296,96.6621322631836,545900.0
2018-05-04,96.09323979648522,100.76966011818642,95.80397365025888,98.10843658447266,612000.0
2018-05-07,98.16628204240463,99.29441407211985,97.36599280905267,98.1759262084961,313200.0
2018-05-08,98.08914564263995,101.35781892374648,98.07950147705387,99.95970916748047,532400.0
2018-05-09,100.72144816249599,101.0782087673827,98.99551013833121,100.86608123779297,414900.0
2018-05-10,101.09748473961943,102.36060568791545,100.46110953869783,100.72144317626953,387200.0
2018-05-11,101.15533996826942,102.80413925048444,100.82750453122127,102.2545394897461,425800.0
2018-05-14,102.12918845293166,103.35374007604734,101.63744632680805,102.02312469482422,612700.0
2018-05-15,100.27791373837871,107.35521681156153,100.24898859412306,104.26010131835938,1149000.0
2018-05-16,103.90335083007812,106.38137212398021,103.57551535498425,103.90335083007812,545700.0
2018-05-17,103.72015387998525,104.13476481191611,102.0906352988056,102.43775177001953,773100.0
2018-05-18,102.51485616769892,105.6967536392467,102.51485616769892,105.49427032470703,444700.0
2018-05-21,105.67748682119077,106.93096362121173,105.3303703952263,105.61963653564453,318000.0
2018-05-22,105.9281710119652,106.21743711786507,104.45293005582975,104.51078033447266,351400.0
2018-05-23,104.37582284942371,105.28218338801257,103.6815898714701,105.03148651123047,425500.0
2018-05-24,104.89647662641951,105.83176212617872,103.54658025634467,103.61407470703125,479800.0
2018-05-25,103.50802045608154,104.09618959024051,102.93913965608675,103.2669677734375,565400.0
2018-05-29,102.17737728434088,104.4529144172786,102.12916382179515,103.8743896484375,442300.0
2018-05-30,103.951544750426,105.21466566691097,103.6333608361502,104.28902435302734,605200.0
2018-05-31,105.09894996917761,106.54526579444152,103.79726719770863,104.50113677978516,525400.0
2018-06-01,105.29179692581052,105.92817946704858,104.20224157179341,104.28902435302734,336100.0
2018-06-04,104.73255526615394,105.27251083392507,104.0479666409176,105.10859680175781,178400.0
2018-06-05,105.13754272460938,106.59350303989928,104.96398449261227,105.13754272460938,194400.0
2018-06-06,105.20503184071191,105.93783404485332,104.25046529138106,105.74498748779297,232800.0
2018-06-07,105.8221418835293,108.5508603828142,105.27254198759074,107.12382507324219,577800.0
2018-06-08,107.13345564530296,108.13623569518754,106.42957857005001,107.74090576171875,378800.0
2018-06-11,107.99159093057709,108.57011583929366,106.75740249695686,107.69268798828125,487800.0
2018-06-12,107.78910625531222,108.31941768330701,107.17201204608793,107.9240951538086,288500.0
2018-06-13,109.61145594935238,111.60737149962765,108.21335359016626,108.88829803466797,1068700.0
2018-06-14,109.38005613021653,109.38005613021653,107.95302116221288,108.2326431274414,347200.0
2018-06-15,107.95303087624177,108.84010296940342,107.26844215067068,108.20372772216797,413200.0
2018-06-18,107.7119651924542,108.86902232571451,107.02737654953815,108.28085327148438,394500.0
2018-06-19,106.9984686738716,107.64448811428657,106.39101119007893,107.07560729980469,331100.0
2018-06-20,107.76018849592947,107.95302769089403,106.79597780841915,107.60591125488281,312500.0
2018-06-21,107.287423967394,107.70240665883378,104.48870400393562,104.72997283935547,424700.0
2018-06-22,105.71435306049301,106.02317687312001,103.97721451262838,104.8650894165039,451900.0
2018-06-25,104.79753595577984,104.79753595577984,102.36554914560949,103.56224060058594,463100.0
2018-06-26,103.47537263591019,104.11231849158888,102.3944856723178,103.12794494628906,356300.0
2018-06-27,103.46574128597105,103.56224736134423,100.73457591155461,101.58384704589844,700800.0
2018-06-28,101.22675121486647,101.8926555516032,99.38346115527963,101.4969711303711,762700.0
2018-06-29,102.11461479318537,102.87702516117226,101.24605291646074,101.303955078125,507200.0
2018-07-02,100.31959024901703,101.38117913613408,99.20975937002599,100.52226257324219,668800.0
2018-07-03,101.13990603733961,102.76123302264766,100.87933155307273,101.88301086425781,193900.0
2018-07-05,102.52961279335672,102.52961279335672,100.53190692494319,102.21114349365234,301700.0
2018-07-06,102.2786865793672,104.59486147798651,101.68999003980167,103.74559783935547,452400.0
2018-07-09,104.22813393854642,104.73962267702625,103.06039369186183,104.31498718261719,322600.0
2018-07-10,104.06406665507753,105.05809299100707,103.56222339854969,103.91930389404297,227600.0
2018-07-11,102.85772952145594,103.66838925721692,102.24972735669482,102.88668060302734,381600.0
2018-07-12,103.63943552111134,103.63943552111134,102.17252430985593,103.03144073486328,156800.0
2018-07-13,103.17622067318827,104.48871652119787,102.45241408022005,103.58155059814453,246500.0
2018-07-16,103.76489967529477,103.76489967529477,101.8540545819151,102.81912994384766,223400.0
2018-07-17,102.48135626126883,104.80718408251946,102.48135626126883,104.06407928466797,421600.0
2018-07-18,104.07373092318281,104.69138597280026,103.19551610988489,103.9000244140625,556300.0
2018-07-19,103.80350715975834,105.25112025267252,103.41748289200065,104.91334533691406,384700.0
2018-07-20,104.9422961268451,105.24147450534278,104.25709348167065,104.35359954833984,322400.0
2018-07-23,104.17987165982257,104.9615876293827,103.96756128690517,104.13162231445312,268900.0
2018-07-24,105.37658774993365,107.52870181908662,105.10636780967599,105.41519165039062,585400.0
2018-07-25,104.77824580857012,104.77824580857012,101.76720762469168,103.2148208618164,697000.0
2018-07-26,103.48502306738658,103.51397414703167,100.76351113664917,102.01810455322266,909600.0
2018-07-27,102.20148114434816,105.18356044475176,101.68999238638436,104.59486389160156,957600.0
2018-07-30,97.47263635858694,101.6900194140683,95.77410122774408,98.36050415039062,1580200.0
2018-07-31,97.54983287066204,98.31224339580397,95.05993632469597,95.8802490234375,887800.0
2018-08-01,95.46524518740148,96.3338144143269,93.73775954799981,94.31681060791016,610300.0
2018-08-02,93.62196526209947,96.5461425037531,93.62196526209947,95.89954376220703,413400.0
2018-08-03,95.88022687106331,96.63298440570603,95.54245199820312,96.17940521240234,308000.0
2018-08-06,95.89951618024176,97.0286522900572,95.66789285289084,96.48821258544922,304800.0
2018-08-07,96.83567646761247,98.4859621258247,96.6523171212105,96.84532928466797,256200.0
2018-08-08,96.73917378205641,96.81638159532673,95.43632322562485,95.61968994140625,227900.0
2018-08-09,95.44596819510579,95.90920031075437,94.84761873587286,95.0599365234375,449600.0
2018-08-10,94.37474124172432,94.89588293510879,93.5833795657573,93.85359954833984,272700.0
2018-08-13,93.67987383946728,94.25891763813058,92.66654166960046,93.01396942138672,286600.0
2018-08-14,93.36137360544807,94.0851800117981,92.64722001280575,93.70880126953125,422800.0
2018-08-15,93.05257660885896,93.69917541748306,91.53740839009862,91.788330078125,888900.0
2018-08-16,92.33841738339385,92.7147962118404,91.21892635103099,91.34439086914062,470800.0
2018-08-17,91.44091842585681,91.71113843152462,90.98733168936745,91.09349060058594,305700.0
2018-08-20,91.3347349300064,91.46984489647267,90.55302621503145,91.10311889648438,448400.0
2018-08-21,91.41193714412462,93.43859388024337,91.41193714412462,92.2998046875,454800.0
2018-08-22,92.2418903531953,93.11045951491776,92.2418903531953,92.8016357421875,583900.0
2018-08-23,92.80164132155576,92.95604953573437,91.75935826482525,92.16468811035156,349000.0
2018-08-24,92.05853276539321,92.82094313998282,91.76900722868415,92.14539337158203,388500.0
2018-08-27,92.47349378417488,93.55438052341692,92.11641335425259,92.39628601074219,566400.0
2018-08-28,92.47352528862713,92.58933698823161,90.91010047720135,91.61460876464844,438300.0
2018-08-29,91.48915502876099,91.6821671723684,90.03188904681873,90.21525573730469,990100.0
2018-08-30,90.18628631063245,90.4854646686283,88.9123871742494,89.15365600585938,673600.0
2018-08-31,88.83518779830395,89.67479862998967,88.5842661488282,89.10540771484375,773200.0
2018-09-04,88.99926469368253,88.99926469368253,87.53234579550852,87.93768310546875,426000.0
2018-09-05,88.15963698217875,88.43950973384204,87.18490875920534,87.77360534667969,422500.0
2018-09-06,88.14033127686109,88.6228689397854,85.86275291882309,86.77957153320312,520900.0
2018-09-07,86.55760134026801,86.94362554907605,85.3416044662912,86.08470916748047,543500.0
2018-09-10,86.05577543343814,86.22948930759131,82.90963479246841,83.6141357421875,1181600.0
2018-09-11,83.4018060642479,85.32231122189899,82.84206062042175,84.58885192871094,766000.0
2018-09-12,84.55989997898178,85.76624409745249,84.32827660691846,85.37055969238281,1102100.0
2018-09-13,86.05578351027894,86.78924297698079,84.72398192540155,84.9073486328125,419300.0
2018-09-14,84.97488950399875,85.30301159647655,83.84574572220326,84.51165008544922,551500.0
2018-09-17,84.92663198914774,85.42846793848061,83.46936612861964,83.56587219238281,550300.0
2018-09-18,83.5658924245019,84.13529085556067,83.33427634280564,83.79751586914062,766300.0
2018-09-19,83.5851900156929,85.36092540937659,83.5851900156929,84.05807495117188,351900.0
2018-09-20,84.39584783580604,85.53463719746561,83.97121963112969,84.32829284667969,545700.0
2018-09-21,84.83979611698923,85.10036327881154,84.0098305453445,84.20284271240234,886800.0
2018-09-24,83.7492289545348,84.02910166037907,83.09297749050613,83.45005798339844,512000.0
2018-09-25,83.55622762216629,84.28967960486194,82.89997607353176,83.69133758544922,415500.0
2018-09-26,83.68169756405403,84.18354095835163,82.1761821070451,82.28234100341797,398800.0
2018-09-27,82.61044648045039,83.03508198027517,81.7515300288524,81.8576889038086,502600.0
2018-09-28,81.38481615683897,82.51395268969728,80.7092589100356,82.26303100585938,696400.0
2018-10-01,82.51393778691265,84.09666068291294,82.48498670611048,82.90962219238281,716800.0
2018-10-02,82.66837616266136,83.26671829872808,82.2726916480888,82.82278442382812,460100.0
2018-10-03,83.29566052390507,83.34391724203962,82.24373180763324,83.21846008300781,536200.0
2018-10-04,82.93825435869503,83.98174772301536,82.18462271940476,82.24259948730469,617500.0
2018-10-05,82.06869360991267,82.5034788772684,78.50342788022893,79.2667236328125,698700.0
2018-10-08,79.00583534003484,80.85127304362403,78.66766825001552,80.6966781616211,319500.0
2018-10-09,80.4164760624828,81.04449740706012,79.98168354913471,80.14593505859375,398000.0
2018-10-10,79.49860582881584,80.27156557865904,77.92370900001164,78.02999114990234,420500.0
2018-10-11,77.46958321872319,78.09761199285282,76.58068480965719,77.00580596923828,680600.0
2018-10-12,78.0396471730512,78.26187549507324,76.54204780560762,76.80291748046875,542100.0
2018-10-15,76.68695373496138,77.79807286918596,76.68695373496138,77.17005157470703,959900.0
2018-10-16,77.29565435930522,77.3149750294403,76.22317656535081,77.17005157470703,865900.0
2018-10-17,76.21352434716995,77.28600230721116,73.98161434078162,74.42606353759766,834500.0
2018-10-18,73.6724365845073,74.20384727240123,71.45018308975581,71.80767822265625,1260000.0
2018-10-19,71.93327319655158,72.59995064663218,70.24243057393227,70.42601013183594,627700.0
2018-10-22,70.61926722567041,71.47918850983574,69.06369833457283,69.16031646728516,828400.0
2018-10-23,68.22306721825302,69.08298065345114,65.87521177670982,68.40664672851562,1531800.0
2018-10-24,68.31973165451421,68.86079916159483,65.88492050115953,66.02018737792969,742300.0
2018-10-25,66.08781027508506,67.48879157738264,65.91389469390758,66.16510772705078,752100.0
2018-10-26,65.87521412676217,66.76411228024166,63.401755831345454,65.46941375732422,848600.0
2018-10-29,66.44528024902404,67.11195769310926,62.754412680843444,63.56602096557617,1391500.0
2018-10-30,65.86556643649762,70.38736311103247,64.81241654450335,70.21344757080078,1741800.0
2018-10-31,70.65790437510204,73.69175894838781,70.65790437510204,71.34390258789062,1063200.0
2018-11-01,71.48884602610991,74.7062807475603,70.92845790101681,74.47439575195312,879300.0
2018-11-02,75.0734236031537,75.38260601738753,73.64345770163109,74.90917205810547,812500.0
2018-11-05,74.83186809910826,75.45989689659544,73.56615385278813,73.59513854980469,588000.0
2018-11-06,73.28592927561412,76.39708005313659,72.6579007085357,75.20865631103516,893900.0
2018-11-07,76.3101541374546,76.58068780545004,74.64829603806592,74.8511962890625,652100.0
2018-11-08,74.17484458995467,74.44538559239136,73.11203073773486,73.83667755126953,457500.0
2018-11-09,73.25697751490385,74.00094516189289,72.11686598533677,72.92847442626953,554500.0
2018-11-12,72.91881050300138,73.2183288926379,70.88013643146532,71.16999816894531,815100.0
2018-11-13,71.4791622674152,72.74487629568937,71.0636978149414,71.0636978149414,312600.0
2018-11-14,71.99126486050322,72.76421722511657,70.62892498420577,70.83182525634766,842700.0
2018-11-15,70.20378885255204,71.93327281034993,69.59508079392432,71.33423614501953,393300.0
2018-11-16,70.88978732170473,71.41153392961313,69.498463033949,70.0491943359375,537900.0
2018-11-19,69.7689896507274,70.1651334205813,67.50809528220584,67.73031616210938,489500.0
2018-11-20,66.7351604092999,67.39217401353883,64.94769920366907,65.63369750976562,679800.0
2018-11-21,65.97186270440193,68.56126831866244,65.97186270440193,67.604736328125,526800.0
2018-11-23,67.08296378086149,67.96219798271972,66.98634569086983,67.2472152709961,112200.0
2018-11-26,68.252077054904,69.57576807745586,67.87526124766107,68.91875457763672,540200.0
2018-11-27,68.69651537317236,69.99122149292316,68.59989727384492,69.72068786621094,524000.0
2018-11-28,69.8366561257454,71.72074302989532,68.62891094545375,71.25696563720703,444100.0
2018-11-29,71.26659671998122,72.10718225915245,70.54194994677117,70.7448501586914,294900.0
2018-11-30,70.37770796940369,71.39221664401703,69.9429227497065,70.53230285644531,394100.0
2018-12-03,72.13618972871161,72.4550287746895,69.96224894477922,70.24243927001953,423400.0
2018-12-04,69.62407396540335,69.65305866286936,65.11194089644836,65.1216049194336,2383700.0
2018-12-06,64.26169456441215,65.85591935288326,63.768932566923255,65.70132446289062,671400.0
2018-12-07,65.9525260373482,67.3148582546047,64.57086577644904,64.61917114257812,559000.0
2018-12-10,64.44527542961623,65.05398367628017,63.4500946490914,63.83657455444336,664800.0
2018-12-11,65.1409192414504,65.1409192414504,62.20368311699858,62.27131652832031,669100.0
2018-12-12,63.26649083257626,63.74958863029405,62.2713031772282,62.686767578125,711300.0
2018-12-13,63.57568367157365,63.75925585253838,59.00557450380731,59.198814392089844,648700.0
2018-12-14,58.43552324356025,59.97177475773112,58.31958077619205,59.16983413696289,901000.0
2018-12-17,59.063559226016785,60.88000495122254,58.66741903548579,59.62395095825195,712300.0
2018-12-18,59.88481640192227,60.92830965529632,58.99591801785806,59.324424743652344,584000.0
2018-12-19,59.459698848909625,60.94764147650223,58.68674283644106,58.8993034362793,471000.0
2018-12-20,58.541217637645126,59.141242292951,57.04115046167959,57.496009826660156,465200.0
2018-12-21,57.7282885402997,58.60897139728578,56.22822112837516,56.6927604675293,1700000.0
2018-12-24,56.24756601169138,57.23470544965415,55.51205230651542,55.6281852722168,276600.0
2018-12-26,55.9282023096935,57.98957824707031,55.16365255491776,57.98957824707031,526900.0
2018-12-27,57.00245238521515,58.92833957600517,56.7121143677241,58.89930725097656,507700.0
2018-12-28,59.01543475495719,59.450938048894415,58.163784279235614,58.78316879272461,435200.0
2018-12-31,58.870269960351365,59.450938562752675,58.2799214558895,59.06382369995117,537500.0
2019-01-02,57.91216890716092,60.583249932771494,57.244399573708606,59.76063537597656,1027200.0
2019-01-03,59.72192346032911,61.551033824342284,59.06383033472206,59.84773635864258,578700.0
2019-01-04,60.6122829514438,62.586558528433805,60.26388029320993,62.005889892578125,884400.0
2019-01-07,61.7155489216394,64.43502165142363,61.38650241231249,63.63175964355469,678300.0
2019-01-08,64.03823333262349,64.65761419073387,63.01238517080361,64.22211456298828,1067800.0
2019-01-09,64.58018996292608,66.01250526969372,64.08661835821493,65.76087951660156,553400.0
2019-01-10,65.63509231567191,65.74154911672902,64.81247762136108,65.19959259033203,683700.0
2019-01-11,64.744721196667,65.28667762379715,63.29304586662336,63.554344177246094,756700.0
2019-01-14,63.263988057531336,64.18337910943744,62.702672050624656,63.38979721069336,1270100.0
2019-01-15,63.35109806998484,63.73821289199084,61.376819122995265,62.1413688659668,597900.0
2019-01-16,61.99620453098875,63.31239059428831,61.99620453098875,62.50912857055664,402000.0
2019-01-17,62.199443732026225,64.01888147953147,62.151058986070595,63.67047882080078,730300.0
2019-01-18,64.24146223251488,66.96093872583494,64.04790849752347,66.15767669677734,582200.0
2019-01-22,65.80927724067652,66.92222972955543,64.56083565404909,65.87702178955078,790300.0
2019-01-23,65.8092682054882,65.8092682054882,61.48327542295714,62.373634338378906,768500.0
2019-01-24,62.11235591522124,64.54149498178712,62.11235591522124,64.406005859375,696700.0
2019-01-25,63.92209613871399,65.55764505402121,63.622078265670766,65.0737533569336,552400.0
2019-01-28,64.33823732179955,67.00931392560592,64.14467623076969,66.57381439208984,787500.0
2019-01-29,67.14481989988128,69.4094372415983,66.68028793167434,68.67391967773438,1020600.0
2019-01-30,68.84811116506745,70.24172163757937,68.04484916307231,68.2771224975586,882600.0
2019-01-31,68.24808430055921,69.77718389349658,67.34804541444812,68.7126235961914,750900.0
2019-02-01,68.73196726325081,70.91915960603494,68.2287231920371,70.88044738769531,1014000.0
2019-02-04,70.7352884274744,71.30628449930803,69.47717437955247,69.69976043701172,717000.0
2019-02-05,70.23204037692462,70.754644294003,69.67072423818101,70.65786743164062,618000.0
2019-02-06,70.68688973423464,71.22884599353888,68.48034509723854,68.5577621459961,479300.0
2019-02-07,68.49971130097146,69.99009869763965,68.22873311677755,69.48685455322266,591500.0
2019-02-08,69.25459537733344,69.7384872005593,68.47069298646058,69.2255630493164,481400.0
2019-02-11,69.30298055262968,70.30947632988413,68.79972897220118,70.12559509277344,529500.0
2019-02-12,70.164291792367,72.45794095457241,69.95137827727608,71.8288803100586,891700.0
2019-02-13,72.29340991678735,72.92247054164199,70.68689347025463,71.00626373291016,643600.0
2019-02-14,71.50952444770454,72.08052056993121,69.92236004904419,71.35468292236328,723400.0
2019-02-15,71.90630339047485,74.3064018812822,71.33530739410004,73.69670104980469,884200.0
2019-02-19,73.63864863272615,75.17742835551142,73.145084325971,74.19029235839844,949600.0
2019-02-20,74.47093634057478,75.45807963172587,74.33544724313869,75.39033508300781,624000.0
2019-02-21,75.26451288914541,76.30972074876235,74.91611765287458,75.48710632324219,849700.0
2019-02-22,75.65165102561197,76.84202824063969,75.45809723657509,76.81299591064453,702200.0
2019-02-25,77.54847744832708,77.60654947037864,76.25165129892495,76.48391723632812,680400.0
2019-02-26,76.17424780618596,77.3452650997697,75.90326957409755,75.96133422851562,588500.0
2019-02-27,75.78711794805366,76.51295551966781,75.35161835852581,75.5354995727539,501800.0
2019-02-28,75.39032642863229,75.39032642863229,73.64831339928114,73.97736358642578,757500.0
2019-03-01,74.33543661007299,76.07744959021674,74.2193073337974,75.88389587402344,660800.0
2019-03-04,75.97100639728328,77.60656291049982,75.71938061441867,77.538818359375,714000.0
2019-03-05,77.36462233990407,77.50011145145254,76.40651127217915,76.92911529541016,1272000.0
2019-03-06,77.17103619520611,77.60654309863168,76.20325292128318,76.61940002441406,930500.0
2019-03-07,76.2129467082758,76.8807196517104,75.25484315992311,76.27101135253906,740400.0
2019-03-08,75.80649630952844,76.72588783854067,75.40002894198219,76.49362182617188,712400.0
2019-03-11,75.97100590577107,77.23879994730574,75.4290495002788,75.57421112060547,799900.0
2019-03-12,75.81617307035427,76.07747880953686,73.72576407491269,73.78382873535156,966300.0
2019-03-13,74.11287273656734,74.11287273656734,69.35137901182677,69.7771987915039,1674000.0
2019-03-14,69.1868451807741,69.93204266264853,67.33838240611922,69.32233428955078,997300.0
2019-03-15,69.53524837459867,70.42560749137485,69.33201470991732,69.92236328125,944500.0
2019-03-18,70.04818952969177,70.72564262704779,69.61268976850928,70.44498443603516,680800.0
2019-03-19,70.6772097808216,71.79984189835994,70.6772097808216,71.11271667480469,797800.0
2019-03-20,70.50301726339953,70.55140938550171,68.22872781301912,69.45780944824219,1482100.0
2019-03-21,69.04166561535435,72.60310889509563,69.04166561535435,71.90631103515625,1134300.0
2019-03-22,71.4127290725082,71.4127290725082,68.7803573711807,68.99327087402344,523500.0
2019-03-25,69.59332116346869,70.59013707495721,68.88683589741024,70.39657592773438,460700.0
2019-03-26,70.88047352480858,70.89015342886312,68.77070484072831,69.36105346679688,626700.0
2019-03-27,69.32232590203951,70.53205521517884,69.32232590203951,69.9997787475586,661600.0
2019-03-28,70.18365022501914,71.00627203720555,69.3803955996112,70.96755981445312,463500.0
2019-03-29,78.84530101747526,81.76800312655327,77.62589207890626,81.5841293334961,3243300.0
2019-04-01,81.9615764031972,83.85843093243571,80.97443322573967,81.01314544677734,1261800.0
2019-04-02,80.18084359320049,81.59380630164138,79.2227402095619,80.80022430419922,1212100.0
2019-04-03,81.85512672526788,81.85512672526788,80.35505941054238,80.62603759765625,762400.0
2019-04-04,81.36155781003973,82.93904224260285,81.04218748587844,81.83576965332031,614200.0
2019-04-05,83.16164267390454,83.69392659217989,82.41645257192177,83.02615356445312,506700.0
2019-04-08,82.7067612944248,83.68422451093505,82.55191980334635,83.07451629638672,346300.0
2019-04-09,82.66804841592946,83.09387543429767,81.55509613475847,81.7486572265625,399800.0
2019-04-10,81.75834182028376,82.7745099220842,81.53574839783161,81.90350341796875,419500.0
2019-04-11,82.22327440390475,83.10499550885665,81.63222741815483,82.0101089477539,440100.0
2019-04-12,82.73678615083074,84.24831191876318,82.23294669229865,83.44410705566406,433500.0
2019-04-15,83.34721159112195,83.83167575552412,82.63989805080321,83.570068359375,275200.0
2019-04-16,83.45378225590412,84.00607102793127,82.66895278837485,83.9091796875,464800.0
2019-04-17,84.32585147193485,84.63590831572779,81.641922610884,81.70974731445312,471900.0
2019-04-18,88.71508445692619,89.14141533057688,86.92256834450704,87.28107452392578,1438800.0
2019-04-22,86.76754255901724,88.21124382815897,86.4768610774523,87.53298950195312,664500.0
2019-04-23,87.49422112251054,87.58142111388933,86.01175473805012,87.15509033203125,593900.0
2019-04-24,87.51359547566372,88.38563234157793,86.88379066181815,87.72676086425781,604300.0
2019-04-25,87.36827681207595,87.5329928748858,85.82768412049423,86.35090637207031,519100.0
2019-04-26,86.33151996668714,88.15311011099155,85.95363847767445,88.06590270996094,325900.0
2019-04-29,88.04651417570372,88.3856375902712,87.02913653966526,87.24230194091797,398900.0
2019-04-30,88.2402984239178,88.65693788123893,87.17447879124445,88.08527374267578,502800.0
2019-05-01,88.57942838192336,88.60849504978046,86.64157167319259,86.70939636230469,442600.0
2019-05-02,86.88380446053455,87.5329846890195,86.11835016734943,86.67063903808594,687000.0
2019-05-03,87.20355453497237,87.9108755077176,86.77722368058691,87.79460144042969,323200.0
2019-05-06,86.75786222791776,88.37597111311777,85.83737568090227,87.65896606445312,357200.0
2019-05-07,86.90317864422921,87.49422547856398,86.37026514037458,87.02913665771484,445400.0
2019-05-08,87.15509468825108,87.37795144236189,86.1377244429696,86.21524047851562,347200.0
2019-05-09,85.39166715506833,86.515627778018,85.03316833649893,85.86644744873047,407000.0
2019-05-10,85.78891920888087,86.64157351763265,85.09128959611266,86.31214141845703,571600.0
2019-05-13,85.30444698318293,85.30444698318293,83.39565708153906,84.0835952758789,478200.0
2019-05-14,84.57776051871255,85.82767903581711,84.21925435118524,84.99440002441406,467900.0
2019-05-15,84.08359909436007,86.06021376993264,83.81230034538007,85.51761627197266,532000.0
2019-05-16,89.17046605140168,90.28473502220073,85.0137629537964,88.73445129394531,910100.0
2019-05-17,88.20153739308545,90.22660127910325,87.58142390462447,88.24029541015625,560000.0
2019-05-20,87.5717491638414,88.25968746458797,86.99039358217333,87.45548248291016,466100.0
2019-05-21,87.44579775039463,89.01546459286219,87.13574092387069,88.41472625732422,361800.0
2019-05-22,87.7074034354519,88.12404298076841,86.50593418081219,86.69003295898438,375800.0
2019-05-23,86.01175776782205,86.78690332717119,83.88011856811576,84.83935546875,512500.0
2019-05-24,85.36257127472449,86.00206742255858,83.66694695783362,84.86841583251953,462300.0
2019-05-28,84.89751107816672,86.4574864304673,84.6552789724348,85.37228393554688,429400.0
2019-05-29,84.7521426933095,84.92655004824488,83.48284923881774,84.29674530029297,510300.0
2019-05-30,87.43609317009786,89.00575977514143,83.08560690188273,84.54869079589844,1204000.0
2019-05-31,83.3859634399414,84.09328432024766,82.25231915330234,83.3859634399414,573700.0
2019-06-03,83.28907037480218,84.75215408269067,82.92088030594168,84.10297393798828,466600.0
2019-06-04,84.8296732244741,88.15309749524079,84.8296732244741,88.1240234375,381800.0
2019-06-05,88.06589464586922,88.51160078716532,86.93225028263763,87.6783218383789,382400.0
2019-06-06,87.88180502069963,88.20155317449252,86.29276299815804,86.89350128173828,303800.0
2019-06-07,87.54266280282964,87.62987018625,86.12802849510423,86.87410736083984,427200.0
2019-06-10,87.31012783133325,88.3371894417522,86.90317972822416,87.48453521728516,612400.0
2019-06-11,88.11435524456721,89.12204171548517,83.77355255386964,84.7618637084961,523300.0
2019-06-12,84.26770261931374,84.8975075464847,82.6302112871366,83.01778411865234,649000.0
2019-06-13,83.46347681266138,85.53698262532215,82.98870405168203,85.48854064941406,643200.0
2019-06-14,85.16882201461343,85.26571339227335,83.51195506191235,85.03317260742188,483500.0
2019-06-17,84.77152918112586,85.92455614592654,84.5389884746599,85.34320068359375,347500.0
2019-06-18,86.06021629845489,87.25200142916007,85.76953483467214,85.7889175415039,261300.0
2019-06-19,85.74047297146171,85.75985567937963,83.82199885846617,85.02346801757812,341200.0
2019-06-20,86.19719663289004,86.70161090908819,85.42116669944834,85.74127960205078,375900.0
2019-06-21,85.2756687844831,86.4009040632497,85.2756687844831,86.06139373779297,789000.0
2019-06-24,86.29421153464321,86.29421153464321,84.38324364106852,84.47055053710938,404500.0
2019-06-25,84.4608603536853,85.27569276468887,84.12134993275554,84.42205810546875,379700.0
2019-06-26,84.4899364304032,86.39120165373092,84.21832817003782,86.06139373779297,440000.0
2019-06-27,86.23601617587407,86.96354160919003,85.34358675385828,86.27481842041016,1216700.0
2019-06-28,86.5173209347369,90.2810495860551,86.14870333743777,89.92213439941406,823000.0
2019-07-01,88.34096762205641,89.73781850026259,85.41146914222924,85.45026397705078,663100.0
2019-07-02,85.45998600420984,85.47939082684486,84.06314220611596,85.46968841552734,469200.0
2019-07-03,85.70249479773213,87.02174151246419,85.36298440808154,86.7307357788086,282200.0
2019-07-05,86.20688949062797,87.22542033955176,86.11958261742357,86.7113037109375,269800.0
2019-07-08,86.22629976344516,86.22629976344516,84.52874069468447,84.91675567626953,306500.0
2019-07-09,84.78094447612314,85.26596131248452,84.1989257526434,84.32502746582031,318100.0
2019-07-10,84.6354685447294,85.01378122180739,82.30738540833025,82.4334945678711,586700.0
2019-07-11,81.29853052158447,81.95815380252263,80.44490344068765,81.47313690185547,730400.0
2019-07-12,81.32762286042252,83.05428908440189,81.12391666899813,82.80207824707031,901100.0
2019-07-15,83.37441446706303,84.3347533994941,81.97757062122342,83.9079360961914,458400.0
2019-07-16,84.25712588937515,85.42116334302972,84.04371729602556,84.08251953125,562400.0
2019-07-17,84.03402083499996,84.51903770848074,82.22006246467481,83.83031463623047,366200.0
2019-07-18,82.5304732026649,83.38410023814436,80.87171637873003,82.95728302001953,619700.0
2019-07-19,83.0833967965877,85.01376199442102,83.02518973582102,83.43260955810547,383800.0
2019-07-22,83.74302298497001,84.68395699166396,82.65658242246663,82.67598724365234,494800.0
2019-07-23,82.86027760088119,85.02345602709651,82.86027760088119,85.0040512084961,481500.0
2019-07-24,84.68394261527246,87.70074793043759,84.68394261527246,87.5067367553711,562400.0
2019-07-25,87.67165506235263,88.56409181228143,85.74128980909828,85.85769653320312,385700.0
2019-07-26,86.08078799645244,87.27393269728586,85.73157527429484,86.53670501708984,306300.0
2019-07-29,85.79947395968384,85.97408031388984,83.73330493555405,84.87794494628906,383600.0
2019-07-30,84.7033448677806,87.84625207557815,84.23772542181021,87.56494140625,570200.0
2019-07-31,80.88141147047122,84.3832339026197,80.06658667223898,80.29939270019531,1764300.0
2019-08-01,79.64947931581135,80.91052627004096,77.70941163285556,78.86375427246094,801900.0
2019-08-02,78.5145414736664,79.88228534133474,77.94221765896707,79.49427032470703,412000.0
2019-08-05,78.37873791609876,80.89112203124724,77.67060995038173,80.23149871826172,577000.0
2019-08-06,80.23148402334944,81.93874535616385,79.6106630661023,81.84174346923828,457800.0
2019-08-07,81.05603021696473,82.48198123235024,80.49341618023664,82.21037292480469,402700.0
2019-08-08,82.60808348393955,85.2950739031576,82.60808348393955,84.38323974609375,520900.0
2019-08-09,84.2086253115988,84.2086253115988,81.78354099873607,81.79324340820312,438900.0
2019-08-12,81.51193419148895,81.82234469303278,80.3381942512523,81.24032592773438,337400.0
2019-08-13,81.3761358608827,82.67598501679262,80.82321688431634,81.5119400024414,425500.0
2019-08-14,80.52249021685721,81.03660683440458,79.61065627583721,79.85316467285156,311800.0
2019-08-15,80.02778083467969,80.5613023338855,77.88400723010975,78.0101089477539,433700.0
2019-08-16,78.07799960600727,80.56129056592785,77.88399585323683,78.79582977294922,355600.0
2019-08-19,79.54278223775191,79.54278223775191,77.91312493977685,77.9519271850586,497600.0
2019-08-20,77.91310817487529,78.48543191866703,76.95277686329858,77.00127410888672,289300.0
2019-08-21,77.86460344281325,77.86460344281325,76.73936817608947,77.3504867553711,422700.0
2019-08-22,77.10797147719502,78.330215927977,76.91396771074614,78.08770751953125,423600.0
2019-08-23,78.12651042157073,81.10451340673909,78.11680801293446,79.3487548828125,796200.0
2019-08-26,79.95987848818935,80.23148674108916,78.46602569647057,79.23235321044922,623000.0
2019-08-27,79.70767231779992,80.17329177914203,78.60183442297894,79.00924682617188,617800.0
2019-08-28,78.84434903269542,79.92108718308225,78.05862399351562,79.38756561279297,351500.0
2019-08-29,80.17328234878107,81.58953058432087,80.17328234878107,81.13361358642578,439900.0
2019-08-30,81.59925033114551,82.09396226733249,80.58071182577993,81.66715240478516,470000.0
2019-09-03,80.96872207045173,81.93875586566352,79.04805189959335,81.71564483642578,485800.0
2019-09-04,82.45286247089201,83.03488119641497,81.41492673346568,81.77384185791016,346300.0
2019-09-05,81.99694658614106,82.74387667145822,81.10451736802031,81.57012939453125,338400.0
2019-09-06,81.65743910723765,82.92818091626235,81.36642602999734,82.49166870117188,453000.0
2019-09-09,82.63718213603681,82.94759265730488,81.50223696070206,82.1036605834961,404300.0
2019-09-10,82.28796178363218,84.5869369506836,81.3858301330461,84.5869369506836,518400.0
2019-09-11,84.84885921504532,86.03230165671665,83.5684148717619,85.71218872070312,406300.0
2019-09-12,86.17779154829789,86.32329808546561,84.08252257570048,84.13102722167969,373900.0
2019-09-13,84.60633686251154,85.20775299417546,83.76240491549893,84.00491333007812,441900.0
2019-09-16,83.66540313143703,87.15752282546485,83.30648801314689,87.01201629638672,601500.0
2019-09-17,86.34272402583836,87.11874674595165,84.75186893871866,85.73159790039062,307000.0
2019-09-18,85.59576744402315,87.19632445116926,84.5384343149249,86.79861450195312,506800.0
2019-09-19,86.60461661278283,88.76779524644157,86.32330592225865,88.04996490478516,720800.0
2019-09-20,88.66109093621617,89.13640542672985,87.81715886464364,88.04996490478516,1173700.0
2019-09-23,87.47766042234822,89.4759279571864,87.47766042234822,88.06938171386719,405300.0
2019-09-24,87.91415180598662,89.01029462646252,87.15752670205059,87.27393341064453,432200.0
2019-09-25,87.20604718993306,88.61259335397587,86.25541073230806,88.46708679199219,315800.0
2019-09-26,88.13727391554288,88.58348858686928,86.7889274910996,88.2342758178711,267900.0
2019-09-27,88.42826448175866,88.9035788625425,86.33298840188323,86.48819732666016,260600.0
2019-09-30,86.7210153547005,88.39916953245017,86.54640899046592,87.31273651123047,253400.0
2019-10-01,87.6619541000016,88.71928735259964,86.22630086994492,86.39120483398438,309700.0
2019-10-02,85.80919005570605,85.92559677733433,84.14073071622063,84.80035400390625,288000.0
2019-10-03,84.55756810399231,85.79091860375478,83.07171790951813,84.90718078613281,279700.0
2019-10-04,84.84891612297046,86.4998591690533,84.83920260126519,86.4707260131836,243400.0
2019-10-07,86.14053800718611,87.38360953470446,85.25680012060872,86.59697723388672,353800.0
2019-10-08,85.75207355353022,87.27677032200792,85.44130756916678,85.9268798828125,204100.0
2019-10-09,87.03398363333214,88.15079402049618,86.19879866622558,87.99541473388672,242700.0
2019-10-10,88.38386552295997,88.64607128531905,87.26704783447848,87.6749267578125,175000.0
2019-10-11,88.81117786096615,90.11251558261,87.67494036564928,87.84974670410156,240600.0
2019-10-14,87.59726336926244,88.34504906030766,86.97573125187921,88.0051498413086,158900.0
2019-10-15,88.65580264377779,88.6752222781677,87.51956509618944,88.09253692626953,311400.0
2019-10-16,88.17992335160689,88.85972153627401,87.51954479682544,88.78202819824219,232400.0
2019-10-17,89.19963242103186,90.51067618435303,88.95684626451886,89.84059143066406,286500.0
2019-10-18,89.60751590381224,90.05424897445673,88.76262477846421,89.75318908691406,259300.0
2019-10-21,90.31644545210169,91.76344879389619,90.31644545210169,91.28759002685547,367900.0
2019-10-22,91.39442621541784,93.39498188061596,90.69520086196137,92.68605041503906,243400.0
2019-10-23,93.19104844163202,93.66690729005327,91.82173820985962,92.04509735107422,354600.0
2019-10-24,92.24903658863985,92.75403600158114,91.38471836455386,91.93827056884766,172800.0
2019-10-25,91.66634444702956,94.29814560324027,91.31673177446876,92.25874328613281,337700.0
2019-10-28,92.02566938943032,92.78316103326272,89.97655357893723,91.18077087402344,446600.0
2019-10-29,92.09365131014466,93.06479598516233,89.5006968060665,89.75318908691406,533400.0
2019-10-30,89.3938712008952,89.70463720366608,87.62638817090222,88.9859848022461,479900.0
2019-10-31,93.0551088589373,93.56010097311949,88.28679100487338,88.70437622070312,651100.0
2019-11-01,89.60753129031052,93.142505330871,89.5881116535438,91.97712707519531,526100.0
2019-11-04,92.25875037953783,93.45326167083604,91.26818600395225,92.04509735107422,531200.0
2019-11-05,92.38498970532707,92.99681558878517,89.74348242910804,90.35530090332031,405400.0
2019-11-06,89.8017568501575,90.65636156884494,88.42273307366872,90.56896209716797,548500.0
2019-11-07,91.01569041545638,91.80231532017265,90.39415834593422,90.5495376586914,391300.0
2019-11-08,90.04455347203833,90.1805131610082,89.12196140060306,89.35504150390625,272300.0
2019-11-11,88.8209146581497,89.70466010337071,88.8209146581497,89.15110778808594,415700.0
2019-11-12,89.66579133831375,91.42356086277117,89.41329164338886,90.12223052978516,750100.0
2019-11-13,89.15108311166603,90.04453442425455,85.99486295392207,89.8697280883789,610700.0
2019-11-14,89.83089300949996,91.4138563487169,89.75319964813738,91.03511047363281,330300.0
2019-11-15,91.37499528519821,91.37499528519821,89.86972554428009,89.9959716796875,237600.0
2019-11-18,89.64636924661276,91.26818660552809,89.37444990286546,90.52040100097656,413300.0
2019-11-19,90.72432144663968,91.11278074576487,89.481257616835,90.11250305175781,255800.0
2019-11-20,89.74348344963308,91.85086562735209,89.68520973053651,90.23876190185547,362400.0
2019-11-21,90.34558780045231,90.53010765939688,88.91800394476638,89.10252380371094,230800.0
2019-11-22,89.30646896941674,89.61723498834407,87.67494551773672,87.7040786743164,166600.0
2019-11-25,87.50014360735409,88.66552179437873,87.50014360735409,88.43244171142578,337500.0
2019-11-26,88.4712774013737,89.88914772158918,87.73320538220476,89.8697280883789,448000.0
2019-11-27,90.12223075988287,91.8994199226815,89.3841587162735,91.4235610961914,407100.0
2019-11-29,91.26818740279907,91.73433273636748,89.07339818027889,89.37445068359375,141200.0
2019-12-02,89.23847220693179,89.23847220693179,87.95656169586262,88.25761413574219,269000.0
2019-12-03,87.58754417406637,88.64608835646163,87.2185044406289,88.31590270996094,443600.0
2019-12-04,88.23818804513392,90.29701701005243,87.96626877621428,88.95683288574219,283500.0
2019-12-05,89.05396251236058,89.59780856118853,88.5004103515728,89.49098205566406,218600.0
2019-12-06,90.14164485700101,90.32616470888117,89.59780623155918,89.9959716796875,296000.0
2019-12-09,89.76263134835382,89.76263134835382,87.75990761177857,88.5571060180664,358900.0
2019-12-10,88.07103445565822,88.07103445565822,86.35025466054194,87.0599594116211,273100.0
2019-12-11,87.18634243842179,87.8279865053315,86.398867814453,87.5849380493164,305600.0
2019-12-12,87.68216636828096,88.71268948355608,87.35161659981033,87.87660217285156,216400.0
2019-12-13,88.00298376559404,89.17934484762762,86.98218467660885,87.72105407714844,436000.0
2019-12-16,88.06132322430588,88.94601579606363,87.69188480373066,87.92521667480469,281000.0
2019-12-17,88.50852873647911,89.42239332633959,88.31408551669475,88.44047546386719,513300.0
2019-12-18,88.56683894283391,88.84877598793804,87.71131121156017,88.16824340820312,213300.0
2019-12-19,88.05157034986584,88.34323138449138,87.37103782540387,87.42936706542969,281400.0
2019-12-20,87.69188088029006,88.12937255604197,87.05023680667102,87.56549835205078,627700.0
2019-12-23,87.67242743703586,87.67242743703586,86.34051940885016,86.96272277832031,217300.0
2019-12-24,87.05025308666767,88.13911305484778,86.70026264751162,87.80856323242188,130700.0
2019-12-26,87.84743616801028,89.17934440193493,87.84743616801028,88.722412109375,388500.0
2019-12-27,88.88768908280159,89.6946118045635,88.5571392979379,88.6738052368164,313100.0
2019-12-30,88.53768982127217,88.63490771864784,86.79746201442218,87.07939910888672,190900.0
2019-12-31,86.74886160124066,88.4502008603563,86.74886160124066,88.13909912109375,340300.0
2020-01-02,88.79047117569492,88.79047117569492,87.8182772701266,88.6738052368164,309200.0
2020-01-03,87.83771007829554,88.5863034727143,87.83771007829554,88.41130828857422,246300.0
2020-01-06,88.0904668363166,88.49878638739895,87.72103592113478,88.14879608154297,209600.0
2020-01-07,88.13908430341272,88.87794617416444,87.546045553698,87.94464111328125,226300.0
2020-01-08,88.09048162219884,88.69324445395692,87.79882051261424,88.34325408935547,166000.0
2020-01-09,88.53769522621046,89.14045809433654,88.14881619571784,88.66407775878906,183800.0
2020-01-10,88.62519049343713,88.65435512071831,86.7391321452536,88.4501953125,163000.0
2020-01-13,88.30436148931585,88.43074400860492,87.2057777874002,87.98353576660156,313800.0
2020-01-14,87.73075529769788,87.73075529769788,86.70023237404341,87.089111328125,229900.0
2020-01-15,86.99190345533812,88.48907536239251,86.86551351579783,88.20714569091797,189100.0
2020-01-16,88.61546952787499,89.58766336270138,88.54741625612715,89.54877471923828,253700.0
2020-01-17,89.62654907204679,91.14316903120603,89.60710104232675,90.60845947265625,368400.0
2020-01-21,90.21958995722686,91.42510822380201,90.21958995722686,90.83206939697266,247600.0
2020-01-22,91.38620609109357,91.90146755569837,90.76400272810861,90.88066864013672,280300.0
2020-01-23,90.62789701257068,91.76536185028326,89.65570332209857,91.49314880371094,272500.0
2020-01-24,91.63897571149766,91.63897571149766,89.16960294542464,89.67514038085938,257100.0
2020-01-27,89.29599132588335,90.67650462238207,88.85850712060892,88.99461364746094,333600.0
2020-01-28,89.37378707281961,91.33761552126859,88.64464163518123,90.90013122558594,233500.0
2020-01-29,90.88066691697108,91.19176859256484,89.1015507328338,89.19876861572266,176500.0
2020-01-30,88.38213071575552,89.82097320372075,87.7696439523488,89.52931213378906,162600.0
2020-01-31,88.88767540749069,89.35433167395911,87.7502104931142,88.63490295410156,277600.0
2020-02-03,89.03351571031588,90.90012614622661,88.8876851474868,90.29736328125,353900.0
2020-02-04,91.27927500769434,91.8625898024491,84.15309269548622,85.74748992919922,788600.0
2020-02-05,86.89467036101395,89.60709167799273,86.54468003512964,89.29598999023438,597800.0
2020-02-06,89.1696154715097,89.9376494545251,84.8044674378019,85.135009765625,483800.0
2020-02-07,84.77528083351118,85.33915491415817,83.78364660310497,83.93919372558594,386000.0
2020-02-10,83.53087653516043,84.88222511378083,82.1114746978055,84.25030517578125,456600.0
2020-02-11,84.79473861668474,86.4377483997044,84.58085480856981,85.33916473388672,292300.0
2020-02-12,86.03915306358668,86.25303689073077,84.23087196514145,84.6197509765625,298200.0
2020-02-13,84.60029700291233,85.34889034532424,84.12392414144546,85.21278381347656,276400.0
2020-02-14,85.18361609491208,86.1752504219774,84.66834719476847,86.09747314453125,357300.0
2020-02-18,86.22387694853914,87.94465683973276,85.88360315927291,87.6627197265625,391300.0
2020-02-19,88.16825750914002,88.73212427227986,87.19606371560577,88.01270294189453,314900.0
2020-02-20,87.76965767495413,88.79046416206691,86.45719748955933,86.58358001708984,342900.0
2020-02-21,86.61274719139111,88.25575718383959,85.28084635385639,87.87660217285156,358300.0
2020-02-24,85.45584017732358,87.8279881075757,85.16417905788461,87.37106323242188,337300.0
2020-02-25,87.53634039304335,87.53634039304335,83.13230317522253,83.2684097290039,318800.0
2020-02-26,83.35588587325398,83.77392946150607,81.01290291007315,82.23786163330078,336000.0
2020-02-27,80.7990199833433,81.48927662867072,79.14629364013672,79.14629364013672,386500.0
2020-02-28,76.99774142721574,77.37689639335225,74.53809244583033,76.7352523803711,410800.0
2020-03-02,77.07551408235405,79.48655768231355,76.29776358548747,79.3796157836914,378800.0
2020-03-03,79.72962561136444,82.218439677893,78.65048976468194,79.28241729736328,304900.0
2020-03-04,80.40042498524676,83.29756579777754,79.66156303130613,83.20034790039062,342500.0
2020-03-05,81.44066645861432,81.93648734358942,78.70880441862825,79.80738067626953,291600.0
2020-03-06,77.44496333519092,77.96994147131039,73.92561903323119,75.68528747558594,583000.0
2020-03-09,70.97986189366746,72.71036543877956,63.5036902009931,65.28280639648438,646700.0
2020-03-10,67.47997518277529,68.1410598458674,62.910659874829406,67.96607208251953,504800.0
2020-03-11,65.95361044451671,66.4883198928819,61.03431318855117,61.850955963134766,416500.0
2020-03-12,57.77748988579034,58.17608927861191,51.99293482713524,52.00265884399414,475600.0
2020-03-13,54.80255472991787,63.31896942827382,53.03316259271807,63.056480407714844,736800.0
2020-03-16,54.442852034913386,55.67753858859731,51.20544494626873,51.6429328918457,572400.0
2020-03-17,52.46929588765748,55.85252956452586,49.902705078214204,52.731788635253906,697200.0
2020-03-18,48.61941146850586,52.44013349053445,41.94044094125268,48.61941146850586,993200.0
2020-03-19,48.35691274340938,52.26512786881653,45.70282087236701,50.57351303100586,581800.0
2020-03-20,50.79711713462795,51.80819939924351,42.79596400994062,43.86537551879883,774200.0
2020-03-23,43.66121539610964,44.58480007832063,40.666860970176124,41.96959686279297,630500.0
2020-03-24,44.45842143087937,51.11795109646575,44.45842143087937,49.115230560302734,635800.0
2020-03-25,49.30966193148127,54.77338907495397,47.297221420963545,51.9345817565918,749000.0
2020-03-26,52.60539820747132,56.03724055384296,52.60539820747132,54.46228790283203,366200.0
2020-03-27,51.89569705065448,53.548426964743676,50.57351311938312,50.933223724365234,394500.0
2020-03-30,51.02073245815323,53.19844829923075,50.15548053088087,53.013729095458984,348100.0
2020-03-31,52.91650426431481,57.67053094269097,52.37207444819081,56.795555114746094,698500.0
2020-04-01,54.394241023873185,54.87061388427746,51.23461133813625,52.68317794799805,362000.0
2020-04-02,52.790119601700916,54.40396106974795,50.79712316655621,52.508182525634766,358800.0
2020-04-03,53.033165229951656,53.052609548853404,47.151394126971844,48.502742767333984,364500.0
2020-04-06,50.85545554421622,54.00536116452878,50.68046037546277,53.24705123901367,433900.0
2020-04-07,56.134466461712215,58.64272430567606,55.181713362076096,55.35670852661133,544300.0
2020-04-08,56.124754275403326,58.331634907782835,55.39560883905604,57.60248947143555,386200.0
2020-04-09,59.189838656500626,64.66280776640768,58.206264472631936,64.14667510986328,729900.0
2020-04-13,64.75045055623569,64.75045055623569,60.56295022631231,61.84841537475586,398500.0
2020-04-14,63.192306749516476,64.2245719907931,59.9299530250866,60.87457275390625,262900.0
2020-04-15,58.19651917631772,59.550156231352574,55.148410904957125,57.76803207397461,468300.0
2020-04-16,57.71935015915562,59.248274765793724,53.570800250588356,54.36935043334961,449500.0
2020-04-17,56.2098920027989,56.38518301978475,53.95058968930863,55.27500534057617,464400.0
2020-04-20,53.950584108846684,54.047966346035004,52.09055514535368,52.148983001708984,503400.0
2020-04-21,50.33765316307445,50.69797567074825,49.37355623092895,50.01628875732422,392500.0
2020-04-22,51.68155700402267,51.70103420025338,49.70466802279737,50.46426010131836,326400.0
2020-04-23,52.343760435867615,52.58721978673212,50.86352713682407,51.67181396484375,973200.0
2020-04-24,51.82762830630416,52.48983804430608,50.785622571632445,51.223846435546875,504100.0
2020-04-27,52.03213339907026,54.788091352751,51.808151239328325,54.194053649902344,525800.0
2020-04-28,55.9177506678385,58.15758001797279,55.9177506678385,57.41746139526367,336000.0
2020-04-29,59.58910992263857,61.50757081367985,59.228791120249895,61.11803436279297,441700.0
2020-04-30,59.44303600761166,60.01760022433429,57.58300671532229,59.413818359375,364000.0
2020-05-01,57.953058450828486,57.953058450828486,55.87878759199753,57.144775390625,339300.0
2020-05-04,56.05409104615525,57.83621184142648,55.703508931703084,57.41746139526367,226300.0
2020-05-05,58.23547544049291,59.82283143349054,57.09608747222668,57.70960235595703,315100.0
2020-05-06,58.147829149816104,58.459456814661785,54.56410728919598,54.60306167602539,386400.0
2020-05-07,55.645063255531234,57.26163304027213,54.924425727035334,55.0023307800293,277500.0
2020-05-08,56.9207836323433,58.11860291202939,56.21961967744647,57.60247039794922,405100.0
2020-05-11,56.47282902845387,56.47282902845387,53.55131700600689,54.35960006713867,416700.0
2020-05-12,54.86600269589781,55.57690359656994,53.55132360963616,54.03824234008789,322200.0
2020-05-13,53.424708608068066,53.68764509402478,50.211046637864946,50.57136535644531,498700.0
2020-05-14,49.52937398973532,52.480100315477664,47.29928530666705,52.119781494140625,399100.0
2020-05-15,51.545216617606734,52.92806401592299,50.892743593197814,51.98344421386719,442500.0
2020-05-18,55.10946439276928,58.40103619005793,54.21353195908631,57.90437698364258,615400.0
2020-05-19,61.81919516436463,64.27326575724688,58.3912872115241,58.63474655151367,693900.0
2020-05-20,61.56599954089979,64.17588398209196,60.82588106151378,61.08881759643555,714000.0
2020-05-21,60.98169430015822,65.22762948908847,60.98169430015822,64.32196044921875,851700.0
2020-05-22,65.23735588749894,65.85087811561546,63.35784968079954,64.12718200683594,341400.0
2020-05-26,66.70784999319002,67.63299238614373,66.12354914344094,66.55203247070312,537900.0
2020-05-27,68.54842402400052,69.85337019447618,65.9969669878585,67.21426391601562,489600.0
2020-05-28,68.20759566053563,68.20759566053563,65.51980143909826,66.20149230957031,384800.0
2020-05-29,65.56848432565347,66.47415354850274,64.38040132043282,65.01339721679688,526500.0
2020-06-01,65.00364941458872,66.35728286794001,64.87705322153941,65.31527709960938,337800.0
2020-06-02,65.93851944232924,67.84723956470309,65.93851944232924,67.75959777832031,370600.0
2020-06-03,69.17168878842082,71.20701339036566,68.88927497141452,70.66165924072266,311900.0
2020-06-04,70.00917298087043,71.81077075926379,69.23010005680248,71.65496063232422,396400.0
2020-06-05,75.14130767062696,77.01107395228158,74.38170815327592,74.55699920654297,584700.0
2020-06-08,75.67690399823405,76.72865018083017,73.78765705132506,74.54725646972656,359900.0
2020-06-09,73.14492819839973,74.20640740521178,72.06396808277492,72.27821350097656,386400.0
2020-06-10,72.25872389386738,72.54113759933797,70.00916213312546,70.73954010009766,588400.0
2020-06-11,66.60073934126402,67.95437273592236,63.36759946319097,63.601318359375,578900.0
2020-06-12,66.67867094525792,67.11689495436073,63.007298521364476,64.79916381835938,435700.0
2020-06-15,62.130832407579405,67.06819200198105,61.74129963243784,66.9708023071289,414800.0
2020-06-16,70.7395457357811,73.93373111038123,70.72980528177125,73.46629333496094,776700.0
2020-06-17,74.21615098187004,74.21615098187004,70.61295539806183,71.09013366699219,468600.0
2020-06-18,70.1941942443,72.49245086266085,69.94099446640222,71.1095962524414,453600.0
2020-06-19,71.6939147059999,72.23926129257352,68.1491470336914,68.1491470336914,627000.0
2020-06-22,67.37007188088774,68.56789515647031,66.03591196317898,67.90568542480469,416700.0
2020-06-23,69.19115822014477,69.7949327226988,68.19783979692589,69.07429504394531,357700.0
2020-06-24,67.93489577934879,68.24652343490496,66.2404134368346,66.28910827636719,414800.0
2020-06-25,65.48081528505816,68.87951267206165,65.15945463588282,68.5289306640625,575200.0
2020-06-26,67.84725067063454,68.10045047794546,65.3444888204711,67.10713958740234,1283200.0
2020-06-29,67.90568792425638,69.65859085745174,66.81498731731102,68.68475341796875,298300.0
2020-06-30,68.5971189836238,68.81136443209137,67.35060811594803,68.38287353515625,325800.0
2020-07-01,68.48998141835325,68.67500545938094,66.16251078668581,66.48387145996094,390600.0
2020-07-02,68.42182023096294,71.13882756489804,67.77908395786882,68.85030364990234,320000.0
2020-07-06,70.35001484727893,71.30437881114109,69.37617740365185,70.78824615478516,355700.0
2020-07-07,70.12603648383684,70.29158706631137,69.20088645335731,69.68780517578125,269400.0
2020-07-08,69.23983813971134,70.02865149150134,68.97690530897454,69.54173278808594,325000.0
2020-07-09,68.86005383372732,69.70729519620508,67.09741020570542,67.62328338623047,332600.0
2020-07-10,67.19476385990572,69.1326977227711,67.19476385990572,69.06452941894531,213600.0
2020-07-13,69.9020506717947,71.18751580307817,68.32443876464095,69.22036743164062,293700.0
2020-07-14,69.6391341410017,70.73956803778478,68.72372435000139,70.66165924072266,292800.0
2020-07-15,72.46324271506609,73.03780320061192,70.68111853382166,72.03475189208984,440700.0
2020-07-16,71.8886859133829,73.70976476277261,71.85947197635265,73.25205993652344,264100.0
2020-07-17,73.64159044681226,74.82966589161173,73.52472727840029,74.29405975341797,212800.0
2020-07-20,74.07006807135078,74.14797684419143,73.0085889031075,73.53446197509766,169400.0
2020-07-21,74.19667733663624,76.65074442974071,73.75844602836717,75.8619384765625,399100.0
2020-07-22,76.59231049706379,77.42007077409941,75.3457998544987,75.96905517578125,357100.0
2020-07-23,75.59898786501962,77.61483080391294,75.59898786501962,76.88445281982422,324100.0
2020-07-24,76.8065574793336,77.90699105323628,76.36832619678536,77.64405822753906,251800.0
2020-07-27,77.55640935741465,80.28315702879102,77.04027672806883,80.2149887084961,354600.0
2020-07-28,79.4554136626603,79.84495022511807,77.01108640707692,77.21559143066406,713600.0
2020-07-29,77.90699705666873,79.14376736583564,77.29348212957194,78.93926239013672,319700.0
2020-07-30,79.06585949777828,80.82850278335245,78.36469539330093,79.6112060546875,559000.0
2020-07-31,79.35801902520848,79.52357705358888,75.93985461050913,78.13098907470703,445100.0
2020-08-03,78.91979274745988,80.76034504803744,78.24784248763963,80.2247314453125,419800.0
2020-08-04,79.95204923126447,81.023268887681,79.85466697700656,80.1857681274414,774000.0
2020-08-05,81.42253777856003,82.16265621172926,80.33183732072058,81.45175170898438,304700.0
2020-08-06,81.23750413726084,82.1626540113939,79.85465698242187,80.3415756225586,320700.0
2020-08-07,79.84493185368493,82.05554706486434,79.84493185368493,81.7439193725586,234700.0
2020-08-10,82.02630979973692,83.07804831851502,81.87049228300646,82.54244232177734,294800.0
2020-08-11,83.90583054142654,84.947836219901,82.15292032072676,82.17239379882812,268100.0
2020-08-12,83.20468233547645,83.3604924793971,80.71165316462861,81.77313995361328,230700.0
2020-08-13,81.32515683587987,82.55218651208105,80.84797119867915,81.49070739746094,179000.0
2020-08-14,80.82851382713908,83.15598489597103,80.18577750028642,82.39639282226562,167500.0
2020-08-17,82.61063372767387,83.21440819936288,81.841301240718,82.1431884765625,222000.0
2020-08-18,82.38662587971402,83.13648468663145,81.00377883473963,81.01351928710938,165900.0
2020-08-19,81.18883818144604,81.71471134330557,80.31238291168016,80.46819305419922,158900.0
2020-08-20,79.28010559082031,80.39027962250216,78.90030217281262,79.28010559082031,248800.0
2020-08-21,78.53997696390235,79.92282409803367,78.12122664246385,79.66962432861328,346200.0
2020-08-24,80.60452305770733,81.81208685399993,79.64042605548791,80.43897247314453,275200.0
2020-08-25,80.61425651049997,81.23751183454554,78.73475008429675,80.57530212402344,223100.0
2020-08-26,80.56555605669455,81.23749868271041,79.94229340376172,81.21802520751953,265500.0
2020-08-27,81.55887618098393,82.55218698596151,80.48765660665423,80.9258804321289,282100.0
2020-08-28,81.31542811938904,82.2016237765703,80.14682613629594,82.1431884765625,372800.0
2020-08-31,82.06527748973028,82.06527748973028,79.57225603027928,79.63068389892578,260400.0
2020-09-01,79.23140129243791,81.40305425511733,78.55945119512111,81.14012145996094,197900.0
2020-09-02,81.33489116715876,83.66236923942641,80.3026259668364,83.33126068115234,160400.0
2020-09-03,83.10727512802865,83.86687449515401,79.71832534148473,80.263671875,291800.0
2020-09-04,81.7536374934859,82.17238782522328,78.7152699048694,79.84491729736328,264700.0
2020-09-08,78.96848043766103,79.1048245250175,76.34886257746761,76.7870864868164,250300.0
2020-09-09,77.44927073526065,78.75421643677635,76.19301986528805,78.67630767822266,334400.0
2020-09-10,78.84188060312637,79.91310033312892,78.71528440687369,79.24115753173828,307200.0
2020-09-11,79.630696553717,82.42561311484893,78.71529427035736,80.95511627197266,280600.0
2020-09-14,81.91920491885163,83.98373545572093,81.3056826006169,83.78897094726562,160300.0
2020-09-15,84.2369349393784,85.3763229120563,83.37996070373677,83.7208023071289,205300.0
2020-09-16,84.40248379039795,86.88577207686951,83.46760079884584,85.64899444580078,197800.0
2020-09-17,84.4414227687971,86.7786335360936,83.26308064769668,86.44752502441406,302700.0
2020-09-18,86.08724387173477,87.20715857877492,82.4256124772471,83.6234359741211,553200.0
2020-09-21,81.46149542840861,83.07806155827703,79.29957533286121,83.00016021728516,493300.0
2020-09-22,83.4383890141299,85.4639725961967,83.4383890141299,84.4901351928711,462200.0
2020-09-23,84.28564392761231,86.0677610186826,80.99406821436871,81.11093139648438,315200.0
2020-09-24,81.38358865421412,81.57835315615594,76.18330066851468,78.70553588867188,615700.0
2020-09-25,77.91673171505623,79.84492558807901,77.80960900768946,79.74754333496094,392500.0
2020-09-28,81.28620455125868,83.49681206006989,81.07195914613024,82.60088348388672,275900.0
2020-09-29,82.30873173893319,83.08780461154035,81.00379322157417,82.21134948730469,246900.0
2020-09-30,82.56192750131919,85.23998015404075,82.47428570807438,84.06163787841797,376600.0
2020-10-01,84.05190485352254,86.11644284663221,83.75001763261216,84.69464111328125,266100.0
2020-10-02,82.63983661978165,86.9539362993974,82.37689637935826,85.4639663696289,751900.0
2020-10-05,87.10001079729426,89.21323596261185,85.69768270280676,86.95393371582031,797000.0
2020-10-06,88.404965731578,90.53767220203397,86.63258180542717,86.92473602294922,550400.0
2020-10-07,88.52182198047339,90.47923725326751,87.73300862678005,88.93083190917969,321500.0
2020-10-08,90.62530129805805,92.5048076783561,90.41105589256459,91.37516021728516,236100.0
2020-10-09,91.89131037411309,92.18346460645668,89.33012033242521,90.91747283935547,295600.0
2020-10-12,91.94000454017797,92.31980058153046,90.58636354150718,91.01485443115234,258600.0
2020-10-13,90.02152638937093,90.45975022192651,87.14870176885215,87.70378875732422,269500.0
2020-10-14,87.99596277899417,89.51514699960175,86.75918491341463,89.35933685302734,299800.0
2020-10-15,87.90830232623154,90.03126823988308,87.55772768369084,89.70990753173828,150100.0
2020-10-16,90.35262363829561,91.49201149782424,89.94361375484262,90.48896026611328,145800.0
2020-10-19,91.19011741383007,91.44331717339055,87.92776418676432,88.89186096191406,208500.0
2020-10-20,90.08969303344787,90.08969303344787,87.38242645819255,87.59666442871094,530200.0
2020-10-21,87.42137211544441,88.73605842876596,86.82733819130287,87.09027099609375,260500.0
2020-10-22,86.67154057820638,88.49261944260797,86.67154057820638,87.64537811279297,565600.0
2020-10-23,88.69710507804452,89.04768710837585,87.53823628723876,88.86265563964844,503600.0
2020-10-26,87.21687384978053,88.09332898250689,85.70743036044198,86.88577270507812,380200.0
2020-10-27,87.04158024151549,87.04158024151549,84.9088814832267,85.00626373291016,244600.0
2020-10-28,83.56498827905672,83.75001977003495,80.7116442850488,80.7992935180664,366100.0
2020-10-29,81.51019184434506,86.40860047396846,80.92589085850193,83.5747299194336,443400.0
2020-10-30,84.12981209928263,86.74943707371267,82.38664226776503,83.01963806152344,484900.0
2020-11-02,84.64593707659715,88.06410810997201,84.64593707659715,86.38910675048828,228700.0
2020-11-03,88.39521814343672,90.4208017326686,87.38243377861058,89.79754638671875,364500.0
2020-11-04,87.1584616487542,87.39218058288984,82.47430536114196,86.01907348632812,579100.0
2020-11-05,87.68432322431917,90.24551299445393,87.29478676575903,87.77196502685547,328800.0
2020-11-06,87.97646991990725,88.86266554811088,85.94115325611818,86.83708190917969,318900.0
2020-11-09,94.64724620603056,95.2315470793392,85.04521017437004,85.40552520751953,439400.0
2020-11-10,86.34043190205347,89.11586714919831,86.06775117497054,87.41165161132812,356400.0
2020-11-11,87.64535445388441,87.64535445388441,85.23997520399494,86.17485809326172,431400.0
2020-11-12,85.58081553138713,86.02877977835153,83.78895854352952,84.80175018310547,347400.0
2020-11-13,85.1620875698133,87.84988118697768,85.06470530443724,85.6003189086914,315400.0
2020-11-16,87.93751507918388,88.30757059494437,86.24303275225334,87.4700698852539,656800.0
2020-11-17,86.36966657028394,87.60643715983818,85.65876179186546,86.76893615722656,468400.0
2020-11-18,87.77197490708214,89.49567151556037,86.67154116033295,88.71659851074219,579800.0
2020-11-19,89.904678916798,90.75192022796294,88.82371868281847,90.27473449707031,524100.0
2020-11-20,91.56993674427785,91.74522778727344,89.5638339198319,90.22604370117188,375000.0
2020-11-23,90.85903321934968,92.51455384251027,90.7324296011313,91.66731262207031,469100.0
2020-11-24,92.72878227648897,95.19258928087488,92.61191913410575,93.76104736328125,582400.0
2020-11-25,93.1865015689172,93.28388382127193,91.151177574692,91.82312774658203,183500.0
2020-11-27,91.68680019165295,92.14450499583816,89.61252160500847,90.5279312133789,83700.0
2020-11-30,89.96308450756592,90.6739889851929,88.4731146702561,88.60945129394531,226100.0
2020-12-01,90.11892222721077,93.01122076163144,89.59304909097152,92.60220336914062,506400.0
2020-12-02,91.78416880329745,92.44637848814145,90.89797326234608,91.5699234008789,349500.0
2020-12-03,91.6380850911033,94.41351980859534,90.76163006721406,93.7415771484375,259500.0
2020-12-04,94.462219372296,95.18285690366125,93.2838771149998,93.8292236328125,213700.0
2020-12-07,93.22544513485204,94.70567451628226,92.31977617647651,94.51091003417969,258400.0
2020-12-08,93.45917709685901,95.49449371028184,93.28388606648562,95.03678894042969,291300.0
2020-12-09,94.87123174406231,95.46527311499646,93.42995664360416,94.54013061523438,341400.0
2020-12-10,93.9266067137974,95.12442988869442,92.82617321490972,94.6667251586914,275500.0
2020-12-11,94.10189873368297,96.45859072419472,93.87792030796389,95.97167205810547,296900.0
2020-12-14,97.36426306552913,97.36426306552913,94.58882063020123,94.6180419921875,420300.0
2020-12-15,94.94916222696813,96.64363750329255,94.8907343508231,95.90352630615234,431900.0
2020-12-16,96.64362329211126,96.64362329211126,94.59856620005483,95.47502136230469,307200.0
2020-12-17,96.11774540647562,97.5395545042897,95.92298090447372,97.42269134521484,278700.0
2020-12-18,98.06541345104809,98.35756761389605,96.40989300768028,97.39347076416016,562800.0
2020-12-21,95.39711058884527,97.46164854673096,94.54986937810662,96.6338882446289,238000.0
2020-12-22,96.72152693104096,97.52981372828057,95.56265808752366,96.25408172607422,202400.0
2020-12-23,96.2346211685095,97.38374971230634,95.34843290961857,96.87735748291016,282700.0
2020-12-24,96.40989603986422,97.42268775852438,95.66977758588388,97.37399291992188,99500.0
2020-12-28,97.80249266380216,98.90292627678336,97.23766517545857,97.64667510986328,178800.0
2020-12-29,97.96803396868343,98.91265736809584,96.50727797283888,97.07210540771484,260800.0
2020-12-30,97.6466753025081,99.6235715156108,97.6466753025081,99.28272247314453,221300.0
2020-12-31,98.83475430333938,99.9644092382961,97.68562588975463,98.69841766357422,368300.0
2021-01-04,99.18532050251348,102.14578657666003,96.67281866310253,97.0623550415039,443800.0
2021-01-05,96.39042072872836,100.8019025778696,96.39042072872836,100.33445739746094,479000.0
2021-01-06,104.58040352813313,109.5859274443164,104.00584299691602,107.94013977050781,996700.0
2021-01-07,109.06979026459945,110.08258206577409,107.93040227444918,109.48854064941406,330600.0
2021-01-08,110.36501595424384,110.36501595424384,108.09597258441215,110.04364776611328,308500.0
2021-01-11,107.69666509623481,110.70582626298247,107.69666509623481,110.37471771240234,276500.0
2021-01-12,111.00771626904934,113.33518691648602,110.05335983685123,112.48795318603516,243500.0
2021-01-13,111.99130926431562,112.50744193563688,108.29072389931777,108.58287811279297,380100.0
2021-01-14,109.91702168036079,109.91702168036079,107.13184633311046,108.84579467773438,386900.0
2021-01-15,107.63823928910492,110.4526285886967,106.34303385232691,109.68329620361328,338000.0
2021-01-19,110.3065552773919,110.96876498406188,108.90423452134151,110.1994400024414,229500.0
2021-01-20,111.49463073615863,112.877485353009,110.45262511917728,112.06919860839844,212800.0
2021-01-21,112.95541688070477,113.55919884464281,110.91035948384379,110.99800872802734,254400.0
2021-01-22,110.03389129181032,111.971833164939,109.19639049121372,111.241455078125,267700.0
2021-01-25,110.65714720303406,112.33214881237377,110.14101454127498,110.67662811279297,289900.0
2021-01-26,111.6407133383299,111.6407133383299,107.72589045592373,107.82327270507812,288000.0
2021-01-27,105.79770764172288,107.26820437814416,102.64247615537627,105.53477478027344,357100.0
2021-01-28,107.10264357081581,111.56281334317731,105.4860698744854,109.36194610595703,541700.0
2021-01-29,109.53723515305695,111.07589261431713,105.80743608936396,107.15132904052734,574500.0
2021-02-01,108.6704906836274,113.95842703043894,108.17383905603883,113.18910217285156,517600.0
2021-02-02,115.05887437370667,115.32180716621362,112.44899020568002,112.7508773803711,315500.0
2021-02-03,112.97488238542763,114.35772975349968,111.99130450034428,113.10147857666016,190700.0
2021-02-04,112.76062053532237,114.98096836450023,112.63402436253202,114.16294860839844,371900.0
2021-02-05,115.55555310769024,115.73083671263991,113.6955200485202,114.27008056640625,183800.0
2021-02-08,114.92253075365048,116.26642342312776,114.14345801698093,115.72107696533203,332600.0
2021-02-09,115.24391048822909,116.80205621985218,114.30902750712893,114.50379943847656,218800.0
2021-02-10,114.88359540159017,115.93534154135446,114.21164524066474,114.73751831054688,240100.0
2021-02-11,115.40946762971653,116.2080139678341,113.86106236361438,115.70161437988281,332000.0
2021-02-12,114.49405468275636,119.94754224917334,114.19216748774672,119.6553955078125,245900.0
2021-02-16,119.72357252752587,121.07720592133604,116.71441109315934,118.05831146240234,342200.0
2021-02-17,116.47095611637067,119.50933159811235,115.9840373972974,119.0126724243164,266200.0
2021-02-18,117.97066691035137,118.56470834325107,116.59755998317291,118.14595794677734,418900.0
2021-02-19,119.11004600034532,122.68403478447868,118.47705765552006,122.1776351928711,489400.0
2021-02-22,121.64202587866947,125.73213974056976,119.7040842198655,121.4959487915039,379900.0
2021-02-23,121.31093443467309,122.09000738961475,118.20439049982582,121.90497589111328,298400.0
2021-02-24,121.56410800312851,125.77107727583028,121.56410800312851,125.62500762939453,447300.0
2021-02-25,126.22879906995593,126.5209532619575,119.83069507706075,120.32734680175781,533700.0
2021-02-26,120.57080701313372,122.93723220992405,117.89275414321745,122.0997314453125,497400.0
2021-03-01,124.31035518941113,126.86181204904004,123.93055916848415,125.27445220947266,514000.0
2021-03-02,126.19957602751674,126.19957602751674,123.0151312275463,123.65786743164062,363300.0
2021-03-03,124.02794129491568,125.09916846025064,121.52517928368732,121.53491973876953,513300.0
2021-03-04,121.04798416123884,123.15146894914776,117.30844491748293,120.09362030029297,410400.0
2021-03-05,122.06077186597392,123.26833554904303,117.31818864948046,122.81063079833984,260800.0
2021-03-08,122.94695889562796,126.50145909016544,122.94695889562796,124.17399597167969,320200.0
2021-03-09,125.07968793744615,126.54044415311004,121.84654781063502,123.47285461425781,214600.0
2021-03-10,123.36573136922517,127.70904560696253,123.30730349838167,127.30976867675781,347400.0
2021-03-11,128.721840817321,131.32200016418943,128.3128308275932,130.02679443359375,582000.0
2021-03-12,129.46194063233796,131.0687663277454,127.56296075788038,130.04623413085938,225000.0
2021-03-15,130.37736218833794,131.77969048986176,128.42968729390603,131.63360595703125,413700.0
2021-03-16,131.04932818477542,131.711530596023,128.39074093484393,128.42970275878906,199100.0
2021-03-17,128.09853704073822,130.07544020117334,126.42355074989564,129.8125,251600.0
2021-03-18,129.63723286870373,132.59770695311124,127.41688473518802,127.9135513305664,336200.0
2021-03-19,127.59215826765937,128.50756764305885,124.83619711859083,126.87151336669922,565600.0
2021-03-22,126.89100837908643,127.01759712877816,122.8982693410923,124.39797973632812,357400.0
2021-03-23,122.95670779449134,123.74551368266805,119.19769497092538,120.07415008544922,405600.0
2021-03-24,122.06076828567925,125.07966997501194,121.17458017226444,121.19405364990234,466300.0
2021-03-25,120.56108454765933,126.0437795261123,118.96399165428636,125.51791381835938,493300.0
2021-03-26,127.22213174093403,129.9293988305829,125.76137547560201,128.33230590820312,369500.0
2021-03-29,129.1405758556698,131.47777962925827,126.39434730510308,127.12472534179688,289200.0
2021-03-30,126.78390762626739,131.53623942345507,126.59887612209444,130.60134887695312,389500.0
2021-03-31,132.4906019017918,135.93798029714256,127.49481050570935,130.8935089111328,609400.0
2021-04-01,130.69875463848146,133.259937496514,129.56909942330063,131.74075317382812,402700.0
2021-04-05,133.2501532924342,135.05174329718903,132.50029444592235,134.3213653564453,370800.0
2021-04-06,134.17534071912272,136.23013860938093,133.24046496274474,134.11691284179688,321100.0
2021-04-07,134.00003212847537,134.71092926949945,132.40293938751833,133.47415161132812,252200.0
2021-04-08,133.48389789076245,134.3506125716019,131.83811032769466,134.00003051757812,214700.0
2021-04-09,134.19482846339628,135.5192482353443,133.33784659343493,135.14918518066406,239900.0
2021-04-12,135.76266040126544,139.12239608569183,134.45772199669503,138.4114990234375,393800.0
2021-04-13,137.63246064288194,138.17780728510016,135.57766284907862,136.49307250976562,535200.0
2021-04-14,136.27882415916466,138.64524218684411,136.27882415916466,137.28187561035156,331300.0
2021-04-15,137.83692968968433,139.60932076982175,136.6975417922725,138.77182006835938,278700.0
2021-04-16,140.23258387582382,140.9921758497182,139.102928939414,139.9404296875,202600.0
2021-04-19,139.930725234529,140.9824716114958,139.09322431543964,139.46328735351562,269900.0
2021-04-20,139.4340546791772,139.84307953072414,134.30194143794444,136.30804443359375,352400.0
2021-04-21,136.45409416364316,139.6288136543265,135.31470616849634,138.4894256591797,330000.0
2021-04-22,138.29463652904155,138.29463652904155,134.6427464716911,135.17835998535156,297800.0
2021-04-23,136.19116271688944,138.12908958129142,135.40234196179205,136.79493713378906,274800.0
2021-04-26,137.97327001583966,140.57342884316068,137.35001469989672,139.98912048339844,265500.0
2021-04-27,139.60932075437313,141.20641338726665,138.72312521440247,139.2392578125,312200.0
2021-04-28,139.76512570579317,140.03779894590542,137.7492754739878,138.91787719726562,171600.0
2021-04-29,140.4760253766509,140.9337300796426,137.37923000874375,138.99578857421875,197900.0
2021-04-30,137.9927528367575,137.9927528367575,134.26295391354293,134.52589416503906,394800.0
2021-05-03,135.86978929835652,137.74928822450104,135.16862522757242,136.57095336914062,417600.0
2021-05-04,136.32747881436018,138.83023276181999,135.76265143931403,138.37252807617188,393600.0
2021-05-05,140.08652472551805,141.19669883680825,138.28491947861937,140.3202362060547,348800.0
2021-05-06,139.755403854683,140.63186645507812,137.77851506585628,140.63186645507812,353300.0
2021-05-07,140.4955435746211,143.3391473580389,139.37562150765564,143.16384887695312,240200.0
2021-05-10,147.13708732946395,148.22779530811417,145.1504655969306,145.34523010253906,588500.0
2021-05-11,142.81324390912258,147.28316871638185,141.49857237958193,146.93258666992188,518000.0
2021-05-12,146.22166304400324,147.02021675382352,141.3914384104573,141.4790802001953,414800.0
2021-05-13,142.00496441388296,146.90336491984218,141.7517572018387,146.23141479492188,603900.0
2021-05-14,147.23448826514093,149.28928590445338,146.35802563354608,147.66297912597656,351600.0
2021-05-17,147.09814718498373,148.21805428878517,144.65380571871353,147.71165466308594,384800.0
2021-05-18,148.20833794741577,148.72447065609347,143.22229448566213,143.70921325683594,521100.0
2021-05-19,136.96049068493124,139.14189179992067,131.83811133494015,135.6068572998047,1204800.0
2021-05-20,138.9081723443124,138.92765325386452,131.82836996949425,137.97328186035156,909800.0
2021-05-21,139.00556179286406,141.7322947422573,138.45046731843607,140.6416015625,657300.0
2021-05-24,142.07311562869498,142.7937605422327,139.16133690542443,141.18692016601562,527600.0
2021-05-25,141.48882825910428,143.19304369647304,139.26848019232733,139.6093292236328,425500.0
2021-05-26,140.89477046014284,142.32631244971998,139.7456496029735,141.60568237304688,361500.0
2021-05-27,143.69940703637715,144.73167203468364,142.53080543187122,144.25450134277344,360800.0
2021-05-28,144.1376764582082,144.1376764582082,141.85890037833548,142.92037963867188,278100.0
2021-06-01,144.55644874600634,144.9070308594724,143.08594453083225,143.65077209472656,419400.0
2021-06-02,144.13766493022374,144.13766493022374,140.29101026005657,140.5344696044922,504000.0
2021-06-03,139.87227908503965,143.0664647639354,139.57039185008006,142.5211181640625,308100.0
2021-06-04,142.5892367522228,143.4949130479627,141.57645263289774,143.2709197998047,370600.0
2021-06-07,144.03053835177923,147.3026324474014,143.87473566880956,146.05612182617188,522500.0
2021-06-08,145.76398403632328,149.03607849981108,145.35497408583484,148.5978546142578,493200.0
2021-06-09,148.06220997484886,149.60087462362978,147.79928461442768,148.46148681640625,377000.0
2021-06-10,148.9873927928376,149.6885569266281,145.0043864368505,145.10177612304688,478400.0
2021-06-11,145.6568442756828,147.26366979060768,145.23808653217847,147.25393676757812,309100.0
2021-06-14,147.63373751453977,149.10422645712197,146.03664497055902,146.47486877441406,723600.0
2021-06-15,146.88388189806153,147.92588008318705,142.6379506711715,143.15408325195312,611400.0
2021-06-16,142.9106443985769,143.02750013637552,139.99886510192707,141.04087829589844,467000.0
2021-06-17,140.43602282924942,140.98231225864149,133.14887908765266,134.5146026611328,667500.0
2021-06-18,131.70511511843932,133.44154170666576,131.41247065940206,132.71966552734375,576100.0
2021-06-21,134.56340369269049,137.3046160252997,133.88054179430844,137.14852905273438,400300.0
2021-06-22,137.03149192632628,138.59233211676303,135.87061908141428,137.91921997070312,278900.0
2021-06-23,138.81668494890638,139.33371005074142,136.71930520790735,137.95822143554688,267900.0
2021-06-24,140.5921326992355,141.45059625357956,138.8459560260397,139.89952087402344,730800.0
2021-06-25,141.45057848335907,141.8895600602184,139.30443475239022,139.6361083984375,1261200.0
2021-06-28,138.98251582674257,139.72390662950488,137.0217234426305,138.78741455078125,293700.0
2021-06-29,139.79222435536124,140.46533652591697,136.26082664517085,137.3046417236328,524100.0
2021-06-30,136.52420281913763,139.30444447542038,136.17301455608373,138.63133239746094,496100.0
2021-07-01,139.489800015393,140.2994845036684,138.21185457239443,139.61660766601562,463600.0
2021-07-02,139.98730398176022,139.98730398176022,137.92895348111225,138.82643127441406,238800.0
2021-07-06,139.4117324912358,139.4117324912358,133.89027915542135,136.0364227294922,401900.0
2021-07-07,135.58765203237812,138.6898012758397,135.58765203237812,136.81680297851562,383000.0
2021-07-08,134.63166857730337,135.40233862169563,132.6318621276566,133.25619506835938,327900.0
2021-07-09,135.32431681777737,137.07049340675349,134.67071932870704,136.11448669433594,401300.0
2021-07-12,134.7877913991504,137.68509117693478,133.5196105894182,137.255859375,330200.0
2021-07-13,136.6900206761205,137.05097362862608,134.31951139357616,134.8950653076172,214900.0
2021-07-14,134.94384387808475,138.04599402262224,134.46583315088407,135.1194305419922,224200.0
2021-07-15,133.89033374213375,136.32913763543309,133.89033374213375,134.7975616455078,284300.0
2021-07-16,135.35356755253576,135.79254911889493,131.9002290272017,131.99777221679688,265300.0
2021-07-19,128.4566494225459,129.83213815418677,126.57390028577052,127.87134552001953,426300.0
2021-07-20,128.43712913304887,131.9782610875097,127.86157517793767,131.1295623779297,329300.0
2021-07-21,132.52458819289362,135.97792740064372,132.19289960396233,133.77325439453125,269300.0
2021-07-22,134.1048919062186,134.1048919062186,131.2075929382475,131.3929443359375,371700.0
2021-07-23,132.80746792403795,133.5391088920825,131.7929323312032,133.09036254882812,355700.0
2021-07-26,133.31477247456743,133.90007644652775,131.24665676153236,131.45152282714844,277000.0
2021-07-27,130.08575201747252,131.7441350044806,129.02242264535556,130.28085327148438,421900.0
2021-07-28,132.39776117867603,137.86068679040443,128.4078823583456,136.47543334960938,751100.0
2021-07-29,138.07530018706396,141.4798754236119,136.875412965327,139.4312744140625,412300.0
2021-07-30,139.11908787650043,140.86526438730667,137.64605612844298,137.8606719970703,304000.0
2021-08-02,137.928966666438,140.62140030372674,137.16806118448085,137.4119415283203,354200.0
2021-08-03,137.94845756565292,139.86047079716332,135.4413609167091,139.5873260498047,320500.0
2021-08-04,138.23132000354565,140.80669479747,137.967925170852,139.0995330810547,340300.0
2021-08-05,139.22639399886216,141.39205236480905,139.22639399886216,140.3677520751953,296700.0
2021-08-06,141.01159324101556,142.7675343880813,140.54334723022214,141.8798065185547,311500.0
2021-08-09,142.2504882770467,143.36258169130957,140.57259086110344,141.7919921875,228400.0
2021-08-10,141.98711206985897,146.66961675522984,141.9480828865373,146.21112060546875,385600.0
2021-08-11,146.88424782169062,151.40090127367944,146.41598688496146,151.2740936279297,495000.0
2021-08-12,151.67402742319072,151.98620134268472,149.49861938082705,151.2252960205078,342000.0
2021-08-13,151.2155410370342,151.27408481466978,149.25474871651542,149.76202392578125,207100.0
2021-08-16,148.63039158403384,150.9326219164698,147.4792689751807,149.16693115234375,243000.0
2021-08-17,148.4743017551483,149.07913493188858,144.8258625320599,147.51829528808594,348700.0
2021-08-18,147.42079111519288,149.86935938750096,146.6501357487268,147.41104125976562,262700.0
2021-08-19,145.27461093337402,147.26468245706602,143.54793429360896,145.47947692871094,474200.0
2021-08-20,145.31365747062608,146.99154038992512,143.89913969616396,146.8939971923828,327300.0
2021-08-23,147.83048147312545,148.376785868616,146.10381960374554,147.92803955078125,322700.0
2021-08-24,148.7474938369947,151.2741054897341,148.60117158608932,150.07420349121094,332300.0
2021-08-25,150.07416103871302,154.815194135491,149.98636771300448,153.1080322265625,333700.0
2021-08-26,153.108084425207,153.41049368481617,151.17655617475683,152.27890014648438,289200.0
2021-08-27,152.75687297406932,155.00057488500886,152.35690567860686,153.31292724609375,334900.0
2021-08-30,156.08341290132287,156.25899959590524,153.19586321312775,153.2153778076172,332400.0
2021-08-31,153.25437744550635,154.61035123821162,152.6495442151535,153.000732421875,311000.0
2021-09-01,153.52756215707817,153.68363426772186,151.26434537208004,152.22035217285156,225000.0
2021-09-02,152.58128251291163,154.48354597619888,152.38618123967476,153.48851013183594,358500.0
2021-09-03,152.54222819085393,152.9714598524091,148.727952038988,150.58143615722656,384500.0
2021-09-07,149.60594001233963,150.01565715252255,144.6600401128192,145.6648406982422,402200.0
2021-09-08,144.8941692421181,144.97221272790404,142.152956926956,142.4261016845703,361200.0
2021-09-09,141.69444886728175,144.41614636140918,140.85550007203707,142.47486877441406,280600.0
2021-09-10,143.4991965137707,144.74786265072825,141.89934209546416,141.96762084960938,262200.0
2021-09-13,143.76259509657115,145.050290589302,142.06519725559593,143.8601531982422,287000.0
2021-09-14,143.74305781720307,145.55752788302695,139.66537137453537,140.07508850097656,292900.0
2021-09-15,140.32876637956184,141.45061009169592,139.56786084023548,140.33851623535156,284100.0
2021-09-16,139.58599132408293,139.92802401927526,131.7584706547859,132.2959442138672,685400.0
2021-09-17,131.26990531839647,132.81391401294184,130.2633703642288,131.61192321777344,798300.0
2021-09-20,128.21121983104877,130.16565920320252,127.22423331613918,129.2470703125,463900.0
2021-09-21,129.54998928965418,129.54998928965418,126.93103341699847,128.42617797851562,457000.0
2021-09-22,129.82361559535022,131.83668536492067,129.03205528071032,130.31222534179688,441600.0
2021-09-23,130.71286413428822,134.73901828069378,130.71286413428822,131.92462158203125,1183300.0
2021-09-24,131.89530810730434,133.5663449880078,131.2601214401242,132.46209716796875,390700.0
2021-09-27,132.6477664711545,137.6413581920824,132.6477664711545,136.6641387939453,388200.0
2021-09-28,136.34166674343717,138.13974701743086,133.5859006379413,133.78134155273438,294500.0
2021-09-29,133.9963213639111,134.81719700470958,132.62822014788853,133.0386505126953,369700.0
2021-09-30,133.03865246295368,133.39045205382877,128.11347310188762,128.17210388183594,482300.0
2021-10-01,128.56300429181212,132.67710524398342,126.6671959395084,131.7389678955078,356700.0
2021-10-04,131.15263638481284,133.54682119088147,131.11353925433127,132.37416076660156,360200.0
2021-10-05,132.38393179621502,132.794362212183,130.51743890290453,130.67379760742188,349400.0
2021-10-06,129.57928922823774,131.6607562632318,129.41314882016056,131.33827209472656,394000.0
2021-10-07,132.58913174140787,134.74879335072512,132.58913174140787,133.79112243652344,274200.0
2021-10-08,133.80088960687635,135.66738239507586,132.5695984283123,134.0647430419922,238000.0
2021-10-11,134.09405074119684,135.0224062130546,131.52395888091309,131.6412353515625,154400.0
2021-10-12,132.71616995215277,134.4751679289285,131.92462459040001,133.97679138183594,179000.0
2021-10-13,135.09083349605433,135.56966152366115,132.69663371327346,135.3839874267578,220600.0
2021-10-14,136.0777987898268,138.93127759270223,136.0777987898268,138.2081298828125,240700.0
2021-10-15,139.517632675258,139.55671489447198,137.44591718844768,137.9149932861328,234400.0
2021-10-18,137.78796279494563,141.43298770651626,137.33843522064947,141.25709533691406,285100.0
2021-10-19,139.07791949596316,140.1626190843677,135.98990156237352,136.7912139892578,360500.0
2021-10-20,136.9866364404022,139.74240287117593,135.9996500119271,139.44923400878906,377100.0
2021-10-21,139.25376668521415,139.51762010248632,137.8465683413424,139.13650512695312,191700.0
2021-10-22,139.1560570132192,140.76847820651275,138.1299884216169,138.13975524902344,236600.0
2021-10-25,138.72607982136455,143.0844702224502,138.34496483193163,142.13656616210938,305400.0
2021-10-26,142.87926484394282,142.87926484394282,138.97038697558853,139.06809997558594,282800.0
2021-10-27,139.2733324623855,139.79125762363205,134.62175792731378,134.8269805908203,360300.0
2021-10-28,138.38404439064644,147.5601342625807,137.54363508250486,145.48843383789062,594100.0
2021-10-29,145.4395953096437,148.25399253797622,144.90212154573464,144.9803009033203,383600.0
2021-11-01,146.3190077161004,148.46888669580068,143.48507836711093,147.36463928222656,296000.0
2021-11-02,148.8012151812109,153.17915429961815,147.64808843489945,152.20193481445312,359000.0
2021-11-03,152.5634866812272,153.52117242127542,148.8793803100736,149.00640869140625,309400.0
2021-11-04,149.06506005200893,152.66123566432597,148.85008547441205,148.9575653076172,260300.0
2021-11-05,149.96409556343247,153.44299423882458,149.95431382628217,152.04556274414062,229800.0
2021-11-08,156.37466807369987,160.5767148927315,154.30295260060393,156.7557830810547,452900.0
2021-11-09,157.38119647040273,158.77861313599595,154.89905070033168,158.47567749023438,285200.0
2021-11-10,157.74277293231333,159.05224350879533,153.94138960070205,154.5081787109375,261400.0
2021-11-11,155.05544068064432,157.28350029843537,155.05544068064432,155.97402954101562,175300.0
2021-11-12,156.7460238103844,160.4105974491358,156.1792495427699,160.00994873046875,344600.0
2021-11-15,160.85035169436495,161.91551747683167,157.48871389356384,158.27049255371094,450200.0
2021-11-16,157.52778126466242,159.78515593600872,156.51147954012052,158.54409790039062,244300.0
2021-11-17,158.6027205655906,158.64180278287805,156.43329218209166,156.67759704589844,196100.0
2021-11-18,156.59939838196993,157.74274321419983,154.74268761055734,156.9902801513672,274800.0
2021-11-19,157.0196279209211,159.45290993411228,156.69715859581603,157.5277862548828,278200.0
2021-11-22,158.1336293674954,160.86983139348902,157.6938687672196,157.78182983398438,253900.0
2021-11-23,158.83723516658375,160.95781439245417,156.81439875664975,160.6353302001953,218300.0
2021-11-24,160.11744083234458,162.6288875039795,159.31611358591937,160.5865020751953,225200.0
2021-11-26,154.9186083984589,156.96099360452106,154.18569376278415,155.62220764160156,157000.0
2021-11-29,157.29323159446614,158.52452259536557,155.44628763752505,157.40072631835938,221900.0
2021-11-30,155.94468403906282,156.5407885092559,150.23772594123173,150.706787109375,327000.0
2021-12-01,153.6970559251465,156.58963171972323,149.08457946777344,149.08457946777344,283200.0
2021-12-02,149.90548861508225,155.73949112896796,149.31916577074105,154.86976623535156,297500.0
2021-12-03,151.77193821827956,154.37134532543473,149.72955331030803,151.94784545898438,340000.0
2021-12-06,154.28343048540341,156.3062672415152,152.71987320890597,154.0195770263672,293000.0
2021-12-07,156.34533273217107,160.46919967590458,156.2280562678974,158.73951721191406,322100.0
2021-12-08,159.15974840434868,160.97737742166697,157.4691627041551,160.64512634277344,169000.0
2021-12-09,159.44313117281217,161.23144457956838,158.9838368322755,159.29653930664062,213900.0
2021-12-10,161.2607917880717,161.64190685741647,157.04897745702897,160.9480743408203,263500.0
2021-12-13,160.22489264247469,160.22489264247469,155.7296776271646,156.540771484375,305500.0
2021-12-14,156.36487729864803,158.77861050945853,155.15313473564655,157.39096069335938,313400.0
2021-12-15,156.67759047286998,158.59293217449763,155.18244596199258,158.26068115234375,362300.0
2021-12-16,160.17900419587298,160.24750755094615,157.24281330112188,158.0453643798828,296800.0
2021-12-17,157.6832456679907,158.10409254573747,155.02109794856594,156.36195373535156,675800.0
2021-12-20,153.60192967678105,153.90533366846168,148.28741658938876,151.00828552246094,303000.0
2021-12-21,152.83850723362028,157.68321859785215,151.15509014315273,157.6147003173828,449200.0
2021-12-22,158.38793103814345,158.98495713659491,155.5202434064865,158.47601318359375,238000.0
2021-12-23,159.43517881781145,160.68795255574946,159.35689352665116,160.10072326660156,119000.0
2021-12-27,160.3649679451354,162.8117937304793,159.67984477784756,162.6943359375,205100.0
2021-12-28,163.25224823620226,163.7513954082994,161.67649155459122,162.7139434814453,198600.0
2021-12-29,163.24244339753602,165.47396253861137,163.24244339753602,164.40713500976562,136600.0
2021-12-30,165.41523072069262,165.55225238859472,162.00925287981045,162.43011474609375,157700.0
2021-12-31,162.39094134786677,164.22116236249568,161.60795406429753,162.91946411132812,173000.0
2022-01-03,163.438168487647,164.97476720178065,159.31770759776867,161.52963256835938,284100.0
2022-01-04,162.85091484402906,164.6811355105651,161.32409814528913,163.40879821777344,280000.0
2022-01-05,164.19177326334733,165.06284254550397,159.2491976920778,160.14962768554688,358000.0
2022-01-06,161.11860108361356,162.25393198407852,158.1041095207798,159.0828399658203,362900.0
2022-01-07,158.29985895109994,160.1790195113069,155.78451467565833,157.56581115722656,268500.0
2022-01-10,158.524969239502,158.524969239502,152.78960831156306,155.40281677246094,375900.0
2022-01-11,155.75512804083368,158.54451516709193,152.97553777477748,158.48577880859375,282400.0
2022-01-12,160.2573317741825,161.23606223954133,157.4385832549917,159.2100830078125,206800.0
2022-01-13,159.09261191647764,161.4709193570801,158.6423894111914,159.34707641601562,244700.0
2022-01-14,157.12538386262244,158.59347957490928,152.7993969558595,155.49090576171875,273700.0
2022-01-18,152.01639020267223,153.2691637329127,150.31339418457728,151.5074462890625,347900.0
2022-01-19,152.64275252687904,153.6704071815266,147.64144113293216,147.88612365722656,389100.0
2022-01-20,148.53211164673007,150.07850738254226,145.16529180773225,145.23379516601562,306800.0
2022-01-21,142.7869583255742,145.06740164411002,140.87843728815886,141.641845703125,483200.0
2022-01-24,138.0107446319347,143.29589684504552,135.83796232225103,142.8260955810547,511500.0
2022-01-25,139.49843556968656,140.0269583217811,135.87713626208165,138.61758422851562,358800.0
2022-01-26,140.50652322225142,144.56826303601807,137.68777510419068,139.7822723388672,388700.0
2022-01-27,146.80955326164326,147.08359656632578,137.07118921546893,138.28480529785156,449800.0
2022-01-28,138.97972030435247,140.7707987736231,136.87545586499004,140.76101684570312,373300.0
2022-01-31,139.99758831328018,142.74783325195312,139.08737621967396,142.74783325195312,441700.0
2022-02-01,144.58780006530358,145.43930544629904,141.44608466463325,144.25503540039062,298300.0
2022-02-02,144.90100377658922,146.07547698661912,143.1295045691105,144.87164306640625,300800.0
2022-02-03,142.8163379057686,145.28274269069104,140.1835507452697,140.4771728515625,215400.0
2022-02-04,138.99927847874446,141.11332453248195,138.31417026992958,139.85076904296875,246700.0
2022-02-07,139.88016549821057,140.98613577561537,137.4137603820326,138.50994873046875,286800.0
2022-02-08,139.0873812921789,141.0350602142285,138.33375468335188,140.4380340576172,368700.0
2022-02-09,142.38571683315732,143.71679098414302,140.58485619777755,141.3678436279297,476400.0
2022-02-10,139.21459981848315,144.35293376688955,138.64693446636008,140.01715087890625,352800.0
2022-02-11,140.76101711440387,141.92569377723208,138.6175950907877,138.8231201171875,250900.0
2022-02-14,138.88183184932802,140.3107847433085,135.67159746929966,136.66990661621094,247000.0
2022-02-15,138.50011198777162,141.54396365575343,138.50011198777162,140.54566955566406,250300.0
2022-02-16,140.27162373074367,142.08226569568413,139.63544012070665,141.37757873535156,257500.0
2022-02-17,139.7724691285368,141.69078705157526,136.65031714069386,137.2669219970703,290900.0
2022-02-18,137.45288186576173,138.52947620501845,135.40733918035903,135.5052032470703,356900.0
2022-02-22,135.51502218014116,137.72694758004218,132.51031258559053,133.01925659179688,325900.0
2022-02-23,133.67503620108465,135.0256892995948,128.33116019179025,128.50733947753906,375500.0
2022-02-24,124.49451828623901,130.86606348478153,123.44727693584994,130.65074157714844,409800.0
2022-02-25,130.33752217900357,134.83968787536335,128.78134446777884,134.38946533203125,296100.0
2022-02-28,131.75666204271815,134.7613710915756,131.43367926672042,133.91966247558594,272600.0
2022-03-01,133.14648754420006,134.0762934449125,126.6868753553718,128.1256103515625,381700.0
2022-03-02,129.6426374728014,133.88052703189624,129.02603253177202,133.68478393554688,347600.0
2022-03-03,135.18221425327528,135.5541365187088,131.0421895722328,132.0209197998047,224000.0
2022-03-04,129.7013422024421,131.3162412071227,128.5562295553386,131.28688049316406,331700.0
2022-03-07,131.4434865373912,131.4434865373912,123.09491053540418,123.4081039428711,369100.0
2022-03-08,124.28896390911648,129.03580456940196,123.2906622468588,124.84683990478516,317000.0
2022-03-09,128.33109648327442,132.1775138582951,127.91024967410954,131.76644897460938,334100.0
2022-03-10,127.83197206153109,133.42052895079868,127.83197206153109,132.64732360839844,367500.0
2022-03-11,132.86263898797463,133.91966951015343,129.9068692834139,129.9753875732422,487700.0
2022-03-14,131.2183837890625,132.19711412859132,129.59368784122714,131.2183837890625,239600.0
2022-03-15,132.31456954510162,132.42223049003485,129.3000780212128,131.2477569580078,468300.0
2022-03-16,132.36349892021866,133.80223374043496,125.62982928188607,129.41751098632812,543500.0
2022-03-17,129.68227107550945,130.75110435007764,128.08391391053934,130.7020721435547,757200.0
2022-03-18,127.90741475150419,130.10391394335466,126.23060906394896,129.2115936279297,1044900.0
2022-03-21,129.63323670411273,132.6926697822134,128.0152786535763,129.4273223876953,850600.0
2022-03-22,130.41770704670063,131.35907452318182,125.71089958935161,125.99527740478516,800300.0
2022-03-23,125.82857875509625,126.28943958931576,123.0339076439683,123.06332397460938,454200.0
2022-03-24,123.89682473108702,127.02488355886646,123.50458951507999,126.92683410644531,429600.0
2022-03-25,126.60323151266003,128.8291619214781,125.22060414666326,128.3682861328125,615600.0
2022-03-28,128.3584736268882,129.98624708921477,127.06411018442584,129.81954956054688,442600.0
2022-03-29,131.63366129622293,133.7321114102275,130.66287730906646,133.1045379638672,553800.0
2022-03-30,132.25142330162336,133.12414288551827,126.80919143760504,128.2604522705078,473200.0
2022-03-31,127.74072514648492,128.59382872749805,125.76974106272426,125.86780548095703,410100.0
2022-04-01,127.3680968102786,127.3680968102786,121.23944480623769,123.52420806884766,576600.0
2022-04-04,123.52419716861684,124.7793437912833,122.64166986165948,124.0831298828125,451900.0
2022-04-05,123.45558034908375,125.62267102611153,121.83761455491826,123.86742401123047,700700.0
2022-04-06,122.66128588862294,123.83799153155506,119.45477853525668,119.60186767578125,682600.0
2022-04-07,120.37653293696826,120.37653293696826,117.09157696888902,118.8664321899414,706600.0
2022-04-08,119.43516444735052,123.7889534229769,118.24865092327684,121.74934387207031,430600.0
2022-04-11,121.18061403903151,123.82818875373977,121.18061403903151,121.47478485107422,315400.0
2022-04-12,122.48479029274239,125.38731896537841,120.68051126413563,121.16099548339844,274500.0
2022-04-13,120.9648709309111,122.5338041990216,120.68050060711857,122.28865814208984,217600.0
2022-04-14,122.40633655649519,123.46536936651333,121.35711168395804,121.38652801513672,230900.0
2022-04-18,121.18060153281255,122.4847803606077,116.76797247618613,117.87602996826172,570600.0
2022-04-19,118.30748651535983,120.92564456238462,117.87602706865414,120.33729553222656,424500.0
2022-04-20,121.58264500535796,125.6030391306105,121.57284454888911,125.02449798583984,361600.0
2022-04-21,126.45614832869688,127.36808447657667,122.57302821144602,124.01448822021484,271800.0
2022-04-22,123.52420499287838,124.04391347287707,118.6899241132224,119.40574645996094,388800.0
2022-04-25,119.33710480572479,123.8772148452197,116.36593561136607,123.53401184082031,407000.0
2022-04-26,122.2788635161472,123.25944785061915,119.41555905499261,120.05294036865234,200500.0
2022-04-27,119.97447700115687,121.55321818307301,118.45457595929821,120.70991516113281,265300.0
2022-04-28,121.36692418709018,123.66149550322261,118.55265183310829,123.36731719970703,302900.0
2022-04-29,122.17099798603556,124.43615287378492,120.749153701178,120.9256591796875,357000.0
2022-05-02,121.00408906806197,123.19078759561381,118.52321229458865,121.96505737304688,249300.0
2022-05-03,121.19040090398887,127.11313800822313,120.95506278449568,126.59342956542969,373500.0
2022-05-04,126.57385100175007,132.73192055943628,126.073758285572,132.5848388671875,386300.0
2022-05-05,130.22158031810952,130.56477579890628,123.50457279183074,126.39729309082031,337300.0
2022-05-06,125.06371626231515,125.94624358441169,120.80797672298924,124.22041320800781,299900.0
2022-05-09,122.27884284549701,123.86739189206031,120.19020125940186,120.8471908569336,257300.0
2022-05-10,122.15139643639786,122.81819411688183,114.4734189128688,116.57186889648438,598800.0
2022-05-11,117.0033156712311,120.4745849107152,113.19865136846323,113.64971923828125,356500.0
2022-05-12,112.77700055160489,118.68011464712134,112.32593267890056,117.82701110839844,373400.0
2022-05-13,119.27827476283673,121.67090287109382,119.12138516363514,120.70011901855469,278900.0
2022-05-16,120.1313772294807,121.51399711638418,116.77777344592586,119.86661529541016,309300.0
2022-05-17,122.6024489231279,125.10294178051664,121.57283993811102,124.85779571533203,310000.0
2022-05-18,123.2496432030187,124.46556564166569,120.58245270694313,120.91584777832031,346400.0
2022-05-19,124.53420268052747,131.5551896667515,122.09254993532468,123.76934814453125,607500.0
2022-05-20,126.15216044686692,126.25022485895325,115.54224641787594,119.48419189453125,418200.0
2022-05-23,120.60206627108744,123.71052432468119,120.46478506154554,123.0731430053711,344300.0
2022-05-24,122.40634783201905,124.13217092443375,118.86643768299459,122.53382110595703,416100.0
2022-05-25,122.92603273592246,125.16176345718227,122.43574064858431,123.88700103759766,313500.0
2022-05-26,125.45596128683864,128.59382814314523,125.45596128683864,127.78975677490234,222800.0
2022-05-27,128.68207379597766,131.92780544245124,128.6722733394655,131.8689727783203,204600.0
2022-05-31,130.31966468178828,130.4961776595958,127.09354849258729,128.0251007080078,324700.0
2022-06-01,128.56441293454492,129.1135377688842,125.2304246947747,127.94664001464844,389600.0
2022-06-02,129.0350661134247,132.5161428763589,127.74070280183557,132.447509765625,222600.0
2022-06-03,129.94703276495417,131.32964522599636,127.9662483330495,131.0943145751953,267800.0
2022-06-06,131.57480880677807,133.09471763310913,130.51579081217218,132.65345764160156,235600.0
2022-06-07,132.1435672320167,134.5754276643898,131.310079350485,133.53599548339844,385900.0
2022-06-08,133.44774733625434,133.44774733625434,128.8880351802448,129.16259765625,237500.0
2022-06-09,127.98586562449205,130.21178118810488,127.74071955217558,127.81916809082031,221600.0
2022-06-10,124.63225630202969,126.46595153724218,122.79856854808128,123.279052734375,203800.0
2022-06-13,119.31749751974989,120.20002488301832,115.610890075287,115.97370147705078,423300.0
2022-06-14,116.2972836961342,118.78796844201959,116.2972836961342,118.1015625,312200.0
2022-06-15,119.40844651814935,120.76447222417461,116.16579232306394,118.1015625,409400.0
2022-06-16,115.48779996253182,115.48779996253182,107.21410750682041,107.80368041992188,617100.0
2022-06-17,107.75453713107169,110.06370172510078,106.68347321493553,107.6366195678711,522800.0
2022-06-21,109.38569904592927,109.79839931033852,106.03495523704565,107.27305603027344,422800.0
2022-06-22,106.00547762983432,106.72279647015044,104.20728135299241,105.789306640625,547900.0
2022-06-23,105.63208156009048,107.24358434414484,103.50961009026693,103.74544525146484,621900.0
2022-06-24,104.91476435707331,108.0395090715296,104.05988624916566,105.789306640625,1972300.0
2022-06-27,106.55574614793623,110.3584961296471,105.7106889304836,109.8868408203125,702300.0
2022-06-28,110.17179241165347,112.019122612012,108.09845541970266,108.19671630859375,423200.0
2022-06-29,109.37587113775028,109.37587113775028,105.897381402267,107.4892349243164,337700.0
2022-06-30,106.2511464271414,108.8452735781826,104.52173332433216,108.02970123291016,422600.0
2022-07-01,107.80367270783296,111.02667806592395,106.83087709596636,110.3388442993164,303400.0
2022-07-05,107.97072404929538,109.07126564474851,105.85808841489867,108.94352722167969,323300.0
2022-07-06,108.83543903591317,110.01458486640041,107.61697984800648,109.19900512695312,441900.0
2022-07-07,109.93596435155975,112.27461414041124,109.70013670369116,110.99720001220703,295000.0
2022-07-08,111.66540463281959,111.85210561499844,109.84755150634686,110.05390167236328,248600.0
2022-07-11,109.012295786346,111.17406532639538,108.92385573868314,110.82032012939453,143500.0
2022-07-12,110.28970796261332,114.39707629579006,110.28970796261332,112.66766357421875,329600.0
2022-07-13,110.48622758828279,111.91102916554428,109.04176933588907,111.19371795654297,236700.0
2022-07-14,109.38569395265438,110.7711972717205,108.38342085763941,110.6238021850586,403700.0
2022-07-15,113.12950019997136,113.12950019997136,110.76138022108506,112.08792114257812,252200.0
2022-07-18,113.40463466724306,115.25196501066355,112.65783835955143,114.39707946777344,463500.0
2022-07-19,116.25422972037985,119.21192972059215,116.25422972037985,118.1605224609375,309600.0
2022-07-20,113.87629253945067,119.27089609513438,113.87629253945067,118.05244445800781,360300.0
2022-07-21,116.92242593012183,120.4991766374302,116.92242593012183,120.23387145996094,266700.0
2022-07-22,120.30264704647219,121.14770421897062,118.40618257751531,119.44776153564453,183900.0
2022-07-25,119.73272264065923,120.57777980799183,118.58305445841334,120.28299713134766,221700.0
2022-07-26,119.18246373527217,121.55058363471242,118.67149506615718,120.4107437133789,300200.0
2022-07-27,121.09857302741509,124.46897346266611,120.69570110783299,123.80078887939453,308600.0
2022-07-28,121.47197687428186,124.61637055376991,119.44776641483718,121.64884948730469,438900.0
2022-07-29,121.95345597161825,124.98976030239089,121.95345597161825,124.25279235839844,231100.0
2022-08-01,123.20137929800053,124.17418233630244,121.92397275289967,123.761474609375,227400.0
2022-08-02,123.00487394746048,124.24298229993467,121.1280584887275,121.17719268798828,262800.0
2022-08-03,121.97311076331397,123.77131442862625,121.5112837944976,123.5649642944336,335000.0
2022-08-04,123.62392458928764,127.34807799237443,123.48635782731084,125.50074005126953,246200.0
2022-08-05,123.58459265922066,126.71917249305467,123.17189246034866,125.60880279541016,223500.0
2022-08-08,126.11978725673727,127.71163322339706,125.9920413480271,126.52265167236328,196300.0
2022-08-09,125.75622591834482,125.80535262146003,123.70253780937425,125.1863021850586,277300.0
2022-08-10,127.73130442332688,129.59828410283055,127.51512593492292,128.53704833984375,178700.0
2022-08-11,130.23695307113775,132.2316931979249,129.20521006642124,130.5906982421875,217700.0
2022-08-12,131.53404126286068,133.34206571473644,130.6889840743631,133.33224487304688,148200.0
2022-08-15,132.42824944874434,133.85305134437633,131.661803877476,132.92938232421875,163900.0
2022-08-16,131.7600454342231,134.06921777687623,131.72074707236285,133.39120483398438,159900.0
2022-08-17,131.68141289731815,132.7819617728778,130.79705745559042,131.63229370117188,244300.0
2022-08-18,132.13344057252263,132.40857407240176,131.1802941644945,132.1629180908203,110400.0
2022-08-19,131.54386168157646,131.9860544482597,128.47807979532755,128.92025756835938,252900.0
2022-08-22,126.8469174551928,127.22031934046761,123.99731410215635,124.17418670654297,283500.0
2022-08-23,124.82272495104223,126.90588302356971,123.86957847589849,124.90133666992188,263100.0
2022-08-24,125.01925951066309,125.08804289337152,123.56497263747917,124.39037322998047,212300.0
2022-08-25,125.36316226075519,126.7093522412182,124.74410438949353,125.9134292602539,251600.0
2022-08-26,125.22560028563824,125.92325490315686,119.99804110060073,120.2928237915039,229000.0
2022-08-29,119.08421510493035,121.58008117719667,118.9073424699878,120.16510009765625,186900.0
2022-08-30,121.15753037246544,122.05171422683397,117.2663331150807,118.45531463623047,232400.0
2022-08-31,118.67148487401784,118.72061906765262,116.84381132064532,117.54147338867188,223800.0
2022-09-01,117.05999984949737,117.05999984949737,113.63064402958119,114.81961822509766,375300.0
2022-09-02,116.74555566005046,117.32530772147416,113.66011688343625,114.2791748046875,253200.0
2022-09-06,114.52483800843949,114.52483800843949,112.61854491946065,113.27690124511719,207100.0
2022-09-07,113.24742438727148,116.53921353170101,113.07055175429899,116.46060180664062,197800.0
2022-09-08,115.02596318466783,117.06982290645863,113.80751152225747,116.90277862548828,186300.0
2022-09-09,118.30792351593529,119.51654676024098,118.10157338878128,118.95645141601562,189700.0
2022-09-12,120.16507623871406,120.85290996201654,118.8778413436086,119.33966827392578,238500.0
2022-09-13,116.12650502922878,117.27617331404318,114.19073454291285,114.76065826416016,479700.0
2022-09-14,114.86873277039467,115.14386625658175,110.66310377450598,112.74626159667969,473200.0
2022-09-15,112.35235006290803,114.38098036741616,111.75164757248608,112.29326629638672,324400.0
2022-09-16,110.92445769584405,111.39715045462026,108.36405799489725,109.7328872680664,890600.0
2022-09-19,109.20110398431893,113.86890994027483,109.20110398431893,113.40607452392578,382900.0
2022-09-20,111.3380658753158,111.62365000528318,108.59055736272992,110.2942123413086,569000.0
2022-09-21,111.249422432903,112.20465014288251,108.40343890226895,108.5216064453125,446500.0
2022-09-22,109.32911953883362,109.32911953883362,106.49298574752433,106.85735321044922,476100.0
2022-09-23,105.23247886313077,106.00059794030467,102.02212789985929,104.0507583618164,705700.0
2022-09-26,103.51898825554305,104.98629292953724,102.0024420937976,102.77056121826172,267600.0
2022-09-27,104.44466678971779,104.44466678971779,100.42681232332528,101.7070083618164,265200.0
2022-09-28,102.95767971418014,105.56731352455604,102.30772807697164,105.0650863647461,414800.0
2022-09-29,103.02659744893245,105.1241539757353,101.8350271438589,104.82872009277344,266700.0
2022-09-30,105.21277424140108,107.5762226444011,104.78933055108729,105.54759979248047,301400.0
2022-10-03,107.6451662372055,109.59501341740595,106.38466230839539,108.90567016601562,254500.0
2022-10-04,111.36759366729767,114.65672813295286,111.36759366729767,114.4794692993164,300200.0
2022-10-05,112.36222463486584,115.78922659937986,112.36222463486584,114.86354064941406,303600.0
2022-10-06,113.39621805221024,114.87337241455812,112.27358133788152,112.31297302246094,240400.0
2022-10-07,110.67824885559305,111.03276649379072,108.36404192133273,108.97460174560547,257600.0
2022-10-10,110.15633115267818,110.44191524628718,108.66932691119543,109.98892211914062,203200.0
2022-10-11,109.37836533747259,112.95307648223974,109.13217292359396,111.46607971191406,301500.0
2022-10-12,111.71226103679702,113.11063200565282,110.36312403791207,111.85012817382812,315900.0
2022-10-13,109.5950197619677,114.89307799233124,107.90121469212457,113.70150756835938,406400.0
2022-10-14,114.45978099574354,114.99155000103323,108.58070491787782,109.3291244506836,353600.0
2022-10-17,111.50547310041593,113.1106449586363,111.28882257078695,112.7265853881836,228700.0
2022-10-18,115.30666689560331,116.57702055957043,114.9423069582486,116.2520523071289,178200.0
2022-10-19,114.81428899402215,115.17865646643835,110.82597645046506,111.51531219482422,249200.0
2022-10-20,111.78119943517596,113.94768955058532,109.55561803477471,109.56546783447266,255400.0
2022-10-21,109.56546054862982,112.77580382266765,109.39804401768066,111.93875122070312,745100.0
2022-10-24,112.97276964950106,115.49377741983662,111.33804850810199,114.59764099121094,394500.0
2022-10-25,113.29775814259717,120.91002379362925,113.29775814259717,120.74261474609375,485900.0
2022-10-26,119.46240602112884,120.98880201181085,117.65043343833895,118.28068542480469,320700.0
2022-10-27,119.52150039065609,121.02819681942077,118.1920552940317,119.49195098876953,317800.0
2022-10-28,119.6888984101228,121.58950404380417,118.83214615104922,121.46147918701172,242100.0
2022-10-31,120.63428271089715,122.11143719307141,119.51164590550043,120.44717407226562,282600.0
2022-11-01,121.7864606233929,121.7864606233929,119.38362779009407,120.21083068847656,287600.0
2022-11-02,119.93508429762163,121.71751477743578,116.07478946795767,116.1240234375,308700.0
2022-11-03,114.59763800731743,119.51163607686155,114.59763800731743,117.87691497802734,305200.0
2022-11-04,119.90555130110995,121.65844002649038,118.13296297589606,120.58503723144531,248400.0
2022-11-07,122.05234412018699,122.11142789075022,119.44270323117296,121.82584381103516,217600.0
2022-11-08,122.37732064574536,124.41579351315598,121.78646036057634,123.12574768066406,269700.0
2022-11-09,121.25466873659195,122.8007565881222,119.25558780578737,119.67903900146484,238200.0
2022-11-10,126.30656815833291,129.40860202009728,125.18393870929786,128.80789184570312,297000.0
2022-11-11,129.9108208835593,133.18026359744056,129.4381356208947,131.72279357910156,246400.0
2022-11-14,130.29487004951875,131.7227830374224,126.18838241022418,126.54290008544922,228400.0
2022-11-15,128.73891778814323,130.85618131549293,126.70045265357025,127.03527069091797,251800.0
2022-11-16,126.25732351414848,127.89202971407475,126.25732351414848,126.80879211425781,278100.0
2022-11-17,124.7801686476871,125.91265531315227,123.65753178298506,125.76493835449219,207500.0
2022-11-18,127.69508167982623,129.1623939019262,126.58228714102054,128.81771850585938,205200.0
2022-11-21,128.42380974955356,129.87142229305385,128.20715923104385,129.58583068847656,180000.0
2022-11-22,130.7872582933448,132.61893049215274,130.19640550345392,132.50076293945312,351800.0
2022-11-23,132.37269814842418,133.4657927603878,131.96893909662046,132.29391479492188,142500.0
2022-11-25,131.5356907672251,133.3772052239365,131.5356907672251,132.56968688964844,70200.0
2022-11-28,130.97435932234734,132.38257266479923,129.98958970338234,130.64938354492188,164100.0
2022-11-29,130.22591807227496,131.79169789859284,130.16681928283802,130.8758544921875,155900.0
2022-11-30,130.74783925891217,134.3422416082125,129.14266030620337,134.26345825195312,216800.0
2022-12-01,135.3467370500591,135.7800380809128,133.94836601273505,134.94297790527344,211700.0
2022-12-02,133.74155399890694,134.9626736852643,133.32795257926765,134.549072265625,158500.0
2022-12-05,132.62875296740668,132.84540346592135,129.52673496127716,131.06297302246094,457200.0
2022-12-06,131.3190440529576,133.19010045170344,129.61538167179978,131.90989685058594,250200.0
2022-12-07,131.2106927426644,133.33778342887967,131.0728256146098,131.7621612548828,169200.0
2022-12-08,132.8553027913128,134.1158069850708,132.23489298333672,133.84007263183594,161900.0
2022-12-09,133.42645182079266,135.73080930828385,133.42645182079266,135.0316162109375,246300.0
2022-12-12,135.31717899357017,135.8981893853333,132.38255509943687,134.97250366210938,422300.0
2022-12-13,139.71912906723458,140.06378944448147,136.50877024620112,138.74420166015625,290000.0
2022-12-14,138.37984856074743,139.2858349215788,135.96716569450808,137.45416259765625,269500.0
2022-12-15,134.99765861558828,135.5106618392875,133.23176480506174,133.29095458984375,244000.0
2022-12-16,131.87034228096957,133.596781288622,130.63717156121783,133.28109741210938,494500.0
2022-12-19,133.4981345561844,134.09990740670668,128.5950466475638,129.60130310058594,294200.0
2022-12-20,129.50264675912146,131.0810960806617,129.11789813757738,130.2030792236328,232300.0
2022-12-21,131.85058777039788,132.91604892057168,131.65328349518452,131.89991760253906,166400.0
2022-12-22,130.528657083557,131.16991491513005,127.50985745108535,129.6309051513672,586600.0
2022-12-23,129.75916911712537,131.92954681585195,128.9403418612682,131.66319274902344,139200.0
2022-12-27,131.90981415319234,132.9358055839453,131.55466037844062,132.32415771484375,157100.0
2022-12-28,132.74835620653818,133.1331048601998,130.12416536189556,130.16363525390625,118600.0
2022-12-29,130.6864705104914,132.66940313994178,130.57795091066973,132.16627502441406,165500.0
2022-12-30,130.68649740398575,131.49544954365945,129.8380753726091,131.06138610839844,125000.0
2023-01-03,133.11337374632777,134.3169495802986,131.78155839301334,133.05418395996094,201600.0
2023-01-04,135.0075471727728,136.70439142256885,134.17884494254693,136.36895751953125,304300.0
2023-01-05,135.15553257348236,136.30977874599188,134.40577007476463,135.65866088867188,394100.0
2023-01-06,137.17793749014706,141.19313421710498,136.78331375988247,141.12408447265625,160800.0
2023-01-09,141.79489026127936,141.95273971779233,137.9079339514259,138.05592346191406,332900.0
2023-01-10,138.35189377761102,138.54919808062888,134.82995100266098,137.80929565429688,253200.0
2023-01-11,138.98327138127652,141.6666519513499,137.61198620456165,141.45947265625,265600.0
2023-01-12,141.92313632120513,141.92313632120513,139.05231159799825,140.4334716796875,192800.0
2023-01-13,139.565352410389,142.89985137517397,139.39764297267607,142.2487335205078,186100.0
2023-01-17,141.71597502534243,142.13033363978138,139.3088383923739,140.42361450195312,184200.0
2023-01-18,140.571587130107,142.94912858396106,139.4173412657832,139.5357208251953,143100.0
2023-01-19,138.48013105040226,138.7267651885149,135.19496252433976,135.638916015625,200200.0
2023-01-20,136.04340059069165,138.8353011694804,134.6228004325995,138.53933715820312,326100.0
2023-01-23,138.45053865269082,141.97248143400674,138.19404456363932,140.26576232910156,258200.0
2023-01-24,138.13485733457756,142.45587735586037,138.13485733457756,141.26217651367188,203400.0
2023-01-25,140.04875262045564,143.19579196021314,139.68372381543037,142.7814483642578,245000.0
2023-01-26,141.6962438085265,142.55452575551806,131.78154886814696,137.16802978515625,604500.0
2023-01-27,137.09900195201502,140.3447009661591,135.96449080519184,139.21018981933594,352700.0
2023-01-30,139.03258378859945,141.33121567421205,137.98685749157238,139.62451171875,358700.0
2023-01-31,141.08460639095682,144.20206593915205,140.80837732246917,144.11328125,345700.0
2023-02-01,143.14647447419776,147.5168246245086,143.05767473481458,146.0863494873047,292200.0
2023-02-02,146.49081199195336,150.1015241830052,146.28363270109136,149.12486267089844,286700.0
2023-02-03,147.60559556094742,149.77598803961217,145.81996679260774,146.6387939453125,292600.0
2023-02-06,145.4155139948362,146.01730202715953,143.68907464593312,145.29713439941406,238500.0
2023-02-07,144.8136914505784,148.6414580261317,143.1661772423771,147.88182067871094,299300.0
2023-02-08,147.28990384567314,147.42801835483775,144.08366019052403,144.99127197265625,265600.0
2023-02-09,146.12579802723016,146.8361055915302,142.3276411062952,142.36709594726562,154200.0
2023-02-10,141.52858206545324,142.98865237758773,140.56176512127016,141.8541259765625,265800.0
2023-02-13,141.58775274883874,143.18593740100212,140.44336655312284,143.09715270996094,207300.0
2023-02-14,142.62362134040848,144.25140091282296,140.77878743120223,142.30792236328125,164000.0
2023-02-15,141.67651320400842,145.78050882589184,141.67651320400842,144.35989379882812,247100.0
2023-02-16,141.98231862477803,144.6755588149059,140.7096932766278,141.5778350830078,244000.0
2023-02-17,141.1339226282708,143.16618560192225,140.4038951833788,141.8738250732422,237800.0
2023-02-21,139.6639766869673,140.7097029471393,135.78688049316406,135.78688049316406,240400.0
2023-02-22,136.6155869453072,137.95727735086376,136.35909284327218,137.6711883544922,230600.0
2023-02-23,138.27297176083422,139.1904435618916,135.57971603768698,137.96714782714844,155100.0
2023-02-24,136.07298798924856,137.1877791805174,135.0371365868829,136.89181518554688,295200.0
2023-02-27,138.5492008011539,139.98953578948448,137.8191583069641,137.96714782714844,247800.0
2023-02-28,137.79943399303966,139.38775862411163,137.79943399303966,138.4308319091797,196200.0
2023-03-01,138.13484578985367,141.42001416135,138.1151108447943,141.36080932617188,332000.0
2023-03-02,140.40390103366505,144.06394351741702,139.11152539778107,143.63973999023438,314300.0
2023-03-03,144.32040585408413,145.8988701430033,142.85047622654614,145.54371643066406,257300.0
2023-03-06,145.44507604273176,145.44507604273176,142.4756064525262,143.29443359375,592400.0
2023-03-07,143.59042119472613,144.2316640350784,141.61734777412764,142.42630004882812,264300.0
2023-03-08,142.58412165313467,144.1823059942227,140.80835291117427,142.7518310546875,231800.0
2023-03-09,142.5446536807688,143.71861938346058,138.53930314445992,138.60836791992188,171900.0
2023-03-10,138.0953715260103,138.90433866094614,132.2156225661456,134.16896057128906,300500.0
2023-03-13,131.48561157801632,135.00755486029533,130.7654439942534,132.09725952148438,260700.0
2023-03-14,135.40212931488819,136.95099878475477,133.586905838881,134.95819091796875,296100.0
2023-03-15,131.89008421266772,132.32416273754683,128.01298743668326,129.8479461669922,318500.0
2023-03-16,128.9978957155477,134.08823647034163,128.28623648412798,133.99928283691406,259100.0
2023-03-17,133.25798064960134,133.8806712041692,130.06539262014797,130.39157104492188,724800.0
2023-03-20,132.3584838737661,134.49346111265834,131.5677498872879,133.8015594482422,194400.0
2023-03-21,136.36161231620835,139.37626317699414,136.36161231620835,138.55587768554688,360400.0
2023-03-22,138.28900099789146,140.40420627259996,136.88545498215032,136.90521240234375,409000.0
2023-03-23,137.0831289561713,139.81114594541867,136.13424495704206,137.44883728027344,361400.0
2023-03-24,135.44238712627234,137.42909409950252,133.92023600104167,137.2808380126953,204400.0
2023-03-27,138.64481564278935,139.90998417043767,137.70582549708143,138.8721466064453,145400.0
2023-03-28,139.31695517042155,141.7385665389643,138.59541714807239,141.3333282470703,164100.0
2023-03-29,142.4601162360466,142.8950208140201,141.6298370044604,142.47987365722656,159000.0
2023-03-30,143.72529101955544,145.7910727699716,142.47000094969422,143.05316162109375,184000.0
2023-03-31,143.97237609259568,146.09746000086938,143.4682753378148,145.04974365234375,202300.0
2023-04-03,144.80264571946358,145.9788607496905,143.34967598588915,145.67245483398438,244200.0
2023-04-04,145.98874467898125,145.98874467898125,140.72049625291652,141.51123046875,240700.0
2023-04-05,139.6628950450563,140.27570687173747,135.3039858779851,135.8377227783203,275800.0
2023-04-06,135.48192964199416,136.63837234379815,133.60393377901138,134.71095275878906,273200.0
2023-04-10,133.74232070718884,138.39775814584712,133.74232070718884,138.28903198242188,263200.0
2023-04-11,138.87216380285838,140.92806668536707,138.74366515957647,140.10768127441406,201100.0
2023-04-12,141.67927022287185,142.34150584483368,140.7995822973402,141.3234405517578,237100.0
2023-04-13,141.21469532769694,143.18164450542392,140.45362744999346,143.10256958007812,214800.0
2023-04-14,142.608367649758,144.30844089979507,141.63972617352772,142.0746307373047,230600.0
2023-04-17,141.36296908632394,142.21300569703294,140.4733874712098,142.00543212890625,190400.0
2023-04-18,143.043260256956,143.794449388508,141.57051812217722,142.0449676513672,203300.0
2023-04-19,142.14381666216215,144.55554926472453,141.72868458693435,144.4468231201172,275900.0
2023-04-20,143.36946011246766,148.11385054052684,143.3200363938626,146.55215454101562,352500.0
2023-04-21,146.87833733971786,147.09578964242553,143.55726544982107,144.18984985351562,274900.0
2023-04-24,144.0218067991045,146.1172395979115,144.0218067991045,145.52418518066406,204300.0
2023-04-25,144.44681194301717,145.01021512566012,143.41886808608933,143.78457641601562,186300.0
2023-04-26,142.88515236970483,144.58522597683555,141.77813330720244,141.85720825195312,296700.0
2023-04-27,142.2821923106374,145.6329151679941,142.2821923106374,145.17825317382812,255900.0
2023-04-28,145.17823609371158,147.9359041937176,144.7532102809944,146.49282836914062,306400.0
2023-05-01,146.01839216791365,148.44989718023118,146.01839216791365,147.22425842285156,236600.0
2023-05-02,146.97715206226897,148.44000049241205,144.5456621793825,148.0545196533203,251600.0
2023-05-03,148.80571396267246,151.7215319179864,148.80571396267246,148.99351501464844,333300.0
2023-05-04,149.4481868560174,156.4560381714924,149.4481868560174,154.5879364013672,675500.0
2023-05-05,156.5944493707452,159.6190093932032,155.47755161685382,158.225341796875,546400.0
2023-05-08,158.26484219814807,159.81665939146964,157.15782336296357,158.12646484375,335200.0
2023-05-09,157.3554672106515,157.9880514123045,156.3670534529439,156.92056274414062,264000.0
2023-05-10,158.5811475281517,159.16430817933824,156.11999119276976,157.04910278320312,265300.0
2023-05-11,156.00137956472716,157.13804960376459,155.07226801462684,155.9915008544922,320300.0
2023-05-12,156.03104675998517,157.00958212549432,154.88448281126773,156.475830078125,306800.0
2023-05-15,156.50546409843224,157.89913141321486,155.13156928597286,157.7904052734375,353200.0
2023-05-16,156.96014889176706,157.29620603781493,154.75598985715763,156.51536560058594,197700.0
2023-05-17,157.29621511431813,159.09513596814446,155.99151637943473,158.75906372070312,392300.0
2023-05-18,160.44924037300854,164.78837706592955,158.8578932898006,164.1063690185547,642000.0
2023-05-19,166.30066431532336,167.22977593769414,163.77032675431445,165.27272033691406,513500.0
2023-05-22,165.83609419068392,166.38960359913057,163.6418139771989,165.17385864257812,419100.0
2023-05-23,164.21512098387552,165.49016856019017,163.2761305880466,164.81805419921875,446400.0
2023-05-24,163.32551938160907,164.1656621531507,162.23825805137955,162.9795684814453,486600.0
2023-05-25,163.35518633811276,165.16398577166393,163.35518633811276,164.63023376464844,262400.0
2023-05-26,164.81805722771534,165.56924654178093,163.03890876597814,164.25465393066406,236700.0
2023-05-30,164.26452473570401,164.83780666436652,162.03069944781205,162.71270751953125,229000.0
2023-05-31,162.20863380980802,163.6220586921054,160.65681647883636,161.04229736328125,294700.0
2023-06-01,161.25972661700507,162.27779175815763,160.20213155473965,161.20042419433594,407300.0
2023-06-02,163.07842939532145,167.2198713383369,163.07842939532145,167.1111602783203,364100.0
2023-06-05,166.2512125506655,166.2512125506655,162.22837587869168,164.44241333007812,358900.0
2023-06-06,164.4029044393106,166.88381818011413,162.91040471058827,164.4819793701172,356700.0
2023-06-07,163.93833080141715,167.70418536439098,163.93833080141715,164.72906494140625,545800.0
2023-06-08,164.35348354593032,166.55764260777906,163.3156457990146,166.46868896484375,253700.0
2023-06-09,165.75702048728823,166.1326226237931,163.7505413258549,164.49185180664062,234100.0
2023-06-12,164.3238022906436,165.3715185567905,163.5330681955521,163.60226440429688,208300.0
2023-06-13,164.06682490913622,166.29075613287944,164.06682490913622,164.8575439453125,321400.0
2023-06-14,165.40120861227618,165.84599193210371,162.68306989088333,164.8279266357422,429700.0
2023-06-15,163.70933177566164,168.2727620400447,163.70933177566164,167.7580108642578,337800.0
2023-06-16,168.28268514219943,171.23257739362623,167.6986488600565,168.6984405517578,936300.0
2023-06-20,167.76792065258212,170.62872547032597,166.70873757223507,170.3119659423828,503100.0
2023-06-21,169.9852879183576,174.528916170711,169.79720487923555,172.80650329589844,410700.0
2023-06-22,172.2521404849506,173.33114075280082,169.61902336178977,172.1927490234375,411400.0
2023-06-23,170.51981991538824,174.49921400837906,170.51981991538824,172.60850524902344,631600.0
2023-06-26,172.22245974819282,174.13297085284742,172.22245974819282,173.05398559570312,309500.0
2023-06-27,173.44991245431012,178.55778927899675,173.16283360271063,178.21131896972656,409500.0
2023-06-28,178.28064570342107,180.17133950847443,177.8252859521892,180.12185668945312,351900.0
2023-06-29,179.7753958585638,183.12125629449432,179.7753958585638,183.0519561767578,244100.0
2023-06-30,184.44770174284434,185.07134233523215,182.89355458551137,184.5367889404297,251100.0
2023-07-03,183.56668711766997,184.96244691959828,183.12123603961587,183.76466369628906,157600.0
2023-07-05,182.44809918856802,183.4973886588718,180.96325217859587,182.17092895507812,328700.0
2023-07-06,177.50851513268432,179.2210344291291,175.4000275767486,176.8551788330078,342300.0
2023-07-07,177.15215617945285,179.59719039084322,177.15215617945285,177.7856903076172,324600.0
2023-07-10,177.7856912568296,181.12164276618532,176.85518469697905,180.33961486816406,236000.0
2023-07-11,181.39881877813792,183.02225098593652,179.95356097020527,181.68588256835938,243300.0
2023-07-12,183.13114467117052,183.95276188955003,180.210948358154,181.62649536132812,285800.0
2023-07-13,183.8933467770311,185.8731426810816,182.10163390060842,185.81375122070312,315800.0
2023-07-14,186.6452458643336,187.02139678267795,183.8636352745001,185.89291381835938,379600.0
2023-07-17,186.10082551267647,190.05052400245276,186.02163185947538,189.73374938964844,346800.0
2023-07-18,188.9616422123522,191.51558104867556,188.9616422123522,190.99093627929688,363200.0
2023-07-19,190.50586824890362,191.41657260193858,188.51617869435773,190.59495544433594,335100.0
2023-07-20,192.0897111004874,192.0897111004874,188.941827586742,190.59495544433594,318000.0
2023-07-21,190.57516643155992,191.2581984655873,187.8430382954504,188.98143005371094,337800.0
2023-07-24,188.7240532028379,190.39698328873158,186.79375506705486,187.5361785888672,294400.0
2023-07-25,186.5957631286353,189.4862633231635,186.5957631286353,188.3973846435547,291400.0
2023-07-26,188.31818689875783,189.8822274345516,187.605459183595,187.88262939453125,388200.0
2023-07-27,184.31901305358255,186.90264755655718,179.68629745081176,181.4285125732422,493700.0
2023-07-28,182.1412354347349,182.26001836348854,179.2012371109222,180.4980010986328,366800.0
2023-07-31,181.72546408675828,182.88364285411615,180.458395942744,182.50747680664062,383900.0
2023-08-01,183.02226450202366,186.249326965515,182.68570276321378,185.41781616210938,236600.0
2023-08-02,183.98243871079114,187.5361688250648,183.98243871079114,185.6751708984375,388500.0
2023-08-03,184.15073068080022,185.36830103744632,181.31962168977878,185.16043090820312,339800.0
2023-08-04,186.47698619613408,189.16950990852095,184.24971574244498,186.1701202392578,265800.0
2023-08-07,186.66506816553292,189.72384927939206,185.4672849712181,189.0408172607422,223700.0
2023-08-08,187.37778134004353,188.07072200736232,185.82364937123418,187.60546875,250100.0
2023-08-09,188.39740751273925,188.6844713063553,184.65557892020468,185.15052795410156,208800.0
2023-08-10,184.229892467538,185.63554562486945,182.07190726498501,182.60646057128906,304800.0
2023-08-11,182.5174158829678,183.83398216399164,181.51760913843714,181.72549438476562,170800.0
2023-08-14,181.86407669526608,183.30931943528648,180.80487849810058,183.19053649902344,126300.0
2023-08-15,182.70547966487604,183.14102209352893,181.12163683554766,182.27981567382812,176800.0
2023-08-16,182.63618172403937,183.60627753858466,180.85436229604662,180.8939666748047,185400.0
2023-08-17,181.47797951333646,183.27958579417236,174.71697520420852,174.85556030273438,773700.0
2023-08-18,173.23214597717174,174.53881855705743,171.9155798551879,173.67759704589844,297800.0
2023-08-21,174.23194971118969,175.25154349062174,171.05438544081073,174.647705078125,265100.0
2023-08-22,173.6380026951268,176.9145624864776,173.6380026951268,176.32061767578125,183000.0
2023-08-23,175.9147458901306,178.67655412502347,175.59797134173073,178.6072540283203,187300.0
2023-08-24,177.49863151600803,178.55782976678526,175.14266912990297,175.22186279296875,210400.0
2023-08-25,175.37033672378905,178.30042640230724,172.57881705914158,177.7856903076172,435700.0
2023-08-28,178.09256111988415,181.6759872137005,178.09256111988415,179.7852783203125,350400.0
2023-08-29,179.4289033717082,184.58627852098954,178.00346296082608,184.36849975585938,249700.0
2023-08-30,184.74468518359492,187.77377091919217,184.74468518359492,185.95236206054688,299700.0
2023-08-31,186.674986444156,188.96164864984866,185.81377992633574,187.4075164794922,343800.0
2023-09-01,188.20928268414437,193.98038895086094,188.20928268414437,192.8123016357422,302100.0
2023-09-05,190.8622459997614,191.9511399274045,181.54730146079692,182.2006378173828,462300.0
2023-09-06,182.15111895774277,184.54667021858856,179.18142506509432,181.92344665527344,287800.0
2023-09-07,179.72587247807667,181.77496852006774,176.93436806545384,178.84486389160156,472100.0
2023-09-08,178.03318388062686,180.63660567905822,177.59762628874267,178.5875244140625,186800.0
2023-09-11,180.0525517797129,180.90386468831431,178.92406863153386,180.26043701171875,183300.0
2023-09-12,178.89439579037122,180.27035362171532,177.69661237670684,178.3697509765625,167800.0
2023-09-13,177.47882355687545,178.36974090892994,173.9745909318041,175.2317657470703,307700.0
2023-09-14,176.7682600837577,177.98755234338742,174.78566415707226,176.41139221191406,295000.0
2023-09-15,175.11279629314333,175.94549815952124,171.44499649541189,172.43629455566406,683200.0
2023-09-18,172.76341109656553,173.48705438815907,169.94812845786709,172.4660186767578,405000.0
2023-09-19,172.22812247578224,172.5750677052351,169.74987743965903,172.0199432373047,248000.0
2023-09-20,173.15992989263518,174.0917524463201,169.39300953877046,169.65074157714844,286800.0
2023-09-21,168.12414030543167,168.12414030543167,162.32504118078424,162.66207885742188,423200.0
2023-09-22,162.8801537415729,163.85162143763156,160.22348265920695,161.08590698242188,523800.0
2023-09-25,160.42175773253066,163.13791970766957,160.24331622636473,162.14662170410156,330700.0
2023-09-26,161.46260184670857,163.87144840944273,161.0264283639077,161.39320373535156,260800.0
2023-09-27,162.80086511717087,166.24067036215985,161.91861050864674,165.12051391601562,413600.0
2023-09-28,165.29893533641805,168.94690457991103,165.29893533641805,167.40048217773438,219000.0
2023-09-29,168.72881435227862,168.8378577212378,164.9618794826033,165.0709228515625,300600.0
2023-10-02,165.0709694783197,166.2406940157382,162.49358827999453,163.53445434570312,243900.0
2023-10-03,162.21599676988114,163.90120026837434,158.9149727642294,160.09461975097656,382000.0
2023-10-04,161.09581882540743,166.32987060990985,160.73895097073654,165.98292541503906,296900.0
2023-10-05,165.59631247824328,167.34099128692128,164.51580142842576,166.03248596191406,209800.0
2023-10-06,165.23947514354396,169.67057865774314,164.8231317757276,167.7672882080078,191500.0
2023-10-09,166.54798640386758,168.2728505232242,164.92225814376454,167.68798828125,172300.0
2023-10-10,168.24309056464665,170.5428939606281,167.20222468402295,168.20343017578125,204400.0
2023-10-11,168.48101245829528,170.5528216200515,168.48101245829528,170.29507446289062,163100.0
2023-10-12,170.76098959002115,170.76098959002115,163.7921657966259,164.71408081054688,271400.0
2023-10-13,164.84293029838983,165.76484526215756,162.27547222491842,163.09825134277344,247700.0
2023-10-16,165.3385827271335,166.9742334627966,164.86276393403458,165.5269317626953,138100.0
2023-10-17,164.3473060854075,166.72643061175185,164.3473060854075,165.54678344726562,350300.0
2023-10-18,163.45513576051164,163.45513576051164,157.85430779754003,157.92369079589844,246100.0
2023-10-19,158.01290298593975,159.92611608634553,155.39587674119372,155.99066162109375,377500.0
2023-10-20,156.27813482612427,156.91256498645646,152.70947084650874,153.68093872070312,539200.0
2023-10-23,152.55083668469663,156.58542648965428,152.55083668469663,152.99691772460938,490800.0
2023-10-24,154.76144185608402,155.79240026620914,153.42319860629675,154.2657928466797,252300.0
2023-10-25,152.75900407631926,153.33394351595445,150.46909334685512,150.78631591796875,392200.0
2023-10-26,149.4778179196309,149.4778179196309,145.13594298985822,146.36514282226562,481400.0
2023-10-27,147.14827721344713,148.20895820556842,143.7679474107108,146.4642791748047,382600.0
2023-10-30,147.44567031568081,152.33276220680872,146.910360923845,151.66859436035156,414800.0
2023-10-31,151.2621580913058,153.37362767025374,151.2621580913058,152.5706787109375,306000.0
2023-11-01,152.76893969604416,157.68578457023625,152.32285860865755,157.29916381835938,285700.0
2023-11-02,160.2730518564069,162.0673139252016,159.64854440802657,160.01531982421875,396300.0
2023-11-03,162.49356906407024,164.60503867972614,161.62122196914999,163.6434783935547,264700.0
2023-11-06,164.02018007273844,164.87269699071769,163.19740088582765,163.435302734375,221400.0
2023-11-07,162.54313311751076,163.8219008730001,161.77982942764126,163.1180877685547,222200.0
2023-11-08,163.92106027500841,164.9520036803818,162.72158287572876,164.63479614257812,226000.0
2023-11-09,165.9532016154383,165.9532016154383,163.01895288343954,163.68312072753906,172200.0
2023-11-10,164.93216111855608,166.3497099554276,163.68311599548744,166.3298797607422,154000.0
2023-11-13,165.28903973589863,167.45996972584373,165.28903973589863,166.33981323242188,231100.0
2023-11-14,169.70030181037794,174.98392180266944,169.70030181037794,172.97158813476562,252400.0
2023-11-15,173.17973614042776,175.10285644256524,171.00879136896341,171.5044403076172,352100.0
2023-11-16,172.0100279851055,173.54654286376595,170.70150740425714,171.3359375,299500.0
2023-11-17,172.51557552556235,174.43869590738015,171.62341344942283,174.35939025878906,211200.0
2023-11-20,173.79434880045972,174.65677310193473,171.54409841359407,174.2800750732422,260500.0
2023-11-21,174.40896929382123,178.45346687366032,174.40896929382123,175.4696502685547,315900.0
2023-11-22,176.53035718925122,178.31469669060638,176.2527949474857,176.84756469726562,173500.0
2023-11-24,176.10408626526714,178.50304077178498,176.10408626526714,177.7595672607422,82500.0
2023-11-27,176.82775782976012,179.910695489387,176.62948611129508,179.365478515625,180300.0
2023-11-28,179.23657677949294,180.31708789582316,176.12390187606067,176.22303771972656,223300.0
2023-11-29,177.03592249341867,179.69260924360296,177.03592249341867,178.46339416503906,238700.0
2023-11-30,178.2551951264713,180.41621728178143,176.86736899485427,179.4744873046875,266400.0
2023-12-01,179.4645770177439,183.7370839548722,179.4645770177439,183.5189971923828,187600.0
2023-12-04,182.6565613310916,184.6193422327651,182.23031045788406,183.67759704589844,207300.0
2023-12-05,183.01342401963132,183.01342401963132,180.8028338103367,180.85240173339844,215700.0
2023-12-06,182.42854794381077,184.89688511439786,182.31950457179275,183.15219116210938,240900.0
2023-12-07,183.66768580374628,186.5424438527613,183.0729009741538,186.5226287841797,157000.0
2023-12-08,185.5313045868976,189.15945825721857,185.5313045868976,187.41476440429688,210600.0
2023-12-11,187.25616517628183,189.20902322763578,186.5820898722639,186.7208709716797,159000.0
2023-12-12,188.38625917259995,189.6353042928534,186.71097831262043,188.99095153808594,179000.0
2023-12-13,188.9314714537608,191.0627711082543,185.09515325208116,190.63650512695312,451300.0
2023-12-14,193.614260758168,202.33911991834412,192.51248719975413,201.95201110839844,608800.0
2023-12-15,201.41601363260287,204.13571099483653,200.04623694820626,202.05126953125,460600.0
2023-12-18,202.44832260592725,202.8354314490958,199.3018042692054,201.80313110351562,261500.0
2023-12-19,203.7188259194876,204.4036991166234,201.07853743535722,202.74607849121094,215400.0
2023-12-20,201.95204562818682,204.93973130559857,199.9668687977132,200.0561981201172,255400.0
2023-12-21,202.25972357460685,202.7957145963243,198.34892322139802,200.08595275878906,254800.0
2023-12-22,201.5450744663808,202.54758328209846,200.06611232128535,201.89247131347656,135500.0
2023-12-26,202.63691946823562,204.85040254518825,201.80314883211665,203.5997314453125,114100.0
2023-12-27,203.72874687233752,204.29452946854283,202.9148172032061,204.27467346191406,97400.0
2023-12-28,203.67910303176942,204.13570028451056,202.00162648934065,202.72622680664062,104900.0
2023-12-29,201.8726150549663,202.88504422486392,200.91972361457934,201.33660888671875,105500.0
2024-01-02,199.55987966410993,201.88253263857266,197.4655177566169,198.9841766357422,200800.0
2024-01-03,196.71115960331792,198.20997776350615,194.8153272916239,195.00392150878906,227700.0
2024-01-04,195.06345715682318,197.67395408942718,194.47781854849404,195.98655700683594,228100.0
2024-01-05,195.10316761078064,199.16285040967304,195.10316761078064,198.63677978515625,219200.0
2024-01-08,200.6318843397502,202.77586362556386,199.33159604849175,202.428466796875,248300.0
2024-01-09,200.5127525670149,202.15053231297424,198.58714403026434,202.0612030029297,146400.0
2024-01-10,201.644316026158,204.2250517788472,200.9991396608338,204.0166015625,160200.0
2024-01-11,203.53023405512513,203.82801357442662,200.34401894628164,203.15304565429688,116900.0
2024-01-12,203.48063417484403,203.65929282759913,200.2150248075597,201.4061279296875,132600.0
2024-01-16,200.50283987667692,200.98921360407576,198.2397397273483,198.75588989257812,207400.0
2024-01-17,196.5325100853456,198.22984297291686,196.11562476022402,197.3265838623047,196600.0
2024-01-18,198.1007847338129,200.48299071581496,197.41589634892085,200.18521118164062,202300.0
2024-01-19,200.77085697239454,203.15306303927446,198.59708598487578,202.9346923828125,171400.0
2024-01-22,204.06624355698156,209.44607081571937,204.06624355698156,208.00682067871094,261400.0
2024-01-23,207.81819267138883,207.81819267138883,202.46814272259044,204.8900604248047,321600.0
2024-01-24,207.212724576813,207.84798047232036,204.3937774871051,205.88265991210938,437700.0
2024-01-25,208.44353881501274,211.31211833859155,202.75601221099777,210.82574462890625,417300.0
2024-01-26,214.27996172257573,215.38173531400807,212.77122330329559,214.3097381591797,365100.0
2024-01-29,215.3122789382446,223.69964808495752,213.4958403063455,222.7169952392578,532200.0
2024-01-30,223.04453694896225,228.02731960923361,222.0916454596435,227.1637725830078,632500.0
2024-01-31,225.66496681619012,228.31517588598885,224.32496648906104,224.60289001464844,451500.0
2024-02-01,226.4987327696357,232.73218625176554,224.950297402771,232.13662719726562,393300.0
2024-02-02,229.92316435245255,235.6702442239551,228.08686985015396,234.47914123535156,293000.0
2024-02-05,231.69989238307792,233.585819344551,229.3276068210152,231.8289337158203,335800.0
2024-02-06,231.87857755394077,235.27322807652195,231.54110113170864,234.07220458984375,311800.0
2024-02-07,236.9407592384075,240.21628850468048,235.759576740682,238.49911499023438,343400.0
2024-02-08,238.50903204975714,241.86398529561743,237.7447499761331,241.57614135742188,327700.0
2024-02-09,242.61836657867707,242.9062256858699,241.0302342834587,241.41734313964844,371300.0
2024-02-12,242.67792011595066,247.16440834917012,242.37020501904928,244.54397583007812,334700.0
2024-02-13,237.45688560742937,238.73733294662088,232.26565323949507,238.60829162597656,485600.0
2024-02-14,241.60590967152814,245.57626267323818,239.59095673481585,243.4918212890625,328000.0
2024-02-15,245.7748045229694,247.51183415365878,241.35778934835568,247.19419860839844,319400.0
2024-02-16,248.14709173391557,250.43996843822552,244.54399111531623,244.68295288085938,356700.0
2024-02-20,242.46947756581616,243.89880719331765,238.56861267431478,240.33541870117188,340700.0
2024-02-21,240.27587456456874,241.20889491219208,239.55127414785207,240.50416564941406,214500.0
2024-02-22,242.1915493912109,248.23640860785244,242.1915493912109,247.66070556640625,286200.0
2024-02-23,248.98086503543797,249.37790947394896,246.09242922126936,246.8269500732422,223300.0
2024-02-26,246.5688809269848,250.1322695446578,246.2115485075217,249.1297607421875,215600.0
2024-02-27,249.61611719842594,251.2538970842163,248.72279373031952,249.20916748046875,247300.0
2024-02-28,248.29595972335107,251.14469847252715,248.29595972335107,248.85182189941406,207900.0
2024-02-29,251.4325497133915,253.4673588373562,250.56900270513708,251.6707763671875,271000.0
2024-03-01,251.1049966156507,254.71801760487963,251.1049966156507,254.3011474609375,247600.0
2024-03-04,255.94882660143284,259.4725335455687,255.71061508210641,256.76275634765625,275800.0
2024-03-05,255.23417160204679,257.8347481177284,252.5144590448498,253.10009765625,264000.0
2024-03-06,255.0852813028536,256.47492928550963,251.18441619014803,254.3209991455078,296100.0
2024-03-07,255.75030142030568,260.4551602029689,255.75030142030568,257.6461486816406,169700.0
2024-03-08,257.5071840701462,259.7107313820022,253.99342803393293,255.08526611328125,174600.0
2024-03-11,253.86438317321722,254.47979823045395,245.38768558778006,249.74514770507812,312300.0
2024-03-12,250.5094500799783,253.3085413228393,250.35063231062128,252.57403564453125,303800.0
2024-03-13,251.92883853555097,254.77756216121836,247.69048217744657,248.14707946777344,662600.0
2024-03-14,247.54098747024463,251.55505157023848,246.31888601032205,248.75315856933594,669000.0
2024-03-15,246.43810665209946,250.61114741718208,246.43810665209946,247.96823120117188,518200.0
2024-03-18,249.29963324109536,250.39256421298356,247.3124694803645,248.2762451171875,237300.0
2024-03-19,247.958298348969,252.65793652524806,247.8490037327366,252.53871154785156,209100.0
2024-03-20,252.54863485971035,259.98063823435206,252.54863485971035,259.8415222167969,323600.0
2024-03-21,261.0139747990936,263.21972780917685,259.26526096862386,263.03094482421875,248500.0
2024-03-22,264.64055101016345,266.1408390937377,261.5604409873748,265.85272216796875,284800.0
2024-03-25,265.74344208470006,267.17420263811147,264.6405805823757,266.42901611328125,263700.0
2024-03-26,267.2735300159758,268.43603417581465,265.71359916209144,268.336669921875,360200.0
2024-03-27,269.56871129346354,270.969665454881,264.4418248905252,267.4027099609375,249500.0
2024-03-28,267.9392225325601,270.5622627680304,265.5049349467691,270.005859375,278800.0
2024-04-01,270.6020484584628,270.67160647174035,266.6972786965376,268.0882873535156,229900.0
2024-04-02,266.7071695819983,267.0449837734869,260.88479447656465,262.3254699707031,310900.0
2024-04-03,260.8350879286405,265.60429884775795,260.8350879286405,264.22320556640625,321900.0
2024-04-04,266.6872948971971,268.75393170212897,258.02326037791346,258.3312683105469,253000.0
2024-04-05,259.7024907402123,265.30627794335413,259.7024907402123,265.028076171875,231800.0
2024-04-08,266.0812142133716,268.2373002254339,263.91521300131564,264.56103515625,172800.0
2024-04-09,264.9485784928,266.0514399531072,255.91692179455518,257.5265197753906,249900.0
2024-04-10,251.79353049156944,256.4236107559516,250.7204601895275,251.49545288085938,343500.0
2024-04-11,253.5521555740729,257.0793590246687,253.07524052951973,255.57907104492188,273300.0
2024-04-12,253.26402282714844,254.47619397037246,250.5813547019756,253.26402282714844,258200.0
2024-04-15,258.4207179489969,258.4207179489969,248.20669702368042,248.35574340820312,302500.0
2024-04-16,248.16695537177245,248.5643820673717,245.0868454178799,247.1833038330078,197800.0
2024-04-17,248.3954902287042,249.677204287507,243.00034745814838,243.27854919433594,312900.0
2024-04-18,245.8419630801459,247.09388598137355,240.26798315651482,240.8243865966797,241400.0
2024-04-19,241.09263683105414,242.8612113624832,235.40934727134174,236.66127014160156,525300.0
2024-04-22,238.0622293515856,245.34517133847703,236.73081808307035,243.3282012939453,324000.0
2024-04-23,244.02372479112458,252.2605122092931,244.02372479112458,251.82333374023438,339400.0
2024-04-24,252.3499218547528,255.2511791275494,248.2961059615578,251.50538635253906,262000.0
2024-04-25,246.17977925886646,252.81689874071594,244.5503056310404,252.30023193359375,208800.0
2024-04-26,253.59190844259206,255.4300258926129,252.2406364289753,255.052490234375,150300.0
2024-04-29,255.94675635751634,257.10923044040857,254.34708856174962,256.6521911621094,148300.0
2024-04-30,254.59541309379534,256.8409178619973,248.86245652000375,249.10092163085938,173800.0
2024-05-01,249.24995234492738,256.6719950798963,246.7361913880662,250.97879028320312,234500.0
2024-05-02,254.81400589414886,255.35054861088182,246.92497833366377,255.28099060058594,278700.0
2024-05-03,259.8018275953013,264.8392652000438,258.6591840585138,259.4441223144531,393300.0
2024-05-06,261.8883075176665,264.9783630371094,261.8883075176665,264.9783630371094,171500.0
2024-05-07,264.48156909907976,268.55526096439434,261.5802966017118,266.6078186035156,285500.0
2024-05-08,264.7497949057553,267.2735011389303,262.65335188618667,265.6440124511719,183500.0
2024-05-09,265.7931099534443,267.2933980385711,265.07772975593826,265.5645751953125,208000.0
2024-05-10,267.2337939072647,269.4693533041788,266.94567697218605,267.4225769042969,195300.0
2024-05-13,267.9193420021499,269.9164512401011,264.9783481919259,265.9917907714844,176900.0
2024-05-14,265.842765967094,267.22385933772944,264.1338039168968,266.9754638671875,136700.0
2024-05-15,269.05205003185955,274.8346736204428,269.05205003185955,272.1917724609375,297800.0
2024-05-16,270.5722175983924,271.1484817318182,256.2944512163345,256.5428466796875,319600.0
2024-05-17,257.8742707290823,259.50372937834265,253.49257064108912,254.65504455566406,300200.0
2024-05-20,254.35699450132554,256.98998076287484,253.8900097438646,255.32077026367188,356300.0
2024-05-21,228.6530103039928,242.08622684099842,226.85462946866414,240.73495483398438,1072000.0
2024-05-22,239.01606321568124,240.4468236000301,234.48533210581448,237.26736450195312,454500.0
2024-05-23,239.76123122849796,239.76123122849796,231.33566147582545,234.07794189453125,333800.0
2024-05-24,236.32346584532758,236.97921839057872,233.40233257344335,236.7407684326172,216700.0
2024-05-28,237.46607082724873,237.46607082724873,229.75588084741875,230.73951721191406,298500.0
2024-05-29,228.52383460284221,229.8254244524518,224.81777839975769,227.2719268798828,463900.0
2024-05-30,228.35492380626852,232.5875771294788,228.35492380626852,232.0311737060547,279100.0
2024-05-31,232.32927425891208,233.08439109948554,223.16844726708783,230.8985137939453,478500.0
2024-06-03,232.3888509707207,232.3888509707207,224.57929726925704,225.5828094482422,335600.0
2024-06-04,224.12228964245938,226.0995080368056,221.37999373421692,222.79087829589844,320900.0
2024-06-05,224.2017456027722,229.02062379468182,222.07548098178512,228.3748016357422,242100.0
2024-06-06,227.510379351886,229.16965930656724,225.1555950989636,225.9305877685547,212800.0
2024-06-07,225.1854219144488,226.16907354379995,222.62197855744782,223.24794006347656,237000.0
2024-06-10,221.64828070443673,225.8610739625653,220.72424153442137,224.1421661376953,236800.0
2024-06-11,222.92004575467934,223.67516257486244,219.84988118367517,221.81716918945312,263800.0
2024-06-12,227.22224314714583,234.15744044233708,226.40749872624002,227.74884033203125,281600.0
2024-06-13,226.92415119631588,231.07733108633352,225.49339095020176,229.4379119873047,260000.0
2024-06-14,226.5366626109904,226.6062206179502,222.3934281009605,225.1257781982422,448300.0
2024-06-17,224.6682368935791,229.2039726436806,223.40500495155933,228.7862091064453,294400.0
2024-06-18,228.95529519280117,230.55672962121758,225.15562780725853,227.26434326171875,260000.0
2024-06-20,224.96662456061375,224.97656589007934,211.93633431004008,215.6663818359375,497400.0
2024-06-21,213.8063278113754,215.64649071920064,211.0809160478581,215.32818603515625,616400.0
2024-06-24,215.32818294571842,218.63052569608627,213.81628125100778,216.2432861328125,358600.0
2024-06-25,214.32356817581044,215.31824756023335,210.52388564206555,212.1452178955078,355200.0
2024-06-26,210.84217978641135,214.27382045553827,210.84217978641135,213.43829345703125,313200.0
2024-06-27,214.1942511848304,215.18893055154098,212.46351880041968,213.85606384277344,355500.0
2024-06-28,215.7360344374481,218.85932743558112,214.31365004897563,216.30300903320312,643600.0
2024-07-01,216.93958256041452,217.51648325439356,211.28979569300523,213.14984130859375,302300.0
2024-07-02,212.23472094296204,213.39849392216422,210.8222781345901,213.24929809570312,382000.0
2024-07-03,212.98073675593676,217.15840215214544,212.98073675593676,216.36265563964844,167200.0
2024-07-05,214.93030805909515,216.04434403429846,211.93632878693535,213.65711975097656,288900.0
2024-07-08,215.46744055717602,216.75058544562842,212.08553676574996,212.2844696044922,354300.0
2024-07-09,212.28445192459878,213.79636869280617,210.31499118315062,211.2599334716797,232600.0
2024-07-10,211.70756268624345,216.62128141641065,211.01129013244724,216.0145263671875,418600.0
2024-07-11,218.87920301122466,226.60786612853462,218.24260880812906,226.14036560058594,343200.0
2024-07-12,227.7417960553923,233.3915676121362,227.4234913705941,228.2391357421875,460500.0
2024-07-15,230.07927849810332,233.3617233954435,229.20395581145198,231.90948486328125,417500.0
2024-07-16,234.36636032754083,245.41724930234886,233.40152007492816,244.39273071289062,524200.0
2024-07-17,240.0957119635141,240.47367980456602,229.3830108642578,229.3830108642578,501700.0
2024-07-18,229.51232229807223,234.02815994005786,226.06078368499757,228.7066192626953,349800.0
2024-07-19,229.6117890175605,230.63630758519247,225.14568822592315,228.69668579101562,228200.0
2024-07-22,230.367741871135,233.93863706928047,228.0202980149453,233.54075622558594,268800.0
2024-07-23,232.72514359821238,239.2601794527617,231.61110751188997,238.79269409179688,398100.0
2024-07-24,235.7390065924144,238.27544197734693,226.06078074026885,226.19007873535156,317900.0
2024-07-25,227.32403130705694,240.74226234384972,227.00574178033645,234.36636352539062,409700.0
2024-07-26,238.7926812851713,246.86947283305116,238.15607192415365,244.76075744628906,597900.0
2024-07-29,245.32773979581793,250.07236503858115,244.86023923848046,247.4066162109375,627300.0
2024-07-30,268.5634114698982,274.1336216306849,260.7949685517222,264.18682861328125,813500.0
2024-07-31,265.3406642131982,278.20186049174805,263.38114474526355,270.8511657714844,552400.0
2024-08-01,270.612496039642,272.25371110538,257.5424234987227,260.3673095703125,319200.0
2024-08-02,251.3753869260029,252.6784145517271,243.29859480602468,252.24075317382812,495100.0
2024-08-05,233.7297593623526,246.1533104366178,230.0096681486665,242.46304321289062,327000.0
2024-08-06,240.02607983456554,248.61016777925033,237.39018553679932,244.4623565673828,278200.0
2024-08-07,248.5206526440515,251.17644480452793,236.355712728433,236.74363708496094,276600.0
2024-08-08,240.44384874265666,246.2229336674266,240.4339074125264,243.42788696289062,209700.0
2024-08-09,244.60159213667947,244.87014462181665,239.26015393492506,241.20973205566406,193200.0
2024-08-12,241.21968276716697,242.57244728501414,236.6242690448578,238.07650756835938,182700.0
2024-08-13,240.79197805174056,245.01936527488712,238.24560135280277,244.1639404296875,195100.0
2024-08-14,246.60089400983702,248.63004831235773,241.51808210192152,242.64207458496094,551900.0
2024-08-15,246.58100458471887,250.84818749205522,244.9198918929407,249.8435516357422,318000.0
2024-08-16,249.66454395698227,250.51002756732044,245.6161912776888,245.83502197265625,218800.0
2024-08-19,246.29255288214358,248.6499380697026,244.89005136500748,248.39132690429688,185200.0
2024-08-20,248.838945194146,249.71426792831684,246.01405932354416,247.61549377441406,196000.0
2024-08-21,251.65389135264397,255.81164401148152,249.76400654000932,253.99139404296875,170800.0
2024-08-22,254.0510502796452,255.3341951095583,251.24604729525996,253.1856689453125,144900.0
2024-08-23,257.32357250711334,266.21600875718957,256.0901494115621,264.4255676269531,181400.0
2024-08-26,266.76306564019944,270.30412180842694,263.0330179611503,264.2763671875,196300.0
2024-08-27,261.98861301374785,261.98861301374785,252.74803319594957,254.5682830810547,185700.0
2024-08-28,254.34946874060677,256.7466344907194,250.57962542351706,250.7089385986328,271900.0
2024-08-29,252.48939909665125,255.69226777390887,248.5405209171306,253.43434143066406,219300.0
2024-08-30,255.5729132334979,256.5277969048699,250.95760168159376,256.37860107421875,270800.0
2024-09-03,254.76720984407626,254.93628832342702,242.4530754524682,243.40797424316406,253000.0
2024-09-04,243.29857945657253,243.29857945657253,237.10171606675314,239.7177276611328,187500.0
2024-09-05,240.06586264610783,241.44846630931383,234.48571099120542,237.11166381835938,179900.0
2024-09-06,238.43458555083544,241.42856482848984,235.97772642575353,239.57846069335938,390600.0
2024-09-09,240.6925202601012,244.93980560602392,240.6328419237,241.448486328125,369300.0
2024-09-10,243.89538254163534,249.6545846891017,243.7760258720847,248.9980926513672,397100.0
2024-09-11,247.81441924618935,251.86277159366438,240.3742217599358,251.40521240234375,297200.0
2024-09-12,252.57892867194857,265.1715733149203,251.53452746092154,264.236572265625,577200.0
2024-09-13,266.4547170086875,272.13432776556516,266.4547170086875,269.23980712890625,362200.0
2024-09-16,271.24906675120326,278.2217482468478,269.11048189714757,277.08782958984375,468900.0
2024-09-17,277.26703049246555,281.9263040003304,274.35994448849414,279.4772033691406,416600.0
2024-09-18,283.1807664799113,290.9163572039529,277.5059886291255,282.5037841796875,306700.0
2024-09-19,291.0756372492368,291.44399435260954,283.32011602866396,290.7769775390625,370600.0
2024-09-20,291.7028126730849,291.7028126730849,285.0324631654569,286.39642333984375,712600.0
2024-09-23,288.16857743150194,290.4882488346734,280.54248565282444,286.6652526855469,316800.0
2024-09-24,286.57564323706134,288.4871260434377,282.1552974714179,284.1165771484375,168500.0
2024-09-25,285.2415932310392,285.41082360506584,279.8057434754548,281.2991027832031,183600.0
2024-09-26,286.37656650110205,288.32788106806413,282.1653121687161,282.9816589355469,160800.0
2024-09-27,284.0867206151245,287.31236694707064,281.76701884581456,284.96282958984375,220400.0
2024-09-30,284.01702307198326,286.76481387623403,281.55795690299124,286.37652587890625,262000.0
2024-10-01,283.4794248332214,285.6199309271288,278.869917331046,282.61328125,173500.0
2024-10-02,280.12434885371806,282.22502352291247,279.01927749131454,280.2936096191406,180000.0
2024-10-03,281.418596038278,286.97387927485977,278.55134131650436,283.7283020019531,328900.0
2024-10-04,287.5512794803493,287.79023761328085,279.696225859244,281.528076171875,196400.0
2024-10-07,277.9838524967703,284.8732299896472,277.1276440465629,283.4595031738281,284900.0
2024-10-08,285.3909551328676,287.9097535661488,280.74161593103247,287.2427062988281,180800.0
2024-10-09,289.1441832688596,294.0324490627874,288.71609428292226,291.8521423339844,297500.0
2024-10-10,288.53693912950575,290.6774147432019,286.82455256205424,288.1486511230469,174600.0
2024-10-11,288.8156883047951,291.5933450484159,285.81900432005597,290.6375732421875,235400.0
2024-10-14,291.1951074444853,296.70062435949103,290.5977880111907,296.0833740234375,199200.0
2024-10-15,298.0247653261486,303.62984583316234,294.23163485966563,294.39093017578125,209100.0
2024-10-16,295.55570860836156,301.56897715976993,295.55570860836156,299.299072265625,208000.0
2024-10-17,300.1751708298314,303.5501468924243,299.4583571837762,303.0025939941406,218900.0
2024-10-18,303.1021941410808,305.00371172244417,299.5977579428132,301.5491027832031,205700.0
2024-10-21,301.6088166584942,301.7282805431003,295.2470913609603,295.8145751953125,228500.0
2024-10-22,292.95730758304643,292.95730758304643,287.6807526898574,287.70068359375,264800.0
2024-10-23,287.7205545691536,290.33891603421375,282.185171936068,285.2714538574219,264300.0
2024-10-24,284.9827337675907,289.29355092231987,282.5734340561845,288.1685791015625,397500.0
2024-10-25,290.9063692368179,293.65412936233565,285.22162696804975,286.8842468261719,223100.0
2024-10-28,289.06457393824616,289.990449367691,285.8588282472634,287.7603759765625,368200.0
2024-10-29,276.47058904327014,282.58339046478926,276.47058904327014,281.66748046875,517300.0
2024-10-30,282.3743232982144,290.55793307943463,282.07563322326,287.0534973144531,293700.0
2024-10-31,287.6707980656404,287.6707980656404,281.6376287965301,284.19622802734375,240000.0
2024-11-01,287.13316449601115,290.7868997800133,283.60882815906086,286.21722412109375,224500.0
2024-11-04,284.49491025361414,290.86657048241017,284.49491025361414,286.973876953125,155300.0
2024-11-05,286.49598100485235,294.510360478167,286.49598100485235,294.4107971191406,292800.0
2024-11-06,307.184012852572,314.46164847995703,306.029174999921,311.3753967285156,545500.0
2024-11-07,311.29571753573396,312.05236263892647,305.05348658181424,310.17071533203125,238500.0
2024-11-08,309.3842308392085,312.4008153813557,307.3632191543042,310.499267578125,330100.0
2024-11-11,313.30679235139274,315.5965977848553,308.85658043546823,312.2016906738281,153700.0
2024-11-12,311.1065200207693,312.85873778933046,307.3233557104334,308.99591064453125,251700.0
2024-11-13,310.4494830614767,310.8875375666957,304.99376303143345,306.8853454589844,230500.0
2024-11-14,307.6319979891294,311.69392168166945,302.9727245346793,304.2370910644531,255400.0
2024-11-15,304.15745080400603,306.42735553504644,298.2238151390742,299.9461669921875,230400.0
2024-11-18,299.6176818859172,301.2703061935553,295.83448656726455,298.8710021972656,189200.0
2024-11-19,295.14754518485165,299.9959805398055,294.3311984650105,298.32342529296875,169500.0
2024-11-20,299.0800380906056,300.3046036115882,296.9694285480769,298.9406433105469,242200.0
2024-11-21,300.4638808440502,308.4284638260791,300.4638808440502,307.74151611328125,248300.0
2024-11-22,308.6275953653668,313.1275738826811,307.61212195701637,312.9583435058594,241900.0
2024-11-25,311.0070401549926,320.50478396977775,310.8178788689301,313.8941955566406,578400.0
2024-11-26,312.4704968004954,312.4704968004954,305.6508467198659,308.5877685546875,244900.0
2024-11-27,309.15523318739827,311.2857736513242,303.12206419983886,304.5755920410156,137500.0
2024-11-29,307.9008248963775,308.5877726392447,305.0037040639538,307.5523986816406,117400.0
2024-12-02,307.8610081846257,307.8610081846257,301.35991858718813,302.3056945800781,231800.0
2024-12-03,303.02252913247077,303.2216558723081,299.6873537262824,301.2603759765625,172800.0
2024-12-04,299.4682883998647,301.9572204190872,296.81012601751877,300.5036926269531,221900.0
2024-12-05,297.6762716674805,298.82117432816887,291.1254159134533,298.6718444824219,324400.0
2024-12-06,299.93625039788645,300.0159132477245,294.20177089103316,295.3865051269531,287000.0
2024-12-09,295.257038613056,297.6065758854167,283.2305019294488,283.7183532714844,500000.0
2024-12-10,281.1597588532373,283.4794304452298,273.66309579775526,276.3212585449219,515100.0
2024-12-11,281.9561805609247,281.9561805609247,275.036967428441,277.1874084472656,369100.0
2024-12-12,277.28694273418677,281.74712009601166,274.7980105778616,276.37103271484375,256100.0
2024-12-13,276.02257945657453,276.58009783569963,269.9396437769346,272.1099853515625,365900.0
2024-12-16,272.1398933775916,272.33917200970046,266.10120039843775,267.0279235839844,426900.0
2024-12-17,264.58652879760416,268.0543054816514,263.34092328886044,265.46343994140625,305600.0
2024-12-18,267.01794208795087,268.6521910444534,255.86727960420336,256.1961364746094,335200.0
2024-12-19,257.1128887375877,260.0425552471288,248.6527460840726,249.3203887939453,468000.0
2024-12-20,248.75238897612792,252.96751344835678,246.16152362760684,247.42706298828125,651900.0
2024-12-23,246.35085120040543,250.03784008940167,245.9721822987028,248.034912109375,290000.0
2024-12-24,247.2377236240128,250.12752205102717,246.84909534996407,249.3502655029297,87900.0
2024-12-26,247.82565149482372,251.92120272684272,247.07828824230305,251.03433227539062,218700.0
2024-12-27,248.56305990198928,252.5290633767781,246.9387855379677,248.55308532714844,237500.0
2024-12-30,245.9721993384743,247.48685984506946,241.7072474322664,245.61346435546875,178800.0
2024-12-31,246.97865080461972,248.1843883462823,244.98568211611808,245.89247131347656,243500.0
2025-01-02,247.91532788314734,250.5061932034817,241.3186065344119,243.29164123535156,199900.0
2025-01-03,244.20843574804493,247.72602441381804,243.71019355510094,246.57009887695312,201800.0
2025-01-06,247.307490088801,248.74243005179454,242.3151087389357,243.23187255859375,370200.0
2025-01-07,241.9962121129875,242.18553135279754,235.20018206331036,238.2195281982422,329800.0
2025-01-08,237.80101795493002,240.07300099230642,235.5489688614307,238.0800323486328,261300.0
2025-01-10,233.79514396273868,237.1632657964179,233.31683575134588,234.17381286621094,254800.0
2025-01-13,232.6691301572374,239.2658515128599,232.37018181917225,238.6380615234375,264900.0
2025-01-14,243.13220460132857,243.1421639702626,238.9967857221909,242.05599975585938,245700.0
2025-01-15,249.11112200056832,250.91475619686383,247.42706105768423,250.0777130126953,304600.0
2025-01-16,249.89833034773466,254.23304311415308,248.65272497866545,253.53549194335938,230300.0
2025-01-17,256.7740901470006,258.189111360393,254.39249306468065,255.947021484375,302900.0
2025-01-21,261.1386879626643,261.77645254759483,256.28581401343604,257.04315185546875,292900.0
2025-01-22,255.8672805960286,258.418278148998,255.6680019683123,256.85382080078125,267700.0
2025-01-23,256.8837018170772,261.52732240563546,256.1861506277417,260.3016357421875,380000.0
2025-01-24,261.01910060831125,261.78638257346995,258.43820991428197,261.20843505859375,283600.0
2025-01-27,259.0859370583651,264.4868957421862,257.3819572949008,258.7571105957031,361600.0
2025-01-28,259.14572169371087,261.2283703686492,255.83738630133962,257.4417419433594,381600.0
2025-01-29,259.0859265989454,263.9786683235678,252.85789951723993,252.86785888671875,620500.0
2025-01-30,253.44583061727602,261.23834567686885,253.3063234139016,258.55780029296875,370600.0
2025-01-31,258.20904014831774,258.76706899524055,254.56191869731617,255.83740234375,291700.0
2025-02-03,251.23361200114996,258.2887377387359,250.0378339052591,252.93760681152344,334800.0
2025-02-04,252.6685639692306,254.9804149104383,251.6122930135611,252.4393768310547,242000.0
2025-02-05,255.50856138713362,255.66800253583435,252.82801599453921,254.46224975585938,313900.0
2025-02-06,256.74419580708735,261.88605888480265,256.74419580708735,259.0261535644531,386000.0
2025-02-07,258.43821881927704,260.26177177501035,253.86434415766527,255.00033569335938,291600.0
2025-02-10,256.64453540872756,256.94349896366396,253.46576306453824,255.08006286621094,278200.0
2025-02-11,252.73833689689636,256.05661648511887,252.73833689689636,254.103515625,276400.0
2025-02-12,244.13864610929062,249.46984303495898,235.57884988065234,245.3942108154297,585400.0
2025-02-13,249.7688055652772,250.48627554046033,247.76587742089225,249.6193389892578,343200.0
2025-02-14,251.56245556810018,251.78168332796187,249.12107210252415,251.53256225585938,239500.0
2025-02-18,253.60525497532325,257.949911937098,247.69611036022184,249.63925170898438,521400.0
2025-02-19,245.18496899228037,247.15800368051563,238.90711476046562,239.584716796875,440700.0
2025-02-20,239.036677845542,239.85378713014356,231.76233883338892,232.11109924316406,466000.0
2025-02-21,234.89128317526493,234.89128317526493,221.34906502821227,223.391845703125,528700.0
2025-02-24,223.20254293684184,228.74299368627777,219.82446147888606,226.08238220214844,497500.0
2025-02-25,227.0688775903644,229.90886399014542,224.1491858253495,226.96923828125,323100.0
2025-02-26,227.98565431982544,231.03490929106704,225.10581507349582,227.58706665039062,235600.0
2025-02-27,226.35140597165108,228.50381574034859,222.79396487532466,223.4915008544922,297900.0
2025-02-28,224.25880837926428,226.271711044984,220.2031097334204,225.41473388671875,272100.0
2025-03-03,227.8860079146042,229.79925603762348,217.4926682611322,218.00088500976562,367600.0
2025-03-04,213.8754389726899,219.44578278959872,207.29863624008706,214.29396057128906,379500.0
2025-03-05,216.3168307872622,220.91062438200657,212.68962825642237,220.11343383789062,435600.0
2025-03-06,218.34963645984718,221.4188099496822,215.93814626179332,220.01376342773438,511200.0
2025-03-07,218.8179805576582,219.1268882532752,204.71773400285812,212.8590087890625,690400.0
2025-03-10,208.84318576396956,217.94109247791363,208.5043847441547,215.0712127685547,567700.0
2025-03-11,214.27403517029845,215.90826894647716,210.0389765522288,210.7066192626953,438400.0
2025-03-12,213.6063853557076,217.20369445868147,208.2652286444667,208.82325744628906,428200.0
2025-03-13,208.11574779236688,209.5706063251143,205.19604094764486,206.76052856445312,388800.0
2025-03-14,209.52077850930542,213.30742180114734,207.92641278994375,212.56005859375,346900.0
2025-03-17,211.80185302125798,217.4984463021646,211.15336907595096,216.09176635742188,264400.0
2025-03-18,215.2637183391657,216.51078532065486,211.67215934328274,214.615234375,370000.0
2025-03-19,212.14105571086193,218.0571493302394,211.52251536533305,217.61817932128906,324600.0
2025-03-20,215.0542148433336,219.81302693848866,213.89693297473218,216.7801513671875,304900.0
2025-03-21,214.28601401945485,217.6980027909519,211.7719378613854,217.6481170654297,640700.0
2025-03-24,220.87052907621438,227.6445902969861,220.0823894332501,227.34530639648438,398700.0
2025-03-25,225.40985853926674,229.86937138312598,224.67158938935978,228.18333435058594,402300.0
2025-03-26,227.67453635803852,231.53545094588247,226.48732612999711,228.3130340576172,348100.0
2025-03-27,227.59470786621847,228.2132481921491,222.66629692313447,225.29013061523438,273800.0
2025-03-28,223.98320996302536,225.15046287800973,216.42099365557476,220.45152282714844,204400.0
2025-03-31,216.59060249314462,221.5988126009865,212.27076058149868,221.4092559814453,472300.0
2025-04-01,220.072410390526,227.41514170965058,217.47852008864746,226.9462432861328,391000.0
2025-04-02,222.57651797927483,235.44624296754387,222.57651797927483,234.6481170654297,482500.0
2025-04-03,224.67159291733913,233.48087623763166,220.49142180013155,228.11349487304688,893500.0
2025-04-04,219.62347031240904,221.9180767145018,211.70209802520336,216.7801513671875,914300.0
2025-04-07,209.68683345024908,224.46209655450193,205.21734943315045,211.62228393554688,614400.0
2025-04-08,218.48613959969242,222.03778399951653,202.60349602724023,205.43682861328125,524200.0
2025-04-09,203.07239631896584,228.82183367897196,201.13694587074926,224.64166259765625,784900.0
2025-04-10,219.4239292163219,223.8934129596025,212.5002109860745,216.0219268798828,598300.0
2025-04-11,213.49787728409643,225.0207797802419,213.39810583168506,223.2549285888672,330000.0
2025-04-14,226.4374378030973,227.39517672996712,218.04716741088387,226.41748046875,309600.0
2025-04-15,227.12582121862795,228.36290193441104,222.51665125551202,223.2449493408203,256400.0
2025-04-16,221.47908960145287,222.84587010286333,212.6698068684747,215.96206665039062,531600.0
2025-04-17,215.60292844947435,218.96501634024293,215.4034007663491,215.87229919433594,352400.0
2025-04-21,214.06654290660046,214.27604164031948,205.71617181969302,208.36993408203125,336900.0
2025-04-22,212.81947770492522,215.18391191496383,210.47498560675342,213.0289764404297,291500.0
2025-04-23,218.10703374096596,223.47441519147398,212.4702967684113,215.7425994873047,438400.0
2025-04-24,214.98437342168828,221.7883628576336,214.0066619618925,220.770751953125,236700.0
2025-04-25,219.83297656851326,220.56125943314734,216.8998725525805,218.36642456054688,233700.0
2025-04-28,218.0671157670227,221.55890320773514,217.24903254530864,220.84059143066406,305200.0
2025-04-29,219.79307392233127,223.05540563105092,216.46091437383384,221.2197265625,224200.0
2025-04-30,219.92275936233827,226.5771069671751,216.43097180452975,225.85879516601562,333100.0
2025-05-01,227.01608607521487,232.3535238507345,225.5395629683462,227.2056427001953,242300.0
2025-05-02,229.49026277871033,236.94273659601114,229.49026277871033,233.4210205078125,254900.0
2025-05-05,231.78485417637145,238.2296876700875,231.2959984501048,234.34881591796875,206100.0
2025-05-06,230.288382191854,233.40105655083732,229.79952644784,229.86936950683594,223700.0
2025-05-07,231.53545420411209,231.79483866531461,221.83825978949673,224.4022216796875,405900.0
2025-05-08,227.3652463693045,232.43332841760366,223.57417491740648,229.2907257080078,302400.0
2025-05-09,229.49026113882786,231.50552571496422,228.04366643349175,229.68978881835938,213500.0
2025-05-12,239.5466068124109,241.25260116871453,233.89988377564592,238.99789428710938,245100.0
2025-05-13,241.32242007695854,241.32242007695854,237.38169154228726,237.39166259765625,161200.0
2025-05-14,237.86058034250976,240.1751441071924,233.3611678814067,233.88992309570312,412100.0
2025-05-15,232.08416413587875,234.75786850330243,231.24612353411692,234.00962829589844,296400.0
2025-05-16,235.4163199434447,239.4867484363066,234.4485947388116,239.3670196533203,366100.0
2025-05-19,236.413982866299,242.42983306146684,234.3588188159413,241.38229370117188,577500.0
2025-05-20,228.1633643915199,232.41337826749603,219.02485419792987,220.1721649169922,1031400.0
2025-05-21,216.49083673287973,220.202109437568,213.4978758563883,214.23614501953125,515200.0
2025-05-22,213.49787472481546,215.45328251853982,211.6222810474662,213.15867614746094,448200.0
2025-05-23,210.4350734619805,215.96208311263078,208.48965192259456,213.86700439453125,316800.0
2025-05-27,217.79775207850332,219.26430406880266,211.75197377873172,217.52838134765625,455100.0
2025-05-28,217.14928048566898,219.3740436923854,202.80301722578864,202.81298828125,650000.0
2025-05-29,203.55126262930554,206.07532501747204,200.3088884318678,204.4890594482422,844000.0
2025-05-30,203.6111284246886,204.94798065330616,199.19153009153175,201.7355499267578,752500.0
2025-06-02,200.0095948395073,201.16687670011822,195.3405831730915,197.4456329345703,438700.0
2025-06-03,197.67507943681147,203.5612294608191,196.39808407415904,200.84762573242188,508200.0
2025-06-04,201.11698988287432,201.98495888511587,199.77016662778698,200.46852111816406,385900.0
2025-06-05,200.46851736799675,202.7631236988701,198.40336710331496,200.6680450439453,370800.0
2025-06-06,203.11230020881615,203.11230020881615,197.93447539951728,199.85995483398438,498600.0
2025-06-09,202.01487324486772,202.86286963036108,198.42331436811608,201.41627502441406,419300.0
2025-06-10,201.6956360494611,205.30713738135967,200.00959894983305,203.07240295410156,377400.0
2025-06-11,205.2871748869913,205.2871748869913,197.05653311388258,197.7050018310547,422900.0
2025-06-12,196.08881714062335,202.18448121495473,194.95149265124988,202.09469604492188,450900.0
2025-06-13,199.46087616635475,201.41628391287463,194.1633380066056,195.49021911621094,282800.0
2025-06-16,196.79881691587778,200.0053827815459,196.45918502451053,197.0585479736328,571400.0
2025-06-17,195.48023677087684,196.9386632196556,193.0428498373751,193.47238159179688,320500.0
2025-06-18,192.0938661886773,199.91547461364905,191.7042848606488,195.33038330078125,490500.0
2025-06-20,196.79880882221897,198.3671331705438,194.5911863766909,196.53909301757812,470100.0
2025-06-23,195.93974041705604,201.7535092664938,195.5801256919111,201.2840118408203,347200.0
2025-06-24,202.98217898059897,205.91902991921847,200.69464042719744,205.6992645263672,418000.0
2025-06-25,205.80915425106332,206.28863546891625,199.06638960792594,200.71461486816406,432200.0
2025-06-26,201.37390671253803,203.50162838702923,199.79559852705074,202.7724151611328,323100.0
2025-06-27,204.72032253579215,205.18981995136903,201.7335220983356,204.55050659179688,1028000.0
2025-06-30,204.51054303425147,204.76027505606328,200.7845455367004,201.8933563232422,324900.0
2025-07-01,200.74458697029587,214.43988195470845,199.92545865563926,208.8958282470703,514800.0
2025-07-02,209.10561825409928,214.51980665585592,209.10561825409928,213.51089477539062,389000.0
2025-07-03,213.34107743926165,214.8294705238439,212.24225045389042,213.95040893554688,347000.0
2025-07-07,212.48200066436576,215.42883548046098,211.3931574623559,211.66287231445312,401700.0
2025-07-08,212.25222457239929,216.0581379463053,211.15341287954766,214.97930908203125,392400.0
2025-07-09,216.4277663941597,220.3435627277421,214.8094925028938,219.24473571777344,390700.0
2025-07-10,218.8351776390803,228.5747262338055,216.5176572211986,226.4170379638672,632200.0
2025-07-11,222.65108080764216,224.84871955160094,221.97181702452687,223.18051147460938,433000.0
2025-07-14,222.2015646593013,224.17943799075752,218.76524962368342,220.36354064941406,457800.0
2025-07-15,222.76095954763454,223.0706248104586,212.9614776224673,213.35105895996094,413400.0
2025-07-16,213.04139173094228,213.4709234805901,207.08777378368563,211.64288330078125,464700.0
2025-07-17,211.6029349116725,216.1780273016775,210.923655897961,215.76846313476562,278300.0
2025-07-18,216.76739397013952,217.00714219729016,213.68070985243526,214.889404296875,253400.0
2025-07-21,216.80733597615006,217.85621347089972,212.13236004631597,212.32215881347656,318500.0
2025-07-22,214.0802664772087,218.72529102306652,213.4509369324796,217.4266815185547,396500.0
2025-07-23,220.28362634487615,223.09061183478428,217.30680966658122,221.23260498046875,349200.0
2025-07-24,220.02388831670848,222.321425895973,219.3646073834296,219.8041229248047,293100.0
2025-07-25,219.9140034384383,226.26718642671935,219.9140034384383,225.98748779296875,345900.0
2025-07-28,226.267185873288,226.267185873288,219.36460467001507,220.6831817626953,861100.0
2025-07-29,230.9421906327992,238.24435262888255,227.3360595703125,227.3360595703125,767800.0
2025-07-30,229.83337969528603,231.82125210690884,226.0973831039612,227.70565795898438,529700.0
2025-07-31,224.40919052969747,229.17408181253185,222.6810491925748,224.04957580566406,419700.0
2025-08-01,221.20263289783483,222.421326355127,216.66749095219149,220.20370483398438,484100.0
2025-08-04,221.92186153737154,224.40918265239463,220.4034866178143,222.79092407226562,469500.0
2025-08-05,222.87084024310465,226.07740602477492,220.1437709051447,225.2083282470703,448200.0
2025-08-06,224.67890407845067,225.20833474653156,218.1359220432381,220.49339294433594,399300.0
2025-08-07,223.26041700688492,228.52477204714307,220.8629958071396,224.00961303710938,370800.0
2025-08-08,222.3514028536783,226.70672999373065,221.97182053928177,224.9186553955078,268400.0
2025-08-11,224.84871199606684,225.03851076509864,220.39350141139738,222.02174377441406,302900.0
2025-08-12,223.5700820881012,233.4794464111328,221.582225044596,233.4794464111328,397100.0
2025-08-13,234.83799194850963,241.30105766054666,233.40953215135656,240.96142578125,383300.0
2025-08-14,236.78589547152134,238.63391843918973,233.9289606725327,234.5882568359375,294600.0
2025-08-15,236.0167435149348,236.11662717823071,232.2507803569643,233.21974182128906,264300.0
2025-08-18,232.90008027690877,234.4783885030444,229.28396543467844,229.92327880859375,234400.0
2025-08-19,230.62251258113545,235.0078060834655,230.62251258113545,232.94003295898438,169400.0
2025-08-20,230.30286890429198,232.0110273631661,224.75881508373988,225.97750854492188,272300.0
2025-08-21,224.75881285370835,227.32606527689387,224.22938220282532,226.58685302734375,208100.0
2025-08-22,227.75559514445393,239.98247995001083,227.06633235193812,238.81373596191406,430900.0
2025-08-25,236.46625374300194,238.3142767678589,234.9678616393123,236.48623657226562,269700.0
2025-08-26,236.57613505573337,238.7438071239594,235.74702293411892,236.92575073242188,243200.0
2025-08-27,234.80802944367747,237.45519797179912,234.24863216386643,235.27752685546875,276000.0
2025-08-28,236.78590181222748,236.78590181222748,228.4548454086175,230.24293518066406,251000.0
2025-08-29,230.5525974193743,231.60147492232107,229.16408803697658,230.65248107910156,275000.0
2025-09-02,225.90757913608405,229.49374252659734,223.9496886355573,224.72885131835938,330900.0
2025-09-03,223.77987796230775,226.46699699889194,221.34249095154092,223.70994567871094,323200.0
2025-09-04,225.35817211407073,232.51048530235065,224.33926124451662,232.37063598632812,306500.0
2025-09-05,234.71812635973345,242.63961852143916,233.9988969405642,242.00030517578125,667400.0
2025-09-08,241.08129630225562,241.46089384572025,236.16657203618985,237.22543334960938,440000.0
2025-09-09,235.80695116854147,236.31641422514582,226.8465654119201,228.47482299804688,326000.0
2025-09-10,228.64463793071002,233.55936204691417,228.64463793071002,230.59254455566406,305100.0
2025-09-11,232.1408972109899,237.9446669497392,231.68138358492735,237.1155548095703,251100.0
2025-09-12,235.267549604765,237.10557364452546,232.64036383284198,232.97999572753906,273600.0
2025-09-15,233.8300018310547,236.4499969482422,231.99000549316406,234.77999877929688,332300.0
2025-09-16,235.39999389648438,236.13999938964844,231.42999267578125,234.0399932861328,401000.0
2025-09-17,234.77000427246094,242.89999389648438,229.13999938964844,230.02000427246094,470300.0
2025-09-18,231.16000366210938,238.08999633789062,230.00999450683594,236.22999572753906,383400.0
2025-09-19,236.36000061035156,236.36000061035156,230.97000122070312,231.22999572753906,794000.0
2025-09-22,230.0,230.61000061035156,227.55999755859375,228.11000061035156,401300.0
2025-09-23,228.92999267578125,233.1699981689453,227.72000122070312,228.58999633789062,347900.0
2025-09-24,227.74000549316406,231.5500030517578,225.77000427246094,226.6300048828125,268400.0
2025-09-25,224.07000732421875,228.0,224.07000732421875,227.83999633789062,253600.0
2025-09-26,229.1300048828125,233.22000122070312,228.91000366210938,232.25999450683594,227100.0
2025-09-29,234.6300048828125,236.4199981689453,231.3300018310547,233.00999450683594,359700.0
2025-09-30,233.91000366210938,237.24000549316406,229.47999572753906,233.0399932861328,377900.0
2025-10-01,232.63999938964844,235.02000427246094,230.10000610351562,230.99000549316406,317900.0
2025-10-02,230.77999877929688,234.61000061035156,230.47999572753906,233.72000122070312,221100.0
2025-10-03,234.61000061035156,236.75,232.3300018310547,234.60000610351562,344100.0
2025-10-06,235.52000427246094,238.4499969482422,230.3000030517578,236.13999938964844,336300.0
2025-10-07,237.3800048828125,238.39999389648438,231.77000427246094,232.25999450683594,239600.0
2025-10-08,236.9499969482422,239.1300048828125,233.82000732421875,238.6199951171875,303300.0
2025-10-09,237.3699951171875,238.3800048828125,233.60000610351562,234.00999450683594,221700.0
2025-10-10,235.4600067138672,236.39999389648438,228.05999755859375,228.30999755859375,373600.0
2025-10-13,230.25999450683594,233.39999389648438,229.47999572753906,229.6199951171875,226900.0
2025-10-14,228.00999450683594,240.00999450683594,227.57000732421875,238.91000366210938,344300.0
2025-10-15,239.1199951171875,243.5800018310547,238.16000366210938,241.83999633789062,543500.0
2025-10-16,243.17999267578125,243.17999267578125,237.64999389648438,238.47999572753906,357000.0
2025-10-17,237.2899932861328,238.8800048828125,235.38999938964844,237.24000549316406,261200.0
2025-10-20,239.14999389648438,240.1699981689453,236.44000244140625,237.6999969482422,184400.0
2025-10-21,236.2899932861328,241.25,236.2899932861328,240.39999389648438,362800.0
2025-10-22,239.82000732421875,243.63999938964844,233.00999450683594,234.17999267578125,338600.0
2025-10-23,234.17999267578125,236.1199951171875,232.75999450683594,234.0,215500.0
2025-10-24,237.0,238.5800018310547,232.72999572753906,233.13999938964844,295700.0
2025-10-27,233.75,236.75999450683594,232.0,233.5,278700.0
2025-10-28,232.4199981689453,234.22000122070312,230.1699981689453,230.63999938964844,422200.0
2025-10-29,230.74000549316406,237.8300018310547,229.25,233.13999938964844,730700.0
2025-10-30,223.05499267578125,226.0,217.0800018310547,221.60000610351562,70702.0
