timestamp,open,high,low,close,volume
1986-03-06,0.4553489920533733,0.4610408544540405,0.4553489920533733,0.4610408544540405,762300.0
1986-03-07,0.46104103752544945,0.47811663150787354,0.45534917286464144,0.47811663150787354,210000.0
1986-03-10,0.47811635802773866,0.48380821943283076,0.4724244966226465,0.4838082194328308,166000.0
1986-03-11,0.48380849616868155,0.48380849616868155,0.47811663150787354,0.47811663150787354,166600.0
1986-03-12,0.47811635802773866,0.48380821943283076,0.47811635802773866,0.4838082194328308,132700.0
1986-03-13,0.48380821943283076,0.48380821943283076,0.47811635802773866,0.4838082194328308,76500.0
1986-03-14,0.48380821943283076,0.4895000808379229,0.4724244966226465,0.4838082194328308,80900.0
1986-03-17,0.48380849616868155,0.48380849616868155,0.4667329021862575,0.47811663150787354,66000.0
1986-03-18,0.47811660996402605,0.47811660996402605,0.46673288115535877,0.4724247455596924,53500.0
1986-03-19,0.4724247455596924,0.47811660996402605,0.4724247455596924,0.4724247455596924,38600.0
1986-03-20,0.4724245729242883,0.4781164352486773,0.46104084827551023,0.4667327105998993,53400.0
1986-03-21,0.4667327105998993,0.4724245729242883,0.4667327105998993,0.4667327105998993,36900.0
1986-03-24,0.4667327105998993,0.4724245729242883,0.4553489859511212,0.4667327105998993,47200.0
1986-03-25,0.46673288115535877,0.4724247455596924,0.4610410167510251,0.4724247455596924,40800.0
1986-03-26,0.4724247455596924,0.47811660996402605,0.4724247455596924,0.4724247455596924,57900.0
1986-03-27,0.4724247668470655,0.48380849616868155,0.4724247668470655,0.47811663150787354,28500.0
1986-03-31,0.47811660996402605,0.48380847436835966,0.4724247455596924,0.4724247455596924,39100.0
1986-04-01,0.4724247455596924,0.47811660996402605,0.4724247455596924,0.4724247455596924,29000.0
1986-04-02,0.4724247455596924,0.47811660996402605,0.4724247455596924,0.4724247455596924,25200.0
1986-04-03,0.4724247455596924,0.47811660996402605,0.4724247455596924,0.4724247455596924,26000.0
1986-04-04,0.4724247455596924,0.47811660996402605,0.4724247455596924,0.4724247455596924,19100.0
1986-04-07,0.4724247455596924,0.47811660996402605,0.4724247455596924,0.4724247455596924,37300.0
1986-04-08,0.4724247668470655,0.47811663150787354,0.4724247668470655,0.47811663150787354,39900.0
1986-04-09,0.47811663150787354,0.47811663150787354,0.4724247668470655,0.47811663150787354,31100.0
1986-04-10,0.47811663150787354,0.47811663150787354,0.4724247668470655,0.47811663150787354,20800.0
1986-04-11,0.47811663150787354,0.47811663150787354,0.4667329021862575,0.47811663150787354,35400.0
1986-04-14,0.4781164352486773,0.4781164352486773,0.4667327105998993,0.4667327105998993,39600.0
1986-04-15,0.4667327105998993,0.4724245729242883,0.4667327105998993,0.4667327105998993,26400.0
1986-04-16,0.4667329021862575,0.47811663150787354,0.4667329021862575,0.47811663150787354,27400.0
1986-04-17,0.47811663150787354,0.47811663150787354,0.4724247668470655,0.47811663150787354,36400.0
1986-04-18,0.47811663150787354,0.47811663150787354,0.4724247668470655,0.47811663150787354,34600.0
1986-04-21,0.47811660996402605,0.47811660996402605,0.46673288115535877,0.4724247455596924,40000.0
1986-04-22,0.4724247668470655,0.47811663150787354,0.4724247668470655,0.47811663150787354,28800.0
1986-04-23,0.47811660996402605,0.47811660996402605,0.4724247455596924,0.4724247455596924,21500.0
1986-04-24,0.4724247455596924,0.47811660996402605,0.46673288115535877,0.4724247455596924,31400.0
1986-04-25,0.4724245729242883,0.4724245729242883,0.4667327105998993,0.4667327105998993,15400.0
1986-04-28,0.4667327105998993,0.4724245729242883,0.46104084827551023,0.4667327105998993,18500.0
1986-04-29,0.4667327168547077,0.4667327168547077,0.4553489920533733,0.4610408544540405,29200.0
1986-04-30,0.4610408544540405,0.4610408544540405,0.4553489920533733,0.4610408544540405,29200.0
1986-05-01,0.46104092113673684,0.46104092113673684,0.4496571946889162,0.45534905791282654,16400.0
1986-05-02,0.45534905791282654,0.45534905791282654,0.4496571946889162,0.45534905791282654,22800.0
1986-05-05,0.45534905791282654,0.45534905791282654,0.4496571946889162,0.45534905791282654,12300.0
1986-05-06,0.45534870292567,0.45534870292567,0.44965684413909907,0.4496568441390991,18100.0
1986-05-07,0.44965684413909907,0.45534870292567,0.44965684413909907,0.4496568441390991,20400.0
1986-05-08,0.4496571946889162,0.46104092113673684,0.4496571946889162,0.45534905791282654,18000.0
1986-05-09,0.45534905791282654,0.46104092113673684,0.4496571946889162,0.45534905791282654,14000.0
1986-05-12,0.45534870292567,0.45534870292567,0.4439649853525282,0.4496568441390991,17600.0
1986-05-13,0.4496571946889162,0.45534905791282654,0.44396533146500583,0.45534905791282654,15600.0
1986-05-14,0.45534870292567,0.45534870292567,0.44965684413909907,0.4496568441390991,15500.0
1986-05-15,0.4496571946889162,0.45534905791282654,0.4496571946889162,0.45534905791282654,21200.0
1986-05-16,0.45534905791282654,0.45534905791282654,0.44396533146500583,0.45534905791282654,12100.0
1986-05-19,0.45534905791282654,0.45534905791282654,0.4496571946889162,0.45534905791282654,18400.0
1986-05-20,0.4553490418654222,0.4553490418654222,0.4439653158187866,0.4439653158187866,20800.0
1986-05-21,0.4439649853525282,0.44965684413909907,0.4439649853525282,0.4496568441390991,9800.0
1986-05-22,0.44965684413909907,0.45534870292567,0.4439649853525282,0.4496568441390991,13300.0
1986-05-23,0.44965717884210443,0.4553490418654222,0.43827345279546887,0.4439653158187866,14200.0
1986-05-27,0.4439653158187866,0.4439653158187866,0.43827345279546887,0.4439653158187866,17600.0
1986-05-28,0.4439653158187866,0.44965717884210443,0.4439653158187866,0.4439653158187866,22400.0
1986-05-29,0.44396514164937007,0.4496570024397466,0.43827328085899353,0.43827328085899353,20900.0
1986-05-30,0.43827345279546887,0.4439653158187866,0.43827345279546887,0.4439653158187866,18800.0
1986-06-02,0.4439653158187866,0.44965717884210443,0.43827345279546887,0.4439653158187866,11400.0
1986-06-03,0.44396514164937007,0.4496570024397466,0.43827328085899353,0.43827328085899353,17100.0
1986-06-04,0.43827328085899353,0.4496570024397466,0.43827328085899353,0.43827328085899353,14200.0
1986-06-05,0.43827345279546887,0.44965717884210443,0.43827345279546887,0.4439653158187866,10500.0
1986-06-06,0.4439653158187866,0.44965717884210443,0.4439653158187866,0.4439653158187866,14400.0
1986-06-09,0.4439653158187866,0.44965717884210443,0.43827345279546887,0.4439653158187866,10100.0
1986-06-10,0.44396514164937007,0.4496570024397466,0.43827328085899353,0.43827328085899353,10400.0
1986-06-11,0.43827328085899353,0.44396514164937007,0.43827328085899353,0.43827328085899353,16600.0
1986-06-12,0.43827328085899353,0.44396514164937007,0.432581420068617,0.43827328085899353,15900.0
1986-06-13,0.43827328085899353,0.44396514164937007,0.43827328085899353,0.43827328085899353,18600.0
1986-06-16,0.43827328085899353,0.4496570024397466,0.43827328085899353,0.43827328085899353,13000.0
1986-06-17,0.43827345279546887,0.4439653158187866,0.43827345279546887,0.4439653158187866,20100.0
1986-06-18,0.4439653158187866,0.4439653158187866,0.43827345279546887,0.4439653158187866,12300.0
1986-06-19,0.44396514164937007,0.44396514164937007,0.432581420068617,0.43827328085899353,22600.0
1986-06-20,0.43827331575908157,0.443965177002706,0.43258145451545715,0.43258145451545715,23400.0
1986-06-23,0.432581420068617,0.44396514164937007,0.432581420068617,0.43827328085899353,12800.0
1986-06-24,0.43827345279546887,0.4439653158187866,0.43827345279546887,0.4439653158187866,10300.0
1986-06-25,0.4439653158187866,0.4439653158187866,0.43827345279546887,0.4439653158187866,24700.0
1986-06-26,0.4439653158187866,0.4439653158187866,0.43827345279546887,0.4439653158187866,23000.0
1986-06-27,0.4439653158187866,0.4439653158187866,0.43827345279546887,0.4439653158187866,9200.0
1986-06-30,0.44396514164937007,0.44396514164937007,0.432581420068617,0.43827328085899353,20600.0
1986-07-01,0.43827328085899353,0.44396514164937007,0.43827328085899353,0.43827328085899353,17900.0
1986-07-02,0.43827331575908157,0.443965177002706,0.43258145451545715,0.43258145451545715,20300.0
1986-07-03,0.432581420068617,0.43827328085899353,0.432581420068617,0.43827328085899353,13000.0
1986-07-07,0.43827331575908157,0.43827331575908157,0.4268895932718327,0.43258145451545715,49800.0
1986-07-08,0.4325815945455473,0.4325815945455473,0.40981414220104484,0.4155060052871704,38000.0
1986-07-09,0.4211979722976685,0.4268898367881775,0.4211979722976685,0.4268898367881775,25100.0
1986-07-10,0.4268898367881775,0.4325817012786865,0.4211979722976685,0.4268898367881775,13200.0
1986-07-11,0.4268895932718327,0.43827331575908157,0.4268895932718327,0.43258145451545715,11500.0
1986-07-14,0.4325817012786865,0.4439654302597046,0.4211979722976685,0.4268898367881775,20000.0
1986-07-15,0.4268895932718327,0.43258145451545715,0.4268895932718327,0.43258145451545715,17600.0
1986-07-16,0.43258177106444895,0.43258177106444895,0.4211980402469635,0.4211980402469635,17000.0
1986-07-17,0.42119773202820826,0.43258145451545715,0.42119773202820826,0.43258145451545715,10500.0
1986-07-18,0.43258177106444895,0.43827363647319173,0.4211980402469635,0.4211980402469635,18600.0
1986-07-21,0.4211979722976685,0.4325817012786865,0.4211979722976685,0.4268898367881775,19500.0
1986-07-22,0.4268898367881775,0.4325817012786865,0.4211979722976685,0.4268898367881775,9800.0
1986-07-23,0.4268898367881775,0.4325817012786865,0.4268898367881775,0.4268898367881775,12300.0
1986-07-24,0.4268898367881775,0.4325817012786865,0.4211979722976685,0.4268898367881775,14600.0
1986-07-25,0.4268898367881775,0.4325817012786865,0.4211979722976685,0.4268898367881775,16000.0
1986-07-28,0.4268898367881775,0.4325817012786865,0.4211979722976685,0.4268898367881775,6100.0
1986-07-29,0.4268899056557062,0.4268899056557062,0.4155061748382207,0.4211980402469635,18500.0
1986-07-30,0.4211980402469635,0.4268899056557062,0.4155061748382207,0.4211980402469635,14000.0
1986-07-31,0.4211980402469635,0.4211980402469635,0.4155061748382207,0.4211980402469635,8800.0
1986-08-01,0.42119773202820826,0.43258145451545715,0.42119773202820826,0.43258145451545715,29300.0
1986-08-04,0.432581420068617,0.43827328085899353,0.4211976984878639,0.43827328085899353,36300.0
1986-08-05,0.43827328085899353,0.4496570024397466,0.43827328085899353,0.43827328085899353,27200.0
1986-08-06,0.43827345279546887,0.4439653158187866,0.4325815897721511,0.4439653158187866,30100.0
1986-08-07,0.4439649853525282,0.44965684413909907,0.4439649853525282,0.4496568441390991,17400.0
1986-08-08,0.4496571946889162,0.46104092113673684,0.4496571946889162,0.45534905791282654,24400.0
1986-08-11,0.45534905791282654,0.46104092113673684,0.4496571946889162,0.45534905791282654,33800.0
1986-08-12,0.45534905791282654,0.46104092113673684,0.4496571946889162,0.45534905791282654,14900.0
1986-08-13,0.45534905791282654,0.45534905791282654,0.4496571946889162,0.45534905791282654,15700.0
1986-08-14,0.45534905791282654,0.45534905791282654,0.4496571946889162,0.45534905791282654,11300.0
1986-08-15,0.45534870292567,0.45534870292567,0.4439649853525282,0.4496568441390991,14500.0
1986-08-18,0.44965684413909907,0.45534870292567,0.4439649853525282,0.4496568441390991,18500.0
1986-08-19,0.44965684413909907,0.45534870292567,0.4439649853525282,0.4496568441390991,16200.0
1986-08-20,0.44965684413909907,0.44965684413909907,0.4439649853525282,0.4496568441390991,9300.0
1986-08-21,0.44965717884210443,0.4553490418654222,0.4439653158187866,0.4439653158187866,20700.0
1986-08-22,0.4439653158187866,0.44965717884210443,0.43827345279546887,0.4439653158187866,37100.0
1986-08-25,0.4439653158187866,0.4439653158187866,0.4325815897721511,0.4439653158187866,30800.0
1986-08-26,0.44396514164937007,0.44396514164937007,0.43827328085899353,0.43827328085899353,11400.0
1986-08-27,0.43827328085899353,0.4496570024397466,0.43827328085899353,0.43827328085899353,17100.0
1986-08-28,0.43827345279546887,0.4439653158187866,0.43827345279546887,0.4439653158187866,13300.0
1986-08-29,0.4439649853525282,0.44965684413909907,0.43827312656595735,0.4496568441390991,10100.0
1986-09-02,0.44965684413909907,0.44965684413909907,0.4439649853525282,0.4496568441390991,29000.0
1986-09-03,0.44965717884210443,0.44965717884210443,0.43827345279546887,0.4439653158187866,15000.0
1986-09-04,0.4439653158187866,0.44965717884210443,0.43827345279546887,0.4439653158187866,15600.0
1986-09-05,0.4439653158187866,0.44965717884210443,0.4439653158187866,0.4439653158187866,21600.0
1986-09-08,0.4439649853525282,0.44965684413909907,0.43827312656595735,0.4496568441390991,14800.0
1986-09-09,0.44965717884210443,0.44965717884210443,0.43827345279546887,0.4439653158187866,9100.0
1986-09-10,0.43827331575908157,0.43827331575908157,0.43258145451545715,0.43258145451545715,11000.0
1986-09-11,0.43258177106444895,0.43827363647319173,0.4211980402469635,0.4211980402469635,35800.0
1986-09-12,0.4211979722976685,0.4268898367881775,0.4098142433166504,0.4268898367881775,33900.0
1986-09-15,0.42688955927824046,0.43827328085899353,0.4211976984878639,0.43827328085899353,10200.0
1986-09-16,0.43827328085899353,0.44396514164937007,0.432581420068617,0.43827328085899353,15000.0
1986-09-17,0.43827345279546887,0.4439653158187866,0.43827345279546887,0.4439653158187866,16800.0
1986-09-18,0.44396514164937007,0.44396514164937007,0.432581420068617,0.43827328085899353,17500.0
1986-09-19,0.43827356576919557,0.4439654302597046,0.4268898367881775,0.4268898367881775,20200.0
1986-09-22,0.4268899056557062,0.43258177106444895,0.4211980402469635,0.4211980402469635,19900.0
1986-09-23,0.42119773202820826,0.43258145451545715,0.42119773202820826,0.43258145451545715,15900.0
1986-09-24,0.43258145451545715,0.43258145451545715,0.42119773202820826,0.43258145451545715,13900.0
1986-09-25,0.4268898367881775,0.4268898367881775,0.4155061078071594,0.4268898367881775,10100.0
1986-09-26,0.4268898367881775,0.4325817012786865,0.4211979722976685,0.4268898367881775,24600.0
1986-09-29,0.4268895932718327,0.43258145451545715,0.4268895932718327,0.43258145451545715,11200.0
1986-09-30,0.432581420068617,0.43827328085899353,0.42688955927824046,0.43827328085899353,16100.0
1986-10-01,0.43827331575908157,0.43827331575908157,0.4268895932718327,0.43258145451545715,11500.0
1986-10-02,0.4325817012786865,0.4325817012786865,0.4268898367881775,0.4268898367881775,9300.0
1986-10-03,0.4268898367881775,0.4325817012786865,0.4268898367881775,0.4268898367881775,20800.0
1986-10-06,0.42688955927824046,0.44396514164937007,0.42688955927824046,0.43827328085899353,11200.0
1986-10-07,0.43827345279546887,0.4439653158187866,0.43827345279546887,0.4439653158187866,5900.0
1986-10-08,0.44396514164937007,0.44396514164937007,0.43827328085899353,0.43827328085899353,7400.0
1986-10-09,0.43827356576919557,0.4439654302597046,0.4268898367881775,0.4268898367881775,14600.0
1986-10-10,0.4268895932718327,0.43827331575908157,0.4268895932718327,0.43258145451545715,12200.0
1986-10-13,0.432581420068617,0.43827328085899353,0.42688955927824046,0.43827328085899353,9200.0
1986-10-14,0.43827331575908157,0.44965703824633046,0.43258145451545715,0.43258145451545715,12100.0
1986-10-15,0.43827328085899353,0.44396514164937007,0.43827328085899353,0.43827328085899353,7000.0
1986-10-16,0.43827345279546887,0.4439653158187866,0.43827345279546887,0.4439653158187866,14800.0
1986-10-17,0.4439653158187866,0.4439653158187866,0.43827345279546887,0.4439653158187866,16800.0
1986-10-20,0.443965177002706,0.443965177002706,0.4268895932718327,0.43258145451545715,27500.0
1986-10-21,0.43258145451545715,0.43258145451545715,0.4268895932718327,0.43258145451545715,30000.0
1986-10-22,0.4325817012786865,0.4325817012786865,0.4211979722976685,0.4268898367881775,12200.0
1986-10-23,0.4268898367881775,0.4325817012786865,0.4211979722976685,0.4268898367881775,20300.0
1986-10-24,0.4268898367881775,0.4268898367881775,0.4211979722976685,0.4268898367881775,22600.0
1986-10-27,0.4268899056557062,0.4268899056557062,0.4211980402469635,0.4211980402469635,9900.0
1986-10-28,0.4268898367881775,0.4325817012786865,0.4268898367881775,0.4268898367881775,19000.0
1986-10-29,0.4268895932718327,0.43258145451545715,0.4268895932718327,0.43258145451545715,24100.0
1986-10-30,0.4325817012786865,0.43827356576919557,0.4268898367881775,0.4268898367881775,23500.0
1986-10-31,0.4268895932718327,0.43258145451545715,0.4268895932718327,0.43258145451545715,19700.0
1986-11-03,0.4325817012786865,0.43827356576919557,0.4268898367881775,0.4268898367881775,18100.0
1986-11-04,0.4268895932718327,0.43258145451545715,0.4268895932718327,0.43258145451545715,14800.0
1986-11-05,0.43258145451545715,0.43258145451545715,0.4268895932718327,0.43258145451545715,11900.0
1986-11-06,0.43258145451545715,0.43258145451545715,0.4268895932718327,0.43258145451545715,17300.0
1986-11-07,0.43258145451545715,0.43827331575908157,0.4268895932718327,0.43258145451545715,23400.0
1986-11-10,0.432581420068617,0.43827328085899353,0.432581420068617,0.43827328085899353,37200.0
1986-11-11,0.43827331575908157,0.43827331575908157,0.4268895932718327,0.43258145451545715,22700.0
1986-11-12,0.43258145451545715,0.43827331575908157,0.43258145451545715,0.43258145451545715,22200.0
1986-11-13,0.43258145451545715,0.43258145451545715,0.4268895932718327,0.43258145451545715,20200.0
1986-11-14,0.43258145451545715,0.43258145451545715,0.4268895932718327,0.43258145451545715,18400.0
1986-11-17,0.43258145451545715,0.43258145451545715,0.42119773202820826,0.43258145451545715,28800.0
1986-11-18,0.4325817012786865,0.4325817012786865,0.4211979722976685,0.4268898367881775,18200.0
1986-11-19,0.4268899056557062,0.4268899056557062,0.4155061748382207,0.4211980402469635,11600.0
1986-11-20,0.4211980402469635,0.4268899056557062,0.4211980402469635,0.4211980402469635,15500.0
1986-11-21,0.4211980402469635,0.4268899056557062,0.4211980402469635,0.4211980402469635,15400.0
1986-11-24,0.4211980402469635,0.4268899056557062,0.4211980402469635,0.4211980402469635,31000.0
1986-11-25,0.42119786837329604,0.42688973145942166,0.4155060052871704,0.4155060052871704,13400.0
1986-11-26,0.4155061748382207,0.4268899056557062,0.4155061748382207,0.4211980402469635,16100.0
1986-11-28,0.4211979722976685,0.4268898367881775,0.4211979722976685,0.4268898367881775,9000.0
1986-12-01,0.4268899056557062,0.4268899056557062,0.4211980402469635,0.4211980402469635,12500.0
1986-12-02,0.4211979722976685,0.4268898367881775,0.4211979722976685,0.4268898367881775,19600.0
1986-12-03,0.4268898367881775,0.4268898367881775,0.4211979722976685,0.4268898367881775,27800.0
1986-12-04,0.4268899056557062,0.4268899056557062,0.4155061748382207,0.4211980402469635,23800.0
1986-12-05,0.4211980402469635,0.4211980402469635,0.4155061748382207,0.4211980402469635,13300.0
1986-12-08,0.42119786837329604,0.42119786837329604,0.40981414220104484,0.4155060052871704,40900.0
1986-12-09,0.41550616340504753,0.41550616340504753,0.40412243290079963,0.4098142981529236,32000.0
1986-12-10,0.40981414220104484,0.4155060052871704,0.4041222791149192,0.4155060052871704,20300.0
1986-12-11,0.41550616340504753,0.41550616340504753,0.40412243290079963,0.4098142981529236,16800.0
1986-12-12,0.4098142981529236,0.41550616340504753,0.4098142981529236,0.4098142981529236,20600.0
1986-12-15,0.4098142981529236,0.4098142981529236,0.40412243290079963,0.4098142981529236,19000.0
1986-12-16,0.4098142771653726,0.4098142771653726,0.39843054724411225,0.40412241220474243,19400.0
1986-12-17,0.4041220281805311,0.40981388773236954,0.3984301686286926,0.3984301686286926,17200.0
1986-12-18,0.39843056764867574,0.4098142981529236,0.39843056764867574,0.4098142981529236,18000.0
1986-12-19,0.4098142771653726,0.4098142771653726,0.39843054724411225,0.40412241220474243,19600.0
1986-12-22,0.4041220281805311,0.40981388773236954,0.3984301686286926,0.3984301686286926,28300.0
1986-12-23,0.3984301686286926,0.40981388773236954,0.3984301686286926,0.3984301686286926,22700.0
1986-12-24,0.39843056764867574,0.4098142981529236,0.39843056764867574,0.4098142981529236,7400.0
1986-12-26,0.4098142771653726,0.4098142771653726,0.39843054724411225,0.40412241220474243,13000.0
1986-12-29,0.40412241220474243,0.4098142771653726,0.39843054724411225,0.40412241220474243,22900.0
1986-12-30,0.40412243290079963,0.41550616340504753,0.40412243290079963,0.4098142981529236,33400.0
1986-12-31,0.4098142981529236,0.41550616340504753,0.4098142981529236,0.4098142981529236,12600.0
1987-01-02,0.40981414220104484,0.4155060052871704,0.4041222791149192,0.4155060052871704,17400.0
1987-01-05,0.4155061078071594,0.4268898367881775,0.4098142433166504,0.4268898367881775,21600.0
1987-01-06,0.4268898367881775,0.4268898367881775,0.4211979722976685,0.4268898367881775,27300.0
1987-01-07,0.4268898367881775,0.4268898367881775,0.4155061078071594,0.4268898367881775,20100.0
1987-01-08,0.4211980286571715,0.4211980286571715,0.4098142981529236,0.4098142981529236,38800.0
1987-01-09,0.4155061748382207,0.4268899056557062,0.4155061748382207,0.4211980402469635,43000.0
1987-01-12,0.4211980286571715,0.4211980286571715,0.4098142981529236,0.4098142981529236,26400.0
1987-01-13,0.4098142771653726,0.4155061421260028,0.40412241220474243,0.40412241220474243,23200.0
1987-01-14,0.4041222791149192,0.42119786837329604,0.4041222791149192,0.4155060052871704,43000.0
1987-01-15,0.4155060052871704,0.4155060052871704,0.4041222791149192,0.4155060052871704,54200.0
1987-01-16,0.4155061421260028,0.4155061421260028,0.40412241220474243,0.40412241220474243,33200.0
1987-01-19,0.40412241220474243,0.4098142771653726,0.40412241220474243,0.40412241220474243,32800.0
1987-01-20,0.40412241220474243,0.4155061421260028,0.39843054724411225,0.40412241220474243,55300.0
1987-01-21,0.4041220281805311,0.40981388773236954,0.3984301686286926,0.3984301686286926,30600.0
1987-01-22,0.3984301686286926,0.40981388773236954,0.3984301686286926,0.3984301686286926,34700.0
1987-01-23,0.3984301686286926,0.4041220281805311,0.3984301686286926,0.3984301686286926,35300.0
1987-01-26,0.3984301686286926,0.4041220281805311,0.3984301686286926,0.3984301686286926,28000.0
1987-01-27,0.3984301686286926,0.40981388773236954,0.3984301686286926,0.3984301686286926,35200.0
1987-01-28,0.39843054724411225,0.40412241220474243,0.39843054724411225,0.40412241220474243,66300.0
1987-01-29,0.40412241220474243,0.4098142771653726,0.36997122244096137,0.40412241220474243,70800.0
1987-01-30,0.40412241220474243,0.4098142771653726,0.39843054724411225,0.40412241220474243,35600.0
1987-02-02,0.4177735509971777,0.42365768551826477,0.41188941647609073,0.42365768551826477,90100.0
1987-02-03,0.4236575281116325,0.4236575281116325,0.41777339577674866,0.41777339577674866,28500.0
1987-02-04,0.4177735509971777,0.42365768551826477,0.4177735509971777,0.42365768551826477,32800.0
1987-02-05,0.4236575281116325,0.42954166044651626,0.41777339577674866,0.41777339577674866,70700.0
1987-02-06,0.41777339577674866,0.4236575281116325,0.41777339577674866,0.41777339577674866,42600.0
1987-02-09,0.4177735509971777,0.42365768551826477,0.41188941647609073,0.42365768551826477,36200.0
1987-02-10,0.4236575281116325,0.4236575281116325,0.4118892634418649,0.41777339577674866,30500.0
1987-02-11,0.4177735081740788,0.4177735081740788,0.41188937425613403,0.41188937425613403,39300.0
1987-02-12,0.41188941647609073,0.42365768551826477,0.41188941647609073,0.42365768551826477,108400.0
1987-02-13,0.4236575281116325,0.4236575281116325,0.41777339577674866,0.41777339577674866,73100.0
1987-02-17,0.4177735081740788,0.4236576420920236,0.41188937425613403,0.41188937425613403,88700.0
1987-02-18,0.41188937425613403,0.4236576420920236,0.41188937425613403,0.41188937425613403,62500.0
1987-02-19,0.4118892634418649,0.4236575281116325,0.4118892634418649,0.41777339577674866,57000.0
1987-02-20,0.4177735081740788,0.4236576420920236,0.41188937425613403,0.41188937425613403,60800.0
1987-02-23,0.4177732961635067,0.42954155802726746,0.4177732961635067,0.42954155802726746,116900.0
1987-02-24,0.42954180288959193,0.43542593717575073,0.4236576686034331,0.43542593717575073,70700.0
1987-02-25,0.43542579650878904,0.44130992889404297,0.42954166412353517,0.44130992889404297,79600.0
1987-02-26,0.44131008417982803,0.4471942186355591,0.429541815268366,0.4471942186355591,93800.0
1987-02-27,0.4471942186355591,0.4589624875470212,0.44131008417982803,0.4471942186355591,98100.0
1987-03-02,0.44719401892129473,0.4589622825771183,0.441309887093383,0.45307815074920654,59900.0
1987-03-03,0.45307819366455077,0.45307819366455077,0.44130992889404297,0.44130992889404297,50500.0
1987-03-04,0.44130992889404297,0.45307819366455077,0.43542579650878904,0.44130992889404297,57300.0
1987-03-05,0.44131007146190954,0.44719420574806834,0.43542593717575073,0.43542593717575073,35900.0
1987-03-06,0.43542579650878904,0.44130992889404297,0.43542579650878904,0.44130992889404297,25700.0
1987-03-09,0.44130992889404297,0.44130992889404297,0.42954166412353517,0.44130992889404297,61100.0
1987-03-10,0.44131008417982803,0.4471942186355591,0.435425949724097,0.4471942186355591,48900.0
1987-03-11,0.4471940612792969,0.4471940612792969,0.43542579650878904,0.44130992889404297,47800.0
1987-03-12,0.44131007146190954,0.44131007146190954,0.42954180288959193,0.43542593717575073,49200.0
1987-03-13,0.43542579650878904,0.44130992889404297,0.42954166412353517,0.44130992889404297,38000.0
1987-03-16,0.44130981989102824,0.44130981989102824,0.42954155802726746,0.42954155802726746,30400.0
1987-03-17,0.42954180288959193,0.44131007146190954,0.42954180288959193,0.43542593717575073,29700.0
1987-03-18,0.43542593717575073,0.44131007146190954,0.42954180288959193,0.43542593717575073,29400.0
1987-03-19,0.43542593717575073,0.44131007146190954,0.42954180288959193,0.43542593717575073,45100.0
1987-03-20,0.43542568895914785,0.44130981989102824,0.42954155802726746,0.42954155802726746,59400.0
1987-03-23,0.42954155802726746,0.43542568895914785,0.42954155802726746,0.42954155802726746,50200.0
1987-03-24,0.42954180288959193,0.44131007146190954,0.42954180288959193,0.43542593717575073,41200.0
1987-03-25,0.43542593717575073,0.43542593717575073,0.42954180288959193,0.43542593717575073,43300.0
1987-03-26,0.43542593717575073,0.44131007146190954,0.42954180288959193,0.43542593717575073,34500.0
1987-03-27,0.435425949724097,0.4471942186355591,0.435425949724097,0.4471942186355591,61900.0
1987-03-30,0.4471942186355591,0.4471942186355591,0.435425949724097,0.4471942186355591,62900.0
1987-03-31,0.4471940612792969,0.4471940612792969,0.43542579650878904,0.44130992889404297,47100.0
1987-04-01,0.44130992889404297,0.4471940612792969,0.43542579650878904,0.44130992889404297,33200.0
1987-04-02,0.44131007146190954,0.44131007146190954,0.42954180288959193,0.43542593717575073,25200.0
1987-04-03,0.43542579650878904,0.44130992889404297,0.43542579650878904,0.44130992889404297,41700.0
1987-04-06,0.44131007146190954,0.44719420574806834,0.43542593717575073,0.43542593717575073,55900.0
1987-04-07,0.43542593717575073,0.44131007146190954,0.43542593717575073,0.43542593717575073,65700.0
1987-04-08,0.43542593717575073,0.44719420574806834,0.43542593717575073,0.43542593717575073,47300.0
1987-04-09,0.43542593717575073,0.44131007146190954,0.42954180288959193,0.43542593717575073,41600.0
1987-04-10,0.43542568895914785,0.43542568895914785,0.42954155802726746,0.42954155802726746,74500.0
1987-04-13,0.42954155802726746,0.43542568895914785,0.4236574270953871,0.42954155802726746,54500.0
1987-04-14,0.42954180288959193,0.44131007146190954,0.42954180288959193,0.43542593717575073,70700.0
1987-04-15,0.43542579650878904,0.44130992889404297,0.42954166412353517,0.44130992889404297,43100.0
1987-04-16,0.44130992889404297,0.4471940612792969,0.43542579650878904,0.44130992889404297,55900.0
1987-04-20,0.44131007146190954,0.44131007146190954,0.42954180288959193,0.43542593717575073,27800.0
1987-04-21,0.43542568895914785,0.43542568895914785,0.42954155802726746,0.42954155802726746,45700.0
1987-04-22,0.42954182003935176,0.43542595456043875,0.42365768551826477,0.42365768551826477,18200.0
1987-04-23,0.4236574270953871,0.43542568895914785,0.4236574270953871,0.42954155802726746,38100.0
1987-04-24,0.42954182003935176,0.42954182003935176,0.42365768551826477,0.42365768551826477,19400.0
1987-04-27,0.4236576686034331,0.43542593717575073,0.4177735343172744,0.43542593717575073,58000.0
1987-04-28,0.43542568895914785,0.43542568895914785,0.4236574270953871,0.42954155802726746,30300.0
1987-04-29,0.42954182003935176,0.43542595456043875,0.42365768551826477,0.42365768551826477,17300.0
1987-04-30,0.42365768551826477,0.42954182003935176,0.42365768551826477,0.42365768551826477,28500.0
1987-05-01,0.42365768551826477,0.42954182003935176,0.4177735509971777,0.42365768551826477,33000.0
1987-05-04,0.4236576686034331,0.43542593717575073,0.4177735343172744,0.43542593717575073,34300.0
1987-05-05,0.43542593717575073,0.43542593717575073,0.42954180288959193,0.43542593717575073,30300.0
1987-05-06,0.43542595456043875,0.43542595456043875,0.42365768551826477,0.42365768551826477,20600.0
1987-05-07,0.4236574270953871,0.43542568895914785,0.4236574270953871,0.42954155802726746,29200.0
1987-05-08,0.42954155802726746,0.42954155802726746,0.4236574270953871,0.42954155802726746,15800.0
1987-05-11,0.42954180288959193,0.43542593717575073,0.4236576686034331,0.43542593717575073,41200.0
1987-05-12,0.43542595456043875,0.43542595456043875,0.4177735509971777,0.42365768551826477,21100.0
1987-05-13,0.4236574270953871,0.42954155802726746,0.4236574270953871,0.42954155802726746,14400.0
1987-05-14,0.42954182003935176,0.42954182003935176,0.42365768551826477,0.42365768551826477,9000.0
1987-05-15,0.4236575281116325,0.4236575281116325,0.41777339577674866,0.41777339577674866,22000.0
1987-05-18,0.4177732961635067,0.42954155802726746,0.4177732961635067,0.42954155802726746,28100.0
1987-05-19,0.42954180288959193,0.43542593717575073,0.4236576686034331,0.43542593717575073,52500.0
1987-05-20,0.43542568895914785,0.44130981989102824,0.42954155802726746,0.42954155802726746,34900.0
1987-05-21,0.42954155802726746,0.43542568895914785,0.42954155802726746,0.42954155802726746,43700.0
1987-05-22,0.42954155802726746,0.43542568895914785,0.42954155802726746,0.42954155802726746,10200.0
1987-05-26,0.42954155802726746,0.43542568895914785,0.42954155802726746,0.42954155802726746,14800.0
1987-05-27,0.42954180288959193,0.43542593717575073,0.42954180288959193,0.43542593717575073,26200.0
1987-05-28,0.43542568895914785,0.43542568895914785,0.42954155802726746,0.42954155802726746,20000.0
1987-05-29,0.42954155802726746,0.43542568895914785,0.42954155802726746,0.42954155802726746,14100.0
1987-06-01,0.42954155802726746,0.43542568895914785,0.42954155802726746,0.42954155802726746,14000.0
1987-06-02,0.42954155802726746,0.43542568895914785,0.4236574270953871,0.42954155802726746,27700.0
1987-06-03,0.42954155802726746,0.43542568895914785,0.42954155802726746,0.42954155802726746,19100.0
1987-06-04,0.42954155802726746,0.43542568895914785,0.4236574270953871,0.42954155802726746,34200.0
1987-06-05,0.42954155802726746,0.43542568895914785,0.42954155802726746,0.42954155802726746,14200.0
1987-06-08,0.42954155802726746,0.43542568895914785,0.42954155802726746,0.42954155802726746,10700.0
1987-06-09,0.42954155802726746,0.43542568895914785,0.42954155802726746,0.42954155802726746,29300.0
1987-06-10,0.42954155802726746,0.43542568895914785,0.42954155802726746,0.42954155802726746,44200.0
1987-06-11,0.42954155802726746,0.42954155802726746,0.4236574270953871,0.42954155802726746,18900.0
1987-06-12,0.42954182003935176,0.42954182003935176,0.42365768551826477,0.42365768551826477,28200.0
1987-06-15,0.42365768551826477,0.42954182003935176,0.42365768551826477,0.42365768551826477,34200.0
1987-06-16,0.4236575281116325,0.42954166044651626,0.41777339577674866,0.41777339577674866,42400.0
1987-06-17,0.4177735509971777,0.42954182003935176,0.4177735509971777,0.42365768551826477,43700.0
1987-06-18,0.4236575281116325,0.42954166044651626,0.41777339577674866,0.41777339577674866,40400.0
1987-06-19,0.4177732961635067,0.42954155802726746,0.4177732961635067,0.42954155802726746,41200.0
1987-06-22,0.4236575281116325,0.4236575281116325,0.41777339577674866,0.41777339577674866,19700.0
1987-06-23,0.41777339577674866,0.4236575281116325,0.41777339577674866,0.41777339577674866,36000.0
1987-06-24,0.4177735081740788,0.4236576420920236,0.41188937425613403,0.41188937425613403,23500.0
1987-06-25,0.41188941647609073,0.42365768551826477,0.41188941647609073,0.42365768551826477,14600.0
1987-06-26,0.42365768551826477,0.42365768551826477,0.41188941647609073,0.42365768551826477,20100.0
1987-06-29,0.4236575281116325,0.4236575281116325,0.41777339577674866,0.41777339577674866,16900.0
1987-06-30,0.41777339577674866,0.4236575281116325,0.41777339577674866,0.41777339577674866,27200.0
1987-07-01,0.4177735081740788,0.4177735081740788,0.41188937425613403,0.41188937425613403,19000.0
1987-07-02,0.41188937425613403,0.4177735081740788,0.41188937425613403,0.41188937425613403,22700.0
1987-07-06,0.41188937425613403,0.4177735081740788,0.41188937425613403,0.41188937425613403,22000.0
1987-07-07,0.41188937425613403,0.4177735081740788,0.41188937425613403,0.41188937425613403,27200.0
1987-07-08,0.41188937425613403,0.4177735081740788,0.41188937425613403,0.41188937425613403,27700.0
1987-07-09,0.41188937425613403,0.4177735081740788,0.41188937425613403,0.41188937425613403,19300.0
1987-07-10,0.41188937425613403,0.4177735081740788,0.41188937425613403,0.41188937425613403,30400.0
1987-07-13,0.4118892634418649,0.41777339577674866,0.4118892634418649,0.41777339577674866,56600.0
1987-07-14,0.41777339577674866,0.41777339577674866,0.4118892634418649,0.41777339577674866,32700.0
1987-07-15,0.4177735081740788,0.4177735081740788,0.41188937425613403,0.41188937425613403,50200.0
1987-07-16,0.41188937425613403,0.4177735081740788,0.41188937425613403,0.41188937425613403,32400.0
1987-07-17,0.4118893371112105,0.4177734704985135,0.40600520372390747,0.40600520372390747,39500.0
1987-07-20,0.40600524033818924,0.4177735081740788,0.40600524033818924,0.41188937425613403,22700.0
1987-07-21,0.41188937425613403,0.4177735081740788,0.41188937425613403,0.41188937425613403,34100.0
1987-07-22,0.41188937425613403,0.4177735081740788,0.41188937425613403,0.41188937425613403,43100.0
1987-07-23,0.41188937425613403,0.4177735081740788,0.41188937425613403,0.41188937425613403,25300.0
1987-07-24,0.41188937425613403,0.4177735081740788,0.41188937425613403,0.41188937425613403,15200.0
1987-07-27,0.4118892634418649,0.41777339577674866,0.4118892634418649,0.41777339577674866,24900.0
1987-07-28,0.4177735081740788,0.4177735081740788,0.41188937425613403,0.41188937425613403,15800.0
1987-07-29,0.41188937425613403,0.4177735081740788,0.41188937425613403,0.41188937425613403,24600.0
1987-07-30,0.4118892634418649,0.41777339577674866,0.4118892634418649,0.41777339577674866,26800.0
1987-07-31,0.41777339577674866,0.41777339577674866,0.4118892634418649,0.41777339577674866,44100.0
1987-08-03,0.4177735081740788,0.4177735081740788,0.41188937425613403,0.41188937425613403,24600.0
1987-08-04,0.41188937425613403,0.4177735081740788,0.41188937425613403,0.41188937425613403,26300.0
1987-08-05,0.41188937425613403,0.4177735081740788,0.41188937425613403,0.41188937425613403,27700.0
1987-08-06,0.41188937425613403,0.4177735081740788,0.41188937425613403,0.41188937425613403,31900.0
1987-08-07,0.4118892634418649,0.41777339577674866,0.4118892634418649,0.41777339577674866,25800.0
1987-08-10,0.4177735081740788,0.4177735081740788,0.41188937425613403,0.41188937425613403,31200.0
1987-08-11,0.41188937425613403,0.4177735081740788,0.41188937425613403,0.41188937425613403,62400.0
1987-08-12,0.41188937425613403,0.4177735081740788,0.41188937425613403,0.41188937425613403,40700.0
1987-08-13,0.41188937425613403,0.4177735081740788,0.41188937425613403,0.41188937425613403,43700.0
1987-08-14,0.41188937425613403,0.4177735081740788,0.41188937425613403,0.41188937425613403,37100.0
1987-08-17,0.41188937425613403,0.4177735081740788,0.40600524033818924,0.41188937425613403,30900.0
1987-08-18,0.41188937425613403,0.4177735081740788,0.40600524033818924,0.41188937425613403,47500.0
1987-08-19,0.4118893371112105,0.4177734704985135,0.40600520372390747,0.40600520372390747,32000.0
1987-08-20,0.4060051311069811,0.41777339577674866,0.4060051311069811,0.41777339577674866,24000.0
1987-08-21,0.4177734704985135,0.4177734704985135,0.40600520372390747,0.40600520372390747,38800.0
1987-08-24,0.40600528195500374,0.42365768551826477,0.40600528195500374,0.42365768551826477,100000.0
1987-08-25,0.4236576420920236,0.4236576420920236,0.41188937425613403,0.41188937425613403,33200.0
1987-08-26,0.4118892634418649,0.4236575281116325,0.4118892634418649,0.41777339577674866,47000.0
1987-08-27,0.4177735509971777,0.42365768551826477,0.4177735509971777,0.42365768551826477,53500.0
1987-08-28,0.42365768551826477,0.42365768551826477,0.4177735509971777,0.42365768551826477,86700.0
1987-08-31,0.4236574270953871,0.42954155802726746,0.4177732961635067,0.42954155802726746,37200.0
1987-09-01,0.42954182003935176,0.42954182003935176,0.4177735509971777,0.42365768551826477,70400.0
1987-09-02,0.42365768551826477,0.42954182003935176,0.42365768551826477,0.42365768551826477,39200.0
1987-09-03,0.4236574270953871,0.42954155802726746,0.4236574270953871,0.42954155802726746,40200.0
1987-09-04,0.42954182003935176,0.42954182003935176,0.42365768551826477,0.42365768551826477,28700.0
1987-09-08,0.4236574270953871,0.42954155802726746,0.4236574270953871,0.42954155802726746,32600.0
1987-09-09,0.42954182003935176,0.42954182003935176,0.42365768551826477,0.42365768551826477,20700.0
1987-09-10,0.42365768551826477,0.42954182003935176,0.42365768551826477,0.42365768551826477,22200.0
1987-09-11,0.42365768551826477,0.42954182003935176,0.42365768551826477,0.42365768551826477,13800.0
1987-09-14,0.42365768551826477,0.42954182003935176,0.42365768551826477,0.42365768551826477,40000.0
1987-09-15,0.4236574270953871,0.42954155802726746,0.4236574270953871,0.42954155802726746,24500.0
1987-09-16,0.42954182003935176,0.42954182003935176,0.42365768551826477,0.42365768551826477,20300.0
1987-09-17,0.4236574270953871,0.42954155802726746,0.4236574270953871,0.42954155802726746,18100.0
1987-09-18,0.42954182003935176,0.42954182003935176,0.42365768551826477,0.42365768551826477,35200.0
1987-09-21,0.42365768551826477,0.42954182003935176,0.4177735509971777,0.42365768551826477,16600.0
1987-09-22,0.42365768551826477,0.42954182003935176,0.42365768551826477,0.42365768551826477,27600.0
1987-09-23,0.4236574270953871,0.42954155802726746,0.4236574270953871,0.42954155802726746,16300.0
1987-09-24,0.42954182003935176,0.42954182003935176,0.42365768551826477,0.42365768551826477,28200.0
1987-09-25,0.42365768551826477,0.42954182003935176,0.42365768551826477,0.42365768551826477,9700.0
1987-09-28,0.42365768551826477,0.42954182003935176,0.42365768551826477,0.42365768551826477,12600.0
1987-09-29,0.4236576686034331,0.43542593717575073,0.4236576686034331,0.43542593717575073,41200.0
1987-09-30,0.43542568895914785,0.43542568895914785,0.4236574270953871,0.42954155802726746,15600.0
1987-10-01,0.42954180288959193,0.43542593717575073,0.4236576686034331,0.43542593717575073,13100.0
1987-10-02,0.43542568895914785,0.43542568895914785,0.4236574270953871,0.42954155802726746,36000.0
1987-10-05,0.42954155802726746,0.43542568895914785,0.4236574270953871,0.42954155802726746,10400.0
1987-10-06,0.42954182003935176,0.42954182003935176,0.42365768551826477,0.42365768551826477,43800.0
1987-10-07,0.42365768551826477,0.42954182003935176,0.42365768551826477,0.42365768551826477,16600.0
1987-10-08,0.42365768551826477,0.42954182003935176,0.42365768551826477,0.42365768551826477,25100.0
1987-10-09,0.42365768551826477,0.42954182003935176,0.42365768551826477,0.42365768551826477,21200.0
1987-10-12,0.4236574270953871,0.42954155802726746,0.4177732961635067,0.42954155802726746,17000.0
1987-10-13,0.42954182003935176,0.42954182003935176,0.42365768551826477,0.42365768551826477,13800.0
1987-10-14,0.4236575281116325,0.42954166044651626,0.41777339577674866,0.41777339577674866,20800.0
1987-10-15,0.41777339577674866,0.4236575281116325,0.41777339577674866,0.41777339577674866,25300.0
1987-10-16,0.41777339577674866,0.4236575281116325,0.41777339577674866,0.41777339577674866,24700.0
1987-10-19,0.4177735509971777,0.42954182003935176,0.41188941647609073,0.42365768551826477,100700.0
1987-10-20,0.4236574270953871,0.43542568895914785,0.4177732961635067,0.42954155802726746,197000.0
1987-10-21,0.429541815268366,0.4589624875470212,0.429541815268366,0.4471942186355591,140600.0
1987-10-22,0.4471940612792969,0.45307819366455077,0.42954166412353517,0.44130992889404297,88000.0
1987-10-23,0.44131008417982803,0.4471942186355591,0.44131008417982803,0.4471942186355591,46700.0
1987-10-26,0.4413100890815258,0.4413100890815258,0.42365768551826477,0.42365768551826477,62900.0
1987-10-27,0.42365768551826477,0.43542595456043875,0.42365768551826477,0.42365768551826477,76500.0
1987-10-28,0.42365768551826477,0.42954182003935176,0.42365768551826477,0.42365768551826477,32800.0
1987-10-29,0.4236574270953871,0.42954155802726746,0.4177732961635067,0.42954155802726746,34800.0
1987-10-30,0.42954180288959193,0.43542593717575073,0.4236576686034331,0.43542593717575073,29700.0
1987-11-02,0.43542593717575073,0.44131007146190954,0.4236576686034331,0.43542593717575073,26300.0
1987-11-03,0.43542593717575073,0.43542593717575073,0.42954180288959193,0.43542593717575073,30000.0
1987-11-04,0.43542595456043875,0.43542595456043875,0.42365768551826477,0.42365768551826477,39500.0
1987-11-05,0.42954182003935176,0.43542595456043875,0.42365768551826477,0.42365768551826477,22000.0
1987-11-06,0.4236574270953871,0.43542568895914785,0.4236574270953871,0.42954155802726746,25000.0
1987-11-09,0.42954182003935176,0.43542595456043875,0.42365768551826477,0.42365768551826477,27600.0
1987-11-10,0.42954155802726746,0.43542568895914785,0.4236574270953871,0.42954155802726746,29000.0
1987-11-11,0.43542593717575073,0.43542593717575073,0.42954180288959193,0.43542593717575073,13000.0
1987-11-12,0.44131007146190954,0.44131007146190954,0.43542593717575073,0.43542593717575073,37500.0
1987-11-13,0.42954180288959193,0.44131007146190954,0.42954180288959193,0.43542593717575073,9600.0
1987-11-16,0.43542593717575073,0.44131007146190954,0.42954180288959193,0.43542593717575073,36700.0
1987-11-17,0.43542593717575073,0.43542593717575073,0.42954180288959193,0.43542593717575073,17100.0
1987-11-18,0.43542593717575073,0.43542593717575073,0.42954180288959193,0.43542593717575073,34500.0
1987-11-19,0.43542568895914785,0.43542568895914785,0.42954155802726746,0.42954155802726746,25300.0
1987-11-20,0.43542593717575073,0.43542593717575073,0.42954180288959193,0.43542593717575073,21500.0
1987-11-23,0.43542593717575073,0.44131007146190954,0.42954180288959193,0.43542593717575073,19300.0
1987-11-24,0.44131007146190954,0.44131007146190954,0.43542593717575073,0.43542593717575073,26700.0
1987-11-25,0.44131007146190954,0.44131007146190954,0.43542593717575073,0.43542593717575073,14200.0
1987-11-27,0.43542593717575073,0.44131007146190954,0.43542593717575073,0.43542593717575073,5100.0
1987-11-30,0.43542593717575073,0.44719420574806834,0.43542593717575073,0.43542593717575073,25100.0
1987-12-01,0.44131008417982803,0.4471942186355591,0.44131008417982803,0.4471942186355591,16300.0
1987-12-02,0.44131008417982803,0.4471942186355591,0.44131008417982803,0.4471942186355591,24500.0
1987-12-03,0.4471940612792969,0.4471940612792969,0.44130992889404297,0.44130992889404297,14300.0
1987-12-04,0.44131008417982803,0.45307835309129013,0.44131008417982803,0.4471942186355591,49200.0
1987-12-07,0.43542593717575073,0.44131007146190954,0.43542593717575073,0.43542593717575073,44700.0
1987-12-08,0.43542593717575073,0.44131007146190954,0.42954180288959193,0.43542593717575073,26800.0
1987-12-09,0.43542568895914785,0.43542568895914785,0.42954155802726746,0.42954155802726746,20900.0
1987-12-10,0.42365768551826477,0.42954182003935176,0.4177735509971777,0.42365768551826477,27200.0
1987-12-11,0.42365768551826477,0.42954182003935176,0.42365768551826477,0.42365768551826477,6900.0
1987-12-14,0.42954166412353517,0.4471940612792969,0.42365753173828125,0.44130992889404297,48800.0
1987-12-15,0.441309887093383,0.4530781507492065,0.441309887093383,0.45307815074920654,37700.0
1987-12-16,0.4530781507492065,0.4589622825771183,0.44719401892129473,0.45307815074920654,56100.0
1987-12-17,0.45896238843096965,0.4707306548009945,0.4530782552459572,0.46484652161598206,67400.0
1987-12-18,0.45896238843096965,0.4707306548009945,0.45896238843096965,0.46484652161598206,141800.0
1987-12-21,0.4589623212814331,0.46484645360555404,0.4589623212814331,0.4589623212814331,90200.0
1987-12-22,0.4589624875470212,0.46484662200275223,0.4471942186355591,0.4471942186355591,40700.0
1987-12-23,0.45307835309129013,0.45307835309129013,0.44131008417982803,0.4471942186355591,6500.0
1987-12-24,0.44131008417982803,0.4471942186355591,0.44131008417982803,0.4471942186355591,7900.0
1987-12-28,0.4471940612792969,0.4471940612792969,0.44130992889404297,0.44130992889404297,11000.0
1987-12-29,0.44719420574806834,0.44719420574806834,0.43542593717575073,0.43542593717575073,15600.0
1987-12-30,0.44131007146190954,0.44131007146190954,0.43542593717575073,0.43542593717575073,10300.0
1987-12-31,0.44131007146190954,0.44131007146190954,0.43542593717575073,0.43542593717575073,27600.0
1988-01-04,0.44130992889404297,0.4471940612792969,0.43542579650878904,0.44130992889404297,15000.0
1988-01-05,0.44131008417982803,0.45307835309129013,0.44131008417982803,0.4471942186355591,11900.0
1988-01-06,0.4471942186355591,0.4471942186355591,0.44131008417982803,0.4471942186355591,6700.0
1988-01-07,0.44131008417982803,0.4471942186355591,0.44131008417982803,0.4471942186355591,11000.0
1988-01-08,0.4471940612792969,0.4471940612792969,0.44130992889404297,0.44130992889404297,15900.0
1988-01-11,0.44719420574806834,0.44719420574806834,0.42954180288959193,0.43542593717575073,15400.0
1988-01-12,0.44130992889404297,0.44130992889404297,0.43542579650878904,0.44130992889404297,15800.0
1988-01-13,0.44130992889404297,0.44130992889404297,0.43542579650878904,0.44130992889404297,8100.0
1988-01-14,0.43542593717575073,0.44131007146190954,0.43542593717575073,0.43542593717575073,7400.0
1988-01-15,0.44130992889404297,0.44130992889404297,0.43542579650878904,0.44130992889404297,12100.0
1988-01-18,0.44131007146190954,0.44131007146190954,0.43542593717575073,0.43542593717575073,5800.0
1988-01-19,0.43542593717575073,0.44131007146190954,0.43542593717575073,0.43542593717575073,10600.0
1988-01-20,0.43542568895914785,0.44130981989102824,0.42954155802726746,0.42954155802726746,31700.0
1988-01-21,0.42954155802726746,0.43542568895914785,0.42954155802726746,0.42954155802726746,12800.0
1988-01-22,0.43542579650878904,0.44130992889404297,0.42954166412353517,0.44130992889404297,21900.0
1988-01-25,0.43542593717575073,0.44131007146190954,0.43542593717575073,0.43542593717575073,14100.0
1988-01-26,0.43542579650878904,0.44130992889404297,0.43542579650878904,0.44130992889404297,9200.0
1988-01-27,0.44130992889404297,0.44130992889404297,0.43542579650878904,0.44130992889404297,10500.0
1988-01-28,0.44130992889404297,0.44130992889404297,0.43542579650878904,0.44130992889404297,14700.0
1988-01-29,0.44130992889404297,0.44130992889404297,0.43542579650878904,0.44130992889404297,13200.0
1988-02-01,0.44130992889404297,0.44130992889404297,0.43542579650878904,0.44130992889404297,10100.0
1988-02-02,0.44131007146190954,0.44131007146190954,0.43542593717575073,0.43542593717575073,12300.0
1988-02-03,0.44130981989102824,0.44130981989102824,0.42954155802726746,0.42954155802726746,14200.0
1988-02-04,0.43542593717575073,0.43542593717575073,0.42954180288959193,0.43542593717575073,16900.0
1988-02-05,0.42954180288959193,0.43542593717575073,0.42954180288959193,0.43542593717575073,9100.0
1988-02-08,0.43542593717575073,0.43542593717575073,0.42954180288959193,0.43542593717575073,8400.0
1988-02-09,0.43542568895914785,0.44130981989102824,0.42954155802726746,0.42954155802726746,9100.0
1988-02-10,0.43542568895914785,0.43542568895914785,0.42954155802726746,0.42954155802726746,19000.0
1988-02-11,0.42954180288959193,0.43542593717575073,0.42954180288959193,0.43542593717575073,8900.0
1988-02-12,0.42954155802726746,0.43542568895914785,0.42954155802726746,0.42954155802726746,10300.0
1988-02-16,0.42954180288959193,0.44131007146190954,0.42954180288959193,0.43542593717575073,19800.0
1988-02-17,0.43542593717575073,0.43542593717575073,0.42954180288959193,0.43542593717575073,13400.0
1988-02-18,0.43542568895914785,0.43542568895914785,0.42954155802726746,0.42954155802726746,11500.0
1988-02-19,0.43542568895914785,0.43542568895914785,0.42954155802726746,0.42954155802726746,7800.0
1988-02-22,0.42954155802726746,0.43542568895914785,0.42954155802726746,0.42954155802726746,5300.0
1988-02-23,0.42954155802726746,0.43542568895914785,0.42954155802726746,0.42954155802726746,19800.0
1988-02-24,0.42954180288959193,0.44131007146190954,0.42954180288959193,0.43542593717575073,16100.0
1988-02-25,0.44131007146190954,0.44131007146190954,0.43542593717575073,0.43542593717575073,5700.0
1988-02-26,0.43542579650878904,0.44130992889404297,0.43542579650878904,0.44130992889404297,12700.0
1988-02-29,0.44130992889404297,0.44130992889404297,0.43542579650878904,0.44130992889404297,7200.0
1988-03-01,0.43542579650878904,0.44130992889404297,0.43542579650878904,0.44130992889404297,20700.0
1988-03-02,0.43542593717575073,0.44131007146190954,0.43542593717575073,0.43542593717575073,19800.0
1988-03-03,0.43542593717575073,0.44131007146190954,0.43542593717575073,0.43542593717575073,24100.0
1988-03-04,0.43542579650878904,0.44130992889404297,0.43542579650878904,0.44130992889404297,16400.0
1988-03-07,0.44131007146190954,0.44131007146190954,0.43542593717575073,0.43542593717575073,40200.0
1988-03-08,0.43542593717575073,0.44131007146190954,0.43542593717575073,0.43542593717575073,16700.0
1988-03-09,0.43542579650878904,0.44130992889404297,0.43542579650878904,0.44130992889404297,23300.0
1988-03-10,0.43542593717575073,0.44131007146190954,0.43542593717575073,0.43542593717575073,17900.0
1988-03-11,0.43542579650878904,0.44130992889404297,0.43542579650878904,0.44130992889404297,20900.0
1988-03-14,0.44131007146190954,0.44131007146190954,0.43542593717575073,0.43542593717575073,9600.0
1988-03-15,0.43542593717575073,0.44131007146190954,0.43542593717575073,0.43542593717575073,8300.0
1988-03-16,0.44131007146190954,0.44131007146190954,0.43542593717575073,0.43542593717575073,12200.0
1988-03-17,0.44130992889404297,0.44130992889404297,0.43542579650878904,0.44130992889404297,10300.0
1988-03-18,0.44131007146190954,0.44131007146190954,0.43542593717575073,0.43542593717575073,22200.0
1988-03-21,0.43542593717575073,0.43542593717575073,0.42954180288959193,0.43542593717575073,19300.0
1988-03-22,0.42954155802726746,0.43542568895914785,0.42954155802726746,0.42954155802726746,14600.0
1988-03-23,0.42954180288959193,0.43542593717575073,0.42954180288959193,0.43542593717575073,6600.0
1988-03-24,0.43542568895914785,0.43542568895914785,0.42954155802726746,0.42954155802726746,8000.0
1988-03-25,0.4242619276046753,0.43604698114924956,0.4242619276046753,0.4242619276046753,12100.0
1988-03-28,0.4301544543769624,0.43604698114924956,0.4242619276046753,0.4242619276046753,12400.0
1988-03-29,0.42426194556771896,0.4301544725894928,0.42426194556771896,0.4301544725894928,6800.0
1988-03-30,0.4301546961069107,0.436047226190567,0.4242621660232544,0.436047226190567,10100.0
1988-03-31,0.4360469996112667,0.4360469996112667,0.4301544725894928,0.4301544725894928,7500.0
1988-04-04,0.4360469996112667,0.4360469996112667,0.4301544725894928,0.4301544725894928,11200.0
1988-04-05,0.4301544725894928,0.4360469996112667,0.4301544725894928,0.4301544725894928,7700.0
1988-04-06,0.4301544725894928,0.4301544725894928,0.42426194556771896,0.4301544725894928,8300.0
1988-04-07,0.436047226190567,0.436047226190567,0.4242621660232544,0.436047226190567,43200.0
1988-04-08,0.436047226190567,0.436047226190567,0.4301546961069107,0.436047226190567,6100.0
1988-04-11,0.4301544725894928,0.4360469996112667,0.4301544725894928,0.4301544725894928,16900.0
1988-04-12,0.436047226190567,0.436047226190567,0.4301546961069107,0.436047226190567,39800.0
1988-04-13,0.436047226190567,0.436047226190567,0.4301546961069107,0.436047226190567,17500.0
1988-04-14,0.4360469996112667,0.4360469996112667,0.4301544725894928,0.4301544725894928,14200.0
1988-04-15,0.4301546961069107,0.436047226190567,0.4301546961069107,0.436047226190567,17500.0
1988-04-18,0.4360469996112667,0.4360469996112667,0.4301544725894928,0.4301544725894928,9100.0
1988-04-19,0.4301544725894928,0.4360469996112667,0.4301544725894928,0.4301544725894928,20200.0
1988-04-20,0.4301544725894928,0.4360469996112667,0.4301544725894928,0.4301544725894928,17300.0
1988-04-21,0.4301544725894928,0.4360469996112667,0.4301544725894928,0.4301544725894928,11400.0
1988-04-22,0.4360469996112667,0.4360469996112667,0.4301544725894928,0.4301544725894928,10200.0
1988-04-25,0.4301544725894928,0.4360469996112667,0.4301544725894928,0.4301544725894928,8300.0
1988-04-26,0.4301544725894928,0.4360469996112667,0.4301544725894928,0.4301544725894928,8600.0
1988-04-27,0.4301544725894928,0.4360469996112667,0.4301544725894928,0.4301544725894928,10700.0
1988-04-28,0.4301544725894928,0.4360469996112667,0.4301544725894928,0.4301544725894928,10200.0
1988-04-29,0.4301546961069107,0.436047226190567,0.4301546961069107,0.436047226190567,6000.0
1988-05-02,0.436047226190567,0.436047226190567,0.4301546961069107,0.436047226190567,10500.0
1988-05-03,0.4301546961069107,0.436047226190567,0.4301546961069107,0.436047226190567,7700.0
1988-05-04,0.4360469996112667,0.4360469996112667,0.4301544725894928,0.4301544725894928,14200.0
1988-05-05,0.436047226190567,0.436047226190567,0.4301546961069107,0.436047226190567,20300.0
1988-05-06,0.4301544725894928,0.4360469996112667,0.4301544725894928,0.4301544725894928,15000.0
1988-05-09,0.4301544725894928,0.4360469996112667,0.4301544725894928,0.4301544725894928,11400.0
1988-05-10,0.4301544725894928,0.4360469996112667,0.4301544725894928,0.4301544725894928,13800.0
1988-05-11,0.4360469996112667,0.4360469996112667,0.4301544725894928,0.4301544725894928,18000.0
1988-05-12,0.4301544725894928,0.4360469996112667,0.4301544725894928,0.4301544725894928,9700.0
1988-05-13,0.4301546961069107,0.436047226190567,0.4301546961069107,0.436047226190567,23300.0
1988-05-16,0.4301544725894928,0.4360469996112667,0.4301544725894928,0.4301544725894928,9900.0
1988-05-17,0.4301546961069107,0.436047226190567,0.4301546961069107,0.436047226190567,30500.0
1988-05-18,0.4301544725894928,0.4360469996112667,0.4301544725894928,0.4301544725894928,19300.0
1988-05-19,0.42426194556771896,0.4360469996112667,0.42426194556771896,0.4301544725894928,26300.0
1988-05-20,0.4301544725894928,0.4360469996112667,0.4301544725894928,0.4301544725894928,8500.0
1988-05-23,0.4301544543769624,0.43604698114924956,0.4242619276046753,0.4242619276046753,18200.0
1988-05-24,0.4301544725894928,0.4360469996112667,0.4301544725894928,0.4301544725894928,7500.0
1988-05-25,0.4301544543769624,0.4301544543769624,0.4242619276046753,0.4242619276046753,16500.0
1988-05-26,0.4301544725894928,0.4360469996112667,0.42426194556771896,0.4301544725894928,9900.0
1988-05-27,0.4301544725894928,0.4301544725894928,0.42426194556771896,0.4301544725894928,7500.0
1988-05-31,0.42426194556771896,0.4360469996112667,0.42426194556771896,0.4301544725894928,15700.0
1988-06-01,0.4360469996112667,0.4360469996112667,0.42426194556771896,0.4301544725894928,12500.0
1988-06-02,0.4301546961069107,0.436047226190567,0.4242621660232544,0.436047226190567,16400.0
1988-06-03,0.4301544725894928,0.4360469996112667,0.4301544725894928,0.4301544725894928,5700.0
1988-06-06,0.43604698114924956,0.43604698114924956,0.4242619276046753,0.4242619276046753,12800.0
1988-06-07,0.42426194556771896,0.4360469996112667,0.42426194556771896,0.4301544725894928,8900.0
1988-06-08,0.4242621660232544,0.436047226190567,0.4242621660232544,0.436047226190567,11700.0
1988-06-09,0.4301544725894928,0.4301544725894928,0.42426194556771896,0.4301544725894928,8200.0
1988-06-10,0.42426194556771896,0.4301544725894928,0.42426194556771896,0.4301544725894928,21400.0
1988-06-13,0.4301544725894928,0.4360469996112667,0.4301544725894928,0.4301544725894928,11700.0
1988-06-14,0.42426194556771896,0.4360469996112667,0.42426194556771896,0.4301544725894928,22300.0
1988-06-15,0.4301544543769624,0.43604698114924956,0.4242619276046753,0.4242619276046753,8700.0
1988-06-16,0.4301544725894928,0.4360469996112667,0.4301544725894928,0.4301544725894928,8300.0
1988-06-17,0.4301544543769624,0.4301544543769624,0.4242619276046753,0.4242619276046753,24500.0
1988-06-20,0.42426194556771896,0.4301544725894928,0.42426194556771896,0.4301544725894928,18300.0
1988-06-21,0.42426194556771896,0.4301544725894928,0.42426194556771896,0.4301544725894928,8400.0
1988-06-22,0.4242619276046753,0.43604698114924956,0.4242619276046753,0.4242619276046753,20700.0
1988-06-23,0.42426194556771896,0.4360469996112667,0.42426194556771896,0.4301544725894928,5500.0
1988-06-24,0.42426194556771896,0.4301544725894928,0.42426194556771896,0.4301544725894928,11800.0
1988-06-27,0.4301544725894928,0.4360469996112667,0.4301544725894928,0.4301544725894928,10200.0
1988-06-28,0.4301544725894928,0.4360469996112667,0.4301544725894928,0.4301544725894928,9400.0
1988-06-29,0.42426194556771896,0.4360469996112667,0.42426194556771896,0.4301544725894928,11200.0
1988-06-30,0.4301544725894928,0.4360469996112667,0.4301544725894928,0.4301544725894928,22500.0
1988-07-01,0.4242619276046753,0.4301544543769624,0.4242619276046753,0.4242619276046753,9600.0
1988-07-05,0.4301544725894928,0.4360469996112667,0.42426194556771896,0.4301544725894928,7500.0
1988-07-06,0.4242619276046753,0.4301544543769624,0.4242619276046753,0.4242619276046753,19600.0
1988-07-07,0.42426194556771896,0.4360469996112667,0.42426194556771896,0.4301544725894928,19000.0
1988-07-08,0.4301544543769624,0.4301544543769624,0.4242619276046753,0.4242619276046753,11900.0
1988-07-11,0.42426194556771896,0.4301544725894928,0.42426194556771896,0.4301544725894928,24300.0
1988-07-12,0.42426194556771896,0.4301544725894928,0.42426194556771896,0.4301544725894928,9500.0
1988-07-13,0.42426194556771896,0.4301544725894928,0.42426194556771896,0.4301544725894928,18600.0
1988-07-14,0.42426194556771896,0.4301544725894928,0.42426194556771896,0.4301544725894928,18800.0
1988-07-15,0.4301544725894928,0.4360469996112667,0.4301544725894928,0.4301544725894928,15900.0
1988-07-18,0.42426194556771896,0.4360469996112667,0.42426194556771896,0.4301544725894928,13700.0
1988-07-19,0.4301546961069107,0.436047226190567,0.4301546961069107,0.436047226190567,14200.0
1988-07-20,0.4301544725894928,0.4360469996112667,0.4301544725894928,0.4301544725894928,7100.0
1988-07-21,0.4301544543769624,0.4301544543769624,0.4242619276046753,0.4242619276046753,14800.0
1988-07-22,0.4242619276046753,0.4301544543769624,0.4242619276046753,0.4242619276046753,41700.0
1988-07-25,0.4242619276046753,0.43604698114924956,0.4242619276046753,0.4242619276046753,17400.0
1988-07-26,0.42426194556771896,0.4360469996112667,0.42426194556771896,0.4301544725894928,14900.0
1988-07-27,0.42426194556771896,0.4360469996112667,0.42426194556771896,0.4301544725894928,19600.0
1988-07-28,0.4301544725894928,0.4360469996112667,0.4301544725894928,0.4301544725894928,15300.0
1988-07-29,0.4301546961069107,0.436047226190567,0.4301546961069107,0.436047226190567,4500.0
1988-08-01,0.4301546961069107,0.436047226190567,0.4301546961069107,0.436047226190567,24000.0
1988-08-02,0.4301544725894928,0.4360469996112667,0.4301544725894928,0.4301544725894928,13600.0
1988-08-03,0.4360469996112667,0.4360469996112667,0.4301544725894928,0.4301544725894928,19000.0
1988-08-04,0.4301544725894928,0.4360469996112667,0.4301544725894928,0.4301544725894928,7400.0
1988-08-05,0.4301544725894928,0.4360469996112667,0.4301544725894928,0.4301544725894928,22200.0
1988-08-08,0.4301544725894928,0.4360469996112667,0.4301544725894928,0.4301544725894928,18200.0
1988-08-09,0.4301544725894928,0.4360469996112667,0.4301544725894928,0.4301544725894928,17300.0
1988-08-10,0.4301546961069107,0.436047226190567,0.4301546961069107,0.436047226190567,24100.0
1988-08-11,0.4360469996112667,0.4360469996112667,0.4301544725894928,0.4301544725894928,9700.0
1988-08-12,0.4301546961069107,0.436047226190567,0.4301546961069107,0.436047226190567,7800.0
1988-08-15,0.4301546961069107,0.436047226190567,0.4301546961069107,0.436047226190567,7500.0
1988-08-16,0.4301544725894928,0.4360469996112667,0.4301544725894928,0.4301544725894928,9500.0
1988-08-17,0.436047226190567,0.436047226190567,0.4301546961069107,0.436047226190567,9700.0
1988-08-18,0.4301544725894928,0.4360469996112667,0.4301544725894928,0.4301544725894928,10800.0
1988-08-19,0.4301544725894928,0.4360469996112667,0.4301544725894928,0.4301544725894928,11600.0
1988-08-22,0.4301544725894928,0.4360469996112667,0.4301544725894928,0.4301544725894928,6400.0
1988-08-23,0.4301544725894928,0.4360469996112667,0.4301544725894928,0.4301544725894928,15200.0
1988-08-24,0.4301544725894928,0.4360469996112667,0.4301544725894928,0.4301544725894928,8800.0
1988-08-25,0.4301546961069107,0.436047226190567,0.4301546961069107,0.436047226190567,7800.0
1988-08-26,0.4360469996112667,0.4360469996112667,0.4301544725894928,0.4301544725894928,5800.0
1988-08-29,0.4301544725894928,0.4360469996112667,0.4301544725894928,0.4301544725894928,13000.0
1988-08-30,0.4360469996112667,0.4360469996112667,0.4301544725894928,0.4301544725894928,11500.0
1988-08-31,0.4301546961069107,0.436047226190567,0.4301546961069107,0.436047226190567,5100.0
1988-09-01,0.4301546961069107,0.436047226190567,0.4301546961069107,0.436047226190567,25000.0
1988-09-02,0.436047226190567,0.436047226190567,0.4301546961069107,0.436047226190567,19400.0
1988-09-06,0.4301546961069107,0.436047226190567,0.4301546961069107,0.436047226190567,6100.0
1988-09-07,0.436047226190567,0.436047226190567,0.4301546961069107,0.436047226190567,22300.0
1988-09-08,0.436047226190567,0.436047226190567,0.4301546961069107,0.436047226190567,22000.0
1988-09-09,0.4360469996112667,0.4360469996112667,0.4301544725894928,0.4301544725894928,16000.0
1988-09-12,0.4360469996112667,0.4360469996112667,0.4301544725894928,0.4301544725894928,15500.0
1988-09-13,0.4301544725894928,0.4360469996112667,0.4301544725894928,0.4301544725894928,9400.0
1988-09-14,0.4360469996112667,0.4360469996112667,0.4301544725894928,0.4301544725894928,8400.0
1988-09-15,0.4301544725894928,0.4360469996112667,0.4301544725894928,0.4301544725894928,4400.0
1988-09-16,0.4301544725894928,0.4360469996112667,0.4301544725894928,0.4301544725894928,11500.0
1988-09-19,0.43604709386825563,0.4419396221637726,0.4301545655727387,0.4419396221637726,77800.0
1988-09-20,0.43604709386825563,0.4419396221637726,0.43604709386825563,0.4419396221637726,8700.0
1988-09-21,0.436047226190567,0.4419397562742233,0.436047226190567,0.436047226190567,7300.0
1988-09-22,0.43604709386825563,0.4419396221637726,0.43604709386825563,0.4419396221637726,8400.0
1988-09-23,0.4419396221637726,0.4419396221637726,0.43604709386825563,0.4419396221637726,3400.0
1988-09-26,0.436047226190567,0.4419397562742233,0.436047226190567,0.436047226190567,4100.0
1988-09-27,0.4419396221637726,0.4419396221637726,0.43604709386825563,0.4419396221637726,13500.0
1988-09-28,0.4419397562742233,0.4419397562742233,0.436047226190567,0.436047226190567,5000.0
1988-09-29,0.4419397562742233,0.4419397562742233,0.436047226190567,0.436047226190567,7000.0
1988-09-30,0.4419397562742233,0.4419397562742233,0.436047226190567,0.436047226190567,18400.0
1988-10-03,0.43604709386825563,0.4419396221637726,0.43604709386825563,0.4419396221637726,56100.0
1988-10-04,0.4419396221637726,0.4419396221637726,0.43604709386825563,0.4419396221637726,12100.0
1988-10-05,0.4419395209927308,0.44783204793930054,0.43604699404616104,0.44783204793930054,31800.0
1988-10-06,0.4419396221637726,0.44783215045928954,0.4419396221637726,0.4419396221637726,12400.0
1988-10-07,0.43604699404616104,0.45372457488587026,0.43604699404616104,0.44783204793930054,16100.0
1988-10-10,0.4419396221637726,0.44783215045928954,0.4419396221637726,0.4419396221637726,11900.0
1988-10-11,0.4419396221637726,0.44783215045928954,0.43604709386825563,0.4419396221637726,25000.0
1988-10-12,0.43604699404616104,0.44783204793930054,0.43604699404616104,0.44783204793930054,13200.0
1988-10-13,0.4419396221637726,0.44783215045928954,0.4419396221637726,0.4419396221637726,3300.0
1988-10-14,0.44783215045928954,0.44783215045928954,0.4419396221637726,0.4419396221637726,11700.0
1988-10-17,0.43604709386825563,0.4419396221637726,0.43604709386825563,0.4419396221637726,4800.0
1988-10-18,0.4419397562742233,0.4419397562742233,0.436047226190567,0.436047226190567,18100.0
1988-10-19,0.4419397562742233,0.4419397562742233,0.436047226190567,0.436047226190567,21300.0
1988-10-20,0.43604709386825563,0.4419396221637726,0.43604709386825563,0.4419396221637726,17000.0
1988-10-21,0.436047226190567,0.4419397562742233,0.436047226190567,0.436047226190567,20000.0
1988-10-24,0.4419397562742233,0.44783228635787964,0.436047226190567,0.436047226190567,17100.0
1988-10-25,0.4419397562742233,0.44783228635787964,0.436047226190567,0.436047226190567,19900.0
1988-10-26,0.43604709386825563,0.44783215045928954,0.43604709386825563,0.4419396221637726,13300.0
1988-10-27,0.4419395209927308,0.44783204793930054,0.4419395209927308,0.44783204793930054,10900.0
1988-10-28,0.44783204793930054,0.44783204793930054,0.4419395209927308,0.44783204793930054,9800.0
1988-10-31,0.4419397562742233,0.44783228635787964,0.436047226190567,0.436047226190567,15800.0
1988-11-01,0.436047226190567,0.4419397562742233,0.436047226190567,0.436047226190567,24000.0
1988-11-02,0.4419396221637726,0.44783215045928954,0.43604709386825563,0.4419396221637726,14500.0
1988-11-03,0.4419396221637726,0.44783215045928954,0.4419396221637726,0.4419396221637726,9100.0
1988-11-04,0.4419396221637726,0.44783215045928954,0.4419396221637726,0.4419396221637726,11000.0
1988-11-07,0.4419396221637726,0.44783215045928954,0.4419396221637726,0.4419396221637726,11500.0
1988-11-08,0.44783204793930054,0.44783204793930054,0.4419395209927308,0.44783204793930054,7500.0
1988-11-09,0.44783204793930054,0.44783204793930054,0.4419395209927308,0.44783204793930054,7300.0
1988-11-10,0.4419396221637726,0.44783215045928954,0.4419396221637726,0.4419396221637726,4100.0
1988-11-11,0.44783215045928954,0.44783215045928954,0.4419396221637726,0.4419396221637726,8500.0
1988-11-14,0.44783215045928954,0.44783215045928954,0.4419396221637726,0.4419396221637726,7200.0
1988-11-15,0.4419396221637726,0.44783215045928954,0.4419396221637726,0.4419396221637726,14500.0
1988-11-16,0.4419396221637726,0.44783215045928954,0.4419396221637726,0.4419396221637726,11900.0
1988-11-17,0.44783228635787964,0.44783228635787964,0.436047226190567,0.436047226190567,16700.0
1988-11-18,0.43604709386825563,0.4419396221637726,0.43604709386825563,0.4419396221637726,7800.0
1988-11-21,0.4419396221637726,0.4419396221637726,0.43604709386825563,0.4419396221637726,5900.0
1988-11-22,0.4419397562742233,0.4419397562742233,0.436047226190567,0.436047226190567,4800.0
1988-11-23,0.436047226190567,0.4419397562742233,0.436047226190567,0.436047226190567,10000.0
1988-11-25,0.4419396221637726,0.4419396221637726,0.43604709386825563,0.4419396221637726,1600.0
1988-11-28,0.4419397562742233,0.4419397562742233,0.436047226190567,0.436047226190567,2100.0
1988-11-29,0.4419397562742233,0.4419397562742233,0.436047226190567,0.436047226190567,6600.0
1988-11-30,0.4419396221637726,0.4419396221637726,0.43604709386825563,0.4419396221637726,11200.0
1988-12-01,0.4419397562742233,0.4419397562742233,0.436047226190567,0.436047226190567,15200.0
1988-12-02,0.43604699404616104,0.44783204793930054,0.43604699404616104,0.44783204793930054,22900.0
1988-12-05,0.4419396221637726,0.44783215045928954,0.4419396221637726,0.4419396221637726,16400.0
1988-12-06,0.4290675222873688,0.4350267934302489,0.4290675222873688,0.4290675222873688,47700.0
1988-12-07,0.4350267934302489,0.44098606457312906,0.4290675222873688,0.4290675222873688,18200.0
1988-12-08,0.42906746472397894,0.4409860054107561,0.42906746472397894,0.43502673506736755,9400.0
1988-12-09,0.4350272074744508,0.4409864842891693,0.4350272074744508,0.4409864842891693,12700.0
1988-12-12,0.4409864842891693,0.4409864842891693,0.4350272074744508,0.4409864842891693,11000.0
1988-12-13,0.4409860054107561,0.4409860054107561,0.4350267350673675,0.43502673506736755,47900.0
1988-12-14,0.4409861858685811,0.446945458650589,0.4409861858685811,0.446945458650589,30500.0
1988-12-15,0.4409864842891693,0.4469457611038878,0.4409864842891693,0.4409864842891693,24900.0
1988-12-16,0.44098609842752157,0.4529046416282654,0.44098609842752157,0.4529046416282654,45600.0
1988-12-19,0.4469453700278935,0.4529046416282654,0.4469453700278935,0.4529046416282654,87300.0
1988-12-20,0.446945458650589,0.45290473143259685,0.446945458650589,0.446945458650589,37500.0
1988-12-21,0.446945458650589,0.45290473143259685,0.446945458650589,0.446945458650589,69700.0
1988-12-22,0.4469453700278935,0.4529046416282654,0.4469453700278935,0.4529046416282654,59300.0
1988-12-23,0.4469453700278935,0.4588639132286373,0.4469453700278935,0.4529046416282654,51700.0
1988-12-27,0.45290473143259685,0.45290473143259685,0.446945458650589,0.446945458650589,9500.0
1988-12-28,0.446945458650589,0.45290473143259685,0.446945458650589,0.446945458650589,15200.0
1988-12-29,0.45290473143259685,0.45290473143259685,0.446945458650589,0.446945458650589,56000.0
1988-12-30,0.4409864842891693,0.4469457611038878,0.4409864842891693,0.4409864842891693,20400.0
1989-01-03,0.4469457611038878,0.4469457611038878,0.4409864842891693,0.4409864842891693,58500.0
1989-01-04,0.4409864842891693,0.4469457611038878,0.4409864842891693,0.4409864842891693,22100.0
1989-01-05,0.4409864842891693,0.4409864842891693,0.4350272074744508,0.4409864842891693,23500.0
1989-01-06,0.4409864842891693,0.4469457611038878,0.4409864842891693,0.4409864842891693,30500.0
1989-01-09,0.4469457611038878,0.4469457611038878,0.4409864842891693,0.4409864842891693,21300.0
1989-01-10,0.4409864842891693,0.4469457611038878,0.4409864842891693,0.4409864842891693,28300.0
1989-01-11,0.4469457611038878,0.4469457611038878,0.4409864842891693,0.4409864842891693,18100.0
1989-01-12,0.4409864842891693,0.4469457611038878,0.4409864842891693,0.4409864842891693,17000.0
1989-01-13,0.4409864842891693,0.4469457611038878,0.4409864842891693,0.4409864842891693,25300.0
1989-01-16,0.4409864842891693,0.4469457611038878,0.4409864842891693,0.4409864842891693,23600.0
1989-01-17,0.4409861858685811,0.446945458650589,0.4409861858685811,0.446945458650589,8700.0
1989-01-18,0.4469452757541447,0.4469452757541447,0.4350267350673675,0.43502673506736755,50400.0
1989-01-19,0.4350267350673675,0.4409860054107561,0.4350267350673675,0.43502673506736755,22300.0
1989-01-20,0.4350267350673675,0.4409860054107561,0.4350267350673675,0.43502673506736755,11800.0
1989-01-23,0.4409860054107561,0.4409860054107561,0.4350267350673675,0.43502673506736755,67500.0
1989-01-24,0.4350267350673675,0.4409860054107561,0.4350267350673675,0.43502673506736755,28100.0
1989-01-25,0.4409860054107561,0.4409860054107561,0.4350267350673675,0.43502673506736755,22400.0
1989-01-26,0.4350267350673675,0.4409860054107561,0.4350267350673675,0.43502673506736755,15700.0
1989-01-27,0.4350267350673675,0.4409860054107561,0.4350267350673675,0.43502673506736755,24100.0
1989-01-30,0.4409860054107561,0.4409860054107561,0.4350267350673675,0.43502673506736755,38400.0
1989-01-31,0.4350267350673675,0.4409860054107561,0.4350267350673675,0.43502673506736755,25900.0
1989-02-01,0.4350267350673675,0.4409860054107561,0.42906746472397894,0.43502673506736755,28700.0
1989-02-02,0.4409860054107561,0.4409860054107561,0.4350267350673675,0.43502673506736755,28600.0
1989-02-03,0.4350267934302489,0.44098606457312906,0.4290675222873688,0.4290675222873688,17600.0
1989-02-06,0.4296405919840638,0.4296405919840638,0.4236733615398407,0.4236733615398407,16500.0
1989-02-07,0.4296405919840638,0.43560782242828694,0.4236733615398407,0.4236733615398407,32400.0
1989-02-08,0.42367333132359714,0.4296405613422394,0.42367333132359714,0.4296405613422394,26400.0
1989-02-09,0.4236733615398407,0.4296405919840638,0.4236733615398407,0.4236733615398407,11600.0
1989-02-10,0.42367333132359714,0.43560779136088157,0.42367333132359714,0.4296405613422394,53100.0
1989-02-13,0.4236733615398407,0.4296405919840638,0.4236733615398407,0.4236733615398407,12600.0
1989-02-14,0.4236733615398407,0.4296405919840638,0.4236733615398407,0.4236733615398407,24200.0
1989-02-15,0.4236733615398407,0.4296405919840638,0.4236733615398407,0.4236733615398407,34000.0
1989-02-16,0.4236733615398407,0.4296405919840638,0.4236733615398407,0.4236733615398407,23900.0
1989-02-17,0.42367333132359714,0.43560779136088157,0.42367333132359714,0.4296405613422394,82500.0
1989-02-21,0.4296404139636314,0.4356076419353485,0.4296404139636314,0.4356076419353485,42700.0
1989-02-22,0.4296405613422394,0.4296405613422394,0.4296405613422394,0.4296405613422394,8200.0
1989-02-23,0.4296404139636314,0.4415748699070656,0.4296404139636314,0.4356076419353485,134600.0
1989-02-24,0.4356076419353485,0.4356076419353485,0.4356076419353485,0.4356076419353485,13600.0
1989-02-27,0.4415748699070656,0.4415748699070656,0.4356076419353485,0.4356076419353485,24600.0
1989-02-28,0.4356079081425796,0.44157513976097107,0.4356079081425796,0.44157513976097107,16400.0
1989-03-01,0.4356079081425796,0.44157513976097107,0.4356079081425796,0.44157513976097107,28700.0
1989-03-02,0.44157496134440105,0.4475421905517578,0.44157496134440105,0.4475421905517578,139600.0
1989-03-03,0.4475421905517578,0.4535094197591146,0.4475421905517578,0.4475421905517578,14500.0
1989-03-06,0.4475421905517578,0.4535094197591146,0.4475421905517578,0.4475421905517578,9700.0
1989-03-07,0.4535094197591146,0.4535094197591146,0.4475421905517578,0.4475421905517578,22900.0
1989-03-08,0.4535096029977541,0.4535096029977541,0.44157513976097107,0.44157513976097107,134500.0
1989-03-09,0.44157513976097107,0.4475423713793626,0.44157513976097107,0.44157513976097107,9900.0
1989-03-10,0.44157513976097107,0.4475423713793626,0.44157513976097107,0.44157513976097107,15100.0
1989-03-13,0.44157513976097107,0.4475423713793626,0.44157513976097107,0.44157513976097107,9300.0
1989-03-14,0.44157513976097107,0.4475423713793626,0.44157513976097107,0.44157513976097107,18900.0
1989-03-15,0.4475423713793626,0.4475423713793626,0.44157513976097107,0.44157513976097107,22500.0
1989-03-16,0.4475421905517578,0.4535094197591146,0.44157496134440105,0.4475421905517578,54700.0
1989-03-17,0.4475421905517578,0.4535094197591146,0.4475421905517578,0.4475421905517578,21700.0
1989-03-20,0.4475421905517578,0.4535094197591146,0.44157496134440105,0.4475421905517578,30400.0
1989-03-21,0.44157513976097107,0.4475423713793626,0.44157513976097107,0.44157513976097107,7600.0
1989-03-22,0.44157513976097107,0.4475423713793626,0.44157513976097107,0.44157513976097107,26200.0
1989-03-23,0.44157513976097107,0.4475423713793626,0.44157513976097107,0.44157513976097107,8400.0
1989-03-27,0.44157513976097107,0.4475423713793626,0.44157513976097107,0.44157513976097107,15600.0
1989-03-28,0.44157513976097107,0.4475423713793626,0.44157513976097107,0.44157513976097107,21500.0
1989-03-29,0.44157513976097107,0.44157513976097107,0.44157513976097107,0.44157513976097107,17200.0
1989-03-30,0.44157513976097107,0.4475423713793626,0.4356079081425796,0.44157513976097107,17600.0
1989-03-31,0.4415748699070656,0.4415748699070656,0.4356076419353485,0.4356076419353485,17400.0
1989-04-03,0.4356079081425796,0.44157513976097107,0.4356079081425796,0.44157513976097107,20900.0
1989-04-04,0.4356076419353485,0.4415748699070656,0.4356076419353485,0.4356076419353485,24700.0
1989-04-05,0.4356076419353485,0.4415748699070656,0.4356076419353485,0.4356076419353485,16100.0
1989-04-06,0.4415748699070656,0.4415748699070656,0.4356076419353485,0.4356076419353485,15600.0
1989-04-07,0.4356076419353485,0.4415748699070656,0.4356076419353485,0.4356076419353485,13500.0
1989-04-10,0.4356076419353485,0.4415748699070656,0.4356076419353485,0.4356076419353485,24100.0
1989-04-11,0.4356076419353485,0.4415748699070656,0.4356076419353485,0.4356076419353485,31800.0
1989-04-12,0.4356076419353485,0.4415748699070656,0.4356076419353485,0.4356076419353485,19500.0
1989-04-13,0.4356076419353485,0.4415748699070656,0.4356076419353485,0.4356076419353485,30700.0
1989-04-14,0.4356076419353485,0.4415748699070656,0.4356076419353485,0.4356076419353485,20400.0
1989-04-17,0.4415748699070656,0.4415748699070656,0.4356076419353485,0.4356076419353485,36200.0
1989-04-18,0.4356076419353485,0.4356076419353485,0.4356076419353485,0.4356076419353485,10200.0
1989-04-19,0.4356076419353485,0.4415748699070656,0.4356076419353485,0.4356076419353485,37400.0
1989-04-20,0.4356076419353485,0.4356076419353485,0.4356076419353485,0.4356076419353485,64500.0
1989-04-21,0.43560779136088157,0.43560779136088157,0.4296405613422394,0.4296405613422394,22800.0
1989-04-24,0.4296404139636314,0.4415748699070656,0.4296404139636314,0.4356076419353485,19900.0
1989-04-25,0.43560779136088157,0.43560779136088157,0.4296405613422394,0.4296405613422394,21500.0
1989-04-26,0.4296405613422394,0.43560779136088157,0.4296405613422394,0.4296405613422394,10800.0
1989-04-27,0.43560779136088157,0.43560779136088157,0.4296405613422394,0.4296405613422394,14000.0
1989-04-28,0.4296405613422394,0.43560779136088157,0.4296405613422394,0.4296405613422394,12500.0
1989-05-01,0.4296405613422394,0.43560779136088157,0.4296405613422394,0.4296405613422394,23400.0
1989-05-02,0.4356076419353485,0.4415748699070656,0.4296404139636314,0.4356076419353485,27000.0
1989-05-03,0.4296406765241881,0.44157513976097107,0.4296406765241881,0.44157513976097107,14500.0
1989-05-04,0.4356076419353485,0.4415748699070656,0.4356076419353485,0.4356076419353485,14200.0
1989-05-05,0.4356076419353485,0.4356076419353485,0.4296404139636314,0.4356076419353485,18800.0
1989-05-08,0.43560779136088157,0.44157502137952376,0.4296405613422394,0.4296405613422394,17100.0
1989-05-09,0.4356076419353485,0.4415748699070656,0.4356076419353485,0.4356076419353485,29800.0
1989-05-10,0.43560779136088157,0.43560779136088157,0.4296405613422394,0.4296405613422394,25000.0
1989-05-11,0.4296404139636314,0.4356076419353485,0.4296404139636314,0.4356076419353485,15000.0
1989-05-12,0.43560779136088157,0.43560779136088157,0.4296405613422394,0.4296405613422394,12600.0
1989-05-15,0.4296405613422394,0.43560779136088157,0.4296405613422394,0.4296405613422394,40500.0
1989-05-16,0.4296404139636314,0.4356076419353485,0.4296404139636314,0.4356076419353485,34600.0
1989-05-17,0.4296405613422394,0.43560779136088157,0.4296405613422394,0.4296405613422394,16200.0
1989-05-18,0.4356076419353485,0.4356076419353485,0.4296404139636314,0.4356076419353485,16400.0
1989-05-19,0.43560779136088157,0.43560779136088157,0.4296405613422394,0.4296405613422394,82400.0
1989-05-22,0.4296405613422394,0.44157502137952376,0.4296405613422394,0.4296405613422394,25300.0
1989-05-23,0.4296404139636314,0.4356076419353485,0.4296404139636314,0.4356076419353485,14100.0
1989-05-24,0.4296405613422394,0.43560779136088157,0.4296405613422394,0.4296405613422394,20400.0
1989-05-25,0.4356076419353485,0.4356076419353485,0.4296404139636314,0.4356076419353485,35200.0
1989-05-26,0.4296404139636314,0.4415748699070656,0.4296404139636314,0.4356076419353485,29300.0
1989-05-30,0.4356079081425796,0.44157513976097107,0.4356079081425796,0.44157513976097107,11900.0
1989-05-31,0.4356076419353485,0.4356076419353485,0.4356076419353485,0.4356076419353485,8900.0
1989-06-01,0.4415748699070656,0.4415748699070656,0.4296404139636314,0.4356076419353485,9700.0
1989-06-02,0.44157513976097107,0.44157513976097107,0.4356079081425796,0.44157513976097107,17900.0
1989-06-05,0.4415748699070656,0.4415748699070656,0.4356076419353485,0.4356076419353485,10500.0
1989-06-06,0.4415748699070656,0.4415748699070656,0.4296404139636314,0.4356076419353485,19900.0
1989-06-07,0.44157513976097107,0.44157513976097107,0.4356079081425796,0.44157513976097107,14000.0
1989-06-08,0.4356076419353485,0.4415748699070656,0.4356076419353485,0.4356076419353485,10600.0
1989-06-09,0.4356076419353485,0.4415748699070656,0.4356076419353485,0.4356076419353485,20300.0
1989-06-12,0.4356076419353485,0.4415748699070656,0.4356076419353485,0.4356076419353485,17600.0
1989-06-13,0.4356076419353485,0.4415748699070656,0.4356076419353485,0.4356076419353485,31300.0
1989-06-14,0.4415748699070656,0.4415748699070656,0.4356076419353485,0.4356076419353485,12700.0
1989-06-15,0.4356076419353485,0.4356076419353485,0.4356076419353485,0.4356076419353485,34300.0
1989-06-16,0.4356076419353485,0.4415748699070656,0.4356076419353485,0.4356076419353485,11900.0
1989-06-19,0.4356076419353485,0.4415748699070656,0.4356076419353485,0.4356076419353485,12000.0
1989-06-20,0.4356076419353485,0.4415748699070656,0.4356076419353485,0.4356076419353485,12900.0
1989-06-21,0.4356076419353485,0.4356076419353485,0.4356076419353485,0.4356076419353485,8400.0
1989-06-22,0.4415748699070656,0.4415748699070656,0.4356076419353485,0.4356076419353485,30100.0
1989-06-23,0.4356076419353485,0.4415748699070656,0.4356076419353485,0.4356076419353485,20500.0
1989-06-26,0.4356076419353485,0.4415748699070656,0.4356076419353485,0.4356076419353485,5700.0
1989-06-27,0.4356076419353485,0.4415748699070656,0.4356076419353485,0.4356076419353485,15300.0
1989-06-28,0.4356076419353485,0.4356076419353485,0.4356076419353485,0.4356076419353485,37200.0
1989-06-29,0.4356076419353485,0.4415748699070656,0.4356076419353485,0.4356076419353485,15700.0
1989-06-30,0.4356076419353485,0.4415748699070656,0.4356076419353485,0.4356076419353485,10000.0
1989-07-03,0.4356076419353485,0.4356076419353485,0.4296404139636314,0.4356076419353485,15200.0
1989-07-05,0.4356076419353485,0.4415748699070656,0.4356076419353485,0.4356076419353485,9000.0
1989-07-06,0.4356076419353485,0.4415748699070656,0.4356076419353485,0.4356076419353485,16300.0
1989-07-07,0.4356076419353485,0.4356076419353485,0.4356076419353485,0.4356076419353485,12100.0
1989-07-10,0.4415748699070656,0.4415748699070656,0.4356076419353485,0.4356076419353485,23000.0
1989-07-11,0.4415748699070656,0.4415748699070656,0.4356076419353485,0.4356076419353485,76300.0
1989-07-12,0.4356079081425796,0.44157513976097107,0.4356079081425796,0.44157513976097107,17600.0
1989-07-13,0.4356079081425796,0.44157513976097107,0.4356079081425796,0.44157513976097107,23000.0
1989-07-14,0.4356076419353485,0.4415748699070656,0.4356076419353485,0.4356076419353485,10800.0
1989-07-17,0.4415748699070656,0.4415748699070656,0.4356076419353485,0.4356076419353485,71500.0
1989-07-18,0.4356076419353485,0.4415748699070656,0.4356076419353485,0.4356076419353485,18200.0
1989-07-19,0.4415748699070656,0.4415748699070656,0.4356076419353485,0.4356076419353485,21600.0
1989-07-20,0.4356079081425796,0.44157513976097107,0.4356079081425796,0.44157513976097107,142400.0
1989-07-21,0.4415748699070656,0.4415748699070656,0.4356076419353485,0.4356076419353485,11100.0
1989-07-24,0.4356079081425796,0.44157513976097107,0.4356079081425796,0.44157513976097107,61700.0
1989-07-25,0.44157481664105463,0.45350927114486694,0.4356075893891485,0.45350927114486694,166800.0
1989-07-26,0.4535094197591146,0.4535094197591146,0.44157496134440105,0.4475421905517578,103100.0
1989-07-27,0.45350924405184656,0.4594764709472656,0.45350924405184656,0.4594764709472656,52500.0
1989-07-28,0.4594764709472656,0.46544369784268463,0.45350924405184656,0.4594764709472656,43700.0
1989-07-31,0.4594764709472656,0.4594764709472656,0.45350924405184656,0.4594764709472656,37100.0
1989-08-01,0.45947665014328104,0.465443879365921,0.453509420920641,0.465443879365921,35600.0
1989-08-02,0.46544369784268463,0.46544369784268463,0.4594764709472656,0.4594764709472656,50300.0
1989-08-03,0.45350927114486694,0.4654437256486792,0.45350927114486694,0.45350927114486694,38100.0
1989-08-04,0.453509420920641,0.465443879365921,0.453509420920641,0.465443879365921,11800.0
1989-08-07,0.465443879365921,0.465443879365921,0.45947665014328104,0.465443879365921,41100.0
1989-08-08,0.465443879365921,0.465443879365921,0.45947665014328104,0.465443879365921,25700.0
1989-08-09,0.45947665014328104,0.465443879365921,0.453509420920641,0.465443879365921,63300.0
1989-08-10,0.46544369784268463,0.46544369784268463,0.45350924405184656,0.4594764709472656,32800.0
1989-08-11,0.4654437256486792,0.4654437256486792,0.45350927114486694,0.45350927114486694,30900.0
1989-08-14,0.45947649839677307,0.45947649839677307,0.45350927114486694,0.45350927114486694,39500.0
1989-08-15,0.45350924405184656,0.4594764709472656,0.45350924405184656,0.4594764709472656,20000.0
1989-08-16,0.4594764709472656,0.46544369784268463,0.45350924405184656,0.4594764709472656,49500.0
1989-08-17,0.4594764709472656,0.46544369784268463,0.45350924405184656,0.4594764709472656,32500.0
1989-08-18,0.465443879365921,0.465443879365921,0.453509420920641,0.465443879365921,13300.0
1989-08-21,0.4594764709472656,0.46544369784268463,0.45350924405184656,0.4594764709472656,15400.0
1989-08-22,0.45947665014328104,0.465443879365921,0.453509420920641,0.465443879365921,24900.0
1989-08-23,0.465443879365921,0.465443879365921,0.453509420920641,0.465443879365921,27800.0
1989-08-24,0.46544369784268463,0.46544369784268463,0.4594764709472656,0.4594764709472656,19500.0
1989-08-25,0.4594764709472656,0.46544369784268463,0.45350924405184656,0.4594764709472656,12700.0
1989-08-28,0.45350927114486694,0.45947649839677307,0.45350927114486694,0.45350927114486694,11300.0
1989-08-29,0.45947649839677307,0.4654437256486792,0.45350927114486694,0.45350927114486694,20700.0
1989-08-30,0.45350927114486694,0.45947649839677307,0.45350927114486694,0.45350927114486694,23900.0
1989-08-31,0.45947649839677307,0.45947649839677307,0.45350927114486694,0.45350927114486694,23400.0
1989-09-01,0.45350924405184656,0.4594764709472656,0.45350924405184656,0.4594764709472656,15800.0
1989-09-05,0.45350927114486694,0.45947649839677307,0.45350927114486694,0.45350927114486694,31400.0
1989-09-06,0.45350924405184656,0.4594764709472656,0.45350924405184656,0.4594764709472656,21600.0
1989-09-07,0.45350927114486694,0.45947649839677307,0.45350927114486694,0.45350927114486694,18600.0
1989-09-08,0.45947649839677307,0.45947649839677307,0.45350927114486694,0.45350927114486694,21700.0
1989-09-11,0.45350927114486694,0.45947649839677307,0.45350927114486694,0.45350927114486694,25300.0
1989-09-12,0.45350924405184656,0.4594764709472656,0.45350924405184656,0.4594764709472656,7200.0
1989-09-13,0.45350924405184656,0.4594764709472656,0.45350924405184656,0.4594764709472656,16900.0
1989-09-14,0.45350927114486694,0.45947649839677307,0.45350927114486694,0.45350927114486694,14300.0
1989-09-15,0.45350927114486694,0.45947649839677307,0.45350927114486694,0.45350927114486694,11700.0
1989-09-18,0.45350927114486694,0.45947649839677307,0.45350927114486694,0.45350927114486694,22400.0
1989-09-19,0.4594764709472656,0.4594764709472656,0.45350924405184656,0.4594764709472656,17700.0
1989-09-20,0.45947649839677307,0.45947649839677307,0.45350927114486694,0.45350927114486694,9900.0
1989-09-21,0.4594764709472656,0.4594764709472656,0.45350924405184656,0.4594764709472656,9000.0
1989-09-22,0.45947649839677307,0.45947649839677307,0.45350927114486694,0.45350927114486694,5300.0
1989-09-25,0.45947649839677307,0.45947649839677307,0.45350927114486694,0.45350927114486694,26500.0
1989-09-26,0.45947665014328104,0.465443879365921,0.453509420920641,0.465443879365921,53200.0
1989-09-27,0.465443879365921,0.465443879365921,0.45947665014328104,0.465443879365921,43500.0
1989-09-28,0.45947665014328104,0.465443879365921,0.45947665014328104,0.465443879365921,34700.0
1989-09-29,0.4714109247381037,0.4714109247381037,0.4594764709472656,0.4594764709472656,74600.0
1989-10-02,0.465443879365921,0.465443879365921,0.45947665014328104,0.465443879365921,37600.0
1989-10-03,0.46544358549238757,0.4714108109474182,0.46544358549238757,0.4714108109474182,25800.0
1989-10-04,0.4714108109474182,0.4714108109474182,0.46544358549238757,0.4714108109474182,18800.0
1989-10-05,0.47141110858856106,0.47141110858856106,0.465443879365921,0.465443879365921,21600.0
1989-10-06,0.46544358549238757,0.4714108109474182,0.46544358549238757,0.4714108109474182,38900.0
1989-10-09,0.4714108109474182,0.4714108109474182,0.46544358549238757,0.4714108109474182,21100.0
1989-10-10,0.4714108109474182,0.4714108109474182,0.46544358549238757,0.4714108109474182,16300.0
1989-10-11,0.47141110858856106,0.47141110858856106,0.465443879365921,0.465443879365921,19300.0
1989-10-12,0.47141110858856106,0.47141110858856106,0.45947665014328104,0.465443879365921,28300.0
1989-10-13,0.46544369784268463,0.46544369784268463,0.4594764709472656,0.4594764709472656,25900.0
1989-10-16,0.4594764709472656,0.46544369784268463,0.4594764709472656,0.4594764709472656,44900.0
1989-10-17,0.4594764709472656,0.46544369784268463,0.4594764709472656,0.4594764709472656,22900.0
1989-10-18,0.46544369784268463,0.46544369784268463,0.4594764709472656,0.4594764709472656,12300.0
1989-10-19,0.4594764709472656,0.46544369784268463,0.4594764709472656,0.4594764709472656,20300.0
1989-10-20,0.4594764709472656,0.46544369784268463,0.4594764709472656,0.4594764709472656,29100.0
1989-10-23,0.45947665014328104,0.465443879365921,0.45947665014328104,0.465443879365921,9700.0
1989-10-24,0.4594764709472656,0.46544369784268463,0.4594764709472656,0.4594764709472656,19600.0
1989-10-25,0.4594764709472656,0.46544369784268463,0.4594764709472656,0.4594764709472656,8400.0
1989-10-26,0.45947665014328104,0.465443879365921,0.45947665014328104,0.465443879365921,9500.0
1989-10-27,0.45947665014328104,0.465443879365921,0.45947665014328104,0.465443879365921,14500.0
1989-10-30,0.46544369784268463,0.46544369784268463,0.4594764709472656,0.4594764709472656,16000.0
1989-10-31,0.465443879365921,0.47141110858856106,0.45947665014328104,0.465443879365921,34500.0
1989-11-01,0.465443879365921,0.47141110858856106,0.45947665014328104,0.465443879365921,25000.0
1989-11-02,0.465443879365921,0.47141110858856106,0.465443879365921,0.465443879365921,18900.0
1989-11-03,0.465443879365921,0.47141110858856106,0.465443879365921,0.465443879365921,13900.0
1989-11-06,0.4714108109474182,0.4714108109474182,0.46544358549238757,0.4714108109474182,16500.0
1989-11-07,0.47141110858856106,0.47141110858856106,0.465443879365921,0.465443879365921,31900.0
1989-11-08,0.4714108109474182,0.4714108109474182,0.46544358549238757,0.4714108109474182,8000.0
1989-11-09,0.47141110858856106,0.47141110858856106,0.465443879365921,0.465443879365921,20200.0
1989-11-10,0.46544358549238757,0.4714108109474182,0.46544358549238757,0.4714108109474182,17800.0
1989-11-13,0.465443879365921,0.47141110858856106,0.465443879365921,0.465443879365921,21700.0
1989-11-14,0.47141110858856106,0.47141110858856106,0.465443879365921,0.465443879365921,13200.0
1989-11-15,0.46544358549238757,0.4773780364024488,0.46544358549238757,0.4714108109474182,12100.0
1989-11-16,0.4714108109474182,0.4714108109474182,0.46544358549238757,0.4714108109474182,6000.0
1989-11-17,0.4714108109474182,0.4773780364024488,0.46544358549238757,0.4714108109474182,25100.0
1989-11-20,0.471410932764411,0.47737815976142883,0.471410932764411,0.47737815976142883,20400.0
1989-11-21,0.471410932764411,0.47737815976142883,0.46544370576739313,0.47737815976142883,36700.0
1989-11-22,0.471410932764411,0.47737815976142883,0.471410932764411,0.47737815976142883,29900.0
1989-11-24,0.471410932764411,0.47737815976142883,0.471410932764411,0.47737815976142883,8800.0
1989-11-27,0.47737815976142883,0.47737815976142883,0.471410932764411,0.47737815976142883,12700.0
1989-11-28,0.47737815976142883,0.47737815976142883,0.471410932764411,0.47737815976142883,22100.0
1989-11-29,0.4714108109474182,0.4773780364024488,0.4714108109474182,0.4714108109474182,3700.0
1989-11-30,0.4714108109474182,0.4773780364024488,0.4714108109474182,0.4714108109474182,7500.0
1989-12-01,0.47737815976142883,0.47737815976142883,0.471410932764411,0.47737815976142883,17000.0
1989-12-04,0.47737815976142883,0.4833453867584467,0.47737815976142883,0.47737815976142883,10100.0
1989-12-05,0.48379494440861237,0.4965263903141022,0.48379494440861237,0.4965263903141022,39400.0
1989-12-06,0.49016066736135727,0.4965263903141022,0.49016066736135727,0.4965263903141022,32200.0
1989-12-07,0.496526245947008,0.496526245947008,0.4901605248451233,0.4901605248451233,21000.0
1989-12-08,0.49016066736135727,0.502892113266847,0.49016066736135727,0.4965263903141022,45700.0
1989-12-11,0.4901605248451233,0.496526245947008,0.4901605248451233,0.4901605248451233,44900.0
1989-12-12,0.4965263903141022,0.4965263903141022,0.49016066736135727,0.4965263903141022,41000.0
1989-12-13,0.4965263485908509,0.5092577934265137,0.4965263485908509,0.5092577934265137,30300.0
1989-12-14,0.5092575580258913,0.5092575580258913,0.5028918385505676,0.5028918385505676,38200.0
1989-12-15,0.5092577934265137,0.5092577934265137,0.5028920710086823,0.5092577934265137,44500.0
1989-12-18,0.5028918385505676,0.5092575580258913,0.5028918385505676,0.5028918385505676,82000.0
1989-12-19,0.5028918385505676,0.5092575580258913,0.5028918385505676,0.5028918385505676,46800.0
1989-12-20,0.5028918385505676,0.5092575580258913,0.5028918385505676,0.5028918385505676,43800.0
1989-12-21,0.5028919489295395,0.5156233906745911,0.5028919489295395,0.5156233906745911,48800.0
1989-12-22,0.5156233906745911,0.5219891115471169,0.5156233906745911,0.5156233906745911,87200.0
1989-12-26,0.5156235158443451,0.5156235158443451,0.5092577934265137,0.5092577934265137,45100.0
1989-12-27,0.5092575580258913,0.515623277501215,0.5028918385505676,0.5028918385505676,22000.0
1989-12-28,0.5028920710086823,0.5092577934265137,0.5028920710086823,0.5092577934265137,32600.0
1989-12-29,0.5092575580258913,0.5092575580258913,0.5028918385505676,0.5028918385505676,22000.0
1990-01-02,0.5028918385505676,0.5092575580258913,0.5028918385505676,0.5028918385505676,10200.0
1990-01-03,0.5028918385505676,0.5092575580258913,0.5028918385505676,0.5028918385505676,21900.0
1990-01-04,0.4965263903141022,0.502892113266847,0.4965263903141022,0.4965263903141022,18800.0
1990-01-05,0.502892113266847,0.502892113266847,0.4965263903141022,0.4965263903141022,23900.0
1990-01-08,0.496526119075244,0.5028918385505676,0.496526119075244,0.5028918385505676,11700.0
1990-01-09,0.502892113266847,0.502892113266847,0.4965263903141022,0.4965263903141022,17200.0
1990-01-10,0.4965263903141022,0.502892113266847,0.4965263903141022,0.4965263903141022,18000.0
1990-01-11,0.502892113266847,0.502892113266847,0.4965263903141022,0.4965263903141022,18100.0
1990-01-12,0.4965263903141022,0.502892113266847,0.4965263903141022,0.4965263903141022,12500.0
1990-01-15,0.4965263903141022,0.502892113266847,0.4965263903141022,0.4965263903141022,13800.0
1990-01-16,0.4965263903141022,0.502892113266847,0.4965263903141022,0.4965263903141022,9100.0
1990-01-17,0.5028918385505676,0.5028918385505676,0.496526119075244,0.5028918385505676,10900.0
1990-01-18,0.5028918385505676,0.5028918385505676,0.496526119075244,0.5028918385505676,3500.0
1990-01-19,0.4965263903141022,0.502892113266847,0.4965263903141022,0.4965263903141022,8700.0
1990-01-22,0.496526245947008,0.5028919670488927,0.4901605248451233,0.4901605248451233,29100.0
1990-01-23,0.49016066736135727,0.4965263903141022,0.49016066736135727,0.4965263903141022,8900.0
1990-01-24,0.4965263903141022,0.4965263903141022,0.49016066736135727,0.4965263903141022,12400.0
1990-01-25,0.4901605248451233,0.496526245947008,0.4901605248451233,0.4901605248451233,10200.0
1990-01-26,0.496526245947008,0.5028919670488927,0.4901605248451233,0.4901605248451233,16800.0
1990-01-29,0.49016066736135727,0.4965263903141022,0.49016066736135727,0.4965263903141022,22100.0
1990-01-30,0.4901605248451233,0.496526245947008,0.4901605248451233,0.4901605248451233,1900.0
1990-01-31,0.4901605248451233,0.496526245947008,0.4837948037432386,0.4901605248451233,16200.0
1990-02-01,0.4965263903141022,0.4965263903141022,0.48379494440861237,0.4965263903141022,19600.0
1990-02-02,0.496526245947008,0.496526245947008,0.4901605248451233,0.4901605248451233,10700.0
1990-02-05,0.4849033019481561,0.4976639151573181,0.4849033019481561,0.4976639151573181,17300.0
1990-02-06,0.49128347635269165,0.4976637812403889,0.49128347635269165,0.49128347635269165,14600.0
1990-02-07,0.49128347635269165,0.4976637812403889,0.49128347635269165,0.49128347635269165,13400.0
1990-02-08,0.4912836085527371,0.4976639151573181,0.4849033019481561,0.4976639151573181,19000.0
1990-02-09,0.49128343125707225,0.49766373555911214,0.48490312695503235,0.48490312695503235,5900.0
1990-02-12,0.48490312695503235,0.49128343125707225,0.48490312695503235,0.48490312695503235,11800.0
1990-02-13,0.48490317146499434,0.49128347635269165,0.48490317146499434,0.49128347635269165,20200.0
1990-02-14,0.4976639151573181,0.4976639151573181,0.4849033019481561,0.4976639151573181,10200.0
1990-02-15,0.48490312695503235,0.49128343125707225,0.48490312695503235,0.48490312695503235,4500.0
1990-02-16,0.48490317146499434,0.49128347635269165,0.48490317146499434,0.49128347635269165,14500.0
1990-02-20,0.49128347635269165,0.4976637812403889,0.48490317146499434,0.49128347635269165,44900.0
1990-02-21,0.4976639151573181,0.4976639151573181,0.4912836085527371,0.4976639151573181,26400.0
1990-02-22,0.4912836085527371,0.4976639151573181,0.4912836085527371,0.4976639151573181,9500.0
1990-02-23,0.4912836085527371,0.4976639151573181,0.4912836085527371,0.4976639151573181,13700.0
1990-02-26,0.4976637812403889,0.4976637812403889,0.49128347635269165,0.49128347635269165,20600.0
1990-02-27,0.49128347635269165,0.4976637812403889,0.48490317146499434,0.49128347635269165,22900.0
1990-02-28,0.49128347635269165,0.4976637812403889,0.49128347635269165,0.49128347635269165,11200.0
1990-03-01,0.49128347635269165,0.4976637812403889,0.49128347635269165,0.49128347635269165,4400.0
1990-03-02,0.49766373555911214,0.49766373555911214,0.48490312695503235,0.48490312695503235,43400.0
1990-03-05,0.49128343125707225,0.49128343125707225,0.48490312695503235,0.48490312695503235,8700.0
1990-03-06,0.48490317146499434,0.49128347635269165,0.48490317146499434,0.49128347635269165,19600.0
1990-03-07,0.48490312695503235,0.49128343125707225,0.48490312695503235,0.48490312695503235,7200.0
1990-03-08,0.48490312695503235,0.49128343125707225,0.48490312695503235,0.48490312695503235,8100.0
1990-03-09,0.49128343125707225,0.49128343125707225,0.48490312695503235,0.48490312695503235,11700.0
1990-03-12,0.48490312695503235,0.49128343125707225,0.48490312695503235,0.48490312695503235,26500.0
1990-03-13,0.48490312695503235,0.49128343125707225,0.48490312695503235,0.48490312695503235,34800.0
1990-03-14,0.47852282265299245,0.48490312695503235,0.47852282265299245,0.48490312695503235,15300.0
1990-03-15,0.47852301597595215,0.48490332285563154,0.47852301597595215,0.47852301597595215,7400.0
1990-03-16,0.48490312695503235,0.48490312695503235,0.47852282265299245,0.48490312695503235,9600.0
1990-03-19,0.47852301597595215,0.48490332285563154,0.47852301597595215,0.47852301597595215,16200.0
1990-03-20,0.47852301597595215,0.48490332285563154,0.47852301597595215,0.47852301597595215,6800.0
1990-03-21,0.48490332285563154,0.48490332285563154,0.47852301597595215,0.47852301597595215,36000.0
1990-03-22,0.47214270909627276,0.47852301597595215,0.47214270909627276,0.47852301597595215,12100.0
1990-03-23,0.47852301597595215,0.48490332285563154,0.47852301597595215,0.47852301597595215,11000.0
1990-03-26,0.47852301597595215,0.48490332285563154,0.47852301597595215,0.47852301597595215,12300.0
1990-03-27,0.48490332285563154,0.48490332285563154,0.47852301597595215,0.47852301597595215,7500.0
1990-03-28,0.47852282265299245,0.48490312695503235,0.47852282265299245,0.48490312695503235,6500.0
1990-03-29,0.47852301597595215,0.47852301597595215,0.47852301597595215,0.47852301597595215,8600.0
1990-03-30,0.47852282265299245,0.48490312695503235,0.47852282265299245,0.48490312695503235,3500.0
1990-04-02,0.48490312695503235,0.48490312695503235,0.47852282265299245,0.48490312695503235,4400.0
1990-04-03,0.47852301597595215,0.48490332285563154,0.47852301597595215,0.47852301597595215,17800.0
1990-04-04,0.47852301597595215,0.48490332285563154,0.47852301597595215,0.47852301597595215,7200.0
1990-04-05,0.47852301597595215,0.48490332285563154,0.47852301597595215,0.47852301597595215,10900.0
1990-04-06,0.48490312695503235,0.48490312695503235,0.47852282265299245,0.48490312695503235,27100.0
1990-04-09,0.47852282265299245,0.48490312695503235,0.47852282265299245,0.48490312695503235,8800.0
1990-04-10,0.48490312695503235,0.48490312695503235,0.47852282265299245,0.48490312695503235,3600.0
1990-04-11,0.48490332285563154,0.48490332285563154,0.47852301597595215,0.47852301597595215,11600.0
1990-04-12,0.48490332285563154,0.48490332285563154,0.47852301597595215,0.47852301597595215,10200.0
1990-04-16,0.47852282265299245,0.48490312695503235,0.47852282265299245,0.48490312695503235,36300.0
1990-04-17,0.4785230030884614,0.4849033097963076,0.47214269638061523,0.47214269638061523,25800.0
1990-04-18,0.47852282265299245,0.48490312695503235,0.4721425183509525,0.48490312695503235,16800.0
1990-04-19,0.4785230030884614,0.4785230030884614,0.47214269638061523,0.47214269638061523,29500.0
1990-04-20,0.47214269638061523,0.4785230030884614,0.47214269638061523,0.47214269638061523,28900.0
1990-04-23,0.47214270909627276,0.47852301597595215,0.47214270909627276,0.47852301597595215,5700.0
1990-04-24,0.47214270909627276,0.47852301597595215,0.47214270909627276,0.47852301597595215,6000.0
1990-04-25,0.47214270909627276,0.47852301597595215,0.47214270909627276,0.47852301597595215,9400.0
1990-04-26,0.47214269638061523,0.4785230030884614,0.47214269638061523,0.47214269638061523,5100.0
1990-04-27,0.47852301597595215,0.47852301597595215,0.47214270909627276,0.47852301597595215,4300.0
1990-04-30,0.4785230030884614,0.4849033097963076,0.47214269638061523,0.47214269638061523,19200.0
1990-05-01,0.47852301597595215,0.48490332285563154,0.47214270909627276,0.47852301597595215,19900.0
1990-05-02,0.47852301597595215,0.48490332285563154,0.47852301597595215,0.47852301597595215,12300.0
1990-05-03,0.47852282265299245,0.48490312695503235,0.47852282265299245,0.48490312695503235,18100.0
1990-05-04,0.48490332285563154,0.48490332285563154,0.47852301597595215,0.47852301597595215,8300.0
1990-05-07,0.48490332285563154,0.48490332285563154,0.47852301597595215,0.47852301597595215,15900.0
1990-05-08,0.47852301597595215,0.48490332285563154,0.47852301597595215,0.47852301597595215,6200.0
1990-05-09,0.47852301597595215,0.48490332285563154,0.47852301597595215,0.47852301597595215,4700.0
1990-05-10,0.48490332285563154,0.48490332285563154,0.47852301597595215,0.47852301597595215,23200.0
1990-05-11,0.47214270909627276,0.47852301597595215,0.47214270909627276,0.47852301597595215,10900.0
1990-05-14,0.47852301597595215,0.48490332285563154,0.47852301597595215,0.47852301597595215,12800.0
1990-05-15,0.47852301597595215,0.48490332285563154,0.47852301597595215,0.47852301597595215,13100.0
1990-05-16,0.47852301597595215,0.48490332285563154,0.47852301597595215,0.47852301597595215,17700.0
1990-05-17,0.47852301597595215,0.48490332285563154,0.47852301597595215,0.47852301597595215,7100.0
1990-05-18,0.48490332285563154,0.48490332285563154,0.47852301597595215,0.47852301597595215,9100.0
1990-05-21,0.47852282265299245,0.48490312695503235,0.47852282265299245,0.48490312695503235,15200.0
1990-05-22,0.47852301597595215,0.48490332285563154,0.47852301597595215,0.47852301597595215,9400.0
1990-05-23,0.48490332285563154,0.48490332285563154,0.47852301597595215,0.47852301597595215,12500.0
1990-05-24,0.48490312695503235,0.48490312695503235,0.47852282265299245,0.48490312695503235,12100.0
1990-05-25,0.47852282265299245,0.48490312695503235,0.47852282265299245,0.48490312695503235,2400.0
1990-05-29,0.47852282265299245,0.48490312695503235,0.47852282265299245,0.48490312695503235,12000.0
1990-05-30,0.48490332285563154,0.48490332285563154,0.47852301597595215,0.47852301597595215,20000.0
1990-05-31,0.47852301597595215,0.48490332285563154,0.47852301597595215,0.47852301597595215,7800.0
1990-06-01,0.47852301597595215,0.48490332285563154,0.47852301597595215,0.47852301597595215,7200.0
1990-06-04,0.48490312695503235,0.48490312695503235,0.47852282265299245,0.48490312695503235,9200.0
1990-06-05,0.47852282265299245,0.48490312695503235,0.47852282265299245,0.48490312695503235,26700.0
1990-06-06,0.48490332285563154,0.48490332285563154,0.47852301597595215,0.47852301597595215,17000.0
1990-06-07,0.48490312695503235,0.48490312695503235,0.47852282265299245,0.48490312695503235,44700.0
1990-06-08,0.48490312695503235,0.49128343125707225,0.47852282265299245,0.48490312695503235,19300.0
1990-06-11,0.49128343125707225,0.49128343125707225,0.48490312695503235,0.48490312695503235,18600.0
1990-06-12,0.48490312695503235,0.49128343125707225,0.48490312695503235,0.48490312695503235,23000.0
1990-06-13,0.48490312695503235,0.48490312695503235,0.48490312695503235,0.48490312695503235,16500.0
1990-06-14,0.48490312695503235,0.49128343125707225,0.48490312695503235,0.48490312695503235,8000.0
1990-06-15,0.48490317146499434,0.49128347635269165,0.48490317146499434,0.49128347635269165,9400.0
1990-06-18,0.48490312695503235,0.49128343125707225,0.48490312695503235,0.48490312695503235,9200.0
1990-06-19,0.49128343125707225,0.49128343125707225,0.48490312695503235,0.48490312695503235,11300.0
1990-06-20,0.48490312695503235,0.49128343125707225,0.48490312695503235,0.48490312695503235,4600.0
1990-06-21,0.48490312695503235,0.49128343125707225,0.48490312695503235,0.48490312695503235,15100.0
1990-06-22,0.48490332285563154,0.49128362973531087,0.47852301597595215,0.47852301597595215,16400.0
1990-06-25,0.47852301597595215,0.47852301597595215,0.47852301597595215,0.47852301597595215,7200.0
1990-06-26,0.47852301597595215,0.48490332285563154,0.47852301597595215,0.47852301597595215,6000.0
1990-06-27,0.47852301597595215,0.48490332285563154,0.47852301597595215,0.47852301597595215,37400.0
1990-06-28,0.47852301597595215,0.48490332285563154,0.47852301597595215,0.47852301597595215,3200.0
1990-06-29,0.47852301597595215,0.48490332285563154,0.47852301597595215,0.47852301597595215,26900.0
1990-07-02,0.47852282265299245,0.48490312695503235,0.47852282265299245,0.48490312695503235,22000.0
1990-07-03,0.48490332285563154,0.48490332285563154,0.47852301597595215,0.47852301597595215,9400.0
1990-07-05,0.47852301597595215,0.48490332285563154,0.47852301597595215,0.47852301597595215,18200.0
1990-07-06,0.47852301597595215,0.48490332285563154,0.47852301597595215,0.47852301597595215,11200.0
1990-07-09,0.47852301597595215,0.48490332285563154,0.47852301597595215,0.47852301597595215,15600.0
1990-07-10,0.47852301597595215,0.48490332285563154,0.47852301597595215,0.47852301597595215,19800.0
1990-07-11,0.47852301597595215,0.48490332285563154,0.47852301597595215,0.47852301597595215,25900.0
1990-07-12,0.47852301597595215,0.48490332285563154,0.47852301597595215,0.47852301597595215,5300.0
1990-07-13,0.47852282265299245,0.48490312695503235,0.47852282265299245,0.48490312695503235,38200.0
1990-07-16,0.49128343125707225,0.49128343125707225,0.48490312695503235,0.48490312695503235,28400.0
1990-07-17,0.48490317146499434,0.49128347635269165,0.48490317146499434,0.49128347635269165,22000.0
1990-07-18,0.48490312695503235,0.49128343125707225,0.48490312695503235,0.48490312695503235,18600.0
1990-07-19,0.48490312695503235,0.49128343125707225,0.47852282265299245,0.48490312695503235,15200.0
1990-07-20,0.48490312695503235,0.49128343125707225,0.48490312695503235,0.48490312695503235,6100.0
1990-07-23,0.48490332285563154,0.48490332285563154,0.47852301597595215,0.47852301597595215,21800.0
1990-07-24,0.47852282265299245,0.48490312695503235,0.47852282265299245,0.48490312695503235,31600.0
1990-07-25,0.48490312695503235,0.49128343125707225,0.47852282265299245,0.48490312695503235,11300.0
1990-07-26,0.47852282265299245,0.48490312695503235,0.47852282265299245,0.48490312695503235,10400.0
1990-07-27,0.48490317146499434,0.49128347635269165,0.48490317146499434,0.49128347635269165,14300.0
1990-07-30,0.48490317146499434,0.49128347635269165,0.48490317146499434,0.49128347635269165,6000.0
1990-07-31,0.49128343125707225,0.49128343125707225,0.48490312695503235,0.48490312695503235,9800.0
1990-08-01,0.49128343125707225,0.49128343125707225,0.48490312695503235,0.48490312695503235,6800.0
1990-08-02,0.48490317146499434,0.49128347635269165,0.48490317146499434,0.49128347635269165,18600.0
1990-08-03,0.48490312695503235,0.49128343125707225,0.48490312695503235,0.48490312695503235,32700.0
1990-08-06,0.48490312695503235,0.49128343125707225,0.48490312695503235,0.48490312695503235,14900.0
1990-08-07,0.49128347635269165,0.49128347635269165,0.48490317146499434,0.49128347635269165,11800.0
1990-08-08,0.49128347635269165,0.4976637812403889,0.48490317146499434,0.49128347635269165,10500.0
1990-08-09,0.49128347635269165,0.4976637812403889,0.49128347635269165,0.49128347635269165,10400.0
1990-08-10,0.4976639151573181,0.4976639151573181,0.4912836085527371,0.4976639151573181,28200.0
1990-08-13,0.4976639151573181,0.4976639151573181,0.4912836085527371,0.4976639151573181,12100.0
1990-08-14,0.4912836085527371,0.4976639151573181,0.4912836085527371,0.4976639151573181,18000.0
1990-08-15,0.4976637812403889,0.4976637812403889,0.49128347635269165,0.49128347635269165,2900.0
1990-08-16,0.4912833888319474,0.5040439963340759,0.4912833888319474,0.5040439963340759,21000.0
1990-08-17,0.5040442217618991,0.5040442217618991,0.4976639151573181,0.4976639151573181,17400.0
1990-08-20,0.4976639151573181,0.5040442217618991,0.4976639151573181,0.4976639151573181,14300.0
1990-08-21,0.5040439963340759,0.5040439963340759,0.49766369258301163,0.5040439963340759,15600.0
1990-08-22,0.5040442217618991,0.5040442217618991,0.4976639151573181,0.4976639151573181,20600.0
1990-08-23,0.5040442217618991,0.5040442217618991,0.4976639151573181,0.4976639151573181,35100.0
1990-08-24,0.5040442217618991,0.5040442217618991,0.4976639151573181,0.4976639151573181,20100.0
1990-08-27,0.4976639151573181,0.5040442217618991,0.4976639151573181,0.4976639151573181,14000.0
1990-08-28,0.4976637812403889,0.5040440861280863,0.49128347635269165,0.49128347635269165,15100.0
1990-08-29,0.5040439963340759,0.5104243000851402,0.49766369258301163,0.5040439963340759,59100.0
1990-08-30,0.49766369258301163,0.5104243000851402,0.49766369258301163,0.5040439963340759,5600.0
1990-08-31,0.5040441885590553,0.5104244947433472,0.5040441885590553,0.5104244947433472,3800.0
1990-09-04,0.5040439963340759,0.5104243000851402,0.5040439963340759,0.5040439963340759,20600.0
1990-09-05,0.5040439963340759,0.5104243000851402,0.5040439963340759,0.5040439963340759,2800.0
1990-09-06,0.5104243000851402,0.5104243000851402,0.5040439963340759,0.5040439963340759,9400.0
1990-09-07,0.5104244947433472,0.5104244947433472,0.5040441885590553,0.5104244947433472,9200.0
1990-09-10,0.5104243000851402,0.5168046038362044,0.5040439963340759,0.5040439963340759,20200.0
1990-09-11,0.5104245283664801,0.5104245283664801,0.4976639151573181,0.4976639151573181,9600.0
1990-09-12,0.4976639151573181,0.5040442217618991,0.4976639151573181,0.4976639151573181,10100.0
1990-09-13,0.4976639151573181,0.5040442217618991,0.4976639151573181,0.4976639151573181,11600.0
1990-09-14,0.49766369258301163,0.5040439963340759,0.49766369258301163,0.5040439963340759,8900.0
1990-09-17,0.5040442217618991,0.5040442217618991,0.4976639151573181,0.4976639151573181,6600.0
1990-09-18,0.4976639151573181,0.5040442217618991,0.4976639151573181,0.4976639151573181,6500.0
1990-09-19,0.4976639151573181,0.5040442217618991,0.4976639151573181,0.4976639151573181,4900.0
1990-09-20,0.4976639151573181,0.5040442217618991,0.4976639151573181,0.4976639151573181,3500.0
1990-09-21,0.4976639151573181,0.5040442217618991,0.4976639151573181,0.4976639151573181,9400.0
1990-09-24,0.4976639151573181,0.5040442217618991,0.4976639151573181,0.4976639151573181,12800.0
1990-09-25,0.5040442217618991,0.5040442217618991,0.4976639151573181,0.4976639151573181,6900.0
1990-09-26,0.5040442217618991,0.5168048349710611,0.4976639151573181,0.4976639151573181,4400.0
1990-09-27,0.5040442217618991,0.5040442217618991,0.4976639151573181,0.4976639151573181,8600.0
1990-09-28,0.49766369258301163,0.5104243000851402,0.49766369258301163,0.5040439963340759,10000.0
1990-10-01,0.5040439963340759,0.5104243000851402,0.5040439963340759,0.5040439963340759,23000.0
1990-10-02,0.5104243000851402,0.5168046038362044,0.5040439963340759,0.5040439963340759,14700.0
1990-10-03,0.5104243000851402,0.5104243000851402,0.5040439963340759,0.5040439963340759,6300.0
1990-10-04,0.5040439963340759,0.5104243000851402,0.5040439963340759,0.5040439963340759,9100.0
1990-10-05,0.5040439963340759,0.5104243000851402,0.5040439963340759,0.5040439963340759,3800.0
1990-10-08,0.5040439963340759,0.5104243000851402,0.5040439963340759,0.5040439963340759,11800.0
1990-10-09,0.5040441885590553,0.5104244947433472,0.5040441885590553,0.5104244947433472,8400.0
1990-10-10,0.5104243000851402,0.5104243000851402,0.5040439963340759,0.5040439963340759,12600.0
1990-10-11,0.5104243000851402,0.5104243000851402,0.5040439963340759,0.5040439963340759,11200.0
1990-10-12,0.5104243000851402,0.5104243000851402,0.49766369258301163,0.5040439963340759,13600.0
1990-10-15,0.5040441885590553,0.5104244947433472,0.5040441885590553,0.5104244947433472,4700.0
1990-10-16,0.5040439963340759,0.5104243000851402,0.5040439963340759,0.5040439963340759,8500.0
1990-10-17,0.5040441885590553,0.5104244947433472,0.5040441885590553,0.5104244947433472,5700.0
1990-10-18,0.5104244947433472,0.5104244947433472,0.5040441885590553,0.5104244947433472,14100.0
1990-10-19,0.5104244947433472,0.5104244947433472,0.5104244947433472,0.5104244947433472,5400.0
1990-10-22,0.5040439963340759,0.5104243000851402,0.5040439963340759,0.5040439963340759,3400.0
1990-10-23,0.5104244947433472,0.5104244947433472,0.5040441885590553,0.5104244947433472,1700.0
1990-10-24,0.5040441885590553,0.5104244947433472,0.5040441885590553,0.5104244947433472,6500.0
1990-10-25,0.5104244947433472,0.5104244947433472,0.5040441885590553,0.5104244947433472,3800.0
1990-10-26,0.5104244947433472,0.5104244947433472,0.5040441885590553,0.5104244947433472,18400.0
1990-10-29,0.5040441885590553,0.5104244947433472,0.5040441885590553,0.5104244947433472,1800.0
1990-10-30,0.5104244947433472,0.516804800927639,0.5104244947433472,0.5104244947433472,17100.0
1990-10-31,0.5104244947433472,0.516804800927639,0.5104244947433472,0.5104244947433472,7200.0
1990-11-01,0.5104244947433472,0.516804800927639,0.5104244947433472,0.5104244947433472,11900.0
1990-11-02,0.5104244947433472,0.516804800927639,0.5104244947433472,0.5104244947433472,13300.0
1990-11-05,0.5104244947433472,0.516804800927639,0.5104244947433472,0.5104244947433472,6100.0
1990-11-06,0.5040441885590553,0.516804800927639,0.5040441885590553,0.5104244947433472,12200.0
1990-11-07,0.5104244947433472,0.516804800927639,0.5104244947433472,0.5104244947433472,20300.0
1990-11-08,0.5104243313824689,0.5168046355247498,0.5104243313824689,0.5168046355247498,1400.0
1990-11-09,0.5104243313824689,0.5168046355247498,0.5104243313824689,0.5168046355247498,7700.0
1990-11-12,0.5168046355247498,0.5168046355247498,0.5104243313824689,0.5168046355247498,11800.0
1990-11-13,0.5104243313824689,0.5168046355247498,0.5104243313824689,0.5168046355247498,19100.0
1990-11-14,0.5104244947433472,0.516804800927639,0.5104244947433472,0.5104244947433472,5800.0
1990-11-15,0.5104243313824689,0.5168046355247498,0.5104243313824689,0.5168046355247498,2600.0
1990-11-16,0.5104243313824689,0.5168046355247498,0.5104243313824689,0.5168046355247498,13900.0
1990-11-19,0.5168046355247498,0.5231849396670306,0.5104243313824689,0.5168046355247498,13900.0
1990-11-20,0.5168046355247498,0.5168046355247498,0.5168046355247498,0.5168046355247498,7500.0
1990-11-21,0.5168046355247498,0.5168046355247498,0.5104243313824689,0.5168046355247498,5000.0
1990-11-23,0.5168046355247498,0.5168046355247498,0.5168046355247498,0.5168046355247498,3700.0
1990-11-26,0.5359072960913182,0.5426909327507019,0.5359072960913182,0.5426909327507019,4300.0
1990-11-27,0.5359073281288147,0.5359073281288147,0.529123691063893,0.5359073281288147,29100.0
1990-11-28,0.535907211241784,0.535907211241784,0.522339940071106,0.522339940071106,28900.0
1990-11-29,0.5223400860260694,0.5291237235069275,0.5223400860260694,0.5291237235069275,5500.0
1990-11-30,0.5223400860260694,0.5291237235069275,0.5223400860260694,0.5291237235069275,6300.0
1990-12-03,0.5291237235069275,0.5359073609877856,0.5291237235069275,0.5291237235069275,25200.0
1990-12-04,0.5291237235069275,0.5359073609877856,0.5291237235069275,0.5291237235069275,17700.0
1990-12-05,0.529123691063893,0.5426909651937364,0.529123691063893,0.5359073281288147,45200.0
1990-12-06,0.5426909327507019,0.5426909327507019,0.5359072960913182,0.5426909327507019,37100.0
1990-12-07,0.5359073281288147,0.5426909651937364,0.5359073281288147,0.5359073281288147,45500.0
1990-12-10,0.5359072960913182,0.5426909327507019,0.5359072960913182,0.5426909327507019,74000.0
1990-12-11,0.5359072960913182,0.5426909327507019,0.5359072960913182,0.5426909327507019,50400.0
1990-12-12,0.5359073281288147,0.5426909651937364,0.529123691063893,0.5359073281288147,36800.0
1990-12-13,0.5359073281288147,0.5359073281288147,0.529123691063893,0.5359073281288147,18600.0
1990-12-14,0.5291236594319344,0.5426909327507019,0.5291236594319344,0.5426909327507019,26600.0
1990-12-17,0.5359073281288147,0.5426909651937364,0.5359073281288147,0.5359073281288147,66100.0
1990-12-18,0.5426909599775149,0.5494745969772339,0.5426909599775149,0.5494745969772339,13900.0
1990-12-19,0.5426909327507019,0.5494745694100857,0.5426909327507019,0.5426909327507019,27200.0
1990-12-20,0.5494745694100857,0.5494745694100857,0.5359072960913182,0.5426909327507019,47100.0
1990-12-21,0.5426909599775149,0.5494745969772339,0.5426909599775149,0.5494745969772339,2900.0
1990-12-24,0.5426909599775149,0.5494745969772339,0.5426909599775149,0.5494745969772339,47400.0
1990-12-26,0.5494747416275303,0.5562583804130554,0.5494747416275303,0.5562583804130554,13500.0
1990-12-27,0.5562584882690793,0.5698257684707642,0.5494748481682369,0.5698257684707642,32000.0
1990-12-28,0.5698257684707642,0.5766094085716066,0.5630421283699217,0.5698257684707642,71000.0
1990-12-31,0.5630420191985804,0.5630420191985804,0.5562583804130554,0.5562583804130554,12000.0
1991-01-02,0.5698255027633116,0.5698255027633116,0.5562582288879946,0.5630418658256531,21600.0
1991-01-03,0.5562583804130554,0.5562583804130554,0.5562583804130554,0.5562583804130554,6400.0
1991-01-04,0.5494747416275303,0.5562583804130554,0.5426911028420053,0.5562583804130554,12400.0
1991-01-07,0.5562583804130554,0.5562583804130554,0.5494747416275303,0.5562583804130554,6200.0
1991-01-08,0.5562583804130554,0.5562583804130554,0.5494747416275303,0.5562583804130554,9200.0
1991-01-09,0.5494745969772339,0.5562582339769528,0.5494745969772339,0.5494745969772339,8100.0
1991-01-10,0.5426909599775149,0.5494745969772339,0.5426909599775149,0.5494745969772339,7100.0
1991-01-11,0.5494745694100857,0.5494745694100857,0.5426909327507019,0.5426909327507019,10600.0
1991-01-14,0.5426909327507019,0.5494745694100857,0.5426909327507019,0.5426909327507019,15100.0
1991-01-15,0.5426909327507019,0.5426909327507019,0.5359072960913182,0.5426909327507019,14700.0
1991-01-16,0.5359073281288147,0.5426909651937364,0.5359073281288147,0.5359073281288147,6200.0
1991-01-17,0.5494746022586581,0.5494746022586581,0.5359073281288147,0.5359073281288147,14200.0
1991-01-18,0.5359073281288147,0.5426909651937364,0.5359073281288147,0.5359073281288147,3100.0
1991-01-21,0.5426909651937364,0.5426909651937364,0.5359073281288147,0.5359073281288147,11100.0
1991-01-22,0.5359072960913182,0.5426909327507019,0.5359072960913182,0.5426909327507019,7100.0
1991-01-23,0.5426909651937364,0.5426909651937364,0.5359073281288147,0.5359073281288147,3100.0
1991-01-24,0.5359072960913182,0.5426909327507019,0.5359072960913182,0.5426909327507019,6200.0
1991-01-25,0.5426909327507019,0.5426909327507019,0.5359072960913182,0.5426909327507019,5100.0
1991-01-28,0.5426909651937364,0.5426909651937364,0.5359073281288147,0.5359073281288147,10100.0
1991-01-29,0.5359072960913182,0.5426909327507019,0.5359072960913182,0.5426909327507019,15100.0
1991-01-30,0.5426909327507019,0.5426909327507019,0.5359072960913182,0.5426909327507019,4300.0
1991-01-31,0.5359072960913182,0.5426909327507019,0.5359072960913182,0.5426909327507019,300.0
1991-02-01,0.5426909984686435,0.5426909984686435,0.5291237235069275,0.5291237235069275,11100.0
1991-02-04,0.5297213792800903,0.5365126790144504,0.5229300795457302,0.5297213792800903,13600.0
1991-02-05,0.5297214909444882,0.5365127921104431,0.5297214909444882,0.5365127921104431,5100.0
1991-02-06,0.5365126790144504,0.5365126790144504,0.5297213792800903,0.5297213792800903,7700.0
1991-02-07,0.5297214909444882,0.5433040932763981,0.5297214909444882,0.5365127921104431,19900.0
1991-02-08,0.5433041453361511,0.5433041453361511,0.5365128435194492,0.5433041453361511,54800.0
1991-02-11,0.5433039606353383,0.55009526014328,0.5433039606353383,0.55009526014328,34600.0
1991-02-12,0.5568865596512217,0.5568865596512217,0.5433039606353383,0.55009526014328,9400.0
1991-02-13,0.5433039606353383,0.5568865596512217,0.5433039606353383,0.55009526014328,20300.0
1991-02-14,0.5568865596512217,0.5568865596512217,0.55009526014328,0.55009526014328,13500.0
1991-02-15,0.5568865596512217,0.5568865596512217,0.55009526014328,0.55009526014328,11700.0
1991-02-19,0.5568865480193173,0.5636778473854065,0.550095248653228,0.5636778473854065,34500.0
1991-02-20,0.5568865480193173,0.5636778473854065,0.5568865480193173,0.5636778473854065,24300.0
1991-02-21,0.5568866729736328,0.5636779738635551,0.5568866729736328,0.5568866729736328,12800.0
1991-02-22,0.5636780183939707,0.5772606212468374,0.5636780183939707,0.570469319820404,15000.0
1991-02-25,0.570469319820404,0.5772606212468374,0.5636780183939707,0.570469319820404,15800.0
1991-02-26,0.570469319820404,0.5772606212468374,0.570469319820404,0.570469319820404,14600.0
1991-02-27,0.570469319820404,0.5772606212468374,0.5636780183939707,0.570469319820404,16500.0
1991-02-28,0.5704691467514957,0.5704691467514957,0.5636778473854065,0.5636778473854065,14100.0
1991-03-01,0.5636778473854065,0.5704691467514957,0.5568865480193173,0.5636778473854065,11700.0
1991-03-04,0.5704691467514957,0.5704691467514957,0.5636778473854065,0.5636778473854065,32700.0
1991-03-05,0.5636780183939707,0.570469319820404,0.5636780183939707,0.570469319820404,21700.0
1991-03-06,0.5772606212468374,0.5772606212468374,0.570469319820404,0.570469319820404,22400.0
1991-03-07,0.570469319820404,0.570469319820404,0.5636780183939707,0.570469319820404,34300.0
1991-03-08,0.5704691467514957,0.5704691467514957,0.5636778473854065,0.5636778473854065,13900.0
1991-03-11,0.5636778473854065,0.5636778473854065,0.5568865480193173,0.5636778473854065,15200.0
1991-03-12,0.5636779738635551,0.5636779738635551,0.5568866729736328,0.5568866729736328,14600.0
1991-03-13,0.55009526014328,0.5568865596512217,0.55009526014328,0.55009526014328,11200.0
1991-03-14,0.55009526014328,0.5568865596512217,0.55009526014328,0.55009526014328,19900.0
1991-03-15,0.5500953720837104,0.5568866729736328,0.5500953720837104,0.5568866729736328,5000.0
1991-03-18,0.550095447152853,0.550095447152853,0.5433041453361511,0.5433041453361511,12200.0
1991-03-19,0.5433041453361511,0.5433041453361511,0.5433041453361511,0.5433041453361511,5900.0
1991-03-20,0.55009526014328,0.55009526014328,0.5433039606353383,0.55009526014328,4700.0
1991-03-21,0.550095447152853,0.550095447152853,0.5433041453361511,0.5433041453361511,9800.0
1991-03-22,0.5433041453361511,0.550095447152853,0.5365128435194492,0.5433041453361511,9500.0
1991-03-25,0.5433041453361511,0.5433041453361511,0.5365128435194492,0.5433041453361511,6900.0
1991-03-26,0.5433039606353383,0.55009526014328,0.5433039606353383,0.55009526014328,30000.0
1991-03-27,0.55009526014328,0.5568865596512217,0.55009526014328,0.55009526014328,18200.0
1991-03-28,0.55009526014328,0.5568865596512217,0.55009526014328,0.55009526014328,6300.0
1991-04-01,0.550095447152853,0.550095447152853,0.5433041453361511,0.5433041453361511,9100.0
1991-04-02,0.550095447152853,0.550095447152853,0.5433041453361511,0.5433041453361511,6200.0
1991-04-03,0.5433041453361511,0.550095447152853,0.5433041453361511,0.5433041453361511,13800.0
1991-04-04,0.5433039606353383,0.55009526014328,0.5433039606353383,0.55009526014328,11900.0
1991-04-05,0.55009526014328,0.55009526014328,0.5433039606353383,0.55009526014328,9700.0
1991-04-08,0.5433039606353383,0.55009526014328,0.5433039606353383,0.55009526014328,19600.0
1991-04-09,0.55009526014328,0.55009526014328,0.5433039606353383,0.55009526014328,12600.0
1991-04-10,0.550095447152853,0.550095447152853,0.5433041453361511,0.5433041453361511,19200.0
1991-04-11,0.5433041453361511,0.550095447152853,0.5365128435194492,0.5433041453361511,9200.0
1991-04-12,0.550095394442353,0.550095394442353,0.5365127921104431,0.5365127921104431,25200.0
1991-04-15,0.5365127921104431,0.5433040932763981,0.5365127921104431,0.5365127921104431,7700.0
1991-04-16,0.5365128435194492,0.5433041453361511,0.5365128435194492,0.5433041453361511,13300.0
1991-04-17,0.550095394442353,0.550095394442353,0.5365127921104431,0.5365127921104431,23800.0
1991-04-18,0.5365127921104431,0.5433040932763981,0.5365127921104431,0.5365127921104431,17800.0
1991-04-19,0.5433041453361511,0.550095447152853,0.5365128435194492,0.5433041453361511,30800.0
1991-04-22,0.550095447152853,0.550095447152853,0.5365128435194492,0.5433041453361511,15600.0
1991-04-23,0.5365128435194492,0.5433041453361511,0.5365128435194492,0.5433041453361511,11300.0
1991-04-24,0.5433041453361511,0.5433041453361511,0.5365128435194492,0.5433041453361511,13500.0
1991-04-25,0.5365128435194492,0.5433041453361511,0.5365128435194492,0.5433041453361511,15200.0
1991-04-26,0.5365128435194492,0.5433041453361511,0.5365128435194492,0.5433041453361511,8300.0
1991-04-29,0.5365128435194492,0.5433041453361511,0.5365128435194492,0.5433041453361511,4000.0
1991-04-30,0.5365128435194492,0.5433041453361511,0.5365128435194492,0.5433041453361511,4500.0
1991-05-01,0.5433041453361511,0.5433041453361511,0.5365128435194492,0.5433041453361511,15800.0
1991-05-02,0.5433040932763981,0.5433040932763981,0.5365127921104431,0.5365127921104431,11800.0
1991-05-03,0.5365127921104431,0.5433040932763981,0.5365127921104431,0.5365127921104431,39200.0
1991-05-06,0.5365127921104431,0.5433040932763981,0.5365127921104431,0.5365127921104431,7600.0
1991-05-07,0.5433040932763981,0.5433040932763981,0.5365127921104431,0.5365127921104431,18800.0
1991-05-08,0.5433040932763981,0.5433040932763981,0.5365127921104431,0.5365127921104431,4600.0
1991-05-09,0.5433040932763981,0.5433040932763981,0.5365127921104431,0.5365127921104431,27100.0
1991-05-10,0.5433039787488105,0.5433039787488105,0.5297213792800903,0.5297213792800903,35700.0
1991-05-13,0.5297214909444882,0.5365127921104431,0.5297214909444882,0.5365127921104431,21800.0
1991-05-14,0.5365126790144504,0.5433039787488105,0.5297213792800903,0.5297213792800903,16600.0
1991-05-15,0.5297213792800903,0.5365126790144504,0.5297213792800903,0.5297213792800903,5100.0
1991-05-16,0.5297213792800903,0.5365126790144504,0.5297213792800903,0.5297213792800903,23600.0
1991-05-17,0.5297213792800903,0.5365126790144504,0.5297213792800903,0.5297213792800903,11500.0
1991-05-20,0.5365128435194492,0.5433041453361511,0.5365128435194492,0.5433041453361511,5500.0
1991-05-21,0.5365128435194492,0.5433041453361511,0.5365128435194492,0.5433041453361511,7700.0
1991-05-22,0.5365127921104431,0.5433040932763981,0.5297214909444882,0.5365127921104431,12900.0
1991-05-23,0.5365127921104431,0.5433040932763981,0.5365127921104431,0.5365127921104431,11700.0
1991-05-24,0.5365128435194492,0.5433041453361511,0.5365128435194492,0.5433041453361511,2700.0
1991-05-28,0.5433041453361511,0.5433041453361511,0.5365128435194492,0.5433041453361511,16000.0
1991-05-29,0.5297214909444882,0.5433040932763981,0.5297214909444882,0.5365127921104431,19500.0
1991-05-30,0.5365127921104431,0.5433040932763981,0.5297214909444882,0.5365127921104431,14500.0
1991-05-31,0.5433040932763981,0.5433040932763981,0.5365127921104431,0.5365127921104431,5800.0
1991-06-03,0.5365127921104431,0.5365127921104431,0.5365127921104431,0.5365127921104431,8700.0
1991-06-04,0.5297214909444882,0.5365127921104431,0.5297214909444882,0.5365127921104431,6000.0
1991-06-05,0.5365128435194492,0.5433041453361511,0.5365128435194492,0.5433041453361511,11000.0
1991-06-06,0.5365127921104431,0.5433040932763981,0.5365127921104431,0.5365127921104431,5700.0
1991-06-07,0.5433041453361511,0.5433041453361511,0.5365128435194492,0.5433041453361511,22100.0
1991-06-10,0.5433040932763981,0.5433040932763981,0.5365127921104431,0.5365127921104431,15100.0
1991-06-11,0.5365128435194492,0.5433041453361511,0.5365128435194492,0.5433041453361511,9400.0
1991-06-12,0.5365128435194492,0.5433041453361511,0.5365128435194492,0.5433041453361511,18100.0
1991-06-13,0.5365128435194492,0.5433041453361511,0.5365128435194492,0.5433041453361511,17500.0
1991-06-14,0.5365126790144504,0.5433039787488105,0.5297213792800903,0.5297213792800903,27800.0
1991-06-17,0.5365126790144504,0.5365126790144504,0.5297213792800903,0.5297213792800903,15300.0
1991-06-18,0.5297213792800903,0.5365126790144504,0.5297213792800903,0.5297213792800903,17900.0
1991-06-19,0.5297213792800903,0.5365126790144504,0.5297213792800903,0.5297213792800903,10300.0
1991-06-20,0.5297214909444882,0.5365127921104431,0.5297214909444882,0.5365127921104431,29300.0
1991-06-21,0.5297213792800903,0.5365126790144504,0.5297213792800903,0.5297213792800903,15100.0
1991-06-24,0.5297213792800903,0.5365126790144504,0.5297213792800903,0.5297213792800903,9100.0
1991-06-25,0.5297213792800903,0.5365126790144504,0.5297213792800903,0.5297213792800903,32800.0
1991-06-26,0.5365127921104431,0.5365127921104431,0.5365127921104431,0.5365127921104431,25500.0
1991-06-27,0.5297214909444882,0.5433040932763981,0.5297214909444882,0.5365127921104431,6900.0
1991-06-28,0.5365127921104431,0.5433040932763981,0.5365127921104431,0.5365127921104431,8800.0
1991-07-01,0.5297214909444882,0.5365127921104431,0.5297214909444882,0.5365127921104431,28000.0
1991-07-02,0.5297214909444882,0.5365127921104431,0.5297214909444882,0.5365127921104431,8800.0
1991-07-03,0.5297213792800903,0.5365126790144504,0.5297213792800903,0.5297213792800903,8700.0
1991-07-05,0.5297214909444882,0.5365127921104431,0.5297214909444882,0.5365127921104431,1500.0
1991-07-08,0.5297214909444882,0.5365127921104431,0.5297214909444882,0.5365127921104431,41700.0
1991-07-09,0.5297214909444882,0.5365127921104431,0.5297214909444882,0.5365127921104431,17200.0
1991-07-10,0.5365126790144504,0.5365126790144504,0.5297213792800903,0.5297213792800903,7900.0
1991-07-11,0.5365127921104431,0.5433040932763981,0.5297214909444882,0.5365127921104431,13100.0
1991-07-12,0.5365127921104431,0.5433040932763981,0.5365127921104431,0.5365127921104431,6200.0
1991-07-15,0.5365127921104431,0.5365127921104431,0.5365127921104431,0.5365127921104431,4700.0
1991-07-16,0.5365127921104431,0.5365127921104431,0.5365127921104431,0.5365127921104431,12700.0
1991-07-17,0.5365127921104431,0.5365127921104431,0.5297214909444882,0.5365127921104431,9600.0
1991-07-18,0.5297213792800903,0.5365126790144504,0.5297213792800903,0.5297213792800903,10800.0
1991-07-19,0.5365126790144504,0.5365126790144504,0.5297213792800903,0.5297213792800903,21500.0
1991-07-22,0.5297213792800903,0.5433039787488105,0.5297213792800903,0.5297213792800903,17000.0
1991-07-23,0.5297213792800903,0.5365126790144504,0.5297213792800903,0.5297213792800903,42400.0
1991-07-24,0.5297214909444882,0.5365127921104431,0.5297214909444882,0.5365127921104431,20600.0
1991-07-25,0.5297213792800903,0.5365126790144504,0.5297213792800903,0.5297213792800903,33500.0
1991-07-26,0.5297213792800903,0.5297213792800903,0.5229300795457302,0.5297213792800903,14600.0
1991-07-29,0.5365126790144504,0.5365126790144504,0.5297213792800903,0.5297213792800903,13200.0
1991-07-30,0.5297213792800903,0.5365126790144504,0.5297213792800903,0.5297213792800903,54800.0
1991-07-31,0.5297213792800903,0.5365126790144504,0.5297213792800903,0.5297213792800903,14300.0
1991-08-01,0.5297213792800903,0.5365126790144504,0.5297213792800903,0.5297213792800903,12900.0
1991-08-02,0.5365127921104431,0.5365127921104431,0.5297214909444882,0.5365127921104431,10400.0
1991-08-05,0.5365126790144504,0.5365126790144504,0.5297213792800903,0.5297213792800903,8800.0
1991-08-06,0.5365126790144504,0.5365126790144504,0.5297213792800903,0.5297213792800903,13100.0
1991-08-07,0.5297213792800903,0.5365126790144504,0.5297213792800903,0.5297213792800903,20900.0
1991-08-08,0.5297213792800903,0.5365126790144504,0.5297213792800903,0.5297213792800903,15100.0
1991-08-09,0.5297213792800903,0.5365126790144504,0.5297213792800903,0.5297213792800903,16300.0
1991-08-12,0.5297214909444882,0.5365127921104431,0.5297214909444882,0.5365127921104431,4900.0
1991-08-13,0.5297214909444882,0.5365127921104431,0.5297214909444882,0.5365127921104431,14400.0
1991-08-14,0.5365127921104431,0.5365127921104431,0.5297214909444882,0.5365127921104431,14600.0
1991-08-15,0.5297214909444882,0.5365127921104431,0.5297214909444882,0.5365127921104431,23100.0
1991-08-16,0.5297214909444882,0.5365127921104431,0.5297214909444882,0.5365127921104431,138400.0
1991-08-19,0.5297213792800903,0.5365126790144504,0.5297213792800903,0.5297213792800903,10100.0
1991-08-20,0.5365126790144504,0.5365126790144504,0.5297213792800903,0.5297213792800903,9000.0
1991-08-21,0.5365127921104431,0.5365127921104431,0.5297214909444882,0.5365127921104431,11800.0
1991-08-22,0.5297213792800903,0.5365126790144504,0.5297213792800903,0.5297213792800903,12800.0
1991-08-23,0.5365127921104431,0.5365127921104431,0.5297214909444882,0.5365127921104431,6100.0
1991-08-26,0.5365126790144504,0.5365126790144504,0.5297213792800903,0.5297213792800903,16700.0
1991-08-27,0.5365126790144504,0.5365126790144504,0.5297213792800903,0.5297213792800903,15200.0
1991-08-28,0.5297213792800903,0.5365126790144504,0.5297213792800903,0.5297213792800903,10200.0
1991-08-29,0.5297214909444882,0.5365127921104431,0.5297214909444882,0.5365127921104431,12900.0
1991-08-30,0.5297214909444882,0.5365127921104431,0.5297214909444882,0.5365127921104431,6500.0
1991-09-03,0.5297214909444882,0.5365127921104431,0.5297214909444882,0.5365127921104431,22000.0
1991-09-04,0.5297213792800903,0.5365126790144504,0.5297213792800903,0.5297213792800903,6100.0
1991-09-05,0.5297213792800903,0.5365126790144504,0.5297213792800903,0.5297213792800903,19600.0
1991-09-06,0.5297214909444882,0.5365127921104431,0.5297214909444882,0.5365127921104431,12600.0
1991-09-09,0.5365126790144504,0.5365126790144504,0.5297213792800903,0.5297213792800903,9600.0
1991-09-10,0.5297213792800903,0.5365126790144504,0.5297213792800903,0.5297213792800903,11700.0
1991-09-11,0.5365127921104431,0.5365127921104431,0.5297214909444882,0.5365127921104431,7000.0
1991-09-12,0.5297214909444882,0.5365127921104431,0.5297214909444882,0.5365127921104431,22600.0
1991-09-13,0.5365126790144504,0.5365126790144504,0.5297213792800903,0.5297213792800903,7100.0
1991-09-16,0.5297213792800903,0.5365126790144504,0.5297213792800903,0.5297213792800903,24500.0
1991-09-17,0.5365126790144504,0.5365126790144504,0.5297213792800903,0.5297213792800903,22500.0
1991-09-18,0.5297213792800903,0.5365126790144504,0.5297213792800903,0.5297213792800903,79600.0
1991-09-19,0.5365126790144504,0.5365126790144504,0.5297213792800903,0.5297213792800903,48800.0
1991-09-20,0.5297214909444882,0.5365127921104431,0.5297214909444882,0.5365127921104431,25400.0
1991-09-23,0.5297214909444882,0.5433040932763981,0.5297214909444882,0.5365127921104431,17400.0
1991-09-24,0.5365127921104431,0.5433040932763981,0.5365127921104431,0.5365127921104431,4400.0
1991-09-25,0.5365127921104431,0.5433040932763981,0.5365127921104431,0.5365127921104431,12600.0
1991-09-26,0.5365127921104431,0.5433040932763981,0.5365127921104431,0.5365127921104431,35500.0
1991-09-27,0.5365127921104431,0.5433040932763981,0.5365127921104431,0.5365127921104431,11900.0
1991-09-30,0.5365127921104431,0.5433040932763981,0.5365127921104431,0.5365127921104431,11600.0
1991-10-01,0.5365128435194492,0.5433041453361511,0.5365128435194492,0.5433041453361511,10600.0
1991-10-02,0.5365127921104431,0.5433040932763981,0.5365127921104431,0.5365127921104431,14700.0
1991-10-03,0.5365128435194492,0.5433041453361511,0.5365128435194492,0.5433041453361511,11800.0
1991-10-04,0.5365127921104431,0.5433040932763981,0.5365127921104431,0.5365127921104431,37600.0
1991-10-07,0.5365127921104431,0.5433040932763981,0.5365127921104431,0.5365127921104431,21200.0
1991-10-08,0.5365128435194492,0.5433041453361511,0.5365128435194492,0.5433041453361511,4200.0
1991-10-09,0.5365127921104431,0.5433040932763981,0.5365127921104431,0.5365127921104431,15900.0
1991-10-10,0.5297214909444882,0.5365127921104431,0.5297214909444882,0.5365127921104431,14200.0
1991-10-11,0.5297214909444882,0.5365127921104431,0.5297214909444882,0.5365127921104431,16600.0
1991-10-14,0.5365126790144504,0.5365126790144504,0.5297213792800903,0.5297213792800903,13300.0
1991-10-15,0.5297214909444882,0.5365127921104431,0.5297214909444882,0.5365127921104431,11200.0
1991-10-16,0.5365127921104431,0.5365127921104431,0.5297214909444882,0.5365127921104431,7100.0
1991-10-17,0.5365127921104431,0.5433040932763981,0.5297214909444882,0.5365127921104431,10200.0
1991-10-18,0.5297213792800903,0.5365126790144504,0.5297213792800903,0.5297213792800903,15300.0
1991-10-21,0.5433040932763981,0.5433040932763981,0.5297214909444882,0.5365127921104431,15300.0
1991-10-22,0.5365128435194492,0.5433041453361511,0.5365128435194492,0.5433041453361511,16800.0
1991-10-23,0.5365127921104431,0.5433040932763981,0.5365127921104431,0.5365127921104431,5900.0
1991-10-24,0.5433041453361511,0.5433041453361511,0.5365128435194492,0.5433041453361511,6800.0
1991-10-25,0.5433041453361511,0.5433041453361511,0.5365128435194492,0.5433041453361511,8900.0
1991-10-28,0.5365128435194492,0.5433041453361511,0.5365128435194492,0.5433041453361511,5400.0
1991-10-29,0.5433041453361511,0.5433041453361511,0.5365128435194492,0.5433041453361511,30700.0
1991-10-30,0.5433041453361511,0.5433041453361511,0.5365128435194492,0.5433041453361511,27200.0
1991-10-31,0.5365127921104431,0.5365127921104431,0.5365127921104431,0.5365127921104431,4300.0
1991-11-01,0.5433040932763981,0.5433040932763981,0.5365127921104431,0.5365127921104431,20200.0
1991-11-04,0.5365128435194492,0.550095447152853,0.5365128435194492,0.5433041453361511,29500.0
1991-11-05,0.550095447152853,0.550095447152853,0.5433041453361511,0.5433041453361511,26100.0
1991-11-06,0.55009526014328,0.55009526014328,0.5433039606353383,0.55009526014328,8400.0
1991-11-07,0.55009526014328,0.55009526014328,0.5433039606353383,0.55009526014328,11400.0
1991-11-08,0.5568865596512217,0.5568865596512217,0.55009526014328,0.55009526014328,9200.0
1991-11-11,0.5568866729736328,0.5568866729736328,0.5500953720837104,0.5568866729736328,8500.0
1991-11-12,0.5568865596512217,0.5568865596512217,0.55009526014328,0.55009526014328,7000.0
1991-11-13,0.5500953720837104,0.5568866729736328,0.5500953720837104,0.5568866729736328,7200.0
1991-11-14,0.5568866729736328,0.5568866729736328,0.5500953720837104,0.5568866729736328,14200.0
1991-11-15,0.55009526014328,0.5568865596512217,0.55009526014328,0.55009526014328,23300.0
1991-11-18,0.5500953720837104,0.5568866729736328,0.5500953720837104,0.5568866729736328,5800.0
1991-11-19,0.5568865596512217,0.5568865596512217,0.55009526014328,0.55009526014328,12600.0
1991-11-20,0.55009526014328,0.5568865596512217,0.55009526014328,0.55009526014328,6600.0
1991-11-21,0.5500953720837104,0.5568866729736328,0.5500953720837104,0.5568866729736328,20200.0
1991-11-22,0.5500953720837104,0.5568866729736328,0.5500953720837104,0.5568866729736328,5900.0
1991-11-25,0.5636778473854065,0.5636778473854065,0.5568865480193173,0.5636778473854065,19100.0
1991-11-26,0.5568866729736328,0.5636779738635551,0.5568866729736328,0.5568866729736328,3600.0
1991-11-27,0.5568866729736328,0.5636779738635551,0.5568866729736328,0.5568866729736328,12000.0
1991-11-29,0.5636779738635551,0.5636779738635551,0.5568866729736328,0.5568866729736328,7900.0
1991-12-02,0.579788232151466,0.579788232151466,0.5652935263476794,0.5725408792495728,45600.0
1991-12-03,0.5725408792495728,0.5725408792495728,0.5652935263476794,0.5725408792495728,22700.0
1991-12-04,0.5725408792495728,0.5725408792495728,0.5725408792495728,0.5725408792495728,11400.0
1991-12-05,0.5652935263476794,0.5725408792495728,0.5652935263476794,0.5725408792495728,4400.0
1991-12-06,0.5652935263476794,0.579788232151466,0.5652935263476794,0.5725408792495728,15500.0
1991-12-09,0.579788232151466,0.579788232151466,0.5652935263476794,0.5725408792495728,47700.0
1991-12-10,0.572541031986475,0.5797883868217468,0.572541031986475,0.5797883868217468,30900.0
1991-12-11,0.5797883868217468,0.5797883868217468,0.572541031986475,0.5797883868217468,47500.0
1991-12-12,0.5725408792495728,0.579788232151466,0.5725408792495728,0.5725408792495728,28400.0
1991-12-13,0.572541031986475,0.5797883868217468,0.572541031986475,0.5797883868217468,28300.0
1991-12-16,0.5725408902874699,0.587035596370697,0.5725408902874699,0.587035596370697,39900.0
1991-12-17,0.5797882433290834,0.587035596370697,0.5797882433290834,0.587035596370697,62100.0
1991-12-18,0.5870357416570187,0.5870357416570187,0.5797883868217468,0.5797883868217468,36300.0
1991-12-19,0.5797882433290834,0.587035596370697,0.5797882433290834,0.587035596370697,42400.0
1991-12-20,0.5797883868217468,0.5870357416570187,0.5797883868217468,0.5797883868217468,18800.0
1991-12-23,0.5870357416570187,0.5870357416570187,0.5797883868217468,0.5797883868217468,29700.0
1991-12-24,0.5797883868217468,0.5870357416570187,0.5797883868217468,0.5797883868217468,14600.0
1991-12-26,0.587035596370697,0.5942829494123105,0.587035596370697,0.587035596370697,65400.0
1991-12-27,0.5870357416570187,0.5870357416570187,0.5797883868217468,0.5797883868217468,22200.0
1991-12-30,0.5870357416570187,0.5870357416570187,0.572541031986475,0.5797883868217468,41300.0
1991-12-31,0.5797883868217468,0.5797883868217468,0.572541031986475,0.5797883868217468,44100.0
1992-01-02,0.5725408792495728,0.579788232151466,0.5725408792495728,0.5725408792495728,12000.0
1992-01-03,0.572541031986475,0.5797883868217468,0.572541031986475,0.5797883868217468,15600.0
1992-01-06,0.5725408792495728,0.579788232151466,0.5725408792495728,0.5725408792495728,10900.0
1992-01-07,0.5725409037027603,0.5797882569141877,0.565293550491333,0.565293550491333,30200.0
1992-01-08,0.572541031986475,0.5797883868217468,0.5652936771512032,0.5797883868217468,24200.0
1992-01-09,0.5725409037027603,0.5797882569141877,0.565293550491333,0.565293550491333,16200.0
1992-01-10,0.565293550491333,0.5725409037027603,0.565293550491333,0.565293550491333,14100.0
1992-01-13,0.5725409037027603,0.5725409037027603,0.565293550491333,0.565293550491333,17900.0
1992-01-14,0.565293550491333,0.5725409037027603,0.565293550491333,0.565293550491333,16500.0
1992-01-15,0.565293550491333,0.5725409037027603,0.565293550491333,0.565293550491333,21800.0
1992-01-16,0.5725408792495728,0.5725408792495728,0.5652935263476794,0.5725408792495728,20400.0
1992-01-17,0.565293550491333,0.5725409037027603,0.565293550491333,0.565293550491333,15900.0
1992-01-20,0.565293550491333,0.5725409037027603,0.565293550491333,0.565293550491333,14000.0
1992-01-21,0.5725408792495728,0.5725408792495728,0.5652935263476794,0.5725408792495728,7500.0
1992-01-22,0.565293550491333,0.5725409037027603,0.565293550491333,0.565293550491333,26300.0
1992-01-23,0.5652935263476794,0.5725408792495728,0.5652935263476794,0.5725408792495728,8200.0
1992-01-24,0.5725408792495728,0.5725408792495728,0.5652935263476794,0.5725408792495728,18400.0
1992-01-27,0.5725408792495728,0.5725408792495728,0.5652935263476794,0.5725408792495728,11900.0
1992-01-28,0.5652935263476794,0.5725408792495728,0.5652935263476794,0.5725408792495728,16400.0
1992-01-29,0.565293550491333,0.5725409037027603,0.565293550491333,0.565293550491333,26400.0
1992-01-30,0.565293550491333,0.5725409037027603,0.5580461972799057,0.565293550491333,26900.0
1992-01-31,0.565293550491333,0.565293550491333,0.5580461972799057,0.565293550491333,12400.0
1992-02-03,0.5644137859344482,0.5717438351024281,0.5644137859344482,0.5644137859344482,15800.0
1992-02-04,0.5717440843582153,0.5717440843582153,0.5644140319946485,0.5717440843582153,32900.0
1992-02-05,0.5644137859344482,0.5717438351024281,0.5644137859344482,0.5644137859344482,38500.0
1992-02-06,0.5644137859344482,0.5717438351024281,0.5570837367664684,0.5644137859344482,24100.0
1992-02-07,0.5717440843582153,0.5717440843582153,0.5644140319946485,0.5717440843582153,24200.0
1992-02-10,0.5644137859344482,0.5717438351024281,0.5644137859344482,0.5644137859344482,21700.0
1992-02-11,0.5644137859344482,0.5717438351024281,0.5644137859344482,0.5644137859344482,4700.0
1992-02-12,0.5644140319946485,0.5790741367217822,0.5644140319946485,0.5717440843582153,9900.0
1992-02-13,0.5717440843582153,0.5790741367217822,0.5717440843582153,0.5717440843582153,19000.0
1992-02-14,0.5717440843582153,0.5790741367217822,0.5717440843582153,0.5717440843582153,9800.0
1992-02-18,0.5717437976523291,0.5790738463401794,0.5717437976523291,0.5790738463401794,67100.0
1992-02-19,0.5790738463401794,0.5790738463401794,0.5717437976523291,0.5790738463401794,18000.0
1992-02-20,0.5790738463401794,0.5790738463401794,0.5717437976523291,0.5790738463401794,19900.0
1992-02-21,0.5790738463401794,0.5790738463401794,0.5717437976523291,0.5790738463401794,17100.0
1992-02-24,0.5717437976523291,0.5790738463401794,0.5717437976523291,0.5790738463401794,22200.0
1992-02-25,0.5717437976523291,0.5864038950280298,0.5717437976523291,0.5790738463401794,38700.0
1992-02-26,0.5790738463401794,0.5864038950280298,0.5717437976523291,0.5790738463401794,21800.0
1992-02-27,0.5790738463401794,0.5790738463401794,0.5717437976523291,0.5790738463401794,7500.0
1992-02-28,0.5717437976523291,0.5790738463401794,0.5717437976523291,0.5790738463401794,7200.0
1992-03-02,0.5790738463401794,0.5790738463401794,0.5717437976523291,0.5790738463401794,13900.0
1992-03-03,0.5790741367217822,0.5790741367217822,0.5717440843582153,0.5717440843582153,24600.0
1992-03-04,0.5717440843582153,0.5790741367217822,0.5717440843582153,0.5717440843582153,13700.0
1992-03-05,0.5717440843582153,0.5790741367217822,0.5717440843582153,0.5717440843582153,20900.0
1992-03-06,0.5717440843582153,0.5790741367217822,0.5717440843582153,0.5717440843582153,6600.0
1992-03-09,0.5717440843582153,0.5790741367217822,0.5717440843582153,0.5717440843582153,45000.0
1992-03-10,0.5790741367217822,0.5864041890853491,0.5717440843582153,0.5717440843582153,11700.0
1992-03-11,0.5790740929543973,0.5864041447639465,0.5790740929543973,0.5864041447639465,14000.0
1992-03-12,0.5790738463401794,0.5864038950280298,0.5717437976523291,0.5790738463401794,14000.0
1992-03-13,0.5864038950280298,0.5864038950280298,0.5717437976523291,0.5790738463401794,4300.0
1992-03-16,0.5790741367217822,0.5790741367217822,0.5717440843582153,0.5717440843582153,7200.0
1992-03-17,0.5790738463401794,0.5790738463401794,0.5717437976523291,0.5790738463401794,3900.0
1992-03-18,0.5717440843582153,0.5790741367217822,0.5717440843582153,0.5717440843582153,11600.0
1992-03-19,0.5717440843582153,0.5790741367217822,0.5717440843582153,0.5717440843582153,72600.0
1992-03-20,0.5790741367217822,0.5790741367217822,0.5717440843582153,0.5717440843582153,12500.0
1992-03-23,0.5790741367217822,0.5790741367217822,0.5717440843582153,0.5717440843582153,7200.0
1992-03-24,0.5717438351024281,0.5717438351024281,0.5644137859344482,0.5644137859344482,21200.0
1992-03-25,0.5644137859344482,0.5717438351024281,0.5644137859344482,0.5644137859344482,3500.0
1992-03-26,0.5644140319946485,0.5717440843582153,0.5644140319946485,0.5717440843582153,11000.0
1992-03-27,0.5717438351024281,0.5717438351024281,0.5644137859344482,0.5644137859344482,14300.0
1992-03-30,0.5644137859344482,0.5717438351024281,0.5644137859344482,0.5644137859344482,5500.0
1992-03-31,0.5644137859344482,0.5717438351024281,0.5644137859344482,0.5644137859344482,3800.0
1992-04-01,0.5644137859344482,0.5717438351024281,0.5644137859344482,0.5644137859344482,9900.0
1992-04-02,0.5644140319946485,0.5717440843582153,0.5644140319946485,0.5717440843582153,19400.0
1992-04-03,0.5644137859344482,0.5717438351024281,0.5644137859344482,0.5644137859344482,20700.0
1992-04-06,0.5717438351024281,0.5717438351024281,0.5644137859344482,0.5644137859344482,18000.0
1992-04-07,0.5644137859344482,0.5717438351024281,0.5644137859344482,0.5644137859344482,16400.0
1992-04-08,0.5717440843582153,0.5717440843582153,0.5644140319946485,0.5717440843582153,25100.0
1992-04-09,0.5717440843582153,0.5717440843582153,0.5644140319946485,0.5717440843582153,9100.0
1992-04-10,0.5644137859344482,0.5717438351024281,0.5644137859344482,0.5644137859344482,11500.0
1992-04-13,0.5717438351024281,0.5717438351024281,0.5644137859344482,0.5644137859344482,12100.0
1992-04-14,0.5644137859344482,0.5717438351024281,0.5644137859344482,0.5644137859344482,12700.0
1992-04-15,0.5717438351024281,0.5717438351024281,0.5644137859344482,0.5644137859344482,15200.0
1992-04-16,0.5644140319946485,0.5717440843582153,0.5644140319946485,0.5717440843582153,15100.0
1992-04-20,0.5644140319946485,0.5717440843582153,0.5644140319946485,0.5717440843582153,16500.0
1992-04-21,0.5717440843582153,0.5717440843582153,0.5644140319946485,0.5717440843582153,14100.0
1992-04-22,0.5644137859344482,0.5717438351024281,0.5644137859344482,0.5644137859344482,33500.0
1992-04-23,0.5717438351024281,0.5717438351024281,0.5644137859344482,0.5644137859344482,16100.0
1992-04-24,0.5644138957324781,0.5717439463264063,0.5570838451385498,0.5570838451385498,33200.0
1992-04-27,0.5644137859344482,0.5644137859344482,0.5570837367664684,0.5644137859344482,14500.0
1992-04-28,0.5644137859344482,0.5644137859344482,0.5570837367664684,0.5644137859344482,10400.0
1992-04-29,0.5570837367664684,0.5644137859344482,0.5570837367664684,0.5644137859344482,18400.0
1992-04-30,0.5717438351024281,0.5717438351024281,0.5644137859344482,0.5644137859344482,4500.0
1992-05-01,0.5644137859344482,0.5717438351024281,0.5644137859344482,0.5644137859344482,7500.0
1992-05-04,0.5644137859344482,0.5717438351024281,0.5570837367664684,0.5644137859344482,19700.0
1992-05-05,0.5644137859344482,0.5644137859344482,0.5570837367664684,0.5644137859344482,15600.0
1992-05-06,0.5570838451385498,0.5644138957324781,0.5570838451385498,0.5570838451385498,15000.0
1992-05-07,0.5644137859344482,0.5644137859344482,0.5570837367664684,0.5644137859344482,24400.0
1992-05-08,0.5644138957324781,0.5717439463264063,0.5570838451385498,0.5570838451385498,7900.0
1992-05-11,0.5570838451385498,0.5644138957324781,0.5570838451385498,0.5570838451385498,6400.0
1992-05-12,0.5570837367664684,0.5717438351024281,0.5570837367664684,0.5644137859344482,26500.0
1992-05-13,0.5717440843582153,0.5717440843582153,0.5644140319946485,0.5717440843582153,9500.0
1992-05-14,0.5644137859344482,0.5717438351024281,0.5644137859344482,0.5644137859344482,12400.0
1992-05-15,0.5717440843582153,0.5717440843582153,0.5644140319946485,0.5717440843582153,8400.0
1992-05-18,0.5717438351024281,0.5717438351024281,0.5644137859344482,0.5644137859344482,13900.0
1992-05-19,0.5644137859344482,0.5717438351024281,0.5644137859344482,0.5644137859344482,3500.0
1992-05-20,0.5644137859344482,0.5644137859344482,0.5644137859344482,0.5644137859344482,3100.0
1992-05-21,0.5717438351024281,0.5717438351024281,0.5644137859344482,0.5644137859344482,9000.0
1992-05-22,0.5717438351024281,0.5717438351024281,0.5644137859344482,0.5644137859344482,11900.0
1992-05-26,0.5717438351024281,0.5717438351024281,0.5644137859344482,0.5644137859344482,22100.0
1992-05-27,0.5644137859344482,0.5717438351024281,0.5644137859344482,0.5644137859344482,13500.0
1992-05-28,0.5644140319946485,0.5717440843582153,0.5644140319946485,0.5717440843582153,16700.0
1992-05-29,0.5644140319946485,0.5717440843582153,0.5644140319946485,0.5717440843582153,5800.0
1992-06-01,0.5644137859344482,0.5717438351024281,0.5644137859344482,0.5644137859344482,20500.0
1992-06-02,0.5717440843582153,0.5790741367217822,0.5644140319946485,0.5717440843582153,179200.0
1992-06-03,0.5717440843582153,0.5790741367217822,0.5717440843582153,0.5717440843582153,13800.0
1992-06-04,0.5717437976523291,0.5790738463401794,0.5717437976523291,0.5790738463401794,18500.0
1992-06-05,0.5790741367217822,0.5790741367217822,0.5717440843582153,0.5717440843582153,12000.0
1992-06-08,0.5717440843582153,0.5790741367217822,0.5717440843582153,0.5717440843582153,16100.0
1992-06-09,0.5717440843582153,0.5790741367217822,0.5717440843582153,0.5717440843582153,12800.0
1992-06-10,0.5717437976523291,0.5790738463401794,0.5717437976523291,0.5790738463401794,33700.0
1992-06-11,0.5790738463401794,0.5790738463401794,0.5717437976523291,0.5790738463401794,4800.0
1992-06-12,0.5790741367217822,0.5790741367217822,0.5717440843582153,0.5717440843582153,5100.0
1992-06-15,0.5790741367217822,0.5790741367217822,0.5717440843582153,0.5717440843582153,15100.0
1992-06-16,0.5717437976523291,0.5790738463401794,0.5717437976523291,0.5790738463401794,25500.0
1992-06-17,0.5790741367217822,0.5790741367217822,0.5717440843582153,0.5717440843582153,9900.0
1992-06-18,0.5717437976523291,0.5790738463401794,0.5717437976523291,0.5790738463401794,16000.0
1992-06-19,0.5717440843582153,0.5790741367217822,0.5717440843582153,0.5717440843582153,11000.0
1992-06-22,0.5717440843582153,0.5790741367217822,0.5717440843582153,0.5717440843582153,9700.0
1992-06-23,0.5717437976523291,0.5790738463401794,0.5717437976523291,0.5790738463401794,5200.0
1992-06-24,0.5717440843582153,0.5790741367217822,0.5717440843582153,0.5717440843582153,3900.0
1992-06-25,0.5717438351024281,0.5717438351024281,0.5644137859344482,0.5644137859344482,27700.0
1992-06-26,0.5717440843582153,0.5717440843582153,0.5644140319946485,0.5717440843582153,15700.0
1992-06-29,0.5644137489644787,0.5790738463401794,0.5644137489644787,0.5790738463401794,5200.0
1992-06-30,0.5790741367217822,0.5790741367217822,0.5717440843582153,0.5717440843582153,6000.0
1992-07-01,0.5717440843582153,0.5790741367217822,0.5717440843582153,0.5717440843582153,6200.0
1992-07-02,0.5717437976523291,0.5790738463401794,0.5717437976523291,0.5790738463401794,3500.0
1992-07-06,0.5790738463401794,0.5790738463401794,0.5644137489644787,0.5790738463401794,29300.0
1992-07-07,0.5644137859344482,0.5717438351024281,0.5644137859344482,0.5644137859344482,5100.0
1992-07-08,0.5644137859344482,0.5717438351024281,0.5644137859344482,0.5644137859344482,21700.0
1992-07-09,0.5644137859344482,0.5717438351024281,0.5644137859344482,0.5644137859344482,22000.0
1992-07-10,0.5717440843582153,0.5717440843582153,0.5644140319946485,0.5717440843582153,17100.0
1992-07-13,0.5717440843582153,0.5717440843582153,0.5644140319946485,0.5717440843582153,6600.0
1992-07-14,0.5717438351024281,0.5717438351024281,0.5644137859344482,0.5644137859344482,6400.0
1992-07-15,0.5644137859344482,0.5717438351024281,0.5644137859344482,0.5644137859344482,7200.0
1992-07-16,0.5644137859344482,0.5717438351024281,0.5644137859344482,0.5644137859344482,17000.0
1992-07-17,0.5644137859344482,0.5717438351024281,0.5644137859344482,0.5644137859344482,17400.0
1992-07-20,0.5644137859344482,0.5717438351024281,0.5644137859344482,0.5644137859344482,5800.0
1992-07-21,0.5644137859344482,0.5717438351024281,0.5644137859344482,0.5644137859344482,19600.0
1992-07-22,0.5717438351024281,0.5717438351024281,0.5644137859344482,0.5644137859344482,8100.0
1992-07-23,0.5717440843582153,0.5717440843582153,0.5644140319946485,0.5717440843582153,10600.0
1992-07-24,0.5717438351024281,0.5717438351024281,0.5644137859344482,0.5644137859344482,5500.0
1992-07-27,0.5717438351024281,0.5717438351024281,0.5644137859344482,0.5644137859344482,8200.0
1992-07-28,0.5644140319946485,0.5717440843582153,0.5644140319946485,0.5717440843582153,44500.0
1992-07-29,0.5717440843582153,0.5790741367217822,0.5717440843582153,0.5717440843582153,29400.0
1992-07-30,0.5717440843582153,0.5790741367217822,0.5717440843582153,0.5717440843582153,5100.0
1992-07-31,0.5717440843582153,0.5790741367217822,0.5644140319946485,0.5717440843582153,16700.0
1992-08-03,0.5717440843582153,0.5790741367217822,0.5717440843582153,0.5717440843582153,12300.0
1992-08-04,0.5790738463401794,0.5790738463401794,0.5644137489644787,0.5790738463401794,21200.0
1992-08-05,0.5717440843582153,0.5790741367217822,0.5717440843582153,0.5717440843582153,9700.0
1992-08-06,0.5717440843582153,0.5790741367217822,0.5717440843582153,0.5717440843582153,6000.0
1992-08-07,0.5790741367217822,0.5790741367217822,0.5717440843582153,0.5717440843582153,3900.0
1992-08-10,0.5717440843582153,0.5790741367217822,0.5717440843582153,0.5717440843582153,15600.0
1992-08-11,0.5717437976523291,0.5790738463401794,0.5717437976523291,0.5790738463401794,21300.0
1992-08-12,0.5790741367217822,0.5790741367217822,0.5717440843582153,0.5717440843582153,6800.0
1992-08-13,0.5717437976523291,0.5790738463401794,0.5717437976523291,0.5790738463401794,11000.0
1992-08-14,0.5717437976523291,0.5790738463401794,0.5717437976523291,0.5790738463401794,5000.0
1992-08-17,0.5717437976523291,0.5864038950280298,0.5717437976523291,0.5790738463401794,26200.0
1992-08-18,0.5790738463401794,0.5864038950280298,0.5790738463401794,0.5790738463401794,16800.0
1992-08-19,0.5790738463401794,0.5864038950280298,0.5790738463401794,0.5790738463401794,11400.0
1992-08-20,0.5790738463401794,0.5790738463401794,0.5790738463401794,0.5790738463401794,6400.0
1992-08-21,0.5790740929543973,0.5864041447639465,0.5790740929543973,0.5864041447639465,12200.0
1992-08-24,0.5864038950280298,0.5864038950280298,0.5790738463401794,0.5790738463401794,26700.0
1992-08-25,0.5790740929543973,0.5864041447639465,0.5790740929543973,0.5864041447639465,14800.0
1992-08-26,0.5790738463401794,0.5864038950280298,0.5790738463401794,0.5790738463401794,14300.0
1992-08-27,0.5790738463401794,0.5790738463401794,0.5790738463401794,0.5790738463401794,3000.0
1992-08-28,0.5790741367217822,0.5864041890853491,0.5717440843582153,0.5717440843582153,18100.0
1992-08-31,0.5790738463401794,0.5790738463401794,0.5717437976523291,0.5790738463401794,3800.0
1992-09-01,0.5790738463401794,0.5790738463401794,0.5717437976523291,0.5790738463401794,300.0
1992-09-02,0.5717437976523291,0.5790738463401794,0.5717437976523291,0.5790738463401794,17800.0
1992-09-03,0.5717440843582153,0.5790741367217822,0.5717440843582153,0.5717440843582153,7800.0
1992-09-04,0.5790741367217822,0.5790741367217822,0.5717440843582153,0.5717440843582153,2900.0
1992-09-08,0.5717440843582153,0.5790741367217822,0.5717440843582153,0.5717440843582153,10500.0
1992-09-09,0.5790738463401794,0.5790738463401794,0.5717437976523291,0.5790738463401794,9600.0
1992-09-10,0.5790740929543973,0.5864041447639465,0.5790740929543973,0.5864041447639465,15300.0
1992-09-11,0.5790741367217822,0.5790741367217822,0.5717440843582153,0.5717440843582153,29900.0
1992-09-14,0.5790741367217822,0.5864041890853491,0.5717440843582153,0.5717440843582153,19100.0
1992-09-15,0.5717440843582153,0.5790741367217822,0.5717440843582153,0.5717440843582153,4900.0
1992-09-16,0.5790741367217822,0.5790741367217822,0.5717440843582153,0.5717440843582153,9800.0
1992-09-17,0.5790741367217822,0.5790741367217822,0.5717440843582153,0.5717440843582153,7300.0
1992-09-18,0.5717440843582153,0.5790741367217822,0.5717440843582153,0.5717440843582153,4500.0
1992-09-21,0.5717437976523291,0.5790738463401794,0.5717437976523291,0.5790738463401794,4500.0
1992-09-22,0.5790741367217822,0.5790741367217822,0.5717440843582153,0.5717440843582153,5400.0
1992-09-23,0.5717437976523291,0.5790738463401794,0.5717437976523291,0.5790738463401794,7500.0
1992-09-24,0.5717440843582153,0.5790741367217822,0.5717440843582153,0.5717440843582153,3600.0
1992-09-25,0.5790738463401794,0.5790738463401794,0.5717437976523291,0.5790738463401794,11000.0
1992-09-28,0.5790741367217822,0.5790741367217822,0.5717440843582153,0.5717440843582153,9800.0
1992-09-29,0.5717440843582153,0.5790741367217822,0.5717440843582153,0.5717440843582153,10600.0
1992-09-30,0.5790741367217822,0.5790741367217822,0.5717440843582153,0.5717440843582153,8100.0
1992-10-01,0.5717437976523291,0.5790738463401794,0.5717437976523291,0.5790738463401794,1700.0
1992-10-02,0.5790738463401794,0.5790738463401794,0.5717437976523291,0.5790738463401794,29300.0
1992-10-05,0.5790741367217822,0.5790741367217822,0.5717440843582153,0.5717440843582153,40100.0
1992-10-06,0.5717437976523291,0.5790738463401794,0.5717437976523291,0.5790738463401794,38100.0
1992-10-07,0.5717437976523291,0.5790738463401794,0.5717437976523291,0.5790738463401794,6500.0
1992-10-08,0.5717437976523291,0.5790738463401794,0.5717437976523291,0.5790738463401794,7800.0
1992-10-09,0.5717437976523291,0.5790738463401794,0.5717437976523291,0.5790738463401794,10300.0
1992-10-12,0.5790741367217822,0.5790741367217822,0.5717440843582153,0.5717440843582153,4900.0
1992-10-13,0.5790741367217822,0.5790741367217822,0.5717440843582153,0.5717440843582153,2600.0
1992-10-14,0.5717437976523291,0.5864038950280298,0.5717437976523291,0.5790738463401794,12000.0
1992-10-15,0.5790738463401794,0.5864038950280298,0.5790738463401794,0.5790738463401794,19900.0
1992-10-16,0.5790738463401794,0.5864038950280298,0.5790738463401794,0.5790738463401794,4100.0
1992-10-19,0.5864041447639465,0.5864041447639465,0.5790740929543973,0.5864041447639465,17500.0
1992-10-20,0.5790738463401794,0.5790738463401794,0.5790738463401794,0.5790738463401794,2600.0
1992-10-21,0.5790738463401794,0.5864038950280298,0.5790738463401794,0.5790738463401794,9600.0
1992-10-22,0.5790738463401794,0.5864038950280298,0.5790738463401794,0.5790738463401794,7700.0
1992-10-23,0.5717440411448479,0.5864041447639465,0.5717440411448479,0.5864041447639465,49500.0
1992-10-26,0.5790740929543973,0.5864041447639465,0.5790740929543973,0.5864041447639465,2800.0
1992-10-27,0.5790738463401794,0.5864038950280298,0.5790738463401794,0.5790738463401794,16200.0
1992-10-28,0.5864038950280298,0.5864038950280298,0.5790738463401794,0.5790738463401794,6800.0
1992-10-29,0.5790740929543973,0.5864041447639465,0.5790740929543973,0.5864041447639465,5400.0
1992-10-30,0.5790738463401794,0.5790738463401794,0.5790738463401794,0.5790738463401794,3300.0
1992-11-02,0.5864041447639465,0.5864041447639465,0.5790740929543973,0.5864041447639465,14200.0
1992-11-03,0.5864038950280298,0.5864038950280298,0.5790738463401794,0.5790738463401794,9400.0
1992-11-04,0.5790738463401794,0.5790738463401794,0.5790738463401794,0.5790738463401794,3100.0
1992-11-05,0.5790738463401794,0.5864038950280298,0.5790738463401794,0.5790738463401794,3900.0
1992-11-06,0.5864038950280298,0.5864038950280298,0.5790738463401794,0.5790738463401794,7000.0
1992-11-09,0.5790740929543973,0.5864041447639465,0.5790740929543973,0.5864041447639465,7700.0
1992-11-10,0.5864041447639465,0.5864041447639465,0.5790740929543973,0.5864041447639465,8300.0
1992-11-11,0.5864041447639465,0.5864041447639465,0.5790740929543973,0.5864041447639465,22700.0
1992-11-12,0.5864038950280298,0.5864038950280298,0.5790738463401794,0.5790738463401794,13000.0
1992-11-13,0.5864041447639465,0.5937341965734959,0.5790740929543973,0.5864041447639465,15600.0
1992-11-16,0.5864041447639465,0.5864041447639465,0.5790740929543973,0.5864041447639465,7000.0
1992-11-17,0.5790740929543973,0.5864041447639465,0.5790740929543973,0.5864041447639465,11400.0
1992-11-18,0.5864041447639465,0.5864041447639465,0.5790740929543973,0.5864041447639465,5500.0
1992-11-19,0.5790740929543973,0.5937341965734959,0.5790740929543973,0.5864041447639465,13700.0
1992-11-20,0.5864041447639465,0.5864041447639465,0.5790740929543973,0.5864041447639465,7400.0
1992-11-23,0.5790740929543973,0.5864041447639465,0.5790740929543973,0.5864041447639465,47300.0
1992-11-24,0.5864038950280298,0.5864038950280298,0.5790738463401794,0.5790738463401794,24200.0
1992-11-25,0.5790740929543973,0.5864041447639465,0.5790740929543973,0.5864041447639465,33200.0
1992-11-27,0.5790740929543973,0.5864041447639465,0.5790740929543973,0.5864041447639465,1400.0
1992-11-30,0.5864037996456947,0.5937338471412659,0.5864037996456947,0.5937338471412659,25800.0
1992-12-01,0.583395758500466,0.5907805149371808,0.5760110020637512,0.5760110020637512,53600.0
1992-12-02,0.5760110020637512,0.5760110020637512,0.5686262456270365,0.5760110020637512,21100.0
1992-12-03,0.5760106188910349,0.5760106188910349,0.5686258673667908,0.5686258673667908,11100.0
1992-12-04,0.5760106188910349,0.5760106188910349,0.5686258673667908,0.5686258673667908,8300.0
1992-12-07,0.5686262456270365,0.5760110020637512,0.5686262456270365,0.5760110020637512,16800.0
1992-12-08,0.5760108458844921,0.5907803547533252,0.5686260914500756,0.5833956003189087,121700.0
1992-12-09,0.5833956003189087,0.5907803547533252,0.5833956003189087,0.5833956003189087,14400.0
1992-12-10,0.5833953283727169,0.5907800793647766,0.5833953283727169,0.5907800793647766,12100.0
1992-12-11,0.5833953283727169,0.5907800793647766,0.5833953283727169,0.5907800793647766,9900.0
1992-12-14,0.5907803547533252,0.5907803547533252,0.5833956003189087,0.5833956003189087,15900.0
1992-12-15,0.5833956003189087,0.5907803547533252,0.5833956003189087,0.5833956003189087,10800.0
1992-12-16,0.5907803547533252,0.5907803547533252,0.5833956003189087,0.5833956003189087,7700.0
1992-12-17,0.5833956003189087,0.5907803547533252,0.5833956003189087,0.5833956003189087,8800.0
1992-12-18,0.5907803547533252,0.5907803547533252,0.5833956003189087,0.5833956003189087,8200.0
1992-12-21,0.5907803547533252,0.5907803547533252,0.5833956003189087,0.5833956003189087,15900.0
1992-12-22,0.5833956003189087,0.5907803547533252,0.5833956003189087,0.5833956003189087,4700.0
1992-12-23,0.5833956003189087,0.5907803547533252,0.5833956003189087,0.5833956003189087,7200.0
1992-12-24,0.5833956003189087,0.5833956003189087,0.5833956003189087,0.5833956003189087,4200.0
1992-12-28,0.5833956003189087,0.5907803547533252,0.5833956003189087,0.5833956003189087,82300.0
1992-12-29,0.5833956003189087,0.5833956003189087,0.5833956003189087,0.5833956003189087,1200.0
1992-12-30,0.5833953283727169,0.5907800793647766,0.5833953283727169,0.5907800793647766,11500.0
1992-12-31,0.5833953283727169,0.5907800793647766,0.5833953283727169,0.5907800793647766,4900.0
1993-01-04,0.5907803547533252,0.5907803547533252,0.5686260914500756,0.5833956003189087,68400.0
1993-01-05,0.5833956003189087,0.5833956003189087,0.5760108458844921,0.5833956003189087,26600.0
1993-01-06,0.5760110020637512,0.583395758500466,0.5760110020637512,0.5760110020637512,7800.0
1993-01-07,0.5760110020637512,0.583395758500466,0.5760110020637512,0.5760110020637512,11000.0
1993-01-08,0.5760110020637512,0.583395758500466,0.5760110020637512,0.5760110020637512,26800.0
1993-01-11,0.583395758500466,0.583395758500466,0.5760110020637512,0.5760110020637512,16400.0
1993-01-12,0.5760110020637512,0.583395758500466,0.5760110020637512,0.5760110020637512,8700.0
1993-01-13,0.5760110020637512,0.583395758500466,0.5760110020637512,0.5760110020637512,10500.0
1993-01-14,0.5760110020637512,0.583395758500466,0.5760110020637512,0.5760110020637512,10600.0
1993-01-15,0.5760108458844921,0.5833956003189087,0.5686260914500756,0.5833956003189087,21900.0
1993-01-18,0.5686262456270365,0.5760110020637512,0.5686262456270365,0.5760110020637512,23400.0
1993-01-19,0.5760110020637512,0.5760110020637512,0.5686262456270365,0.5760110020637512,12600.0
1993-01-20,0.5760106188910349,0.5760106188910349,0.5686258673667908,0.5686258673667908,15000.0
1993-01-21,0.5686258673667908,0.5760106188910349,0.5686258673667908,0.5686258673667908,48700.0
1993-01-22,0.5760106188910349,0.5760106188910349,0.5686258673667908,0.5686258673667908,6300.0
1993-01-25,0.5760106188910349,0.5760106188910349,0.5686258673667908,0.5686258673667908,9900.0
1993-01-26,0.5686262456270365,0.5760110020637512,0.5686262456270365,0.5760110020637512,7800.0
1993-01-27,0.5686258673667908,0.5760106188910349,0.5686258673667908,0.5686258673667908,11400.0
1993-01-28,0.5760106188910349,0.5760106188910349,0.5686258673667908,0.5686258673667908,27100.0
1993-01-29,0.5686258673667908,0.5760106188910349,0.5686258673667908,0.5686258673667908,8600.0
1993-02-01,0.580352246761322,0.580352246761322,0.5729118333413051,0.580352246761322,16200.0
1993-02-02,0.580352246761322,0.580352246761322,0.5729118333413051,0.580352246761322,10100.0
1993-02-03,0.580352246761322,0.580352246761322,0.5729118333413051,0.580352246761322,13600.0
1993-02-04,0.5729115605354309,0.5803519704125144,0.5729115605354309,0.5729115605354309,17200.0
1993-02-05,0.5729118333413051,0.580352246761322,0.5729118333413051,0.580352246761322,26600.0
1993-02-08,0.5729118333413051,0.580352246761322,0.5729118333413051,0.580352246761322,7100.0
1993-02-09,0.5729118333413051,0.580352246761322,0.5729118333413051,0.580352246761322,8800.0
1993-02-10,0.580352246761322,0.587792660181339,0.580352246761322,0.580352246761322,15800.0
1993-02-11,0.580352246761322,0.587792660181339,0.580352246761322,0.580352246761322,14400.0
1993-02-12,0.5803522218631793,0.5877926349639893,0.5803522218631793,0.5877926349639893,7000.0
1993-02-16,0.587792660181339,0.587792660181339,0.580352246761322,0.580352246761322,14900.0
1993-02-17,0.580352246761322,0.587792660181339,0.580352246761322,0.580352246761322,7100.0
1993-02-18,0.580352246761322,0.587792660181339,0.580352246761322,0.580352246761322,7500.0
1993-02-19,0.587792660181339,0.587792660181339,0.580352246761322,0.580352246761322,8500.0
1993-02-22,0.5803522218631793,0.5877926349639893,0.5803522218631793,0.5877926349639893,86900.0
1993-02-23,0.5877926349639893,0.5952330480647993,0.5803522218631793,0.5877926349639893,65900.0
1993-02-24,0.5952330480647993,0.5952330480647993,0.5877926349639893,0.5877926349639893,7400.0
1993-02-25,0.580352246761322,0.587792660181339,0.580352246761322,0.580352246761322,6800.0
1993-02-26,0.580352246761322,0.587792660181339,0.580352246761322,0.580352246761322,15900.0
1993-03-01,0.587792660181339,0.587792660181339,0.580352246761322,0.580352246761322,11500.0
1993-03-02,0.587792660181339,0.587792660181339,0.580352246761322,0.580352246761322,8500.0
1993-03-03,0.580352246761322,0.587792660181339,0.580352246761322,0.580352246761322,6100.0
1993-03-04,0.587792660181339,0.587792660181339,0.580352246761322,0.580352246761322,7700.0
1993-03-05,0.580352246761322,0.587792660181339,0.580352246761322,0.580352246761322,13800.0
1993-03-08,0.580352246761322,0.587792660181339,0.580352246761322,0.580352246761322,16900.0
1993-03-09,0.580352246761322,0.587792660181339,0.580352246761322,0.580352246761322,27900.0
1993-03-10,0.5803522218631793,0.5877926349639893,0.5729118087623692,0.5877926349639893,13800.0
1993-03-11,0.580352246761322,0.587792660181339,0.580352246761322,0.580352246761322,15400.0
1993-03-12,0.580352246761322,0.587792660181339,0.580352246761322,0.580352246761322,17900.0
1993-03-15,0.5803522218631793,0.5877926349639893,0.5803522218631793,0.5877926349639893,51500.0
1993-03-16,0.580352246761322,0.587792660181339,0.580352246761322,0.580352246761322,9700.0
1993-03-17,0.580352246761322,0.580352246761322,0.580352246761322,0.580352246761322,15600.0
1993-03-18,0.5803522218631793,0.5877926349639893,0.5803522218631793,0.5877926349639893,14200.0
1993-03-19,0.580352246761322,0.587792660181339,0.580352246761322,0.580352246761322,30800.0
1993-03-22,0.580352246761322,0.580352246761322,0.580352246761322,0.580352246761322,17500.0
1993-03-23,0.5803522218631793,0.5877926349639893,0.5729118087623692,0.5877926349639893,20500.0
1993-03-24,0.580352246761322,0.587792660181339,0.580352246761322,0.580352246761322,2800.0
1993-03-25,0.5803522218631793,0.5877926349639893,0.5803522218631793,0.5877926349639893,2700.0
1993-03-26,0.5877926349639893,0.5877926349639893,0.5803522218631793,0.5877926349639893,23300.0
1993-03-29,0.580352246761322,0.587792660181339,0.580352246761322,0.580352246761322,8500.0
1993-03-30,0.5877926349639893,0.5877926349639893,0.5803522218631793,0.5877926349639893,10300.0
1993-03-31,0.5877926349639893,0.5877926349639893,0.5803522218631793,0.5877926349639893,4800.0
1993-04-01,0.580352246761322,0.587792660181339,0.580352246761322,0.580352246761322,16200.0
1993-04-02,0.587792660181339,0.587792660181339,0.580352246761322,0.580352246761322,7800.0
1993-04-05,0.580352246761322,0.587792660181339,0.580352246761322,0.580352246761322,27600.0
1993-04-06,0.587792660181339,0.587792660181339,0.580352246761322,0.580352246761322,7200.0
1993-04-07,0.587792660181339,0.587792660181339,0.580352246761322,0.580352246761322,4900.0
1993-04-08,0.5803522218631793,0.5877926349639893,0.5803522218631793,0.5877926349639893,9400.0
1993-04-12,0.5803522218631793,0.5877926349639893,0.5803522218631793,0.5877926349639893,3700.0
1993-04-13,0.5803522218631793,0.5877926349639893,0.5803522218631793,0.5877926349639893,13200.0
1993-04-14,0.5877926349639893,0.5877926349639893,0.5803522218631793,0.5877926349639893,33000.0
1993-04-15,0.5803522218631793,0.5877926349639893,0.5803522218631793,0.5877926349639893,7300.0
1993-04-16,0.5877926349639893,0.5877926349639893,0.5803522218631793,0.5877926349639893,18300.0
1993-04-19,0.580352246761322,0.587792660181339,0.580352246761322,0.580352246761322,17600.0
1993-04-20,0.580352246761322,0.587792660181339,0.580352246761322,0.580352246761322,27200.0
1993-04-21,0.587792660181339,0.587792660181339,0.580352246761322,0.580352246761322,11700.0
1993-04-22,0.587792660181339,0.587792660181339,0.580352246761322,0.580352246761322,15100.0
1993-04-23,0.580352246761322,0.587792660181339,0.580352246761322,0.580352246761322,6400.0
1993-04-26,0.5877926349639893,0.5877926349639893,0.5803522218631793,0.5877926349639893,15200.0
1993-04-27,0.5803522218631793,0.5877926349639893,0.5803522218631793,0.5877926349639893,11600.0
1993-04-28,0.5877926349639893,0.5877926349639893,0.5803522218631793,0.5877926349639893,6200.0
1993-04-29,0.5877926349639893,0.5877926349639893,0.5803522218631793,0.5877926349639893,18400.0
1993-04-30,0.5803522218631793,0.5877926349639893,0.5803522218631793,0.5877926349639893,11400.0
1993-05-03,0.5877926349639893,0.5952330480647993,0.5877926349639893,0.5877926349639893,21400.0
1993-05-04,0.5877922957326159,0.6026731133460999,0.5877922957326159,0.6026731133460999,73700.0
1993-05-05,0.5952327251434326,0.6026731342077255,0.5877923160791397,0.5952327251434326,30100.0
1993-05-06,0.5877923160791397,0.5952327251434326,0.5877923160791397,0.5952327251434326,16700.0
1993-05-07,0.5952330480647993,0.5952330480647993,0.5877926349639893,0.5877926349639893,13100.0
1993-05-10,0.5952327251434326,0.5952327251434326,0.5877923160791397,0.5952327251434326,12700.0
1993-05-11,0.5952327251434326,0.6026731342077255,0.5877923160791397,0.5952327251434326,23900.0
1993-05-12,0.5952327045393578,0.6026731133460999,0.5952327045393578,0.6026731133460999,12000.0
1993-05-13,0.5952327251434326,0.6026731342077255,0.5877923160791397,0.5952327251434326,14700.0
1993-05-14,0.5877926349639893,0.5952330480647993,0.5877926349639893,0.5877926349639893,17700.0
1993-05-17,0.5877923160791397,0.5952327251434326,0.5877923160791397,0.5952327251434326,13600.0
1993-05-18,0.5877926349639893,0.5952330480647993,0.5877926349639893,0.5877926349639893,16100.0
1993-05-19,0.5952330480647993,0.6026734611656093,0.5877926349639893,0.5877926349639893,16600.0
1993-05-20,0.6026734611656093,0.6026734611656093,0.5877926349639893,0.5877926349639893,10200.0
1993-05-21,0.5952327045393578,0.6026731133460999,0.5952327045393578,0.6026731133460999,18700.0
1993-05-24,0.6026731133460999,0.6026731133460999,0.5952327045393578,0.6026731133460999,19500.0
1993-05-25,0.6026731133460999,0.6026731133460999,0.5952327045393578,0.6026731133460999,11200.0
1993-05-26,0.5952327251434326,0.6026731342077255,0.5952327251434326,0.5952327251434326,18000.0
1993-05-27,0.5952327251434326,0.6026731342077255,0.5952327251434326,0.5952327251434326,24300.0
1993-05-28,0.5952327251434326,0.5952327251434326,0.5952327251434326,0.5952327251434326,1700.0
1993-06-01,0.5952327251434326,0.6026731342077255,0.5952327251434326,0.5952327251434326,10200.0
1993-06-02,0.5952327251434326,0.6026731342077255,0.5952327251434326,0.5952327251434326,10500.0
1993-06-03,0.6026731342077255,0.6026731342077255,0.5952327251434326,0.5952327251434326,4500.0
1993-06-04,0.5952330480647993,0.5952330480647993,0.5877926349639893,0.5877926349639893,15000.0
1993-06-07,0.5877926349639893,0.5952330480647993,0.5877926349639893,0.5877926349639893,13700.0
1993-06-08,0.5877926349639893,0.5952330480647993,0.5877926349639893,0.5877926349639893,7600.0
1993-06-09,0.5877926349639893,0.5952330480647993,0.5877926349639893,0.5877926349639893,1900.0
1993-06-10,0.5952327251434326,0.5952327251434326,0.5877923160791397,0.5952327251434326,13600.0
1993-06-11,0.5877926349639893,0.5952330480647993,0.5877926349639893,0.5877926349639893,6800.0
1993-06-14,0.5877926349639893,0.5952330480647993,0.5877926349639893,0.5877926349639893,10800.0
1993-06-15,0.5877923160791397,0.5952327251434326,0.5877923160791397,0.5952327251434326,6700.0
1993-06-16,0.5952330480647993,0.5952330480647993,0.5877926349639893,0.5877926349639893,8500.0
1993-06-17,0.5877926349639893,0.5952330480647993,0.5877926349639893,0.5877926349639893,14100.0
1993-06-18,0.5877923160791397,0.5952327251434326,0.5877923160791397,0.5952327251434326,13000.0
1993-06-21,0.5877923160791397,0.5952327251434326,0.5877923160791397,0.5952327251434326,12600.0
1993-06-22,0.5877926349639893,0.5952330480647993,0.5877926349639893,0.5877926349639893,13000.0
1993-06-23,0.5877926349639893,0.5952330480647993,0.5877926349639893,0.5877926349639893,7800.0
1993-06-24,0.5877923160791397,0.5952327251434326,0.5877923160791397,0.5952327251434326,14000.0
1993-06-25,0.5877923160791397,0.5952327251434326,0.5877923160791397,0.5952327251434326,7000.0
1993-06-28,0.5877926349639893,0.5952330480647993,0.5877926349639893,0.5877926349639893,21400.0
1993-06-29,0.5952330480647993,0.5952330480647993,0.5877926349639893,0.5877926349639893,8300.0
1993-06-30,0.5952327251434326,0.5952327251434326,0.5877923160791397,0.5952327251434326,9600.0
1993-07-01,0.5877926349639893,0.5952330480647993,0.5877926349639893,0.5877926349639893,9700.0
1993-07-02,0.5877926349639893,0.5952330480647993,0.5877926349639893,0.5877926349639893,6600.0
1993-07-06,0.5877923160791397,0.5952327251434326,0.5877923160791397,0.5952327251434326,12500.0
1993-07-07,0.5952327251434326,0.5952327251434326,0.5877923160791397,0.5952327251434326,6800.0
1993-07-08,0.5952330480647993,0.5952330480647993,0.5877926349639893,0.5877926349639893,18700.0
1993-07-09,0.5877923160791397,0.5952327251434326,0.5877923160791397,0.5952327251434326,9200.0
1993-07-12,0.5952330480647993,0.5952330480647993,0.5877926349639893,0.5877926349639893,8700.0
1993-07-13,0.5877923160791397,0.5952327251434326,0.5877923160791397,0.5952327251434326,20100.0
1993-07-14,0.5877923160791397,0.5952327251434326,0.5877923160791397,0.5952327251434326,17800.0
1993-07-15,0.5952327251434326,0.5952327251434326,0.5877923160791397,0.5952327251434326,12600.0
1993-07-16,0.5877923160791397,0.5952327251434326,0.5877923160791397,0.5952327251434326,16200.0
1993-07-19,0.5952327251434326,0.5952327251434326,0.5877923160791397,0.5952327251434326,12800.0
1993-07-20,0.5877923160791397,0.5952327251434326,0.5877923160791397,0.5952327251434326,15800.0
1993-07-21,0.5952327251434326,0.5952327251434326,0.5877923160791397,0.5952327251434326,31100.0
1993-07-22,0.5952330480647993,0.5952330480647993,0.5877926349639893,0.5877926349639893,21100.0
1993-07-23,0.5877923160791397,0.5952327251434326,0.5877923160791397,0.5952327251434326,9200.0
1993-07-26,0.5952327251434326,0.5952327251434326,0.5877923160791397,0.5952327251434326,4300.0
1993-07-27,0.5952330480647993,0.5952330480647993,0.5877926349639893,0.5877926349639893,9800.0
1993-07-28,0.5877923160791397,0.5952327251434326,0.5877923160791397,0.5952327251434326,18100.0
1993-07-29,0.5952327251434326,0.5952327251434326,0.5877923160791397,0.5952327251434326,12100.0
1993-07-30,0.5877926349639893,0.5952330480647993,0.5803522218631793,0.5877926349639893,13300.0
1993-08-02,0.5952327251434326,0.5952327251434326,0.5877923160791397,0.5952327251434326,51700.0
1993-08-03,0.5952327251434326,0.6026731342077255,0.5952327251434326,0.5952327251434326,14900.0
1993-08-04,0.5952330480647993,0.5952330480647993,0.5877926349639893,0.5877926349639893,20100.0
1993-08-05,0.5952330480647993,0.5952330480647993,0.5877926349639893,0.5877926349639893,7500.0
1993-08-06,0.5877923160791397,0.5952327251434326,0.5877923160791397,0.5952327251434326,12900.0
1993-08-09,0.5952330480647993,0.5952330480647993,0.5877926349639893,0.5877926349639893,12900.0
1993-08-10,0.5877926349639893,0.5952330480647993,0.5877926349639893,0.5877926349639893,14800.0
1993-08-11,0.5952330480647993,0.5952330480647993,0.5877926349639893,0.5877926349639893,12800.0
1993-08-12,0.5877923160791397,0.5952327251434326,0.5877923160791397,0.5952327251434326,12800.0
1993-08-13,0.5952330480647993,0.5952330480647993,0.5877926349639893,0.5877926349639893,11400.0
1993-08-16,0.5952330480647993,0.5952330480647993,0.5877926349639893,0.5877926349639893,16700.0
1993-08-17,0.5952327045393578,0.6026731133460999,0.5952327045393578,0.6026731133460999,24300.0
1993-08-18,0.5952327045393578,0.6026731133460999,0.5952327045393578,0.6026731133460999,35300.0
1993-08-19,0.5952327045393578,0.6101135221528419,0.5952327045393578,0.6026731133460999,13600.0
1993-08-20,0.6026731133460999,0.6101135221528419,0.6026731133460999,0.6026731133460999,9800.0
1993-08-23,0.6026733285043298,0.6101137399673462,0.6026733285043298,0.6101137399673462,25000.0
1993-08-24,0.6101137399673462,0.6175541514303626,0.6101137399673462,0.6101137399673462,12400.0
1993-08-25,0.6101137399673462,0.6175541514303626,0.6101137399673462,0.6101137399673462,34000.0
1993-08-26,0.610113636368797,0.6398752771672749,0.610113636368797,0.6249944567680359,116400.0
1993-08-27,0.6324350726173585,0.6324350726173585,0.617554247379303,0.617554247379303,10100.0
1993-08-30,0.6175541514303626,0.6175541514303626,0.6101137399673462,0.6101137399673462,10000.0
1993-08-31,0.617554247379303,0.6249946599983307,0.6101138347602753,0.617554247379303,5000.0
1993-09-01,0.6101137399673462,0.6175541514303626,0.6101137399673462,0.6101137399673462,11300.0
1993-09-02,0.6175541514303626,0.6175541514303626,0.6101137399673462,0.6101137399673462,6300.0
1993-09-03,0.6101138347602753,0.617554247379303,0.6101138347602753,0.617554247379303,7300.0
1993-09-07,0.6101138347602753,0.617554247379303,0.6101138347602753,0.617554247379303,9100.0
1993-09-08,0.617554247379303,0.617554247379303,0.6101138347602753,0.617554247379303,13700.0
1993-09-09,0.6101137399673462,0.6175541514303626,0.6101137399673462,0.6101137399673462,6900.0
1993-09-10,0.6101137399673462,0.6175541514303626,0.6101137399673462,0.6101137399673462,17100.0
1993-09-13,0.6175539309595838,0.6175539309595838,0.6026731133460999,0.6026731133460999,8300.0
1993-09-14,0.6026731133460999,0.6101135221528419,0.6026731133460999,0.6026731133460999,2700.0
1993-09-15,0.6101137399673462,0.6101137399673462,0.6026733285043298,0.6101137399673462,6600.0
1993-09-16,0.6026731133460999,0.6101135221528419,0.6026731133460999,0.6026731133460999,7300.0
1993-09-17,0.6101135221528419,0.6101135221528419,0.6026731133460999,0.6026731133460999,17900.0
1993-09-20,0.6026731342077255,0.6101135432720185,0.5952327251434326,0.5952327251434326,19800.0
1993-09-21,0.5952327045393578,0.6026731133460999,0.5952327045393578,0.6026731133460999,11900.0
1993-09-22,0.6026731342077255,0.6026731342077255,0.5952327251434326,0.5952327251434326,4400.0
1993-09-23,0.5952327251434326,0.5952327251434326,0.5952327251434326,0.5952327251434326,4800.0
1993-09-24,0.5952327251434326,0.6026731342077255,0.5952327251434326,0.5952327251434326,15300.0
1993-09-27,0.6026733285043298,0.6101137399673462,0.6026733285043298,0.6101137399673462,15000.0
1993-09-28,0.6026733285043298,0.6101137399673462,0.6026733285043298,0.6101137399673462,3700.0
1993-09-29,0.6026731133460999,0.6101135221528419,0.6026731133460999,0.6026731133460999,16000.0
1993-09-30,0.6026731133460999,0.6026731133460999,0.6026731133460999,0.6026731133460999,7400.0
1993-10-01,0.6026731133460999,0.6026731133460999,0.5952327045393578,0.6026731133460999,15000.0
1993-10-04,0.5952327045393578,0.6026731133460999,0.5952327045393578,0.6026731133460999,24500.0
1993-10-05,0.5952327251434326,0.6026731342077255,0.5952327251434326,0.5952327251434326,3000.0
1993-10-06,0.6026731133460999,0.6026731133460999,0.6026731133460999,0.6026731133460999,11300.0
1993-10-07,0.5952327251434326,0.6026731342077255,0.5952327251434326,0.5952327251434326,7400.0
1993-10-08,0.5952327251434326,0.6026731342077255,0.5952327251434326,0.5952327251434326,6500.0
1993-10-11,0.6026731133460999,0.6026731133460999,0.5952327045393578,0.6026731133460999,2200.0
1993-10-12,0.6026731342077255,0.6026731342077255,0.5952327251434326,0.5952327251434326,5300.0
1993-10-13,0.5952327251434326,0.6026731342077255,0.5952327251434326,0.5952327251434326,21700.0
1993-10-14,0.6026731342077255,0.6026731342077255,0.5952327251434326,0.5952327251434326,15100.0
1993-10-15,0.6026731133460999,0.6026731133460999,0.5952327045393578,0.6026731133460999,13500.0
1993-10-18,0.5952327045393578,0.6026731133460999,0.5952327045393578,0.6026731133460999,10800.0
1993-10-19,0.6026731133460999,0.6101135221528419,0.6026731133460999,0.6026731133460999,6600.0
1993-10-20,0.6026731133460999,0.6101135221528419,0.6026731133460999,0.6026731133460999,4000.0
1993-10-21,0.6026731133460999,0.6026731133460999,0.5952327045393578,0.6026731133460999,11600.0
1993-10-22,0.6026731133460999,0.6026731133460999,0.5952327045393578,0.6026731133460999,7600.0
1993-10-25,0.6026733285043298,0.6101137399673462,0.6026733285043298,0.6101137399673462,24900.0
1993-10-26,0.6026731133460999,0.6101135221528419,0.6026731133460999,0.6026731133460999,4700.0
1993-10-27,0.6101135221528419,0.6101135221528419,0.6026731133460999,0.6026731133460999,5600.0
1993-10-28,0.6026733285043298,0.6101137399673462,0.6026733285043298,0.6101137399673462,7300.0
1993-10-29,0.6026731133460999,0.6101135221528419,0.6026731133460999,0.6026731133460999,6100.0
1993-11-01,0.6026731133460999,0.6026731133460999,0.6026731133460999,0.6026731133460999,6500.0
1993-11-02,0.6026731133460999,0.6101135221528419,0.6026731133460999,0.6026731133460999,4600.0
1993-11-03,0.6026731133460999,0.6026731133460999,0.6026731133460999,0.6026731133460999,4700.0
1993-11-04,0.6026731133460999,0.6101135221528419,0.6026731133460999,0.6026731133460999,6400.0
1993-11-05,0.6026733285043298,0.6101137399673462,0.6026733285043298,0.6101137399673462,18400.0
1993-11-08,0.6101135221528419,0.6101135221528419,0.6026731133460999,0.6026731133460999,28200.0
1993-11-09,0.6101135221528419,0.6101135221528419,0.6026731133460999,0.6026731133460999,12800.0
1993-11-10,0.6026731133460999,0.6026731133460999,0.6026731133460999,0.6026731133460999,3500.0
1993-11-11,0.6101135221528419,0.6101135221528419,0.6026731133460999,0.6026731133460999,11000.0
1993-11-12,0.6101135221528419,0.6101135221528419,0.6026731133460999,0.6026731133460999,6900.0
1993-11-15,0.6026731133460999,0.6101135221528419,0.6026731133460999,0.6026731133460999,6600.0
1993-11-16,0.6026733285043298,0.6101137399673462,0.6026733285043298,0.6101137399673462,13000.0
1993-11-17,0.6101138347602753,0.617554247379303,0.6101138347602753,0.617554247379303,10600.0
1993-11-18,0.6101135221528419,0.6101135221528419,0.6026731133460999,0.6026731133460999,12200.0
1993-11-19,0.6101137399673462,0.6175541514303626,0.6026733285043298,0.6101137399673462,5500.0
1993-11-22,0.6175541514303626,0.6175541514303626,0.6101137399673462,0.6101137399673462,5400.0
1993-11-23,0.6175541514303626,0.6175541514303626,0.6101137399673462,0.6101137399673462,11700.0
1993-11-24,0.6101137399673462,0.6101137399673462,0.6101137399673462,0.6101137399673462,2000.0
1993-11-26,0.6101138347602753,0.617554247379303,0.6101138347602753,0.617554247379303,3000.0
1993-11-29,0.617554247379303,0.6249946599983307,0.6101138347602753,0.617554247379303,30800.0
1993-11-30,0.6068848796188832,0.6068848796188832,0.5993924736976624,0.5993924736976624,26500.0
1993-12-01,0.5993924736976624,0.5993924736976624,0.5919000677764416,0.5993924736976624,10200.0
1993-12-02,0.5919002890586853,0.5993926977809472,0.5919002890586853,0.5919002890586853,19900.0
1993-12-03,0.5993924736976624,0.5993924736976624,0.5919000677764416,0.5993924736976624,14900.0
1993-12-06,0.5993924736976624,0.5993924736976624,0.5919000677764416,0.5993924736976624,15200.0
1993-12-07,0.5919002890586853,0.5993926977809472,0.5919002890586853,0.5919002890586853,12700.0
1993-12-08,0.599392490622438,0.6068848967552185,0.5919000844896575,0.6068848967552185,24300.0
1993-12-09,0.6068848967552185,0.6068848967552185,0.599392490622438,0.6068848967552185,7700.0
1993-12-10,0.5993924736976624,0.6068848796188832,0.5993924736976624,0.5993924736976624,10600.0
1993-12-13,0.599392490622438,0.6068848967552185,0.599392490622438,0.6068848967552185,10100.0
1993-12-14,0.599392490622438,0.6068848967552185,0.599392490622438,0.6068848967552185,11700.0
1993-12-15,0.599392490622438,0.614377302887999,0.599392490622438,0.6068848967552185,24500.0
1993-12-16,0.6143773198127747,0.6143773198127747,0.6068849134735945,0.6143773198127747,39200.0
1993-12-17,0.6218697261519548,0.629362132491135,0.6143773198127747,0.6143773198127747,15100.0
1993-12-20,0.6143773198127747,0.6218697261519548,0.6068849134735945,0.6143773198127747,10800.0
1993-12-21,0.6068846583366394,0.6293618679046631,0.6068846583366394,0.6293618679046631,174500.0
1993-12-22,0.6218696236610413,0.6218696236610413,0.6143772185566914,0.6218696236610413,30100.0
1993-12-23,0.6218696236610413,0.6293620287653912,0.6218696236610413,0.6218696236610413,24100.0
1993-12-27,0.6143772185566914,0.6218696236610413,0.6143772185566914,0.6218696236610413,15300.0
1993-12-28,0.6218697261519548,0.6218697261519548,0.6143773198127747,0.6143773198127747,26800.0
1993-12-29,0.6143773198127747,0.6218697261519548,0.6143773198127747,0.6143773198127747,8300.0
1993-12-30,0.6218697261519548,0.6218697261519548,0.6143773198127747,0.6143773198127747,8200.0
1993-12-31,0.6143773198127747,0.6143773198127747,0.6143773198127747,0.6143773198127747,4000.0
1994-01-03,0.6218696236610413,0.6218696236610413,0.6143772185566914,0.6218696236610413,20700.0
1994-01-04,0.629362132491135,0.629362132491135,0.6143773198127747,0.6143773198127747,18900.0
1994-01-05,0.6218696236610413,0.6218696236610413,0.6143772185566914,0.6218696236610413,8200.0
1994-01-06,0.6143773198127747,0.6218697261519548,0.6143773198127747,0.6143773198127747,15200.0
1994-01-07,0.6143772185566914,0.6218696236610413,0.6143772185566914,0.6218696236610413,7200.0
1994-01-10,0.614377302887999,0.6218697090207794,0.6068848967552185,0.6068848967552185,8400.0
1994-01-11,0.6068848967552185,0.614377302887999,0.6068848967552185,0.6068848967552185,2900.0
1994-01-12,0.6068848967552185,0.614377302887999,0.6068848967552185,0.6068848967552185,16200.0
1994-01-13,0.6068848967552185,0.614377302887999,0.6068848967552185,0.6068848967552185,8800.0
1994-01-14,0.6068848967552185,0.614377302887999,0.6068848967552185,0.6068848967552185,16700.0
1994-01-17,0.6068848967552185,0.614377302887999,0.6068848967552185,0.6068848967552185,6000.0
1994-01-18,0.6068849134735945,0.6143773198127747,0.6068849134735945,0.6143773198127747,6100.0
1994-01-19,0.6068849134735945,0.6143773198127747,0.6068849134735945,0.6143773198127747,12000.0
1994-01-20,0.614377302887999,0.614377302887999,0.6068848967552185,0.6068848967552185,6000.0
1994-01-21,0.6068849134735945,0.6143773198127747,0.6068849134735945,0.6143773198127747,19800.0
1994-01-24,0.6068848967552185,0.614377302887999,0.6068848967552185,0.6068848967552185,18500.0
1994-01-25,0.614377302887999,0.614377302887999,0.6068848967552185,0.6068848967552185,13900.0
1994-01-26,0.599392490622438,0.614377302887999,0.599392490622438,0.6068848967552185,16000.0
1994-01-27,0.6068848967552185,0.6068848967552185,0.6068848967552185,0.6068848967552185,10500.0
1994-01-28,0.5993924736976624,0.6068848796188832,0.5993924736976624,0.5993924736976624,10500.0
1994-01-31,0.6021018087128063,0.6096280813217163,0.6021018087128063,0.6096280813217163,10700.0
1994-02-01,0.6021022796630859,0.6021022796630859,0.6021022796630859,0.6021022796630859,4100.0
1994-02-02,0.6021022796630859,0.6096285581588745,0.6021022796630859,0.6021022796630859,19900.0
1994-02-03,0.6021022796630859,0.6096285581588745,0.6021022796630859,0.6021022796630859,12100.0
1994-02-04,0.6096285581588745,0.6096285581588745,0.6021022796630859,0.6021022796630859,12100.0
1994-02-07,0.6021022796630859,0.6096285581588745,0.6021022796630859,0.6021022796630859,39800.0
1994-02-08,0.6021022796630859,0.6096285581588745,0.6021022796630859,0.6021022796630859,8300.0
1994-02-09,0.6021018087128063,0.6096280813217163,0.6021018087128063,0.6096280813217163,14700.0
1994-02-10,0.6021022796630859,0.6021022796630859,0.5945760011672974,0.6021022796630859,40600.0
1994-02-11,0.6021022796630859,0.6021022796630859,0.5945760011672974,0.6021022796630859,3500.0
1994-02-14,0.6021022796630859,0.6021022796630859,0.5945760011672974,0.6021022796630859,5800.0
1994-02-15,0.594575822353363,0.6021020985856841,0.594575822353363,0.594575822353363,15200.0
1994-02-16,0.594575822353363,0.6021020985856841,0.594575822353363,0.594575822353363,31400.0
1994-02-17,0.6021020985856841,0.6021020985856841,0.594575822353363,0.594575822353363,7500.0
1994-02-18,0.6021020985856841,0.6021020985856841,0.594575822353363,0.594575822353363,7600.0
1994-02-22,0.594575822353363,0.6021020985856841,0.594575822353363,0.594575822353363,19600.0
1994-02-23,0.5945755785856491,0.5945755785856491,0.5870493054389954,0.5870493054389954,12100.0
1994-02-24,0.594575822353363,0.594575822353363,0.587049546121042,0.594575822353363,9700.0
1994-02-25,0.594575822353363,0.6021020985856841,0.587049546121042,0.594575822353363,5700.0
1994-02-28,0.6021020985856841,0.6021020985856841,0.594575822353363,0.594575822353363,6000.0
1994-03-01,0.6021020985856841,0.6021020985856841,0.594575822353363,0.594575822353363,9600.0
1994-03-02,0.6021020985856841,0.6021020985856841,0.594575822353363,0.594575822353363,17500.0
1994-03-03,0.6021022796630859,0.6021022796630859,0.5945760011672974,0.6021022796630859,5000.0
1994-03-04,0.6021022796630859,0.6021022796630859,0.5945760011672974,0.6021022796630859,12700.0
1994-03-07,0.6021022796630859,0.6021022796630859,0.5945760011672974,0.6021022796630859,4000.0
1994-03-08,0.594575822353363,0.6021020985856841,0.594575822353363,0.594575822353363,24000.0
1994-03-09,0.6021020985856841,0.6021020985856841,0.594575822353363,0.594575822353363,3900.0
1994-03-10,0.594575822353363,0.6021020985856841,0.594575822353363,0.594575822353363,4000.0
1994-03-11,0.6021020985856841,0.6021020985856841,0.594575822353363,0.594575822353363,7600.0
1994-03-14,0.594575822353363,0.6021020985856841,0.594575822353363,0.594575822353363,3800.0
1994-03-15,0.6021020985856841,0.6021020985856841,0.594575822353363,0.594575822353363,17300.0
1994-03-16,0.594575822353363,0.6021020985856841,0.594575822353363,0.594575822353363,12500.0
1994-03-17,0.6021022796630859,0.6021022796630859,0.5945760011672974,0.6021022796630859,19000.0
1994-03-18,0.6021022796630859,0.6021022796630859,0.5945760011672974,0.6021022796630859,9600.0
1994-03-21,0.6021020985856841,0.6021020985856841,0.594575822353363,0.594575822353363,19100.0
1994-03-22,0.594575822353363,0.6021020985856841,0.594575822353363,0.594575822353363,8100.0
1994-03-23,0.6021022796630859,0.6021022796630859,0.5945760011672974,0.6021022796630859,14700.0
1994-03-24,0.594575822353363,0.6021020985856841,0.594575822353363,0.594575822353363,16800.0
1994-03-25,0.6021022796630859,0.6021022796630859,0.5945760011672974,0.6021022796630859,5400.0
1994-03-28,0.6021022796630859,0.6021022796630859,0.5870497226715088,0.6021022796630859,25200.0
1994-03-29,0.5945755785856491,0.5945755785856491,0.5870493054389954,0.5870493054389954,3400.0
1994-03-30,0.5945755785856491,0.5945755785856491,0.5870493054389954,0.5870493054389954,8100.0
1994-03-31,0.5870493054389954,0.5945755785856491,0.5870493054389954,0.5870493054389954,18000.0
1994-04-04,0.5945755785856491,0.5945755785856491,0.5870493054389954,0.5870493054389954,8000.0
1994-04-05,0.5945755785856491,0.5945755785856491,0.5870493054389954,0.5870493054389954,10400.0
1994-04-06,0.5870493054389954,0.5945755785856491,0.5870493054389954,0.5870493054389954,20600.0
1994-04-07,0.594575822353363,0.594575822353363,0.587049546121042,0.594575822353363,33200.0
1994-04-08,0.587049546121042,0.594575822353363,0.587049546121042,0.594575822353363,24400.0
1994-04-11,0.5870493054389954,0.5945755785856491,0.5870493054389954,0.5870493054389954,15600.0
1994-04-12,0.5870493054389954,0.5945755785856491,0.5870493054389954,0.5870493054389954,7600.0
1994-04-13,0.5870493054389954,0.5870493054389954,0.5870493054389954,0.5870493054389954,6100.0
1994-04-14,0.5870493054389954,0.5945755785856491,0.5870493054389954,0.5870493054389954,14400.0
1994-04-15,0.5945755785856491,0.5945755785856491,0.5870493054389954,0.5870493054389954,17400.0
1994-04-18,0.594575822353363,0.594575822353363,0.587049546121042,0.594575822353363,17800.0
1994-04-19,0.587049546121042,0.594575822353363,0.587049546121042,0.594575822353363,9100.0
1994-04-20,0.587049546121042,0.594575822353363,0.587049546121042,0.594575822353363,6500.0
1994-04-21,0.594575822353363,0.594575822353363,0.587049546121042,0.594575822353363,6600.0
1994-04-22,0.5945755785856491,0.5945755785856491,0.5870493054389954,0.5870493054389954,2500.0
1994-04-25,0.5870493054389954,0.5870493054389954,0.5870493054389954,0.5870493054389954,7600.0
1994-04-26,0.5870493054389954,0.5870493054389954,0.5870493054389954,0.5870493054389954,20200.0
1994-04-28,0.5795230322923416,0.5870493054389954,0.5795230322923416,0.5870493054389954,12500.0
1994-04-29,0.5945755730975758,0.5945755730975758,0.5795230269432068,0.5795230269432068,4700.0
1994-05-02,0.5870493054389954,0.5945755785856491,0.5870493054389954,0.5870493054389954,21000.0
1994-05-03,0.5870493054389954,0.5870493054389954,0.5870493054389954,0.5870493054389954,1700.0
1994-05-04,0.5795230269432068,0.5870493000203912,0.5795230269432068,0.5795230269432068,9500.0
1994-05-05,0.594575822353363,0.594575822353363,0.5795232698887209,0.594575822353363,1300.0
1994-05-06,0.5795230322923416,0.5945755785856491,0.5795230322923416,0.5870493054389954,6300.0
1994-05-09,0.5870493000203912,0.5870493000203912,0.5795230269432068,0.5795230269432068,7000.0
1994-05-10,0.5795230269432068,0.5795230269432068,0.5795230269432068,0.5795230269432068,4400.0
1994-05-11,0.5795230322923416,0.5870493054389954,0.5795230322923416,0.5870493054389954,4500.0
1994-05-12,0.5795230269432068,0.5870493000203912,0.5795230269432068,0.5795230269432068,2100.0
1994-05-13,0.5795230322923416,0.5870493054389954,0.5795230322923416,0.5870493054389954,7600.0
1994-05-16,0.5795230322923416,0.5870493054389954,0.5795230322923416,0.5870493054389954,4800.0
1994-05-17,0.5795230322923416,0.5870493054389954,0.5795230322923416,0.5870493054389954,11100.0
1994-05-18,0.5870493054389954,0.5870493054389954,0.5795230322923416,0.5870493054389954,13400.0
1994-05-19,0.5795230322923416,0.5870493054389954,0.5795230322923416,0.5870493054389954,8800.0
1994-05-20,0.5870493000203912,0.5870493000203912,0.5795230269432068,0.5795230269432068,6900.0
1994-05-23,0.5870493000203912,0.5870493000203912,0.5795230269432068,0.5795230269432068,12600.0
1994-05-24,0.5870493000203912,0.5870493000203912,0.5795230269432068,0.5795230269432068,8600.0
1994-05-25,0.5795230322923416,0.5870493054389954,0.5795230322923416,0.5870493054389954,13100.0
1994-05-26,0.5795230269432068,0.5795230269432068,0.5795230269432068,0.5795230269432068,700.0
1994-05-27,0.5795230269432068,0.5870493000203912,0.5795230269432068,0.5795230269432068,7800.0
1994-05-31,0.5795230322923416,0.5870493054389954,0.5795230322923416,0.5870493054389954,14000.0
1994-06-01,0.5870493000203912,0.5870493000203912,0.5795230269432068,0.5795230269432068,4600.0
1994-06-02,0.5795230269432068,0.5870493000203912,0.5795230269432068,0.5795230269432068,8500.0
1994-06-03,0.5795230269432068,0.5870493000203912,0.5795230269432068,0.5795230269432068,9400.0
1994-06-06,0.5795230322923416,0.5870493054389954,0.5795230322923416,0.5870493054389954,11000.0
1994-06-07,0.6246806654063138,0.6246806654063138,0.5795230269432068,0.5795230269432068,17400.0
1994-06-08,0.5795230269432068,0.5870493000203912,0.5795230269432068,0.5795230269432068,20700.0
1994-06-09,0.5795230269432068,0.5870493000203912,0.5795230269432068,0.5795230269432068,5100.0
1994-06-10,0.5870493000203912,0.5870493000203912,0.5795230269432068,0.5795230269432068,12600.0
1994-06-13,0.5795230322923416,0.5870493054389954,0.5795230322923416,0.5870493054389954,14800.0
1994-06-14,0.5795230269432068,0.5795230269432068,0.5795230269432068,0.5795230269432068,15500.0
1994-06-15,0.5795230322923416,0.5870493054389954,0.5795230322923416,0.5870493054389954,17200.0
1994-06-16,0.5795230269432068,0.5870493000203912,0.5795230269432068,0.5795230269432068,7000.0
1994-06-17,0.5870493000203912,0.5870493000203912,0.5795230269432068,0.5795230269432068,35200.0
1994-06-20,0.5870493054389954,0.5870493054389954,0.5795230322923416,0.5870493054389954,9700.0
1994-06-21,0.5870493000203912,0.5870493000203912,0.5795230269432068,0.5795230269432068,21800.0
1994-06-22,0.5795230269432068,0.5870493000203912,0.5795230269432068,0.5795230269432068,8900.0
1994-06-23,0.5795230269432068,0.5795230269432068,0.5719967538660222,0.5795230269432068,21600.0
1994-06-24,0.5795230269432068,0.5795230269432068,0.5719967538660222,0.5795230269432068,37200.0
1994-06-27,0.5719971656799316,0.5795234441757202,0.5719971656799316,0.5719971656799316,20000.0
1994-06-28,0.5795230269432068,0.5795230269432068,0.5719967538660222,0.5795230269432068,5300.0
1994-06-29,0.5719967538660222,0.5795230269432068,0.5719967538660222,0.5795230269432068,3000.0
1994-06-30,0.5795230269432068,0.5795230269432068,0.5719967538660222,0.5795230269432068,17700.0
1994-07-01,0.5719971656799316,0.5795234441757202,0.5719971656799316,0.5719971656799316,7000.0
1994-07-05,0.5719971656799316,0.5795234441757202,0.5719971656799316,0.5719971656799316,25400.0
1994-07-06,0.5719967538660222,0.5795230269432068,0.5719967538660222,0.5795230269432068,10100.0
1994-07-07,0.5719971656799316,0.5795234441757202,0.5719971656799316,0.5719971656799316,1700.0
1994-07-08,0.5719971656799316,0.5719971656799316,0.5719971656799316,0.5719971656799316,1800.0
1994-07-11,0.5719971656799316,0.5719971656799316,0.5719971656799316,0.5719971656799316,9300.0
1994-07-12,0.5795234441757202,0.5795234441757202,0.5719971656799316,0.5719971656799316,1700.0
1994-07-13,0.5795234441757202,0.5795234441757202,0.5719971656799316,0.5719971656799316,1800.0
1994-07-14,0.5719971656799316,0.5795234441757202,0.5719971656799316,0.5719971656799316,6000.0
1994-07-15,0.5719967538660222,0.5795230269432068,0.5719967538660222,0.5795230269432068,3800.0
1994-07-18,0.5719971656799316,0.5795234441757202,0.5719971656799316,0.5719971656799316,2700.0
1994-07-19,0.5719971656799316,0.5795234441757202,0.5719971656799316,0.5719971656799316,9300.0
1994-07-20,0.5719971656799316,0.5719971656799316,0.5719971656799316,0.5719971656799316,6500.0
1994-07-21,0.5719971656799316,0.5719971656799316,0.5719971656799316,0.5719971656799316,14700.0
1994-07-22,0.5719971656799316,0.5795234441757202,0.5719971656799316,0.5719971656799316,5200.0
1994-07-25,0.5795234441757202,0.5795234441757202,0.5719971656799316,0.5719971656799316,15900.0
1994-07-26,0.5719971656799316,0.5719971656799316,0.5719971656799316,0.5719971656799316,8100.0
1994-07-27,0.5719971656799316,0.5795234441757202,0.5719971656799316,0.5719971656799316,4000.0
1994-07-28,0.5795234441757202,0.5795234441757202,0.5719971656799316,0.5719971656799316,10700.0
1994-07-29,0.5719967538660222,0.5795230269432068,0.5719967538660222,0.5795230269432068,4700.0
1994-08-01,0.5719971656799316,0.5795234441757202,0.5719971656799316,0.5719971656799316,8600.0
1994-08-02,0.5719971656799316,0.5719971656799316,0.5644708871841431,0.5719971656799316,36900.0
1994-08-03,0.5719971656799316,0.5795234441757202,0.5719971656799316,0.5719971656799316,10800.0
1994-08-04,0.5795234441757202,0.5795234441757202,0.5719971656799316,0.5719971656799316,10800.0
1994-08-05,0.5719971656799316,0.5719971656799316,0.5644708871841431,0.5719971656799316,10500.0
1994-08-08,0.5719971656799316,0.5719971656799316,0.5719971656799316,0.5719971656799316,16600.0
1994-08-09,0.5719971656799316,0.5795234441757202,0.5719971656799316,0.5719971656799316,8800.0
1994-08-10,0.5719971656799316,0.5795234441757202,0.5719971656799316,0.5719971656799316,16300.0
1994-08-11,0.5719971656799316,0.5719971656799316,0.5719971656799316,0.5719971656799316,10400.0
1994-08-12,0.5719971656799316,0.5719971656799316,0.5644708871841431,0.5719971656799316,22200.0
1994-08-15,0.5644708871841431,0.5719971656799316,0.5644708871841431,0.5719971656799316,65000.0
1994-08-16,0.5644708871841431,0.5719971656799316,0.5644708871841431,0.5719971656799316,7600.0
1994-08-17,0.5719971656799316,0.5719971656799316,0.5644708871841431,0.5719971656799316,4500.0
1994-08-18,0.5719969240824382,0.5719969240824382,0.564470648765564,0.564470648765564,9700.0
1994-08-19,0.5644708871841431,0.5719971656799316,0.5644708871841431,0.5719971656799316,12000.0
1994-08-22,0.5719969240824382,0.5719969240824382,0.564470648765564,0.564470648765564,11300.0
1994-08-23,0.5644708871841431,0.5719971656799316,0.5644708871841431,0.5719971656799316,8300.0
1994-08-24,0.5644708871841431,0.5719971656799316,0.5644708871841431,0.5719971656799316,19100.0
1994-08-25,0.564470648765564,0.564470648765564,0.5569443734486897,0.564470648765564,10900.0
1994-08-26,0.564470648765564,0.564470648765564,0.5569443734486897,0.564470648765564,8600.0
1994-08-29,0.5569446086883545,0.5719971656799316,0.5569446086883545,0.5719971656799316,31200.0
1994-08-30,0.5644708871841431,0.5795234441757202,0.5644708871841431,0.5719971656799316,37700.0
1994-08-31,0.5719971656799316,0.5795234441757202,0.5644708871841431,0.5719971656799316,39800.0
1994-09-01,0.5795234441757202,0.5795234441757202,0.5719971656799316,0.5719971656799316,39200.0
1994-09-02,0.5719967538660222,0.5795230269432068,0.5719967538660222,0.5795230269432068,8200.0
1994-09-06,0.5795234441757202,0.5795234441757202,0.5719971656799316,0.5719971656799316,32800.0
1994-09-07,0.5719967538660222,0.5795230269432068,0.5719967538660222,0.5795230269432068,22600.0
1994-09-08,0.5719967591456878,0.5870493054389954,0.5719967591456878,0.5870493054389954,15000.0
1994-09-09,0.5795230269432068,0.5870493000203912,0.5795230269432068,0.5795230269432068,3400.0
1994-09-12,0.5870497226715088,0.5870497226715088,0.5719971656799316,0.5719971656799316,18800.0
1994-09-13,0.5795234441757202,0.5795234441757202,0.5719971656799316,0.5719971656799316,22500.0
1994-09-14,0.5719967538660222,0.5870493000203912,0.5719967538660222,0.5795230269432068,18900.0
1994-09-15,0.5795230269432068,0.5870493000203912,0.5795230269432068,0.5795230269432068,10100.0
1994-09-16,0.5795230269432068,0.5795230269432068,0.5795230269432068,0.5795230269432068,5900.0
1994-09-19,0.5795230322923416,0.5870493054389954,0.5795230322923416,0.5870493054389954,8000.0
1994-09-20,0.5795230269432068,0.5870493000203912,0.5719967538660222,0.5795230269432068,21100.0
1994-09-21,0.5719971656799316,0.5719971656799316,0.5719971656799316,0.5719971656799316,6200.0
1994-09-22,0.5795230269432068,0.5795230269432068,0.5719967538660222,0.5795230269432068,16400.0
1994-09-23,0.5719967538660222,0.5795230269432068,0.5719967538660222,0.5795230269432068,19400.0
1994-09-26,0.5719967538660222,0.5870493000203912,0.5719967538660222,0.5795230269432068,11300.0
1994-09-27,0.5795234441757202,0.5795234441757202,0.5719971656799316,0.5719971656799316,5900.0
1994-09-28,0.5719971656799316,0.5795234441757202,0.5719971656799316,0.5719971656799316,9900.0
1994-09-29,0.5719971656799316,0.5719971656799316,0.5719971656799316,0.5719971656799316,10400.0
1994-09-30,0.5719967538660222,0.5795230269432068,0.5719967538660222,0.5795230269432068,1800.0
1994-10-03,0.5795234441757202,0.5795234441757202,0.5719971656799316,0.5719971656799316,16800.0
1994-10-04,0.5719967538660222,0.5795230269432068,0.5719967538660222,0.5795230269432068,22300.0
1994-10-05,0.5719971656799316,0.5795234441757202,0.5719971656799316,0.5719971656799316,14400.0
1994-10-06,0.5795230269432068,0.5795230269432068,0.5719967538660222,0.5795230269432068,15800.0
1994-10-07,0.5870493000203912,0.5870493000203912,0.5795230269432068,0.5795230269432068,9200.0
1994-10-10,0.5870493000203912,0.5870493000203912,0.5795230269432068,0.5795230269432068,21000.0
1994-10-11,0.5795230269432068,0.5795230269432068,0.5795230269432068,0.5795230269432068,24600.0
1994-10-12,0.5795234441757202,0.5795234441757202,0.5719971656799316,0.5719971656799316,16300.0
1994-10-13,0.5719971656799316,0.5795234441757202,0.5719971656799316,0.5719971656799316,29600.0
1994-10-14,0.5719971656799316,0.5795234441757202,0.5719971656799316,0.5719971656799316,9900.0
1994-10-17,0.5719967538660222,0.5795230269432068,0.5719967538660222,0.5795230269432068,9700.0
1994-10-18,0.5719971656799316,0.5719971656799316,0.5719971656799316,0.5719971656799316,7600.0
1994-10-19,0.5719971656799316,0.5719971656799316,0.5719971656799316,0.5719971656799316,7300.0
1994-10-20,0.5719971656799316,0.5719971656799316,0.5719971656799316,0.5719971656799316,6600.0
1994-10-21,0.5795234441757202,0.5795234441757202,0.5719971656799316,0.5719971656799316,25600.0
1994-10-24,0.5795234441757202,0.5795234441757202,0.5719971656799316,0.5719971656799316,29200.0
1994-10-25,0.5719967538660222,0.5795230269432068,0.5719967538660222,0.5795230269432068,12100.0
1994-10-26,0.5719971656799316,0.5795234441757202,0.5719971656799316,0.5719971656799316,20100.0
1994-10-27,0.5795230269432068,0.5870493000203912,0.5719967538660222,0.5795230269432068,3700.0
1994-10-28,0.5795230269432068,0.5870493000203912,0.5719967538660222,0.5795230269432068,12700.0
1994-10-31,0.5719971656799316,0.5795234441757202,0.5719971656799316,0.5719971656799316,5400.0
1994-11-01,0.5795234441757202,0.5795234441757202,0.5719971656799316,0.5719971656799316,5800.0
1994-11-02,0.5795234441757202,0.5795234441757202,0.5719971656799316,0.5719971656799316,6300.0
1994-11-03,0.5719967538660222,0.5795230269432068,0.5719967538660222,0.5795230269432068,2200.0
1994-11-04,0.5795234441757202,0.5795234441757202,0.5719971656799316,0.5719971656799316,5900.0
1994-11-07,0.5719971656799316,0.5719971656799316,0.5719971656799316,0.5719971656799316,6700.0
1994-11-08,0.5795234441757202,0.5795234441757202,0.5719971656799316,0.5719971656799316,7800.0
1994-11-09,0.5719971656799316,0.5795234441757202,0.5719971656799316,0.5719971656799316,3300.0
1994-11-10,0.5719971656799316,0.5719971656799316,0.5719971656799316,0.5719971656799316,10000.0
1994-11-11,0.5719967538660222,0.5795230269432068,0.5719967538660222,0.5795230269432068,28700.0
1994-11-14,0.5719971656799316,0.5795234441757202,0.5719971656799316,0.5719971656799316,9100.0
1994-11-15,0.5795230269432068,0.5795230269432068,0.5719967538660222,0.5795230269432068,17100.0
1994-11-16,0.5719971656799316,0.5795234441757202,0.5719971656799316,0.5719971656799316,6000.0
1994-11-17,0.5719967538660222,0.5795230269432068,0.5719967538660222,0.5795230269432068,9200.0
1994-11-18,0.5795230269432068,0.5795230269432068,0.5719967538660222,0.5795230269432068,33000.0
1994-11-21,0.5795234441757202,0.5795234441757202,0.5719971656799316,0.5719971656799316,12600.0
1994-11-22,0.5795234441757202,0.5795234441757202,0.5719971656799316,0.5719971656799316,15000.0
1994-11-23,0.5719971656799316,0.5795234441757202,0.5719971656799316,0.5719971656799316,10700.0
1994-11-25,0.5719967538660222,0.5795230269432068,0.5719967538660222,0.5795230269432068,3500.0
1994-11-28,0.5719967538660222,0.5795230269432068,0.5719967538660222,0.5795230269432068,11300.0
1994-11-29,0.5795234441757202,0.5795234441757202,0.5719971656799316,0.5719971656799316,8900.0
1994-11-30,0.5795234441757202,0.5795234441757202,0.5719971656799316,0.5719971656799316,11500.0
1994-12-01,0.5795230269432068,0.5795230269432068,0.5719967538660222,0.5795230269432068,9100.0
1994-12-02,0.5719971656799316,0.5795234441757202,0.5719971656799316,0.5719971656799316,9700.0
1994-12-05,0.5719971656799316,0.5719971656799316,0.5719971656799316,0.5719971656799316,13700.0
1994-12-06,0.5719971656799316,0.5719971656799316,0.5644708871841431,0.5719971656799316,14500.0
1994-12-07,0.5719971656799316,0.5795234441757202,0.5719971656799316,0.5719971656799316,6500.0
1994-12-08,0.5719971656799316,0.5719971656799316,0.5644708871841431,0.5719971656799316,20100.0
1994-12-09,0.5719969240824382,0.5719969240824382,0.564470648765564,0.564470648765564,6800.0
1994-12-12,0.564470648765564,0.5719969240824382,0.564470648765564,0.564470648765564,7400.0
1994-12-13,0.5644707009196281,0.5644707009196281,0.541891872882843,0.541891872882843,50300.0
1994-12-14,0.5418919341204917,0.556944487846061,0.5418919341204917,0.5494182109832764,16300.0
1994-12-15,0.5569444298744202,0.5569444298744202,0.5494181537950361,0.5569444298744202,36500.0
1994-12-16,0.5569444298744202,0.5569444298744202,0.5494181537950361,0.5569444298744202,9700.0
1994-12-19,0.5494182109832764,0.556944487846061,0.5494182109832764,0.5494182109832764,16500.0
1994-12-20,0.5494181537950361,0.5569444298744202,0.5418918777156521,0.5569444298744202,21600.0
1994-12-21,0.5494182109832764,0.556944487846061,0.5494182109832764,0.5494182109832764,29500.0
1994-12-22,0.5494181537950361,0.5644707059538042,0.5494181537950361,0.5569444298744202,58700.0
1994-12-23,0.5148479212885317,0.5375618001689082,0.5148479212885317,0.5224192142486572,21800.0
1994-12-27,0.5148480685789194,0.5224193637050799,0.5072767734527588,0.5072767734527588,70900.0
1994-12-28,0.49970547832659823,0.5148480685789194,0.49970547832659823,0.5072767734527588,38300.0
1994-12-29,0.5072767734527588,0.5148480685789194,0.5072767734527588,0.5072767734527588,17200.0
1994-12-30,0.5072769347359153,0.5148482322692871,0.4997056372025434,0.5148482322692871,37900.0
1995-01-03,0.5072767734527588,0.5148480685789194,0.5072767734527588,0.5072767734527588,22000.0
1995-01-04,0.5072767734527588,0.5148480685789194,0.5072767734527588,0.5072767734527588,9300.0
1995-01-05,0.5148482322692871,0.5148482322692871,0.5072769347359153,0.5148482322692871,39500.0
1995-01-06,0.5148482322692871,0.522419529802659,0.5072769347359153,0.5148482322692871,20800.0
1995-01-09,0.5224194952419826,0.5299907922744751,0.5148481982094901,0.5299907922744751,19600.0
1995-01-10,0.5224194952419826,0.5299907922744751,0.5224194952419826,0.5299907922744751,19400.0
1995-01-11,0.5299905072087827,0.5299905072087827,0.5224192142486572,0.5224192142486572,25900.0
1995-01-12,0.5299905072087827,0.5299905072087827,0.5224192142486572,0.5224192142486572,22200.0
1995-01-13,0.5299909517798626,0.5375622510910034,0.5299909517798626,0.5375622510910034,38400.0
1995-01-16,0.5375620893069676,0.5375620893069676,0.5299907922744751,0.5299907922744751,22500.0
1995-01-17,0.5375619381666183,0.5451332330703735,0.5375619381666183,0.5451332330703735,97500.0
1995-01-18,0.5375622510910034,0.5451335504021443,0.5375622510910034,0.5375622510910034,54200.0
1995-01-19,0.5375619381666183,0.5451332330703735,0.5375619381666183,0.5451332330703735,21900.0
1995-01-20,0.5375622510910034,0.5375622510910034,0.5299909517798626,0.5375622510910034,38300.0
1995-01-23,0.5299907922744751,0.5375620893069676,0.5299907922744751,0.5299907922744751,20000.0
1995-01-24,0.5375620893069676,0.5375620893069676,0.5299907922744751,0.5299907922744751,16600.0
1995-01-25,0.5299907922744751,0.5375620893069676,0.5299907922744751,0.5299907922744751,25700.0
1995-01-26,0.5299907922744751,0.5375620893069676,0.5299907922744751,0.5299907922744751,15200.0
1995-01-27,0.5375620893069676,0.5375620893069676,0.5299907922744751,0.5299907922744751,36600.0
1995-01-30,0.5224192142486572,0.5299905072087827,0.5224192142486572,0.5224192142486572,7600.0
1995-01-31,0.522419529802659,0.5299908273360309,0.5148482322692871,0.5148482322692871,12900.0
1995-02-01,0.5148482322692871,0.522419529802659,0.5148482322692871,0.5148482322692871,7000.0
1995-02-02,0.5148482322692871,0.522419529802659,0.5148482322692871,0.5148482322692871,5100.0
1995-02-03,0.5148482322692871,0.522419529802659,0.5148482322692871,0.5148482322692871,15000.0
1995-02-06,0.5072769347359153,0.522419529802659,0.5072769347359153,0.5148482322692871,47500.0
1995-02-07,0.5224192142486572,0.5224192142486572,0.5148479212885317,0.5224192142486572,9300.0
1995-02-08,0.5148482322692871,0.522419529802659,0.5148482322692871,0.5148482322692871,10600.0
1995-02-09,0.5148482322692871,0.522419529802659,0.5148482322692871,0.5148482322692871,17100.0
1995-02-10,0.5148479212885317,0.5224192142486572,0.5148479212885317,0.5224192142486572,33600.0
1995-02-13,0.5224192142486572,0.5224192142486572,0.5224192142486572,0.5224192142486572,22900.0
1995-02-14,0.522419529802659,0.522419529802659,0.5148482322692871,0.5148482322692871,30500.0
1995-02-15,0.5224192142486572,0.5224192142486572,0.5148479212885317,0.5224192142486572,31700.0
1995-02-16,0.522419529802659,0.522419529802659,0.5148482322692871,0.5148482322692871,23500.0
1995-02-17,0.5148482322692871,0.522419529802659,0.5072769347359153,0.5148482322692871,40100.0
1995-02-21,0.5148482322692871,0.522419529802659,0.5148482322692871,0.5148482322692871,22200.0
1995-02-22,0.5148482322692871,0.522419529802659,0.5148482322692871,0.5148482322692871,32600.0
1995-02-23,0.5072769347359153,0.5148482322692871,0.5072769347359153,0.5148482322692871,40900.0
1995-02-24,0.5072769347359153,0.522419529802659,0.5072769347359153,0.5148482322692871,13200.0
1995-02-27,0.5148482322692871,0.522419529802659,0.5072769347359153,0.5148482322692871,55200.0
1995-02-28,0.5148482322692871,0.522419529802659,0.5148482322692871,0.5148482322692871,29500.0
1995-03-01,0.5224192142486572,0.5224192142486572,0.5148479212885317,0.5224192142486572,45300.0
1995-03-02,0.522419529802659,0.5299908273360309,0.5148482322692871,0.5148482322692871,29000.0
1995-03-03,0.5148482322692871,0.5148482322692871,0.5148482322692871,0.5148482322692871,13200.0
1995-03-06,0.5148482322692871,0.522419529802659,0.5148482322692871,0.5148482322692871,10200.0
1995-03-07,0.5148482322692871,0.5148482322692871,0.5072769347359153,0.5148482322692871,35600.0
1995-03-08,0.5072769347359153,0.5148482322692871,0.5072769347359153,0.5148482322692871,25900.0
1995-03-09,0.5072767734527588,0.5148480685789194,0.5072767734527588,0.5072767734527588,22100.0
1995-03-10,0.5072767734527588,0.5224193637050799,0.5072767734527588,0.5072767734527588,32700.0
1995-03-13,0.5072766283284063,0.5224192142486572,0.5072766283284063,0.5224192142486572,29800.0
1995-03-14,0.5148479212885317,0.5224192142486572,0.5148479212885317,0.5224192142486572,18200.0
1995-03-15,0.522419529802659,0.522419529802659,0.5148482322692871,0.5148482322692871,18800.0
1995-03-16,0.5148482322692871,0.522419529802659,0.5148482322692871,0.5148482322692871,14500.0
1995-03-17,0.5148479212885317,0.5224192142486572,0.5148479212885317,0.5224192142486572,38700.0
1995-03-20,0.522419529802659,0.522419529802659,0.5148482322692871,0.5148482322692871,28300.0
1995-03-21,0.5148482322692871,0.522419529802659,0.5148482322692871,0.5148482322692871,43100.0
1995-03-22,0.5148479212885317,0.5224192142486572,0.5148479212885317,0.5224192142486572,11900.0
1995-03-23,0.5224192142486572,0.5224192142486572,0.5148479212885317,0.5224192142486572,20600.0
1995-03-24,0.5148482322692871,0.522419529802659,0.5148482322692871,0.5148482322692871,23300.0
1995-03-27,0.522419529802659,0.522419529802659,0.5148482322692871,0.5148482322692871,28300.0
1995-03-28,0.5148479212885317,0.5299905072087827,0.5148479212885317,0.5224192142486572,38000.0
1995-03-29,0.5224192142486572,0.5299905072087827,0.5224192142486572,0.5224192142486572,26000.0
1995-03-30,0.5299907922744751,0.5299907922744751,0.5224194952419826,0.5299907922744751,16700.0
1995-03-31,0.5224192142486572,0.5224192142486572,0.5148479212885317,0.5224192142486572,24100.0
1995-04-03,0.5148479212885317,0.5299905072087827,0.5148479212885317,0.5224192142486572,26100.0
1995-04-04,0.5148481982094901,0.5375620893069676,0.5148481982094901,0.5299907922744751,41800.0
1995-04-05,0.5299905072087827,0.5299905072087827,0.5224192142486572,0.5224192142486572,25300.0
1995-04-06,0.5224194952419826,0.5299907922744751,0.5224194952419826,0.5299907922744751,8900.0
1995-04-07,0.5299907922744751,0.5299907922744751,0.5224194952419826,0.5299907922744751,32600.0
1995-04-10,0.5224196524687217,0.5375622510910034,0.5224196524687217,0.5375622510910034,39300.0
1995-04-11,0.5375620893069676,0.5375620893069676,0.5299907922744751,0.5299907922744751,19600.0
1995-04-12,0.5375618001689082,0.5375618001689082,0.5224192142486572,0.5224192142486572,18000.0
1995-04-13,0.5224196524687217,0.5375622510910034,0.5224196524687217,0.5375622510910034,9700.0
1995-04-17,0.5299909517798626,0.5375622510910034,0.5299909517798626,0.5375622510910034,15000.0
1995-04-18,0.5375620893069676,0.5375620893069676,0.5224194952419826,0.5299907922744751,21900.0
1995-04-19,0.5299907922744751,0.5375620893069676,0.5299907922744751,0.5299907922744751,19700.0
1995-04-20,0.5299907922744751,0.5299907922744751,0.5224194952419826,0.5299907922744751,24500.0
1995-04-21,0.5224192142486572,0.5299905072087827,0.5224192142486572,0.5224192142486572,38100.0
1995-04-24,0.5299905072087827,0.5375618001689082,0.5224192142486572,0.5224192142486572,13400.0
1995-04-25,0.5299907922744751,0.5375620893069676,0.5224194952419826,0.5299907922744751,26800.0
1995-04-26,0.5299909517798626,0.5375622510910034,0.5299909517798626,0.5375622510910034,25900.0
1995-04-27,0.5299906432628632,0.5451332330703735,0.5299906432628632,0.5451332330703735,22200.0
1995-04-28,0.5451335504021443,0.5451335504021443,0.5375622510910034,0.5375622510910034,31100.0
1995-05-01,0.5451335504021443,0.5451335504021443,0.5375622510910034,0.5375622510910034,17200.0
1995-05-02,0.5375622510910034,0.5375622510910034,0.5299909517798626,0.5375622510910034,32600.0
1995-05-03,0.5375619381666183,0.5451332330703735,0.5375619381666183,0.5451332330703735,8700.0
1995-05-04,0.5375619381666183,0.5451332330703735,0.5375619381666183,0.5451332330703735,6100.0
1995-05-05,0.5375622510910034,0.5375622510910034,0.5375622510910034,0.5375622510910034,23500.0
1995-05-08,0.5375622510910034,0.5451335504021443,0.5375622510910034,0.5375622510910034,10900.0
1995-05-09,0.5375622510910034,0.5451335504021443,0.5375622510910034,0.5375622510910034,15700.0
1995-05-10,0.5375622510910034,0.5451335504021443,0.5375622510910034,0.5375622510910034,20900.0
1995-05-11,0.5375622510910034,0.5451335504021443,0.5375622510910034,0.5375622510910034,15100.0
1995-05-12,0.5375622510910034,0.5375622510910034,0.5375622510910034,0.5375622510910034,5100.0
1995-05-15,0.5451335504021443,0.5451335504021443,0.5375622510910034,0.5375622510910034,11400.0
1995-05-16,0.5375622510910034,0.5451335504021443,0.5375622510910034,0.5375622510910034,25900.0
1995-05-17,0.5451335504021443,0.5451335504021443,0.5375622510910034,0.5375622510910034,27800.0
1995-05-18,0.5451335504021443,0.5451335504021443,0.5375622510910034,0.5375622510910034,30100.0
1995-05-19,0.5451335504021443,0.5451335504021443,0.5375622510910034,0.5375622510910034,26800.0
1995-05-22,0.5375619381666183,0.5451332330703735,0.5375619381666183,0.5451332330703735,12500.0
1995-05-23,0.5375619381666183,0.5451332330703735,0.5375619381666183,0.5451332330703735,42400.0
1995-05-24,0.5451335504021443,0.5451335504021443,0.5375622510910034,0.5375622510910034,21500.0
1995-05-25,0.5375622510910034,0.5375622510910034,0.5375622510910034,0.5375622510910034,14000.0
1995-05-26,0.5375622510910034,0.5451335504021443,0.5375622510910034,0.5375622510910034,4500.0
1995-05-30,0.5375622510910034,0.5451335504021443,0.5375622510910034,0.5375622510910034,6600.0
1995-05-31,0.5375619381666183,0.5451332330703735,0.5375619381666183,0.5451332330703735,21700.0
1995-06-01,0.5375622510910034,0.5451335504021443,0.5375622510910034,0.5375622510910034,22100.0
1995-06-02,0.5451335504021443,0.5451335504021443,0.5375622510910034,0.5375622510910034,34300.0
1995-06-05,0.5451332330703735,0.5451332330703735,0.5375619381666183,0.5451332330703735,18600.0
1995-06-06,0.548485083122776,0.5561029314994812,0.5408672347460708,0.5561029314994812,31000.0
1995-06-07,0.5484850406646729,0.5561028884516822,0.5408671928776635,0.5484850406646729,36400.0
1995-06-08,0.5484850406646729,0.5484850406646729,0.5484850406646729,0.5484850406646729,8900.0
1995-06-09,0.5484850406646729,0.5484850406646729,0.5408671928776635,0.5484850406646729,32600.0
1995-06-12,0.5561030321830028,0.5637208819389343,0.5484851824270712,0.5637208819389343,124000.0
1995-06-13,0.5637207798761864,0.5637207798761864,0.5561029314994812,0.5561029314994812,67200.0
1995-06-14,0.5637208819389343,0.5637208819389343,0.5561030321830028,0.5637208819389343,38400.0
1995-06-15,0.5637208819389343,0.5637208819389343,0.5484851824270712,0.5637208819389343,67400.0
1995-06-16,0.5637208819389343,0.5637208819389343,0.5561030321830028,0.5637208819389343,8800.0
1995-06-19,0.5561029314994812,0.5637207798761864,0.5561029314994812,0.5561029314994812,51100.0
1995-06-20,0.5637208819389343,0.5637208819389343,0.5561030321830028,0.5637208819389343,25300.0
1995-06-21,0.5561030321830028,0.5637208819389343,0.5561030321830028,0.5637208819389343,38500.0
1995-06-22,0.5561030321830028,0.5637208819389343,0.5561030321830028,0.5637208819389343,11300.0
1995-06-23,0.5637208819389343,0.5637208819389343,0.5561030321830028,0.5637208819389343,7500.0
1995-06-26,0.5637207798761864,0.5637207798761864,0.5561029314994812,0.5561029314994812,29000.0
1995-06-27,0.5561028884516822,0.5637207362386916,0.5484850406646729,0.5484850406646729,69300.0
1995-06-28,0.5484850406646729,0.5561028884516822,0.5484850406646729,0.5484850406646729,18700.0
1995-06-29,0.5484854805637414,0.55610333446046,0.5408676266670227,0.5408676266670227,33300.0
1995-06-30,0.5408671928776635,0.5484850406646729,0.5408671928776635,0.5484850406646729,9700.0
1995-07-03,0.5408676266670227,0.5484854805637414,0.5408676266670227,0.5408676266670227,19200.0
1995-07-05,0.548485083122776,0.5561029314994812,0.548485083122776,0.5561029314994812,9400.0
1995-07-06,0.5561028884516822,0.5561028884516822,0.5408671928776635,0.5484850406646729,18100.0
1995-07-07,0.5561028884516822,0.5561028884516822,0.5484850406646729,0.5484850406646729,24400.0
1995-07-10,0.548485083122776,0.5561029314994812,0.548485083122776,0.5561029314994812,26900.0
1995-07-11,0.5484850406646729,0.5561028884516822,0.5484850406646729,0.5484850406646729,23300.0
1995-07-12,0.548485083122776,0.5561029314994812,0.548485083122776,0.5561029314994812,17600.0
1995-07-13,0.5484850406646729,0.5561028884516822,0.5484850406646729,0.5484850406646729,19600.0
1995-07-14,0.5484850406646729,0.5637207362386916,0.5484850406646729,0.5484850406646729,25300.0
1995-07-17,0.5561029314994812,0.5637207798761864,0.548485083122776,0.5561029314994812,35100.0
1995-07-18,0.5561028884516822,0.5561028884516822,0.5484850406646729,0.5484850406646729,10700.0
1995-07-19,0.548485083122776,0.5561029314994812,0.548485083122776,0.5561029314994812,76200.0
1995-07-20,0.5561028884516822,0.5561028884516822,0.5408671928776635,0.5484850406646729,12100.0
1995-07-21,0.5484850406646729,0.5561028884516822,0.5484850406646729,0.5484850406646729,17400.0
1995-07-24,0.548485083122776,0.5561029314994812,0.548485083122776,0.5561029314994812,23500.0
1995-07-25,0.5561028884516822,0.5561028884516822,0.5484850406646729,0.5484850406646729,21400.0
1995-07-26,0.5561028884516822,0.5561028884516822,0.5484850406646729,0.5484850406646729,13900.0
1995-07-27,0.5561028884516822,0.5561028884516822,0.5484850406646729,0.5484850406646729,5000.0
1995-07-28,0.548485083122776,0.5561029314994812,0.5408672347460708,0.5561029314994812,36600.0
1995-07-31,0.5561028884516822,0.5561028884516822,0.5484850406646729,0.5484850406646729,5800.0
1995-08-01,0.5561029314994812,0.5561029314994812,0.548485083122776,0.5561029314994812,16500.0
1995-08-02,0.5561028884516822,0.5561028884516822,0.5484850406646729,0.5484850406646729,8400.0
1995-08-03,0.5484850406646729,0.5561028884516822,0.5484850406646729,0.5484850406646729,34700.0
1995-08-04,0.5484850406646729,0.5561028884516822,0.5484850406646729,0.5484850406646729,18600.0
1995-08-07,0.548485083122776,0.5561029314994812,0.548485083122776,0.5561029314994812,11100.0
1995-08-08,0.548485083122776,0.5561029314994812,0.548485083122776,0.5561029314994812,6900.0
1995-08-09,0.5484850406646729,0.5561028884516822,0.5484850406646729,0.5484850406646729,26700.0
1995-08-10,0.5484850406646729,0.5484850406646729,0.5484850406646729,0.5484850406646729,5300.0
1995-08-11,0.5561028884516822,0.5561028884516822,0.5484850406646729,0.5484850406646729,22200.0
1995-08-14,0.548485083122776,0.5561029314994812,0.548485083122776,0.5561029314994812,19400.0
1995-08-15,0.5484850406646729,0.5561028884516822,0.5484850406646729,0.5484850406646729,16400.0
1995-08-16,0.5484850406646729,0.5561028884516822,0.5484850406646729,0.5484850406646729,6300.0
1995-08-17,0.5484850406646729,0.5561028884516822,0.5484850406646729,0.5484850406646729,18200.0
1995-08-18,0.5484850406646729,0.5561028884516822,0.5484850406646729,0.5484850406646729,46800.0
1995-08-21,0.548485083122776,0.5637207798761864,0.548485083122776,0.5561029314994812,67700.0
1995-08-22,0.5637208819389343,0.5637208819389343,0.5484851824270712,0.5637208819389343,26000.0
1995-08-23,0.5561030321830028,0.5637208819389343,0.5561030321830028,0.5637208819389343,12700.0
1995-08-24,0.5561029314994812,0.5561029314994812,0.5561029314994812,0.5561029314994812,10300.0
1995-08-25,0.5561029314994812,0.5561029314994812,0.548485083122776,0.5561029314994812,10500.0
1995-08-28,0.5561029314994812,0.5561029314994812,0.5561029314994812,0.5561029314994812,16200.0
1995-08-29,0.5561030321830028,0.5637208819389343,0.5484851824270712,0.5637208819389343,56400.0
1995-08-30,0.5561028884516822,0.5637207362386916,0.5484850406646729,0.5484850406646729,44400.0
1995-08-31,0.5561029314994812,0.5637207798761864,0.5561029314994812,0.5561029314994812,14100.0
1995-09-01,0.5561029314994812,0.5637207798761864,0.5561029314994812,0.5561029314994812,9700.0
1995-09-05,0.5637207798761864,0.5637207798761864,0.5561029314994812,0.5561029314994812,9300.0
1995-09-06,0.5637207798761864,0.5637207798761864,0.5561029314994812,0.5561029314994812,23000.0
1995-09-07,0.5637208819389343,0.5713387316948659,0.5561030321830028,0.5637208819389343,83500.0
1995-09-08,0.5561030321830028,0.5713387316948659,0.5561030321830028,0.5637208819389343,21800.0
1995-09-11,0.5713385343551636,0.578956381479899,0.563720687230428,0.5713385343551636,36700.0
1995-09-12,0.5713385343551636,0.5713385343551636,0.5713385343551636,0.5713385343551636,8000.0
1995-09-13,0.578956381479899,0.578956381479899,0.5713385343551636,0.5713385343551636,17700.0
1995-09-14,0.5713387316948659,0.5713387316948659,0.5637208819389343,0.5637208819389343,55000.0
1995-09-15,0.5713388127715965,0.578956663608551,0.5637209619346418,0.578956663608551,20600.0
1995-09-18,0.5713388127715965,0.578956663608551,0.5713388127715965,0.578956663608551,13800.0
1995-09-19,0.5713385343551636,0.578956381479899,0.5713385343551636,0.5713385343551636,14400.0
1995-09-20,0.578956381479899,0.578956381479899,0.5713385343551636,0.5713385343551636,34500.0
1995-09-21,0.578956381479899,0.578956381479899,0.563720687230428,0.5713385343551636,9300.0
1995-09-22,0.563720687230428,0.5713385343551636,0.563720687230428,0.5713385343551636,26500.0
1995-09-25,0.563720687230428,0.5713385343551636,0.563720687230428,0.5713385343551636,9500.0
1995-09-26,0.5713385343551636,0.5713385343551636,0.563720687230428,0.5713385343551636,7800.0
1995-09-27,0.5637208819389343,0.5713387316948659,0.5637208819389343,0.5637208819389343,15400.0
1995-09-28,0.5713387316948659,0.5713387316948659,0.5637208819389343,0.5637208819389343,5900.0
1995-09-29,0.5637208819389343,0.5713387316948659,0.5637208819389343,0.5637208819389343,24800.0
1995-10-02,0.5713387316948659,0.5713387316948659,0.5637208819389343,0.5637208819389343,38100.0
1995-10-03,0.5637208819389343,0.5637208819389343,0.5637208819389343,0.5637208819389343,1100.0
1995-10-04,0.5637208819389343,0.5713387316948659,0.5637208819389343,0.5637208819389343,19700.0
1995-10-05,0.5637208819389343,0.5713387316948659,0.5561030321830028,0.5637208819389343,6600.0
1995-10-06,0.563720687230428,0.5713385343551636,0.5561028401056926,0.5713385343551636,22700.0
1995-10-09,0.5713385343551636,0.5713385343551636,0.563720687230428,0.5713385343551636,10300.0
1995-10-10,0.5637208819389343,0.5637208819389343,0.5637208819389343,0.5637208819389343,26900.0
1995-10-11,0.5637208819389343,0.5637208819389343,0.5561030321830028,0.5637208819389343,8200.0
1995-10-12,0.5561030321830028,0.5637208819389343,0.5561030321830028,0.5637208819389343,13100.0
1995-10-13,0.5561030321830028,0.5637208819389343,0.5561030321830028,0.5637208819389343,5700.0
1995-10-16,0.563720687230428,0.5713385343551636,0.563720687230428,0.5713385343551636,26400.0
1995-10-17,0.5637208819389343,0.5713387316948659,0.5637208819389343,0.5637208819389343,4700.0
1995-10-18,0.5713387316948659,0.5713387316948659,0.5637208819389343,0.5637208819389343,5500.0
1995-10-19,0.5637208819389343,0.5713387316948659,0.5637208819389343,0.5637208819389343,9300.0
1995-10-20,0.5637208819389343,0.5637208819389343,0.5637208819389343,0.5637208819389343,9500.0
1995-10-23,0.5637208819389343,0.5713387316948659,0.5637208819389343,0.5637208819389343,15100.0
1995-10-24,0.563720687230428,0.5713385343551636,0.563720687230428,0.5713385343551636,15100.0
1995-10-25,0.5637208819389343,0.5713387316948659,0.5637208819389343,0.5637208819389343,7300.0
1995-10-26,0.5713385343551636,0.5713385343551636,0.563720687230428,0.5713385343551636,16700.0
1995-10-27,0.5637208819389343,0.5637208819389343,0.5637208819389343,0.5637208819389343,4900.0
1995-10-30,0.5637208819389343,0.5713387316948659,0.5637208819389343,0.5637208819389343,9900.0
1995-10-31,0.5637208819389343,0.5713387316948659,0.5637208819389343,0.5637208819389343,11700.0
1995-11-01,0.563720687230428,0.5713385343551636,0.563720687230428,0.5713385343551636,35900.0
1995-11-02,0.5713387316948659,0.5713387316948659,0.5637208819389343,0.5637208819389343,13100.0
1995-11-03,0.563720687230428,0.5713385343551636,0.563720687230428,0.5713385343551636,12600.0
1995-11-06,0.563720687230428,0.5713385343551636,0.563720687230428,0.5713385343551636,13300.0
1995-11-07,0.5637208819389343,0.5713387316948659,0.5637208819389343,0.5637208819389343,19900.0
1995-11-08,0.5713388127715965,0.578956663608551,0.5637209619346418,0.578956663608551,39000.0
1995-11-09,0.5713388127715965,0.578956663608551,0.5713388127715965,0.578956663608551,14900.0
1995-11-10,0.5713385343551636,0.578956381479899,0.5713385343551636,0.5713385343551636,65900.0
1995-11-13,0.578956663608551,0.578956663608551,0.5713388127715965,0.578956663608551,13900.0
1995-11-14,0.578956381479899,0.578956381479899,0.5713385343551636,0.5713385343551636,10400.0
1995-11-15,0.5713385343551636,0.578956381479899,0.5713385343551636,0.5713385343551636,24600.0
1995-11-16,0.5713388127715965,0.578956663608551,0.5713388127715965,0.578956663608551,13400.0
1995-11-17,0.5713385343551636,0.578956381479899,0.5713385343551636,0.5713385343551636,5100.0
1995-11-20,0.5713388127715965,0.578956663608551,0.5713388127715965,0.578956663608551,6200.0
1995-11-21,0.5789561736119258,0.5865740180015564,0.5713383292222952,0.5865740180015564,36400.0
1995-11-22,0.5865740180015564,0.5865740180015564,0.5789561736119258,0.5865740180015564,26000.0
1995-11-24,0.5789561736119258,0.5865740180015564,0.5789561736119258,0.5865740180015564,2900.0
1995-11-27,0.578956663608551,0.5865745144455057,0.578956663608551,0.578956663608551,22800.0
1995-11-28,0.5789561736119258,0.5865740180015564,0.5789561736119258,0.5865740180015564,46700.0
1995-11-29,0.5865740180015564,0.594191862391187,0.5789561736119258,0.5865740180015564,8700.0
1995-11-30,0.5941919684410095,0.5941919684410095,0.5865741226917658,0.5941919684410095,14300.0
1995-12-01,0.5865740180015564,0.594191862391187,0.5865740180015564,0.5865740180015564,12700.0
1995-12-04,0.5865740180015564,0.594191862391187,0.5865740180015564,0.5865740180015564,20500.0
1995-12-05,0.5865740180015564,0.594191862391187,0.5865740180015564,0.5865740180015564,58300.0
1995-12-06,0.5941917775552484,0.6018096208572388,0.5941917775552484,0.6018096208572388,70200.0
1995-12-07,0.5941919684410095,0.6018098141902533,0.5941919684410095,0.5941919684410095,48600.0
1995-12-08,0.5941917775552484,0.6018096208572388,0.5941917775552484,0.6018096208572388,40600.0
1995-12-11,0.5941917775552484,0.6018096208572388,0.5941917775552484,0.6018096208572388,18600.0
1995-12-12,0.5941921725869179,0.6094278693199158,0.5941921725869179,0.6094278693199158,15400.0
1995-12-13,0.6018096208572388,0.6094274641592291,0.5941917775552484,0.6018096208572388,18100.0
1995-12-14,0.6094274641592291,0.6094274641592291,0.5941917775552484,0.6018096208572388,21700.0
1995-12-15,0.6018096208572388,0.6018096208572388,0.5941917775552484,0.6018096208572388,10700.0
1995-12-18,0.6018098141902533,0.6018098141902533,0.5865741226917658,0.5941919684410095,37900.0
1995-12-19,0.5941919684410095,0.5941919684410095,0.5865741226917658,0.5941919684410095,16500.0
1995-12-20,0.5925683999383772,0.6088031506216204,0.5925683999383772,0.6006857752799988,33300.0
1995-12-21,0.60068601451508,0.60068601451508,0.5925686359405519,0.5925686359405518,24800.0
1995-12-22,0.5925683999383772,0.6006857752799988,0.5925683999383772,0.6006857752799988,11100.0
1995-12-26,0.6006857752799988,0.6006857752799988,0.5925683999383772,0.6006857752799988,5500.0
1995-12-27,0.60068601451508,0.60068601451508,0.5925686359405519,0.5925686359405518,5300.0
1995-12-28,0.5925686359405519,0.60068601451508,0.5925686359405519,0.5925686359405518,20200.0
1995-12-29,0.5925689244270325,0.6088036894798278,0.5925689244270325,0.6088036894798279,21300.0
1996-01-02,0.6006857752799988,0.6088031506216204,0.6006857752799988,0.6006857752799988,24800.0
1996-01-03,0.6088036894798278,0.6169210720062255,0.6088036894798278,0.6088036894798279,52600.0
1996-01-04,0.6169210720062255,0.6250384545326232,0.6088036894798278,0.6088036894798279,41800.0
1996-01-05,0.6169205904006958,0.6169205904006958,0.608803214211213,0.6169205904006958,10200.0
1996-01-08,0.6250379665901786,0.6250379665901786,0.608803214211213,0.6169205904006958,38800.0
1996-01-09,0.6169210720062255,0.6169210720062255,0.6088036894798278,0.6088036894798279,167500.0
1996-01-10,0.6088036894798278,0.6169210720062255,0.6088036894798278,0.6088036894798279,106900.0
1996-01-11,0.6088036894798278,0.6169210720062255,0.6006863069534302,0.6088036894798279,12200.0
1996-01-12,0.6006863069534302,0.6088036894798278,0.6006863069534302,0.6088036894798279,18600.0
1996-01-15,0.6006857752799988,0.6088031506216204,0.6006857752799988,0.6006857752799988,11600.0
1996-01-16,0.60068601451508,0.60068601451508,0.5925686359405519,0.5925686359405518,67200.0
1996-01-17,0.5925686359405519,0.60068601451508,0.5925686359405519,0.5925686359405518,24200.0
1996-01-18,0.60068601451508,0.60068601451508,0.5925686359405519,0.5925686359405518,16400.0
1996-01-19,0.5925686359405519,0.60068601451508,0.5925686359405519,0.5925686359405518,36600.0
1996-01-22,0.5925683999383772,0.6006857752799988,0.5925683999383772,0.6006857752799988,20000.0
1996-01-23,0.6006857752799988,0.6088031506216204,0.5925683999383772,0.6006857752799988,5200.0
1996-01-24,0.6006857752799988,0.6088031506216204,0.5925683999383772,0.6006857752799988,12900.0
1996-01-25,0.60068601451508,0.60068601451508,0.5925686359405519,0.5925686359405518,9900.0
1996-01-26,0.6006857752799988,0.6006857752799988,0.5925683999383772,0.6006857752799988,16000.0
1996-01-29,0.60068601451508,0.60068601451508,0.5925686359405519,0.5925686359405518,22200.0
1996-01-30,0.6006857752799988,0.6088031506216204,0.5925683999383772,0.6006857752799988,102800.0
1996-01-31,0.6088031506216204,0.6088031506216204,0.6006857752799988,0.6006857752799988,26700.0
1996-02-01,0.6006857752799988,0.6088031506216204,0.6006857752799988,0.6006857752799988,13000.0
1996-02-02,0.6006857752799988,0.6088031506216204,0.6006857752799988,0.6006857752799988,33800.0
1996-02-05,0.6006863069534302,0.6088036894798278,0.6006863069534302,0.6088036894798279,22900.0
1996-02-06,0.6088036894798278,0.6169210720062255,0.6006863069534302,0.6088036894798279,25900.0
1996-02-07,0.6169205904006958,0.6169205904006958,0.608803214211213,0.6169205904006958,13600.0
1996-02-08,0.6169210720062255,0.6169210720062255,0.6088036894798278,0.6088036894798279,13300.0
1996-02-09,0.6088036894798278,0.6169210720062255,0.6088036894798278,0.6088036894798279,41800.0
1996-02-12,0.608803214211213,0.6250379665901786,0.608803214211213,0.6169205904006958,55100.0
1996-02-13,0.608803214211213,0.6169205904006958,0.608803214211213,0.6169205904006958,49600.0
1996-02-14,0.6169210720062255,0.6250384545326232,0.6088036894798278,0.6088036894798279,30900.0
1996-02-15,0.6169210720062255,0.6169210720062255,0.6088036894798278,0.6088036894798279,13300.0
1996-02-16,0.6169210720062255,0.6169210720062255,0.6088036894798278,0.6088036894798279,19900.0
1996-02-20,0.608803214211213,0.6169205904006958,0.608803214211213,0.6169205904006958,24900.0
1996-02-21,0.608803214211213,0.6169205904006958,0.608803214211213,0.6169205904006958,20400.0
1996-02-22,0.6088036894798278,0.6169210720062255,0.6088036894798278,0.6088036894798279,47200.0
1996-02-23,0.6088036894798278,0.6250384545326232,0.6088036894798278,0.6088036894798279,70600.0
1996-02-26,0.6088036894798278,0.6169210720062255,0.6088036894798278,0.6088036894798279,34600.0
1996-02-27,0.6088036894798278,0.6088036894798278,0.6088036894798278,0.6088036894798279,17000.0
1996-02-28,0.6169210720062255,0.6169210720062255,0.6088036894798278,0.6088036894798279,21500.0
1996-02-29,0.6088036894798278,0.6250384545326232,0.6088036894798278,0.6088036894798279,66700.0
1996-03-01,0.608803214211213,0.6169205904006958,0.608803214211213,0.6169205904006958,16100.0
1996-03-04,0.6088036894798278,0.6169210720062255,0.6088036894798278,0.6088036894798279,13000.0
1996-03-05,0.6088036894798278,0.6169210720062255,0.6088036894798278,0.6088036894798279,18900.0
1996-03-06,0.6088036894798278,0.6169210720062255,0.6088036894798278,0.6088036894798279,17700.0
1996-03-07,0.6088036894798278,0.6169210720062255,0.6088036894798278,0.6088036894798279,18600.0
1996-03-08,0.6088031506216204,0.616920525963242,0.6006857752799988,0.6006857752799988,97400.0
1996-03-11,0.6006857752799988,0.6088031506216204,0.6006857752799988,0.6006857752799988,19600.0
1996-03-12,0.6006857752799988,0.6006857752799988,0.6006857752799988,0.6006857752799988,20900.0
1996-03-13,0.5925683999383772,0.6006857752799988,0.5925683999383772,0.6006857752799988,20500.0
1996-03-14,0.6006863069534302,0.6088036894798278,0.5925689244270325,0.6088036894798279,26200.0
1996-03-15,0.6006857752799988,0.6006857752799988,0.5925683999383772,0.6006857752799988,10600.0
1996-03-18,0.6006863069534302,0.6088036894798278,0.6006863069534302,0.6088036894798279,26200.0
1996-03-19,0.6088036894798278,0.6088036894798278,0.6006863069534302,0.6088036894798279,58400.0
1996-03-20,0.6088031506216204,0.6088031506216204,0.6006857752799988,0.6006857752799988,14900.0
1996-03-21,0.6006857752799988,0.6088031506216204,0.6006857752799988,0.6006857752799988,32800.0
1996-03-22,0.6088036894798278,0.6088036894798278,0.6006863069534302,0.6088036894798279,19600.0
1996-03-25,0.6006863069534302,0.6088036894798278,0.6006863069534302,0.6088036894798279,19100.0
1996-03-26,0.6088036894798278,0.6088036894798278,0.6006863069534302,0.6088036894798279,93000.0
1996-03-27,0.6006863069534302,0.6088036894798278,0.6006863069534302,0.6088036894798279,12800.0
1996-03-28,0.6006863069534302,0.6088036894798278,0.6006863069534302,0.6088036894798279,11200.0
1996-03-29,0.6088036894798278,0.6088036894798278,0.6006863069534302,0.6088036894798279,12900.0
1996-04-01,0.6006857752799988,0.6088031506216204,0.6006857752799988,0.6006857752799988,22300.0
1996-04-02,0.6006857752799988,0.6088031506216204,0.6006857752799988,0.6006857752799988,20400.0
1996-04-03,0.6006857752799988,0.6088031506216204,0.6006857752799988,0.6006857752799988,53800.0
1996-04-04,0.6006863069534302,0.6088036894798278,0.6006863069534302,0.6088036894798279,15700.0
1996-04-08,0.6006857752799988,0.6088031506216204,0.6006857752799988,0.6006857752799988,34300.0
1996-04-09,0.6006857752799988,0.6088031506216204,0.6006857752799988,0.6006857752799988,23500.0
1996-04-10,0.6006857752799988,0.6088031506216204,0.6006857752799988,0.6006857752799988,23500.0
1996-04-11,0.6088031506216204,0.6088031506216204,0.6006857752799988,0.6006857752799988,19200.0
1996-04-12,0.6006857752799988,0.6088031506216204,0.6006857752799988,0.6006857752799988,14600.0
1996-04-15,0.6006857752799988,0.6088031506216204,0.6006857752799988,0.6006857752799988,36000.0
1996-04-16,0.6006857752799988,0.6088031506216204,0.6006857752799988,0.6006857752799988,12600.0
1996-04-17,0.6006857752799988,0.6088031506216204,0.6006857752799988,0.6006857752799988,19200.0
1996-04-18,0.6006857752799988,0.6088031506216204,0.6006857752799988,0.6006857752799988,18800.0
1996-04-19,0.6006857752799988,0.6088031506216204,0.6006857752799988,0.6006857752799988,13400.0
1996-04-22,0.6088031506216204,0.6088031506216204,0.6006857752799988,0.6006857752799988,24300.0
1996-04-23,0.6006857752799988,0.6088031506216204,0.6006857752799988,0.6006857752799988,21200.0
1996-04-24,0.6088036894798278,0.6088036894798278,0.6006863069534302,0.6088036894798279,25700.0
1996-04-25,0.6006857752799988,0.6088031506216204,0.6006857752799988,0.6006857752799988,17900.0
1996-04-26,0.6006857752799988,0.6088031506216204,0.6006857752799988,0.6006857752799988,25700.0
1996-04-29,0.6088036894798278,0.6169210720062255,0.6088036894798278,0.6088036894798279,44800.0
1996-04-30,0.6169210720062255,0.6169210720062255,0.6088036894798278,0.6088036894798279,8900.0
1996-05-01,0.6169205904006958,0.6169205904006958,0.608803214211213,0.6169205904006958,25700.0
1996-05-02,0.6169205904006958,0.6169205904006958,0.608803214211213,0.6169205904006958,29300.0
1996-05-03,0.6169205904006958,0.6169205904006958,0.608803214211213,0.6169205904006958,21300.0
1996-05-06,0.6169210720062255,0.6169210720062255,0.6088036894798278,0.6088036894798279,20300.0
1996-05-07,0.6088036894798278,0.6169210720062255,0.6088036894798278,0.6088036894798279,9900.0
1996-05-08,0.6088036894798278,0.6169210720062255,0.6088036894798278,0.6088036894798279,75900.0
1996-05-09,0.6088036894798278,0.6169210720062255,0.6088036894798278,0.6088036894798279,13700.0
1996-05-10,0.6169210720062255,0.6169210720062255,0.6088036894798278,0.6088036894798279,76800.0
1996-05-13,0.6169205904006958,0.6250379665901786,0.608803214211213,0.6169205904006958,72500.0
1996-05-14,0.6169205904006958,0.6250379665901786,0.6169205904006958,0.6169205904006958,17000.0
1996-05-15,0.6250379665901786,0.6250379665901786,0.6169205904006958,0.6169205904006958,34100.0
1996-05-16,0.6169205904006958,0.6331553427796616,0.6169205904006958,0.6169205904006958,34200.0
1996-05-17,0.6250380873680115,0.6331554651260376,0.6169207096099854,0.6331554651260376,13300.0
1996-05-20,0.6250382661819458,0.6331556462622308,0.6250382661819458,0.6250382661819458,34000.0
1996-05-21,0.6250382661819458,0.6331556462622308,0.6250382661819458,0.6250382661819458,24000.0
1996-05-22,0.6250380873680115,0.6331554651260376,0.6250380873680115,0.6331554651260376,30600.0
1996-05-23,0.6331556462622308,0.6412730263425158,0.6250382661819458,0.6250382661819458,12300.0
1996-05-24,0.6250382661819458,0.6331556462622308,0.6250382661819458,0.6250382661819458,11200.0
1996-05-28,0.6412730263425158,0.6412730263425158,0.6250382661819458,0.6250382661819458,21700.0
1996-05-29,0.6250380873680115,0.6331554651260376,0.6250380873680115,0.6331554651260376,14300.0
1996-05-30,0.6331554651260376,0.6331554651260376,0.6250380873680115,0.6331554651260376,41300.0
1996-05-31,0.6250380873680115,0.6331554651260376,0.6250380873680115,0.6331554651260376,15700.0
1996-06-03,0.6250382661819458,0.6331556462622308,0.6250382661819458,0.6250382661819458,12400.0
1996-06-04,0.6331554651260376,0.6331554651260376,0.6250380873680115,0.6331554651260376,24100.0
1996-06-05,0.6250380873680115,0.6331554651260376,0.6250380873680115,0.6331554651260376,23600.0
1996-06-06,0.6250380873680115,0.6331554651260376,0.6250380873680115,0.6331554651260376,32200.0
1996-06-07,0.6250382661819458,0.6331556462622308,0.6250382661819458,0.6250382661819458,47900.0
1996-06-10,0.6331556462622308,0.6331556462622308,0.6250382661819458,0.6250382661819458,25100.0
1996-06-11,0.6250382661819458,0.6331556462622308,0.6250382661819458,0.6250382661819458,17700.0
1996-06-12,0.6331554651260376,0.6331554651260376,0.6250380873680115,0.6331554651260376,6400.0
1996-06-13,0.6250380873680115,0.6331554651260376,0.6250380873680115,0.6331554651260376,17500.0
1996-06-14,0.6250380873680115,0.6331554651260376,0.6250380873680115,0.6331554651260376,58000.0
1996-06-17,0.6331556462622308,0.6331556462622308,0.6169208861016607,0.6250382661819458,19800.0
1996-06-18,0.6169208861016607,0.6250382661819458,0.6169208861016607,0.6250382661819458,28300.0
1996-06-19,0.6250379665901786,0.6250379665901786,0.6169205904006958,0.6169205904006958,18000.0
1996-06-20,0.6250379665901786,0.6250379665901786,0.6169205904006958,0.6169205904006958,11100.0
1996-06-21,0.6250382661819458,0.6250382661819458,0.6088035060213758,0.6250382661819458,18600.0
1996-06-24,0.6169205904006958,0.6250379665901786,0.6169205904006958,0.6169205904006958,4900.0
1996-06-25,0.6169205904006958,0.6250379665901786,0.6169205904006958,0.6169205904006958,15300.0
1996-06-26,0.6169205904006958,0.6250379665901786,0.6169205904006958,0.6169205904006958,30000.0
1996-06-27,0.6169205904006958,0.6169205904006958,0.6169205904006958,0.6169205904006958,19600.0
1996-06-28,0.6169208861016607,0.6250382661819458,0.6169208861016607,0.6250382661819458,30000.0
1996-07-01,0.6169205904006958,0.6250379665901786,0.6169205904006958,0.6169205904006958,2100.0
1996-07-02,0.6169205904006958,0.6250379665901786,0.6169205904006958,0.6169205904006958,45100.0
1996-07-03,0.6169205904006958,0.6169205904006958,0.6169205904006958,0.6169205904006958,13500.0
1996-07-05,0.6169210720062255,0.6169210720062255,0.6088036894798278,0.6088036894798279,19300.0
1996-07-08,0.6088036894798278,0.6088036894798278,0.6006863069534302,0.6088036894798279,25000.0
1996-07-09,0.6006863069534302,0.6088036894798278,0.6006863069534302,0.6088036894798279,5700.0
1996-07-10,0.60068601451508,0.60068601451508,0.5925686359405519,0.5925686359405518,14100.0
1996-07-11,0.600686016217084,0.600686016217084,0.5763338804244995,0.5763338804244995,32700.0
1996-07-12,0.5844513773918152,0.5844513773918152,0.5844513773918152,0.5844513773918152,37800.0
1996-07-15,0.5844512590220277,0.5925686376195558,0.5682165018269714,0.5763338804244995,36100.0
1996-07-16,0.568216811208164,0.568216811208164,0.5438646621563855,0.551982045173645,32000.0
1996-07-17,0.5519816296441215,0.5682163834571838,0.5519816296441215,0.5682163834571838,52800.0
1996-07-18,0.5682163834571838,0.5682163834571838,0.5600990065506527,0.5682163834571838,12600.0
1996-07-19,0.5682163834571838,0.5763337603637151,0.5682163834571838,0.5682163834571838,18700.0
1996-07-22,0.5763337603637151,0.5763337603637151,0.5600990065506527,0.5682163834571838,28900.0
1996-07-23,0.5600993633270264,0.5682167454042297,0.5600993633270264,0.5600993633270264,32700.0
1996-07-24,0.5600990065506527,0.5682163834571838,0.5600990065506527,0.5682163834571838,90400.0
1996-07-25,0.5763337908061683,0.5763337908061683,0.5722751021385193,0.5722751021385193,14600.0
1996-07-26,0.5682163834571838,0.5763337603637151,0.5682163834571838,0.5682163834571838,49700.0
1996-07-29,0.5682163834571838,0.5763337603637151,0.5682163834571838,0.5682163834571838,18900.0
1996-07-30,0.5763337603637151,0.5763337603637151,0.5600990065506527,0.5682163834571838,31600.0
1996-07-31,0.5763337603637151,0.5763337603637151,0.5682163834571838,0.5682163834571838,3700.0
1996-08-01,0.5682163834571838,0.5763337603637151,0.5682163834571838,0.5682163834571838,15300.0
1996-08-02,0.5763338804244995,0.5844512590220277,0.5763338804244995,0.5763338804244995,18900.0
1996-08-05,0.5844513773918152,0.5925687576333681,0.5844513773918152,0.5844513773918152,21500.0
1996-08-06,0.5925686359405519,0.5925686359405519,0.5844512573660237,0.5925686359405518,14600.0
1996-08-07,0.5844513773918152,0.5925687576333681,0.5844513773918152,0.5844513773918152,33200.0
1996-08-08,0.5844513773918152,0.5925687576333681,0.5844513773918152,0.5844513773918152,17000.0
1996-08-09,0.5925686359405519,0.5925686359405519,0.5925686359405519,0.5925686359405518,4500.0
1996-08-12,0.5925686359405519,0.5925686359405519,0.5844512573660237,0.5925686359405518,10700.0
1996-08-13,0.60068601451508,0.60068601451508,0.5925686359405519,0.5925686359405518,4600.0
1996-08-14,0.5925686359405519,0.60068601451508,0.5925686359405519,0.5925686359405518,5900.0
1996-08-15,0.60068601451508,0.60068601451508,0.5925686359405519,0.5925686359405518,8400.0
1996-08-16,0.6006857752799988,0.6006857752799988,0.5925683999383772,0.6006857752799988,14400.0
1996-08-19,0.5925683999383772,0.6088031506216204,0.5925683999383772,0.6006857752799988,8800.0
1996-08-20,0.6088031506216204,0.6088031506216204,0.6006857752799988,0.6006857752799988,6500.0
1996-08-21,0.6006857752799988,0.6088031506216204,0.6006857752799988,0.6006857752799988,13500.0
1996-08-22,0.6088036894798278,0.6088036894798278,0.6006863069534302,0.6088036894798279,22700.0
1996-08-23,0.6006863069534302,0.6088036894798278,0.6006863069534302,0.6088036894798279,14400.0
1996-08-26,0.6006857752799988,0.6088031506216204,0.6006857752799988,0.6006857752799988,23400.0
1996-08-27,0.6006857752799988,0.6088031506216204,0.6006857752799988,0.6006857752799988,30100.0
1996-08-28,0.6006863069534302,0.6088036894798278,0.6006863069534302,0.6088036894798279,15500.0
1996-08-29,0.60068601451508,0.6088033930896081,0.5925686359405519,0.5925686359405518,92500.0
1996-08-30,0.5925683999383772,0.6006857752799988,0.5925683999383772,0.6006857752799988,24100.0
1996-09-03,0.5925686359405519,0.60068601451508,0.5925686359405519,0.5925686359405518,19000.0
1996-09-04,0.5925686359405519,0.60068601451508,0.5925686359405519,0.5925686359405518,7700.0
1996-09-05,0.5925686359405519,0.60068601451508,0.5925686359405519,0.5925686359405518,15400.0
1996-09-06,0.6006857752799988,0.6006857752799988,0.5925683999383772,0.6006857752799988,55000.0
1996-09-09,0.6006857752799988,0.6088031506216204,0.6006857752799988,0.6006857752799988,30300.0
1996-09-10,0.6088036894798278,0.6088036894798278,0.6006863069534302,0.6088036894798279,23900.0
1996-09-11,0.6088031506216204,0.6088031506216204,0.6006857752799988,0.6006857752799988,34400.0
1996-09-12,0.608803214211213,0.6169205904006958,0.608803214211213,0.6169205904006958,39800.0
1996-09-13,0.6169205904006958,0.6250379665901786,0.608803214211213,0.6169205904006958,60500.0
1996-09-16,0.6169207096099854,0.6331554651260376,0.6169207096099854,0.6331554651260376,44500.0
1996-09-17,0.6250382661819458,0.6331556462622308,0.6250382661819458,0.6250382661819458,40300.0
1996-09-18,0.6250382661819458,0.6331556462622308,0.6250382661819458,0.6250382661819458,33200.0
1996-09-19,0.6250382661819458,0.6331556462622308,0.6250382661819458,0.6250382661819458,13200.0
1996-09-20,0.6250382661819458,0.6331556462622308,0.6250382661819458,0.6250382661819458,5300.0
1996-09-23,0.6250382661819458,0.6331556462622308,0.6250382661819458,0.6250382661819458,114700.0
1996-09-24,0.6250382661819458,0.6250382661819458,0.6169208861016607,0.6250382661819458,39000.0
1996-09-25,0.6169205904006958,0.6250379665901786,0.6169205904006958,0.6169205904006958,18100.0
1996-09-26,0.6169208861016607,0.6331556462622308,0.6169208861016607,0.6250382661819458,22500.0
1996-09-27,0.6250382661819458,0.6331556462622308,0.6250382661819458,0.6250382661819458,21900.0
1996-09-30,0.6250380873680115,0.6331554651260376,0.6250380873680115,0.6331554651260376,51500.0
1996-10-01,0.6250380873680115,0.6331554651260376,0.6250380873680115,0.6331554651260376,14900.0
1996-10-02,0.6250380873680115,0.6412728428840637,0.6250380873680115,0.6331554651260376,39800.0
1996-10-03,0.6331554651260376,0.6412728428840637,0.6331554651260376,0.6331554651260376,42800.0
1996-10-04,0.6331558719277381,0.6493906378746033,0.6331558719277381,0.6493906378746033,77400.0
1996-10-07,0.6412727236747742,0.649390099923822,0.6412727236747742,0.6412727236747742,6200.0
1996-10-08,0.6493906378746033,0.6493906378746033,0.6412732549011707,0.6493906378746033,15400.0
1996-10-09,0.6412727236747742,0.649390099923822,0.6412727236747742,0.6412727236747742,30700.0
1996-10-10,0.6493906378746033,0.6493906378746033,0.6412732549011707,0.6493906378746033,17600.0
1996-10-11,0.6493906378746033,0.6575080208480358,0.6412732549011707,0.6493906378746033,67400.0
1996-10-14,0.649390099923822,0.649390099923822,0.6412727236747742,0.6412727236747742,13600.0
1996-10-15,0.6493906378746033,0.6575080208480358,0.6493906378746033,0.6493906378746033,36500.0
1996-10-16,0.6493906378746033,0.6575080208480358,0.6493906378746033,0.6493906378746033,11700.0
1996-10-17,0.6493906378746033,0.6575080208480358,0.6493906378746033,0.6493906378746033,24000.0
1996-10-18,0.6493906378746033,0.6575080208480358,0.6493906378746033,0.6493906378746033,21700.0
1996-10-21,0.6493906378746033,0.6575080208480358,0.6493906378746033,0.6493906378746033,17600.0
1996-10-22,0.6493906378746033,0.6493906378746033,0.6412732549011707,0.6493906378746033,25700.0
1996-10-23,0.6412727236747742,0.649390099923822,0.6412727236747742,0.6412727236747742,30200.0
1996-10-24,0.649390099923822,0.649390099923822,0.6412727236747742,0.6412727236747742,15400.0
1996-10-25,0.649390099923822,0.649390099923822,0.6412727236747742,0.6412727236747742,156100.0
1996-10-28,0.6412727236747742,0.649390099923822,0.6412727236747742,0.6412727236747742,22200.0
1996-10-29,0.6412728428840637,0.6493902206420898,0.6331554651260376,0.6331554651260376,31200.0
1996-10-30,0.6412727236747742,0.6412727236747742,0.6331553474257264,0.6412727236747742,16700.0
1996-10-31,0.6331553474257264,0.6412727236747742,0.6331553474257264,0.6412727236747742,20200.0
1996-11-01,0.6412728428840637,0.6412728428840637,0.6331554651260376,0.6331554651260376,13900.0
1996-11-04,0.6331553474257264,0.6412727236747742,0.6331553474257264,0.6412727236747742,18000.0
1996-11-05,0.6412727236747742,0.649390099923822,0.6412727236747742,0.6412727236747742,39000.0
1996-11-06,0.6493906378746033,0.6493906378746033,0.6412732549011707,0.6493906378746033,69100.0
1996-11-07,0.6575075395223571,0.6737422935846374,0.6575075395223571,0.6656249165534973,88400.0
1996-11-08,0.6737424149925326,0.6737424149925326,0.6575076580047607,0.6575076580047607,29100.0
1996-11-11,0.665624740612076,0.6818594903831022,0.665624740612076,0.6737421154975891,38700.0
1996-11-12,0.6818594903831022,0.6818594903831022,0.6737421154975891,0.6737421154975891,592600.0
1996-11-13,0.6818594903831022,0.6818594903831022,0.6737421154975891,0.6737421154975891,9600.0
1996-11-14,0.6778012205447469,0.6818599104881287,0.6737425306013652,0.6818599104881287,18600.0
1996-11-15,0.6737421154975891,0.6818594903831022,0.6737421154975891,0.6737421154975891,56100.0
1996-11-18,0.6841851472854614,0.6931875834339544,0.6841851472854614,0.6841851472854614,70800.0
1996-11-19,0.707264461517334,0.707264461517334,0.6979583501815797,0.6979583501815796,24800.0
1996-11-20,0.7072643041610718,0.7072643041610718,0.6979581948957945,0.7072643041610718,61800.0
1996-11-21,0.6979583501815797,0.6979583501815797,0.6886522388458253,0.6979583501815796,65500.0
1996-11-22,0.6886522388458253,0.707264461517334,0.6886522388458253,0.6979583501815796,55200.0
1996-11-25,0.6979581948957945,0.7072643041610718,0.6979581948957945,0.7072643041610718,81000.0
1996-11-26,0.6979583501815797,0.707264461517334,0.6979583501815797,0.6979583501815796,25300.0
1996-11-27,0.6979583501815797,0.707264461517334,0.6979583501815797,0.6979583501815796,42300.0
1996-11-29,0.6979583501815797,0.6979583501815797,0.6979583501815797,0.6979583501815796,500.0
1996-12-02,0.7072643041610718,0.7165704134263491,0.6979581948957945,0.7072643041610718,30000.0
1996-12-03,0.7165704134263491,0.7165704134263491,0.7072643041610718,0.7072643041610718,11300.0
1996-12-04,0.7072643041610718,0.7165704134263491,0.7072643041610718,0.7072643041610718,35000.0
1996-12-05,0.7072643041610718,0.7165704134263491,0.7072643041610718,0.7072643041610718,22800.0
1996-12-06,0.6979583501815797,0.6979583501815797,0.6886522388458253,0.6979583501815796,51600.0
1996-12-09,0.6886520856305173,0.7072643041610718,0.6886520856305173,0.7072643041610718,20500.0
1996-12-10,0.707264461517334,0.707264461517334,0.6979583501815797,0.6979583501815796,44200.0
1996-12-11,0.707264461517334,0.707264461517334,0.6886522388458253,0.6979583501815796,26600.0
1996-12-12,0.6979583501815797,0.6979583501815797,0.6979583501815797,0.6979583501815796,43600.0
1996-12-13,0.6979582076137131,0.6979582076137131,0.6886520981788635,0.6886520981788635,11500.0
1996-12-16,0.69795842856577,0.69795842856577,0.6793462038040161,0.6793462038040161,67000.0
1996-12-17,0.679345988744014,0.6886520981788635,0.679345988744014,0.6886520981788635,15800.0
1996-12-18,0.679345988744014,0.6886520981788635,0.679345988744014,0.6886520981788635,17000.0
1996-12-19,0.6886520856305173,0.7072643041610718,0.67934597636524,0.7072643041610718,34200.0
1996-12-20,0.7072643041610718,0.7072643041610718,0.6979581948957945,0.7072643041610718,68100.0
1996-12-23,0.6979581948957945,0.7072643041610718,0.6979581948957945,0.7072643041610718,5100.0
1996-12-24,0.6979581948957945,0.7072643041610718,0.6979581948957945,0.7072643041610718,11100.0
1996-12-26,0.7165707349777222,0.7165707349777222,0.7072646215364531,0.7165707349777222,12300.0
1996-12-27,0.7072643041610718,0.7165704134263491,0.6979581948957945,0.7072643041610718,39700.0
1996-12-30,0.7072643041610718,0.7165704134263491,0.7072643041610718,0.7072643041610718,28500.0
1996-12-31,0.7072643170485625,0.7072643170485625,0.6886520981788635,0.6886520981788635,30700.0
1997-01-02,0.69795842856577,0.69795842856577,0.6793462038040161,0.6793462038040161,15400.0
1997-01-03,0.6979582076137131,0.6979582076137131,0.6886520981788635,0.6886520981788635,2700.0
1997-01-06,0.6979583501815797,0.707264461517334,0.6886522388458253,0.6979583501815796,73800.0
1997-01-07,0.6979583501815797,0.6979583501815797,0.6886522388458253,0.6979583501815796,85800.0
1997-01-08,0.6979583501815797,0.707264461517334,0.6979583501815797,0.6979583501815796,9300.0
1997-01-09,0.7072643041610718,0.7072643041610718,0.6979581948957945,0.7072643041610718,61300.0
1997-01-10,0.707264461517334,0.707264461517334,0.6979583501815797,0.6979583501815796,581600.0
1997-01-13,0.7072646215364531,0.7165707349777222,0.7072646215364531,0.7165707349777222,23700.0
1997-01-14,0.7165707349777222,0.7258768484189914,0.7072646215364531,0.7165707349777222,61000.0
1997-01-15,0.7165707349777222,0.7165707349777222,0.7072646215364531,0.7165707349777222,12200.0
1997-01-16,0.7072643041610718,0.7165704134263491,0.7072643041610718,0.7072643041610718,27600.0
1997-01-17,0.7165707349777222,0.7165707349777222,0.7072646215364531,0.7165707349777222,11300.0
1997-01-20,0.7165707349777222,0.7165707349777222,0.7072646215364531,0.7165707349777222,49800.0
1997-01-21,0.7165705187198443,0.7351827399852949,0.7165705187198443,0.7258766293525696,63400.0
1997-01-22,0.7258766293525697,0.7351827399852949,0.7165705187198443,0.7258766293525696,30500.0
1997-01-23,0.7351827399852949,0.7351827399852949,0.7258766293525697,0.7258766293525696,55200.0
1997-01-24,0.7258768484189914,0.7351829618602604,0.7165707349777222,0.7165707349777222,80600.0
1997-01-27,0.7165707349777222,0.7351829618602604,0.7072646215364531,0.7165707349777222,12500.0
1997-01-28,0.7258768484189914,0.7258768484189914,0.7165707349777222,0.7165707349777222,60400.0
1997-01-29,0.7258766293525697,0.7258766293525697,0.7165705187198443,0.7258766293525696,5500.0
1997-01-30,0.7258766293525697,0.7258766293525697,0.7165705187198443,0.7258766293525696,12300.0
1997-01-31,0.7258764158321332,0.735182523727417,0.7258764158321332,0.735182523727417,17100.0
1997-02-03,0.7258764158321332,0.735182523727417,0.7258764158321332,0.735182523727417,31000.0
1997-02-04,0.735182523727417,0.735182523727417,0.7258764158321332,0.735182523727417,30600.0
1997-02-05,0.7351827399852949,0.7351827399852949,0.7258766293525697,0.7258766293525696,23300.0
1997-02-06,0.7351827399852949,0.7351827399852949,0.7258766293525697,0.7258766293525696,12800.0
1997-02-07,0.735182523727417,0.7444886316227007,0.735182523727417,0.735182523727417,25300.0
1997-02-10,0.7444886316227007,0.7444886316227007,0.735182523727417,0.735182523727417,32000.0
1997-02-11,0.7444886316227007,0.7444886316227007,0.735182523727417,0.735182523727417,17800.0
1997-02-12,0.7351828426122665,0.7444889545440674,0.7351828426122665,0.7444889545440674,9500.0
1997-02-13,0.7444885630666475,0.7537946701049805,0.7444885630666475,0.7537946701049805,55400.0
1997-02-14,0.7631008625030518,0.7631008625030518,0.7537947544237462,0.7631008625030518,18700.0
1997-02-18,0.7631010046924454,0.7724071145057679,0.7631010046924454,0.7724071145057678,29500.0
1997-02-19,0.7724069705823572,0.7724069705823572,0.7631008625030518,0.7631008625030518,8700.0
1997-02-20,0.7631011065314798,0.8003255507525275,0.7631011065314798,0.7910194396972656,107100.0
1997-02-21,0.8003255507525275,0.8096316618077896,0.7817133286420037,0.7910194396972656,262600.0
1997-02-24,0.7910192844479582,0.8003253936767577,0.7817131752191587,0.8003253936767578,196100.0
1997-02-25,0.8003255507525275,0.8003255507525275,0.7817133286420037,0.7910194396972656,140200.0
1997-02-26,0.7910193341324129,0.7910193341324129,0.7631010046924454,0.7724071145057678,162900.0
1997-02-27,0.7724069705823572,0.7817130786616627,0.7537947544237462,0.7631008625030518,70200.0
1997-02-28,0.7631008625030518,0.7631008625030518,0.7444886463444407,0.7631008625030518,69300.0
1997-03-03,0.7631010046924454,0.7724071145057679,0.7537948948791229,0.7724071145057678,61300.0
1997-03-04,0.7724071145057679,0.7724071145057679,0.7724071145057679,0.7724071145057678,52600.0
1997-03-05,0.7724071145057679,0.7817132243190904,0.7631010046924454,0.7724071145057678,90000.0
1997-03-06,0.7817130786616627,0.7817130786616627,0.7631008625030518,0.7631008625030518,93800.0
1997-03-07,0.7631010853108905,0.7817133069038391,0.7631010853108905,0.7817133069038391,78200.0
1997-03-10,0.7817133286420037,0.7910194396972656,0.7724072175867417,0.7910194396972656,107000.0
1997-03-11,0.7817131752191587,0.8003253936767577,0.7817131752191587,0.8003253936767578,113300.0
1997-03-12,0.8003253936767577,0.8096315029055573,0.7910192844479582,0.8003253936767578,191700.0
1997-03-13,0.8003255507525275,0.8003255507525275,0.7724072175867417,0.7910194396972656,146600.0
1997-03-14,0.7910192844479582,0.8003253936767577,0.7910192844479582,0.8003253936767578,69800.0
1997-03-17,0.7910194396972656,0.7910194396972656,0.7724072175867417,0.7910194396972656,106900.0
1997-03-18,0.7817133286420037,0.7910194396972656,0.7817133286420037,0.7910194396972656,47100.0
1997-03-19,0.785273551940918,0.7948500586719047,0.7756970452099311,0.785273551940918,70600.0
1997-03-20,0.785273551940918,0.7948500586719047,0.7756970452099311,0.785273551940918,65500.0
1997-03-21,0.7948501110076904,0.8044266183692289,0.7852736036461521,0.7948501110076904,37600.0
1997-03-24,0.7948500586719047,0.7948500586719047,0.7756970452099311,0.785273551940918,42800.0
1997-03-25,0.7852734989590116,0.7852734989590116,0.7756969928741456,0.7756969928741455,31200.0
1997-03-26,0.785273551940918,0.785273551940918,0.7756970452099311,0.785273551940918,13400.0
1997-03-27,0.7852734989590116,0.7852734989590116,0.7661204867892796,0.7756969928741455,34200.0
1997-03-31,0.7756971202790738,0.7756971202790738,0.7661206126213074,0.7661206126213074,63800.0
1997-04-01,0.7661206126213074,0.7661206126213074,0.7565441049635411,0.7661206126213074,63600.0
1997-04-02,0.7565441049635411,0.7661206126213074,0.7469675973057748,0.7661206126213074,50800.0
1997-04-03,0.7661201380476167,0.7661201380476167,0.7469671345964263,0.7565436363220215,15100.0
1997-04-04,0.7469671345964263,0.7565436363220215,0.7469671345964263,0.7565436363220215,53000.0
1997-04-07,0.7565436363220215,0.7565436363220215,0.7469671345964263,0.7565436363220215,35700.0
1997-04-08,0.7565436363220215,0.7565436363220215,0.7469671345964263,0.7565436363220215,36300.0
1997-04-09,0.7469671345964263,0.7565436363220215,0.7469671345964263,0.7565436363220215,46700.0
1997-04-10,0.7565436363220215,0.7565436363220215,0.7469671345964263,0.7565436363220215,24500.0
1997-04-11,0.7565436363220215,0.7565436363220215,0.7469671345964263,0.7565436363220215,21500.0
1997-04-14,0.7469671345964263,0.7565436363220215,0.7373906328708311,0.7565436363220215,58400.0
1997-04-15,0.7565436363220215,0.7565436363220215,0.7373906328708311,0.7565436363220215,36700.0
1997-04-16,0.7565442524947129,0.7565442524947129,0.7373912334442139,0.7373912334442139,18700.0
1997-04-17,0.7373912235101063,0.7469677329063416,0.7373912235101063,0.7469677329063416,40300.0
1997-04-18,0.7469677329063416,0.7565442423025767,0.7373912235101063,0.7469677329063416,36300.0
1997-04-21,0.7469677329063416,0.7469677329063416,0.7373912235101063,0.7469677329063416,11500.0
1997-04-22,0.7469671345964263,0.7565436363220215,0.7469671345964263,0.7565436363220215,30700.0
1997-04-23,0.7469671345964263,0.7565436363220215,0.7469671345964263,0.7565436363220215,27400.0
1997-04-24,0.7565436363220215,0.7565436363220215,0.7469671345964263,0.7565436363220215,20300.0
1997-04-25,0.7565436363220215,0.7565436363220215,0.7469671345964263,0.7565436363220215,28700.0
1997-04-28,0.7469677329063416,0.7469677329063416,0.7373912235101063,0.7469677329063416,40200.0
1997-04-29,0.7469671345964263,0.7565436363220215,0.7469671345964263,0.7565436363220215,71600.0
1997-04-30,0.7469671345964263,0.7565436363220215,0.7469671345964263,0.7565436363220215,47500.0
1997-05-01,0.7565442423025767,0.7565442423025767,0.7469677329063416,0.7469677329063416,40200.0
1997-05-02,0.7469674746195476,0.7756969928741456,0.7469674746195476,0.7756969928741455,89100.0
1997-05-05,0.7756970962846136,0.7948501110076904,0.7756970962846136,0.7948501110076904,35800.0
1997-05-06,0.7948499209740583,0.8140029311180115,0.7852734159020817,0.8140029311180115,34500.0
1997-05-07,0.8140030574230921,0.8140030574230921,0.7948500443072546,0.8044265508651733,18900.0
1997-05-08,0.7948500443072546,0.8044265508651733,0.785273537749336,0.8044265508651733,77200.0
1997-05-09,0.8044265508651733,0.8140030574230921,0.7948500443072546,0.8044265508651733,23800.0
1997-05-12,0.7948500443072546,0.8140030574230921,0.7948500443072546,0.8044265508651733,53500.0
1997-05-13,0.8140030574230921,0.8140030574230921,0.8044265508651733,0.8044265508651733,44300.0
1997-05-14,0.8044265508651733,0.8140030574230921,0.8044265508651733,0.8044265508651733,39300.0
1997-05-15,0.8140029311180115,0.8140029311180115,0.8044264260460349,0.8140029311180115,44700.0
1997-05-16,0.8140029311180115,0.8235794361899881,0.8140029311180115,0.8140029311180115,76900.0
1997-05-19,0.8044264260460349,0.8235794361899881,0.8044264260460349,0.8140029311180115,31600.0
1997-05-20,0.8235794361899881,0.8235794361899881,0.8140029311180115,0.8140029311180115,56500.0
1997-05-21,0.8171537823620297,0.8368442349490666,0.8171537823620297,0.8269990086555481,33600.0
1997-05-22,0.8368442349490666,0.8368442349490666,0.8171537823620297,0.8269990086555481,62400.0
1997-05-23,0.8269990086555481,0.8368442349490666,0.8269990086555481,0.8269990086555481,47400.0
1997-05-27,0.8269988620982451,0.8368440866470337,0.8269988620982451,0.8368440866470337,29400.0
1997-05-28,0.8368440866470337,0.8368440866470337,0.8269988620982451,0.8368440866470337,16700.0
1997-05-29,0.8269988620982451,0.8368440866470337,0.8269988620982451,0.8368440866470337,29800.0
1997-05-30,0.8368440866470337,0.8368440866470337,0.8269988620982451,0.8368440866470337,16600.0
1997-06-02,0.8368440866470337,0.8368440866470337,0.8269988620982451,0.8368440866470337,28600.0
1997-06-03,0.8466893434524537,0.8466893434524537,0.836844118528588,0.8466893434524536,42500.0
1997-06-04,0.8466893434524537,0.8565345683763195,0.836844118528588,0.8466893434524536,63600.0
1997-06-05,0.8565345683763195,0.8565345683763195,0.836844118528588,0.8466893434524536,39300.0
1997-06-06,0.8466891392894175,0.8565343618392943,0.8466891392894175,0.8565343618392944,65600.0
1997-06-09,0.8565343618392943,0.8663795843891713,0.8565343618392943,0.8565343618392944,48000.0
1997-06-10,0.8565343618392943,0.8663795843891713,0.8466891392894175,0.8565343618392944,37400.0
1997-06-11,0.8565343367782505,0.8663795590400695,0.8466891145164316,0.8663795590400696,33900.0
1997-06-12,0.8565343367782505,0.8663795590400695,0.8466891145164316,0.8663795590400696,72600.0
1997-06-13,0.8663795931955403,0.8860700384954389,0.8565343705455909,0.8762248158454895,48500.0
1997-06-16,0.8762248158454895,0.8860700384954389,0.8663795931955403,0.8762248158454895,37900.0
1997-06-17,0.8663796265920003,0.8860700726509093,0.8663796265920003,0.8860700726509094,40200.0
1997-06-18,0.8860700035637075,0.8860700035637075,0.8663795590400695,0.8663795590400696,38100.0
1997-06-19,0.8762244162978706,0.8959148526191711,0.8762244162978706,0.8959148526191711,58500.0
1997-06-20,0.8860700804254283,0.9057605266571045,0.8860700804254283,0.9057605266571045,26800.0
1997-06-23,0.8959148526191711,0.9057600707798213,0.8959148526191711,0.8959148526191711,60600.0
1997-06-24,0.8959153035412665,0.9156057497729426,0.8959153035412665,0.9057605266571045,85700.0
1997-06-25,0.9057605266571045,0.9057605266571045,0.8959153035412665,0.9057605266571045,42100.0
1997-06-26,0.9057600707798213,0.9057600707798213,0.8860696344585208,0.8959148526191711,48900.0
1997-06-27,0.8959153460674599,0.9008379578590393,0.8959153460674599,0.9008379578590393,33600.0
1997-06-30,0.9008374616994962,0.9008374616994962,0.8860696344585208,0.8959148526191711,39600.0
1997-07-01,0.8909924626350403,0.9008376832166429,0.886069852344239,0.8909924626350403,64400.0
1997-07-02,0.8909927876301984,0.8909927876301984,0.881147563457489,0.881147563457489,54100.0
1997-07-03,0.890992243538846,0.8959148526191711,0.890992243538846,0.8959148526191711,24600.0
1997-07-07,0.8959152956803639,0.8959152956803639,0.881147461136182,0.8860700726509094,57100.0
1997-07-08,0.8909926919833474,0.9057605266571045,0.8860700804254283,0.9057605266571045,34800.0
1997-07-09,0.9057600707798213,0.9057600707798213,0.890992243538846,0.8959148526191711,42900.0
1997-07-10,0.8909926919833474,0.9057605266571045,0.8909926919833474,0.9057605266571045,32900.0
1997-07-11,0.9057605266571045,0.9057605266571045,0.9008379150991855,0.9057605266571045,42500.0
1997-07-14,0.905760592602669,0.935296264100582,0.90083798068635,0.9254510402679443,67800.0
1997-07-15,0.9254510402679443,0.935296264100582,0.9254510402679443,0.9254510402679443,36300.0
1997-07-16,0.9352965504711211,0.95498700416525,0.9352965504711211,0.9402191638946533,47700.0
1997-07-17,0.9451409791645251,0.9451409791645251,0.9254505420985975,0.9352957606315613,72300.0
1997-07-18,0.9303736521842632,0.935296264100582,0.9156058164353066,0.9254510402679443,26200.0
1997-07-21,0.9254506641530735,0.9254506641530735,0.9156054443216579,0.9205280542373657,32400.0
1997-07-22,0.9205279328321155,0.9402183698980432,0.9205279328321155,0.9352957606315613,32700.0
1997-07-23,0.9352965504711211,0.9451417773181856,0.9303739370475889,0.9402191638946533,30500.0
1997-07-24,0.9352957606315613,0.9402183698980432,0.9254505420985975,0.9352957606315613,31800.0
1997-07-25,0.9205287102005245,0.9402191638946533,0.9205287102005245,0.9402191638946533,46800.0
1997-07-28,0.9451415106422543,0.9549867347114444,0.9402188986076592,0.9500641226768494,67300.0
1997-07-29,0.9549867991868615,0.9697546362876892,0.9451415744529763,0.9697546362876892,49200.0
1997-07-30,0.9697546249628066,0.994367686510086,0.9697546249628066,0.9845224618911743,45700.0
1997-07-31,0.9845224618911743,0.9894450742006301,0.9746772372722625,0.9845224618911743,64400.0
1997-08-01,0.9845230447587056,0.9845230447587056,0.9648325838635314,0.9796004295349121,36700.0
1997-08-04,0.9697550080641352,0.9796002365724005,0.9648323938100025,0.9746776223182678,19600.0
1997-08-05,0.9697550080641352,0.9894454650806659,0.9697550080641352,0.9746776223182678,59500.0
1997-08-06,0.9746770769802492,0.98944491147995,0.9697544654803489,0.98944491147995,29300.0
1997-08-07,0.9845220983909269,0.9992899298667908,0.9845220983909269,0.9992899298667908,28300.0
1997-08-08,0.9992902430228,0.9992902430228,0.9500641226768493,0.9500641226768494,35400.0
1997-08-11,0.9549861550331116,0.9549861550331116,0.9303731098002994,0.9549861550331116,38200.0
1997-08-12,0.959909411553804,0.984522473388517,0.9549867991868615,0.9697546362876892,129100.0
1997-08-13,0.9746771120295232,0.9795997237064401,0.9500640536449394,0.9648318886756897,82200.0
1997-08-14,0.9648320239207466,0.9746772486546318,0.9648320239207466,0.9697546362876892,42700.0
1997-08-15,0.9648315723125752,0.9697541823753945,0.9549863521869366,0.9599089622497559,52100.0
1997-08-18,0.9549867347114444,0.9599093467460394,0.9451415106422543,0.9500641226768494,64900.0
1997-08-19,0.9500641868199189,0.9697546362876892,0.9451415744529763,0.9697546362876892,87100.0
1997-08-20,0.9711701108008316,0.9914028214425156,0.9509374001591476,0.9812864661216736,53300.0
1997-08-21,0.976229217039977,0.9863455819833965,0.9661128520965576,0.9661128520965576,35700.0
1997-08-22,0.9711707234382629,0.9711707234382629,0.9408216383308172,0.9711707234382629,37800.0
1997-08-25,0.9762289042895038,0.9762289042895038,0.961054361735781,0.9711707234382629,16600.0
1997-08-26,0.9711707234382629,0.9711707234382629,0.966112542587022,0.9711707234382629,30300.0
1997-08-27,0.9711701108008316,0.9863446437820946,0.9610537554799896,0.9812864661216736,48100.0
1997-08-28,0.9812870851407448,0.9812870851407448,0.966112542587022,0.9711707234382629,25100.0
1997-08-29,0.9711709491947154,0.9762291312217712,0.9610545851406038,0.9762291312217712,19300.0
1997-09-02,0.9762282884612526,0.9914028214425156,0.9661119331404106,0.9812864661216736,94500.0
1997-09-03,0.9863453388822322,0.9914035201072693,0.976228976432158,0.9914035201072693,60200.0
1997-09-04,0.9863446437820946,1.0015191767633576,0.9762282884612526,0.9812864661216736,36000.0
1997-09-05,0.9762291312217712,0.9863454952758829,0.9711709491947154,0.9762291312217712,36900.0
1997-09-08,0.9812875432197494,1.0015202760696411,0.9762293600072764,1.0015202760696411,37900.0
1997-09-09,0.9914039096446953,1.0015202760696411,0.9863457264322223,1.0015202760696411,35000.0
1997-09-10,0.9964623151712082,1.0065786838531494,0.9914041308302376,1.0065786838531494,27700.0
1997-09-11,1.006578194499016,1.0116363763809204,0.9914036488533021,1.0116363763809204,60300.0
1997-09-12,1.016694558262825,1.016694558262825,1.006578194499016,1.0116363763809204,40700.0
1997-09-15,1.0065786838531494,1.0116368681941201,0.9964623151712082,1.0065786838531494,65000.0
1997-09-16,1.0065780640834598,1.02175260776311,1.0065780640834598,1.01669442653656,57400.0
1997-09-17,1.0116358598073325,1.031868577003479,1.0116358598073325,1.031868577003479,32600.0
1997-09-18,1.0217524327120735,1.0419851541519165,1.0166942523521127,1.0419851541519165,37500.0
1997-09-19,1.0419849356015525,1.0419849356015525,1.0217522184054058,1.031868577003479,19600.0
1997-09-22,1.0419851216402922,1.057159662246704,1.0318687612360176,1.057159662246704,39900.0
1997-09-23,1.0521016840664845,1.0875089522802606,1.0521016840664845,1.0723344087600708,72200.0
1997-09-24,1.0723341810759774,1.0723341810759774,1.0571596407777326,1.0672760009765625,26800.0
1997-09-25,1.0672765307956271,1.0672765307956271,1.047043800354004,1.047043800354004,46700.0
1997-09-26,1.0521014820445669,1.0672760226509788,1.0470433018424294,1.057159662246704,50400.0
1997-09-29,1.0521019829644096,1.0622183481852212,1.047043800354004,1.047043800354004,50500.0
1997-09-30,1.0470429567190316,1.0571593137887807,1.0470429567190316,1.0521011352539062,51100.0
1997-10-01,1.047043800354004,1.0521019829644096,1.047043800354004,1.047043800354004,22000.0
1997-10-02,1.0521014820445669,1.057159662246704,1.0470433018424294,1.057159662246704,31400.0
1997-10-03,1.057159662246704,1.057159662246704,1.0521014820445669,1.057159662246704,45500.0
1997-10-06,1.057159662246704,1.057159662246704,1.0521014820445669,1.057159662246704,47600.0
1997-10-07,1.0571593137887807,1.0571593137887807,1.0521011352539062,1.0521011352539062,32400.0
1997-10-08,1.0571593137887807,1.0571593137887807,1.0470429567190316,1.0521011352539062,86300.0
1997-10-09,1.0470429567190316,1.0521011352539062,1.0369265996492825,1.0521011352539062,67400.0
1997-10-10,1.0470429567190316,1.0521011352539062,1.0419847781841571,1.0521011352539062,42900.0
1997-10-13,1.0521011352539062,1.0521011352539062,1.0419847781841571,1.0521011352539062,42500.0
1997-10-14,1.0470429567190316,1.0521011352539062,1.0419847781841571,1.0521011352539062,64200.0
1997-10-15,1.041985617743598,1.0521019829644096,1.041985617743598,1.047043800354004,21300.0
1997-10-16,1.0521017679354039,1.0521017679354039,1.0369272232055664,1.0369272232055664,57000.0
1997-10-17,1.0369272232055664,1.041985404782179,1.0268108600523413,1.0369272232055664,30000.0
1997-10-20,1.031869041628954,1.0369272232055664,1.031869041628954,1.0369272232055664,13600.0
1997-10-21,1.0369265996492825,1.0571593137887807,1.0369265996492825,1.0521011352539062,72900.0
1997-10-22,1.0470433018424294,1.057159662246704,1.0470433018424294,1.057159662246704,42200.0
1997-10-23,1.047043114900589,1.0521012941996257,1.031868577003479,1.031868577003479,54000.0
1997-10-24,1.0419849356015525,1.047043114900589,1.031868577003479,1.031868577003479,34900.0
1997-10-27,1.0217523028976039,1.0217523028976039,0.9509377868551957,0.9610541462898254,65500.0
1997-10-28,0.9104726205066759,1.0065780637823805,0.9003562580566017,0.9914035201072693,80500.0
1997-10-29,1.0015202760696411,1.011636642494587,0.9964620928571682,1.0015202760696411,36100.0
1997-10-30,0.9914028214425156,0.9914028214425156,0.9762282884612526,0.9812864661216736,37200.0
1997-10-31,0.9914032117969493,1.0065777507530251,0.9863450321449241,0.9964613914489746,56400.0
1997-11-03,1.0015202760696411,1.011636642494587,1.0015202760696411,1.0015202760696411,21500.0
1997-11-04,1.0015198828569098,1.02175260776311,1.0015198828569098,1.01669442653656,43600.0
1997-11-05,1.0217524327120735,1.052101514871838,1.0166942523521127,1.0419851541519165,37500.0
1997-11-06,1.0318687612360176,1.057159662246704,1.0318687612360176,1.057159662246704,38300.0
1997-11-07,1.0470435138958603,1.0470435138958603,0.9964617016303597,1.01669442653656,49300.0
1997-11-10,1.0217523469126284,1.0318687067830503,1.0217523469126284,1.0268105268478394,32700.0
1997-11-11,1.0268105374704493,1.0268105374704493,1.016694177495371,1.0217523574829102,39200.0
1997-11-12,1.0166950525350906,1.0217532368760611,1.001520499512179,1.0065786838531494,77900.0
1997-11-13,1.0116362450074177,1.0116362450074177,0.9812871576571951,0.9914035201072693,61500.0
1997-11-14,0.9914029928354117,0.9914029928354117,0.9812866357656626,0.9863448143005371,45300.0
1997-11-17,0.9914039096446953,1.011636642494587,0.9914039096446953,1.0015202760696411,38500.0
1997-11-18,1.001520499512179,1.0116368681941201,1.001520499512179,1.0065786838531494,49300.0
1997-11-19,1.0123929229317878,1.0227764400900627,1.0072011643526506,1.0175846815109253,30000.0
1997-11-20,1.0072011643526506,1.0227764400900627,1.0072011643526506,1.0175846815109253,26900.0
1997-11-21,1.0175847694127247,1.0331600464955726,1.0175847694127247,1.0279682874679565,29000.0
1997-11-24,1.017584277422,1.0227760339394594,1.0020090078696227,1.012392520904541,33300.0
1997-11-25,1.0123928336753059,1.0123928336753059,1.007201075553894,1.007201075553894,53500.0
1997-11-26,1.007201075553894,1.0123928336753059,1.007201075553894,1.007201075553894,27600.0
1997-11-28,1.012392520904541,1.012392520904541,1.0072007643870817,1.012392520904541,6000.0
1997-12-01,1.012392848881368,1.0227763652801514,1.0072010906819764,1.0227763652801514,30500.0
1997-12-02,1.0227764400900627,1.0279681986692,1.0175846815109253,1.0175846815109253,13100.0
1997-12-03,1.0227763652801514,1.027968123479543,1.012392848881368,1.0227763652801514,27000.0
1997-12-04,1.0279682874679565,1.0383518055231884,1.0175847694127247,1.0279682874679565,48500.0
1997-12-05,1.0331594944000244,1.0383512506532908,1.027967738146758,1.0331594944000244,17000.0
1997-12-08,1.0383518934249878,1.0383518934249878,1.027968374490738,1.0383518934249878,40900.0
1997-12-09,1.0383512506532908,1.0383512506532908,1.0227759818934914,1.0331594944000244,22100.0
1997-12-10,1.0331600464955726,1.0331600464955726,1.0227765284403407,1.0279682874679565,31100.0
1997-12-11,1.0227760339394594,1.0279677904569184,1.0072007643870817,1.012392520904541,29700.0
1997-12-12,1.0175846815109253,1.0227764400900627,1.0123929229317878,1.0175846815109253,21500.0
1997-12-15,1.0227763499181295,1.0227763499181295,1.007201075553894,1.007201075553894,16100.0
1997-12-16,1.002009391784668,1.017584667304637,1.002009391784668,1.002009391784668,48600.0
1997-12-17,1.0123928336753059,1.0175845917967177,1.007201075553894,1.007201075553894,21900.0
1997-12-18,1.0175845917967177,1.0175845917967177,1.007201075553894,1.007201075553894,35000.0
1997-12-19,0.9968171370656866,1.0020088929879039,0.9812418692990353,0.9864336252212524,34300.0
1997-12-22,0.9760501133768181,0.9916253811434695,0.9137490423102128,0.9864336252212524,31800.0
1997-12-23,0.9812426735112006,0.9864344336885086,0.9760509133338927,0.9760509133338928,25600.0
1997-12-24,0.9760509133338927,0.9760509133338927,0.9656673929792768,0.9760509133338928,19700.0
1997-12-26,0.9760501851480473,0.9864336977560053,0.9656666725400894,0.9812419414520264,6800.0
1997-12-29,0.9916261434555055,0.9916261434555055,0.9864343835421259,0.9916261434555054,12400.0
1997-12-30,0.9916253811434695,0.9968171370656866,0.9864336252212524,0.9864336252212524,18000.0
1997-12-31,0.9864343835421259,0.9968179033688851,0.9864343835421259,0.9916261434555054,27900.0
1998-01-02,0.9968179033688851,0.9968179033688851,0.9864343835421259,0.9916261434555054,38000.0
1998-01-05,0.9968176332780116,1.002009391784668,0.9916258747713554,1.002009391784668,49400.0
1998-01-06,1.0020089875906706,1.0020089875906706,0.9916254747658968,0.9968172311782837,29200.0
1998-01-07,0.9968175742831932,1.0227763652801514,0.9968175742831932,1.0227763652801514,38100.0
1998-01-08,1.0227764400900627,1.0227764400900627,1.0072011643526506,1.0175846815109253,49900.0
1998-01-09,1.0072012444868446,1.0123930034790447,0.9708589315414429,0.9708589315414429,83600.0
1998-01-12,0.9656666015323839,0.9864336252212524,0.9656666015323839,0.9864336252212524,29800.0
1998-01-13,0.9916254747658968,1.0123925004154444,0.9864337183535099,0.9968172311782837,30000.0
1998-01-14,0.9968172311782837,1.0175842568278313,0.9968172311782837,0.9968172311782837,56700.0
1998-01-15,1.0072014231956443,1.0072014231956443,0.9916261434555055,0.9916261434555054,28500.0
1998-01-16,0.9968176471943757,1.0175846815109253,0.9968176471943757,1.0175846815109253,34900.0
1998-01-20,1.0072007131336922,1.0331594944000244,1.0020089568804256,1.0331594944000244,43500.0
1998-01-21,1.0331601339578629,1.0383518934249878,1.0175848555564881,1.0383518934249878,40000.0
1998-01-22,1.0279682999226585,1.0643106135562879,1.0279682999226585,1.0435435771942139,110500.0
1998-01-23,1.0383512506532908,1.0383512506532908,1.027967738146758,1.0331594944000244,33000.0
1998-01-26,1.027968123479543,1.0383516398783261,1.0227763652801514,1.0227763652801514,67100.0
1998-01-27,1.0175846070807597,1.027968123479543,1.0175846070807597,1.0227763652801514,54700.0
1998-01-28,1.027967738146758,1.0331594944000244,1.017584225640225,1.0331594944000244,53900.0
1998-01-29,1.0331594944000244,1.0331594944000244,1.017584225640225,1.0331594944000244,26400.0
1998-01-30,1.027968123479543,1.0331598816789347,1.0175846070807597,1.0227763652801514,41800.0
1998-02-02,1.0331597944785809,1.0539268255233765,1.0331597944785809,1.0539268255233765,29600.0
1998-02-03,1.0539268255233765,1.0591185832845753,1.0487350677621776,1.0539268255233765,67100.0
1998-02-04,1.0487350677621776,1.0695020988069732,1.0487350677621776,1.0539268255233765,35100.0
1998-02-05,1.0643102387780126,1.0746937533026761,1.0591184815156807,1.0695019960403442,39700.0
1998-02-06,1.0746935606002808,1.0746935606002808,1.0383512662804646,1.0746935606002808,50100.0
1998-02-09,1.0746941886297088,1.0746941886297088,1.0591189105336258,1.0643106698989868,48900.0
1998-02-10,1.0643096239520953,1.0798848867416382,1.0643096239520953,1.0798848867416382,59000.0
1998-02-11,1.0798859479950695,1.0798859479950695,1.0643106698989868,1.0643106698989868,21000.0
1998-02-12,1.0695024292643478,1.0746941886297088,1.0591189105336258,1.0643106698989868,30100.0
1998-02-13,1.0643106698989868,1.0695024292643478,1.0591189105336258,1.0643106698989868,23600.0
1998-02-17,1.0746937533026761,1.0798855105650078,1.0591184815156807,1.0695019960403442,68300.0
1998-02-18,1.0695019960403442,1.0746937533026761,1.0591184815156807,1.0695019960403442,24900.0
1998-02-19,1.0695019960403442,1.0850772678273395,1.0643102387780126,1.0695019960403442,34800.0
1998-02-20,1.0798848867416382,1.0850766410048192,1.0695013782152762,1.0798848867416382,32200.0
1998-02-23,1.0798852957931218,1.0850770520228965,1.0591182708740234,1.0591182708740234,45100.0
1998-02-24,1.0746941252758628,1.1006529205723812,1.0746941252758628,1.0850776433944702,67600.0
1998-02-25,1.0902694024537738,1.105844679631685,1.0798858843351664,1.0850776433944702,26600.0
1998-02-26,1.074693743651512,1.0954607725143433,1.074693743651512,1.0954607725143433,42800.0
1998-02-27,1.0954606067566643,1.1006523631867908,1.0850770938964116,1.090268850326538,37200.0
1998-03-02,1.100652529730051,1.100652529730051,1.0902690152986354,1.0954607725143433,35200.0
1998-03-03,1.095461025416294,1.1110363006591797,1.095461025416294,1.1110363006591797,90600.0
1998-03-04,1.103572743361076,1.1195665512358743,1.103572743361076,1.114235281944275,23600.0
1998-03-05,1.1089026927947998,1.1089026927947998,1.103571429848671,1.1089026927947998,22700.0
1998-03-06,1.114235281944275,1.1248978205274738,1.114235281944275,1.114235281944275,26800.0
1998-03-09,1.1089040126526755,1.1195665512358743,1.1089040126526755,1.114235281944275,28500.0
1998-03-10,1.1089039296611374,1.1408915430167472,1.1089039296611374,1.1355602741241455,18300.0
1998-03-11,1.1302283176155978,1.1462221145629883,1.1248970519664676,1.1462221145629883,42500.0
1998-03-12,1.140891194343567,1.1462224616068546,1.119566125290416,1.140891194343567,49600.0
1998-03-13,1.1462221145629883,1.1515533802121185,1.1408908489138583,1.1462221145629883,24700.0
1998-03-16,1.15155367417769,1.1728787422180176,1.146222407167608,1.1728787422180176,35200.0
1998-03-17,1.1622164150536884,1.1675476830126503,1.140891343217841,1.1568851470947266,31300.0
1998-03-18,1.1622166633605957,1.1835417397525332,1.1408915869686582,1.1622166633605957,25700.0
1998-03-19,1.1728787422180176,1.1835412762381814,1.1568849411877717,1.1728787422180176,29600.0
1998-03-20,1.1782103958685837,1.1888729333877563,1.167547858349411,1.1888729333877563,17300.0
1998-03-23,1.172878173020509,1.1888719662889704,1.172878173020509,1.18354070186615,26700.0
1998-03-24,1.1782103776931763,1.1888729150478656,1.167547840338487,1.1782103776931763,22400.0
1998-03-25,1.1675474752079356,1.1782100092280994,1.1622162081978538,1.1728787422180176,34700.0
1998-03-26,1.172879090592197,1.172879090592197,1.1675478219985962,1.1675478219985962,15500.0
1998-03-27,1.1728787422180176,1.1782100092280994,1.1622162081978538,1.1728787422180176,22100.0
1998-03-30,1.162215911510379,1.1728784428086392,1.1302283176155978,1.1462221145629883,33500.0
1998-03-31,1.1568846581158814,1.1728784552326907,1.1515533924102783,1.1515533924102783,15500.0
1998-04-01,1.15155367417769,1.1728787422180176,1.146222407167608,1.1728787422180176,40900.0
1998-04-02,1.1622162081978538,1.1782100092280994,1.15155367417769,1.1728787422180176,18700.0
1998-04-03,1.1728792015565646,1.1835417397525332,1.1622166633605957,1.1622166633605957,32300.0
1998-04-06,1.1622165716611423,1.183541646370521,1.1622165716611423,1.1782103776931763,29200.0
1998-04-07,1.1728787422180176,1.1782100092280994,1.1728787422180176,1.1728787422180176,9000.0
1998-04-08,1.1675478219985962,1.1675478219985962,1.1515540162177935,1.1675478219985962,27500.0
1998-04-09,1.1675478219985962,1.178210359185798,1.1622165534049953,1.1675478219985962,25200.0
1998-04-13,1.1675471895270877,1.1675471895270877,1.140890860999072,1.1515533924102783,34700.0
1998-04-14,1.1462228560666425,1.1728792015565646,1.1462228560666425,1.1622166633605957,17600.0
1998-04-15,1.1568853942626114,1.1782104706545489,1.1568853942626114,1.1622166633605957,17200.0
1998-04-16,1.167547840338487,1.1782103776931763,1.1408914969517634,1.1782103776931763,38700.0
1998-04-17,1.1568849411877717,1.1728787422180176,1.1568849411877717,1.1728787422180176,14100.0
1998-04-20,1.1675478219985962,1.172879090592197,1.1515540162177935,1.1675478219985962,26500.0
1998-04-21,1.1622165534049953,1.172879090592197,1.1568852848113944,1.1675478219985962,13600.0
1998-04-22,1.1675478219985962,1.178210359185798,1.1568852848113944,1.1675478219985962,16600.0
1998-04-23,1.1568851470947266,1.1675476830126503,1.1568851470947266,1.1568851470947266,19700.0
1998-04-24,1.1568849411877717,1.1888725432482632,1.1568849411877717,1.1728787422180176,54700.0
1998-04-27,1.167547621433204,1.1728788891109811,1.1248974800109863,1.1248974800109863,57100.0
1998-04-28,1.1302285194396973,1.1462223192430891,1.1195659862374359,1.1302285194396973,25600.0
1998-04-29,1.1302285194396973,1.1302285194396973,1.1195659862374359,1.1302285194396973,25100.0
1998-04-30,1.1408915869686582,1.1782104706545489,1.1408915869686582,1.1622166633605957,21200.0
1998-05-01,1.151554125164627,1.1728792015565646,1.151554125164627,1.1622166633605957,20700.0
1998-05-04,1.1728791090158317,1.183541646370521,1.1728791090158317,1.1782103776931763,20200.0
1998-05-05,1.1782103776931763,1.1782103776931763,1.167547840338487,1.1782103776931763,15300.0
1998-05-06,1.183541646370521,1.1888729150478656,1.167547840338487,1.1782103776931763,32600.0
1998-05-07,1.1675478219985962,1.1675478219985962,1.1568852848113944,1.1675478219985962,39100.0
1998-05-08,1.1675477506858962,1.1942040920257568,1.1675477506858962,1.1942040920257568,58600.0
1998-05-11,1.18354166462817,1.1942042021473427,1.18354166462817,1.1888729333877563,35300.0
1998-05-12,1.1888728237577848,1.199535360293729,1.1888728237577848,1.1942040920257568,24000.0
1998-05-13,1.1942037455240886,1.1995350122451782,1.1835412120819093,1.1995350122451782,21400.0
1998-05-14,1.1888728237577848,1.199535360293729,1.1782102872218405,1.1942040920257568,28400.0
1998-05-15,1.2048666285617011,1.2155291650976454,1.1888728237577848,1.1942040920257568,24500.0
1998-05-18,1.1888729333877563,1.1942042021473427,1.18354166462817,1.1888729333877563,33700.0
1998-05-19,1.1888729150478656,1.1888729150478656,1.1782103776931763,1.1782103776931763,19500.0
1998-05-20,1.194205936984481,1.194205936984481,1.1722939014434814,1.1722939014434814,29100.0
1998-05-21,1.1777720149134245,1.183250024285115,1.166815996170044,1.166815996170044,7500.0
1998-05-22,1.183249592781067,1.1942056075290397,1.172293578033094,1.183249592781067,10700.0
1998-05-26,1.1832490965377453,1.1832490965377453,1.1668150813080544,1.1777710914611816,30700.0
1998-05-27,1.1777710914611816,1.188727101614309,1.1722930863846182,1.1777710914611816,31200.0
1998-05-28,1.1777715854070805,1.1942056075290397,1.1777715854070805,1.183249592781067,57700.0
1998-05-29,1.1175138643472502,1.1394259009030785,1.106557846069336,1.106557846069336,113500.0
1998-06-01,1.0956015419121363,1.0956015419121363,1.084645526493015,1.0901235342025757,26100.0
1998-06-02,1.0901235342025757,1.0901235342025757,1.084645526493015,1.0901235342025757,34000.0
1998-06-03,1.090123996590123,1.090123996590123,1.0791679765238906,1.0846459865570068,18100.0
1998-06-04,1.0901235342025757,1.0901235342025757,1.0791675187834544,1.0901235342025757,14000.0
1998-06-05,1.0901235999732182,1.1120356321334839,1.0901235999732182,1.1120356321334839,18600.0
1998-06-08,1.101079514797996,1.1284695524795383,1.101079514797996,1.1175135374069214,23300.0
1998-06-09,1.1229915449432297,1.1284695524795383,1.1120355298706128,1.1175135374069214,11800.0
1998-06-10,1.1065576240934174,1.1175136401735501,1.101079616053351,1.1120356321334839,20100.0
1998-06-11,1.1175138643472502,1.1175138643472502,1.106557846069336,1.106557846069336,22500.0
1998-06-12,1.106557846069336,1.112035855208293,1.0956018277914217,1.106557846069336,16800.0
1998-06-15,1.0956017971038818,1.0956017971038818,1.084645779132843,1.0956017971038818,22000.0
1998-06-16,1.0956016939077804,1.1010797023773193,1.0791676684991638,1.1010797023773193,21300.0
1998-06-17,1.1010798060894014,1.1065578150749207,1.084645779132843,1.0956017971038818,26900.0
1998-06-18,1.0956014730991461,1.0956014730991461,1.0627334289061718,1.0682114362716675,46800.0
1998-06-19,1.0736899375915527,1.0736899375915527,1.0682119277058815,1.0736899375915527,9700.0
1998-06-22,1.0736899664907744,1.0846459865570068,1.0736899664907744,1.0846459865570068,40100.0
1998-06-23,1.073689596302013,1.084645612590809,1.073689596302013,1.0791676044464111,23000.0
1998-06-24,1.0791677701473237,1.0956017971038818,1.0791677701473237,1.0956017971038818,35700.0
1998-06-25,1.1010797023773193,1.1065577108468583,1.0956016939077804,1.1010797023773193,22700.0
1998-06-26,1.101079549621697,1.1065575573312578,1.0901235342025757,1.0901235342025757,17100.0
1998-06-29,1.0846458095135074,1.106557846069336,1.0846458095135074,1.106557846069336,39300.0
1998-06-30,1.1175135374069214,1.1175135374069214,1.101079514797996,1.1175135374069214,26300.0
1998-07-01,1.128469870991684,1.1503819073216197,1.128469870991684,1.1449038982391357,124200.0
1998-07-02,1.155859763495588,1.155859763495588,1.1175137049909951,1.133947730064392,72300.0
1998-07-06,1.1284699440002441,1.139425962874033,1.12299193456335,1.1284699440002441,15300.0
1998-07-07,1.128469721706593,1.133947730064392,1.128469721706593,1.133947730064392,17800.0
1998-07-08,1.1339479534371386,1.139425962874033,1.1284699440002441,1.1284699440002441,28200.0
1998-07-09,1.1284700486718156,1.1284700486718156,1.117514028781798,1.1229920387268066,52300.0
1998-07-10,1.128469870991684,1.1558599164041037,1.1229918619092,1.1449038982391357,80700.0
1998-07-13,1.14490374677999,1.14490374677999,1.133947730064392,1.133947730064392,35100.0
1998-07-14,1.1394258020048458,1.1558598279953003,1.1394258020048458,1.1558598279953003,55900.0
1998-07-15,1.1558598747877318,1.1722939014434814,1.1558598747877318,1.1722939014434814,44500.0
1998-07-16,1.166815996170044,1.166815996170044,1.1613379867983535,1.166815996170044,40700.0
1998-07-17,1.1613370592777545,1.1668150642743478,1.1339470342947886,1.1394250392913818,92100.0
1998-07-20,1.144903044287975,1.1558590542811613,1.1394250392913818,1.1394250392913818,74200.0
1998-07-21,1.150381755137789,1.150381755137789,1.128469721706593,1.133947730064392,87100.0
1998-07-22,1.1284700486718156,1.1339480586168242,1.117514028781798,1.1229920387268066,55500.0
1998-07-23,1.1284695524795383,1.1339475600158466,1.1175135374069214,1.1175135374069214,34800.0
1998-07-24,1.117514028781798,1.1284700486718156,1.117514028781798,1.1229920387268066,19500.0
1998-07-27,1.1175136401735501,1.1175136401735501,1.1065576240934174,1.1120356321334839,39100.0
1998-07-28,1.117513727785936,1.1229917362554749,1.1010797023773193,1.1010797023773193,24200.0
1998-07-29,1.1010797023773193,1.1120357193163972,1.0956016939077804,1.1010797023773193,16800.0
1998-07-30,1.1120355298706128,1.1175135374069214,1.101079514797996,1.1175135374069214,34800.0
1998-07-31,1.112036018836789,1.1229920387268066,1.1065580088917804,1.1229920387268066,20600.0
1998-08-03,1.1175138643472502,1.1175138643472502,1.101079836930379,1.106557846069336,32000.0
1998-08-04,1.1065579969055799,1.112036006791251,1.0736899375915527,1.0736899375915527,37700.0
1998-08-05,1.0791679500265325,1.0791679500265325,1.0134318312431905,1.0298658609390259,41500.0
1998-08-06,1.0298653000279476,1.0462993207730746,1.0298653000279476,1.0408213138580322,26200.0
1998-08-07,1.0462998881631969,1.0736899375915527,1.0462998881631969,1.0736899375915527,35300.0
1998-08-10,1.062733769416809,1.0682117785375143,1.0517777511753987,1.062733769416809,18600.0
1998-08-11,1.0462997539795655,1.0517777631627048,1.0243877172470093,1.0243877172470093,26200.0
1998-08-12,1.0353435762226582,1.0682116262614727,1.0298655678828559,1.0517776012420654,14800.0
1998-08-13,1.0682119277058815,1.0736899375915527,1.0627339178202104,1.0736899375915527,24400.0
1998-08-14,1.0736896346012752,1.0736896346012752,1.0517776012420654,1.0517776012420654,23500.0
1998-08-17,1.0517781841817326,1.0517781841817326,1.0408221614298396,1.0463001728057861,22000.0
1998-08-18,1.0517776012420654,1.0517776012420654,1.0462995929022632,1.0517776012420654,41200.0
1998-08-19,1.053355060359265,1.064620889881824,1.0477221455979855,1.0589879751205444,15900.0
1998-08-20,1.0589878468900114,1.0589878468900114,1.0364561905732026,1.0420891046524048,30500.0
1998-08-21,1.0477216943450596,1.0477216943450596,1.0139242203339287,1.0364558696746826,62900.0
1998-08-24,1.0364563900937316,1.0477222204208374,1.0364563900937316,1.0477222204208374,34100.0
1998-08-25,1.0533551355843904,1.0646209659114962,1.0477222204208374,1.0477222204208374,38900.0
1998-08-26,1.0477216943450596,1.0477216943450596,1.0082913079987401,1.0364558696746826,70600.0
1998-08-27,1.0026590369340311,1.0139248688096945,0.9688615413070414,0.974494457244873,49100.0
1998-08-28,0.9801272026130131,0.9913930325281052,0.9350638829526446,0.9463297128677368,39200.0
1998-08-31,0.9125318364663558,0.9237976616079158,0.8505697981877761,0.867468535900116,77700.0
1998-09-01,0.87310192025738,0.9350639920175811,0.87310192025738,0.9125323295593262,53200.0
1998-09-02,0.906898720336683,0.9463290994817561,0.9012658090302439,0.929430365562439,60000.0
1998-09-03,0.9181650802493095,0.923797994852066,0.890000507235527,0.90126633644104,40100.0
1998-09-04,0.8956330169605303,0.9068988410732415,0.8843671928478193,0.8900001049041748,30800.0
1998-09-08,0.9125322481119855,0.9519626538946021,0.8956335027765784,0.9068993330001831,36000.0
1998-09-09,0.9068989989104544,0.9125319119471653,0.8674686076534781,0.8843673467636108,66100.0
1998-09-10,0.8787349838959543,0.88436790045939,0.8505704010787762,0.8562033176422119,42000.0
1998-09-11,0.8618356946167672,0.8900002598003217,0.8505698685433455,0.8843673467636108,17000.0
1998-09-14,0.9125323295593262,0.9294310764030174,0.9068994139447624,0.9125323295593262,30000.0
1998-09-15,0.918164542949561,0.929430365562439,0.9125316316431219,0.929430365562439,26300.0
1998-09-16,0.929430365562439,0.935063276868878,0.923797454256,0.929430365562439,48700.0
1998-09-17,0.9237980023483557,0.9294309169968212,0.9012663437544933,0.9181650876998901,40200.0
1998-09-18,0.9125316651856027,0.9350633112395682,0.9125316651856027,0.9237974882125854,21600.0
1998-09-21,0.9181647675479957,0.9463293309697134,0.9068989421793087,0.9406964182853699,30200.0
1998-09-22,0.9406967536512628,0.9463296683437853,0.9350638389587402,0.9350638389587402,17900.0
1998-09-23,0.9463302680021207,0.9575961045259554,0.9350644314782859,0.9519631862640381,33100.0
1998-09-24,0.9519620107881951,0.9575949220946341,0.929430365562439,0.929430365562439,29100.0
1998-09-25,0.9350637513048509,0.9575954079627991,0.9125320946469027,0.9575954079627991,20000.0
1998-09-28,0.9688612362917732,0.9688612362917732,0.9575954079627991,0.9575954079627991,19500.0
1998-09-29,0.9688613726979209,0.9688613726979209,0.9463297128677368,0.9463297128677368,14600.0
1998-09-30,0.9575954977288303,0.9575954977288303,0.9237980095736952,0.9350638389587402,12500.0
1998-10-01,0.9012661836086175,0.9237978381988329,0.8787345290184021,0.8787345290184021,45600.0
1998-10-02,0.8843675926327705,0.90126633644104,0.8731017634272575,0.90126633644104,39600.0
1998-10-05,0.9012660113247959,0.9012660113247959,0.8449368856169961,0.867468535900116,26800.0
1998-10-06,0.8674687017232944,0.8843674426659559,0.8562028744281867,0.8787345290184021,27500.0
1998-10-07,0.8731014708677928,0.8731014708677928,0.8393039945761364,0.8449369072914124,8900.0
1998-10-08,0.8280386030673981,0.8336715187345232,0.7773423620632717,0.788608193397522,30900.0
1998-10-09,0.811139500224507,0.822405326616514,0.7942407606364964,0.8055065870285034,50900.0
1998-10-12,0.8167719780182352,0.8505694391776104,0.8167719780182352,0.8280377984046936,49600.0
1998-10-13,0.839304194939847,0.850570023059845,0.8167725386998511,0.850570023059845,58100.0
1998-10-14,0.8505704010787762,0.8787349838959543,0.8280387348250339,0.8562033176422119,60500.0
1998-10-15,0.850570257799125,0.9125323295593262,0.850570257799125,0.9125323295593262,21500.0
1998-10-16,0.9012664178883807,0.9181651632237878,0.9012664178883807,0.9068993330001831,25800.0
1998-10-19,0.9125327584306164,0.9519631862640381,0.906899840168699,0.9519631862640381,38900.0
1998-10-20,0.9632278334010732,0.9801265673203903,0.929430365562439,0.929430365562439,53700.0
1998-10-21,0.9406967979101907,0.9519626278252828,0.9350638829526446,0.9463297128677368,46300.0
1998-10-22,0.9350637513048509,0.9575954079627991,0.9350637513048509,0.9575954079627991,24100.0
1998-10-23,0.9575951712472097,0.9913926478794642,0.9575951712472097,0.9857597351074219,65300.0
1998-10-26,0.9857602891205363,0.9970261209961996,0.9744944572448729,0.974494457244873,54700.0
1998-10-27,0.9801270646207473,1.0026587212786955,0.9575954079627991,0.9575954079627991,46700.0
1998-10-28,0.9688612362917732,0.9801270646207473,0.951962493798312,0.9575954079627991,15800.0
1998-10-29,0.9632282945616492,0.9801270365715026,0.9632282945616492,0.9801270365715027,13700.0
1998-10-30,0.9801271998069503,0.9913930296897888,0.9801271998069503,0.9913930296897888,24000.0
1998-11-02,0.9970253864924113,1.0139241218566895,0.9970253864924113,1.0139241218566895,17600.0
1998-11-03,1.0139242763625844,1.0139242763625844,1.0082913637161255,1.0082913637161255,29900.0
1998-11-04,1.0139243488005776,1.0533547401428223,1.0139243488005776,1.0533547401428223,55700.0
1998-11-05,1.0477218270939301,1.0589876531917144,1.042088914045038,1.0533547401428223,24300.0
1998-11-06,1.0477222204208374,1.0589880507479432,1.0420893052572846,1.0477222204208374,11100.0
1998-11-09,1.047722018731607,1.0589878468900114,1.0308232764940004,1.0420891046524048,18500.0
1998-11-10,1.0308229573394943,1.0477216943450596,1.0308229573394943,1.0364558696746826,16000.0
1998-11-11,1.0364561905732026,1.0420891046524048,1.0308232764940004,1.0420891046524048,11100.0
1998-11-12,1.0477218510674648,1.0477218510674648,1.0308231115341187,1.0308231115341187,10200.0
1998-11-13,1.0420893052572846,1.0589880507479432,1.0420893052572846,1.0477222204208374,15800.0
1998-11-16,1.0589878468900114,1.0646207609692135,1.0420891046524048,1.0420891046524048,12300.0
1998-11-17,1.0420887820098712,1.0420887820098712,1.0082913079987401,1.0364558696746826,61000.0
1998-11-18,1.0304355255582116,1.0304355255582116,1.0188575983047485,1.0188575983047485,30500.0
1998-11-19,1.024646520614624,1.024646520614624,1.0130685938280182,1.024646520614624,25900.0
1998-11-20,1.024646520614624,1.0362244474012299,1.0188575572213212,1.024646520614624,29800.0
1998-11-23,1.0362240877416398,1.0535909718937344,1.0304351263576084,1.0420130491256714,55500.0
1998-11-24,1.0362240877416398,1.0535909718937344,1.0304351263576084,1.0420130491256714,34500.0
1998-11-25,1.047802407007951,1.0535913705825806,1.036224479858692,1.0535913705825806,27400.0
1998-11-27,1.0535915319432212,1.0535915319432212,1.0420136030207683,1.0478025674819946,7300.0
1998-11-30,1.042013807669698,1.0478027732678632,1.030435876473368,1.0362248420715332,28500.0
1998-12-01,1.0304351263576084,1.0478020105097028,1.0246461649735767,1.0420130491256714,18500.0
1998-12-02,1.0304356813430786,1.0420136103469335,1.018857752339224,1.0304356813430786,25100.0
1998-12-03,1.024646520614624,1.0362244474012299,1.0188575572213212,1.024646520614624,9300.0
1998-12-04,1.024646520614624,1.047802374187836,1.024646520614624,1.024646520614624,37700.0
1998-12-07,1.0246469108752032,1.042013807669698,1.0246469108752032,1.0362248420715332,24600.0
1998-12-08,1.030435876473368,1.065169670062358,1.030435876473368,1.0362248420715332,25800.0
1998-12-09,1.0478027732678632,1.0478027732678632,1.018857945277038,1.0362248420715332,36100.0
1998-12-10,1.0304355255582116,1.0420134528116747,1.0130686346780169,1.0188575983047485,13400.0
1998-12-11,1.0072801554134125,1.0072801554134125,1.0014911890029907,1.0014911890029907,10200.0
1998-12-14,1.0014912179339002,1.0014912179339002,0.9841243182009424,0.989913284778595,12200.0
1998-12-15,0.9841238856315613,1.0072797417640686,0.9841238856315613,0.9841238856315613,7700.0
1998-12-16,0.972546126469072,0.9783350915075785,0.9609681963920593,0.9609681963920593,8700.0
1998-12-17,0.9667569935321808,0.9899128496646881,0.9551790654659271,0.9841238856315613,81200.0
1998-12-18,0.9783353652982485,0.9957022652739571,0.9667574319811095,0.972546398639679,48900.0
1998-12-21,0.9725457596224407,1.0130684996067092,0.9725457596224407,0.9957016110420227,54300.0
1998-12-22,0.9957015898035861,1.0072795152664185,0.9957015898035861,1.0072795152664185,22200.0
1998-12-23,1.0072796710512855,1.0188575983047485,1.0014907074245538,1.0188575983047485,35600.0
1998-12-24,1.018857752339224,1.0362246458450062,1.0130687878372964,1.0304356813430786,6600.0
1998-12-28,1.0188572035895453,1.0420130491256714,1.0188572035895453,1.0420130491256714,34600.0
1998-12-29,1.030435876473368,1.0478027732678632,1.018857945277038,1.0362248420715332,33000.0
1998-12-30,1.042013807669698,1.042013807669698,1.030435876473368,1.0362248420715332,26600.0
1998-12-31,1.0420132855899997,1.0651691363808886,1.0420132855899997,1.0593801736831665,25800.0
1999-01-04,1.0593799332777658,1.0709578560458288,1.0420130491256714,1.0420130491256714,23200.0
1999-01-05,1.0535908172959867,1.0651687383651733,1.0535908172959867,1.0651687383651733,19000.0
1999-01-06,1.065169324372944,1.1056920704088713,1.065169324372944,1.0999031066894531,19100.0
1999-01-07,1.0883257530831003,1.094114719854819,1.0709588527679443,1.0709588527679443,27700.0
1999-01-08,1.076747819539663,1.076747819539663,1.0593809192245072,1.0709588527679443,21100.0
1999-01-11,1.0767476558685303,1.088325587652063,1.0593807581932315,1.0767476558685303,60000.0
1999-01-12,1.0651698859962258,1.076747819539663,1.0593809192245072,1.0709588527679443,18600.0
1999-01-13,1.0478027732678632,1.065169670062358,1.030435876473368,1.0362248420715332,35500.0
1999-01-14,1.0362246385595417,1.0709584253269007,1.0362246385595417,1.0478025674819946,39800.0
1999-01-15,1.047802248287722,1.0651691363808886,1.047802248287722,1.0593801736831665,20200.0
1999-01-19,1.047802407007951,1.0709582613064692,1.0304355162840624,1.0535913705825806,34400.0
1999-01-20,1.0651687383651733,1.0651687383651733,1.0535908172959867,1.0651687383651733,24000.0
1999-01-21,1.0593799332777658,1.0593799332777658,1.0304351263576084,1.0420130491256714,24000.0
1999-01-22,1.0362246458450062,1.0420136103469335,1.0246467168411513,1.0304356813430786,40200.0
1999-01-25,1.0304356740983152,1.0478025674819946,1.0304356740983152,1.0478025674819946,33500.0
1999-01-26,1.0420134434333215,1.0593803341572101,1.0420134434333215,1.0535913705825806,15100.0
1999-01-27,1.065169460865674,1.065169460865674,1.0420136030207683,1.0478025674819946,38800.0
1999-01-28,1.0420132855899997,1.0593801736831665,1.0420132855899997,1.0593801736831665,52400.0
1999-01-29,1.0593804964044478,1.0593804964044478,1.0478025674819946,1.0478025674819946,44700.0
1999-02-01,1.0593803341572101,1.0593803341572101,1.0535913705825806,1.0535913705825806,17800.0
1999-02-02,1.0535913705825806,1.0593803341572101,1.036224479858692,1.0535913705825806,67100.0
1999-02-03,1.0535912109854442,1.076747061776333,1.0535912109854442,1.0593801736831665,53800.0
1999-02-04,1.076747061776333,1.076747061776333,1.0593801736831665,1.0593801736831665,51600.0
1999-02-05,1.0593804964044478,1.065169460865674,1.0478025674819946,1.0478025674819946,25500.0
1999-02-08,1.0478020105097028,1.0593799332777658,1.0420130491256714,1.0420130491256714,9500.0
1999-02-09,1.0420136103469335,1.0420136103469335,1.018857752339224,1.0304356813430786,35800.0
1999-02-10,1.0246466037205286,1.0304355675833565,1.0072797121320451,1.013068675994873,15900.0
1999-02-11,1.0130687878372964,1.0362246458450062,1.0130687878372964,1.0304356813430786,47900.0
1999-02-12,1.02464656193148,1.02464656193148,1.0130686346780169,1.0188575983047485,54100.0
1999-02-16,1.024646520614624,1.0362244474012299,1.0188575572213212,1.024646520614624,26100.0
1999-02-17,1.018857639857701,1.0246466037205286,1.013068675994873,1.013068675994873,12700.0
1999-02-18,1.0130686346780169,1.02464656193148,1.0072796710512855,1.0188575983047485,34300.0
1999-02-19,1.0130687878372964,1.0304356813430786,1.0014908588334417,1.0304356813430786,29200.0
1999-02-22,1.0304356813430786,1.0420136103469335,1.0246467168411513,1.0304356813430786,36900.0
1999-02-23,1.0362246458450062,1.0420136103469335,1.018857752339224,1.0304356813430786,35400.0
1999-02-24,1.030435484007927,1.047802374187836,1.024646520614624,1.024646520614624,28100.0
1999-02-25,1.030435876473368,1.0362248420715332,1.018857945277038,1.0362248420715332,37000.0
1999-02-26,1.0304356813430786,1.0478025748488609,1.0304356813430786,1.0304356813430786,26100.0
1999-03-01,1.0246467168411513,1.0535915393507882,1.0246467168411513,1.0304356813430786,24700.0
1999-03-02,1.0304355162840624,1.0593803341572101,1.0304355162840624,1.0535913705825806,50000.0
1999-03-03,1.0414515444309036,1.0414515444309036,1.0176469377010544,1.029549241065979,13200.0
1999-03-04,1.0414508019768915,1.0414508019768915,1.0176462122174197,1.0235973596572876,18300.0
1999-03-05,1.047401885986328,1.0593041801452636,1.0354995918273926,1.0414507389068604,27300.0
1999-03-08,1.029548697850921,1.0533532920208843,1.029548697850921,1.0474021434783936,26500.0
1999-03-09,1.041450959512557,1.0474021078526288,1.0354998111724854,1.0354998111724854,17000.0
1999-03-10,1.0354998111724854,1.0474021078526288,1.01764636615227,1.0354998111724854,20700.0
1999-03-11,1.0533532561927006,1.0533532561927006,1.0354998111724854,1.0354998111724854,74700.0
1999-03-12,1.0354996545370236,1.0474019494167595,1.0235973596572876,1.0235973596572876,23700.0
1999-03-15,1.029549241065979,1.0533538477958282,1.0235980893835166,1.029549241065979,42300.0
1999-03-16,1.0354995918273926,1.0414507389068604,1.0235972976684569,1.0414507389068604,30700.0
1999-03-17,1.029549241065979,1.0355003927484412,1.0176469377010544,1.029549241065979,28700.0
1999-03-18,1.0235975144923417,1.041450959512557,1.01764636615227,1.0354998111724854,31300.0
1999-03-19,1.0295487116364872,1.0354998602586634,1.0116952657699585,1.0116952657699585,52300.0
1999-03-22,1.0116952657699585,1.0235975630143108,1.0057441171477823,1.0116952657699585,42200.0
1999-03-23,1.0235971815614815,1.0235971815614815,0.981939156730491,0.9878903031349182,94900.0
1999-03-24,0.9997930355414659,0.9997930355414659,0.9819395884782255,0.9938418865203857,47400.0
1999-03-25,0.9878911224342662,1.0057445764541626,0.9878911224342662,1.0057445764541626,22100.0
1999-03-26,0.9997935891151428,0.9997935891151428,0.9640866752181734,0.9997935891151428,55300.0
1999-03-29,0.9997933371025219,1.0235979403668678,0.9997933371025219,1.0176467895507812,56500.0
1999-03-30,1.0176467895507812,1.0176467895507812,1.0057444879186084,1.0176467895507812,30500.0
1999-03-31,1.0176464143921347,1.0176464143921347,0.999792968525606,1.0116952657699585,20900.0
1999-04-01,1.0057444879186084,1.0235979403668678,0.9938421862864355,1.0176467895507812,42700.0
1999-04-05,1.0116952657699585,1.0235975630143108,0.999792968525606,1.0116952657699585,45300.0
1999-04-06,1.0176464826047065,1.0176464826047065,0.9938418865203857,0.9938418865203857,94700.0
1999-04-07,0.9938424367989812,0.9997935891151428,0.9938424367989812,0.9997935891151428,32800.0
1999-04-08,0.9938424367989812,1.0057447414313043,0.9938424367989812,0.9997935891151428,68300.0
1999-04-09,0.9938424367989812,1.0295493506959505,0.9938424367989812,0.9997935891151428,61600.0
1999-04-12,0.9938424367989812,1.0116958937474658,0.9878912844828197,0.9997935891151428,35100.0
1999-04-13,0.9878907374993056,1.0116953335836263,0.9878907374993056,0.9938418865203857,49700.0
1999-04-14,0.9997934251141972,1.0176468791340936,0.9878911224342662,1.0057445764541626,24400.0
1999-04-15,1.0176469377010544,1.029549241065979,1.0057446343361298,1.029549241065979,15300.0
1999-04-16,1.0355002419990407,1.041451392815127,1.011695638734695,1.0176467895507812,38000.0
1999-04-19,1.0355002419990407,1.0652559960794727,1.0176467895507812,1.0176467895507812,65300.0
1999-04-20,1.0235973596572876,1.0235973596572876,1.0116950647775518,1.0235973596572876,22400.0
1999-04-21,1.0235972976684569,1.0414507389068604,1.0116950035095214,1.0414507389068604,37700.0
1999-04-22,1.0354995918273926,1.0533530330657959,1.0354995918273926,1.0414507389068604,31300.0
1999-04-23,1.0414509949359028,1.0593044405633754,1.0414509949359028,1.0474021434783936,30700.0
1999-04-26,1.0533535480499268,1.065255848027892,1.0474023980609442,1.0533535480499268,39100.0
1999-04-27,1.0652556245246632,1.0831090707457467,1.0593044757843018,1.0593044757843018,40500.0
1999-04-28,1.0712067732650243,1.0771579220053855,1.0593044757843018,1.0593044757843018,20600.0
1999-04-29,1.0652553272247314,1.0831087684631346,1.0354995918273926,1.0414507389068604,57900.0
1999-04-30,1.0533536944472999,1.0593048452633864,1.0176467895507812,1.0176467895507812,53800.0
1999-05-03,1.029548697850921,1.0474021434783936,1.029548697850921,1.0474021434783936,53500.0
1999-05-04,1.0354998111724854,1.0474021078526288,1.0354998111724854,1.0354998111724854,40100.0
1999-05-05,1.0474021434783936,1.0474021434783936,1.029548697850921,1.0474021434783936,22900.0
1999-05-06,1.0414512480719615,1.0533535480499268,1.0295489480939963,1.0533535480499268,13400.0
1999-05-07,1.0533535480499268,1.065255848027892,1.0474023980609442,1.0533535480499268,43700.0
1999-05-10,1.0533535480499268,1.065255848027892,1.0474023980609442,1.0533535480499268,29100.0
1999-05-11,1.053352931043604,1.08310866355896,1.053352931043604,1.08310866355896,25700.0
1999-05-12,1.0712068252141962,1.0890602723010996,1.0593045271562609,1.077157974243164,42500.0
1999-05-13,1.0831091740857,1.0950114727020264,1.0771580247775367,1.0950114727020264,31600.0
1999-05-14,1.0712069106501574,1.0712069106501574,1.0533534621393215,1.0652557611465454,20800.0
1999-05-17,1.0593044757843018,1.0712067732650243,1.0474021783035794,1.0593044757843018,34800.0
1999-05-18,1.0593042744530572,1.0771577172809177,1.0533531268437704,1.0712065696716309,30500.0
1999-05-19,1.0893214776598172,1.0893214776598172,1.0587225597480248,1.0648423433303833,22200.0
1999-05-20,1.0587224960327148,1.0709620624608387,1.052602712818653,1.0587224960327148,36600.0
1999-05-21,1.0587224506519057,1.0770817995071411,1.0526026677001608,1.0770817995071411,16700.0
1999-05-24,1.0709617137908936,1.0770814950125558,1.0526023701259068,1.0709617137908936,24500.0
1999-05-25,1.0709625376752143,1.0709625376752143,1.0342438220977783,1.0342438220977783,33700.0
1999-05-26,1.0403627295826756,1.0526022911071777,1.0403627295826756,1.0526022911071777,14600.0
1999-05-27,1.0403633117675781,1.0403633117675781,1.028123743393842,1.0403633117675781,15100.0
1999-05-28,1.0403633117675781,1.0526028801413143,1.03424352758071,1.0403633117675781,19900.0
1999-06-01,1.0464830959544462,1.0526028801413143,1.03424352758071,1.0403633117675781,17800.0
1999-06-02,1.034243160770053,1.0403629427864438,1.0158838147208804,1.028123378753662,29700.0
1999-06-03,1.0403633117675781,1.0464830959544462,1.028123743393842,1.0403633117675781,20800.0
1999-06-04,1.0342434254185906,1.0648423433303833,1.0342434254185906,1.0648423433303833,35300.0
1999-06-07,1.0526027761656662,1.0770819104951004,1.0526027761656662,1.0648423433303833,13100.0
1999-06-08,1.0526027761656662,1.0709621269127418,1.0464829925833077,1.0648423433303833,18500.0
1999-06-09,1.0587220718694288,1.0709616333939307,1.0464825103449267,1.0526022911071777,18300.0
1999-06-10,1.0526022911071777,1.0648418526316799,1.0464825103449267,1.0526022911071777,32900.0
1999-06-11,1.0526028237147638,1.0587226075735705,1.0403632559971503,1.046483039855957,10600.0
1999-06-14,1.0526028237147638,1.0648423914323772,1.0403632559971503,1.046483039855957,54700.0
1999-06-15,1.03424352758071,1.0526028801413143,1.03424352758071,1.0403633117675781,24100.0
1999-06-16,1.0464829925833077,1.0770819104951004,1.0464829925833077,1.0648423433303833,30800.0
1999-06-17,1.070962016555396,1.0770817995071411,1.064842233603651,1.0770817995071411,16900.0
1999-06-18,1.0770819104951004,1.0770819104951004,1.0648423433303833,1.0648423433303833,11800.0
1999-06-21,1.0587224506519057,1.0770817995071411,1.0587224506519057,1.0770817995071411,34400.0
1999-06-22,1.0832015824588863,1.0832015824588863,1.070962016555396,1.0770817995071411,13800.0
1999-06-23,1.0648423433303833,1.0709621269127418,1.0587225597480248,1.0648423433303833,18000.0
1999-06-24,1.0770814950125558,1.083201276234218,1.0709617137908936,1.0709617137908936,17300.0
1999-06-25,1.0770814950125558,1.0770814950125558,1.0709617137908936,1.0709617137908936,12400.0
1999-06-28,1.0709617137908936,1.0770814950125558,1.0709617137908936,1.0709617137908936,23500.0
1999-06-29,1.0770817995071411,1.0770817995071411,1.070962016555396,1.0770817995071411,8800.0
1999-06-30,1.0770821005611098,1.0893216698856678,1.0709623158988306,1.0832018852233887,21200.0
1999-07-01,1.0832018852233887,1.0893216698856678,1.0832018852233887,1.0832018852233887,21200.0
1999-07-02,1.083202184586043,1.0893219709396362,1.083202184586043,1.0893219709396362,20000.0
1999-07-06,1.0893219709396362,1.0954417572932298,1.083202184586043,1.0893219709396362,25700.0
1999-07-07,1.0954414545479467,1.0954414545479467,1.0770821005611098,1.0832018852233887,30600.0
1999-07-08,1.0893216698856678,1.1015612392102259,1.0770821005611098,1.0832018852233887,60400.0
1999-07-09,1.0770817548869043,1.0954411029815674,1.0770817548869043,1.0954411029815674,37300.0
1999-07-12,1.0954408115810819,1.1015605926513672,1.0893210305107965,1.1015605926513672,38900.0
1999-07-13,1.1015615436468231,1.1015615436468231,1.083202184586043,1.0893219709396362,65100.0
1999-07-14,1.0954408115810819,1.1015605926513672,1.0893210305107965,1.1015605926513672,15200.0
1999-07-15,1.101561488367576,1.113801060460549,1.0954417023210894,1.1076812744140625,32500.0
1999-07-16,1.1076812744140625,1.113801060460549,1.101561488367576,1.1076812744140625,27900.0
1999-07-19,1.1138007080620105,1.1199204921722412,1.1076809239517795,1.1199204921722412,14400.0
1999-07-20,1.119920668366191,1.119920668366191,1.1015613131470732,1.1138008832931519,42700.0
1999-07-21,1.1076812744140625,1.113801060460549,1.101561488367576,1.1076812744140625,17500.0
1999-07-22,1.1015608856797885,1.1076806683780094,1.0954411029815674,1.0954411029815674,26100.0
1999-07-23,1.0893213202833463,1.1015608856797885,1.0832015375851254,1.0954411029815674,15100.0
1999-07-26,1.0893219162746028,1.113801060460549,1.0893219162746028,1.1076812744140625,21100.0
1999-07-27,1.1138008832931519,1.119920668366191,1.1015613131470732,1.1138008832931519,23400.0
1999-07-28,1.1076803737216525,1.1076803737216525,1.1015605926513672,1.1015605926513672,7500.0
1999-07-29,1.1076806683780094,1.1138004510762305,1.0893213202833463,1.0954411029815674,15100.0
1999-07-30,1.0893216698856678,1.1015612392102259,1.0832018852233887,1.0832018852233887,16300.0
1999-08-02,1.083201276234218,1.083201276234218,1.0464825889042446,1.0709617137908936,29200.0
1999-08-03,1.0648419325692313,1.0709617137908936,1.058722151347569,1.0709617137908936,16500.0
1999-08-04,1.0770819104951004,1.083201694077459,1.0648423433303833,1.0648423433303833,19000.0
1999-08-05,1.0526028237147638,1.0587226075735705,1.0403632559971503,1.046483039855957,35400.0
1999-08-06,1.0464833939569238,1.0526031798864963,1.0342438220977783,1.0342438220977783,20400.0
1999-08-09,1.028123533798873,1.028123533798873,0.991404836163199,0.997524619102478,52300.0
1999-08-10,0.9975246143193892,1.015883963049194,0.9852850484995195,0.9914048314094543,53100.0
1999-08-11,0.9914047389687178,1.0342432153439094,0.9914047389687178,1.0220036506652832,33200.0
1999-08-12,1.0220035967372714,1.0403629427864438,1.0220035967372714,1.028123378753662,23700.0
1999-08-13,1.0403627295826756,1.0587220718694288,1.0281231680581735,1.0526022911071777,23500.0
1999-08-16,1.0464827248028346,1.0464827248028346,1.028123378753662,1.028123378753662,32200.0
1999-08-17,1.0342438220977783,1.0342438220977783,1.022004250238633,1.0342438220977783,59700.0
1999-08-18,1.0382706799158234,1.0382706799158234,1.013100481614834,1.0319781303405762,31400.0
1999-08-19,1.0256855807653287,1.0319781303405762,1.0193930311900814,1.0319781303405762,9700.0
1999-08-20,1.013100450024283,1.0319780981613813,1.013100450024283,1.0256855487823486,18700.0
1999-08-23,1.03197816212972,1.0382707118988037,1.0256856123606364,1.0382707118988037,22500.0
1999-08-24,1.0445632616678873,1.0445632616678873,1.0193930625915526,1.0382707118988037,42100.0
1999-08-25,1.0319785168890416,1.063441276550293,1.0319785168890416,1.063441276550293,108100.0
1999-08-26,1.0571483612060546,1.0634409109751384,1.0382707118988037,1.0382707118988037,14100.0
1999-08-27,1.0382706799158234,1.044563229491071,1.0256855807653287,1.0319781303405762,40200.0
1999-08-30,1.0068078366866025,1.0256854836244762,1.0068078366866025,1.0131003856658936,52800.0
1999-08-31,1.013100802523535,1.013100802523535,0.9942231478181276,1.0005156993865967,45200.0
1999-09-01,1.0131003856658936,1.0193929346451849,1.0068078366866025,1.0131003856658936,12000.0
1999-09-02,0.9879305962496584,1.0005156993865967,0.9753454931127201,1.0005156993865967,18500.0
1999-09-03,1.0068079320395864,1.0319781303405762,1.0068079320395864,1.0319781303405762,34500.0
1999-09-07,1.0256855487823486,1.0319780981613813,1.013100450024283,1.0256855487823486,18200.0
1999-09-08,1.0256853964593675,1.0319779449039035,1.0131002995702956,1.0193928480148315,27700.0
1999-09-09,1.0256853964593675,1.0256853964593675,1.0131002995702956,1.0193928480148315,27100.0
1999-09-10,1.0193929994033157,1.0382706475404142,1.0193929994033157,1.0256855487823486,43000.0
1999-09-13,1.0193929346451849,1.0256854836244762,1.0131003856658936,1.0131003856658936,25700.0
1999-09-14,1.0131002995702956,1.0256853964593675,1.0131002995702956,1.0193928480148315,26000.0
1999-09-15,1.0319779449039035,1.0382704933484395,1.0131002995702956,1.0193928480148315,24600.0
1999-09-16,1.0193929346451849,1.0193929346451849,1.0005152877073111,1.0131003856658936,22800.0
1999-09-17,1.0193928480148315,1.0193928480148315,1.0131002995702956,1.0193928480148315,8600.0
1999-09-20,1.0193928480148315,1.0256853964593675,1.0131002995702956,1.0193928480148315,31500.0
1999-09-21,1.0256854442855978,1.0256854442855978,0.9942227005958556,0.9942227005958557,57700.0
1999-09-22,1.006808250955066,1.013100802523535,1.0005156993865967,1.0005156993865967,30600.0
1999-09-23,1.0068081898294436,1.0068081898294436,0.9879305362701416,0.9879305362701416,51900.0
1999-09-24,0.9942230874565756,0.9942230874565756,0.9753454338972736,0.9879305362701416,37900.0
1999-09-27,1.000515249333804,1.0068077980717525,0.9942227005958556,0.9942227005958557,32200.0
1999-09-28,0.9942230874565756,0.9942230874565756,0.9753454338972736,0.9879305362701416,43900.0
1999-09-29,0.9879305362701416,0.9942230874565756,0.9816379850837076,0.9879305362701416,48000.0
1999-09-30,0.9879303917288781,1.0068080425262451,0.9879303917288781,1.0068080425262451,22400.0
1999-10-01,0.9942231478181276,1.006808250955066,0.9942231478181276,1.0005156993865967,6900.0
1999-10-04,1.0005154922604562,1.0068080425262451,1.0005154922604562,1.0068080425262451,44700.0
1999-10-05,1.013100802523535,1.013100802523535,0.9942231478181276,1.0005156993865967,34200.0
1999-10-06,1.0005152026812234,1.0193928480148315,1.0005152026812234,1.0193928480148315,41600.0
1999-10-07,1.0131005927920342,1.0193931430578231,1.0005154922604562,1.0068080425262451,36400.0
1999-10-08,1.0068079006452502,1.0256855487823486,1.0068079006452502,1.0256855487823486,37600.0
1999-10-11,1.0256855487823486,1.0256855487823486,1.013100450024283,1.0256855487823486,11900.0
1999-10-12,1.0193929346451849,1.0193929346451849,1.0131003856658936,1.0131003856658936,30100.0
1999-10-13,1.0068081898294436,1.0068081898294436,0.9879305362701416,0.9879305362701416,52000.0
1999-10-14,0.987929835722044,0.987929835722044,0.9690521955490112,0.9690521955490112,8600.0
1999-10-15,0.9564673900604248,0.9690524872980619,0.9564673900604248,0.9564673900604248,39000.0
1999-10-18,0.9501751065254213,0.9627602072741023,0.9375900057767401,0.9501751065254211,34000.0
1999-10-19,0.9501748739504347,0.9816376181209788,0.9501748739504347,0.9627599716186523,25300.0
1999-10-20,0.9690521955490112,0.9753447422733555,0.962759648824667,0.9690521955490112,35700.0
1999-10-21,0.962759648824667,0.9753447422733555,0.962759648824667,0.9690521955490112,10200.0
1999-10-22,0.9753450543820102,0.9942227005958556,0.9753450543820102,0.9942227005958557,19900.0
1999-10-25,0.9942229359577863,1.0005154861853673,0.9816378355026245,0.9816378355026245,10900.0
1999-10-26,0.9942230874565756,0.9942230874565756,0.9753454338972736,0.9879305362701416,29500.0
1999-10-27,0.9753454338972736,0.9879305362701416,0.9753454338972736,0.9879305362701416,25700.0
1999-10-28,0.9942231478181276,1.006808250955066,0.9942231478181276,1.0005156993865967,40100.0
1999-10-29,1.013100512822469,1.0382707118988037,1.0068079630533853,1.0382707118988037,29100.0
1999-11-01,1.03197816212972,1.0445632616678873,1.03197816212972,1.0382707118988037,16800.0
1999-11-02,1.0382707118988037,1.0445632616678873,1.03197816212972,1.0382707118988037,18300.0
1999-11-03,1.0382701510406402,1.0508552437805267,1.0382701510406402,1.0445626974105835,22800.0
1999-11-04,1.0508552437805267,1.05714779015047,1.0445626974105835,1.0445626974105835,17300.0
1999-11-05,1.0508557558059692,1.0697334041138609,1.0508557558059692,1.0508557558059692,15500.0
1999-11-08,1.0508552437805267,1.0508552437805267,1.0445626974105835,1.0445626974105835,21000.0
1999-11-09,1.0508552437805267,1.05714779015047,1.0445626974105835,1.0445626974105835,63700.0
1999-11-10,1.0445632063700054,1.0571483052419333,1.0382706569340414,1.0508557558059692,34600.0
1999-11-11,1.0445632063700054,1.0571483052419333,1.0445632063700054,1.0508557558059692,7500.0
1999-11-12,1.0508561726857923,1.063441276550293,1.038271068821292,1.063441276550293,22700.0
1999-11-15,1.063440831969766,1.0697333812713623,1.0571482826681697,1.0697333812713623,20700.0
1999-11-16,1.0697333812713623,1.0823184798745547,1.063440831969766,1.0697333812713623,24600.0
1999-11-17,1.0759556164998494,1.08243727684021,1.0694739561594888,1.08243727684021,31200.0
1999-11-18,1.075956002148715,1.088919327475808,1.0694743394851685,1.0694743394851685,22300.0
1999-11-19,1.0694743394851685,1.0824376648122613,1.0694743394851685,1.0694743394851685,34200.0
1999-11-22,1.0759560175058318,1.0824376802618911,1.050029366481595,1.0629926919937134,51800.0
1999-11-23,1.0565110141580756,1.075956002148715,1.0565110141580756,1.0694743394851685,30300.0
1999-11-24,1.0565108060836792,1.069474128857712,1.0500291446966628,1.0565108060836792,26200.0
1999-11-26,1.0565110292376543,1.0694743547497727,1.0565110292376543,1.0629926919937134,15000.0
1999-11-29,1.0565104602295676,1.0694737787599917,1.0500288009643555,1.0500288009643555,39400.0
1999-11-30,1.0370660283762938,1.0565110164083493,1.0111393776668864,1.0176210403442383,107700.0
1999-12-01,1.0305839905255958,1.0435473111611377,1.0241023302078247,1.0241023302078247,81300.0
1999-12-02,1.0305843353271484,1.0500293227861512,1.0241026728408142,1.0305843353271484,32000.0
1999-12-03,1.0435477037255358,1.0694743547497727,1.0435477037255358,1.0629926919937134,47000.0
1999-12-06,1.0629920729671616,1.0824370499116829,1.0629920729671616,1.0759553909301758,67000.0
1999-12-07,1.0759553909301758,1.0824370499116829,1.0759553909301758,1.0759553909301758,16300.0
1999-12-08,1.0759553909301758,1.0824370499116829,1.0694737319486687,1.0759553909301758,24400.0
1999-12-09,1.0694737319486687,1.0824370499116829,1.0629920729671616,1.0759553909301758,46600.0
1999-12-10,1.075956002148715,1.075956002148715,1.062992676821622,1.0694743394851685,72800.0
1999-12-13,1.0759560175058318,1.0759560175058318,1.0565110292376543,1.0629926919937134,36400.0
1999-12-14,1.0565108060836792,1.069474128857712,1.0500291446966628,1.0565108060836792,34800.0
1999-12-15,1.043547511100769,1.0500291726604012,1.037065849541137,1.043547511100769,65800.0
1999-12-16,1.0435475252568722,1.0565108485519887,1.037065863609314,1.037065863609314,31900.0
1999-12-17,1.043547511100769,1.0629924957796655,1.043547511100769,1.043547511100769,38300.0
1999-12-20,1.043547511100769,1.0629924957796655,1.043547511100769,1.043547511100769,38200.0
1999-12-21,1.0435474833096463,1.0629924674706956,1.0435474833096463,1.0565108060836792,32000.0
1999-12-22,1.0565110141580756,1.075956002148715,1.0565110141580756,1.0694743394851685,40000.0
1999-12-23,1.0694739561594888,1.0889189371805705,1.0694739561594888,1.08243727684021,37900.0
1999-12-27,1.082437501067207,1.1018824861163183,1.082437501067207,1.0889191627502441,47800.0
1999-12-28,1.095400597520931,1.095400597520931,1.08243727684021,1.08243727684021,48300.0
1999-12-29,1.082438193834745,1.0954015254974365,1.0759565280033991,1.0954015254974365,80700.0
1999-12-30,1.0954009147251353,1.1083642391597524,1.0889192525078268,1.1018825769424438,68400.0
1999-12-31,1.1018825335309685,1.1342908433407028,1.0954008715690216,1.121327519416809,79100.0
2000-01-03,1.1278092258116779,1.1407725502462949,1.0954009147251353,1.1018825769424438,98100.0
2000-01-04,1.08891870889319,1.08891870889319,1.0759553909301758,1.0759553909301758,74600.0
2000-01-05,1.0629922958191282,1.08243727684021,1.0629922958191282,1.08243727684021,23800.0
2000-01-06,1.069474128857712,1.0759557902447285,1.0435474833096463,1.0565108060836792,81700.0
2000-01-07,1.0629920729671616,1.0759553909301758,1.0629920729671616,1.0759553909301758,28300.0
2000-01-10,1.0824375902905183,1.1148459013770609,1.0824375902905183,1.1018825769424438,86600.0
2000-01-11,1.0954009001715141,1.1213275486962837,1.0954009001715141,1.108364224433899,73800.0
2000-01-12,1.1018825769424438,1.1018825769424438,1.0889192525078268,1.1018825769424438,36300.0
2000-01-13,1.0954009001715141,1.1148458865650912,1.0954009001715141,1.108364224433899,17600.0
2000-01-14,1.1148458574548623,1.127809181378756,1.1148458574548623,1.121327519416809,35600.0
2000-01-18,1.127809271131243,1.1407725960867745,1.127809271131243,1.1342909336090088,54700.0
2000-01-19,1.1342909336090088,1.1407725960867745,1.1213276086534774,1.1342909336090088,53700.0
2000-01-20,1.127809241666632,1.1731808778256345,1.1213275793582032,1.147254228591919,85900.0
2000-01-21,1.140772819519043,1.140772819519043,1.1278094920245083,1.140772819519043,18700.0
2000-01-24,1.127809210827476,1.1407725350898608,1.108364224433899,1.108364224433899,49800.0
2000-01-25,1.1278098546541653,1.1407731863168569,1.0889198596660907,1.0954015254974365,28600.0
2000-01-26,1.0889192525078268,1.1018825769424438,1.0889192525078268,1.1018825769424438,38600.0
2000-01-27,1.108364224433899,1.1148458865650912,1.0954009001715141,1.108364224433899,8300.0
2000-01-28,1.1018831913287823,1.1018831913287823,1.0954015254974365,1.0954015254974365,12600.0
2000-01-31,1.082437501067207,1.1018824861163183,1.0629925160180955,1.0889191627502441,47800.0
2000-02-01,1.0759553909301758,1.0824370499116829,1.0629920729671616,1.0759553909301758,26900.0
2000-02-02,1.08243727684021,1.0889189371805705,1.0759556164998494,1.08243727684021,14500.0
2000-02-03,1.0889198596660907,1.1018831913287823,1.0629931963407075,1.0954015254974365,117800.0
2000-02-04,1.1083642391597524,1.1148459013770609,1.0954009147251353,1.1018825769424438,38400.0
2000-02-07,1.1018825623027064,1.108364224433899,1.0824375759091294,1.108364224433899,43400.0
2000-02-08,1.1083633802657904,1.121326694654864,1.1083633802657904,1.1148450374603271,36400.0
2000-02-09,1.1213275486962837,1.127809210827476,1.1018825623027064,1.108364224433899,34200.0
2000-02-10,1.1083633802657904,1.1148450374603271,1.1018817230712536,1.1148450374603271,44800.0
2000-02-11,1.1083642391597524,1.1083642391597524,1.0954009147251353,1.1018825769424438,24000.0
2000-02-14,1.1083648571601281,1.114846522991474,1.0954015254974365,1.0954015254974365,19100.0
2000-02-15,1.0889198596660907,1.0954015254974365,1.082438193834745,1.0954015254974365,74100.0
2000-02-16,1.08243727684021,1.1018822578612915,1.08243727684021,1.08243727684021,44200.0
2000-02-17,1.0889191627502441,1.0954008244332814,1.082437501067207,1.0889191627502441,17500.0
2000-02-18,1.0954009901393544,1.0954009901393544,1.062992676821622,1.0694743394851685,9600.0
2000-02-22,1.0824376802618911,1.0824376802618911,1.024102715457358,1.0629926919937134,59100.0
2000-02-23,1.0565115305093618,1.1018831913287823,1.0565115305093618,1.0954015254974365,14600.0
2000-02-24,1.08891870889319,1.0954003678746969,1.0629920729671616,1.0759553909301758,27500.0
2000-02-25,1.0759560175058318,1.0889193430179502,1.0629926919937134,1.0629926919937134,9900.0
2000-02-28,1.0694737319486687,1.08891870889319,1.0629920729671616,1.0759553909301758,22300.0
2000-02-29,1.08243727684021,1.095400597520931,1.0759556164998494,1.08243727684021,27500.0
2000-03-01,1.0899257921591037,1.1233590986670516,1.0832391308575142,1.0966124534606934,62800.0
2000-03-02,1.1033001345788647,1.116673469543457,1.0765534646496802,1.116673469543457,42100.0
2000-03-03,1.1233594417572021,1.1233594417572021,1.1099861150696164,1.1233594417572021,25700.0
2000-03-06,1.1099860668182373,1.1233593929244812,1.1099860668182373,1.1099860668182373,30300.0
2000-03-07,1.1166727769594251,1.1166727769594251,1.0698661336138204,1.0899261236190796,34700.0
2000-03-08,1.0966124534606934,1.0966124534606934,1.0832391308575142,1.0966124534606934,33100.0
2000-03-09,1.0899260776588715,1.1099860668182373,1.0899260776588715,1.1099860668182373,23900.0
2000-03-10,1.1032994037651154,1.1099860668182373,1.1032994037651154,1.1099860668182373,40000.0
2000-03-13,1.096613245245851,1.103299911375399,1.0698665807276595,1.0832399129867554,29900.0
2000-03-14,1.0832396516148348,1.0966129806471168,1.0765529870986938,1.0765529870986938,39600.0
2000-03-15,1.0899265245957808,1.103299856185913,1.0765531930056487,1.103299856185913,30500.0
2000-03-16,1.0966128803962885,1.1501061916351318,1.0966128803962885,1.1501061916351318,81500.0
2000-03-17,1.1367327934023979,1.1634794473648071,1.1367327934023979,1.1634794473648071,67800.0
2000-03-20,1.176853477610329,1.1835401450967513,1.156793475151062,1.156793475151062,56000.0
2000-03-21,1.1701662770726464,1.1768529415130615,1.150106283751401,1.1768529415130615,62000.0
2000-03-22,1.1701662770726464,1.1835396059534766,1.150106283751401,1.1768529415130615,96700.0
2000-03-23,1.1701666189162112,1.2102866172790527,1.1701666189162112,1.2102866172790527,144000.0
2000-03-24,1.2102871590785766,1.2370338366272744,1.1902271509170532,1.1902271509170532,90700.0
2000-03-27,1.1902266532014318,1.2035999863834705,1.1701666534283741,1.1835399866104126,42900.0
2000-03-28,1.1768527743460118,1.1835394378366142,1.1634794473648071,1.1634794473648071,52400.0
2000-03-29,1.1634796126322313,1.1768529415130615,1.1634796126322313,1.1768529415130615,31800.0
2000-03-30,1.176853477610329,1.176853477610329,1.156793475151062,1.156793475151062,41500.0
2000-03-31,1.1634796126322313,1.1835396059534766,1.1567929481918162,1.1768529415130615,66700.0
2000-04-03,1.176853278023856,1.1902266107286725,1.1634799453190394,1.1701666116714478,80600.0
2000-04-04,1.1835394378366142,1.1835394378366142,1.123359466421193,1.1634794473648071,79700.0
2000-04-05,1.1501061203836025,1.1768527743460118,1.1501061203836025,1.1634794473648071,16100.0
2000-04-06,1.1768528922310089,1.2102862130330263,1.1768528922310089,1.1969128847122192,45900.0
2000-04-07,1.196913284491439,1.2102866172790527,1.183539951703825,1.2102866172790527,44600.0
2000-04-10,1.2035999298095703,1.21697326236301,1.1969132635328505,1.2035999298095703,19500.0
2000-04-11,1.1902262703938917,1.1902262703938917,1.1701662770726464,1.1768529415130615,84700.0
2000-04-12,1.1634794473648071,1.1902261013272164,1.1567927838742047,1.1634794473648071,42800.0
2000-04-13,1.1768527743460118,1.1768527743460118,1.1501061203836025,1.1634794473648071,89600.0
2000-04-14,1.1501060451369687,1.1501060451369687,1.0966127407119934,1.1099860668182373,41400.0
2000-04-17,1.083239461694445,1.1233594417572021,1.083239461694445,1.1233594417572021,53000.0
2000-04-18,1.1233598428614,1.1434198400553535,1.116673177130082,1.1367331743240356,36800.0
2000-04-19,1.1501060951323736,1.1501060951323736,1.1166727784134092,1.1233594417572021,21100.0
2000-04-20,1.130046105100995,1.1434194317885809,1.1233594417572021,1.1233594417572021,17000.0
2000-04-24,1.1367327684447879,1.1367327684447879,1.1166727784134092,1.1233594417572021,54000.0
2000-04-25,1.130046613556998,1.1701666116714478,1.130046613556998,1.1701666116714478,21800.0
2000-04-26,1.1768528472545536,1.183539511159409,1.1501061916351318,1.1501061916351318,61900.0
2000-04-27,1.1300461999205655,1.1567928555399873,1.1300461999205655,1.1501061916351318,44900.0
2000-04-28,1.1701661108554096,1.1701661108554096,1.1634794473648071,1.1634794473648071,23300.0
2000-05-01,1.1768533200193934,1.196913319792451,1.1567933202463354,1.1835399866104126,28700.0
2000-05-02,1.1835396059534766,1.1902262703938917,1.1701662770726464,1.1768529415130615,29300.0
2000-05-03,1.1701666472250956,1.1701666472250956,1.1367333144472358,1.1434199810028076,49200.0
2000-05-04,1.1434198400553535,1.1434198400553535,1.1233598428614,1.1367331743240356,8100.0
2000-05-05,1.143419456893,1.1701661108554096,1.143419456893,1.1634794473648071,30200.0
2000-05-08,1.1501061203836025,1.1701661108554096,1.1501061203836025,1.1634794473648071,13400.0
2000-05-09,1.1501061916351318,1.1634795194448426,1.136732863825421,1.1501061916351318,33900.0
2000-05-10,1.1434194317885809,1.1434194317885809,1.1099861150696164,1.1233594417572021,36600.0
2000-05-11,1.1367331743240356,1.156793171517989,1.1233598428614,1.1367331743240356,39300.0
2000-05-12,1.1367333144472358,1.1567933141139517,1.1300466478916638,1.1434199810028076,6100.0
2000-05-15,1.1567928555399873,1.1567928555399873,1.136732863825421,1.1501061916351318,8300.0
2000-05-16,1.1567927838742047,1.1701661108554096,1.1567927838742047,1.1634794473648071,57300.0
2000-05-17,1.1367327934023979,1.1634794473648071,1.1367327934023979,1.1634794473648071,23400.0
2000-05-18,1.1567928555399873,1.1634795194448426,1.136732863825421,1.1501061916351318,27500.0
2000-05-19,1.1367334719903455,1.1367334719903455,1.1099868020611607,1.116673469543457,40400.0
2000-05-22,1.1099861136243387,1.1099861136243387,1.0698661336138204,1.0899261236190796,102000.0
2000-05-23,1.0966129806471168,1.0966129806471168,1.0765529870986938,1.0765529870986938,60400.0
2000-05-24,1.0832399129867554,1.0899265791163033,1.0564932484685639,1.0832399129867554,64300.0
2000-05-25,1.0899257921591037,1.0966124534606934,1.0899257921591037,1.0966124534606934,30100.0
2000-05-26,1.0832398697733878,1.0966132014989853,1.0698665380477905,1.0698665380477905,39900.0
2000-05-30,1.0765534646496802,1.116673469543457,1.0765534646496802,1.116673469543457,30000.0
2000-05-31,1.1357874870300293,1.1357874870300293,1.121936420115029,1.1357874870300293,37600.0
2000-06-01,1.142713284778024,1.1565643548965454,1.142713284778024,1.1565643548965454,60900.0
2000-06-02,1.198117733001709,1.198117733001709,1.1842666609438859,1.198117733001709,45900.0
2000-06-05,1.1981175899505614,1.2188941955566406,1.1981175899505614,1.2119686603546143,36200.0
2000-06-06,1.2050431722944432,1.2188942432403564,1.2050431722944432,1.2188942432403564,26500.0
2000-06-07,1.218893962436252,1.246596097946167,1.2119684285587735,1.246596097946167,51600.0
2000-06-08,1.2396709450175254,1.2396709450175254,1.2258198730061565,1.2327454090118408,44300.0
2000-06-09,1.2258199193624144,1.2535220644327516,1.2258199193624144,1.239670991897583,19700.0
2000-06-12,1.225819778713313,1.2465963851321826,1.2188942432403564,1.2188942432403564,40300.0
2000-06-13,1.2258194963137308,1.2535216318236457,1.2119684285587735,1.246596097946167,57600.0
2000-06-14,1.2604474547159605,1.2881495965778498,1.2535219192504883,1.2535219192504883,79400.0
2000-06-15,1.246596383785016,1.2742985256469053,1.246596383785016,1.2535219192504883,27700.0
2000-06-16,1.2535214235222405,1.274298021702167,1.2535214235222405,1.267372488975525,28700.0
2000-06-19,1.3020004251951813,1.3020004251951813,1.2465961517826203,1.288149356842041,58000.0
2000-06-20,1.3435538044587814,1.3435538044587814,1.2950750589370728,1.2950750589370728,71100.0
2000-06-21,1.308925747871399,1.3158512809289196,1.2950746817563576,1.308925747871399,37700.0
2000-06-22,1.2950748910186112,1.3020004251951813,1.274298288488901,1.288149356842041,38400.0
2000-06-23,1.2742983102798462,1.2881493788698444,1.2604472416898478,1.2742983102798462,22800.0
2000-06-26,1.2604469562488827,1.302000152608736,1.2604469562488827,1.267372488975525,28800.0
2000-06-27,1.2742985005074359,1.302000641822815,1.2742985005074359,1.302000641822815,33600.0
2000-06-28,1.288149148698837,1.3158512809289196,1.288149148698837,1.308925747871399,53000.0
2000-06-29,1.3158513307571411,1.3158513307571411,1.3020002641175923,1.3158513307571411,13000.0
2000-06-30,1.3158513307571411,1.3227768640769155,1.3020002641175923,1.3158513307571411,31100.0
2000-07-03,1.3227768640769155,1.3227768640769155,1.3089257974373667,1.3158513307571411,2800.0
2000-07-05,1.3158517124805045,1.3158517124805045,1.2812240358362808,1.302000641822815,21600.0
2000-07-06,1.3020004251951813,1.3158514935483214,1.274298288488901,1.288149356842041,25000.0
2000-07-07,1.302000641822815,1.3089261771516598,1.2881495711651254,1.302000641822815,12100.0
2000-07-10,1.3158512809289196,1.3158512809289196,1.2950746817563576,1.308925747871399,44600.0
2000-07-11,1.3020005475788217,1.3227771520614624,1.3020005475788217,1.3227771520614624,36200.0
2000-07-12,1.3227771998693547,1.3366282700250547,1.3227771998693547,1.3297027349472046,46500.0
2000-07-13,1.3366275349843133,1.350478597523011,1.3297020037149645,1.343553066253662,100100.0
2000-07-14,1.3504791746334155,1.3574047088623047,1.343553640404526,1.3574047088623047,51700.0
2000-07-17,1.3712551593780518,1.3712551593780518,1.3643296282700816,1.3712551593780518,31000.0
2000-07-18,1.3504785660541418,1.3712551593780518,1.343553034946172,1.3712551593780518,52000.0
2000-07-19,1.3574047088623047,1.3781813115489727,1.3504791746334155,1.3574047088623047,46400.0
2000-07-20,1.3574048758763348,1.3781814811193398,1.3574048758763348,1.3643304109573364,27100.0
2000-07-21,1.3781812618940303,1.3781812618940303,1.3435535919971955,1.3504791259765625,25400.0
2000-07-24,1.3504793401807547,1.3504793401807547,1.3297027349472046,1.3297027349472046,18400.0
2000-07-25,1.3297027349472046,1.3504793401807547,1.3158516647915046,1.3297027349472046,30300.0
2000-07-26,1.3227776011037085,1.3366286754608154,1.3158520639251552,1.3366286754608154,9200.0
2000-07-27,1.3435534131590021,1.3435534131590021,1.308925747871399,1.308925747871399,35300.0
2000-07-28,1.3297025619014617,1.3297025619014617,1.288149356842041,1.288149356842041,11400.0
2000-07-31,1.2881490871554515,1.2881490871554515,1.267372488975525,1.267372488975525,18100.0
2000-08-01,1.274298288488901,1.3158514935483214,1.2673727543123308,1.288149356842041,20900.0
2000-08-02,1.3020001334113043,1.3020001334113043,1.2673724702886633,1.2812235355377197,11000.0
2000-08-03,1.2742980029131914,1.2812235355377197,1.2673724702886633,1.2812235355377197,9500.0
2000-08-04,1.2950747307978179,1.3158513307571411,1.2881491974780435,1.3158513307571411,16100.0
2000-08-07,1.3158516172339156,1.3227771520614624,1.2950750127512747,1.3227771520614624,8700.0
2000-08-08,1.3158516647915046,1.3297027349472046,1.3158516647915046,1.3297027349472046,18500.0
2000-08-09,1.3297027349472046,1.3297027349472046,1.3227771998693547,1.3297027349472046,14800.0
2000-08-10,1.3297027349472046,1.3366282700250547,1.3297027349472046,1.3297027349472046,4200.0
2000-08-11,1.3366282700250547,1.3366282700250547,1.3089261297136545,1.3297027349472046,18900.0
2000-08-14,1.329703138282262,1.343554212639369,1.3158520639251552,1.3366286754608154,19900.0
2000-08-15,1.3297027349472046,1.3435538051029048,1.3297027349472046,1.3297027349472046,23600.0
2000-08-16,1.3297020037149645,1.350478597523011,1.3227764724456157,1.343553066253662,18600.0
2000-08-17,1.343553066253662,1.3574041287923597,1.3297020037149645,1.343553066253662,20700.0
2000-08-18,1.329703138282262,1.357405286996476,1.329703138282262,1.3366286754608154,12800.0
2000-08-21,1.3297027349472046,1.3504793401807547,1.3297027349472046,1.3297027349472046,43500.0
2000-08-22,1.343553066253662,1.343553066253662,1.3297020037149645,1.343553066253662,30700.0
2000-08-23,1.3435535919971955,1.3504791259765625,1.3366280580178285,1.3504791259765625,12500.0
2000-08-24,1.350478597523011,1.3574041287923597,1.3366275349843133,1.343553066253662,19300.0
2000-08-25,1.3504791746334155,1.3574047088623047,1.343553640404526,1.3574047088623047,18500.0
2000-08-28,1.3435539448261262,1.385107159614563,1.3435539448261262,1.385107159614563,20100.0
2000-08-29,1.385106992481941,1.385106992481941,1.3712559225571215,1.3781814575195312,26300.0
2000-08-30,1.3907339072598077,1.3978658760149862,1.3764699697494507,1.3764699697494507,13200.0
2000-08-31,1.42639357634265,1.42639357634265,1.4121296405792236,1.4121296405792236,33100.0
2000-09-01,1.4192616939544678,1.4192616939544678,1.4121297256431389,1.4192616939544678,28500.0
2000-09-05,1.426393662265797,1.4335256305771258,1.3836018523978229,1.4192616939544678,63800.0
2000-09-06,1.4263940946704845,1.4263940946704845,1.4049981832504272,1.4049981832504272,24400.0
2000-09-07,1.4049981832504272,1.4121301537237798,1.38360227183037,1.4049981832504272,28800.0
2000-09-08,1.3836015138870632,1.3907334804534912,1.376469547320635,1.3907334804534912,19400.0
2000-09-11,1.3764695795540958,1.3907335130209775,1.369337612820655,1.3836015462875366,35400.0
2000-09-12,1.397866212777075,1.4049981832504272,1.3764703013570176,1.4049981832504272,36200.0
2000-09-13,1.4049974135863477,1.4049974135863477,1.3836015138870632,1.3907334804534912,55100.0
2000-09-14,1.4049981832504272,1.4121301537237798,1.397866212777075,1.4049981832504272,13400.0
2000-09-15,1.4049970215680647,1.4049970215680647,1.3836011278386018,1.3978650569915771,32700.0
2000-09-18,1.4192616945753496,1.4192616945753496,1.3693379163742065,1.3693379163742065,59500.0
2000-09-19,1.4192621241971322,1.4192621241971322,1.38360227183037,1.4049981832504272,66600.0
2000-09-20,1.3907330924150894,1.4049970215680647,1.3907330924150894,1.3978650569915771,23600.0
2000-09-21,1.3978650569915771,1.4049970215680647,1.3907330924150894,1.3978650569915771,41800.0
2000-09-22,1.3907342423037226,1.4049981832504272,1.3408104489902555,1.4049981832504272,25800.0
2000-09-25,1.3978654470199194,1.4121293801527757,1.3907334804534912,1.3907334804534912,19500.0
2000-09-26,1.397866212777075,1.4121301537237798,1.3907342423037226,1.4049981832504272,32700.0
2000-09-27,1.4049970215680647,1.4121289861445523,1.3907330924150894,1.3978650569915771,15200.0
2000-09-28,1.3978650569915771,1.4049970215680647,1.3836011278386018,1.3978650569915771,17300.0
2000-09-29,1.3836011278386018,1.4049970215680647,1.3836011278386018,1.3978650569915771,14200.0
2000-10-02,1.4049974464878594,1.4121294132213003,1.3836015462875366,1.3836015462875366,37000.0
2000-10-03,1.3907335130209775,1.3907335130209775,1.355073679353773,1.3836015462875366,42700.0
2000-10-04,1.369337612820655,1.3836015462875366,1.355073679353773,1.3836015462875366,9200.0
2000-10-05,1.3693380009942722,1.3836019385046292,1.3693380009942722,1.3764699697494507,10100.0
2000-10-06,1.3836018530031047,1.3836018530031047,1.3693379163742065,1.3693379163742065,19700.0
2000-10-09,1.3836012558734163,1.3836012558734163,1.3408094644546509,1.3408094644546509,32200.0
2000-10-10,1.355074102814133,1.355074102814133,1.3194142580032349,1.3194142580032349,29100.0
2000-10-11,1.305149858169134,1.305149858169134,1.283753958854886,1.2908859252929688,31800.0
2000-10-12,1.3122814631057997,1.3122814631057997,1.240961818371789,1.2623577117919922,36700.0
2000-10-13,1.2266983720991347,1.2837541103363037,1.2266983720991347,1.2837541103363037,46200.0
2000-10-16,1.2908859252929688,1.2980178917310514,1.2766219924168034,1.2908859252929688,34100.0
2000-10-17,1.2908861449595248,1.2908861449595248,1.2623582743526844,1.2694902420043945,15800.0
2000-10-18,1.2552263067009743,1.2694902420043945,1.2124345007907138,1.2694902420043945,30100.0
2000-10-19,1.262357997112587,1.305149793624878,1.262357997112587,1.305149793624878,39300.0
2000-10-20,1.3122822890410553,1.3265462269654147,1.2908863821545162,1.3194142580032349,21100.0
2000-10-23,1.3408101297193957,1.347942098494499,1.3265461921691895,1.3265461921691895,36800.0
2000-10-24,1.3479414296911116,1.3550733949275726,1.33367749921819,1.3408094644546509,71100.0
2000-10-25,1.3265449365843898,1.3408088606336843,1.305149050510448,1.3122810125350952,26100.0
2000-10-26,1.3194137910452997,1.3265457574833823,1.2766219924168034,1.2908859252929688,78000.0
2000-10-27,1.3051501679020887,1.3122821360327013,1.2766222953796387,1.2766222953796387,26200.0
2000-10-30,1.305149793624878,1.3265456918810234,1.305149793624878,1.305149793624878,22800.0
2000-10-31,1.3051496382723462,1.3408094644546509,1.3051496382723462,1.3408094644546509,123200.0
2000-11-01,1.3479414296911116,1.3479414296911116,1.326545533981729,1.3408094644546509,40100.0
2000-11-02,1.340810311402326,1.362206220626831,1.3194144021778207,1.362206220626831,109600.0
2000-11-03,1.3479420793683905,1.3550740480422974,1.3408101106944839,1.3550740480422974,29300.0
2000-11-06,1.362206220626831,1.3693381903683328,1.3550742508853293,1.362206220626831,14100.0
2000-11-07,1.3693379163742065,1.3764698846886556,1.3479420114308596,1.3693379163742065,48200.0
2000-11-08,1.3764698846886556,1.3836018530031047,1.3550739797453086,1.3693379163742065,41900.0
2000-11-09,1.3550740480422974,1.3622060167162042,1.3122822359988564,1.3550740480422974,24000.0
2000-11-10,1.3550735562225509,1.3550735562225509,1.298017827539496,1.305149793624878,87400.0
2000-11-13,1.3051501679020887,1.3051501679020887,1.2766222953796387,1.2766222953796387,49500.0
2000-11-14,1.2837541103363037,1.2837541103363037,1.2694901757770116,1.2837541103363037,46000.0
2000-11-15,1.2931585042490124,1.3225484702546717,1.2931585042490124,1.3005059957504272,17200.0
2000-11-16,1.3005059957504272,1.3225484702546717,1.2858110127475975,1.3005059957504272,35800.0
2000-11-17,1.3005062060409718,1.3152011914199657,1.2858112206619778,1.3078536987304688,20000.0
2000-11-20,1.3078539967536926,1.3078539967536926,1.2784640192985535,1.293159008026123,35800.0
2000-11-21,1.2858116977355059,1.2858116977355059,1.2490742206573486,1.2490742206573486,23800.0
2000-11-22,1.2637693068224514,1.2637693068224514,1.2270318269729614,1.2270318269729614,15900.0
2000-11-24,1.2123363081520127,1.241726279258728,1.2123363081520127,1.241726279258728,11700.0
2000-11-27,1.2564212292073722,1.2564212292073722,1.204988781228123,1.2196837663650513,24700.0
2000-11-28,1.2123363878991869,1.219683881159182,1.1829464148592066,1.1902939081192017,27100.0
2000-11-29,1.204988802441899,1.204988802441899,1.1755988316506332,1.1829463243484497,38900.0
2000-11-30,1.1682518151155703,1.175599310808121,1.1535568237304688,1.1535568237304688,32900.0
2000-12-01,1.168251284061034,1.2049887458239597,1.168251284061034,1.1976412534713745,19200.0
2000-12-04,1.1902938170462662,1.1976413097440826,1.1755988316506332,1.1829463243484497,37900.0
2000-12-05,1.175598776413619,1.2123362381765448,1.175598776413619,1.1976412534713745,43600.0
2000-12-06,1.2123363301521395,1.2196838230621525,1.1902938514221006,1.2049888372421265,70300.0
2000-12-07,1.1902938170462662,1.204988802441899,1.1829463243484497,1.1829463243484497,18500.0
2000-12-08,1.1976413443321137,1.2049888372421265,1.1902938514221006,1.2049888372421265,49500.0
2000-12-11,1.2196843310030634,1.2270318269729614,1.1976418430933695,1.2270318269729614,106700.0
2000-12-12,1.2270310459714948,1.2417260285579796,1.2049885720917672,1.2123360633850098,41900.0
2000-12-13,1.2049885720917672,1.2196835546782523,1.2049885720917672,1.2123360633850098,84900.0
2000-12-14,1.2049888372421265,1.2196838230621525,1.1976413443321137,1.2049888372421265,34100.0
2000-12-15,1.2049888946391918,1.2049888946391918,1.1755989215992115,1.1902939081192017,19000.0
2000-12-18,1.2049889834421985,1.2049889834421985,1.1609040206333376,1.1682515144348145,45100.0
2000-12-19,1.1609038462550003,1.1829463243484497,1.1609038462550003,1.1829463243484497,7200.0
2000-12-20,1.1755987885710482,1.1755987885710482,1.1315138339996338,1.1315138339996338,116500.0
2000-12-21,1.116818748064489,1.1241662398280714,1.0874287810101606,1.0947762727737427,60000.0
2000-12-22,1.1021240949630737,1.1168190828959148,1.0874291070302327,1.1021240949630737,147500.0
2000-12-26,1.1094719244509328,1.1094719244509328,1.0727344435088488,1.0800819396972656,50500.0
2000-12-27,1.0947764543508063,1.1094714403152466,1.0874289613685861,1.1094714403152466,42000.0
2000-12-28,1.1021240949630737,1.1094715889294942,1.0874291070302327,1.1021240949630737,83300.0
2000-12-29,1.1021239473330264,1.1168189332974667,1.0947764543508063,1.1094714403152466,117400.0
2001-01-02,1.1241665768623352,1.138861564795176,1.1021240949630737,1.1021240949630737,73900.0
2001-01-03,1.0947765764200463,1.1682515144348145,1.0947765764200463,1.1682515144348145,57400.0
2001-01-04,1.1755987964098966,1.1755987964098966,1.1535563189772111,1.160903811454773,43800.0
2001-01-05,1.1609040183405723,1.1682515121275379,1.124166549405744,1.1388615369796753,57300.0
2001-01-08,1.1315137696893591,1.1315137696893591,1.1021238016454797,1.1168187856674194,31400.0
2001-01-09,1.1535562457222688,1.1535562457222688,1.1094712936564495,1.1168187856674194,49600.0
2001-01-10,1.116819113687752,1.1315141020257489,1.1021241253497553,1.1241666078567505,57700.0
2001-01-11,1.116818856589402,1.160903811454773,1.10947136411184,1.160903811454773,49300.0
2001-01-12,1.1535565268318608,1.1682515144348145,1.1535565268318608,1.1682515144348145,42600.0
2001-01-16,1.1682515144348145,1.190293995839245,1.1609040206333376,1.1682515144348145,76300.0
2001-01-17,1.1902939081192017,1.1976414013791967,1.1829464148592066,1.1902939081192017,84500.0
2001-01-18,1.1902935895052824,1.2123360633850098,1.1829460982120399,1.2123360633850098,120200.0
2001-01-19,1.2196835546782523,1.2196835546782523,1.2049885720917672,1.2123360633850098,35100.0
2001-01-22,1.2049888946391918,1.219683881159182,1.1902939081192017,1.1902939081192017,39600.0
2001-01-23,1.1902943471234715,1.2784642987622472,1.1829468511535737,1.2270318269729614,133900.0
2001-01-24,1.2196837663650513,1.2343787515019795,1.2196837663650513,1.2196837663650513,36900.0
2001-01-25,1.2196838230621525,1.2270313159721655,1.2049888372421265,1.2049888372421265,96400.0
2001-01-26,1.2049885720917672,1.2123360633850098,1.2049885720917672,1.2123360633850098,59500.0
2001-01-29,1.2132177664955346,1.2261494233511836,1.1932325805493713,1.2249737977981567,58500.0
2001-01-30,1.2261503380037628,1.2332038723558942,1.1814775426892716,1.2320282459259033,72000.0
2001-01-31,1.2320272650639297,1.2578904653635548,1.2296761261896825,1.2390809059143066,65700.0
2001-02-01,1.2508375673136274,1.2719982763065945,1.2461351750803153,1.2614178657531738,62900.0
2001-02-02,1.2614177478162187,1.2825785669446175,1.2414326667785645,1.2414326667785645,38300.0
2001-02-05,1.2320277799424935,1.2602422430213316,1.230852266071018,1.2426081895828247,45200.0
2001-02-06,1.2520127857902497,1.2520127857902497,1.2108668914883682,1.2367300987243652,43700.0
2001-02-07,1.2296764688697457,1.2414325028585471,1.2285008430480957,1.2285008430480957,28300.0
2001-02-08,1.234378917769635,1.234378917769635,1.2237985091076784,1.2332032918930054,32000.0
2001-02-09,1.2332031498024774,1.2332031498024774,1.163842800667048,1.2026375532150269,107800.0
2001-02-12,1.193232832488261,1.204988866273049,1.175598893924926,1.1979352235794067,41500.0
2001-02-13,1.1932331544971706,1.1991111729758215,1.1755992111750952,1.1850039958953857,18000.0
2001-02-14,1.1932336656423352,1.1932336656423352,1.1697216937697923,1.1873557567596436,46000.0
2001-02-15,1.1755988370246637,1.1991107913423886,1.1755988370246637,1.193232774734497,30100.0
2001-02-16,1.1873552014416002,1.1967599857920632,1.1814771831940927,1.1908819675445557,25300.0
2001-02-20,1.1932327655516952,1.1932327655516952,1.1755988279775682,1.1920572519302368,37500.0
2001-02-21,1.193233192456739,1.193233192456739,1.165018837398302,1.1685456037521362,45600.0
2001-02-22,1.1732478297920355,1.1732478297920355,1.1379799470300205,1.1450334787368774,42300.0
2001-02-23,1.1344530332150244,1.1344530332150244,1.1109410747453499,1.1321018934249878,50700.0
2001-02-26,1.1462090015411377,1.1497357670770771,1.1379798445859939,1.1462090015411377,36400.0
2001-02-27,1.157964672020454,1.1755986062689603,1.157964672020454,1.1650182008743286,28800.0
2001-02-28,1.17709146803613,1.1891642470954502,1.1650186889768097,1.1710550785064697,23600.0
2001-03-01,1.1408731276612005,1.1589822943718957,1.1372513403728783,1.1565676927566528,43000.0
2001-03-02,1.1565670084270934,1.1686397790908813,1.1408724526179586,1.1686397790908813,18800.0
2001-03-05,1.1710547460147025,1.1710547460147025,1.14570200929605,1.1601892709732056,19800.0
2001-03-06,1.1710550391822265,1.1758841276168823,1.1589823756628626,1.1758841276168823,25000.0
2001-03-07,1.1831271499651546,1.2000288923782019,1.1408725636635655,1.1770907640457153,48300.0
2001-03-08,1.1770912111212157,1.18071299799469,1.1589821616193163,1.1734694242477417,36600.0
2001-03-09,1.158982132235451,1.158982132235451,1.1408729680581473,1.1469093561172485,19600.0
2001-03-12,1.1408727853779694,1.1408727853779694,1.080509144721627,1.116727352142334,38400.0
2001-03-13,1.1106913033724826,1.1288004701662415,1.098618640644519,1.1191422939300537,58500.0
2001-03-14,1.1046554996354356,1.105862801088166,1.0986192226409912,1.0986192226409912,35800.0
2001-03-15,1.110690733230578,1.1167271190632218,1.090167090480279,1.1082762479782104,28900.0
2001-03-16,1.104654876034172,1.104654876034172,1.0756803483330057,1.0865458250045776,16200.0
2001-03-19,1.116727256688204,1.116727256688204,1.06240000776811,1.0744726657867432,39400.0
2001-03-20,1.0865456758419632,1.0986184516273496,1.0732657145856561,1.0829238891601562,57600.0
2001-03-21,1.0744729867332445,1.0744729867332445,1.0418766736984253,1.0418766736984253,26700.0
2001-03-22,1.0382546591304864,1.0382546591304864,0.9658182447224964,1.0249745845794678,38000.0
2001-03-23,1.024975022344653,1.0563641563366646,1.020145933663925,1.044291377067566,22300.0
2001-03-26,1.0503274462390453,1.0708510956538542,1.0503274462390453,1.062400221824646,21900.0
2001-03-27,1.0624006868788618,1.0708515644073486,1.04429151557337,1.0708515644073486,35500.0
2001-03-28,1.0708510691413575,1.0708510691413575,1.0201455971524507,1.0503274202346802,31000.0
2001-03-29,1.044291117400944,1.0503275055345243,1.0032439313885577,1.0322184562683105,28000.0
2001-03-30,1.0382544479434672,1.0382544479434672,1.0153162048217568,1.0370471477508545,23600.0
2001-04-02,1.0382546591304864,1.0382546591304864,1.0201454979612354,1.0249745845794678,10100.0
2001-04-03,1.0141090831333668,1.0249745565104642,0.9597818313823835,0.9899636507034302,52700.0
2001-04-04,0.9778909315171593,0.9839272029000766,0.9597817719649177,0.9670254588127136,31400.0
2001-04-05,0.9718552309499534,1.0080734604833175,0.9718552309499534,0.9923788905143738,49100.0
2001-04-06,1.0020368671472193,1.0116950443858073,0.9839276984739509,0.994793176651001,39800.0
2001-04-09,0.9839276467915415,1.0080732037542812,0.9766840718103584,0.9790985584259033,17200.0
2001-04-10,0.9899640501299042,1.0261822709552342,0.981513174153329,1.014109492301941,35900.0
2001-04-11,1.0261820102023642,1.062400221824646,1.0261820102023642,1.062400221824646,26400.0
2001-04-12,1.0503271987051832,1.1106908321380615,1.0503271987051832,1.1106908321380615,29200.0
2001-04-16,1.0684373771303552,1.1106918917644835,1.0684373771303552,1.0986192226409912,24700.0
2001-04-17,1.0865458875744347,1.1106913287158464,1.0865458875744347,1.0937895774841309,30900.0
2001-04-18,1.0986184819134905,1.158982132235451,1.0986184819134905,1.1469093561172485,48500.0
2001-04-19,1.1589817607448696,1.1951998472213745,1.1481162887481227,1.1951998472213745,48400.0
2001-04-20,1.2000294035951313,1.2205530553836843,1.1770912654909138,1.1891640424728394,37800.0
2001-04-23,1.1770907640457153,1.1807125495435848,1.150530735080874,1.1770907640457153,19400.0
2001-04-24,1.165018520196986,1.2072731256484985,1.165018520196986,1.2072731256484985,21100.0
2001-04-25,1.2072733351998695,1.2072733351998695,1.1770915018198727,1.2036515474319458,43500.0
2001-04-26,1.1952003629041852,1.2072731403616168,1.1770913118525763,1.1903712749481201,35700.0
2001-04-27,1.2012361925889867,1.2024434927997716,1.1770907640457153,1.1770907640457153,22300.0
2001-04-30,1.1891641658045125,1.1891641658045125,1.1650186093364554,1.1662259101867676,36800.0
2001-05-01,1.171054876999951,1.2048584913609948,1.171054876999951,1.1891640424728394,38600.0
2001-05-02,1.2012367542972004,1.2072731430393049,1.1952003655550962,1.2048585414886475,24500.0
2001-05-03,1.1927853618523692,1.2048580189663742,1.1686399324898695,1.1951998472213745,25400.0
2001-05-04,1.1952005557940477,1.2048587332648821,1.171055112116962,1.2036515474319458,26200.0
2001-05-07,1.1915780616006217,1.2072726194698689,1.1807125896038748,1.1951998472213745,27300.0
2001-05-08,1.1952003629041852,1.2048585388163149,1.1782986126252273,1.1903712749481201,31100.0
2001-05-09,1.1903708186456234,1.1903708186456234,1.1493236443208734,1.1879563331604004,56400.0
2001-05-10,1.1831272713933483,1.2036509165451588,1.1650181117764289,1.2000290155410767,81800.0
2001-05-11,1.2048586315249,1.2048586315249,1.1903713665419735,1.2012368440628052,26900.0
2001-05-14,1.2012367637478714,1.2012367637478714,1.17709132372403,1.196407675743103,25200.0
2001-05-15,1.198822259902954,1.2000294455357101,1.1891640840336777,1.198822259902954,32500.0
2001-05-16,1.2198546934967411,1.2198546934967411,1.1815023287220416,1.217380404472351,36700.0
2001-05-17,1.2050083206901467,1.2309889982321238,1.1963481341715518,1.21861732006073,19300.0
2001-05-18,1.2186170653356532,1.2309887409210205,1.2149054564724922,1.2309887409210205,33400.0
2001-05-21,1.2210907797012605,1.24212274810227,1.2210907797012605,1.239648461341858,71300.0
2001-05-22,1.2433610834145967,1.2619186639785767,1.2347007768966822,1.2619186639785767,42200.0
2001-05-23,1.2458342372359448,1.2718148971438912,1.239648461341858,1.239648461341858,29800.0
2001-05-24,1.244598189860179,1.2594442767508944,1.2396494942299405,1.2495468854904175,18300.0
2001-05-25,1.2495460401472003,1.2495460401472003,1.2322255581659174,1.2346998453140259,17700.0
2001-05-29,1.239648930594404,1.242123218291425,1.2248027324676514,1.2248027324676514,30200.0
2001-05-30,1.224802844135253,1.234700231798014,1.2186170653356532,1.2309887409210205,13600.0
2001-05-31,1.2322254940879953,1.2346997811074365,1.2272768020629883,1.2272768020629883,11900.0
2001-06-01,1.228514340992418,1.22975142584785,1.2050079589468567,1.2248027324676514,20600.0
2001-06-04,1.2173797513904319,1.2322258315310277,1.2173797513904319,1.2248027324676514,13500.0
2001-06-05,1.232226026108946,1.2408862113952637,1.223565840822628,1.2408862113952637,28700.0
2001-06-06,1.2408861779743972,1.254495175041994,1.2297515869140625,1.2297515869140625,20800.0
2001-06-07,1.24212274810227,1.24212274810227,1.2309881627151342,1.239648461341858,13600.0
2001-06-08,1.2272766033754254,1.2384111881256104,1.2272766033754254,1.2384111881256104,6600.0
2001-06-11,1.2347001192280485,1.2384117277528153,1.2186169542320207,1.2248027324676514,26500.0
2001-06-12,1.2371745249112263,1.2371745249112263,1.212431058010233,1.2248027324676514,24200.0
2001-06-13,1.2371751070022583,1.2470724984193793,1.2248033087377508,1.2371751070022583,33300.0
2001-06-14,1.2309883458556368,1.2309883458556368,1.2124307794402465,1.2198537588119507,17300.0
2001-06-15,1.219853820385255,1.219853820385255,1.1753155879485302,1.206244945526123,16400.0
2001-06-18,1.2000590504133772,1.2124308406388689,1.1753155879485302,1.206244945526123,20800.0
2001-06-19,1.1988216406804395,1.1988216406804395,1.1567578207503788,1.169129490852356,14900.0
2001-06-20,1.1629435968083097,1.169129490852356,1.1567578207503788,1.169129490852356,14700.0
2001-06-21,1.169130104212457,1.180264695736052,1.156758427619934,1.156758427619934,63100.0
2001-06-22,1.1629446536489203,1.1815023526456019,1.1542844649088693,1.1753164529800415,17600.0
2001-06-25,1.1864507051885254,1.1864507051885254,1.1134573698432342,1.1629443168640137,32600.0
2001-06-26,1.1505722592084209,1.1876875162124634,1.139437670308593,1.1876875162124634,51500.0
2001-06-27,1.1753164529800415,1.1852138452504493,1.1629446536489203,1.1753164529800415,13300.0
2001-06-28,1.1753160206230593,1.2000594921968353,1.1740788175478258,1.19511079788208,21500.0
2001-06-29,1.1951105459340798,1.2000592392055731,1.1839759565766816,1.1864503622055054,19600.0
2001-07-02,1.1963480417531172,1.2037710244852862,1.193873635518272,1.2000595331192017,21400.0
2001-07-03,1.2000590504133772,1.206244945526123,1.1876873781740216,1.206244945526123,20600.0
2001-07-05,1.2062451352914783,1.2062451352914783,1.181501668934012,1.1864503622055054,39300.0
2001-07-06,1.1815020104864473,1.1815020104864473,1.1629443168640137,1.1629443168640137,19600.0
2001-07-09,1.1567578207503788,1.1753153848964022,1.1518091291123649,1.169129490852356,34700.0
2001-07-10,1.1802653154172191,1.1815025191219006,1.1505731344223022,1.1505731344223022,40700.0
2001-07-11,1.1505718360579409,1.1505718360579409,1.086238731846161,1.1320141553878784,10100.0
2001-07-12,1.138200843353624,1.1629443168640137,1.1344893518236125,1.1629443168640137,44300.0
2001-07-13,1.1728417062681695,1.1728417062681695,1.1567585369760576,1.1629443168640137,23500.0
2001-07-16,1.1629443444169836,1.1666559540211203,1.1357265819037943,1.1443867683410645,17300.0
2001-07-17,1.145623944399835,1.1629443168640137,1.1320149454794795,1.1629443168640137,43600.0
2001-07-18,1.162944206923107,1.162944206923107,1.143149429986128,1.156758427619934,19900.0
2001-07-19,1.1505722585081408,1.1678926252429758,1.1505722585081408,1.1666555404663086,18100.0
2001-07-20,1.1542834159383142,1.169129490852356,1.1542834159383142,1.169129490852356,20800.0
2001-07-23,1.1815016760644639,1.1815016760644639,1.1505723134344317,1.159232497215271,33000.0
2001-07-24,1.1629439321778587,1.1852131099639602,1.1518094612709573,1.1666555404663086,28700.0
2001-07-25,1.1666559263802134,1.1666559263802134,1.1530469274598578,1.1629443168640137,20400.0
2001-07-26,1.1629435873591611,1.1876871633342998,1.156757811351491,1.1815012693405151,24800.0
2001-07-27,1.1852131593910935,1.2000592392055731,1.174078570033695,1.1864503622055054,42000.0
2001-07-30,1.1740788575842438,1.224803005536737,1.1740788575842438,1.2000595331192017,49800.0
2001-07-31,1.1938731553006316,1.2087193507656757,1.1938731553006316,1.206244945526123,40200.0
2001-08-01,1.2074825107106646,1.221091389656067,1.2000594107492453,1.221091389656067,40600.0
2001-08-02,1.2124312099041221,1.2124312099041221,1.1258290059080074,1.1431493759155273,97200.0
2001-08-03,1.1530467683981922,1.1592326654189982,1.1443865833607667,1.1579954624176025,45900.0
2001-08-06,1.1542835624115042,1.1542835624115042,1.1332515907845573,1.138200283050537,39600.0
2001-08-07,1.1394379388069888,1.1579955126888621,1.1394379388069888,1.156758427619934,31700.0
2001-08-08,1.1579951449307846,1.1579951449307846,1.112219708304918,1.1419118642807007,38400.0
2001-08-09,1.1419121977771438,1.1419121977771438,1.103559847937456,1.1245918273925781,31100.0
2001-08-10,1.1221177385621928,1.1233549419354623,1.0850025812537683,1.10479736328125,45600.0
2001-08-13,1.102322738349224,1.107271432876587,1.076342062584022,1.107271432876587,48000.0
2001-08-14,1.119643070841289,1.119643070841289,1.0948996016817478,1.117168664932251,39100.0
2001-08-15,1.0825281843035148,1.0825281843035148,1.062733402096901,1.06891930103302,39000.0
2001-08-16,1.0738675316323447,1.0738675316323447,1.0404637626318545,1.0565470457077026,35000.0
2001-08-17,1.0454129287186984,1.0454129287186984,1.0181950436696,1.0268553495407104,56600.0
2001-08-20,1.0318037059295493,1.0367523999489596,1.0243806059073475,1.0293292999267578,54600.0
2001-08-21,1.024379981891886,1.0268543863873592,1.0008737291153935,1.0058224201202393,70100.0
2001-08-22,1.0169579485897096,1.0367527309878979,1.005823353994176,1.03304123878479,68100.0
2001-08-23,1.0330409301768038,1.0441754034598434,1.0206691358807491,1.0318037271499634,61500.0
2001-08-24,1.0305662216032319,1.0392264042765924,1.007059960924336,1.0243803262710571,50700.0
2001-08-27,1.0243809329959253,1.03304123878479,1.0206694407928174,1.03304123878479,62500.0
2001-08-28,1.028092384338379,1.0379897740082629,1.0243807747225286,1.028092384338379,78200.0
2001-08-29,1.0392268381385539,1.0454127360532504,1.0243807539349963,1.0256179571151733,27400.0
2001-08-30,1.0256175952829443,1.0256175952829443,0.9971626400947571,0.9971626400947571,38600.0
2001-08-31,1.0033483529333471,1.0243803262710571,1.0021112682558242,1.0243803262710571,30100.0
2001-09-04,1.0243803670718143,1.0243803670718143,0.9934510071651739,1.008297085762024,53700.0
2001-09-05,1.0144836530924521,1.0144836530924521,0.968708184278215,0.994688868522644,81700.0
2001-09-06,0.993451310982222,0.993451310982222,0.9649963477993719,0.966233491897583,53000.0
2001-09-07,0.9588104591554576,0.9773680927441813,0.9588104591554576,0.9600476622581482,129100.0
2001-09-10,0.9588105351838381,0.9600477383846321,0.9353042053066112,0.9402529001235962,88100.0
2001-09-17,0.884579424461485,0.9204574658500454,0.8635474569592834,0.8783935308456421,204400.0
2001-09-18,0.8783941183827256,0.9155093869172027,0.8660223818689309,0.8845800161361694,73500.0
2001-09-19,0.8932396047320008,0.9043741896432966,0.8536500743683775,0.8783935308456421,66900.0
2001-09-20,0.8536507760688046,0.8536507760688046,0.797977864742279,0.797977864742279,77000.0
2001-09-21,0.7732343198680403,0.8091123875904696,0.7423049470733186,0.7893176078796387,131100.0
2001-09-24,0.7843688796881657,0.8388045805775208,0.7843688796881657,0.8289071321487427,156900.0
2001-09-25,0.8214837634408249,0.827669658875093,0.7967402996898941,0.8251953125,51900.0
2001-09-26,0.8276696037259471,0.8326182961463928,0.8103491802543872,0.8326182961463928,46400.0
2001-09-27,0.838804169536809,0.8400413131134826,0.806637610640379,0.830143928527832,27000.0
2001-09-28,0.8326185394671568,0.8499389680003622,0.828906989570642,0.8474646210670471,38900.0
2001-10-01,0.8375674195199766,0.8462276652082419,0.8165354364149733,0.8412789702415466,30900.0
2001-10-02,0.8388043046065995,0.859836220741272,0.8313812059789798,0.859836220741272,39200.0
2001-10-03,0.859836220741272,0.8771567055482845,0.8474644880170308,0.859836220741272,52300.0
2001-10-04,0.8672593786615344,0.8895284990876599,0.8672593786615344,0.8808682560920715,56000.0
2001-10-05,0.8796310670029132,0.8895284533500671,0.8660221312790385,0.8895284533500671,54000.0
2001-10-08,0.8783941672483943,0.889528760226781,0.8660224300463514,0.8833428621292114,18300.0
2001-10-09,0.8833426707256662,0.887054220578605,0.868496589300078,0.8746824860572815,28600.0
2001-10-10,0.8746823738293362,0.8895284533500671,0.8660221312790385,0.8895284533500671,29600.0
2001-10-11,0.8957144379744477,0.92664380490439,0.8957144379744477,0.9142720699310303,80000.0
2001-10-12,0.9031373821097968,0.9291180505672756,0.8994258327616961,0.9167462587356567,47600.0
2001-10-15,0.9204580810771082,0.9353041648864746,0.8994260995172927,0.9353041648864746,36200.0
2001-10-16,0.9229322272112876,0.9538615912358132,0.9229322272112876,0.9464385509490967,54800.0
2001-10-17,0.9526241155145735,0.9748932889896306,0.9278806549790247,0.942726731300354,57000.0
2001-10-18,0.9402529001235962,0.9501502897575663,0.9278811630811336,0.9402529001235962,50200.0
2001-10-19,0.9377785108273201,0.939015713972852,0.9155093851455831,0.927881121635437,16500.0
2001-10-22,0.916746529298022,0.939015713972852,0.9117978347020804,0.927881121635437,15700.0
2001-10-23,0.9377780391932442,0.9501497694610186,0.9340665496094436,0.942726731300354,14300.0
2001-10-24,0.9402529021428335,0.9588105372429288,0.9402529021428335,0.9550989866256714,32700.0
2001-10-25,0.9427270426421424,0.9550987769957631,0.9278809614177974,0.9513872861862183,59300.0
2001-10-26,0.9625213367565819,0.9674700277224831,0.9439637161379275,0.9649956822395325,61900.0
2001-10-29,0.9526243883581537,0.956335937998052,0.9278809207357653,0.9464385509490967,24700.0
2001-10-30,0.9278811630811336,0.9588105351838381,0.9179837734471634,0.9402529001235962,51200.0
2001-10-31,0.9526238830459274,0.9588097761668037,0.9303547739982605,0.9303547739982605,103200.0
2001-11-01,0.9278811320875714,0.9501502580201594,0.9117978449730444,0.9291183352470398,24600.0
2001-11-02,0.9402526545469595,0.9464385509490967,0.9216950243336282,0.9464385509490967,29500.0
2001-11-05,0.9464385924447699,0.9513872861862183,0.9303553082885216,0.9513872861862183,18900.0
2001-11-06,0.9600477801532844,0.9711823144793814,0.9278812034503194,0.9526246786117554,39900.0
2001-11-07,0.9662337104570858,0.9897400435710713,0.964996566079036,0.9860284924507141,48000.0
2001-11-08,0.9922143100101284,1.0033487848174274,0.9835540056228638,0.9835540056228638,53300.0
2001-11-09,0.9897391427395898,0.9946878337338438,0.9786045585059935,0.9922135472297668,41300.0
2001-11-12,0.9897397608155697,0.9897397608155697,0.9526244961877511,0.9736564755439758,28400.0
2001-11-13,0.9847908442723252,1.0107715118442968,0.9711819091172273,0.9897395372390747,44600.0
2001-11-14,1.0024121475566758,1.0277575637619598,1.0024121475566758,1.0201539993286133,32100.0
2001-11-15,0.9884724856493698,1.0201542953121285,0.9884724856493698,1.0024124383926392,42900.0
2001-11-16,1.0125502928565058,1.0366285283901735,1.0011448860168457,1.0011448860168457,50300.0
2001-11-19,1.0112834911012554,1.0340943751068727,1.003679863099383,1.0264908075332642,37100.0
2001-11-20,1.0264905170401966,1.034094082462024,1.0138177468618264,1.0328267812728882,22500.0
2001-11-21,1.0328265543975665,1.0328265543975665,1.0176193060379108,1.022688388824463,27000.0
2001-11-23,1.0176195295727402,1.0378958651729377,1.010015903722666,1.0328267812728882,8500.0
2001-11-26,1.0277580829653856,1.0454999437001666,1.0163527305536035,1.023956298828125,33900.0
2001-11-27,1.04423189163208,1.0543700559503368,1.0138173986773091,1.04423189163208,47200.0
2001-11-28,1.0454998616231443,1.050568947027056,1.027758002281189,1.027758002281189,18000.0
2001-11-29,1.044232276017071,1.044232276017071,1.0264905423575628,1.035361409187317,25900.0
2001-11-30,1.044232276017071,1.0518359624829292,1.035361409187317,1.035361409187317,28100.0
2001-12-03,1.0226888618890013,1.0340943336486816,1.0087489079919048,1.0340943336486816,23600.0
2001-12-04,1.0429653802866494,1.051836371421814,1.0150854677376846,1.051836371421814,38900.0
2001-12-05,1.051835843084354,1.086052126155432,1.051835843084354,1.0695775747299194,33300.0
2001-12-06,1.0797159671783447,1.0987250017436208,1.0683104980965814,1.0797159671783447,35400.0
2001-12-07,1.0771820630073694,1.0797166670491298,1.0619748013265247,1.0657765865325928,28300.0
2001-12-10,1.0645085038394697,1.10125938949721,1.0454994708930978,1.0936558246612549,40500.0
2001-12-11,1.0771819927775814,1.084785683550547,1.0518365582953042,1.070845603942871,41100.0
2001-12-12,1.0771812200546265,1.0898539886331544,1.072112136794511,1.0771812200546265,37100.0
2001-12-13,1.0784488299965185,1.089854300812901,1.0480343217238408,1.0607069730758667,42800.0
2001-12-14,1.0594395127518133,1.0670431991075715,1.0480341645029179,1.0569050312042236,17700.0
2001-12-17,1.0607074301499602,1.0898547704470025,1.0416983845023935,1.070845603942871,52900.0
2001-12-18,1.0607069826966586,1.0835179245363225,1.0543705965349173,1.0733797550201416,35400.0
2001-12-19,1.0581724079151684,1.1025268654432305,1.0480342392883826,1.0873196125030518,26400.0
2001-12-20,1.0873194124455932,1.0873194124455932,1.05310312983982,1.0683103799819946,29200.0
2001-12-21,1.0581722132205449,1.0683103799819946,1.0391630599004655,1.0683103799819946,14500.0
2001-12-24,1.049301252268065,1.049301252268065,1.017619450151281,1.0366286039352417,11700.0
2001-12-26,1.0239562312105472,1.0746470858817503,1.0239562312105472,1.0645089149475098,55300.0
2001-12-27,1.058172454192407,1.0619742373795897,1.0378959951955782,1.0454996824264526,32400.0
2001-12-28,1.0391629697273577,1.0619739033894473,1.0391629697273577,1.0594393014907837,15700.0
2001-12-31,1.0328268959451858,1.0594396195893154,1.0201542452162948,1.0556378364562988,47700.0
2002-01-02,1.0569050312042236,1.0581723324062657,1.0454995620988337,1.0569050312042236,16800.0
2002-01-03,1.0581729471300148,1.0759146908393264,1.0531038602335594,1.070845603942871,42500.0
2002-01-04,1.0721124536164905,1.077181538374581,1.0505688131804778,1.0733797550201416,40100.0
2002-01-07,1.0771819927775814,1.0809837777357818,1.0645092151081605,1.070845603942871,14800.0
2002-01-08,1.0683108779309451,1.0873199192548222,1.0683108779309451,1.0822508335113525,23300.0
2002-01-09,1.0822507366613339,1.0961906909942627,1.0771816513714938,1.0961906909942627,15200.0
2002-01-10,1.094922832527146,1.094922832527146,1.0708446016630915,1.088586449623108,36000.0
2002-01-11,1.0670435181093352,1.0885871615587293,1.0518362617079744,1.0645089149475098,17900.0
2002-01-14,1.0822503290648682,1.0822503290648682,1.048034046459095,1.0683103799819946,28700.0
2002-01-15,1.0657757923567956,1.0733794779595256,1.0569049265340131,1.0695775747299194,19500.0
2002-01-16,1.0581722259521484,1.0695775730536445,1.0454994569196208,1.0581722259521484,25800.0
2002-01-17,1.0454998746599413,1.0708453019955428,1.0454998746599413,1.0645089149475098,23700.0
2002-01-18,1.0645085300032855,1.0733795170052458,1.0480340988349746,1.061974048614502,15000.0
2002-01-22,1.0493017623528138,1.0708454079335052,1.0493017623528138,1.0632418394088745,19000.0
2002-01-23,1.0581729471300148,1.073380207819381,1.0518365582953042,1.070845603942871,16800.0
2002-01-24,1.0733792031672873,1.089853750375206,1.0645082187590533,1.088586449623108,30600.0
2002-01-25,1.0936560812466816,1.096190563167793,1.0670433563641917,1.0721124410629272,14100.0
2002-01-28,1.0746471444678793,1.088587220904824,1.060707188887472,1.0822508335113525,33700.0
2002-01-29,1.0835175782743216,1.0860520594151604,1.0657757268625492,1.0746465921401978,20600.0
2002-01-30,1.0824348591740183,1.0824348591740183,1.0538813875070325,1.0733497142791748,39600.0
2002-01-31,1.0863282325428862,1.0863282325428862,1.0590726801661492,1.0772430896759033,24800.0
2002-02-01,1.0811366765472918,1.0837325023136888,1.051285422888438,1.0564769506454468,23000.0
2002-02-04,1.0577743855206116,1.0746468760245005,1.0447956323623657,1.0447956323623657,24200.0
2002-02-05,1.0447956323623657,1.0460935448109134,1.0188379403822583,1.0447956323623657,21700.0
2002-02-06,1.0512850983299904,1.0512850983299904,1.0162422039569754,1.0201358795166016,16100.0
2002-02-07,1.0136464599816648,1.0421998543681326,1.0136464599816648,1.0266252756118774,17800.0
2002-02-08,1.037008319410305,1.0460935831069946,1.0188379776805483,1.0460935831069946,25700.0
2002-02-11,1.0525825821836596,1.0629656314849854,1.035710158012933,1.0629656314849854,17700.0
2002-02-12,1.0616675567338234,1.0616675567338234,1.0318162052141275,1.038305640220642,31900.0
2002-02-13,1.0512852668762207,1.0538809684816266,1.0383063875218903,1.0512852668762207,31500.0
2002-02-14,1.0512845102336712,1.0512845102336712,1.035709878595604,1.038305640220642,22200.0
2002-02-15,1.031817115321103,1.048689611710036,1.0266255874918768,1.0370086431503296,16200.0
2002-02-19,1.0370083085739856,1.0370083085739856,1.0136464408798491,1.0201358795166016,14000.0
2002-02-20,1.0305193355598705,1.0305193355598705,0.9876891970634459,0.987689197063446,26300.0
2002-02-21,1.012348897990813,1.0253277173213842,1.000667929649353,1.000667929649353,20200.0
2002-02-22,0.9954761034225301,1.0084549188613892,0.9941781909347073,1.0084549188613892,18400.0
2002-02-25,1.0110506175823877,1.0318167209625244,0.9824972254346998,1.0318167209625244,49200.0
2002-02-26,1.0357104190835893,1.0357104190835893,1.0071570263075136,1.0188379287719727,32300.0
2002-02-27,1.007156965647462,1.0266251558783013,0.9928802391753615,1.0227315425872803,26200.0
2002-02-28,1.0227315619946882,1.0318167011047152,1.0227315619946882,1.0253273248672485,17700.0
2002-03-01,1.0344120652700204,1.0499866983901125,1.0253269296617984,1.0357099771499634,15000.0
2002-03-04,1.0227314583160367,1.0707530975341797,1.0227314583160367,1.0707530975341797,31500.0
2002-03-05,1.0525826954053183,1.08632767115228,1.0525826954053183,1.082434058189392,17800.0
2002-03-06,1.079838271082254,1.1032001972198486,1.079838271082254,1.1032001972198486,12200.0
2002-03-07,1.0902217494763407,1.1096900701522827,1.0850302220512447,1.1096900701522827,19600.0
2002-03-08,1.1032006648267918,1.1226688623428345,1.1032006648267918,1.1226688623428345,18000.0
2002-03-11,1.091519689720201,1.135647735830898,1.091519689720201,1.1343498229980469,18700.0
2002-03-12,1.1213707924734364,1.1291580200195312,1.099306774799917,1.1291580200195312,24600.0
2002-03-13,1.1174767814044082,1.1252641308201756,1.0993065057271507,1.1122852563858032,19200.0
2002-03-14,1.1032006299269688,1.1226688268271336,1.1032006299269688,1.1096900701522827,16300.0
2002-03-15,1.1096900701522827,1.1161795103775969,1.0967111897016546,1.1096900701522827,14400.0
2002-03-18,1.1226683058404123,1.133051355872234,1.1161789924023136,1.1278598308563232,21300.0
2002-03-19,1.135647707277762,1.1395413219026396,1.1057964555274054,1.1096900701522827,29800.0
2002-03-20,1.1096898408924105,1.127860121238411,1.0772427702451222,1.0902215242385864,57500.0
2002-03-21,1.0850299555524634,1.1148813237466768,1.0850299555524634,1.0967109203338623,15100.0
2002-03-22,1.0850299555524634,1.1161792362281093,1.0850299555524634,1.0967109203338623,40400.0
2002-03-25,1.0850299978860505,1.1083919283603385,1.0850299978860505,1.0902215242385864,24600.0
2002-03-26,1.0902213985585811,1.1161791511046204,1.0902213985585811,1.1135833263397217,36900.0
2002-03-27,1.114881199103625,1.114881199103625,1.1044981479644775,1.1044981479644775,31000.0
2002-03-28,1.1057964914312715,1.1187752485275269,1.0876260829655764,1.1187752485275269,26700.0
2002-04-01,1.1161791114399517,1.1161791114399517,1.0876256589194295,1.1044981479644775,15900.0
2002-04-02,1.07983842940248,1.1135834112652443,1.0655617634339631,1.0967109203338623,23600.0
2002-04-03,1.0902218394626757,1.1019028080772266,1.0733494667703105,1.0889240503311157,31600.0
2002-04-04,1.057774222599233,1.0707530975341797,1.0460933836886508,1.0707530975341797,43100.0
2002-04-05,1.0590724954682054,1.0746470764279417,1.0473915288044615,1.0512852668762207,23700.0
2002-04-08,1.057774582777619,1.0616683208493782,1.0253275700554434,1.0512852668762207,37900.0
2002-04-09,1.070753335974694,1.0798384761868447,1.0512851430127277,1.0668597221374512,27300.0
2002-04-10,1.0564769781080632,1.090221847517909,1.0564769781080632,1.0772430896759033,25400.0
2002-04-11,1.0863275133142434,1.0889233374294913,1.051284754188342,1.0577740669250488,27800.0
2002-04-12,1.070753223555213,1.070753223555213,1.038306156174752,1.0473912954330444,26800.0
2002-04-15,1.0538808917984173,1.064263945016076,1.0525829792022705,1.0525829792022705,13600.0
2002-04-16,1.0577746185577073,1.0707534983510587,1.0551789168644994,1.06815767288208,21600.0
2002-04-17,1.0707538878658962,1.1032009753769838,1.0707538878658962,1.0733497142791748,31100.0
2002-04-18,1.073349198961972,1.079838514328003,1.0694554612114455,1.079838514328003,11900.0
2002-04-19,1.0772430896759033,1.1032007291357033,1.0720515617839432,1.0772430896759033,20200.0
2002-04-22,1.0668596881492725,1.0915194067005336,1.0538808107376099,1.0538808107376099,31600.0
2002-04-23,1.0642641803930672,1.0772430616734816,1.051285422888438,1.0564769506454468,29300.0
2002-04-24,1.0512853024368023,1.0746471127787558,1.0512853024368023,1.06815767288208,42500.0
2002-04-25,1.0720515617839432,1.0772430896759033,1.053881152274189,1.0772430896759033,38400.0
2002-04-26,1.0759447884730482,1.0759447884730482,1.0447956323623657,1.0447956323623657,18000.0
2002-04-29,1.0383061396844275,1.0499871035599952,1.0292209386825562,1.0292209386825562,14200.0
2002-04-30,1.037008227303645,1.0383061396844275,1.009752748073768,1.0292209386825562,44600.0
2002-05-01,1.0253273826506115,1.0357104347260004,0.9993696905742672,1.0331146717071533,26100.0
2002-05-02,1.0396041378025245,1.0396041378025245,1.0058591557736174,1.0084549188613892,44200.0
2002-05-03,1.007156947027023,1.0383061003307703,1.007156947027023,1.0240293741226196,22300.0
2002-05-06,1.0331145579775842,1.0383060834437738,0.9980717301368714,0.9980717301368713,19300.0
2002-05-07,0.9928802989755402,1.0253273671650163,0.9928802989755402,1.0188379287719727,31400.0
2002-05-08,1.025327495449856,1.0551788043945642,1.025327495449856,1.0525829792022705,38600.0
2002-05-09,1.0655617008431164,1.0655617008431164,1.0214336692724562,1.0318167209625244,40300.0
2002-05-10,1.0447950124039107,1.0512844470202172,1.025326770442826,1.0305182933807373,23200.0
2002-05-13,1.0214332559098143,1.0370078271420615,1.0175396440456748,1.0357099771499634,36200.0
2002-05-14,1.0383063071139433,1.0603703260421753,1.0383063071139433,1.0603703260421753,47300.0
2002-05-15,1.0630274044601513,1.0749864830359668,1.0630274044601513,1.0656850337982178,27800.0
2002-05-16,1.0696716882414279,1.0723291916943936,1.049739905453059,1.0630277395248413,24100.0
2002-05-17,1.0497396445067046,1.0803016869553268,1.0497396445067046,1.0723289251327515,42500.0
2002-05-20,1.0630275573497163,1.0696715049277041,1.043095777977133,1.0563836097717285,34200.0
2002-05-21,1.0470821591962018,1.0563836097717285,1.043095777977133,1.0563836097717285,19900.0
2002-05-22,1.056383652587167,1.056383652587167,1.0258216065402217,1.0364519357681274,40700.0
2002-05-23,1.0430957863497687,1.0457533527300193,1.0244928216880145,1.039109468460083,54000.0
2002-05-24,1.0391094959545664,1.0391094959545664,1.009876201636926,1.0231640338897705,22100.0
2002-05-28,1.0098764896392822,1.023164325681628,0.9833008175545906,1.0098764896392822,37800.0
2002-05-29,1.015191253404953,1.015191253404953,0.9846292099852083,0.9965882897377014,23500.0
2002-05-30,0.9833005733175803,0.9979172210143061,0.975327873672471,0.9899444580078125,28000.0
2002-05-31,0.999246373314383,1.009876643770694,0.9819721521421727,1.0072190761566162,22700.0
2002-06-03,0.9926023089691315,1.0005750742600827,0.970013018516112,0.9886159896850586,20000.0
2002-06-04,0.988616054414406,0.988616054414406,0.9646979470597293,0.9700130820274353,19800.0
2002-06-05,0.9646979470597293,0.9833009194467001,0.932807073892087,0.9700130820274353,29000.0
2002-06-06,0.9567253582824363,0.9726708294975644,0.9394511981216268,0.9633693099021912,29600.0
2002-06-07,0.939450649768518,0.9633687475881966,0.939450649768518,0.9607111811637878,22100.0
2002-06-10,0.9474237267339817,0.9700130820274353,0.9474237267339817,0.9700130820274353,25000.0
2002-06-11,0.9567252958486049,0.9700131982209748,0.9367935690128786,0.9500814080238342,22200.0
2002-06-12,0.9367932733336649,0.9633689429675216,0.9301493242445036,0.9434371590614319,23200.0
2002-06-13,0.9540676636088699,0.9540676636088699,0.8969299280401251,0.9235056042671204,17100.0
2002-06-14,0.9102177661536227,0.9235056042671204,0.8969299280401251,0.9235056042671204,17300.0
2002-06-17,0.9102177080236232,0.9367934459147997,0.8969298707587379,0.930149495601654,31100.0
2002-06-18,0.9168614894275753,0.9514098599515889,0.9168614894275753,0.9434371590614319,18800.0
2002-06-19,0.9261628776473076,0.9460946601659197,0.9168614256036414,0.9367932081222534,19900.0
2002-06-20,0.9500814080238342,0.959382863650796,0.938122321233267,0.9500814080238342,26000.0
2002-06-21,0.9434366320231515,0.944765446443217,0.8809838115913257,0.8969292044639587,30600.0
2002-06-24,0.8836418969795897,0.896929732191631,0.8504222772687886,0.8769979476928711,31900.0
2002-06-25,0.8637101723561943,0.8942722271432542,0.8637101723561943,0.8836419582366943,41500.0
2002-06-26,0.8637102647619455,0.8637102647619455,0.8211891212250969,0.8424497246742249,46600.0
2002-06-27,0.8504220843315125,0.874340182286831,0.8397918185735931,0.8504220843315125,29300.0
2002-06-28,0.850422621421365,0.8703544139862059,0.8451074851855971,0.870354413986206,29300.0
2002-07-01,0.8769974976369844,0.8769974976369844,0.8344764467793235,0.8437778949737549,15600.0
2002-07-02,0.8437780389475132,0.8437780389475132,0.770694938635065,0.8039145469665527,39400.0
2002-07-03,0.7906269431114196,0.7906269431114196,0.7587361378224645,0.7906269431114197,61400.0
2002-07-05,0.795942086789999,0.8265041405693294,0.7839830663451469,0.8172026872634888,27200.0
2002-07-08,0.8172028697614131,0.8371346594358695,0.8132164864819568,0.8238467574119568,31700.0
2002-07-09,0.8304904193440968,0.8331479861515423,0.8065723180770875,0.8065723180770874,32400.0
2002-07-10,0.7972709831457531,0.8145452029873149,0.7813255786895752,0.7813255786895752,37000.0
2002-07-11,0.7706954488621426,0.7813257204280066,0.7095713239970077,0.757407546043396,110000.0
2002-07-12,0.7667086591396456,0.7892980059299101,0.7441193123493811,0.7839828729629517,48800.0
2002-07-15,0.7853116630616157,0.7853116630616157,0.7108997345111977,0.7507632970809937,36100.0
2002-07-16,0.7507637152907419,0.7773393962335524,0.7175440824315181,0.7441197633743286,53400.0
2002-07-17,0.7534212833850229,0.7653803714899983,0.7334894909972044,0.7441197633743286,46800.0
2002-07-18,0.7467772260122119,0.778668102001525,0.7467772260122119,0.7520923614501953,32700.0
2002-07-19,0.744119288612982,0.744119288612982,0.704255792632386,0.713557243347168,67500.0
2002-07-22,0.6657213017518198,0.6976121106838947,0.6590773515436016,0.6723651885986328,75500.0
2002-07-23,0.659077451978502,0.6723652910584285,0.6404744772666048,0.6444607973098755,72400.0
2002-07-24,0.5979534920141462,0.6776806116104126,0.5979534920141462,0.6776806116104126,158200.0
2002-07-25,0.6803379723991698,0.6803379723991698,0.6245289867155466,0.6550910472869873,89700.0
2002-07-26,0.6577485107461843,0.6750227299310618,0.6444606742045105,0.663063645362854,66000.0
2002-07-29,0.6909678980558961,0.7042557934257787,0.6736937481255344,0.7015982270240784,93700.0
2002-07-30,0.7148861347293478,0.7202012680955492,0.6936255379031547,0.7029270529747009,75500.0
2002-07-31,0.7268453594497364,0.7308317422866822,0.6976121176372876,0.7308317422866821,43000.0
2002-08-01,0.7188723769544401,0.7188723769544401,0.694954279339137,0.7015982270240784,28900.0
2002-08-02,0.6883103258487259,0.6936254586072967,0.671036176064061,0.6763513088226318,38000.0
2002-08-05,0.6736939406534385,0.6736939406534385,0.6325016179744722,0.6404743194580078,38100.0
2002-08-06,0.6537620006054828,0.6723649663328872,0.6511044340729965,0.6617347002029419,52000.0
2002-08-07,0.6750230430692514,0.6776806116104126,0.6617352003634457,0.6776806116104126,27800.0
2002-08-08,0.6843241547298006,0.7042559385299683,0.6736938869327495,0.7042559385299683,32700.0
2002-08-09,0.7002695202827453,0.7148861694299863,0.6869816862222492,0.7002695202827454,25500.0
2002-08-12,0.6869816528760968,0.710899753024003,0.6750225711214499,0.7029270529747009,31600.0
2002-08-13,0.7015977822117716,0.7148856057958061,0.6989402174949646,0.6989402174949646,24800.0
2002-08-14,0.6856529065237349,0.7042559385299683,0.6670499378788955,0.7042559385299683,39300.0
2002-08-15,0.7175438570250228,0.7388043951005666,0.7175438570250228,0.7321605086326599,31600.0
2002-08-16,0.7427905972393117,0.7547496153211417,0.7241875675806677,0.7507632970809937,16600.0
2002-08-19,0.7640512335140803,0.7866405844688416,0.7640512335140803,0.7866405844688416,49300.0
2002-08-20,0.7640513728295915,0.7866407279032478,0.7640513728295915,0.782654345035553,25300.0
2002-08-21,0.7866405667911636,0.8039147834108936,0.777339050912526,0.7972708344459534,28000.0
2002-08-22,0.7972705999557054,0.8211886951442817,0.7972705999557054,0.8039145469665527,39700.0
2002-08-23,0.806572343482534,0.8198601779383022,0.7985996428090731,0.8092299103736877,30300.0
2002-08-26,0.813216696309582,0.8145455121994019,0.7972712858003186,0.8145455121994019,56900.0
2002-08-27,0.8145450510656834,0.8145450510656834,0.7906268854810132,0.7972708344459534,57700.0
2002-08-28,0.7836658498759185,0.7904684656273425,0.741489333791305,0.7523736357688904,43200.0
2002-08-29,0.7523737664731529,0.7714211847113444,0.7523737664731529,0.7550948262214661,11700.0
2002-08-30,0.7537337289328014,0.7836654297948302,0.7510126711158112,0.7727811336517334,16400.0
2002-09-03,0.7591760684285701,0.7646181856672932,0.7319654822349548,0.7319654822349548,22200.0
2002-09-04,0.7455706854831529,0.7578154802322388,0.734686452317364,0.7578154802322388,27300.0
2002-09-05,0.7442103715318157,0.7455709335678324,0.7210814007960485,0.7401288151741028,18500.0
2002-09-06,0.7265231611800493,0.7469310626625244,0.7115573105344492,0.7442100048065186,32300.0
2002-09-09,0.7346864472506177,0.7455706803413437,0.7142784777679332,0.7306048274040222,37000.0
2002-09-10,0.7115575816187345,0.7442102883306063,0.7115575816187345,0.7278839349746704,53200.0
2002-09-11,0.7251629245747289,0.7455709000719409,0.721081368400386,0.7387682199478149,38700.0
2002-09-12,0.7278838975025321,0.7387681325128256,0.7183602243061044,0.719720721244812,17500.0
2002-09-13,0.7197201302779719,0.7319649170478576,0.7074753435080862,0.7156385779380798,10900.0
2002-09-16,0.7224417446296121,0.7442102135845043,0.7101969484049078,0.7319654822349548,41800.0
2002-09-17,0.7346863001938225,0.7442099698043511,0.7183599538256591,0.7251625657081604,33900.0
2002-09-18,0.7142785146069107,0.7292443683160975,0.6829863104196019,0.7006732225418091,43800.0
2002-09-19,0.6870680242017863,0.6925101417702031,0.680265344803686,0.688428521156311,37700.0
2002-09-20,0.6843468007000628,0.7142784401220178,0.6802651810685884,0.6911494135856628,23500.0
2002-09-23,0.6938706718910481,0.6938706718910481,0.6557758470912364,0.6693811416625977,24000.0
2002-09-24,0.6734628706479414,0.6734628706479414,0.6408101552863052,0.6462522745132446,33900.0
2002-09-25,0.6476126605536819,0.6911496025235692,0.6476126605536819,0.6802653670310974,30700.0
2002-09-26,0.6761840969846361,0.693871021270752,0.6666604184268773,0.693871021270752,24400.0
2002-09-27,0.7047547866448098,0.7047547866448098,0.6693810268277715,0.682986319065094,18600.0
2002-09-30,0.6829864035878943,0.6925101417702031,0.6421704569496096,0.688428521156311,36300.0
2002-10-01,0.7020337823623344,0.7142785787582397,0.6707415753645862,0.7142785787582397,17100.0
2002-10-02,0.6857074567913006,0.6979522536581605,0.6612179279327393,0.6612179279327393,44300.0
2002-10-03,0.658496869170677,0.6802653392671759,0.6557758104086145,0.6612179279327393,28200.0
2002-10-04,0.6571363073520666,0.6734626599244409,0.6421704517231445,0.6612179279327393,25500.0
2002-10-07,0.6394490562949664,0.6503333504878582,0.6163201014322722,0.621762216091156,26500.0
2002-10-08,0.6163203249501741,0.6394492882009372,0.6135992666338991,0.619041383266449,55600.0
2002-10-09,0.6095176467219129,0.6312861132521124,0.6054360268099267,0.619041383266449,49800.0
2002-10-10,0.5959123476703205,0.6380887834814418,0.5959123476703205,0.6299256086349487,33700.0
2002-10-11,0.6326466893167391,0.6775441849996752,0.6326466893167391,0.6598572731018066,38000.0
2002-10-14,0.6462520146618009,0.6734625998553948,0.6421703944451856,0.6544151902198792,22500.0
2002-10-15,0.6870680466514727,0.7047548968891589,0.6775443081579794,0.6802653670310974,46700.0
2002-10-16,0.6693811315386256,0.6925101643977086,0.6693811315386256,0.6802653670310974,38800.0
2002-10-17,0.6938705234036182,0.7197206099948994,0.6938705234036182,0.7088363766670227,38300.0
2002-10-18,0.7074758987226251,0.7346865501351295,0.7006732845258657,0.7210812568664551,34400.0
2002-10-21,0.7319654097368761,0.7346864680867283,0.719720614724967,0.7292443513870239,24400.0
2002-10-22,0.7210813461011525,0.7469313740730286,0.7142786661873975,0.7469313740730286,33300.0
2002-10-23,0.7414892278624913,0.7414892278624913,0.7088365212199974,0.7346866130828857,25500.0
2002-10-24,0.7265233741739249,0.755094522475719,0.7210812568664551,0.7210812568664551,41500.0
2002-10-25,0.716999619372715,0.7414891466731034,0.716999619372715,0.7360470294952393,16500.0
2002-10-28,0.7482917947979757,0.7510128532749623,0.7238022685050964,0.7238022685050964,36600.0
2002-10-29,0.7238022685050964,0.7374075608900293,0.710196911245012,0.7238022685050964,14000.0
2002-10-30,0.7210813186485132,0.7550945871720249,0.7210813186485132,0.7346866130828857,21100.0
2002-10-31,0.7224417446296121,0.7346865408543164,0.7224417446296121,0.7319654822349548,9200.0
2002-11-01,0.7238018170920429,0.7550940024989855,0.7238018170920429,0.75101238489151,10200.0
2002-11-04,0.7374073431853831,0.771420596543564,0.7374073431853831,0.764617919921875,62800.0
2002-11-05,0.770060319514414,0.770060319514414,0.7401286740558817,0.7482918500900269,22500.0
2002-11-06,0.7673391697620116,0.7741418480873108,0.7482917612763816,0.7741418480873108,34000.0
2002-11-07,0.7850259375217421,0.7850259375217421,0.7251625998144781,0.7442100048065186,37300.0
2002-11-08,0.7306052309031547,0.7578158935330388,0.7278841711276846,0.7414894700050354,23900.0
2002-11-11,0.748291909107171,0.748291909107171,0.7278839349746704,0.7278839349746704,30000.0
2002-11-12,0.7183601891381471,0.7442102135845043,0.7183601891381471,0.7319654822349548,19000.0
2002-11-13,0.7263777713496504,0.7389497160911559,0.7193934094109395,0.738949716091156,20500.0
2002-11-14,0.7515216229307246,0.7654904127120972,0.7347590751930776,0.7654904127120972,37300.0
2002-11-15,0.7543153654866527,0.7682841549828339,0.7529184532328134,0.7557122111320496,19800.0
2002-11-18,0.7822532838141651,0.7822532838141651,0.7571094518138479,0.7585062980651855,33200.0
2002-11-19,0.7487277818141234,0.77806227040108,0.7487277818141234,0.7738716006278992,32100.0
2002-11-20,0.7738718561012233,0.7850468903742657,0.7515217875551387,0.7668874263763428,46700.0
2002-11-21,0.7752685127551049,0.799015419441675,0.768284085335949,0.7738716006278992,37400.0
2002-11-22,0.7682844812965571,0.7878407948973704,0.7585062911919151,0.7752689123153687,24000.0
2002-11-25,0.7766655282240534,0.8032062649726868,0.7766655282240534,0.8032062649726868,26800.0
2002-11-26,0.8032063415203209,0.8032063415203209,0.7696812392376191,0.796221911907196,31800.0
2002-11-27,0.8018093525398082,0.8032062649726868,0.7752686823996259,0.8032062649726868,24500.0
2002-11-29,0.8018093525398082,0.8032062649726868,0.8018093525398082,0.8032062649726868,2400.0
2002-12-02,0.8032061406323113,0.8171749297564025,0.7850466814667725,0.7920311093330383,30800.0
2002-12-03,0.7822531861649789,0.7962219799769767,0.7710781511153805,0.7724750638008118,20300.0
2002-12-04,0.7612995093517462,0.7836496327664315,0.752918238049398,0.7710776925086975,37400.0
2002-12-05,0.7822531318060051,0.7990156832155686,0.7557123921033003,0.7668874263763428,31500.0
2002-12-06,0.7850469449273785,0.7850469449273785,0.76409372090515,0.7724750638008118,19700.0
2002-12-09,0.7585063986843158,0.7780627816650497,0.7361563228303114,0.7599033117294312,43300.0
2002-12-10,0.7459344086099133,0.7822532767257094,0.7417437366769323,0.7752689123153687,67900.0
2002-12-11,0.7543153808869991,0.7892373886446523,0.7473309526920909,0.7654904127120972,29700.0
2002-12-12,0.7515220534836192,0.7752690430210114,0.7445376212872749,0.7473313808441162,30400.0
2002-12-13,0.7403464775679173,0.7571090227349018,0.7235838657924992,0.7361558079719543,62400.0
2002-12-16,0.7333622699949418,0.7543154910307737,0.723584082415966,0.7375529408454895,61000.0
2002-12-17,0.7361560744879133,0.7473311086450155,0.7277747988700867,0.7277747988700867,28600.0
2002-12-18,0.7389500333684927,0.7445375519619105,0.7152030460422294,0.7263780832290649,29800.0
2002-12-19,0.7124089288488519,0.7152026867420457,0.7054245674200883,0.709615170955658,75700.0
2002-12-20,0.72358418423241,0.72358418423241,0.7054247856140137,0.7054247856140137,68400.0
2002-12-23,0.7068216013560262,0.7319654290929545,0.7012340840811533,0.7026309967041016,110500.0
2002-12-24,0.7026308095268945,0.711012083206476,0.7026308095268945,0.709615170955658,44300.0
2002-12-26,0.7165997936090276,0.7249810695648193,0.7110122763051664,0.7249810695648193,27200.0
2002-12-27,0.7110125900645852,0.7263782361266072,0.7040281570484008,0.7124094367027283,67600.0
2002-12-30,0.7124092580419061,0.715203017226052,0.6956467029370315,0.7068217396736145,75100.0
2002-12-31,0.7026310268566863,0.7096153904457733,0.6928528379018093,0.7054247856140137,66900.0
2003-01-02,0.7124092867455206,0.7305687554783661,0.7124092867455206,0.7263780832290649,32800.0
2003-01-03,0.7403461279105148,0.7459336403272551,0.7263772802602619,0.7347586154937744,28500.0
2003-01-06,0.7403467183975093,0.7738718196369585,0.7361560474383506,0.7696812152862549,30900.0
2003-01-07,0.7654907104769888,0.7668875566942572,0.7445374843502041,0.7543156743049622,20900.0
2003-01-08,0.7487278556946764,0.762696645302919,0.7431403398513794,0.7431403398513794,41900.0
2003-01-09,0.7431404943104097,0.7696812333866876,0.7431404943104097,0.7682843208312988,40900.0
2003-01-10,0.7543155283196937,0.7752687503913296,0.7487280113150517,0.7682843208312988,31900.0
2003-01-13,0.7766655963382617,0.7808562673959716,0.7654905623289777,0.7682843208312988,19000.0
2003-01-14,0.7724750644862342,0.7780625820159912,0.7654906342698063,0.7780625820159912,36400.0
2003-01-15,0.7696808472625177,0.7738714496094803,0.7682839354079147,0.7710776925086975,37000.0
2003-01-16,0.775269030714848,0.7808565497398376,0.7696815116898582,0.7808565497398376,46600.0
2003-01-17,0.7724748251359095,0.7724748251359095,0.7529184532328134,0.7557122111320496,33600.0
2003-01-21,0.7557125389540391,0.7724751602293886,0.7543156927027016,0.7585062980651855,34100.0
2003-01-22,0.7585058030302807,0.7585058030302807,0.7277744728643151,0.7305682301521301,28700.0
2003-01-23,0.7305683958997395,0.7473309434296307,0.7291714836346939,0.7431403398513794,28800.0
2003-01-24,0.7403465152032873,0.750124633743547,0.7124088718963417,0.7152026295661926,28100.0
2003-01-27,0.705424755341538,0.7152028772683356,0.7012340840811533,0.7026309967041016,32200.0
2003-01-28,0.7124087744771184,0.7305682301521301,0.7124087744771184,0.7305682301521301,34900.0
2003-01-29,0.722186958288685,0.7333619874399452,0.7040275026136732,0.7305682301521301,19300.0
2003-01-30,0.7319650930520127,0.7319650930520127,0.7124087915681424,0.7291713356971741,32000.0
2003-01-31,0.7263772802602619,0.7375523717021446,0.7207897678435216,0.7347586154937744,18800.0
2003-02-03,0.7263777713496504,0.7403466284439664,0.7221871675081133,0.738949716091156,34200.0
2003-02-04,0.7291716742384851,0.7291716742384851,0.7152028809788321,0.7249810695648193,46300.0
2003-02-05,0.729279646242803,0.7335779161824385,0.7178175019774162,0.7249813079833984,36000.0
2003-02-06,0.7264141101764563,0.7264141101764563,0.7178175019774162,0.7249813079833984,22800.0
2003-02-07,0.7264137083857941,0.7264137083857941,0.712085967659187,0.723548173904419,20500.0
2003-02-10,0.7192499146722043,0.7221154494589566,0.7020567059516907,0.7020567059516907,18700.0
2003-02-11,0.7106533068033606,0.7149515748023987,0.7020567024855463,0.7149515748023987,31100.0
2003-02-12,0.7020564921990061,0.716384161770472,0.7006236910820007,0.7006236910820007,32600.0
2003-02-13,0.6977586406165537,0.7063552483156763,0.6877292991274597,0.6920275688171387,42300.0
2003-02-14,0.6920270270840497,0.6991908953851766,0.6877287607591428,0.6963253617286682,11500.0
2003-02-18,0.7006242172595673,0.7378762544418429,0.6991914833862783,0.7249813079833984,21700.0
2003-02-19,0.7393087439305414,0.7450398141687823,0.7106533927393368,0.7206827998161316,60500.0
2003-02-20,0.7206828826220553,0.7249811516347308,0.7034896016120912,0.7034896016120911,11300.0
2003-02-21,0.7049221135968564,0.7192497849464417,0.6977582437622007,0.7192497849464417,18400.0
2003-02-24,0.7077877200559284,0.7192498583046507,0.6934600472450256,0.6934600472450256,19400.0
2003-02-25,0.6805650122735893,0.7092203538835353,0.6791322110332303,0.6877288818359375,48400.0
2003-02-26,0.6862959597710329,0.7092202290231004,0.6848632271026344,0.6963253617286682,18300.0
2003-02-27,0.7049221763986488,0.7120859785518044,0.6963255728230229,0.7106532454490662,12900.0
2003-02-28,0.7135188415759653,0.7178171778947415,0.7135188415759653,0.7149515748023987,22600.0
2003-03-03,0.7221154458937796,0.742174189302013,0.7149515748023987,0.7149515748023987,24200.0
2003-03-04,0.7163844545731312,0.7163844545731312,0.6891618371009827,0.6891618371009827,34200.0
2003-03-05,0.7020569115425985,0.7278467321756806,0.6934603046649044,0.7163845896720886,20100.0
2003-03-06,0.7020569786259975,0.7020569786259975,0.6920275688171386,0.6920275688171387,4900.0
2003-03-07,0.6920272368753438,0.7106532454490662,0.6905945037726056,0.7106532454490662,15800.0
2003-03-10,0.6948930617901833,0.7163846138702428,0.6905947923660278,0.6905947923660278,18200.0
2003-03-11,0.6905948350271673,0.7092207842153839,0.6905948350271673,0.6920275688171387,23400.0
2003-03-12,0.7020567670642363,0.7020567670642363,0.6605064748795947,0.6776996850967407,24800.0
2003-03-13,0.6762668950563477,0.6934601738891095,0.6748341616734692,0.6891618371009827,29100.0
2003-03-14,0.6920272368753438,0.7235481849723712,0.6905945037726056,0.7106532454490662,27700.0
2003-03-17,0.7049221656156145,0.7335775104293667,0.6977582952523109,0.723548173904419,54500.0
2003-03-18,0.7235480462199386,0.7493378520011902,0.7235480462199386,0.7493378520011902,26700.0
2003-03-19,0.7393086187252078,0.759367429481745,0.7178171431313584,0.73357754945755,52800.0
2003-03-20,0.7364432811737059,0.759367632698943,0.7364432811737059,0.736443281173706,38400.0
2003-03-21,0.7364433103775176,0.7722625384663819,0.7364433103775176,0.7665314674377441,32600.0
2003-03-24,0.7407416279916038,0.7507709678635244,0.7364432906752422,0.7436071634292603,17700.0
2003-03-25,0.7407413519228833,0.75506902377135,0.7350102831834965,0.7507706880569458,35100.0
2003-03-26,0.7479050508534834,0.7593672550759808,0.7450395168777887,0.7493378520011902,17600.0
2003-03-27,0.7507709678635244,0.7565021070585911,0.7407416279916038,0.7436071634292603,21600.0
2003-03-28,0.7507705848291779,0.7507705848291779,0.7378757160984117,0.7493378520011902,9700.0
2003-03-31,0.7350101067106128,0.7421739067549833,0.7292790393472316,0.7378756403923035,28300.0
2003-04-01,0.7407412500741063,0.7522033859768847,0.7307118469993157,0.7493378520011902,13200.0
2003-04-02,0.7421738194677304,0.7665308870573155,0.7421738194677304,0.7650981545448303,39700.0
2003-04-03,0.7693968059474359,0.7880228161811829,0.7679640727170067,0.7880228161811829,20400.0
2003-04-04,0.7908883378422514,0.792321139368651,0.7765606641769409,0.7765606641769409,26000.0
2003-04-07,0.7808589321166655,0.792321139368651,0.7751278626505412,0.7765606641769409,48700.0
2003-04-08,0.7736952900886536,0.7808590942488833,0.765098684104527,0.7736952900886536,23100.0
2003-04-09,0.7722621816596652,0.7765605171050703,0.7550689765174932,0.7579345107078552,41000.0
2003-04-10,0.743606850326173,0.7579345214816462,0.7292791791706997,0.7321447134017944,69400.0
2003-04-11,0.7464726158882157,0.7464726158882157,0.7163844629775777,0.7206827998161316,85900.0
2003-04-14,0.7221156041702784,0.7507709581771336,0.7221156041702784,0.736443281173706,68100.0
2003-04-15,0.7364433079051582,0.7565021247578056,0.7364433079051582,0.7464727163314819,58900.0
2003-04-16,0.7536360025405884,0.7722619346607946,0.7522032017438097,0.7536360025405884,64000.0
2003-04-17,0.7522033859768847,0.7607999879039686,0.7378757160984117,0.7493378520011902,42400.0
2003-04-21,0.7522034423271312,0.7665311132789412,0.7436068397560451,0.7579345107078552,50200.0
2003-04-22,0.7522037013632644,0.7808590531349183,0.7522037013632644,0.7808590531349182,22700.0
2003-04-23,0.766531683552478,0.7994853854179381,0.766531683552478,0.7994853854179382,36900.0
2003-04-24,0.7966198490957145,0.7994853854179381,0.7894560424500426,0.7994853854179382,42900.0
2003-04-25,0.7980520188029913,0.7994847516684921,0.77369494521199,0.7937536835670471,53000.0
2003-04-28,0.802350640296936,0.8095145127494872,0.7951868361641358,0.802350640296936,36200.0
2003-04-29,0.812379878457358,0.812379878457358,0.8009177395821497,0.8095143437385559,34900.0
2003-04-30,0.8238420173325663,0.8238420173325663,0.8037832743009519,0.8095143437385559,21500.0
2003-05-01,0.816678044815299,0.8238419148812886,0.8037831743441376,0.812379777431488,35400.0
2003-05-02,0.8138129030864769,0.8367372573659312,0.8138129030864769,0.8181112408638,24000.0
2003-05-05,0.8152451602658821,0.8524971000537872,0.8152451602658821,0.8396022319793701,60200.0
2003-05-06,0.8467660923691234,0.852497160434723,0.8439005583363236,0.8524971604347229,61400.0
2003-05-07,0.8524971634616254,0.8567954986859471,0.8439005613327026,0.8439005613327026,42900.0
2003-05-08,0.8453335779510467,0.8496318459510803,0.8396025084045098,0.8496318459510803,53300.0
2003-05-09,0.8496319041012514,0.8567957756845984,0.8396025658682569,0.8453336358070374,54000.0
2003-05-12,0.8496320169335653,0.8582286229833773,0.8396026773686606,0.8539303541183472,57800.0
2003-05-13,0.8496316264019231,0.8553626944675228,0.8481988935453835,0.8524971604347229,25800.0
2003-05-14,0.8671700436313824,0.8759737922509019,0.8598336214314367,0.8642354607582092,67700.0
2003-05-15,0.8671703604556971,0.8671703604556971,0.8480955997940152,0.8583666086196899,47900.0
2003-05-16,0.8657032554290132,0.8701050971367029,0.8583667592948471,0.867170512676239,25700.0
2003-05-19,0.8583664889941741,0.867170239603254,0.8260860700942148,0.8378244042396545,51300.0
2003-05-20,0.8378244042396545,0.8510300651362696,0.8246187433430395,0.8378244042396545,33700.0
2003-05-21,0.8510299672137439,0.8510299672137439,0.8260859750418333,0.8422261476516724,43100.0
2003-05-22,0.8246187850714586,0.8759740345394972,0.8246187850714586,0.8436936140060425,57800.0
2003-05-23,0.8510299039274775,0.8730392412979996,0.8451607379665412,0.8524971604347229,34300.0
2003-05-27,0.8701048355993132,0.877441329528265,0.8466281669722531,0.8627684116363525,45500.0
2003-05-28,0.8686373233795166,0.8686373233795166,0.8510298270865193,0.8686373233795166,17900.0
2003-05-29,0.862768284362456,0.868637450653413,0.8598337012169774,0.8657028675079346,37200.0
2003-05-30,0.8613015112240511,0.8774417638778687,0.8613015112240511,0.8774417638778687,32800.0
2003-06-02,0.8803762793540955,0.9170586243271828,0.8730397823730698,0.8803762793540955,44900.0
2003-06-03,0.8847776182371565,0.9082542814189134,0.878908382475742,0.9023851156234741,36300.0
2003-06-04,0.896516441240748,0.9111893637720995,0.8627686844356327,0.8891799449920654,62200.0
2003-06-05,0.8979835765766893,0.9170584082603455,0.8803760719299316,0.9170584082603455,27300.0
2003-06-06,0.9023853846791388,0.9170583035426215,0.9009180578097925,0.903852641582489,64100.0
2003-06-09,0.8921146185509201,0.9082548699295643,0.8657033553580646,0.8803762793540955,46100.0
2003-06-10,0.8891799854786746,0.8950491547584534,0.884778143501849,0.8950491547584534,36300.0
2003-06-11,0.8950489604179,0.9082546234130859,0.8847779513914235,0.9082546234130859,29300.0
2003-06-12,0.9097220301628113,0.9170585263600973,0.908254772902962,0.9097220301628113,41200.0
2003-06-13,0.8994510194458265,0.9155911991342348,0.8950491077342524,0.9097220301628113,28400.0
2003-06-16,0.917058266519277,0.9405349357530527,0.8994507645939454,0.9331985116004944,33400.0
2003-06-17,0.9464042216566704,0.9464042216566704,0.9126564704211456,0.9258621335029602,43700.0
2003-06-18,0.9361332125628163,0.9361332125628163,0.9258621335029602,0.9258621335029602,97500.0
2003-06-19,0.9287963431975838,0.9449365837964507,0.9273290867609453,0.9317309260368347,176700.0
2003-06-20,0.93173111693298,0.9361330270767212,0.9126562895867487,0.9361330270767212,57300.0
2003-06-23,0.9317314403875127,0.9317314403875127,0.9023855957949974,0.9199931025505066,75400.0
2003-06-24,0.9199928757710728,0.9243947863578796,0.9126563814483931,0.9243947863578796,83100.0
2003-06-25,0.90972174741192,0.9243947352459762,0.90972174741192,0.9214601516723633,99900.0
2003-06-26,0.9170581753915155,0.9596096691324029,0.9170581753915155,0.9449367523193359,71200.0
2003-06-27,0.9449365837964507,0.9449365837964507,0.9287963431975838,0.9317309260368347,42700.0
2003-06-30,0.9390675530768401,0.9830863019917956,0.933198386554846,0.9566750526428223,44200.0
2003-07-01,0.9537404651911443,0.9625442149354523,0.9390675489506312,0.9493385553359985,71400.0
2003-07-02,0.9449369048667966,0.9684135755576991,0.9449369048667966,0.953740656375885,47400.0
2003-07-03,0.9610771842371428,0.9640117681751463,0.9581426002991393,0.9625444412231445,6000.0
2003-07-07,0.9684137257410241,0.9977596386216664,0.9552081314124432,0.9904231429100037,85300.0
2003-07-08,0.9904228569634153,1.0080303576287055,0.9742826130372385,0.9948247671127319,75400.0
2003-07-09,1.0050960659742105,1.0050960659742105,0.9728156387165053,0.9977596402168274,58200.0
2003-07-10,0.983086714619674,0.9904232108344828,0.9698811193854365,0.9801521301269531,61200.0
2003-07-11,0.9801516453294339,0.9904227209567376,0.9801516453294339,0.9830862283706665,41700.0
2003-07-14,0.9889558941559418,1.0036288867421006,0.9830867251078839,0.9845540523529053,91000.0
2003-07-15,0.9977590456820049,0.9977590456820049,0.9786842241401096,0.9874879717826843,47100.0
2003-07-16,0.988955394453132,0.9918900474603431,0.9786843887918069,0.9830862283706665,90500.0
2003-07-17,0.9786846127999874,0.9904229476516703,0.9654789511088469,0.9757500290870667,83500.0
2003-07-18,0.9757502883708784,0.984554041849041,0.9684137921560695,0.9801521301269531,38000.0
2003-07-21,0.9845538557411708,0.9860211127271725,0.9625444412231446,0.9625444412231445,31100.0
2003-07-22,0.9684134330308085,0.971348016435272,0.9596096828174179,0.9698807597160339,23100.0
2003-07-23,0.9640119784222845,0.9757503167343828,0.9625446511502646,0.9713484048843384,26700.0
2003-07-24,0.9757504562362873,0.9830868837472216,0.9728158712387086,0.9728158712387085,35600.0
2003-07-25,0.9684138203063137,0.9772175740403876,0.9537408974161908,0.9713484048843384,51600.0
2003-07-28,0.9757501039271603,0.9757501039271603,0.9625444412231446,0.9625444412231445,50800.0
2003-07-29,0.9610774917185664,0.9742830886815023,0.9522736671219125,0.9669466614723206,55200.0
2003-07-30,0.9522732894177063,0.9757500290870668,0.9522732894177063,0.9757500290870667,75600.0
2003-07-31,0.9757501896709853,0.9860211993735601,0.9684136941982837,0.9816193580627441,101600.0
2003-08-01,0.9816189718330396,0.9933573039979702,0.9640114735856435,0.9830862283706665,93400.0
2003-08-04,0.975750070131605,0.975750070131605,0.9317312426201652,0.953740656375885,214400.0
2003-08-05,0.9684136762004698,0.9684136762004698,0.9390678347870636,0.952273428440094,139200.0
2003-08-06,0.9537405971800481,0.9537405971800481,0.9317311847903869,0.9331985116004944,282200.0
2003-08-07,0.8510302927683152,0.8686377986960988,0.8436937969820675,0.8613013029098511,593500.0
2003-08-08,0.8613010336698205,0.868637527162703,0.8436935332460869,0.8598337769508362,232600.0
2003-08-11,0.8539645349260204,0.868637450653413,0.8524972083702906,0.8657028675079346,194400.0
2003-08-12,0.8657029413086265,0.8745066914955768,0.8495626976495574,0.8730393648147583,265100.0
2003-08-13,0.8745448799662704,0.8745448799662704,0.8549767327030978,0.8655134439468384,115000.0
2003-08-14,0.8670185541302912,0.8715342353926904,0.8609975261546595,0.8700290322303772,72300.0
2003-08-15,0.8655133712945028,0.8730396032333375,0.8655133712945028,0.8730396032333374,25500.0
2003-08-18,0.8730396023639634,0.8880919944511765,0.8715343272675086,0.8805657625198364,57500.0
2003-08-19,0.8730393048392676,0.8971231239712388,0.8730393048392676,0.8941126465797424,78500.0
2003-08-20,0.8956181342032099,0.9016390909009265,0.8805657424589182,0.8895971775054932,41200.0
2003-08-21,0.8986284359289014,0.9166913742472917,0.8880917996665794,0.9091651439666748,89500.0
2003-08-22,0.9031444385274043,0.915186352890361,0.9031444385274043,0.913681149482727,97100.0
2003-08-25,0.8880921437842773,0.9061550173262133,0.8835763895110536,0.9031445384025574,128900.0
2003-08-26,0.9031445384025574,0.9031445384025574,0.8850816648606212,0.9031445384025574,78100.0
2003-08-27,0.8880921171950884,0.906154990196228,0.8880921171950884,0.906154990196228,103200.0
2003-08-28,0.9016392360582046,0.906154990196228,0.8956182783911582,0.906154990196228,80400.0
2003-08-29,0.9076598286628724,0.9106703060475153,0.8971231219289009,0.9076598286628723,76200.0
2003-09-02,0.912176025567631,0.9287336964502243,0.907660342820413,0.916691780090332,123200.0
2003-09-03,0.9257229831921907,0.9377648965059973,0.9212072298117807,0.922712504863739,87900.0
2003-09-04,0.9257227778434753,0.9272279807860766,0.9166913448615206,0.9257227778434753,70900.0
2003-09-05,0.9257232745071279,0.9392703953605578,0.9181970404298432,0.9242179989814758,67600.0
2003-09-08,0.924217503125425,0.9317437331647785,0.9212070254647735,0.9257227778434753,79800.0
2003-09-09,0.9257231298903948,0.9287336086959134,0.9166916934738394,0.9197021722793579,116400.0
2003-09-10,0.9197017382014441,0.9197017382014441,0.9061545540828296,0.9076598286628723,185700.0
2003-09-11,0.9046494067621917,0.9046494067621917,0.8865864695710556,0.8956179022789001,422100.0
2003-09-12,0.8911025960286117,0.9106707443342514,0.883576363057065,0.906154990196228,678000.0
2003-09-15,0.9076599118795659,0.9302384584467283,0.9076599118795659,0.9257227778434753,247900.0
2003-09-16,0.9272281142204288,0.9437857796244964,0.9242176361265493,0.9377648234367371,91800.0
2003-09-17,0.9407752300378547,0.9498066636331636,0.9347542743076487,0.9452909827232361,372100.0
2003-09-18,0.9407751760237716,0.9738904306386104,0.9407751760237716,0.9723852276802063,378400.0
2003-09-19,0.97238571955166,0.9738909232714561,0.9633542819064246,0.9648594856262207,68700.0
2003-09-22,0.958838071588005,0.9618485493726042,0.9513119130142329,0.9558275938034058,132800.0
2003-09-23,0.9498067771769894,0.9693749215271426,0.9498067771769894,0.9663644433021545,108600.0
2003-09-24,0.9708799819967053,0.9708799819967053,0.9467961597380125,0.9483014345169067,75700.0
2003-09-25,0.9558281539056493,0.9558281539056493,0.9422810318242503,0.946796715259552,106300.0
2003-09-26,0.9452910138006172,0.9467962168949268,0.9362595081329346,0.9362595081329346,61500.0
2003-09-29,0.9362595223281005,0.9467962312498457,0.9332490443183814,0.9407752752304077,66700.0
2003-09-30,0.9407756478602086,0.9437861270623419,0.9287337310516757,0.9332494139671326,84900.0
2003-10-01,0.9467961597380125,0.9513119122992434,0.9377647263910027,0.9483014345169067,70800.0
2003-10-02,0.9422804796604353,0.9573328685834314,0.9422804796604353,0.9558275938034058,55900.0
2003-10-03,0.9588382118519534,0.9723853997521306,0.9573330086271906,0.9663644433021545,83300.0
2003-10-06,0.9738904306386104,0.9844271384492386,0.9678694752540943,0.9723852276802063,45500.0
2003-10-07,0.9799115708385444,0.9799115708385444,0.9693748618124297,0.9738905429840088,86500.0
2003-10-08,0.9753957053724643,0.9814166607569805,0.9633537946034321,0.9723852276802063,59400.0
2003-10-09,0.9799116321216459,1.000984979716332,0.9708801256627464,0.9859325885772705,61100.0
2003-10-10,0.9708799271676667,0.9979742974540328,0.9708799271676667,0.975395679473877,47400.0
2003-10-13,0.9784066819220946,0.9994800365125112,0.9784066819220946,0.9964695572853088,32600.0
2003-10-14,0.9904483161835014,1.000985026359558,0.9859326345190955,1.000985026359558,74100.0
2003-10-15,1.016036848430984,1.016036848430984,0.9934582374440993,1.0039949417114258,57300.0
2003-10-16,1.0130269058028891,1.0130269058028891,1.0024901959807755,1.0055006742477417,50400.0
2003-10-17,0.9904484748840333,1.0055008691363558,0.9904484748840333,0.9904484748840332,52700.0
2003-10-20,0.9814170457189763,1.000985194282008,0.9814170457189763,0.9889432787895203,59600.0
2003-10-21,0.9889431128871881,1.005500708023964,0.9799116777829104,1.000985026359558,68700.0
2003-10-22,0.9859327999163983,1.000985194282008,0.9784065668458544,0.9889432787895203,56000.0
2003-10-23,0.9784063571200083,0.9964692264868822,0.9784063571200083,0.9859325885772705,27200.0
2003-10-24,0.9859326808961886,0.9919536379155922,0.9513121421468828,0.9769011735916138,75300.0
2003-10-27,0.9708800789860561,0.9904482224137959,0.9633539196660894,0.9784063100814819,28800.0
2003-10-28,0.9919535912552806,1.000985026359558,0.982922156151003,1.000985026359558,41300.0
2003-10-29,1.000985092025024,1.007006049156189,0.99044838115775,1.007006049156189,25000.0
2003-10-30,1.016036848430984,1.023563076018421,1.0039949417114258,1.0039949417114258,78600.0
2003-10-31,0.9889431444507834,1.0205532042123702,0.9889431444507834,1.0115216970443726,48300.0
2003-11-03,1.011521799716709,1.053668574268665,1.0100165962195724,1.0386161804199219,91900.0
2003-11-04,1.0386159612571626,1.0521630769746593,1.0310897300331954,1.037110686302185,68200.0
2003-11-05,1.0310896341112057,1.0356053867805788,1.0085110143152471,1.0145319700241089,64600.0
2003-11-06,1.0295841894837852,1.0491522550582886,1.013026529281879,1.0491522550582886,40100.0
2003-11-07,1.0491522550582886,1.050657529520024,1.0310893921700837,1.0491522550582886,59300.0
2003-11-10,1.0491529182526416,1.0491529182526416,0.9994799780229208,1.0476477146148682,56900.0
2003-11-11,1.03560590421791,1.0476478216523408,1.016037752499215,1.0431320667266846,56800.0
2003-11-12,1.029264435180765,1.0431317942526284,1.009233895209147,1.0354276895523071,79300.0
2003-11-13,1.0385096926044122,1.0400505434908693,1.0092342604798656,1.0292648077011108,49900.0
2003-11-14,1.0169376134872437,1.0354273709118673,1.0092335846295328,1.0169376134872437,40200.0
2003-11-17,1.0123149810600292,1.0323455103203325,1.0030701044464088,1.0092333555221558,62700.0
2003-11-18,1.0169381224856935,1.0308054842309433,1.004611611366272,1.004611611366272,31300.0
2003-11-19,1.003070315776149,1.0246416990859841,1.0015294659467073,1.0215600728988647,52200.0
2003-11-20,1.0061519419632683,1.0277233252731035,1.003070315776149,1.0215600728988647,19500.0
2003-11-21,1.0169376532368146,1.0323457850262667,1.0061519977200821,1.0261825323104858,32500.0
2003-11-24,1.0153972332551378,1.0462135076522827,1.0123156058154232,1.0462135076522827,51000.0
2003-11-25,1.0446727617903702,1.0462135388202323,1.012315635973514,1.0338870286941528,80100.0
2003-11-26,1.0323453990289422,1.0585392500129278,1.0153964971336786,1.0369678735733032,56700.0
2003-11-28,1.032346178192495,1.0369686562256726,1.0308054011626329,1.0338870286941528,5100.0
2003-12-01,1.0477535985289856,1.0523759996016064,1.0323453990289422,1.0369678735733032,42500.0
2003-12-02,1.0323464499999702,1.0462138142788588,1.0261831933142007,1.0431321859359741,73400.0
2003-12-03,1.0477541576673763,1.0693255456186623,1.0446725308171925,1.0554581880569458,40600.0
2003-12-04,1.070866246861035,1.070866246861035,1.0385091304779053,1.0385091304779053,64000.0
2003-12-05,1.0385086494402633,1.053916848940307,1.0277229979563214,1.0369678735733032,52200.0
2003-12-08,1.0369681535655368,1.0431314056410006,1.0184783973391456,1.0200191736221313,40200.0
2003-12-09,1.0231011700038848,1.03696852892929,1.0123155117034912,1.0123155117034912,72100.0
2003-12-10,1.0046112228350526,1.0338867121573472,1.0046112228350526,1.0153969526290894,43900.0
2003-12-11,1.016937754208122,1.0308051109313965,1.0015296208888032,1.0308051109313965,58100.0
2003-12-12,1.0323457278179005,1.0431314562087,1.0184784467117454,1.0215600728988647,45300.0
2003-12-15,1.0323458772117637,1.044672457215821,1.01693774404641,1.0385091304779053,49900.0
2003-12-16,1.053917321715513,1.053917321715513,1.0092336994530036,1.0153969526290894,55100.0
2003-12-17,1.0169380045786103,1.0369686195611567,1.009233972758103,1.0246421098709106,64400.0
2003-12-18,1.024642415878666,1.0477546651862089,1.0092342741642426,1.0431321859359741,122000.0
2003-12-19,1.029264435180765,1.0539175261387208,1.0277236583237732,1.0354276895523071,46200.0
2003-12-22,1.0400498470039057,1.0400498470039057,1.0153968371044075,1.0169376134872437,64400.0
2003-12-23,1.0169379339171787,1.0169379339171787,1.0015297978749977,1.0076930522918701,120600.0
2003-12-24,1.0107744269139993,1.015396903307419,1.0092336504307058,1.013856053352356,18900.0
2003-12-26,1.018478232135776,1.024641483211523,1.0076925060173447,1.0092333555221558,23500.0
2003-12-29,1.013856666195609,1.0400505434908693,1.013856666195609,1.0292648077011108,58200.0
2003-12-30,1.0246421098709106,1.0385093965365408,1.0246421098709106,1.0246421098709106,26900.0
2003-12-31,1.0261826450569034,1.0569989854933584,1.0261826450569034,1.0523765087127686,52200.0
2004-01-02,1.0539176071211416,1.0539176071211416,1.0169380045786103,1.0246421098709106,145300.0
2004-01-05,1.0261821486176208,1.0431311239846246,1.0261821486176208,1.0369678735733032,80400.0
2004-01-06,1.0446725449758467,1.0539174256516957,1.0261827101523684,1.0492949485778809,54900.0
2004-01-07,1.0523765865306665,1.0569990636530648,1.0369684519089737,1.041590929031372,41000.0
2004-01-08,1.0446727306683221,1.0569992404271802,1.0446727306683221,1.0462135076522827,33300.0
2004-01-09,1.0400500788333122,1.0600806905774034,1.0354276017109136,1.041590929031372,49000.0
2004-01-12,1.0462135764622535,1.0708665976014107,1.0462135764622535,1.0631625652313232,59600.0
2004-01-13,1.0785701972536907,1.0878150758421108,1.055457964046759,1.0770293474197388,139200.0
2004-01-14,1.09243766421544,1.1124681998143524,1.078570308170848,1.1016825437545776,113700.0
2004-01-15,1.1001422202750706,1.1294177228957438,1.1001422202750706,1.1247953176498413,101200.0
2004-01-16,1.124794833127326,1.1340397131085649,1.0785703597493579,1.1047642230987549,85300.0
2004-01-20,1.0878156394499081,1.11709114021704,1.0862748622894287,1.0862748622894287,60500.0
2004-01-21,1.0801111581632568,1.1078457967806694,1.0801111581632568,1.1016825437545776,48500.0
2004-01-22,1.1001417073663555,1.1093865870198139,1.0831927980709015,1.0955193042755127,43400.0
2004-01-23,1.086274401397466,1.1232539192206756,1.086274401397466,1.1093865633010864,50300.0
2004-01-26,1.1201725860300618,1.1201725860300618,1.0862746858166363,1.1124684810638428,40400.0
2004-01-27,1.1109275532510892,1.1386621951129268,1.1109275532510892,1.1232540607452393,92100.0
2004-01-28,1.1247945651900315,1.134039442969048,1.0939782324548857,1.1170904636383057,106900.0
2004-01-29,1.1324990656911325,1.157152156857619,1.1016827935727596,1.143284797668457,122000.0
2004-01-30,1.1294177092457238,1.1402034438088187,1.10938709083075,1.13249933719635,78300.0
2004-02-02,1.1324984869515133,1.1848861962528945,1.121712833957759,1.1371209621429443,96300.0
2004-02-03,1.147907142997105,1.1864275179093808,1.1432847391518313,1.1679377555847168,117100.0
2004-02-04,1.172665986979948,1.1805467616298977,1.1253810384508345,1.1285333633422852,107400.0
2004-02-05,1.1364143635395167,1.1364143635395167,1.1111957610705514,1.133262038230896,76300.0
2004-02-06,1.1332621574959878,1.1537523117370982,1.1269575062152417,1.144295334815979,58200.0
2004-02-09,1.1458715205692633,1.1506000468582152,1.134838342666626,1.134838342666626,63900.0
2004-02-10,1.1379910507293196,1.1506004333496094,1.1190770895349866,1.1506004333496094,60400.0
2004-02-11,1.1490242323380477,1.1569050870810538,1.1348387238635975,1.1506004333496094,75100.0
2004-02-12,1.1348380330284358,1.150599732919478,1.1316857080816984,1.1490235328674316,50600.0
2004-02-13,1.1553282400935074,1.1679375405061874,1.131685764241053,1.1364142894744873,39900.0
2004-02-17,1.145871475363594,1.1490238010460745,1.1190766694838228,1.1316859722137451,30200.0
2004-02-18,1.1316859722137451,1.1490238010460745,1.1285336465312645,1.1316859722137451,39300.0
2004-02-19,1.1348382673033992,1.1379905929008998,1.1238051652908325,1.1238051652908325,38400.0
2004-02-20,1.1159236431121826,1.1253806142215863,1.0670625881349347,1.1159236431121826,76200.0
2004-02-23,1.1364144977663297,1.1364144977663297,1.1001627148566562,1.106467366218567,55800.0
2004-02-24,1.122228980064392,1.1269575061031674,1.1048912266227506,1.122228980064392,38300.0
2004-02-25,1.1301095412107385,1.1301095412107385,1.1048909425735474,1.1048909425735474,31200.0
2004-02-26,1.11592461239962,1.1269577925226277,1.104891507434003,1.1111961603164673,23000.0
2004-02-27,1.1238056143129123,1.1238056143129123,1.1048916531707422,1.1190770864486694,22200.0
2004-03-01,1.119076463828373,1.1364142894744873,1.119076463828373,1.1364142894744873,32800.0
2004-03-02,1.1537523721345906,1.156904697939984,1.1442953947184107,1.1458715200424194,49000.0
2004-03-03,1.1506004301763535,1.1521765560261674,1.1096201058775845,1.1190770864486694,47400.0
2004-03-04,1.1364145426262395,1.1458715200424194,1.1127720615071017,1.1458715200424194,28500.0
2004-03-05,1.1348382076029822,1.1411428584663146,1.1175004553075012,1.1253812313079834,32500.0
2004-03-08,1.1190770864486694,1.131686393876783,1.1096201058775845,1.1190770864486694,57600.0
2004-03-09,1.112771738885032,1.1316856882337358,1.1111956140179835,1.1285333633422852,61300.0
2004-03-10,1.1285334222744883,1.136414272493331,1.1111956720448064,1.1269572973251343,67300.0
2004-03-11,1.1222287242609938,1.1238049243004269,1.1111956246143815,1.11277174949646,38100.0
2004-03-12,1.1001624498104146,1.1143479495358928,1.0922815999279591,1.11277174949646,48100.0
2004-03-15,1.103314675052513,1.103314675052513,1.07179142868538,1.08124840259552,58400.0
2004-03-16,1.0859771522666606,1.0954341287918465,1.0859771522666606,1.093858003616333,28900.0
2004-03-17,1.0828249590876695,1.1033151149749756,1.0828249590876695,1.1033151149749756,48700.0
2004-03-18,1.0954343694630129,1.1048914232233187,1.0828250646591187,1.0828250646591187,60400.0
2004-03-19,1.0922818778918084,1.0922818778918084,1.0749441239900623,1.0796725749969482,31600.0
2004-03-22,1.0780966591649042,1.0812489855010488,1.0607588267374144,1.0717920064926147,54300.0
2004-03-23,1.0528776534641098,1.0954340836525165,1.0528776534641098,1.0907056331634521,48200.0
2004-03-24,1.0796725749969482,1.0907057526086377,1.0717917982663474,1.0796725749969482,37700.0
2004-03-25,1.0686396343334301,1.0875535915392716,1.0654873081324565,1.0828250646591187,69300.0
2004-03-26,1.087553005650883,1.0907053301536311,1.0654867341316472,1.0780960321426392,48900.0
2004-03-29,1.0733682441292995,1.1111962392692314,1.0733682441292995,1.0970107316970825,38600.0
2004-03-30,1.0954341887565366,1.108043566637731,1.0907057378137899,1.106467366218567,21500.0
2004-03-31,1.1190763667282912,1.125381016387589,1.0812484687725046,1.1048909425735474,33200.0
2004-04-01,1.1096197667622423,1.1285337221240426,1.0891296108749364,1.1033151149749756,32200.0
2004-04-02,1.1190766403084385,1.1474476458684775,1.1001626867066596,1.1379905939102173,59500.0
2004-04-05,1.14744766034224,1.1695139398226566,1.1111958779028697,1.122228980064392,44800.0
2004-04-06,1.1222294164007087,1.1569050870810538,1.1222294164007087,1.1506004333496094,48300.0
2004-04-07,1.1474476458684775,1.1569046226693669,1.1301098174881614,1.1379905939102173,56500.0
2004-04-08,1.131685782607631,1.158480583998119,1.131685782607631,1.1569044589996338,46300.0
2004-04-12,1.169514134942845,1.1947327442707605,1.1569048302788874,1.1663618087768555,53700.0
2004-04-13,1.182122982386852,1.1884276322803267,1.136414233080482,1.1490235328674316,46300.0
2004-04-14,1.153752165161599,1.1647852659225464,1.1395666640033952,1.1647852659225464,53800.0
2004-04-15,1.1490237865075803,1.1584807634353638,1.1238051813668244,1.1584807634353638,62000.0
2004-04-16,1.1474476612649689,1.1900040950186803,1.1269575070094189,1.1584807634353638,45600.0
2004-04-19,1.1742423916483362,1.1821232433335083,1.1316859578946248,1.1584807634353638,64100.0
2004-04-20,1.1474478094523186,1.1647855651469898,1.1348384300961283,1.1521762609481812,56100.0
2004-04-21,1.1458715205692633,1.1521761721829487,1.134838342666626,1.134838342666626,21400.0
2004-04-22,1.1364143635395167,1.1474475396983708,1.1253811873806625,1.133262038230896,37900.0
2004-04-23,1.1348382076029822,1.1348382076029822,1.122228905876317,1.1253812313079834,23400.0
2004-04-26,1.1285336322520303,1.1584807634353638,1.1253813066094358,1.1584807634353638,69800.0
2004-04-27,1.1569046984719005,1.1632093500855858,1.1285336910529407,1.134838342666626,52400.0
2004-04-28,1.1379906684734686,1.1474477210513725,1.1269575657282072,1.134838342666626,31000.0
2004-04-29,1.1348379804437065,1.1379903052443754,1.1206525564193726,1.1206525564193726,22400.0
2004-04-30,1.134838720733811,1.1506004301763535,1.1190770864486694,1.1190770864486694,28900.0
2004-05-03,1.1206526472130032,1.136414272493331,1.1206526472130032,1.1269572973251343,35000.0
2004-05-04,1.1206521662455473,1.141142232737259,1.1127713194090483,1.1159236431121826,57100.0
2004-05-05,1.1253810972184226,1.1584805478857902,1.1206526472130032,1.1269572973251343,46500.0
2004-05-06,1.1427191947624207,1.158480823796634,1.1190767136324127,1.134838342666626,37900.0
2004-05-07,1.131686048017676,1.131686048017676,1.0481493742577024,1.1033151149749756,169000.0
2004-05-10,1.0434205339348217,1.0875531583261613,1.0434205339348217,1.0859769582748413,85100.0
2004-05-11,1.0985861038318288,1.1111954770001653,1.071791383137143,1.0780960321426392,64000.0
2004-05-12,1.0813237285622175,1.0813237285622175,1.0006279256260069,1.029678463935852,181200.0
2004-05-13,1.0458177275248983,1.0458177275248983,1.003855868308109,1.013539433479309,69800.0
2004-05-14,1.0199949768184087,1.032906292975,1.0086975367026338,1.029678463935852,30200.0
2004-05-17,1.0232233630462702,1.0232233630462702,0.9699641164196446,1.0038563013076782,96700.0
2004-05-18,1.013539788696552,1.0264511108398438,1.0086980044140426,1.0264511108398438,39500.0
2004-05-19,1.0329064176188705,1.0974630831495857,1.0264507587615515,1.0619568824768066,81000.0
2004-05-20,1.040975927138975,1.057115150843318,1.0167672454975047,1.0345202684402466,25200.0
2004-05-21,1.0458179712295532,1.0490458013862862,1.0167674998189555,1.0458179712295532,48900.0
2004-05-24,1.0312927945487265,1.0490459005679909,1.0086979813153758,1.0409762859344482,45700.0
2004-05-25,1.032906650602621,1.0458179712295532,1.0264509902891548,1.0458179712295532,42200.0
2004-05-26,1.0490456605127156,1.052273490235992,1.0361343416196103,1.0442038774490356,31700.0
2004-05-27,1.0329067482584544,1.0571155152015332,1.02645108733464,1.0409762859344482,53000.0
2004-05-28,1.0312930550074149,1.049046165510324,1.0264513465705285,1.0329070091247559,51800.0
2004-06-01,1.0264509702637887,1.0377483371131797,1.0264509702637887,1.0312926769256592,15900.0
2004-06-02,1.0345203882792064,1.052273490235992,1.0280647288326539,1.0442038774490356,63800.0
2004-06-03,1.032906887028278,1.0490460415060907,1.032906887028278,1.0425903797149658,34900.0
2004-06-04,1.0377484554725411,1.0458180701060835,1.0280649640868194,1.0409762859344482,56300.0
2004-06-07,1.0296786817565415,1.0458178303663948,1.0296786817565415,1.0377482175827026,30600.0
2004-06-08,1.039362409182269,1.0458180701060835,1.0329067482584544,1.0409762859344482,55700.0
2004-06-09,1.0442041163963556,1.0490459005679909,1.0329067482584544,1.0409762859344482,35100.0
2004-06-10,1.0458178307894392,1.0490456605127156,1.0329065118963339,1.0442038774490356,61200.0
2004-06-14,1.0361346024473124,1.0409763097722717,1.0264511108398438,1.0264511108398438,32100.0
2004-06-15,1.0361348404018695,1.0442043801158696,1.0199956840163011,1.0329070091247559,49900.0
2004-06-16,1.0296789199148304,1.0409762880759728,1.023223258977735,1.0280649662017822,71700.0
2004-06-17,1.0216091869645543,1.0361344608697978,1.0216091869645543,1.0248370170593262,44100.0
2004-06-18,1.0345208862845285,1.0361348404018695,1.0264513465705285,1.0329070091247559,18100.0
2004-06-21,1.0361345787203617,1.0409762859344482,1.0280649640868194,1.0409762859344482,32200.0
2004-06-22,1.040976307955854,1.040976307955854,1.0167676174581994,1.0361346006393433,61100.0
2004-06-23,1.0377484592441133,1.0377484592441133,1.0103119386969612,1.0183814764022827,67400.0
2004-06-24,1.0264509702637887,1.0312926769256592,1.0199953100762682,1.0312926769256592,24500.0
2004-06-25,1.032906750383378,1.0377484576074252,1.023223258977735,1.0280649662017822,32200.0
2004-06-28,1.0329066307750259,1.0329066307750259,1.0248370170593262,1.0248370170593262,26600.0
2004-06-29,1.0232235152934148,1.0345208862845285,1.0167678527391875,1.0329070091247559,34000.0
2004-06-30,1.0167678527391875,1.0329070091247559,1.011926067344733,1.0329070091247559,35500.0
2004-07-01,1.0329070091247559,1.0361348404018695,1.0248373924531877,1.0329070091247559,35200.0
2004-07-02,1.0264509702637887,1.0312926769256592,1.016767479982508,1.0312926769256592,16900.0
2004-07-06,1.0280649894570377,1.0296789432065943,1.0135397904987817,1.0167676210403442,30600.0
2004-07-07,1.0248373812301907,1.0264513353298572,1.0006286084381646,1.0086982250213623,61800.0
2004-07-08,1.0006285106468111,1.0151537882939858,1.0006285106468111,1.0103120803833008,27500.0
2004-07-09,1.0086982413838659,1.0232235206862155,1.0022425787956146,1.0199956893920898,35900.0
2004-07-12,1.0151536486658168,1.0167676023857621,1.0006283730165046,1.0022423267364502,34000.0
2004-07-13,1.0006286084381646,1.0167678416045602,0.9974007771963989,1.0086982250213623,44100.0
2004-07-14,1.0022421266538188,1.0119256161676802,0.9957864669779113,0.9974003434181213,23100.0
2004-07-15,1.0006279958721902,1.0103115606269548,0.9893306319208314,1.0070836544036865,33800.0
2004-07-16,0.9974006797205012,1.0135399113096109,0.9974006797205012,1.0103120803833008,27400.0
2004-07-19,1.0070842580542791,1.0086982121333243,0.9861033937296564,0.9877172708511353,45800.0
2004-07-20,0.999014475436456,1.0006283521652222,0.987717030504904,1.0006283521652222,28000.0
2004-07-21,0.9941723326228123,1.0022419442276482,0.984488844871521,0.984488844871521,35000.0
2004-07-22,0.9844891649372643,0.9941726558367404,0.9764196276664734,0.9764196276664734,47400.0
2004-07-23,0.974805656810629,0.9764196104107916,0.911862928597612,0.9360716938972473,103500.0
2004-07-26,0.9505969720310066,0.9522109257678787,0.9231603741645812,0.9231603741645813,38300.0
2004-07-27,0.9280021139250784,0.9699639855813128,0.9199324995427114,0.9667360782623291,54500.0
2004-07-28,0.9522107243537903,0.9667359201254819,0.9392994050200495,0.9522107243537903,47500.0
2004-07-29,0.9522107243537903,0.9764194865833212,0.9505967709583059,0.9522107243537903,43500.0
2004-07-30,0.952210861939011,0.9780335043376137,0.952210861939011,0.9764196276664734,36500.0
2004-08-02,0.9683493702560343,0.9893302917480469,0.9602797613875699,0.9893302917480469,51400.0
2004-08-03,0.9844885110354694,0.9893302917480469,0.9635075895434569,0.9893302917480469,37000.0
2004-08-04,0.9844889634931846,0.9844889634931846,0.9651219856570633,0.9780333042144775,19800.0
2004-08-05,0.9796475172042846,0.9812613939730138,0.9764196867092766,0.9796475172042847,29500.0
2004-08-06,0.9667362612330276,0.9715780461703443,0.9376857824818098,0.9538249373435974,57700.0
2004-08-09,0.9441411112914355,0.9554385541872256,0.9392994050200495,0.9522107243537903,21200.0
2004-08-10,0.9473689411248707,0.9683498735209664,0.9441411112914355,0.9522107243537903,67900.0
2004-08-11,0.9522108163599864,0.9720830231410853,0.9323386095788876,0.9604909420013428,49900.0
2004-08-12,0.9455867422253752,0.9488987766706515,0.9373066166296196,0.9439306855201721,16500.0
2004-08-13,0.9356505190234672,0.9406185305723652,0.9157783148976352,0.9207463264465332,39800.0
2004-08-16,0.9224023570289249,0.9323384588127318,0.912466255245118,0.9290264248847961,68600.0
2004-08-17,0.930682470984718,0.9439306076732356,0.930682470984718,0.9422746300697327,28300.0
2004-08-18,0.929026575115371,0.9604909420013428,0.9224025061883381,0.9604909420013428,59100.0
2004-08-19,0.9654588692746383,0.9753949717910265,0.9339945051568473,0.9422746300697327,62900.0
2004-08-20,0.9356506275882772,0.9853311436673547,0.9356506275882772,0.9571788907051086,51800.0
2004-08-23,0.9787073691669276,0.9919555107719045,0.9522110859569737,0.9654592275619507,101300.0
2004-08-24,0.9770515119904173,0.9886435978482754,0.970427440367309,0.9803635478019714,44700.0
2004-08-25,0.9803631119024556,1.0052034089269346,0.9753950209115089,1.0018913745880127,45200.0
2004-08-26,0.993611273825866,1.020107549192381,0.993611273825866,1.0184515714645386,56500.0
2004-08-27,1.0118275452127248,1.0383238216945203,1.0085155106525003,1.0151395797729492,34000.0
2004-08-30,1.0118275026229098,1.031699709147796,1.0101714459299378,1.0184515714645386,59400.0
2004-08-31,1.0267318146748434,1.0383239768504022,1.0167957095094262,1.021763801574707,56800.0
2004-09-01,1.021763451423162,1.0267314628207937,1.0068592593000314,1.0118273496627808,41400.0
2004-09-02,1.0134835230102706,1.0184516143331737,0.9969233502091485,1.0151395797729492,40600.0
2004-09-03,1.0068591892192844,1.0134832565984815,0.996923088150489,0.9985791444778442,41700.0
2004-09-07,1.0151400281072274,1.0151400281072274,0.9936117544752893,1.0068598985671997,29100.0
2004-09-08,0.9720829545683312,1.0101713876944984,0.9720829545683312,0.993611216545105,79000.0
2004-09-09,1.0068591414705215,1.0101711750030518,0.9787068169614596,1.0101711750030518,31600.0
2004-09-10,1.0101711750030518,1.0101711750030518,0.9803628732102788,1.0101711750030518,18200.0
2004-09-13,1.0101712521185628,1.0134832859039307,0.9952671395669646,1.0134832859039307,29600.0
2004-09-14,1.001891391811771,1.0267316102981567,0.9952673230200508,1.0267316102981567,28800.0
2004-09-15,1.0267311417246128,1.0432913851113748,1.0002348786499418,1.0085150003433228,43000.0
2004-09-16,1.0018912479023996,1.0499157792268006,1.0018912479023996,1.0118273496627808,53600.0
2004-09-17,1.0085154495836628,1.0482598618997048,1.0085154495836628,1.0399798154830933,40300.0
2004-09-20,1.039980033860544,1.043292068915683,1.010171639399148,1.021763801574707,40500.0
2004-09-21,1.0316994952889635,1.0432916528414646,1.0217633940861541,1.0366675853729248,34400.0
2004-09-22,1.0350117435686104,1.0350117435686104,1.0184515714645386,1.0184515714645386,30600.0
2004-09-23,1.0300439276364302,1.0350120200774682,1.015139808243617,1.0234198570251465,44100.0
2004-09-24,1.0118276964092898,1.028387871684985,1.010171639399148,1.021763801574707,63700.0
2004-09-27,1.0134834803507522,1.0184515714645386,0.9952673305188379,1.0184515714645386,61400.0
2004-09-28,1.0018913993604666,1.0300436524548242,1.0018913993604666,1.0184515714645386,51300.0
2004-09-29,1.0201072756006428,1.0201072756006428,1.0085151977193407,1.0101711750030518,42100.0
2004-09-30,1.0184516143331737,1.0201075921307194,1.0101714884500461,1.0151395797729492,50600.0
2004-10-01,1.018450975691865,1.0201069524509956,1.0134828874843071,1.0167949199676514,201100.0
2004-10-04,1.0267316426082835,1.0432918940738456,1.0118275268404613,1.0350117683410645,112200.0
2004-10-05,1.0366675871771933,1.046603688397296,1.0250754296045168,1.033355474472046,51100.0
2004-10-06,1.0333555084103687,1.0482597002125753,1.031699530968521,1.0416356325149536,86300.0
2004-10-07,1.035011724461024,1.0482598618997048,1.0283876557416838,1.0399798154830933,51900.0
2004-10-08,1.0366678250736732,1.0499159630740178,1.0283876993408922,1.0350117683410645,51600.0
2004-10-11,1.0300439276364302,1.0399801125185062,1.0134837511082209,1.0234198570251465,91500.0
2004-10-12,1.035011453291614,1.035011453291614,1.0134831961115225,1.030043363571167,45000.0
2004-10-13,1.0333558847851214,1.0350119417952632,1.0151397314644288,1.021763801574707,41500.0
2004-10-14,1.0217636837341257,1.0333557656076189,1.020107626914978,1.020107626914978,22300.0
2004-10-15,1.030043363571167,1.030043363571167,1.0217633193238984,1.030043363571167,27000.0
2004-10-18,1.0267316102981567,1.0432918612425857,1.0184515637910712,1.0267316102981567,65700.0
2004-10-19,1.0267316090700827,1.030043643461981,1.0201075402862856,1.0283876657485962,36600.0
2004-10-20,1.0283876747269816,1.0283876747269816,1.0151395370437242,1.0184515714645386,47900.0
2004-10-21,1.0267316962612985,1.0300437309344586,1.0167955922418177,1.020107626914978,19000.0
2004-10-22,1.0283873863077562,1.030043363571167,1.0217633193238984,1.030043363571167,39900.0
2004-10-25,1.0283874615546937,1.0432916528414646,1.0217633940861541,1.0366675853729248,39800.0
2004-10-26,1.0399794771943613,1.0764118432998657,1.0300432983823036,1.0764118432998657,67500.0
2004-10-27,1.0598522763608869,1.0747563950788224,1.049916170893881,1.0648202896118164,48700.0
2004-10-28,1.06482020322108,1.0747563078819526,1.059852190373214,1.0714442729949951,57700.0
2004-10-29,1.0631643115165554,1.0681323247674852,1.0532282060495495,1.0648202896118164,52300.0
2004-11-01,1.0648199399036817,1.0664759964202075,1.048259769564029,1.0548838376998901,35600.0
2004-11-02,1.0631637858197105,1.0880040766871548,1.0631637858197105,1.081380009651184,41700.0
2004-11-03,1.0929719567230909,1.1178122446187493,1.0797238242360991,1.1012520790100098,52300.0
2004-11-04,1.101252428404266,1.1145005650944928,1.0929723034903125,1.111188530921936,48500.0
2004-11-05,1.114500296594081,1.1260924528878606,1.0846919962223527,1.0929720401763916,52700.0
2004-11-08,1.107876669600258,1.1178127736681587,1.0962845087051392,1.0962845087051392,57100.0
2004-11-09,1.1132279562184724,1.1301720485392501,1.0912005958035584,1.1064503192901611,58600.0
2004-11-10,1.1013675353318417,1.109839625614269,1.0996730849570198,1.1047563552856445,32000.0
2004-11-11,1.1064508098908357,1.1115339994430542,1.0945898996092567,1.1115339994430542,39900.0
2004-11-12,1.1115338856214245,1.1352556229596233,1.0996729765544087,1.1335612535476685,47500.0
2004-11-15,1.1403387671666816,1.1403387671666816,1.1166170324416849,1.1267834901809692,31500.0
2004-11-16,1.1250894618857503,1.1318671029191216,1.0928956265793093,1.1149230003356934,41900.0
2004-11-17,1.0979785507454876,1.1318667452022688,1.0979785507454876,1.1217002868652344,74700.0
2004-11-18,1.121700220913415,1.1267834901809692,1.1081449439277027,1.1267834901809692,43000.0
2004-11-19,1.109839625614269,1.1166172655218747,1.0996730849570198,1.1047563552856445,34800.0
2004-11-22,1.1047560633272895,1.118311339560193,1.0844231489779343,1.099672794342041,70100.0
2004-11-23,1.1081449931871423,1.1098394432835903,1.0827288073112151,1.1013673543930054,61200.0
2004-11-24,1.1064508098908357,1.1115339994430542,1.0928954492279563,1.1115339994430542,39100.0
2004-11-26,1.1115344056431888,1.113228856643711,1.0996734910271466,1.1098400354385376,13300.0
2004-11-29,1.1149229907894835,1.1149229907894835,1.0844236064004549,1.0945900678634644,52500.0
2004-11-30,1.0928954925541028,1.1047564033058892,1.0827290322507908,1.1030620336532593,63700.0
2004-12-01,1.1030625125161824,1.1166177988052368,1.0928959670035119,1.1166177988052368,63600.0
2004-12-02,1.118311820852379,1.1267839125420203,1.0996732676126806,1.1149230003356934,41400.0
2004-12-03,1.104756763232842,1.1149232268483622,1.0912014784121487,1.1098400354385376,41800.0
2004-12-06,1.1098395680466349,1.1149227573157525,1.0945898386476087,1.1081451177597046,55700.0
2004-12-07,1.1183116307723517,1.121700450713038,1.0962842607599717,1.0979787111282349,33100.0
2004-12-08,1.096284447095995,1.1149230003356934,1.0945900772355792,1.1149230003356934,60800.0
2004-12-09,1.116617261199929,1.116617261199929,1.0844234313654904,1.0979787111282349,68000.0
2004-12-10,1.1047567189672047,1.1047567189672047,1.0878126136202582,1.089506983757019,46000.0
2004-12-13,1.0928954408192855,1.101367531068921,1.086117800937913,1.0979787111282349,65400.0
2004-12-14,1.099672794342041,1.1030616941960862,1.0895063371673632,1.099672794342041,52300.0
2004-12-15,1.097978715378039,1.1081451752394473,1.0895066250956114,1.1047563552856445,64800.0
2004-12-16,1.0945899430025772,1.1098396738554674,1.0945899430025772,1.1030620336532593,50700.0
2004-12-17,1.0979789453196362,1.113228678703308,1.0979789453196362,1.113228678703308,53800.0
2004-12-20,1.113228856643711,1.1183120480535356,1.1013679420276687,1.1098400354385376,38800.0
2004-12-21,1.1166173140576754,1.1166173140576754,1.0928954925541028,1.1030620336532593,70200.0
2004-12-22,1.1013677801637651,1.1098398723295222,1.089506867290877,1.0962845087051392,58300.0
2004-12-23,1.099673132756311,1.1047564033058892,1.097978763103681,1.1030620336532593,35600.0
2004-12-27,1.1047563510096072,1.1098396213185566,1.0844234313654904,1.0979787111282349,56200.0
2004-12-28,1.0979791208224954,1.1098400354385376,1.0979791208224954,1.1098400354385376,49700.0
2004-12-29,1.109839809958592,1.118311820852379,1.1047565387856362,1.1149230003356934,44200.0
2004-12-30,1.1047563595095353,1.1149228194098137,1.1047563595095353,1.1115339994430542,44800.0
2004-12-31,1.1030623369062282,1.1200064420700073,1.1030623369062282,1.1200064420700073,31700.0
2005-01-03,1.109839629857595,1.1284780992768517,1.1081451794762947,1.1115339994430542,42000.0
2005-01-04,1.1081451709502934,1.1318669105350962,1.0928954408192855,1.0979787111282349,61600.0
2005-01-05,1.0861182699546736,1.0996735555709762,1.0708686140342714,1.0844238996505737,44100.0
2005-01-06,1.0928954942584261,1.0928954942584261,1.0708682039648214,1.0878123044967651,39300.0
2005-01-07,1.0878122513061765,1.0979787111282349,1.0776457914841182,1.0979787111282349,31500.0
2005-01-10,1.0996736758400891,1.0996736758400891,1.0759519234171593,1.0776463747024536,64200.0
2005-01-11,1.0725623277007572,1.0827287856889367,1.045451773065612,1.0742567777633667,37700.0
2005-01-12,1.0742572596651008,1.075951629691963,1.045452242045685,1.0590075254440308,53500.0
2005-01-13,1.065785116940522,1.0861180410802795,1.0607019263035118,1.0827292203903198,52500.0
2005-01-14,1.0827287401868926,1.094589647739223,1.070867913430385,1.091200828552246,49900.0
2005-01-18,1.0844236064004549,1.101367708838804,1.0776459654251151,1.0945900678634644,47500.0
2005-01-19,1.0776455518043386,1.091200828552246,1.0759511018129388,1.091200828552246,49200.0
2005-01-20,1.0793403289168586,1.0878124204840842,1.0776459590809255,1.081034779548645,42400.0
2005-01-21,1.0759515790104006,1.0827292203903198,1.0725627583204411,1.0827292203903198,59300.0
2005-01-24,1.0691738675137,1.081034779548645,1.059007406110541,1.081034779548645,64100.0
2005-01-25,1.0810350782464981,1.0878127210546493,1.0776462568424225,1.0844238996505737,28200.0
2005-01-26,1.0793407451918635,1.0878128400265663,1.070868731153045,1.0776463747024536,42100.0
2005-01-27,1.087812790786047,1.087812790786047,1.0691742314709174,1.0793406963348389,85500.0
2005-01-28,1.0776459590809255,1.0844236000163647,1.0725626879814194,1.081034779548645,37600.0
2005-01-31,1.0878124973352408,1.097978959456634,1.0861180465837459,1.0962845087051392,44700.0
2005-02-01,1.0979789453196362,1.121700689964125,1.0895068532629613,1.113228678703308,85800.0
2005-02-02,1.1028245817840674,1.1218985319137573,1.1028245817840674,1.1218985319137573,44800.0
2005-02-03,1.1218984589846133,1.1218984589846133,1.1028245100948277,1.1045584678649902,52400.0
2005-02-04,1.109760621287874,1.120164617035383,1.1080265806548182,1.1149625778198242,46300.0
2005-02-07,1.1166965417189003,1.1201645400630993,1.1062925466863034,1.1080265045166016,65300.0
2005-02-08,1.1114946603775024,1.1149626592131727,1.1010906638704916,1.1114946603775024,46300.0
2005-02-09,1.1132287602809048,1.1132287602809048,1.1045587213892991,1.1097607612609863,35800.0
2005-02-10,1.1062927622410677,1.1132287602809048,1.095888765181312,1.1097607612609863,58000.0
2005-02-11,1.113228678703308,1.1149626367443932,1.1080266392128273,1.113228678703308,42200.0
2005-02-14,1.1028244495391846,1.1166964416731777,1.0924204554386898,1.1028244495391846,96900.0
2005-02-15,1.0976225094840046,1.1114945028608005,1.0976225094840046,1.1080265045166016,37400.0
2005-02-16,1.0976226003519782,1.1218985907710872,1.0976226003519782,1.1201646327972412,151500.0
2005-02-17,1.1201646988084852,1.1201646988084852,1.1010906638704916,1.1114946603775024,49300.0
2005-02-18,1.1080266392128273,1.1149626367443932,1.1010906416812611,1.113228678703308,33300.0
2005-02-22,1.1010906092962387,1.1132286459612846,1.0993566513061523,1.0993566513061523,41400.0
2005-02-23,1.1028240111369296,1.1028240111369296,1.0854840278625488,1.0854840278625488,54000.0
2005-02-24,1.1062926486337183,1.1062926486337183,1.0854846566510203,1.0993566513061523,63400.0
2005-02-25,1.1010905078282036,1.1097605450305024,1.0958885516537065,1.1080265045166016,35700.0
2005-02-28,1.1010900520960458,1.1080260459136926,1.0924201011657715,1.0924201011657715,65400.0
2005-03-01,1.0941544385820567,1.101090434810501,1.0854844846382998,1.0906864404678345,52800.0
2005-03-02,1.082016698966005,1.092420778830034,1.0768147417176102,1.0889527797698975,61200.0
2005-03-03,1.088952877034285,1.0958888757740757,1.0785487962409719,1.0941548347473145,48700.0
2005-03-04,1.0924205955685848,1.1028245910036487,1.08895259709023,1.1010905504226685,42600.0
2005-03-07,1.0924202596148365,1.099356254438508,1.0889522622030006,1.0958882570266724,52300.0
2005-03-08,1.0958880980745949,1.1010900520960458,1.0837500675519287,1.0924201011657715,43900.0
2005-03-09,1.0906866028442346,1.0906866028442346,1.080282606952669,1.083750605583191,33800.0
2005-03-10,1.0872184293411744,1.08895246971933,1.0681443985994425,1.075080394744873,42400.0
2005-03-11,1.0941536939961087,1.0941536939961087,1.0542717014809746,1.0646756887435913,53400.0
2005-03-14,1.0577403062967183,1.0733463375185828,1.0560063487629492,1.069878339767456,67000.0
2005-03-15,1.0646764278719008,1.0750804223572628,1.0369324425776019,1.0490704774856567,58400.0
2005-03-16,1.040400281686259,1.0577402698443128,1.0334642864230374,1.0560063123703003,84800.0
2005-03-17,1.0560063123703003,1.0612082674759236,1.045602319475468,1.0560063123703003,34200.0
2005-03-18,1.0577402698443128,1.0577402698443128,1.040400281686259,1.0560063123703003,27400.0
2005-03-21,1.0560065227063158,1.0560065227063158,1.0334644922691176,1.035198450088501,56800.0
2005-03-22,1.0351986343831188,1.0490707128258179,1.012656682616418,1.02306067943573,58500.0
2005-03-23,1.0143900466918916,1.0924201011657715,1.0143900466918916,1.0924201011657715,203400.0
2005-03-24,1.0698783028967433,1.0698783028967433,1.0490703171070788,1.0560063123703003,69800.0
2005-03-28,1.0577403926116902,1.064676388679943,1.036932404406932,1.0456024408340454,59700.0
2005-03-29,1.0404005094932738,1.0473365062752074,1.0230605175384402,1.0299965143203735,36800.0
2005-03-30,1.0265284103045527,1.0456024408340454,1.024794369945692,1.0456024408340454,35300.0
2005-03-31,1.035198450088501,1.0456025277392094,1.035198450088501,1.035198450088501,43600.0
2005-04-01,1.0404005811097643,1.0490706190257895,1.0317305431937391,1.0473365783691406,201000.0
2005-04-04,1.035198347546564,1.0438683838354734,1.0195923979835584,1.0404003858566284,35100.0
2005-04-05,1.038666028159795,1.043868064880371,1.0351980312406004,1.043868064880371,88400.0
2005-04-06,1.0456030695691498,1.049071069688631,1.0230610274506993,1.033465027809143,67000.0
2005-04-07,1.0317303660139447,1.049070438868172,1.0317303660139447,1.0456024408340454,56200.0
2005-04-08,1.0473364753625567,1.057740470228378,1.0473364753625567,1.052538514137268,77300.0
2005-04-11,1.0577403926116902,1.0577403926116902,1.0386663620821974,1.0456024408340454,47300.0
2005-04-12,1.042134442799919,1.0473363985093112,1.036932404406932,1.0456024408340454,39500.0
2005-04-13,1.0456025277392094,1.0508044838809616,1.0247944551213948,1.035198450088501,46800.0
2005-04-14,1.0386666333228893,1.040400674134583,1.012656682616418,1.02306067943573,54500.0
2005-04-15,1.0213263777894621,1.0247943758435474,0.9797104011404388,0.9814443588256836,149000.0
2005-04-18,0.9987844613692354,1.009188455839715,0.991848382371984,1.002252459526062,42500.0
2005-04-19,1.0091884521275365,1.0126564502716064,0.9866464228492827,1.0126564502716064,62900.0
2005-04-20,1.0039864831301557,1.0143904782831994,0.9953164458274841,0.9953164458274841,37100.0
2005-04-21,0.9987841652327388,1.0143901109695435,0.9987841652327388,1.0143901109695435,81000.0
2005-04-22,1.0039860194761718,1.0178580066072969,0.9970500259106094,1.0091880559921265,51200.0
2005-04-25,1.014390684455382,1.0161247253417969,1.0022527289849594,1.0161247253417969,40600.0
2005-04-26,1.0143903914692864,1.0195924299424073,1.0057204375922135,1.0074543952941895,20500.0
2005-04-27,0.9970500259106094,1.0143900098245155,0.9901140323450469,1.0091880559921265,54100.0
2005-04-28,1.007454097714962,1.0109220947781423,0.997050106525421,0.9970501065254211,37300.0
2005-04-29,1.0039860194761718,1.0091880559921265,0.9883799926118736,1.0091880559921265,56800.0
2005-05-02,1.0057204539834665,1.0143904080018424,1.0057204539834665,1.0126564502716064,50800.0
2005-05-03,0.9970503409303355,1.0126563727253857,0.9970503409303355,1.0057203769683838,43700.0
2005-05-04,1.005720647538122,1.0334646380301153,1.005720647538122,1.0195926427841187,123300.0
2005-05-05,1.0178581476211548,1.0195921875945615,0.9970501640417335,1.0178581476211548,89300.0
2005-05-06,1.0143905497838848,1.0195925890688813,0.9883805187261218,1.0109225511550903,97100.0
2005-05-09,1.0126567262525876,1.0161247253417969,1.0039866871877539,1.0161247253417969,74000.0
2005-05-10,1.0057204375922135,1.0161244318548588,0.9970504010315441,1.0074543952941895,69800.0
2005-05-11,1.0252228194853903,1.0252228194853903,1.0003474194298616,1.0127850770950317,85900.0
2005-05-12,1.0127850760576695,1.0145619327081243,0.9914633046033412,1.0021241903305054,100600.0
2005-05-13,1.0039007690320334,1.0110080242156982,0.9967935138483688,1.0110080242156982,76400.0
2005-05-16,1.0039010062610454,1.019892291840564,0.9985705212510826,1.0145618915557861,84900.0
2005-05-17,1.00745397073139,1.019891619682312,0.9985698631449067,1.019891619682312,52600.0
2005-05-18,1.0252226203616635,1.0376603603363037,1.0181153645833467,1.0376603603363037,98800.0
2005-05-19,1.0305530275931984,1.0394370542900224,1.0252225437949714,1.0358834266662598,61800.0
2005-05-20,1.0287760173166498,1.048321008682251,1.0252223902251907,1.048321008682251,60300.0
2005-05-23,1.0305529140391854,1.0465441942214966,1.0305529140391854,1.0465441942214966,105400.0
2005-05-24,1.0358835120539425,1.066089391708374,1.0323298841372548,1.066089391708374,66700.0
2005-05-25,1.0518751146531333,1.0554287433624268,1.0358837430987176,1.0554287433624268,58300.0
2005-05-26,1.0394370209889632,1.060758786048442,1.0394370209889632,1.058982014656067,53900.0
2005-05-27,1.0589822956715345,1.0643126959883176,1.0518750387657003,1.0607590675354004,38300.0
2005-05-31,1.055428262865169,1.060758661139781,1.0447673815907919,1.048321008682251,78000.0
2005-06-01,1.0447675046164142,1.058982014656067,1.0412138771065012,1.058982014656067,54700.0
2005-06-02,1.0607590675354004,1.0660895525773688,1.046544553723732,1.0607590675354004,104900.0
2005-06-03,1.060758786048442,1.06253564216598,1.0536515310286156,1.058982014656067,34500.0
2005-06-06,1.0554283871461536,1.058982014656067,1.0483211321263275,1.058982014656067,38000.0
2005-06-07,1.0518753948548984,1.0678667706691456,1.0500985376643315,1.0536521673202515,64200.0
2005-06-08,1.0483217651989785,1.0589826541667384,1.0465449080084113,1.0536521673202515,45600.0
2005-06-09,1.0483214098481293,1.0572054386138916,1.0429909248085234,1.0572054386138916,78700.0
2005-06-10,1.0572051585385287,1.058982014656067,1.0500979035187026,1.058982014656067,32000.0
2005-06-13,1.0465449080084113,1.0607594266320914,1.0465449080084113,1.0536521673202515,87400.0
2005-06-14,1.0536515310286156,1.06253564216598,1.0500979035187026,1.058982014656067,16600.0
2005-06-15,1.0625359236534975,1.0625359236534975,1.0536518101625496,1.0572054386138916,49900.0
2005-06-16,1.0536514570478412,1.0643123388290405,1.0536514570478412,1.0643123388290405,60700.0
2005-06-17,1.057205162724074,1.0714197575451658,1.057205162724074,1.0696429014205933,79100.0
2005-06-20,1.06253564216598,1.064312413558355,1.0572051585385287,1.058982014656067,26200.0
2005-06-21,1.0643126959883176,1.0643126959883176,1.0483214103127831,1.0607590675354004,60400.0
2005-06-22,1.0572057969761715,1.0625362838226586,1.0518753948548984,1.0536521673202515,27300.0
2005-06-23,1.053651406956863,1.062535517048087,1.048321008682251,1.048321008682251,46100.0
2005-06-24,1.0412137957357783,1.051874677432371,1.0412137957357783,1.0465441942214966,47000.0
2005-06-27,1.0412142278907726,1.0447678565979004,1.0341069704765167,1.0447678565979004,29100.0
2005-06-28,1.0376601292131933,1.0518746376037598,1.0358832733017957,1.0518746376037598,67000.0
2005-06-29,1.0465446285888687,1.055428742719284,1.0376605991836447,1.0447678565979004,88600.0
2005-06-30,1.0483214853050282,1.0500982572959965,1.0376605991836447,1.0447678565979004,32000.0
2005-07-01,1.0376608762312183,1.0536521673202515,1.0376608762312183,1.0536521673202515,34700.0
2005-07-05,1.041213754499333,1.0572050340483221,1.041213754499333,1.048321008682251,53600.0
2005-07-06,1.0500980615615845,1.0572053176510738,1.0483212899018,1.0500980615615845,34400.0
2005-07-07,1.048321008682251,1.0500977798654039,1.0341065003164147,1.048321008682251,36600.0
2005-07-08,1.041214152945445,1.0625359236534975,1.041214152945445,1.0572054386138916,76100.0
2005-07-11,1.0643124177720382,1.0696429014205933,1.0607587902480562,1.0696429014205933,90100.0
2005-07-12,1.0660892339630998,1.0749733448028564,1.0643123779050845,1.0749733448028564,56700.0
2005-07-13,1.074973863909907,1.0820811221237576,1.0643128918639302,1.076750636100769,56900.0
2005-07-14,1.0767502814282568,1.0891880215682084,1.0767502814282568,1.0874111652374268,77000.0
2005-07-15,1.085634349647579,1.085634349647579,1.0749734662703323,1.0820807218551636,30900.0
2005-07-18,1.0767505173047778,1.0874114034493567,1.0767505173047778,1.083857774734497,51600.0
2005-07-19,1.0820808417996404,1.0874112417165331,1.0767503571575685,1.085634469985962,59100.0
2005-07-20,1.0749738631791121,1.0909651517868042,1.0749738631791121,1.0909651517868042,74700.0
2005-07-21,1.0838578943146195,1.0891883803376081,1.074973863909907,1.076750636100769,77900.0
2005-07-22,1.0838576135302116,1.085634469985962,1.0767503571575685,1.085634469985962,30800.0
2005-07-25,1.0856346314545227,1.0874114034493567,1.0731968885899181,1.083857774734497,54900.0
2005-07-26,1.0749735098226483,1.0874111652374268,1.0731966534918667,1.0874111652374268,59400.0
2005-07-27,1.0874111245519582,1.09274160861969,1.0838574967485273,1.09274160861969,56900.0
2005-07-28,1.0927416097341434,1.0962952375411987,1.089187981927088,1.0962952375411987,72200.0
2005-07-29,1.096295236423121,1.0980720079622517,1.09274160861969,1.09274160861969,76800.0
2005-08-01,1.0998490283285192,1.1016258001327515,1.0927417716612253,1.1016258001327515,80600.0
2005-08-02,1.105179346034913,1.1122866868972778,1.0945184618291306,1.1122866868972778,62600.0
2005-08-03,1.0909650321642164,1.092741888884242,1.0785273740248034,1.083857774734497,86200.0
2005-08-04,1.0820810025326741,1.0838577745271682,1.0731968883846286,1.0803041458129883,46700.0
2005-08-05,1.0749733463284514,1.0803037450597421,1.0643123794155496,1.0785269737243652,60800.0
2005-08-08,1.0714200735092163,1.0767504740045544,1.0607591030681638,1.0714200735092163,47000.0
2005-08-09,1.0749735817265957,1.0767503534510507,1.0660894689287843,1.067866325378418,43900.0
2005-08-10,1.0731965289445753,1.0838574115165218,1.0643124177720382,1.0696429014205933,62800.0
2005-08-11,1.0696429014205933,1.074973385069148,1.066089273896611,1.0696429014205933,32900.0
2005-08-12,1.0731965289445753,1.074973385069148,1.0607587902480562,1.0696429014205933,23100.0
2005-08-15,1.0678662480293042,1.0785271317793672,1.0625357637916863,1.066089391708374,75300.0
2005-08-16,1.069642898606844,1.0731965261214782,1.0625356435775757,1.0625356435775757,55700.0
2005-08-17,1.0607590675354004,1.0607590675354004,1.046544553723732,1.0607590675354004,82500.0
2005-08-18,1.06608958828869,1.0714200735092163,1.0518750740008709,1.0714200735092163,34100.0
2005-08-19,1.066089273896611,1.0731965289445753,1.0607587902480562,1.0696429014205933,57300.0
2005-08-22,1.0714197575451658,1.0714197575451658,1.0643124177720382,1.0696429014205933,47600.0
2005-08-23,1.0625357657813654,1.0731966495513916,1.0625357657813654,1.0731966495513916,50100.0
2005-08-24,1.0731967252769619,1.0731967252769619,1.0625358407546954,1.067866325378418,51600.0
2005-08-25,1.0625358407546954,1.0714199535525069,1.0607589843050618,1.067866325378418,47200.0
2005-08-26,1.0660895525773688,1.0660895525773688,1.0554286672186173,1.0607590675354004,43800.0
2005-08-29,1.05187468578022,1.0678660508145974,1.05187468578022,1.0643123388290405,44000.0
2005-08-30,1.0572051585385287,1.060758786048442,1.0500979035187026,1.058982014656067,38800.0
2005-08-31,1.055428351790488,1.0749733448028564,1.055428351790488,1.0749733448028564,45000.0
2005-09-01,1.074973505875649,1.083857533321418,1.0731966495513916,1.0731966495513916,79400.0
2005-09-02,1.0714199535525069,1.0838576097992283,1.067866325378418,1.067866325378418,31400.0
2005-09-06,1.0714201163901345,1.0838577745271682,1.0714201163901345,1.0803041458129883,38000.0
2005-09-07,1.073196488744841,1.0874109983083233,1.073196488744841,1.0749733448028564,45200.0
2005-09-08,1.0731968883846286,1.0838577745271682,1.0731968883846286,1.0803041458129883,30000.0
2005-09-09,1.0820807656954283,1.0874111652374268,1.0767502814282568,1.0874111652374268,31100.0
2005-09-12,1.0785274922836217,1.0927420087016593,1.0767506353687664,1.0909651517868042,57100.0
2005-09-13,1.0803037450597421,1.0909646272474838,1.076750117663828,1.0785269737243652,47600.0
2005-09-14,1.0785273738184942,1.0838577745271682,1.0749737451043142,1.0803041458129883,47600.0
2005-09-15,1.0749737451043142,1.0803041458129883,1.0749737451043142,1.0803041458129883,29700.0
2005-09-16,1.0767502378039553,1.0820807218551636,1.0749734662703323,1.0820807218551636,24200.0
2005-09-19,1.0820807617223334,1.0820807617223334,1.0696430216280495,1.0731966495513916,25500.0
2005-09-20,1.0731965289445753,1.0785270125931303,1.066089273896611,1.0696429014205933,46300.0
2005-09-21,1.066089269675893,1.066089269675893,1.0554283871461536,1.058982014656067,42400.0
2005-09-22,1.0518751146531333,1.0554287433624268,1.0447678572345467,1.0554287433624268,44400.0
2005-09-23,1.03766059981596,1.074973743626136,1.03766059981596,1.0554287433624268,66000.0
2005-09-26,1.0660891863611617,1.0660891863611617,1.0252224308283109,1.0465441942214966,63000.0
2005-09-27,1.0483214853050282,1.0500982572959965,1.035883742467485,1.0447678565979004,78900.0
2005-09-28,1.0483214853050282,1.0536518860031243,1.0394373711746128,1.0447678565979004,89200.0
2005-09-29,1.0500981817112076,1.0589822952021555,1.0394372963571814,1.0572054386138916,36700.0
2005-09-30,1.0500981817112076,1.0607590670652336,1.0483214098481293,1.0572054386138916,28500.0
2005-10-03,1.0500981817112076,1.0589822952021555,1.0500981817112076,1.0572054386138916,48700.0
2005-10-04,1.058982014656067,1.06253564216598,1.0518747596362406,1.058982014656067,61200.0
2005-10-05,1.0572053176510738,1.0589821740360341,1.0483212899018,1.0500980615615845,45100.0
2005-10-06,1.0341066122055054,1.0483211221093345,1.0323297561049456,1.0341066122055054,48100.0
2005-10-07,1.0412136750431327,1.048320928683688,1.0341064214025772,1.0429904460906982,41000.0
2005-10-10,1.0536518860031243,1.0536518860031243,1.032330113760357,1.0447678565979004,66100.0
2005-10-11,1.0341064214025772,1.048320928683688,1.0341064214025772,1.0429904460906982,27300.0
2005-10-12,1.0376602775684896,1.0376602775684896,1.0127847996033739,1.0216689109802246,72000.0
2005-10-13,1.0305530223570751,1.0305530223570751,1.0039007729516884,1.0216689109802246,83200.0
2005-10-14,1.0269989565865763,1.0269989565865763,1.0039003446418227,1.019891619682312,91900.0
2005-10-17,1.0198916595525107,1.0269989967346191,1.011007636343857,1.0269989967346191,90200.0
2005-10-18,1.0234455677311236,1.0341064484710125,1.0092309753527897,1.0163382291793823,87600.0
2005-10-19,1.0127844070955347,1.0269989967346191,1.003900383886881,1.0269989967346191,54500.0
2005-10-20,1.0305533047170263,1.0341069332963877,1.0056778199363092,1.0127850770950317,44300.0
2005-10-21,1.0056775456826765,1.0252225399017334,1.0056775456826765,1.0252225399017334,65900.0
2005-10-24,1.0216691104570468,1.041214108467102,1.0216691104570468,1.041214108467102,45900.0
2005-10-25,1.0323302739081057,1.0465447909417478,1.0234462431246818,1.0394375324249268,38000.0
2005-10-26,1.039437131918297,1.0483212440037788,1.030553104557987,1.0376603603363037,23100.0
2005-10-27,1.041213501648571,1.0429902724002489,1.021668515029321,1.0269989967346191,27700.0
2005-10-28,1.023445889242493,1.0358835449836945,1.023445889242493,1.0323299169540405,14500.0
2005-10-31,1.0376605991836447,1.0500982572959965,1.0305533417693888,1.0447678565979004,38500.0
2005-11-01,1.0412143894167343,1.0429911616833374,1.0305535016415028,1.0394375324249268,37900.0
2005-11-02,1.0358836679058394,1.0572054386138916,1.0358836679058394,1.0572054386138916,36700.0
2005-11-03,1.0572051585385287,1.0678661257934312,1.0572051585385287,1.058982014656067,61700.0
2005-11-04,1.067866325378418,1.067866325378418,1.0500980997827953,1.067866325378418,68000.0
2005-11-07,1.0696429014205933,1.0731965289445753,1.066089273896611,1.0696429014205933,24100.0
2005-11-08,1.0823771732119245,1.0896536517038478,1.0605477377361552,1.0641859769821167,107100.0
2005-11-09,1.0751001230756885,1.0769192851026308,1.0660045731682364,1.0678236484527588,58600.0
2005-11-10,1.0641855889382765,1.075100302696228,1.062366513349835,1.075100302696228,30500.0
2005-11-11,1.0714621549545575,1.078738631405603,1.0678239167290347,1.0769195556640625,28600.0
2005-11-14,1.075100302696228,1.0787385406155452,1.0732812271077865,1.075100302696228,36900.0
2005-11-15,1.0732814978856693,1.0823770516074598,1.069643259048462,1.069643259048462,23200.0
2005-11-16,1.0623666048049927,1.07510039524759,1.0623666048049927,1.0623666048049927,24900.0
2005-11-17,1.066004753112793,1.073281228964012,1.0641855907787712,1.066004753112793,51800.0
2005-11-18,1.0696436095574733,1.0787391662597656,1.0641862061421103,1.0787391662597656,83900.0
2005-11-21,1.0841960025256612,1.0841960025256612,1.069643050020743,1.0732812881469727,114700.0
2005-11-22,1.0732812881469727,1.076919526273202,1.0678238875864088,1.0732812881469727,91700.0
2005-11-23,1.0805577643994315,1.0823768400913267,1.0678238875864088,1.0732812881469727,84400.0
2005-11-25,1.0751004512717433,1.0841960906982422,1.0751004512717433,1.0841960906982422,27400.0
2005-11-28,1.0823766282119403,1.0823766282119403,1.0714619159698486,1.0714619159698486,59900.0
2005-11-29,1.0714621549545575,1.0841960321151083,1.069643079213017,1.0769195556640625,47300.0
2005-11-30,1.0714620656035303,1.0751003035256546,1.0550900383251893,1.0605473518371582,77700.0
2005-12-01,1.069643050020743,1.0860150782175562,1.0605474113339497,1.0732812881469727,82600.0
2005-12-02,1.0714621549545575,1.078738631405603,1.0623666027619711,1.0769195556640625,40500.0
2005-12-05,1.060547173829829,1.0751001230756885,1.060547173829829,1.0678236484527588,59500.0
2005-12-06,1.069643050020743,1.0787386019650973,1.0678238875864088,1.0732812881469727,50300.0
2005-12-07,1.0769194066897723,1.0769194066897723,1.0532708181240507,1.0587282180786133,60800.0
2005-12-08,1.0569095046574293,1.067824222459003,1.0478139498606844,1.0496330261230469,60700.0
2005-12-09,1.0496325192791671,1.0587281564263005,1.0278030942169567,1.0459942817687988,85200.0
2005-12-12,1.0496327291459056,1.051451891636031,1.0405370901801627,1.042356252670288,101500.0
2005-12-13,1.0296223749228792,1.0441753278664272,1.0296223749228792,1.0368988513946533,62800.0
2005-12-14,1.036898613524568,1.036898613524568,1.0168883511888716,1.0278030633926392,85100.0
2005-12-15,1.020527038873263,1.0278035168863466,1.0096123218536377,1.0096123218536377,58200.0
2005-12-16,1.013250261328922,1.0168884992599487,1.002335547535842,1.0168884992599487,278600.0
2005-12-19,1.0150694877379465,1.0168886503449606,1.0005165338516235,1.0005165338516235,167300.0
2005-12-20,1.000516474812152,1.018707666096612,0.9841443592849172,0.9877825975418091,154400.0
2005-12-21,0.9877828068338207,1.00415492582999,0.9877828068338207,0.9896019697189331,104300.0
2005-12-22,0.989601818240922,1.0023356962601566,0.9877826556342681,0.9950591325759888,59500.0
2005-12-23,1.0005166868022257,1.0005166868022257,0.9877828068338207,0.9896019697189331,29800.0
2005-12-27,0.9896017600414762,0.9986973123124849,0.9823252835276923,0.9877825975418091,194500.0
2005-12-28,0.9877822408604096,0.9914204778035591,0.9786866918737412,0.9859631657600403,59900.0
2005-12-29,0.9823248973547432,0.9896013710079895,0.9823248973547432,0.9841439723968506,85000.0
2005-12-30,0.9786872526356405,0.9896019697189332,0.9768680897505281,0.9896019697189331,198900.0
2006-01-03,0.9914208941051285,0.9986973710468491,0.9786871028283411,0.9950591325759888,66300.0
2006-01-04,0.9968779990872707,1.0077927112579346,0.9950588370209492,1.0077927112579346,47900.0
2006-01-05,1.0023359566456103,1.0205271537255958,1.0023359566456103,1.0187079906463623,94100.0
2006-01-06,1.0223456056378764,1.0441750288009644,1.0187073684440282,1.0441750288009644,144200.0
2006-01-09,1.0368986446216655,1.0514516814055637,1.0350795692376935,1.0459942817687988,76900.0
2006-01-10,1.0423561049573553,1.0605472935685143,1.0350796295128917,1.0587282180786133,95800.0
2006-01-11,1.047813089137991,1.0587277979737124,1.047813089137991,1.051451325416565,53100.0
2006-01-12,1.0459947868558555,1.0550904283950668,1.0459947868558555,1.0496330261230469,32400.0
2006-01-13,1.055089890351082,1.055089890351082,1.03871777862646,1.0478134155273438,62500.0
2006-01-17,1.045994341379327,1.045994341379327,1.0368987037138393,1.0387178659439087,44000.0
2006-01-18,1.0296223172169212,1.0405370313128588,1.0241650035401708,1.0350797176361084,77400.0
2006-01-19,1.0350796861914906,1.044175237623907,1.0296222859380932,1.0405369997024536,43100.0
2006-01-20,1.0368987932808795,1.0423561937000667,1.0314414796041291,1.0350797176361084,211000.0
2006-01-23,1.0278030633926392,1.0405368509258237,1.0241648259913834,1.0278030633926392,60800.0
2006-01-24,1.0296225547790527,1.0350799564574122,1.027803478714571,1.0296225547790527,68200.0
2006-01-25,1.0332606131587663,1.0387180138838177,1.0296223749228792,1.0368988513946533,95100.0
2006-01-26,1.0332604071112972,1.0459942817687988,1.0332604071112972,1.0459942817687988,60000.0
2006-01-27,1.045994400148662,1.0623665141694374,1.045994400148662,1.0605473518371582,105800.0
2006-01-30,1.0496325507610733,1.0660046634199964,1.0496325507610733,1.0550899505615234,98900.0
2006-01-31,1.0550901283399536,1.0623666048049927,1.0550901283399536,1.0623666048049927,70300.0
2006-02-01,1.0623664258005054,1.0641855012390373,1.0496325507610733,1.0550899505615234,42100.0
2006-02-02,1.0532707567895356,1.055089918915932,1.0441751196424023,1.0459942817687988,22600.0
2006-02-03,1.045994490908097,1.0532709673837144,1.0350797761946706,1.042356252670288,49100.0
2006-02-06,1.0368987617810002,1.0496326378773042,1.0368987617810002,1.0405369997024536,30500.0
2006-02-07,1.03871810428688,1.0459945813919498,1.03144162718181,1.033260703086853,50800.0
2006-02-08,1.0350795412145912,1.0514516529392128,1.0332603791374455,1.0478134155273438,88300.0
2006-02-09,1.042355953575249,1.0550898271249254,1.042355953575249,1.0441750288009644,67500.0
2006-02-10,1.0441753278664272,1.0496327285914786,1.0332606131587663,1.0368988513946533,57300.0
2006-02-13,1.033260406292259,1.0423560434321824,1.031441330909729,1.031441330909729,66600.0
2006-02-14,1.0296221417255764,1.0478134155273438,1.0296221417255764,1.0478134155273438,26500.0
2006-02-15,1.042355953575249,1.0459941907690968,1.0350794791875528,1.0441750288009644,51400.0
2006-02-16,1.0423565475886643,1.0496330261230469,1.0405373845838355,1.0496330261230469,56000.0
2006-02-17,1.0459942534501983,1.055089890351082,1.0405368539611837,1.0478134155273438,66100.0
2006-02-21,1.0478133527372293,1.053270665156793,1.0368985544132683,1.0441750288009644,45700.0
2006-02-22,1.0423562506069306,1.056909203529358,1.0405370881204064,1.056909203529358,74600.0
2006-02-23,1.0550895616951386,1.0623660342522863,1.0459939276275065,1.051451325416565,57300.0
2006-02-24,1.0550904283950668,1.0605477439246207,1.0478139498606844,1.0496330261230469,72500.0
2006-02-27,1.051452182992484,1.0660051399763304,1.051452182992484,1.0641859769821167,97500.0
2006-02-28,1.0550899803563814,1.062366455800845,1.049632580401819,1.0587282180786133,131300.0
2006-03-01,1.0475047847425347,1.0662102098068742,1.0456342868333521,1.0624691247940063,54600.0
2006-03-02,1.0512460320116477,1.0662103743728146,1.0512460320116477,1.0643398761749268,48200.0
2006-03-03,1.0605984318131885,1.0662100137031234,1.0549867607287677,1.0568573474884033,42300.0
2006-03-06,1.0624694839179958,1.064340071653956,1.0512462250858323,1.0549873113632202,84600.0
2006-03-07,1.0475047826766968,1.0568575397876727,1.0475047826766968,1.0475047826766968,37100.0
2006-03-08,1.045634388923645,1.0531165596799008,1.038152218167389,1.045634388923645,44500.0
2006-03-09,1.0456340284137025,1.0531161965902833,1.0381518602371216,1.0381518602371216,45200.0
2006-03-10,1.040022894601166,1.0493756542475423,1.040022894601166,1.041893482208252,13800.0
2006-03-13,1.0418936157276177,1.0512462873780188,1.0418936157276177,1.0437641143798828,31100.0
2006-03-14,1.0437639200876272,1.05685776499427,1.0418934217835476,1.0531166791915894,40400.0
2006-03-15,1.0568576456606933,1.0662103145140909,1.0493754749001707,1.0605987310409546,97800.0
2006-03-16,1.0512459729930457,1.0662103145140909,1.0512459729930457,1.0605987310409546,85500.0
2006-03-17,1.0549869547682706,1.0718218819234273,1.0549869547682706,1.0624691247940063,83300.0
2006-03-20,1.0718216847875441,1.0736921823526937,1.0568573474884033,1.0568573474884033,63400.0
2006-03-21,1.0662101492608862,1.0662101492608862,1.0568574818570697,1.0587279796600342,48300.0
2006-03-22,1.0568576456606933,1.0699513998943522,1.0568576456606933,1.0605987310409546,69200.0
2006-03-23,1.062469288782523,1.0662103743728146,1.0587282031922312,1.0643398761749268,71400.0
2006-03-24,1.0605987313369984,1.0680809020996094,1.05872814404909,1.0680809020996094,66700.0
2006-03-27,1.0624690644604602,1.0680807362583478,1.0568574818570697,1.0587279796600342,70800.0
2006-03-28,1.0568576002371277,1.0643397706760678,1.051245927810669,1.051245927810669,41800.0
2006-03-29,1.054987058373307,1.0662103145140909,1.054987058373307,1.0605987310409546,48800.0
2006-03-30,1.0624691247940063,1.0680807969105595,1.0587280397811385,1.0624691247940063,66700.0
2006-03-31,1.0568574818570697,1.0680807362583478,1.0549868948596082,1.0587279796600342,47000.0
2006-04-03,1.0643401289137895,1.0718223018710944,1.0624695410771947,1.0662106275558472,69100.0
2006-04-04,1.0587284545985423,1.0699517140344996,1.0587284545985423,1.0662106275558472,43900.0
2006-04-05,1.060598908425009,1.071822166442871,1.060598908425009,1.071822166442871,43900.0
2006-04-06,1.073692664848585,1.073692664848585,1.064339994430963,1.071822166442871,38000.0
2006-04-07,1.0718223018710944,1.0736928005131519,1.0605990424351373,1.0662106275558472,57400.0
2006-04-10,1.05872814404909,1.0699514001930066,1.05872814404909,1.0680809020996094,72200.0
2006-04-11,1.064340071653956,1.0680811579313438,1.0512462250858323,1.0549873113632202,74700.0
2006-04-12,1.0643396514579218,1.0662101492608862,1.0493753122562177,1.0587279796600342,43800.0
2006-04-13,1.0587281437535683,1.0605987310409546,1.0475048876127844,1.0605987310409546,53300.0
2006-04-17,1.0680810224023118,1.0680810224023118,1.0437639200876272,1.0531166791915894,73400.0
2006-04-18,1.054987308412828,1.0699516534805298,1.0531168098766315,1.0699516534805298,76900.0
2006-04-19,1.066210152156174,1.075562908779885,1.062469067345589,1.0736923217773438,62400.0
2006-04-20,1.0755635330216733,1.0830457069853905,1.0736929449334693,1.0811752080917358,76500.0
2006-04-21,1.0830455431266686,1.0830455431266686,1.0736927824897677,1.0793044567108154,66800.0
2006-04-24,1.0774334957824263,1.0774334957824263,1.0605985695375453,1.0736923217773438,73600.0
2006-04-25,1.0699517140344996,1.0718223018710944,1.0568579559564848,1.0662106275558472,60500.0
2006-04-26,1.0643398761749268,1.0643398761749268,1.0587282031922312,1.0643398761749268,57500.0
2006-04-27,1.0605989824104824,1.0699516534805298,1.0568578961435569,1.0699516534805298,39100.0
2006-04-28,1.0662103743728146,1.0662103743728146,1.0568577049943433,1.0643398761749268,39200.0
2006-05-01,1.0587280397811385,1.0643397118976916,1.0549869547682706,1.0624691247940063,65700.0
2006-05-02,1.0624692291338296,1.0624692291338296,1.053116560280432,1.0605987310409546,56100.0
2006-05-03,1.0512456764039826,1.0568573474884033,1.0475045920791974,1.0568573474884033,52700.0
2006-05-04,1.058728397640608,1.0624694839179958,1.0512462250858323,1.0549873113632202,48700.0
2006-05-05,1.05872814404909,1.0699514001930066,1.051245973286479,1.0680809020996094,89800.0
2006-05-08,1.0662105672136044,1.0736927397474552,1.0568578961435569,1.0699516534805298,116800.0
2006-05-09,1.075563252448825,1.075563252448825,1.060598908425009,1.071822166442871,34800.0
2006-05-10,1.0718220473555102,1.075563132945802,1.0587282031922312,1.0643398761749268,77900.0
2006-05-11,1.0605989853765683,1.064340071653956,1.0475051388084446,1.0549873113632202,36300.0
2006-05-12,1.0643399983261232,1.0643399983261232,1.0381523961886066,1.041893482208252,50900.0
2006-05-15,1.036281705136389,1.041893378202944,1.0250584481977967,1.0287995338439941,54600.0
2006-05-16,1.0344115246170227,1.0344115246170227,1.011964914651127,1.0194470882415771,108000.0
2006-05-17,1.0157056901927817,1.0157056901927817,0.9970002619487605,1.0063530206680298,111700.0
2006-05-18,1.0213173778395812,1.0213173778395812,0.9988708636263972,1.0157057046890259,50300.0
2006-05-19,1.010094106316834,1.0157056901927817,0.991388678072813,1.0063530206680298,102000.0
2006-05-22,1.0007411686881822,1.0007411686881822,0.9745535738282892,0.9988706707954407,83200.0
2006-05-23,1.0063530211531508,1.0063530211531508,0.9876475929001125,0.9913886785507202,82300.0
2006-05-24,0.9876471999094395,0.9876471999094395,0.9539773532568845,0.972682774066925,175900.0
2006-05-25,0.9876475930213927,0.9876475930213927,0.972683161222607,0.9876475930213928,79800.0
2006-05-26,0.9970003956305817,1.0007414817810059,0.9895182233297336,1.0007414817810059,68300.0
2006-05-30,0.9988708499745939,0.9988708499745939,0.9745537486453993,0.9876475930213928,96300.0
2006-05-31,0.9934232755015596,0.9991990327835084,0.9837971357683752,0.9991990327835083,39800.0
2006-06-01,0.9972736421900237,1.0088250637054443,0.9914979773335821,1.0088250637054443,44500.0
2006-06-02,1.010750398955265,1.0184513470316732,1.0011241679584837,1.0146008729934692,69700.0
2006-06-05,1.0184514729487437,1.0184514729487437,0.9895728681905123,0.993423342704773,83200.0
2006-06-06,0.9895722588407289,0.9895722588407289,0.9722451800973436,0.9837965965270996,56700.0
2006-06-07,0.9741704415405584,0.9895723312404086,0.9722452512293291,0.9799461960792542,70700.0
2006-06-08,0.9664702171429952,0.9799469265777891,0.9529935077082012,0.9760964512825012,81200.0
2006-06-09,0.9857222464884531,0.9857222464884531,0.9626194028526003,0.9722456336021423,43100.0
2006-06-12,0.9645446401908148,0.9703203049258594,0.952993127115654,0.9606940746307373,61300.0
2006-06-13,0.9568435368765726,0.9568435368765726,0.9241145580277506,0.931815505027771,133500.0
2006-06-14,0.9356662114042595,0.9414418771905063,0.9183390304404141,0.9298904538154602,96900.0
2006-06-15,0.9395165418880128,0.9529931545257567,0.92989031131602,0.9529931545257568,67300.0
2006-06-16,0.9510679565289462,0.9606940952279158,0.93951653500866,0.958768904209137,73900.0
2006-06-19,0.968395141801453,0.968395141801453,0.9491426806574673,0.9529931545257568,65300.0
2006-06-20,0.9529931018230605,0.9606940491337596,0.9491426281677111,0.954918384552002,65500.0
2006-06-21,0.956843844670999,0.9664700774188247,0.9529933699323806,0.9626196026802063,69400.0
2006-06-22,0.9626196026802063,0.9703205521574432,0.956843844670999,0.9626196026802063,79500.0
2006-06-23,0.9626193574107761,0.9683951139483565,0.952993127115654,0.9606940746307373,59700.0
2006-06-26,0.9626194028526003,0.9722456336021423,0.9587689289132915,0.9722456336021423,47200.0
2006-06-27,0.9722459467523825,0.9780216136203574,0.9626197129023313,0.968395471572876,106500.0
2006-06-28,0.9606941199816759,0.9741708246705266,0.9587689289132915,0.9722456336021423,65400.0
2006-06-29,0.9664697704613524,0.9857221380397598,0.9664697704613524,0.9818716645240784,61100.0
2006-06-30,0.9953486258631801,0.9972738172190335,0.9876476768346589,0.993423342704773,51800.0
2006-07-03,0.983796513391697,0.9991984006631734,0.983796513391697,0.9914974570274353,41900.0
2006-07-05,0.9914980005802558,0.9914980005802558,0.9780212959283546,0.9857222437858582,45800.0
2006-07-06,0.9895722588407289,0.9895722588407289,0.9760956522405956,0.9837965965270996,34000.0
2006-07-07,0.9837965965270996,0.9876470686703516,0.9722451800973436,0.9837965965270996,43800.0
2006-07-10,0.9857225936194348,0.9857225936194348,0.9587692665524193,0.9760964512825012,61200.0
2006-07-11,0.9645450253966374,0.978021643028859,0.9645450253966374,0.9760964512825012,60000.0
2006-07-12,0.9703201374914935,0.9780210836777339,0.9549182451190126,0.9568434357643127,95200.0
2006-07-13,0.9529930692265817,0.960694016273875,0.9395164577950835,0.9472174048423767,83200.0
2006-07-14,0.9395166492953378,0.9529932634737539,0.929890417622856,0.9433671236038208,83500.0
2006-07-17,0.933740496635437,0.9414414419922337,0.9298900239570387,0.933740496635437,39000.0
2006-07-18,0.9318153061974929,0.9375909693138353,0.9144881332434455,0.933740496635437,50500.0
2006-07-19,0.929890417622856,0.9549185465292698,0.929890417622856,0.9433671236038208,104500.0
2006-07-20,0.9549181369465831,0.9587686096035246,0.9375909640890916,0.9395162463188171,95100.0
2006-07-21,0.9356657788758912,0.9356657788758912,0.9241143608406963,0.933740496635437,55700.0
2006-07-24,0.9318154713617828,0.9395164180835721,0.9318154713617828,0.9375911355018616,43100.0
2006-07-25,0.9433671236038209,0.9433671236038209,0.9337408919313389,0.9433671236038208,42600.0
2006-07-26,0.945292082223651,0.945292082223651,0.9356659447226774,0.9375911355018616,55300.0
2006-07-27,0.9414414419922337,0.9433667242326879,0.933740496635437,0.933740496635437,29400.0
2006-07-28,0.9318157006783719,0.9433671236038209,0.9318157006783719,0.9433671236038208,57600.0
2006-07-31,0.9414418935775757,0.9472176512669098,0.939516702216167,0.9414418935775757,83600.0
2006-08-01,0.9356662276907955,0.9414418935775757,0.9318157531654241,0.9414418935775757,50100.0
2006-08-02,0.9356657736618756,0.9472171916327001,0.9356657736618756,0.9395162463188171,67600.0
2006-08-03,0.9337410333256388,0.951068216238903,0.9337410333256388,0.9491429328918457,80900.0
2006-08-04,0.968395162788238,0.968395162788238,0.9491427012270184,0.9510679841041565,87500.0
2006-08-07,0.9472175979123039,0.9510680722207868,0.9433671236038209,0.9433671236038208,44100.0
2006-08-08,0.9433667189757586,0.9472171916327001,0.9395162463188171,0.9395162463188171,76100.0
2006-08-09,0.945291801701385,0.9491422739196239,0.9356656670570374,0.9356656670570374,87300.0
2006-08-10,0.933740662140967,0.9433668914444668,0.9318154713617828,0.9375911355018616,59700.0
2006-08-11,0.9337404914321502,0.9414414367460331,0.9318153010049341,0.9395162463188171,57100.0
2006-08-14,0.9452923148567879,0.9529932634737539,0.937591366239822,0.9433671236038208,44800.0
2006-08-15,0.9452920164849521,0.9568434357643127,0.9433668258396519,0.9568434357643127,57900.0
2006-08-16,0.956843844670999,0.9664700774188247,0.9529933699323806,0.9626196026802063,93100.0
2006-08-17,0.9626197129023313,0.9703206632613444,0.9568439542317867,0.968395471572876,111600.0
2006-08-18,0.9664701880818378,0.968395471572876,0.9626197129023313,0.968395471572876,77200.0
2006-08-21,0.968395471572876,0.968395471572876,0.9626197129023313,0.968395471572876,67000.0
2006-08-22,0.968395471572876,0.968395471572876,0.9645449963933694,0.968395471572876,47600.0
2006-08-23,0.9683950473571201,0.9703202382022382,0.962619291216707,0.9664697647094727,59900.0
2006-08-24,0.9645445738643545,0.9683950473571201,0.9606940085690594,0.9664697647094727,77700.0
2006-08-25,0.9645445738643545,0.9664697647094727,0.962619291216707,0.9664697647094727,77700.0
2006-08-28,0.9645449963933694,0.9703206632613444,0.9626197129023313,0.968395471572876,121800.0
2006-08-29,0.9683950473571201,0.9703202382022382,0.9645445738643545,0.9664697647094727,90400.0
2006-08-30,1.0072492361068726,1.0092881515910006,0.9970543670098009,1.0072492361068726,92200.0
2006-08-31,1.0174441863536752,1.0174441863536752,0.997054541810359,1.0052103996276855,49800.0
2006-09-01,1.0052101207966482,1.013365976351656,1.0031712055206299,1.0031712055206299,26400.0
2006-09-05,1.0092881515910006,1.0133660797847337,1.0031713079131395,1.0072492361068726,47600.0
2006-09-06,1.0072493276885044,1.0072493276885044,0.9970544576644897,0.9970544576644897,50300.0
2006-09-07,0.9970548132846818,0.9970548132846818,0.9868600368499756,0.9868600368499756,97300.0
2006-09-08,0.9868592751111714,1.001131970548029,0.9868592751111714,0.9990930557250977,60600.0
2006-09-11,0.986859467826772,1.0011321660508266,0.9848204553802129,0.9950153231620789,78300.0
2006-09-12,0.9929763374641365,1.0072491332981337,0.9929763374641365,1.0031712055206299,86800.0
2006-09-13,1.0052100881939416,1.0133659434844247,1.0011321605487002,1.0113270282745361,98800.0
2006-09-14,1.0011321605487002,1.0113270282745361,1.0011321605487002,1.0113270282745361,82600.0
2006-09-15,1.0174438953399658,1.023560835566114,1.0133659675976892,1.0174438953399658,103900.0
2006-09-18,1.019482970237732,1.023560898229664,1.0092881016451656,1.019482970237732,100900.0
2006-09-19,1.0215218796340813,1.0215218796340813,1.0133659272488043,1.0154049396514893,65000.0
2006-09-20,1.0154051041618728,1.0235609606430542,1.0133660914288383,1.021522045135498,104700.0
2006-09-21,1.023560898229664,1.023560898229664,1.0154050422457999,1.019482970237732,48300.0
2006-09-22,1.0194828043590785,1.0194828043590785,1.0133658647537231,1.0133658647537231,115900.0
2006-09-25,1.0174438548287115,1.0235607948113035,1.007249084491675,1.0154049396514893,129600.0
2006-09-26,1.0194834286263585,1.0256003719773437,1.0154054988008736,1.0235613584518433,126800.0
2006-09-27,1.0194831341376998,1.0276389914327624,1.0194831341376998,1.0256000757217407,121500.0
2006-09-28,1.0255997023080388,1.0357944716022784,1.0215217751452523,1.0296776294708252,105900.0
2006-09-29,1.0276390755998972,1.0357949335629524,1.0276390755998972,1.0337560176849365,91600.0
2006-10-02,1.0276389914327624,1.0337559330168034,1.023561062785231,1.0256000757217407,85000.0
2006-10-03,1.0194834286263585,1.0296783018028286,1.0194834286263585,1.0235613584518433,98600.0
2006-10-04,1.023560612244909,1.0337554779890106,1.021521697431356,1.0317164659500122,63200.0
2006-10-05,1.02763911509689,1.035794973373413,1.02763911509689,1.035794973373413,64200.0
2006-10-06,1.0317164659500122,1.0378334048415623,1.029677551136459,1.0317164659500122,61000.0
2006-10-09,1.0317170442351515,1.0378339865552937,1.0317170442351515,1.035794973373413,54100.0
2006-10-10,1.0357945430322348,1.0419114828109741,1.0337556279229612,1.0419114828109741,56000.0
2006-10-11,1.0398726060183463,1.04395053399389,1.031716750067259,1.0378336906433105,52400.0
2006-10-12,1.0398726915274565,1.0500675609173795,1.03783377598476,1.0459896326065063,100100.0
2006-10-13,1.0439507611554404,1.0541456319254185,1.0419118453367406,1.0521066188812256,72600.0
2006-10-16,1.050067747088213,1.0602625210601293,1.050067747088213,1.0582236051559448,105900.0
2006-10-17,1.0602620592154186,1.0602620592154186,1.0480282774427934,1.0541452169418335,68500.0
2006-10-18,1.0561841319578769,1.0582231441993752,1.0480282774427934,1.0541452169418335,54400.0
2006-10-19,1.054145352556332,1.0561842678346796,1.0480284122703551,1.05006742477417,88800.0
2006-10-20,1.0459898749411032,1.0582236627080428,1.0459898749411032,1.0561846494674683,98600.0
2006-10-23,1.0561841319578769,1.0561841319578769,1.0500672896842917,1.0541452169418335,62200.0
2006-10-24,1.0500678041967497,1.0561846494674683,1.0500678041967497,1.0561846494674683,72200.0
2006-10-25,1.0521062293014731,1.0602620840072632,1.0521062293014731,1.0602620840072632,117600.0
2006-10-26,1.0623011993320268,1.0643401145935059,1.0582232715836022,1.0643401145935059,74200.0
2006-10-27,1.0582235875668127,1.066379445498983,1.0561845744710223,1.062301516532898,81500.0
2006-10-30,1.0602622324459583,1.0745350287920377,1.0582233170967876,1.070457100868225,149500.0
2006-10-31,1.0684181503797323,1.0724961757659912,1.06434022221895,1.0724961757659912,185400.0
2006-11-01,1.0663791270804515,1.0745349825773007,1.0602621868450812,1.0643401145935059,152900.0
2006-11-02,1.0602625034371074,1.062301516532898,1.0582235875668127,1.062301516532898,68200.0
2006-11-03,1.0602621868450812,1.0684180423419305,1.0602621868450812,1.0643401145935059,50600.0
2006-11-06,1.0704572649163553,1.0765742063522339,1.0643403234804767,1.0765742063522339,60900.0
2006-11-07,1.0765737703676246,1.0806516972649265,1.0724958434703225,1.0786126852035522,101100.0
2006-11-08,1.0807072577292312,1.0890848256287997,1.0744241317387981,1.0828016996383667,82600.0
2006-11-09,1.0807072577292312,1.086990483588151,1.0786129156885824,1.0828016996383667,49700.0
2006-11-10,1.0786127172306879,1.0890846252441406,1.0786127172306879,1.0890846252441406,52300.0
2006-11-13,1.0807076410008283,1.0953684399587509,1.0807076410008283,1.0932739973068237,69400.0
2006-11-14,1.0932736802390235,1.1142177012100858,1.0869905538424995,1.1079344749450684,82200.0
2006-11-15,1.1016511766103823,1.1121230855930362,1.1016511766103823,1.1100287437438965,75500.0
2006-11-16,1.1058403616827248,1.116312274467493,1.1058403616827248,1.1121234893798828,135300.0
2006-11-17,1.1100290451284593,1.1163121722502913,1.09536824873001,1.1037458181381226,49900.0
2006-11-20,1.1121233415225271,1.114217783722132,1.1016514301300049,1.1016514301300049,55300.0
2006-11-21,1.1016511766103823,1.1100287437438965,1.0995567348927648,1.1100287437438965,27700.0
2006-11-22,1.1058401809854916,1.1184065341949463,1.1058401809854916,1.1184065341949463,73900.0
2006-11-24,1.1163123751562145,1.120501160621643,1.1163123751562145,1.120501160621643,26900.0
2006-11-27,1.1225950944441678,1.1225950944441678,1.1100287437438965,1.1100287437438965,55100.0
2006-11-28,1.110028854982895,1.1163119810284408,1.0995568450823345,1.1142176389694214,82500.0
2006-11-29,1.1142180323577617,1.1288787315525002,1.1100292468923332,1.120501160621643,84600.0
2006-11-30,1.1163121291347553,1.1267841404246859,1.1100290022555979,1.1246896982192993,59300.0
2006-12-01,1.1184068178231903,1.1246899460870716,1.1163123751562145,1.120501160621643,71800.0
2006-12-04,1.12259565818502,1.1267844438552856,1.1142180868444884,1.1267844438552856,109300.0
2006-12-05,1.120501215415623,1.1288787867561545,1.1163124297453573,1.1267844438552856,80200.0
2006-12-06,1.118406618592194,1.1351617574691772,1.118406618592194,1.1351617574691772,87000.0
2006-12-07,1.1393504940515018,1.1393504940515018,1.1225953558824138,1.1246896982192993,68800.0
2006-12-08,1.1205014420619734,1.135162244807641,1.1205014420619734,1.1309734582901,52200.0
2006-12-11,1.1309730180808426,1.1393505878551184,1.1267842331937048,1.137256145477295,145900.0
2006-12-12,1.137256145477295,1.1393505878551184,1.1309730180808426,1.137256145477295,42000.0
2006-12-13,1.1351617574691772,1.1393505421884231,1.1267841880306857,1.1351617574691772,66800.0
2006-12-14,1.1309733636382218,1.1435397221391583,1.1309733636382218,1.141445279121399,79500.0
2006-12-15,1.141445279121399,1.147728508306137,1.1351621498052007,1.141445279121399,69800.0
2006-12-18,1.1351621498052007,1.1498228514553566,1.1351621498052007,1.141445279121399,56500.0
2006-12-19,1.1372558532272359,1.1414446370379474,1.128878285605813,1.1393502950668335,86500.0
2006-12-20,1.1372562834447233,1.1393507260766365,1.1288787126541138,1.1288787126541138,61800.0
2006-12-21,1.1267844438552856,1.1330675724264203,1.1184068725147542,1.1267844438552856,74900.0
2006-12-22,1.1225954294204712,1.1288785567112185,1.1121234174445487,1.1225954294204712,28200.0
2006-12-26,1.1142180323577617,1.1246899460870716,1.112123589690786,1.120501160621643,79800.0
2006-12-27,1.1184066446038037,1.133067341527886,1.1184066446038037,1.1225954294204712,159600.0
2006-12-28,1.1184068725147542,1.1309732295255515,1.1163124297453573,1.1267844438552856,80300.0
2006-12-29,1.1267841404246859,1.1330672673038433,1.1225953558824138,1.1246896982192993,111800.0
2007-01-03,1.1309729990538062,1.133067341527886,1.1225954294204712,1.1225954294204712,72400.0
2007-01-04,1.124689927258809,1.1330674980494184,1.1184067991001125,1.1288787126541138,102500.0
2007-01-05,1.1246896608654249,1.1267841030012495,1.1163120920591216,1.1184065341949463,44300.0
2007-01-08,1.1163122022612162,1.1225954294204712,1.1142178597871362,1.1225954294204712,49500.0
2007-01-09,1.1225953558824138,1.1267841404246859,1.1163121291347553,1.1246896982192993,51300.0
2007-01-10,1.1225953558824138,1.1267841404246859,1.1184065713401419,1.1246896982192993,51500.0
2007-01-11,1.1205009610175642,1.1351617574691772,1.1205009610175642,1.1351617574691772,112900.0
2007-01-12,1.1330670694165246,1.1393502950668335,1.1330670694165246,1.1393502950668335,65000.0
2007-01-16,1.1477279010006989,1.1519166849512366,1.137255891190111,1.1456334590911865,110800.0
2007-01-17,1.1519166849512366,1.1540111268607491,1.1414446751406488,1.1456334590911865,91900.0
2007-01-18,1.1519169264030003,1.1686720657171736,1.147728141574457,1.1540113687515259,210200.0
2007-01-19,1.151916742324829,1.156105526483998,1.1435391740064915,1.151916742324829,121400.0
2007-01-22,1.151917294473116,1.1540117374908752,1.1393509359721794,1.141445279121399,100000.0
2007-01-23,1.141444384420978,1.149821950188333,1.141444384420978,1.147727608680725,50400.0
2007-01-24,1.1519169264030003,1.1623889384086126,1.147728141574457,1.1540113687515259,41800.0
2007-01-25,1.1561060806400947,1.1602948668070736,1.141445279121399,1.141445279121399,70200.0
2007-01-26,1.141444384420978,1.149821950188333,1.13935004291337,1.147727608680725,39100.0
2007-01-29,1.1435394017791434,1.1561057567596436,1.1435394017791434,1.1561057567596436,63600.0
2007-01-30,1.1540113964040808,1.1644833087921143,1.1540113964040808,1.1644833087921143,66900.0
2007-01-31,1.1623884439468384,1.168671568582657,1.1561052194425543,1.1623884439468384,104700.0
2007-02-01,1.162388903411611,1.177049599935857,1.162388903411611,1.1707664728164673,57000.0
2007-02-02,1.1623890127526437,1.1791441531384417,1.1623890127526437,1.1749553680419922,43300.0
2007-02-05,1.174955048437161,1.1875214003082792,1.174955048437161,1.1812381744384766,87500.0
2007-02-06,1.181238459750718,1.2000880420445017,1.1791441172005814,1.1917104721069336,173000.0
2007-02-07,1.1917104721069336,1.2189376243382855,1.1917104721069336,1.1917104721069336,70200.0
2007-02-08,1.1938046216964722,1.2000878480683146,1.1875214951931248,1.1938046216964722,84800.0
2007-02-09,1.1875214003082792,1.1958989682223582,1.1812381744384766,1.1812381744384766,69100.0
2007-02-12,1.1749552943581931,1.1812384216745826,1.1686720671732955,1.1770496368408203,95100.0
2007-02-13,1.174955048437161,1.1812381744384766,1.1707662644801216,1.1812381744384766,51400.0
2007-02-14,1.1749544030874868,1.1896150889504251,1.1749544030874868,1.1833319664001465,73600.0
2007-02-15,1.1833329382280553,1.1979936361312866,1.1833329382280553,1.1979936361312866,39800.0
2007-02-16,1.189616065938436,1.1979936361312866,1.1875217233244806,1.1979936361312866,39400.0
2007-02-20,1.1938045677191766,1.1979933518215127,1.1854269995145044,1.1958990097045898,75800.0
2007-02-21,1.189616484615689,1.204277287547202,1.1875221412646437,1.2000885009765625,109500.0
2007-02-22,1.1958990097045898,1.2021821359238487,1.1917102256022538,1.1958990097045898,85800.0
2007-02-23,1.1958995216570982,1.202182650566101,1.1875219498660723,1.202182650566101,72800.0
2007-02-26,1.1938045516876035,1.2105597877404328,1.1938045516876035,1.2042765617370605,87600.0
2007-02-27,1.2042769761935455,1.2042769761935455,1.1519171076633912,1.179144263267517,209200.0
2007-02-28,1.1812959909439087,1.1834477633991247,1.1619305518577538,1.1812959909439087,126600.0
2007-03-01,1.1597785644328877,1.1705372195104917,1.129654473858591,1.166233777999878,96300.0
2007-03-02,1.1619303532781826,1.1640820227635098,1.151171698045125,1.15547513961792,88600.0
2007-03-05,1.1533234563268469,1.161930339369409,1.1361096902417227,1.1511716842651367,99500.0
2007-03-06,1.1447167788308554,1.1576271057128906,1.1425650063827708,1.1576271057128906,71600.0
2007-03-07,1.1468678276779196,1.159778147569355,1.1468678276779196,1.1490195989608765,51300.0
2007-03-08,1.161930799484253,1.172689356246684,1.1490204698080275,1.161930799484253,66600.0
2007-03-09,1.1619299952313984,1.1748403159714895,1.1619299952313984,1.1705368757247925,90400.0
2007-03-12,1.1705373840069218,1.1726890537635348,1.1619304997761626,1.1640821695327759,71500.0
2007-03-13,1.1576264788885002,1.161929918852312,1.1447161589970647,1.1490195989608765,44300.0
2007-03-14,1.1296541554197579,1.1468679166098168,1.1296541554197579,1.1404128074645996,128300.0
2007-03-15,1.140412912013143,1.151171462442176,1.136109471321106,1.136109471321106,110500.0
2007-03-16,1.1447162477621144,1.1533231283571437,1.1318059268695704,1.1404128074645996,128700.0
2007-03-19,1.1619301745539468,1.1619301745539468,1.1490198518213848,1.1533232927322388,148800.0
2007-03-20,1.1533236023816769,1.1662339285804604,1.1511718300474703,1.1597787141799927,127000.0
2007-03-21,1.161930185928878,1.1834473906937946,1.161930185928878,1.1769921779632568,155000.0
2007-03-22,1.17699202986485,1.1899024537014342,1.1726885894533594,1.183447241783142,116600.0
2007-03-23,1.183447109825646,1.2006608695522283,1.183447109825646,1.1942057609558105,147200.0
2007-03-26,1.1812957062497773,1.1985095739364624,1.1812957062497773,1.1985095739364624,118300.0
2007-03-27,1.1899025873949236,1.202812910079956,1.172688721212756,1.202812910079956,153600.0
2007-03-28,1.187750831646778,1.198509485330299,1.1769921779632568,1.1769921779632568,107300.0
2007-03-29,1.1812959593820636,1.1942063885641032,1.168385632802179,1.1877511739730835,100100.0
2007-03-30,1.1877506671442795,1.1899024386238153,1.170536905716438,1.1791437864303589,174600.0
2007-04-02,1.1726887976074103,1.1791440106715128,1.1726887976074103,1.1748405694961548,47100.0
2007-04-03,1.1791442320208148,1.1877511159872174,1.1769924597281392,1.185599446296692,62300.0
2007-04-04,1.181295559943195,1.1899025440216064,1.181295559943195,1.1899025440216064,79800.0
2007-04-05,1.187750593190407,1.192054033279419,1.1834471531013955,1.192054033279419,65200.0
2007-04-09,1.1877507723514733,1.1963576538277643,1.185599103283461,1.1899025440216064,48700.0
2007-04-10,1.1855988810925193,1.1942057609558105,1.1855988810925193,1.1942057609558105,76800.0
2007-04-11,1.1942058046249773,1.1942058046249773,1.1855989244469538,1.192054033279419,61600.0
2007-04-12,1.1877511739730835,1.1942063885641032,1.1877511739730835,1.1877511739730835,64700.0
2007-04-13,1.1942061326653244,1.1985095739364624,1.1899026913941864,1.1985095739364624,43900.0
2007-04-16,1.1963578739060508,1.2071165290316035,1.1963578739060508,1.2049647569656372,100100.0
2007-04-17,1.2049645792263994,1.2114197918699776,1.2006611383313885,1.202812910079956,42800.0
2007-04-18,1.1963578739060508,1.2092681984954305,1.1963578739060508,1.2049647569656372,78500.0
2007-04-19,1.2092681258132407,1.2092681258132407,1.1985095739364624,1.1985095739364624,122200.0
2007-04-20,1.2092674703828477,1.217874348260143,1.2049640314442,1.215722680091858,119100.0
2007-04-23,1.215722680091858,1.217874348260143,1.2049640314442,1.215722680091858,125600.0
2007-04-24,1.2135709093214953,1.217874348260143,1.2092674703828477,1.215722680091858,64300.0
2007-04-25,1.2028129670950873,1.2200267314910889,1.2028129670950873,1.2200267314910889,137500.0
2007-04-26,1.2200267314910889,1.2221784007395244,1.2135715185415237,1.2200267314910889,52100.0
2007-04-27,1.2157235010487886,1.2178751706700588,1.2092682869806846,1.2114200592041016,62100.0
2007-04-30,1.215723306142326,1.2243301884518327,1.2092680931091309,1.2092680931091309,132700.0
2007-05-01,1.2135717288253718,1.2135717288253718,1.1985097336700403,1.2114200592041016,105200.0
2007-05-02,1.2135719316673805,1.2221788167953491,1.2135719316673805,1.2221788167953491,64900.0
2007-05-03,1.2221784007395244,1.2264818418385248,1.2157232903920885,1.2200267314910889,87800.0
2007-05-04,1.2200274815708305,1.2350894833764705,1.2200274815708305,1.2329378128051758,91300.0
2007-05-07,1.226482179079805,1.2372408360866387,1.226482179079805,1.2350890636444092,76900.0
2007-05-08,1.2329367552209611,1.237240195274353,1.2243298751141776,1.237240195274353,146100.0
2007-05-09,1.2328220290326541,1.2549155930143387,1.2284033162363173,1.2527062892913818,117900.0
2007-05-10,1.2416594188101737,1.2460781314790548,1.2328219934724118,1.2438688278198242,221200.0
2007-05-11,1.2416594209067269,1.2504968462594108,1.2416594209067269,1.2460781335830688,71600.0
2007-05-14,1.2460778761923206,1.2504965879559304,1.2328217409014917,1.241659164428711,122600.0
2007-05-15,1.2372407061412927,1.2438688278198242,1.2328219934724118,1.2438688278198242,54400.0
2007-05-16,1.237240708230385,1.2460781335830688,1.235031404567424,1.2460781335830688,69500.0
2007-05-17,1.237240372261615,1.250496506690979,1.237240372261615,1.250496506690979,48300.0
2007-05-18,1.2416589624758787,1.2482870817184448,1.2261935264938597,1.2482870817184448,79200.0
2007-05-21,1.2482871236451147,1.259333848953247,1.2482871236451147,1.259333848953247,100000.0
2007-05-22,1.2593337266876896,1.2593337266876896,1.2460775943947047,1.257124423980713,103500.0
2007-05-23,1.2593343058106756,1.2593343058106756,1.246078167421665,1.2527062892913818,123200.0
2007-05-24,1.2527059151044022,1.2527059151044022,1.2394497806750382,1.250496506690979,99600.0
2007-05-25,1.2394497806750382,1.250496506690979,1.2261936462456742,1.250496506690979,87900.0
2007-05-29,1.246078167421665,1.2549155930143387,1.246078167421665,1.2527062892913818,61200.0
2007-05-30,1.2482870024520563,1.257124423980713,1.2416588836303764,1.257124423980713,86200.0
2007-05-31,1.2593337266876896,1.2681711482163462,1.2328214621017197,1.257124423980713,109500.0
2007-06-01,1.2659622454384678,1.2681715488433838,1.2615435332782277,1.2681715488433838,105000.0
2007-06-04,1.2615432332225747,1.279218077659607,1.2615432332225747,1.279218077659607,86000.0
2007-06-05,1.2703806161880493,1.272590024349602,1.2637524970537708,1.2703806161880493,64200.0
2007-06-06,1.274799390805094,1.274799390805094,1.2460777153732574,1.259333848953247,147300.0
2007-06-07,1.2482874691893848,1.254915485138919,1.2239844982234593,1.2284032106399536,140700.0
2007-06-08,1.230612691891082,1.2460781335830688,1.22619397921474,1.2460781335830688,108000.0
2007-06-11,1.2350309485836937,1.2482870817184448,1.2350309485836937,1.2482870817184448,59000.0
2007-06-12,1.2482871453340985,1.2482871453340985,1.2328216032135377,1.2372403144836426,40700.0
2007-06-13,1.2438683706735278,1.2482870817184448,1.2394496596286109,1.2482870817184448,69400.0
2007-06-14,1.2460777153732574,1.259333848953247,1.2460777153732574,1.259333848953247,91500.0
2007-06-15,1.2571254106616911,1.2681721435675823,1.2571254106616911,1.265962839126587,45500.0
2007-06-18,1.2681718890812104,1.2703812984292968,1.2615438717378236,1.2637531757354736,40500.0
2007-06-19,1.259333848953247,1.2637525601465769,1.2328215817932677,1.259333848953247,199600.0
2007-06-20,1.2593339296438884,1.2659620495337662,1.250496506690979,1.250496506690979,52600.0
2007-06-21,1.2460775943947047,1.257124423980713,1.2394495809233996,1.257124423980713,49300.0
2007-06-22,1.243868863698708,1.257125002087719,1.243868863698708,1.2527062892913818,41900.0
2007-06-25,1.2482875404887053,1.2571249658264672,1.2416594188101737,1.2438688278198242,47500.0
2007-06-26,1.241659164428711,1.2504965879559304,1.2328217409014917,1.241659164428711,71400.0
2007-06-27,1.2306123577221288,1.250496506690979,1.223984237832251,1.250496506690979,84700.0
2007-06-28,1.243868412451785,1.2615432572251044,1.243868412451785,1.259333848953247,47600.0
2007-06-29,1.259333848953247,1.2681712713399067,1.2549151377599173,1.259333848953247,76400.0
2007-07-02,1.259333786081045,1.2703806161880493,1.259333786081045,1.2703806161880493,59200.0
2007-07-03,1.2659622799900192,1.2747997045516968,1.2659622799900192,1.2747997045516968,52500.0
2007-07-05,1.2747995828334315,1.2747995828334315,1.2637527505108843,1.2725902795791626,108300.0
2007-07-06,1.2681713817568638,1.2814276218414307,1.2681713817568638,1.2814276218414307,78400.0
2007-07-09,1.3432899835007597,1.3499181055146023,1.2946841416841406,1.3167777061462402,477100.0
2007-07-10,1.3101494289747482,1.3167775502036392,1.305730716605625,1.307940125465393,161400.0
2007-07-11,1.310149328301887,1.3145680403314728,1.296893192213129,1.3123587369918823,147000.0
2007-07-12,1.3189871640387594,1.327824696206676,1.3167778600096085,1.3256152868270874,137100.0
2007-07-13,1.327824696206676,1.3344527136445663,1.3256152868270874,1.3256152868270874,104700.0
2007-07-16,1.3366621230241549,1.3388714270533058,1.3189871640387594,1.3256152868270874,117100.0
2007-07-17,1.3256150664700703,1.334452491818504,1.3234056574577517,1.330033779144287,105400.0
2007-07-18,1.3256143738930706,1.3344517946243286,1.3145675453038157,1.3344517946243286,125300.0
2007-07-19,1.338870625226753,1.3609641790390015,1.325614492939404,1.3609641790390015,158200.0
2007-07-20,1.3344517946243286,1.3454986232135835,1.3300330842586996,1.3344517946243286,109800.0
2007-07-23,1.3366615387074054,1.3410802501845211,1.3234052989256666,1.3278241157531738,124900.0
2007-07-24,1.3278241638073216,1.3278241638073216,1.2836369420866307,1.3145679235458374,150500.0
2007-07-25,1.3057307710606076,1.3211963176727295,1.2880559208469926,1.3211963176727295,95600.0
2007-07-26,1.3145684326549871,1.3145684326549871,1.2659625858234758,1.2924748659133911,160800.0
2007-07-27,1.2792182946923703,1.3035212625917336,1.265962159115554,1.2725902795791626,98300.0
2007-07-30,1.2991027306111642,1.3013120341713411,1.2747997593467253,1.2880558967590332,107800.0
2007-07-31,1.2991023303264595,1.3035210414357177,1.2770087747801693,1.279218077659607,106400.0
2007-08-01,1.2725900636709113,1.2902649081079436,1.2659619443318328,1.279218077659607,112900.0
2007-08-02,1.2858467632470343,1.3013122062647633,1.2858467632470343,1.2991029024124146,60100.0
2007-08-03,1.3013115929971304,1.3013115929971304,1.2703806161880493,1.2703806161880493,60000.0
2007-08-06,1.2681718890812104,1.27921872512077,1.230612878317667,1.2637531757354736,169200.0
2007-08-07,1.2571245221133167,1.2968929220966392,1.2571245221133167,1.279218077659607,110600.0
2007-08-08,1.297363097275634,1.3291168185509936,1.2905588056825321,1.3155081272125244,120300.0
2007-08-09,1.290558736684794,1.3132398877029627,1.2792181070995798,1.2950949668884277,77500.0
2007-08-10,1.2678777147116422,1.288290698629505,1.2588052533809766,1.2837544679641724,80500.0
2007-08-13,1.2928271150033483,1.2950952847379615,1.279218421052525,1.2905590534210205,38000.0
2007-08-14,1.2882904921168508,1.2882904921168508,1.2542688216566549,1.261073112487793,52100.0
2007-08-15,1.2383921093358978,1.261073261710641,1.1975660350613602,1.211174726486206,120700.0
2007-08-16,1.1794210632791573,1.1998341555010774,0.9684861735443093,1.1522036790847778,303000.0
2007-08-17,1.1907618045806885,1.2361241157799927,1.1658124793449305,1.1907618045806885,80600.0
2007-08-20,1.2066381965993729,1.2588048881929157,1.2021019672500317,1.2179787158966064,82900.0
2007-08-21,1.2225153599143959,1.2792183000905106,1.2225153599143959,1.2633415460586548,68000.0
2007-08-22,1.2542688950557235,1.3064355964736416,1.2542688950557235,1.2950949668884277,87300.0
2007-08-23,1.2950949668884277,1.3041674272956953,1.2837543373032136,1.2950949668884277,63100.0
2007-08-24,1.2928272082662076,1.3041678414528015,1.2814866832319072,1.3018996715545654,96500.0
2007-08-27,1.2928271293640137,1.3018995920986722,1.2837546666293551,1.2928271293640137,58700.0
2007-08-28,1.274682427605183,1.2905592942534154,1.261073731114829,1.2769505977630615,43300.0
2007-08-29,1.2746815177197648,1.3018988912723324,1.2746815177197648,1.281485915184021,59500.0
2007-08-30,1.2769505977630615,1.2905592942534154,1.2701461954417317,1.2769505977630615,64600.0
2007-08-31,1.2837543373032136,1.2950949668884277,1.2837543373032136,1.2950949668884277,62900.0
2007-09-04,1.2882905823198367,1.3041674422912393,1.2882905823198367,1.297363042831421,117900.0
2007-09-05,1.2837546666293551,1.2950952991238218,1.2746822038946963,1.2928271293640137,67400.0
2007-09-06,1.2882905823198367,1.297363042831421,1.2837543520640444,1.297363042831421,25800.0
2007-09-07,1.2837548919320856,1.288291124095537,1.2724143655996103,1.2769505977630615,20000.0
2007-09-10,1.2746822039459609,1.2860228364408839,1.2610735098434256,1.2656097412109375,162100.0
2007-09-11,1.2724139432927204,1.2769501739506228,1.2610733125718296,1.2701457738876343,73500.0
2007-09-12,1.2610728309434809,1.2837539755706207,1.2610728309434809,1.281485915184021,52700.0
2007-09-13,1.2882905378580807,1.2905587069838274,1.276950016686117,1.279218077659607,89500.0
2007-09-14,1.2678775564876432,1.2837543077588438,1.2474644669649493,1.279218077659607,45300.0
2007-09-17,1.2724141423383486,1.2769503737058603,1.2588054482358133,1.2656097412109375,46700.0
2007-09-18,1.276949892707505,1.3041672706604004,1.2746817238019739,1.3041672706604004,110300.0
2007-09-19,1.3087042819035688,1.32458114926753,1.3064362197957518,1.3109724521636963,129200.0
2007-09-20,1.2996312665748448,1.3177761883594703,1.2996312665748448,1.3155081272125244,37100.0
2007-09-21,1.3132400129780681,1.326848704887156,1.3132400129780681,1.3223124742507935,102800.0
2007-09-24,1.3268490090027474,1.3313852406788205,1.3132403139745283,1.3291171789169312,163100.0
2007-09-25,1.3177765456506014,1.3313852406788205,1.306436020536566,1.3291171789169312,126600.0
2007-09-26,1.3291165565703351,1.3381890156743856,1.3177759286141502,1.3268483877182007,140000.0
2007-09-27,1.3245811073694165,1.3336535718183324,1.3200448751449585,1.3200448751449585,80900.0
2007-09-28,1.3245806029772846,1.3336530639714632,1.3155081419831058,1.3177762031555176,121400.0
2007-10-01,1.3200443750434445,1.3381892970670355,1.3200443750434445,1.3313848972320557,67500.0
2007-10-02,1.3381896018981934,1.3381896018981934,1.3313852005132139,1.3381896018981934,94900.0
2007-10-03,1.3313852406788205,1.338189642269077,1.3223127773266745,1.3291171789169312,84400.0
2007-10-04,1.3291168617906066,1.33592115360507,1.3268486924176066,1.3336530923843384,73800.0
2007-10-05,1.3381899731463707,1.3472624387417504,1.3359218026713653,1.3404580354690552,126200.0
2007-10-08,1.3404576635916592,1.344993895130882,1.3336533703589706,1.3381896018981934,78400.0
2007-10-09,1.3336530946564962,1.3517980170623367,1.3336530946564962,1.3472617864608765,58900.0
2007-10-10,1.340457230894446,1.3608703203077848,1.340457230894446,1.3563340902328491,80900.0
2007-10-11,1.3608703872552301,1.3767472473746887,1.354065987731959,1.3631385564804077,239700.0
2007-10-12,1.3563340533112072,1.372210912217416,1.3495296543079025,1.3654065132141113,174300.0
2007-10-15,1.3722106991950616,1.3744787597425667,1.3517976135063334,1.367674469947815,102800.0
2007-10-16,1.3586021661758423,1.3654065654394076,1.3495297059259266,1.3586021661758423,52600.0
2007-10-17,1.365406830753102,1.3767474623452358,1.3563343687403062,1.360870599746704,91100.0
2007-10-18,1.356334105189492,1.3631385044530573,1.3449934758009687,1.3586021661758423,91800.0
2007-10-19,1.3586027949766977,1.3586027949766977,1.3200448751449585,1.3200448751449585,102600.0
2007-10-22,1.3064356663202117,1.3245805881048371,1.304167497021001,1.3155081272125244,73200.0
2007-10-23,1.3200439508300397,1.3495293855667114,1.3200439508300397,1.3495293855667114,60500.0
2007-10-24,1.3381897601271673,1.3472622242783505,1.3177766617108533,1.3427259922027588,94300.0
2007-10-25,1.3472613251187666,1.356333783215009,1.3245801798781607,1.3495293855667114,44800.0
2007-10-26,1.3495296910443175,1.3631384894213807,1.3495296910443175,1.3563340902328491,68300.0
2007-10-29,1.3608704827645792,1.3744791746139526,1.3563342521481212,1.3744791746139526,92700.0
2007-10-30,1.3699430617594999,1.3699430617594999,1.3517981377339083,1.360870599746704,74200.0
2007-10-31,1.365406713381037,1.376747343998316,1.3608704827645792,1.3744791746139526,93000.0
2007-11-01,1.3540656146148327,1.3676744099114277,1.3495293855667114,1.3495293855667114,50500.0
2007-11-02,1.3517981911916832,1.36313882323229,1.347261960005897,1.354066252708435,46700.0
2007-11-05,1.3495297059259266,1.3676747345780154,1.3427254148146184,1.3586021661758423,126800.0
2007-11-06,1.3835514372559903,1.3835514372559903,1.3540658884051482,1.3790152072906494,94900.0
2007-11-07,1.3557211851057243,1.3603800162129482,1.327768087387085,1.327768087387085,100200.0
2007-11-08,1.3254385816101248,1.3533915651794262,1.3137914495852745,1.3394150733947754,125100.0
2007-11-09,1.3370861001580454,1.3370861001580454,1.2788506405119564,1.2928272485733032,93200.0
2007-11-12,1.3137914370832264,1.3137914370832264,1.241579508012059,1.2508971691131592,90500.0
2007-11-13,1.262545287338799,1.2858394582891632,1.2578864531487262,1.2788511514663696,55000.0
2007-11-14,1.2811802953730695,1.2974862663922129,1.2555566583645128,1.2695331573486328,74300.0
2007-11-15,1.2439093075327274,1.2788504903575522,1.2439093075327274,1.260215163230896,33000.0
2007-11-16,1.2578855252604197,1.276520848274231,1.248567863753514,1.276520848274231,24100.0
2007-11-19,1.267203837633625,1.2741920318154651,1.253227338194601,1.2578861713409424,39300.0
2007-11-20,1.2672034367752771,1.2904975951382713,1.2345916150670853,1.271862268447876,67200.0
2007-11-21,1.2369210691826997,1.2672035328890858,1.2229445731048256,1.2392505407333374,70500.0
2007-11-23,1.2439091229153347,1.2625444472761902,1.2415796518325806,1.2415796518325806,20200.0
2007-11-26,1.269532826794224,1.290497625349368,1.260215163230896,1.260215163230896,224600.0
2007-11-27,1.2928269610982135,1.2974857923909424,1.2648738622665405,1.2648738622665405,107700.0
2007-11-28,1.304473944532096,1.3300975714085694,1.2928269221884598,1.3231092691421509,104400.0
2007-11-29,1.318451083162844,1.3487335560103106,1.3161217219843817,1.3464041948318481,78200.0
2007-11-30,1.3510619632227536,1.3860031308830427,1.341744303703308,1.341744303703308,126800.0
2007-12-03,1.2625445141302467,1.3627094434114089,1.2625445141302467,1.3044739961624146,159200.0
2007-12-04,1.3300976215298752,1.3300976215298752,1.3021446335614566,1.3068034648895264,105600.0
2007-12-05,1.3277684309471907,1.3370860955725845,1.3184507663217968,1.3324272632598877,129300.0
2007-12-06,1.3440736630455379,1.3533913225649834,1.3324265331085996,1.341744303703308,106000.0
2007-12-07,1.3557216425056176,1.3836746385798777,1.3370862007141113,1.3370862007141113,171600.0
2007-12-10,1.360380355057214,1.383674516395456,1.3557215227895656,1.3790156841278076,154500.0
2007-12-11,1.3883328226312972,1.3906621823448782,1.3510621786117554,1.3510621786117554,246100.0
2007-12-12,1.379015247136021,1.390662268576693,1.3510622623880637,1.3627092838287354,158000.0
2007-12-13,1.3580503688277792,1.3696975006215264,1.3510621786117554,1.3510621786117554,74300.0
2007-12-14,1.3580505451216887,1.3603800162129482,1.327768087387085,1.327768087387085,109000.0
2007-12-17,1.3417451444684874,1.348733337949386,1.3254391745541692,1.3370862007141113,94500.0
2007-12-18,1.3627093762289126,1.3627093762289126,1.3068034029422246,1.327768087387085,74400.0
2007-12-19,1.353392389442586,1.353392389442586,1.3324275834596708,1.3464041948318481,94000.0
2007-12-20,1.3603798293682359,1.3627091890642686,1.3533915281295776,1.3533915281295776,91100.0
2007-12-21,1.3720271587371826,1.3766859902528743,1.3603801354856062,1.3720271587371826,94600.0
2007-12-24,1.3860033750534058,1.3976505070422038,1.3766857138924804,1.3860033750534058,58800.0
2007-12-26,1.3953211307525635,1.3976506017382664,1.3836741090499187,1.3953211307525635,70600.0
2007-12-27,1.4023098597739716,1.409298163784408,1.3743568658828735,1.3743568658828735,79900.0
2007-12-28,1.3999801745552534,1.3999801745552534,1.3557212222852142,1.3603800535202026,80900.0
2007-12-31,1.3720273524726383,1.3883333206176758,1.3627096881255656,1.3883333206176758,82900.0
2008-01-02,1.3976510131984012,1.399980484869887,1.3673685479210251,1.3790156841278076,107300.0
2008-01-03,1.3790156730681484,1.3860038658759146,1.369698008607579,1.3813450336456299,54700.0
2008-01-04,1.3813445109336504,1.3813445109336504,1.3440738671948866,1.3533915281295776,98100.0
2008-01-07,1.372026579112577,1.372026579112577,1.3068029654471796,1.3161206245422363,146600.0
2008-01-08,1.3114624239045118,1.3324271113843444,1.260215163230896,1.260215163230896,151000.0
2008-01-09,1.2858386694077666,1.2858386694077666,1.236920884886115,1.2625445127487183,129800.0
2008-01-10,1.269532826794224,1.269532826794224,1.2439093075327274,1.260215163230896,123200.0
2008-01-11,1.2602154161211032,1.2648742488376656,1.243909557150802,1.255556583404541,79300.0
2008-01-14,1.2672034664410476,1.2765211300043757,1.250897499667568,1.260215163230896,193900.0
2008-01-15,1.2578856161859764,1.2625444472761902,1.2252737985544795,1.2415796518325806,86700.0
2008-01-16,1.243909898820586,1.2508980942772385,1.2229450902998997,1.2252745628356934,117500.0
2008-01-17,1.2136271118160158,1.2299330821687986,1.1716976165771484,1.1716976165771484,117000.0
2008-01-18,1.1810151034959264,1.1880032961074094,1.1344266714263245,1.1484031677246094,147800.0
2008-01-22,1.0505677583196098,1.1414150453895489,0.994661658609037,1.125109076499939,296900.0
2008-01-23,1.1134616478450996,1.1623793146483297,1.1041438753715527,1.1437439918518066,139500.0
2008-01-24,1.1414150949444213,1.1903328926617058,1.1414150949444213,1.188003420829773,84700.0
2008-01-25,1.1996498590585267,1.211296878207964,1.155390919710027,1.1786850690841675,52400.0
2008-01-28,1.2043089635584108,1.2229442873072363,1.1740265069289235,1.2112971544265747,61700.0
2008-01-29,1.2392501977760353,1.2508972190800076,1.2229442346601305,1.2322618961334229,93100.0
2008-01-30,1.246238684478102,1.246238684478102,1.2043091978848839,1.2136268615722656,155000.0
2008-01-31,1.24229519907253,1.24229519907253,1.204070766460389,1.2327390909194946,78600.0
2008-02-01,1.2566293478012085,1.259018317638335,1.2303499960861162,1.2566293478012085,44100.0
2008-02-04,1.2542403111389986,1.2542403111389986,1.2399061498246875,1.2470731735229492,49200.0
2008-02-05,1.2518514055840246,1.2518514055840246,1.2112379997015112,1.2160160541534424,46300.0
2008-02-06,1.2327390640025442,1.2327390640025442,1.1921255482800461,1.1945146322250366,79700.0
2008-02-07,1.1945147246270151,1.2160160261239978,1.1825695318136245,1.199292778968811,50300.0
2008-02-08,1.2160157479541878,1.2207938012029798,1.19690353495902,1.206459641456604,44200.0
2008-02-11,1.2207941086053737,1.2207941086053737,1.20645994524958,1.2160160541534424,41100.0
2008-02-12,1.2399062828029945,1.2446843370868717,1.223183035850525,1.223183035850525,69700.0
2008-02-13,1.2207943904028602,1.2494627237319946,1.2207943904028602,1.2494627237319946,44200.0
2008-02-14,1.2446844850964973,1.2470734555636165,1.2279612361554098,1.2399064302444458,34400.0
2008-02-15,1.2399056936963546,1.2399056936963546,1.199292194620872,1.2207934856414795,33500.0
2008-02-19,1.2207940804657937,1.2303501891493858,1.1969038087568138,1.199292778968811,57700.0
2008-02-20,1.2016817701422156,1.2016817701422156,1.1706243623640944,1.1945146322250366,56600.0
2008-02-21,1.1969041025492635,1.2088491843768963,1.1825698220875773,1.1897369623184204,40800.0
2008-02-22,1.201681588207812,1.211237694705396,1.187347314543661,1.206459641456604,52700.0
2008-02-25,1.1897365260069095,1.2064597711340828,1.1873474421668329,1.2040706872940063,118300.0
2008-02-26,1.19451475216085,1.2279611333243685,1.19451475216085,1.2160160541534424,125000.0
2008-02-27,1.2112379997015112,1.2303502175092362,1.1969038363457174,1.2160160541534424,51700.0
2008-02-28,1.2279613573821202,1.2327394127058706,1.2040710807633677,1.2184052467346191,52400.0
2008-02-29,1.2064592316012503,1.208848200455184,1.18017989070156,1.1921249628067017,37400.0
2008-03-03,1.1825698614120483,1.187347917085554,1.1706247791872009,1.1825698614120483,39400.0
2008-03-04,1.1730137500650373,1.1921259727590596,1.1562906121666843,1.1825698614120483,60800.0
2008-03-05,1.1730135469518155,1.1730135469518155,1.091786614567074,1.1562904119491577,504900.0
2008-03-06,1.1371778352334474,1.1586790183260314,1.1180655079365829,1.1347887516021729,144400.0
2008-03-07,1.0989534979202928,1.1419560998987042,1.0989534979202928,1.1180657148361206,78500.0
2008-03-10,1.1061205301307035,1.1156766376720575,1.0798411774330863,1.0941753387451172,121000.0
2008-03-11,1.098953370502474,1.1204546689987183,1.0917863469489164,1.1204546689987183,127700.0
2008-03-12,1.1037315154678606,1.1395669779529825,1.0965644913215133,1.1252328157424927,127300.0
2008-03-13,1.098953562067241,1.1347890278350672,1.089397453051528,1.1276218891143799,94900.0
2008-03-14,1.1252327452134114,1.1347888527547654,1.0702850698917323,1.0941753387451172,49400.0
2008-03-17,1.0463949031845914,1.0870084211588213,1.0463949031845914,1.0750632286071777,77000.0
2008-03-18,1.0893973894623787,1.1228437690650777,1.0893973894623787,1.1180657148361206,64500.0
2008-03-19,1.0392278433540736,1.1323999649728755,1.0392278433540736,1.0607291460037231,368200.0
2008-03-20,1.070284759119727,1.087007999420166,1.065506706736424,1.087007999420166,77000.0
2008-03-24,1.0941754593761008,1.1204548149709723,1.0941754593761008,1.115676760673523,93200.0
2008-03-25,1.1204546017190244,1.1395668152712655,1.1085094112899845,1.1323996782302856,136100.0
2008-03-26,1.134788923882819,1.134788923882819,1.1180656776783504,1.1252328157424927,127600.0
2008-03-27,1.134788923882819,1.1371780078767981,1.1228437317485136,1.1252328157424927,104000.0
2008-03-28,1.1252328157424927,1.1395669779529825,1.1228437317485136,1.1252328157424927,32700.0
2008-03-31,1.1228438346065235,1.1323999436222363,1.1228438346065235,1.1276218891143799,75400.0
2008-04-01,1.1300105478475528,1.168234969517872,1.1300105478475528,1.163456916809082,90400.0
2008-04-02,1.1539008113915021,1.175402105539938,1.1539008113915021,1.163456916809082,114200.0
2008-04-03,1.1515122871933483,1.1754025599737483,1.1515122871933483,1.168235421180725,51700.0
2008-04-04,1.1706244784511055,1.182569557607235,1.1682353942691974,1.17301344871521,84900.0
2008-04-07,1.1921255614976676,1.1921255614976676,1.1586791833215138,1.1706243753433228,117900.0
2008-04-08,1.163456916809082,1.170624052831148,1.1539008113915021,1.163456916809082,72400.0
2008-04-09,1.1658465216414802,1.1730135469518155,1.1467343022568353,1.1562904119491577,45200.0
2008-04-10,1.1467342326372683,1.1825695848489652,1.1467342326372683,1.168235421180725,108300.0
2008-04-11,1.146733952312245,1.1562900590883656,1.1323996782302856,1.1323996782302856,41900.0
2008-04-14,1.130010708495145,1.1371778455361246,1.1276216248422255,1.1323996782302856,49400.0
2008-04-15,1.1276215890863888,1.1395667791366577,1.1276215890863888,1.1395667791366577,30000.0
2008-04-16,1.1467341052174984,1.1754024293684875,1.1467341052174984,1.1706243753433228,86100.0
2008-04-17,1.1586792853771724,1.17301344871521,1.1586792853771724,1.17301344871521,43600.0
2008-04-18,1.1921259331168153,1.2016821580638826,1.1849589068038013,1.1897369623184204,90500.0
2008-04-21,1.1873469111810975,1.1945140455783718,1.18017989070156,1.1921249628067017,76700.0
2008-04-22,1.1849589462077177,1.1849589462077177,1.1730137500650373,1.1825698614120483,103600.0
2008-04-23,1.177791675895596,1.1921258413358755,1.177791675895596,1.184958815574646,48000.0
2008-04-24,1.18017989070156,1.199292097203976,1.1706237874503518,1.1921249628067017,126200.0
2008-04-25,1.1897364492476008,1.2016816398417298,1.1825693121075673,1.1969035863876343,50200.0
2008-04-28,1.2040706872940063,1.2112378248964484,1.1992926335316407,1.2040706872940063,65300.0
2008-04-29,1.2040705578733204,1.206459641456604,1.19690353495902,1.206459641456604,39500.0
2008-04-30,1.206460265689566,1.2112383214105653,1.1969041542475676,1.201682209968567,53900.0
2008-05-01,1.1945149701158668,1.2184052467346191,1.1921258854950791,1.2184052467346191,99400.0
2008-05-02,1.2231833020583696,1.2303504420029077,1.2088491360871183,1.2184052467346191,78900.0
2008-05-05,1.2136263506620284,1.2207934856414795,1.2064593296003232,1.2207934856414795,104000.0
2008-05-06,1.2064598504575452,1.2327390909194946,1.2064598504575452,1.2327390909194946,74800.0
2008-05-07,1.2253722084743952,1.2351949395657742,1.208182692527771,1.208182692527771,67400.0
2008-05-08,1.2130937576293945,1.2180050636483488,1.2008154340346233,1.2130937576293945,55000.0
2008-05-09,1.2008154340346233,1.2155493520914857,1.2008154340346233,1.2130937576293945,42900.0
2008-05-12,1.2130941035594334,1.227828025817871,1.1983601813009954,1.227828025817871,89600.0
2008-05-13,1.215549228632932,1.2351945678082208,1.215549228632932,1.2229162454605103,61600.0
2008-05-14,1.227828025817871,1.2450176603334513,1.227828025817871,1.227828025817871,79800.0
2008-05-15,1.2229158856135913,1.2425611019134521,1.2229158856135913,1.2425611019134521,76000.0
2008-05-16,1.2376497978384868,1.2474724059884172,1.2327384937635217,1.2425611019134521,73900.0
2008-05-19,1.2302832582961971,1.247472769013505,1.2302832582961971,1.2327388525009155,162600.0
2008-05-20,1.2253720789936748,1.2327390972600638,1.2155494660350117,1.2204607725143433,81300.0
2008-05-21,1.2253722127193512,1.2327392317897077,1.2008156776428223,1.2008156776428223,67500.0
2008-05-22,1.205726984658128,1.2106382916734337,1.2008156776428223,1.2008156776428223,71500.0
2008-05-23,1.1959043741226196,1.200815681152279,1.1909930670929603,1.1959043741226196,92100.0
2008-05-27,1.1983598445496373,1.2106380511006312,1.195904132982575,1.2032711505889893,31600.0
2008-05-28,1.2155494660350117,1.2204607725143433,1.2081825648634057,1.2204607725143433,55900.0
2008-05-29,1.2155494660350117,1.242561710218727,1.2155494660350117,1.2204607725143433,60500.0
2008-05-30,1.2278271896885564,1.2425611019134521,1.2278271896885564,1.2425611019134521,64000.0
2008-06-02,1.2351948052281851,1.2376503999128672,1.2204607687409614,1.230283498764038,44200.0
2008-06-03,1.2327390934487203,1.240106111692332,1.2106381558126675,1.230283498764038,45000.0
2008-06-04,1.2229162454605103,1.240105873328353,1.220460534153064,1.2229162454605103,39400.0
2008-06-05,1.2253722944848564,1.2523845434188843,1.2253722944848564,1.2523845434188843,40700.0
2008-06-06,1.240105873328353,1.2499284843686171,1.220460534153064,1.2229162454605103,29600.0
2008-06-09,1.2204606583041155,1.225371964323849,1.203271145782434,1.2106380462646484,63100.0
2008-06-10,1.1983599607278892,1.2130938802743652,1.1959042489227514,1.2057268619537354,51500.0
2008-06-11,1.205727001827999,1.210638308913243,1.1787148714065552,1.1787148714065552,36100.0
2008-06-12,1.1860817734870226,1.1983600997475314,1.1738035643213112,1.1787148714065552,29500.0
2008-06-13,1.183625926431581,1.2081824566283415,1.183625926431581,1.2032711505889893,53200.0
2008-06-16,1.2008153120725356,1.2302832622880886,1.2008153120725356,1.2229162454605103,42500.0
2008-06-17,1.2032710233799817,1.2302832622880886,1.2032710233799817,1.2229162454605103,51400.0
2008-06-18,1.2130942479177205,1.2180055559216458,1.1959046113565726,1.1983603239059448,69900.0
2008-06-19,1.2008155554382434,1.2106381684692273,1.1909929424072594,1.2057268619537354,34900.0
2008-06-20,1.198360096138112,1.2032714032085634,1.1762591557736821,1.1836261749267578,51200.0
2008-06-23,1.1983596099293252,1.1983596099293252,1.18116998360967,1.1909925937652588,45300.0
2008-06-24,1.1860817734870226,1.1959043876575108,1.1713478522312903,1.1787148714065552,70000.0
2008-06-25,1.1738035572796175,1.2008156875390146,1.1738035572796175,1.1885374784469604,68500.0
2008-06-26,1.1713479965823275,1.1762593042728164,1.1418801504393938,1.1467914581298828,79400.0
2008-06-27,1.146791226600874,1.1541581281018762,1.1296015946072213,1.1345129013061523,108800.0
2008-06-30,1.1394244380467435,1.1566140735108608,1.1369688427489049,1.1467914581298828,63800.0
2008-07-01,1.122234693106219,1.141879919901943,1.1148676745104285,1.1345129013061523,91700.0
2008-07-02,1.1320572008223655,1.1418798133032504,1.1124119758605957,1.1124119758605957,50900.0
2008-07-03,1.1148676872253418,1.1173233991502085,1.0853998466956791,1.1148676872253418,152000.0
2008-07-07,1.112412098907877,1.127146019258968,1.0853998530501485,1.1050450801849365,59200.0
2008-07-08,1.0927662797894966,1.1197785139083862,1.075576772064081,1.1197785139083862,105200.0
2008-07-09,1.117323530078,1.1246904325262732,1.1001338958740234,1.1001338958740234,117200.0
2008-07-10,1.0903106875948303,1.1173229217529297,1.0903106875948303,1.1173229217529297,165900.0
2008-07-11,1.0927664129842491,1.102589023480239,1.0706655979156494,1.0706655979156494,68600.0
2008-07-14,1.085399269937867,1.0878548634630945,1.065754053357137,1.0780322551727295,97200.0
2008-07-15,1.053476220579952,1.0682101398145578,0.9306934431967895,1.0411978960037231,237700.0
2008-07-16,1.0240081411724358,1.0706655996514038,1.0240081411724358,1.0657542943954468,129900.0
2008-07-17,1.0657545080290038,1.1148675704334283,1.0657545080290038,1.1124119758605957,139800.0
2008-07-18,1.1025888947720304,1.1025888947720304,1.087854980747976,1.095221996307373,27800.0
2008-07-21,1.0976784229278564,1.1075011568246702,1.092767114526864,1.0976784229278564,31400.0
2008-07-22,1.0755770074655702,1.107500553220635,1.0755770074655702,1.1025891304016113,53700.0
2008-07-23,1.1148672092590188,1.1271455294298067,1.1050445999602845,1.1197785139083862,30800.0
2008-07-24,1.1099562641929859,1.1173232821010382,1.1025892462849336,1.1124119758605957,56300.0
2008-07-25,1.1124119785928985,1.1124119785928985,1.100133654414246,1.107500672340393,47100.0
2008-07-28,1.1001333004987879,1.1124116207274763,1.092766284942627,1.092766284942627,39400.0
2008-07-29,1.0976782940157976,1.1124123345832284,1.0976782940157976,1.1099566221237183,21500.0
2008-07-30,1.1075003108323378,1.1222342247804395,1.100133295310917,1.1197785139083862,99800.0
2008-07-31,1.1025893682456929,1.127146019258968,1.0927667546782989,1.1050450801849365,67200.0
2008-08-01,1.11241162121614,1.11241162121614,1.0927662854226607,1.095221996307373,60700.0
2008-08-04,1.0976784229278564,1.1075011568246702,1.0854002104727898,1.0976784229278564,49500.0
2008-08-05,1.1075003108323378,1.1222342247804395,1.100133295310917,1.1197785139083862,55900.0
2008-08-06,1.124822706745895,1.124822706745895,1.1071684955603853,1.1122125387191772,52500.0
2008-08-07,1.0970805568533217,1.1147347704141788,1.0970805568533217,1.1046466827392578,11400.0
2008-08-08,1.102124916126208,1.1349112705831177,1.102124916126208,1.1323891878128052,29400.0
2008-08-11,1.129867073792577,1.1424772454341283,1.1147349399784205,1.1399551630020142,83500.0
2008-08-12,1.13743308600025,1.13743308600025,1.1197788715362549,1.1197788715362549,20400.0
2008-08-13,1.1172563739083157,1.1349105818076148,1.1122123316884376,1.1248224973678589,29300.0
2008-08-14,1.1273447565484047,1.132388800102511,1.1172566694401918,1.1298668384552002,24800.0
2008-08-15,1.1349105818076148,1.1349105818076148,1.1248224973678589,1.1248224973678589,27800.0
2008-08-18,1.1349110387695898,1.1349110387695898,1.0996027290138628,1.1021246910095215,27400.0
2008-08-19,1.102124600690782,1.1071686445282425,1.0920365130158611,1.1046466827392578,34900.0
2008-08-20,1.0970804092428013,1.1147346204283108,1.0895144046343508,1.1122125387191772,48400.0
2008-08-21,1.1096905772695187,1.1172565818779694,1.1046465341107268,1.1122125387191772,77000.0
2008-08-22,1.109690370708225,1.1273444583480716,1.109690370708225,1.1248224973678589,23200.0
2008-08-25,1.1096906682312773,1.1147347118035313,1.0869924120263912,1.0895144939422607,25100.0
2008-08-26,1.0895144050121746,1.10212445278379,1.0895144050121746,1.0920363664627075,46300.0
2008-08-27,1.104646773264681,1.1147348617663173,1.0945586847630446,1.1021246910095215,62600.0
2008-08-28,1.1122130436412536,1.1223011345386256,1.1122130436412536,1.1147351264953613,13300.0
2008-08-29,1.1172567322031635,1.1197788142516392,1.1046466827392578,1.1046466827392578,24000.0
2008-09-02,1.1197789060171355,1.127344912263612,1.0996027290138628,1.1021246910095215,64300.0
2008-09-03,1.10212448221485,1.112212568805324,1.0945584774017336,1.0945584774017334,27000.0
2008-09-04,1.094558784711644,1.094558784711644,1.0542063067608496,1.0693384408950806,68500.0
2008-09-05,1.04664029982349,1.0693384408950806,1.044118217338029,1.0693384408950806,61400.0
2008-09-08,1.0794266207248802,1.09708071659682,1.0542062776058083,1.0668164491653442,144400.0
2008-09-09,1.0693385144597969,1.0693385144597969,1.0340301990509033,1.0340301990509033,122600.0
2008-09-10,1.0340301344093439,1.059250358124789,1.0340301344093439,1.0491622686386108,65800.0
2008-09-11,1.039074001250332,1.054206132888794,1.0239418696118698,1.054206132888794,79200.0
2008-09-12,1.046640583982293,1.051684630063142,1.0088101782461534,1.031508445739746,106700.0
2008-09-15,1.0037655234756926,1.0163756911607038,0.9861113728983071,1.0088095664978027,65100.0
2008-09-16,0.9785457030418276,0.9861117706266137,0.9129729970474947,0.9608914852142334,123500.0
2008-09-17,0.9558472676648003,0.9608913118110725,0.9281050248603039,0.9356710910797119,208000.0
2008-09-18,0.907928643149364,0.9533250933457541,0.8625322530827135,0.9432370066642761,165100.0
2008-09-19,0.9835897484667696,1.137433303137658,0.9785457034083563,1.0340301990509033,78200.0
2008-09-22,1.008809535954878,1.008809535954878,0.9735011757393743,0.9760231971740723,54400.0
2008-09-23,0.9760234721395532,0.9810675765597088,0.9482812285423279,0.9482812285423279,60100.0
2008-09-24,0.9659357190041191,0.9659357190041191,0.9407154887937395,0.9457595348358154,66600.0
2008-09-25,0.953325302099336,0.9709794576577258,0.9482812576540818,0.950803279876709,36600.0
2008-09-26,0.9407154887937395,0.9457595348358154,0.9255833506675116,0.9457595348358154,32800.0
2008-09-29,0.930627160895436,0.930627160895436,0.8625324964523315,0.8625324964523315,150900.0
2008-09-30,0.870098351959308,0.8927965478760798,0.8625322866537174,0.8751423954963684,57300.0
2008-10-01,0.8751426891882129,0.8877528022627308,0.8574885308838878,0.8852307796478271,75400.0
2008-10-02,0.8700986305747338,0.8700986305747338,0.8474003672599792,0.8474003672599792,62100.0
2008-10-03,0.8423560268123762,0.875142368938029,0.8322679400444031,0.8322679400444031,54300.0
2008-10-06,0.8146141199150034,0.8146141199150034,0.7288652873401795,0.7465194463729858,211400.0
2008-10-07,0.7439973976229074,0.7666956012994898,0.6532044626570527,0.6708586812019348,228500.0
2008-10-08,0.5548453471299493,0.6935566688800007,0.5548453471299493,0.6733804941177368,356900.0
2008-10-09,0.7061669557976199,0.7086889782775138,0.590153801462986,0.620418131351471,141300.0
2008-10-10,0.6305062589804702,0.6759027264633977,0.46657463765852425,0.6708586812019348,385600.0
2008-10-13,0.6809469072079047,0.7591296844457975,0.6809469072079047,0.741475522518158,31100.0
2008-10-14,0.7616513713326765,0.7868715915239248,0.7313871071031784,0.738953173160553,96000.0
2008-10-15,0.7313872729252257,0.7313872729252257,0.696078896522522,0.696078896522522,73200.0
2008-10-16,0.6733801519808451,0.7162545015666802,0.6481598862124053,0.7137324810028076,129100.0
2008-10-17,0.6859907343660898,0.756607419651308,0.6784246673851474,0.7364312410354614,146300.0
2008-10-20,0.7439968938794982,0.7692171031107808,0.7439968938794982,0.7666950821876526,56900.0
2008-10-21,0.7490416654333311,0.7666958290937074,0.7490416654333311,0.7641738057136536,117700.0
2008-10-22,0.7540852799138543,0.7540852799138543,0.703644781098028,0.7112108469009399,45900.0
2008-10-23,0.7238212017761009,0.7263432846945385,0.6885128827347022,0.7061670422554016,27500.0
2008-10-24,0.6481605834168628,0.7086892021881115,0.635550467033223,0.680946946144104,282000.0
2008-10-27,0.6506820330656922,0.6708582616223456,0.643115969905594,0.6557260751724243,92100.0
2008-10-28,0.6607705201198182,0.6986009191134464,0.6506824297561205,0.696078896522522,106300.0
2008-10-29,0.6935568359795565,0.764173524790995,0.6885127910737222,0.718777060508728,79400.0
2008-10-30,0.7212990144178875,0.7717395188127175,0.7212990144178875,0.7490413188934326,108400.0
2008-10-31,0.7439973907372784,0.7566075037742299,0.7364313229151076,0.7540854811668396,64300.0
2008-11-03,0.7465192966801788,0.7591294077464482,0.7439972744669249,0.7490413188934326,82100.0
2008-11-04,0.7616515384792972,0.7919158694801377,0.7591295159067073,0.7793056964874268,56700.0
2008-11-05,0.7641733933518013,0.7793055254665503,0.7313871071031784,0.738953173160553,50200.0
2008-11-06,0.7137331106214155,0.7288653074832098,0.7011229966780589,0.7061670422554016,43900.0
2008-11-07,0.7086888819483901,0.7288651191748279,0.7086888819483901,0.7212989926338196,16200.0
2008-11-10,0.7389535005912752,0.7389535005912752,0.6910350008654405,0.6935570240020752,28900.0
2008-11-11,0.6859907815603952,0.6960788715623517,0.6582484739252554,0.683468759059906,44500.0
2008-11-12,0.6809469130161618,0.6809469130161618,0.6405944824218751,0.640594482421875,55800.0
2008-11-13,0.6456385601401348,0.6859909926975599,0.6153742808193994,0.680946946144104,206200.0
2008-11-14,0.6506826000714342,0.6683368229586365,0.6431165303182521,0.6481605768203735,166000.0
2008-11-17,0.625462440622883,0.6456386289882069,0.620418393531552,0.6279844641685486,60100.0
2008-11-18,0.6078077557587795,0.6380720124124617,0.5901535459143987,0.6128517985343933,156100.0
2008-11-19,0.5901536661994411,0.6103299015439464,0.5775435566902161,0.5775435566902161,188600.0
2008-11-20,0.5447573477099781,0.559889481225039,0.49431684253002117,0.506926953792572,267000.0
2008-11-21,0.5144929567456786,0.5321471103238843,0.4917947592879855,0.527103066444397,280200.0
2008-11-24,0.5548453877264726,0.5926757181736594,0.5422352775774104,0.5800656080245972,116600.0
2008-11-25,0.5750216201013308,0.6027639252673525,0.5624115087212093,0.5901537537574768,77600.0
2008-11-26,0.5800658312356912,0.6128521903692918,0.569977739234513,0.6052861213684082,108600.0
2008-11-28,0.605285851430038,0.6178959608078003,0.605285851430038,0.6178959608078003,35900.0
2008-12-01,0.5951977412339093,0.5951977412339093,0.5649334768237648,0.5750215649604797,125600.0
2008-12-02,0.5901537233411729,0.5926757454872131,0.5674555240268108,0.5926757454872131,170700.0
2008-12-03,0.562411282048698,0.6052857035908906,0.562411282048698,0.6002416610717773,94900.0
2008-12-04,0.5800656707104446,0.6002419092590741,0.5674555591986478,0.5699775815010071,157100.0
2008-12-05,0.5498013973410877,0.5926757760335011,0.5498013973410877,0.5901537537574768,135700.0
2008-12-08,0.6002422051662282,0.6506826760795379,0.6002422051662282,0.6279844641685486,234900.0
2008-12-09,0.6204182593701756,0.635550397371943,0.600242075367819,0.6052861213684082,181600.0
2008-12-10,0.6078948306998632,0.6261578109120558,0.6078948306998632,0.6131128072738647,116900.0
2008-12-11,0.6105038607869397,0.6287668422495651,0.6000679069244061,0.6235488653182983,257900.0
2008-12-12,0.5974590570560194,0.6287669881095572,0.5974590570560194,0.6261579990386963,97100.0
2008-12-15,0.6261580024695261,0.6365939588101505,0.6000680494147588,0.607895016670227,41600.0
2008-12-16,0.6052857556955585,0.6470296245102509,0.6052857556955585,0.6339846849441528,45000.0
2008-12-17,0.6444208445344072,0.6470298332894777,0.6287669120039839,0.6365938782691956,89400.0
2008-12-18,0.626157721204494,0.6444206365970313,0.626157721204494,0.6339846849441528,72700.0
2008-12-19,0.6287668311413939,0.6574657037563498,0.6287668311413939,0.6522477269172668,83700.0
2008-12-22,0.6418117769081518,0.6496387422115206,0.613112841925942,0.6287668347358704,128500.0
2008-12-23,0.6183309696229072,0.6444209225347232,0.6183309696229072,0.6261579990386963,89200.0
2008-12-24,0.615721707348437,0.6339846849441528,0.615721707348437,0.6339846849441528,51200.0
2008-12-26,0.6209399173515769,0.6783376673391048,0.6209399173515769,0.6757286787033081,323300.0
2008-12-29,0.6809468455481925,0.7018188226484495,0.6600749306511484,0.6705108880996704,448400.0
2008-12-30,0.6626839292834711,0.6887738854729578,0.6626839292834711,0.6652929186820984,281900.0
2008-12-31,0.6574654367079357,0.7279081576264169,0.6574654367079357,0.6783373355865479,144400.0
2009-01-02,0.7018184533428333,0.735735297203064,0.6887735133965907,0.735735297203064,165200.0
2009-01-05,0.7383442851923125,0.7592162513094809,0.7174723812783244,0.735735297203064,132000.0
2009-01-06,0.7409533858299255,0.7983511925228562,0.7331264206722335,0.7409533858299255,126500.0
2009-01-07,0.7252995884757221,0.7357355439324201,0.7200816107473731,0.730517566204071,35400.0
2009-01-08,0.7044276775623262,0.7331265550682456,0.6992096998339772,0.730517566204071,90000.0
2009-01-09,0.7044273821073292,0.7279082720364094,0.7044273821073292,0.7122543454170227,38700.0
2009-01-12,0.7044277533546338,0.7122547207892932,0.6861648293404284,0.7018187642097473,43100.0
2009-01-13,0.6913824677467346,0.7096453827828949,0.6887734798844259,0.6913824677467346,69900.0
2009-01-14,0.6574656035972052,0.6835554838180541,0.6574656035972052,0.6835554838180542,70900.0
2009-01-15,0.6705107014317148,0.6861646954496907,0.6574657582527311,0.6757286787033081,98600.0
2009-01-16,0.6809467223849253,0.6966007179295732,0.6731197557142022,0.6887737512588501,25200.0
2009-01-20,0.6731196342735984,0.6731196342735984,0.6496387384977255,0.6522477269172668,47300.0
2009-01-21,0.6548567696169344,0.6757286787033081,0.6548567696169344,0.6757286787033081,62800.0
2009-01-22,0.6731199219133271,0.6809468905165964,0.6574659847067886,0.6626839637756348,52200.0
2009-01-23,0.6522477809811377,0.6783376673391048,0.6496387923453409,0.6757286787033081,64300.0
2009-01-26,0.6626838274112652,0.6913827685875854,0.6626838274112652,0.6731197834014893,63900.0
2009-01-27,0.6705106350068968,0.6861646274740941,0.6705106350068968,0.6809465885162354,23500.0
2009-01-28,0.7051700553042073,0.7347764689003934,0.6970955963698189,0.7159360647201538,105700.0
2009-01-29,0.6944042821888302,0.6970957691674647,0.6809468472956574,0.683638334274292,68100.0
2009-01-30,0.6836380744720273,0.6944040182951952,0.6755636166046514,0.6809465885162354,94700.0
2009-02-02,0.6647978270881193,0.6836382331517213,0.6647978270881193,0.6782552599906921,30100.0
2009-02-03,0.6809464011150174,0.7051697680507047,0.6755634306848646,0.6944038271903992,158300.0
2009-02-04,0.6917127007871356,0.7186276310695382,0.6917127007871356,0.7024786472320557,75600.0
2009-02-05,0.6836380463222951,0.7078614830970764,0.6836380463222951,0.7078614830970764,90600.0
2009-02-06,0.6997870620500234,0.7240105023091238,0.6997870620500234,0.7132445573806763,94400.0
2009-02-09,0.7078615849164525,0.7159360436127882,0.7051700345142471,0.7132445573806763,37400.0
2009-02-10,0.7024787431247339,0.7132447552093835,0.6809468472956574,0.683638334274292,69500.0
2009-02-11,0.6863295604278192,0.6970955042509871,0.6728721306488594,0.6809465885162354,181300.0
2009-02-12,0.6728719454697882,0.7105528026509268,0.6594145193944063,0.6944038271903992,255800.0
2009-02-13,0.6809464252489252,0.6997868224221958,0.6728719693175235,0.6755634546279907,148200.0
2009-02-17,0.6432657623075754,0.6540317057486922,0.6378827264169323,0.6405742764472961,206300.0
2009-02-18,0.6486488774241435,0.6486488774241435,0.6324998945223479,0.6351913809776306,104100.0
2009-02-19,0.6540316212684351,0.6567231067810592,0.6271167019721171,0.6298081874847412,104600.0
2009-02-20,0.6298082805826783,0.6298082805826783,0.602893421477896,0.6190423369407654,157700.0
2009-02-23,0.624425547646318,0.624425547646318,0.5921277043644909,0.6109681129455566,181900.0
2009-02-24,0.5840531716933578,0.6378829038742274,0.5840531716933578,0.62442547082901,314800.0
2009-02-25,0.6109679761356455,0.6244254078229754,0.6082764897981795,0.6163509488105774,59500.0
2009-02-26,0.6163508510302872,0.6405742883946771,0.6163508510302872,0.6190423369407654,108500.0
2009-02-27,0.5948189710951491,0.6136593727012604,0.5948189710951491,0.5975104570388794,148200.0
2009-03-02,0.578669882230475,0.578669882230475,0.5356060558501848,0.5463719964027405,224000.0
2009-03-03,0.5544464518171572,0.5571379369552961,0.5409890261264626,0.5463719964027405,130900.0
2009-03-04,0.5517551726838609,0.5732871259982695,0.5517551726838609,0.5571381449699402,106400.0
2009-03-05,0.5463721048176668,0.5517550761620711,0.5275317051122522,0.5302231907844543,275500.0
2009-03-06,0.5275316834449768,0.546372082376561,0.5113827379900088,0.5275316834449768,150200.0
2009-03-09,0.5140743567183235,0.5356062788742655,0.5140743567183235,0.522148847579956,69400.0
2009-03-10,0.5275317973965039,0.5598296311129798,0.5275317973965039,0.5571381449699402,127900.0
2009-03-11,0.5625211212217137,0.5786701023638912,0.5571381488976852,0.565212607383728,149500.0
2009-03-12,0.5598293734882039,0.6055846810340881,0.5544464036792837,0.6055846810340881,254100.0
2009-03-13,0.6002019098026758,0.6109678529824414,0.5948189382127931,0.6082763671875,85600.0
2009-03-16,0.6055848101467477,0.619042237538216,0.5921273827552795,0.5921273827552795,168600.0
2009-03-17,0.5921273298509635,0.6109677265157014,0.5840528741375043,0.6002017855644226,151100.0
2009-03-18,0.5867445060150266,0.6324997664931565,0.5813615341940702,0.6190423369407654,120700.0
2009-03-19,0.6405742436569389,0.6405742436569389,0.6082763508168009,0.6136593222618103,127900.0
2009-03-20,0.6136594920386341,0.6217339514400517,0.540989293255776,0.5894361138343811,555100.0
2009-03-23,0.6082765541704348,0.6486489176750183,0.6028935809258373,0.6486489176750183,169900.0
2009-03-24,0.6459572098828875,0.6486486955836462,0.6324997172090134,0.6432657241821289,76700.0
2009-03-25,0.6486489176750183,0.6594148641642131,0.6324999337711232,0.6486489176750183,194600.0
2009-03-26,0.6486489050186428,0.6755637707164696,0.6486489050186428,0.6701807975769043,78200.0
2009-03-27,0.6567232648124253,0.6647977232933044,0.6486488063315461,0.6647977232933044,139500.0
2009-03-30,0.6405742764472961,0.6459572481678545,0.6190423253949779,0.6405742764472961,169400.0
2009-03-31,0.6459574310527196,0.6567233775419145,0.6351914203934219,0.6486489176750183,102100.0
2009-04-01,0.6298085824496152,0.6701809546273323,0.6244256080486019,0.6513405442237854,95200.0
2009-04-02,0.6836379105593924,0.6863293958698596,0.6674889986965891,0.6755634546279907,116800.0
2009-04-03,0.6728721261024475,0.6809465839152665,0.6647976682896286,0.6728721261024475,80900.0
2009-04-06,0.6701806446930675,0.6809465885162354,0.6647976727814835,0.6809465885162354,115000.0
2009-04-07,0.6701805314083953,0.6701805314083953,0.6594145894050598,0.6594145894050598,91100.0
2009-04-08,0.6621062371330114,0.6728721817741836,0.6567232648124253,0.6647977232933044,61700.0
2009-04-09,0.6782551657091407,0.699787055360195,0.6782551657091407,0.689021110534668,74900.0
2009-04-13,0.6836380460160791,0.6997869610786437,0.672872102641036,0.6997869610786438,65500.0
2009-04-14,0.6809464252489252,0.6917123664907942,0.6728719693175235,0.6755634546279907,64500.0
2009-04-15,0.672872286829663,0.6836382331517213,0.6647978270881193,0.6782552599906921,38200.0
2009-04-16,0.6809465601723184,0.7024784469224045,0.6809465601723184,0.6997869610786438,68800.0
2009-04-17,0.6944039893911222,0.7024784469224045,0.6863295318598399,0.6997869610786438,54700.0
2009-04-20,0.6782552599906921,0.6836382331517213,0.672872286829663,0.6782552599906921,63300.0
2009-04-21,0.6621061130817208,0.694403940953961,0.6621061130817208,0.6863294839859009,63500.0
2009-04-22,0.6728720557058009,0.699786912266001,0.6728720557058009,0.6863294839859009,128200.0
2009-04-23,0.6917124822176346,0.6970954537391663,0.6809465391745714,0.6970954537391663,128300.0
2009-04-24,0.6944040904208496,0.7159360444737313,0.6917126041855012,0.7051700353622437,177900.0
2009-04-27,0.6944038271903993,0.7105528026509268,0.6809464011150174,0.6944038271903992,136800.0
2009-04-28,0.6863295318598399,0.6997869610786437,0.6863295318598399,0.6997869610786438,66200.0
2009-04-29,0.6970955758179115,0.7213190160770119,0.6944040895857996,0.7132445573806763,93700.0
2009-04-30,0.7240103646867068,0.7240103646867068,0.7132444218046872,0.718627393245697,60600.0
2009-05-01,0.7132444854605524,0.7267019152641296,0.710552999499837,0.7267019152641296,32600.0
2009-05-04,0.7347761462839699,0.7428506016731263,0.7267016908948135,0.7428506016731262,133100.0
2009-05-05,0.7401594096738556,0.7428508958695024,0.7293934648912689,0.7347764372825623,66000.0
2009-05-06,0.7457432746887207,0.7567100769776683,0.7375181729720098,0.7457432746887207,115300.0
2009-05-07,0.7594517901110518,0.7621934907286357,0.7320347839352119,0.7402598857879639,78100.0
2009-05-08,0.7512266882582997,0.7512266882582997,0.7265513827000439,0.7402598857879639,249000.0
2009-05-11,0.7347763463305295,0.7347763463305295,0.7183260803522642,0.7210678458213806,213500.0
2009-05-12,0.726551378144121,0.7375181805456883,0.7155845103752551,0.718326210975647,177700.0
2009-05-13,0.7128429821624311,0.7128429821624311,0.6963927745819091,0.6963927745819092,108800.0
2009-05-14,0.6963926681607422,0.7046177706940615,0.6717173605607843,0.6909092664718628,629400.0
2009-05-15,0.6881673989375088,0.6991341996588574,0.6826839985768345,0.6854256987571716,99000.0
2009-05-18,0.6909090489419899,0.7101009488105775,0.6909090489419899,0.7101009488105774,96900.0
2009-05-19,0.7073593024871951,0.7238095689897003,0.7046176022979923,0.7128427028656006,101200.0
2009-05-20,0.7155842940704701,0.7265511585243034,0.7073591947555542,0.7073591947555542,49400.0
2009-05-21,0.6991341710090637,0.7046175711450339,0.6826839706011529,0.6991341710090637,176600.0
2009-05-22,0.6963924709410786,0.7101009712810041,0.6909090708051083,0.6991341710090637,81300.0
2009-05-26,0.6909091013519786,0.7155844030548033,0.6909091013519786,0.7128427028656006,163400.0
2009-05-27,0.7128425942988315,0.7183259938421087,0.7046174949839156,0.7073591947555542,59900.0
2009-05-28,0.7073594085740795,0.7210679769433372,0.6936509055721204,0.718326210975647,152500.0
2009-05-29,0.7183263113559855,0.7238097786903381,0.7128429093889403,0.7238097786903381,42200.0
2009-06-01,0.7402598857879639,0.7512266882582997,0.7320347839352119,0.7402598857879639,122800.0
2009-06-02,0.7402598674896615,0.7539683702387243,0.7347764663900364,0.7484849691390991,79900.0
2009-06-03,0.7484849691390992,0.7539683702387243,0.737518166939849,0.7484849691390991,144900.0
2009-06-04,0.7484848221251985,0.7621933221817017,0.7402597220912966,0.7621933221817017,90300.0
2009-06-05,0.8197690877862991,0.8197690877862991,0.7539682221477998,0.7621933221817017,115300.0
2009-06-08,0.7594515574719702,0.7649349570274353,0.7484847583610402,0.7649349570274353,122200.0
2009-06-09,0.7621932414943362,0.7841268392628048,0.7594515417732777,0.7731600403785706,95500.0
2009-06-10,0.7786433849066456,0.7841267839620446,0.7649348872681484,0.7704182863235474,179600.0
2009-06-11,0.7676766839607672,0.7841268832090673,0.7676766839607672,0.7813851833343506,74300.0
2009-06-12,0.7731598569444312,0.7813849541561817,0.7649347597326807,0.7759015560150146,154800.0
2009-06-15,0.7704183565829003,0.7704183565829003,0.7512264581387728,0.7649349570274353,158500.0
2009-06-16,0.7594518190888948,0.7676769212554859,0.7457433154779096,0.7539684176445007,93900.0
2009-06-17,0.7457432808331691,0.7484849814279959,0.734776478453862,0.7430015802383423,105700.0
2009-06-18,0.7430015741164837,0.7512266758331945,0.734776472399773,0.7457432746887207,109200.0
2009-06-19,0.7512266758331945,0.7567100769776683,0.7430015741164837,0.7457432746887207,39100.0
2009-06-22,0.7375182836079509,0.7375182836079509,0.7238097786903381,0.7238097786903381,72800.0
2009-06-23,0.7183262769822386,0.7292931457588437,0.7073594735729379,0.7155845761299133,91600.0
2009-06-24,0.7238097440541934,0.7347765474634941,0.7155845761299134,0.7155845761299133,94500.0
2009-06-25,0.7155844107790456,0.7347763776779175,0.7155844107790456,0.7347763776779175,81900.0
2009-06-26,0.726551277021525,0.7457431785531076,0.726551277021525,0.7347763776779175,33800.0
2009-06-29,0.7402598735442468,0.7484849752609576,0.734776472399773,0.7457432746887207,78400.0
2009-06-30,0.7512266696889117,0.7539683702387243,0.7320347658402239,0.7484849691390991,63400.0
2009-07-01,0.7484849752609576,0.7567100769776683,0.7457432746887207,0.7457432746887207,106000.0
2009-07-02,0.7347763951790832,0.7347763951790832,0.7210678937585816,0.7265512943267822,123400.0
2009-07-06,0.7210678937585816,0.7265512943267822,0.7128427275389898,0.7265512943267822,60700.0
2009-07-07,0.7210678254227155,0.723809525446984,0.7046175599098206,0.7046175599098206,54500.0
2009-07-08,0.7073592599340889,0.7101009599583573,0.693650759812747,0.7046175599098206,59300.0
2009-07-09,0.7073593856921361,0.7101010862038383,0.6991342841570294,0.7018759846687317,35500.0
2009-07-10,0.6991344758453295,0.7046178783721702,0.6936510733184887,0.6963927745819092,44800.0
2009-07-13,0.7018759021087896,0.718326103244006,0.6963925017303841,0.7128427028656006,73100.0
2009-07-14,0.7101011091744714,0.7210679769433372,0.7073594085740795,0.718326210975647,82000.0
2009-07-15,0.7320347718275361,0.7457432746887207,0.7292930712552991,0.7457432746887207,75300.0
2009-07-16,0.7430014441027424,0.75396824447267,0.7402597440102605,0.751226544380188,46300.0
2009-07-17,0.7567097544670105,0.7567097544670105,0.7457429568521259,0.7567097544670105,59700.0
2009-07-20,0.759451622170401,0.7676767222043028,0.7539682221477998,0.7621933221817017,95200.0
2009-07-21,0.7704186503241115,0.7704186503241115,0.7567101462087419,0.7676769495010376,85300.0
2009-07-22,0.762193187740449,0.7759016853789462,0.7594514882127495,0.7704182863235474,36200.0
2009-07-23,0.7704187048637495,0.7923523783683777,0.7704187048637495,0.7923523783683777,104900.0
2009-07-24,0.7978357804027076,0.8005774814198726,0.7841272099495744,0.7923523783683777,132300.0
2009-07-27,0.7950938880976479,0.7978355884552002,0.7841270213001464,0.7978355884552002,78000.0
2009-07-28,0.7923520154295649,0.7950937151908875,0.7841268507783187,0.7950937151908875,69200.0
2009-07-29,0.7868685722351073,0.7923520372762206,0.7841268723981909,0.7868685722351074,52400.0
2009-07-30,0.7950936454453577,0.8033187440078206,0.7950936454453577,0.8005770444869995,56800.0
2009-07-31,0.8005770444869996,0.8060604435286416,0.7978353449661786,0.8005770444869995,38700.0
2009-08-03,0.8279943169566369,0.8279943169566369,0.8088024138843068,0.8142858147621155,141700.0
2009-08-04,0.8142856199503967,0.8252524190822895,0.8115439201674235,0.8225107192993164,96700.0
2009-08-05,0.8170276095068194,0.8252527117729187,0.8115442079960866,0.8252527117729187,64500.0
2009-08-06,0.8252529256648111,0.8252529256648111,0.8115444183349609,0.8115444183349609,130800.0
2009-08-07,0.8197689985367922,0.83347749710083,0.8170272988239846,0.8334774971008301,91800.0
2009-08-10,0.8307361132836515,0.8334778140390179,0.8252527117729187,0.8252527117729187,74100.0
2009-08-11,0.8279946271307811,0.8279946271307811,0.8115444183349609,0.8115444183349609,74500.0
2009-08-12,0.8115442267841048,0.8225110300594622,0.8115442267841048,0.8170276284217834,86800.0
2009-08-13,0.8225110110175522,0.8252527117729187,0.8170276095068194,0.8252527117729187,116000.0
2009-08-14,0.8252523854706194,0.8252523854706194,0.8088021874427794,0.8088021874427795,48100.0
2009-08-17,0.7950940793855427,0.7950940793855427,0.7841272099495744,0.7923523783683777,80200.0
2009-08-18,0.7841268507783187,0.8005771147135325,0.7841268507783187,0.7950937151908875,68000.0
2009-08-19,0.7868685505396412,0.8033188144748551,0.7868685505396412,0.7950937151908875,56200.0
2009-08-20,0.7978355175237091,0.8060606178651138,0.7978355175237091,0.8033189177513123,60200.0
2009-08-21,0.8060607134454025,0.8225109160788284,0.8060607134454025,0.8142858147621155,57700.0
2009-08-24,0.8197690195163432,0.8362192182141824,0.8197690195163432,0.8225107192993164,99500.0
2009-08-25,0.8334778140390179,0.8334778140390179,0.8225110110175522,0.8252527117729187,82200.0
2009-08-26,0.825252478530352,0.8280404909657332,0.8168884412242083,0.8224644660949707,123700.0
2009-08-27,0.8196767323628985,0.8308287858963014,0.8113126922128463,0.8308287858963013,102300.0
2009-08-28,0.8280404909657332,0.8280404909657332,0.8224644660949708,0.8224644660949707,65900.0
2009-08-31,0.8196767093455642,0.8196767093455642,0.8085246561253221,0.8141006827354431,80000.0
2009-09-01,0.8085245848742381,0.8196766371117076,0.7945844531059265,0.7945844531059265,87500.0
2009-09-02,0.7890084269871918,0.7973724661652939,0.7890084269871918,0.7945844531059265,81300.0
2009-09-03,0.7973724720061374,0.7973724720061374,0.7890084327667677,0.7917964458465576,71000.0
2009-09-04,0.7945845874252561,0.8168887621420448,0.7945845874252561,0.811312735080719,62700.0
2009-09-08,0.8141007116170816,0.8336168054448728,0.8141007116170816,0.8280407786369324,131000.0
2009-09-09,0.8252526824483006,0.8391927480697632,0.8252526824483006,0.8391927480697632,63800.0
2009-09-10,0.8336164650946035,0.8531325509543357,0.8308284528289275,0.8503445386886597,111800.0
2009-09-11,0.8503447063902978,0.8559207320213318,0.8475566935747809,0.8559207320213318,77300.0
2009-09-14,0.9311971445117584,0.9311971445117584,0.8419806679437469,0.8559207320213318,92500.0
2009-09-15,0.8559208038333492,0.8754369616508484,0.8559208038333492,0.8754369616508484,143900.0
2009-09-16,0.886588990688324,0.886588990688324,0.8782249517585203,0.886588990688324,159400.0
2009-09-17,0.8754369331542985,0.8949530238650505,0.8754369331542985,0.8893769979476929,104400.0
2009-09-18,0.8865888608610925,0.894952898566112,0.8782248231560729,0.8921648859977722,86300.0
2009-09-21,0.8838009777117227,0.8921650166415264,0.8782249517585203,0.886588990688324,57100.0
2009-09-22,0.8865889736969232,0.8949530124664308,0.883800960773754,0.8949530124664307,83300.0
2009-09-23,0.8921650166415264,0.8977410425947288,0.8838009777117227,0.886588990688324,111800.0
2009-09-24,0.8810129935952715,0.8865890197311329,0.8642848487162126,0.8726489543914795,176900.0
2009-09-25,0.8614968004500626,0.8754369316916382,0.8614968004500626,0.8642848134040833,27300.0
2009-09-28,0.8670730728955734,0.8838012218475342,0.8670730728955734,0.8838012218475342,47800.0
2009-09-29,0.8726489486014163,0.8865890138485768,0.8726489486014163,0.8754369616508484,79700.0
2009-09-30,0.8754371278262154,0.883801168562173,0.8642850070401185,0.8810131549835205,96300.0
2009-10-01,0.8726487433772974,0.8726487433772974,0.86149662733078,0.86149662733078,91300.0
2009-10-02,0.8587087448368487,0.8642847704678827,0.8503447063902978,0.8559207320213318,38300.0
2009-10-05,0.8559207745420212,0.867072826358104,0.8559207745420212,0.8642848134040833,50100.0
2009-10-06,0.8670730728955734,0.8893772493410241,0.8670730728955734,0.8838012218475342,79800.0
2009-10-07,0.8754370152945901,0.8810130417351338,0.8726490020743182,0.8782250285148621,65200.0
2009-10-08,0.886588990688324,0.8949530296181275,0.8838009777117227,0.886588990688324,42100.0
2009-10-09,0.886588984989014,0.8949530238650505,0.8810129590716562,0.8893769979476929,57300.0
2009-10-12,0.8921650109063717,0.9005290497824082,0.8893769979476928,0.8893769979476929,73400.0
2009-10-13,0.8893769979476928,0.8921650109063717,0.8810129590716562,0.8893769979476929,61600.0
2009-10-14,0.8921648754457803,0.9088929506579697,0.8921648754457803,0.89774090051651,135500.0
2009-10-15,0.8921652182367734,0.9033172726631163,0.8921652182367734,0.9033172726631165,48800.0
2009-10-16,0.8949525191216638,0.9088925760530192,0.8893764963491217,0.906104564666748,154500.0
2009-10-19,0.91168086230629,0.9284089356673427,0.9061048378526056,0.9200448989868164,314900.0
2009-10-20,0.922833348634641,0.9256213621829954,0.897741226699451,0.9116812944412231,111200.0
2009-10-21,0.9172566102118324,0.9200446215981034,0.9061045646667482,0.906104564666748,39800.0
2009-10-22,0.892164776718395,0.9200448989868163,0.8698606124322031,0.9200448989868164,129700.0
2009-10-23,0.9172570436019132,0.9200450563054781,0.8977409546769588,0.9005289673805237,47700.0
2009-10-26,0.900528913051875,0.9144689757286996,0.8838008378396854,0.89774090051651,91700.0
2009-10-27,0.8893769866200923,0.9033170512359382,0.883800960773754,0.8949530124664307,127200.0
2009-10-28,0.8949531584806595,0.8949531584806595,0.858708918094635,0.858708918094635,64500.0
2009-10-29,0.8670728617841432,0.8782249805273409,0.8670728617841432,0.8726489543914795,56700.0
2009-10-30,0.8670730442441318,0.86986105789875,0.8475569486618043,0.8475569486618042,55900.0
2009-11-02,0.8503445386886597,0.8810127400825518,0.8224644160318993,0.8503445386886597,139300.0
2009-11-03,0.8531325509543357,0.8531325509543357,0.8475565264229836,0.8503445386886597,88700.0
2009-11-04,0.8531327192058148,0.8782249010169362,0.8531327192058148,0.8559207320213318,78100.0
2009-11-05,0.8559209392835672,0.8726490866988778,0.8559209392835672,0.8698610067367554,35600.0
2009-11-06,0.8614968004500626,0.8754369316916382,0.8614968004500626,0.8642848134040833,37400.0
2009-11-09,0.8726489258053179,0.8893770036649251,0.8726489258053179,0.886588990688324,37500.0
2009-11-10,0.8838008482927526,0.894952898566112,0.8782248231560729,0.8921648859977722,56000.0
2009-11-11,0.8921648859977722,0.9033169362711316,0.8921648859977722,0.8921648859977722,49400.0
2009-11-12,0.8949530529968731,0.8977410660463052,0.8754369616508484,0.8754369616508484,38300.0
2009-11-13,0.8726489201956197,0.8949530238650505,0.8726489201956197,0.8893769979476929,27400.0
2009-11-16,0.8893769866200923,0.9033170512359382,0.8893769866200923,0.8949530124664307,93900.0
2009-11-17,0.8921652182367734,0.9033172726631163,0.8921652182367734,0.9033172726631165,69800.0
2009-11-18,0.8949532318433592,0.9033172726631163,0.8949532318433592,0.9033172726631165,39900.0
2009-11-19,0.8921650109063717,0.8921650109063717,0.8754369331542985,0.8893769979476929,41400.0
2009-11-20,0.886588990688324,0.886588990688324,0.8754369387819192,0.886588990688324,57000.0
2009-11-23,0.8893770036649251,0.8977410425947288,0.8838009777117227,0.886588990688324,47200.0
2009-11-24,0.8921650109063717,0.8977410368237294,0.8782249461129774,0.8893769979476929,73800.0
2009-11-25,0.8977410253895999,0.8977410253895999,0.8865889736969232,0.8949530124664307,32900.0
2009-11-27,0.8782249747002805,0.8838010007991447,0.8726489486014163,0.8754369616508484,24800.0
2009-11-30,0.878225028514862,0.8838010549554057,0.8754370152945901,0.8782250285148621,59700.0
2009-12-01,0.8838008482927526,0.894952898566112,0.8838008482927526,0.8921648859977722,46500.0
2009-12-02,0.8865888608610925,0.8977409111344519,0.8865888608610925,0.8921648859977722,63800.0
2009-12-03,0.8977410368237294,0.9005290497824082,0.8893769979476928,0.8893769979476929,63100.0
2009-12-04,0.8949530124664308,0.9088930770822766,0.8893769866200923,0.8949530124664307,52500.0
2009-12-07,0.9061049381226048,0.9061049381226048,0.8949528879811451,0.89774090051651,49500.0
2009-12-08,0.8893770036649251,0.8949530296181275,0.8838009777117227,0.886588990688324,43100.0
2009-12-09,0.886588984989014,0.8921650109063717,0.886588984989014,0.8893769979476929,21100.0
2009-12-10,0.8921648859977722,0.9033169362711316,0.8921648859977722,0.8921648859977722,93800.0
2009-12-11,0.8977409546769588,0.9061049927876536,0.8977409546769588,0.9005289673805237,48500.0
2009-12-14,0.9005290412077097,0.9228331446647643,0.9005290412077097,0.9228331446647644,127000.0
2009-12-15,0.9172571188005006,0.9256211575968961,0.9061050670719734,0.9228331446647644,87400.0
2009-12-16,0.914314874169303,0.9313517808914183,0.914314874169303,0.9313517808914185,116100.0
2009-12-17,0.9228330630274965,0.9285120303071599,0.9143146121080014,0.9199935793876648,109200.0
2009-12-18,0.9001171939088428,0.9285120303071599,0.9001171939088428,0.9199935793876648,152500.0
2009-12-21,0.9228332852229992,0.9341912225170373,0.9228332852229992,0.9256727695465088,84900.0
2009-12-22,0.9285122582852053,0.9370307112962402,0.9285122582852053,0.9341912269592285,107100.0
2009-12-23,0.9313519825169383,0.9455494078589246,0.9313519825169383,0.9427099227905273,94800.0
2009-12-24,0.9427096508552151,0.9540675878524781,0.9427096508552151,0.954067587852478,38500.0
2009-12-28,0.9483884633641549,0.9654254337564756,0.9483884633641549,0.9569069147109985,141800.0
2009-12-29,0.9569068690380698,0.96542538767696,0.9569068690380698,0.9597464203834534,63200.0
2009-12-30,0.9569068690380698,0.9625859040302066,0.9512279017445631,0.9597464203834534,93300.0
2009-12-31,0.9597466240497542,0.96258610829907,0.9512281036031623,0.954067587852478,87500.0
2010-01-04,0.9512281048134184,0.9739440465354908,0.9512281048134184,0.9711045622825623,127200.0
2010-01-05,0.9711045291390215,0.9824624657630919,0.9682650449830038,0.982462465763092,187000.0
2010-01-06,0.9767831051561537,0.9881410372186601,0.9711041391249007,0.9853015542030334,99900.0
2010-01-07,0.9824623307623824,0.99098078205991,0.9711043956990122,0.9881412982940674,78100.0
2010-01-08,0.9796228469965399,0.9881412982940675,0.9767833632306973,0.9881412982940674,129100.0
2010-01-11,0.9938203475705659,0.9938203475705659,0.9881413795717681,0.990980863571167,88400.0
2010-01-12,0.9767834974510567,0.9853019499191096,0.9739440132950391,0.982462465763092,74600.0
2010-01-13,0.985301814528225,0.99098078205991,0.9739438794648547,0.9881412982940674,51700.0
2010-01-14,0.990980863571167,0.9938203475705659,0.9853018955723691,0.990980863571167,26500.0
2010-01-15,0.9796229816070744,0.9909809182311449,0.9654255608269862,0.982462465763092,88700.0
2010-01-19,0.9853018955723691,0.9994993155693638,0.9796229275735713,0.990980863571167,96900.0
2010-01-20,0.9824623844068767,0.9824623844068767,0.9739439326442239,0.9796229004859924,53100.0
2010-01-21,0.9767833287933755,0.9824622961248437,0.9654253941304389,0.9682648777961731,76600.0
2010-01-22,0.9654256486431532,0.9654256486431532,0.9455491900444032,0.9455491900444031,81600.0
2010-01-25,0.9540675065828205,0.9994993184005315,0.9455490545604944,0.9512280225753784,245500.0
2010-01-26,0.9483885385679365,0.9569069905902625,0.9455490545604944,0.9512280225753784,46100.0
2010-01-27,0.942709489770039,0.9483884572982788,0.9341910384776793,0.9483884572982788,87000.0
2010-01-28,0.9483888929273219,0.9512283779957192,0.9313519825169383,0.9427099227905273,114400.0
2010-01-29,0.9455488780602095,0.9512278450150327,0.9285119771957397,0.9285119771957397,75100.0
2010-02-01,0.9341910323943002,0.9427094836311884,0.9285120649030414,0.9398699998855591,54500.0
2010-02-02,0.9427096508552151,0.9569070721017939,0.9427096508552151,0.954067587852478,13700.0
2010-02-03,0.956907127701604,0.956907127701604,0.9427097056301029,0.9455491900444031,45000.0
2010-02-04,0.937030481226655,0.937030481226655,0.917154095747833,0.9199935793876648,88600.0
2010-02-05,0.9199937315543506,0.9199937315543506,0.880240886322968,0.9086357951164246,109300.0
2010-02-08,0.9143148660659789,0.9256728037800602,0.9086358972089382,0.914314866065979,42700.0
2010-02-09,0.9682649546197695,0.9682649546197695,0.9114752091006721,0.9228331446647644,98900.0
2010-02-10,0.9171540432860933,0.9341909441505629,0.9086355928538584,0.9285119771957397,145100.0
2010-02-11,0.928512497448541,0.9455494078589246,0.917154557174952,0.9427099227905273,148400.0
2010-02-12,0.9341909441505629,0.9398699111053862,0.9228330102409165,0.9285119771957397,94300.0
2010-02-16,0.9313517138579519,0.96258610829907,0.9313517138579519,0.954067587852478,138800.0
2010-02-17,0.9512280723482557,0.9909809182311449,0.9512280723482557,0.982462465763092,186400.0
2010-02-18,0.9767832891271349,0.9938201904296874,0.9739438055767095,0.9938201904296875,93800.0
2010-02-19,0.9824625130571932,0.9994994188134272,0.976783544471782,0.9966599345207214,200600.0
2010-02-22,0.9881413795717681,0.9994993155693638,0.9881413795717681,0.990980863571167,176600.0
2010-02-23,0.9881410372186601,0.9909805202342866,0.9796225881717804,0.9853015542030334,70400.0
2010-02-24,0.9853020221227657,1.0026386976242065,0.9853020221227657,1.0026386976242065,150700.0
2010-02-25,0.9881914428434095,1.0026386720595775,0.9824125511569424,0.9939703345298767,90800.0
2010-02-26,0.9939706477749958,1.0055284347903117,0.9939706477749958,0.9997495412826538,155700.0
2010-03-01,0.9910809972058701,1.0170860126424128,0.9910809972058701,1.0113071203231812,106800.0
2010-03-02,1.011306950200472,1.0257541785682294,1.011306950200472,1.0141963958740234,129900.0
2010-03-03,1.008417538704246,1.034422550647572,1.008417538704246,1.0257542133331299,140400.0
2010-03-04,1.0286436591046106,1.043090887962014,1.0257542133331299,1.0257542133331299,39700.0
2010-03-05,1.0373119798271047,1.043090871277632,1.0315330883765776,1.0402014255523682,79700.0
2010-03-08,1.0459802499116992,1.0604275465011597,1.0402013588318413,1.0604275465011597,38400.0
2010-03-09,1.057537900579495,1.071985125541687,1.0488695656021798,1.071985125541687,61200.0
2010-03-10,0.9766336666484867,1.0893221242526514,0.9708547060297227,1.0806537866592407,329800.0
2010-03-11,1.0777641170802232,1.0806535623449232,1.0633168907567234,1.0662063360214233,144800.0
2010-03-12,1.0633168907567234,1.0719852265508234,1.0517591096979235,1.0662063360214233,293700.0
2010-03-15,1.0662063360214233,1.0806535623449232,1.0604274454920235,1.0662063360214233,133100.0
2010-03-16,1.074874827007936,1.0864326097354697,1.0719853813260525,1.0777642726898193,83400.0
2010-03-17,1.0835432156011056,1.1066587821558527,1.0777643239624188,1.095100998878479,163700.0
2010-03-18,1.095100723370433,1.1037690586476627,1.0748746077235636,1.0835429430007935,157800.0
2010-03-19,1.071985125541687,1.0922112404887558,1.06620623555681,1.071985125541687,53800.0
2010-03-22,1.0690956805492484,1.0777640155265638,1.06620623555681,1.071985125541687,94400.0
2010-03-23,1.0719853813260525,1.0806537183717029,1.0719853813260525,1.0777642726898193,205100.0
2010-03-24,1.0748746395111084,1.080653529866829,1.0719851943332481,1.0748746395111084,170200.0
2010-03-25,1.071985125541687,1.0893217954963172,1.071985125541687,1.071985125541687,109000.0
2010-03-26,1.074874827007936,1.0777642726898193,1.0662064899622856,1.0777642726898193,117300.0
2010-03-29,1.0951007557561299,1.0951007557561299,1.0748746395111084,1.0748746395111084,180300.0
2010-03-30,1.0777640528159735,1.0835429430007935,1.0719851626311538,1.0835429430007935,146600.0
2010-03-31,1.0835432325237109,1.0864326783881812,1.0719854490658298,1.0806537866592407,163900.0
2010-04-01,1.0777640528159735,1.0922112782780231,1.0777640528159735,1.0835429430007935,86900.0
2010-04-05,1.095100861855246,1.095100861855246,1.0864325254818314,1.0893219709396362,70400.0
2010-04-06,1.0922115530591356,1.1037693363365093,1.086432661420449,1.095100998878479,73200.0
2010-04-07,1.0979902563471362,1.1008797016708205,1.092211365699768,1.092211365699768,80500.0
2010-04-08,1.0979904446978224,1.100879890517166,1.086432661420449,1.095100998878479,63300.0
2010-04-09,1.0979901737370064,1.103769063949585,1.0922112835244278,1.103769063949585,39600.0
2010-04-12,1.1066585090558743,1.1095479541621636,1.103769063949585,1.103769063949585,45200.0
2010-04-13,1.1182164633161888,1.1326637599833815,1.1124375722052382,1.1239954233169556,261400.0
2010-04-14,1.1413325743380935,1.1557798081621515,1.1326642340436588,1.1442220211029053,108300.0
2010-04-15,1.152889678253601,1.1557791233062744,1.1442213430955803,1.1557791233062744,152700.0
2010-04-16,1.1500009146325283,1.1500009146325283,1.1297747872788473,1.1442220211029053,203800.0
2010-04-19,1.1413321161805399,1.1615582354149812,1.1355532249706997,1.1500004529953003,215400.0
2010-04-20,1.1471109720841568,1.1500004176001446,1.1384426355361938,1.1384426355361938,163200.0
2010-04-21,1.1384423470938454,1.147110681445549,1.1066583855811343,1.1413317918777466,218500.0
2010-04-22,1.1297740502972529,1.152889609336853,1.126884605417303,1.152889609336853,115200.0
2010-04-23,1.141331829817053,1.155779054216803,1.141331829817053,1.152889609336853,67800.0
2010-04-26,1.1500001336166896,1.1644474265187983,1.1500001336166896,1.161557912826538,68900.0
2010-04-27,1.1500005897276944,1.1557794816246314,1.1355533599853516,1.1355533599853516,120400.0
2010-04-28,1.135553190020206,1.1528898631161322,1.1326637445042185,1.1384426355361938,101800.0
2010-04-29,1.1471107881482538,1.1557791233062744,1.1384424529902333,1.1557791233062744,159200.0
2010-04-30,1.152889829891314,1.1557792753240315,1.1442214935931612,1.147110939025879,78500.0
2010-05-03,1.1442214935931612,1.1557792753240315,1.1442214935931612,1.147110939025879,53600.0
2010-05-04,1.1384423391963285,1.1384423391963285,1.1182161569595337,1.1182161569595337,94400.0
2010-05-05,1.1066587145720799,1.1182164971436184,1.0893220407147721,1.1124376058578491,108600.0
2010-05-06,1.0979902009339901,1.1182163171790118,0.8523871541464502,1.0748746395111084,298300.0
2010-05-07,1.0748746347171292,1.1066585315318342,1.0402012238476441,1.054648518562317,236100.0
2010-05-10,1.0922115701171218,1.1095482453039436,1.0690960032013594,1.0806537866592407,95800.0
2010-05-11,1.0806534979083835,1.0922112782780231,1.0690957175387439,1.0835429430007935,70600.0
2010-05-12,1.0864320900627027,1.1008793115615845,1.0864320900627027,1.1008793115615845,53100.0
2010-05-13,1.100879600277592,1.1153268255653943,1.0979901552200317,1.0979901552200317,51600.0
2010-05-14,1.095100788668423,1.095100788668423,1.0662063360214233,1.0662063360214233,77600.0
2010-05-17,1.0662064375810176,1.0719853286608754,1.0344224677519833,1.0604275465011597,67600.0
2010-05-18,1.0662064375810176,1.0806536652806622,1.0546486554213017,1.0604275465011597,57300.0
2010-05-19,1.0546486886424202,1.0575381342733658,1.0402013915978743,1.0517592430114746,63100.0
2010-05-20,1.040201494543995,1.040201494543995,1.0026386976242065,1.0026386976242065,160400.0
2010-05-21,0.9824125262251006,1.0170858754639571,0.9795230804551959,1.0055280923843384,48000.0
2010-05-24,1.0199752872211263,1.0257541785682294,1.011306950200472,1.0141963958740234,37500.0
2010-05-25,0.9650758318145934,1.0084175894580203,0.9650758318145934,1.0026386976242065,125900.0
2010-05-26,1.0291011765713365,1.0438026079305363,1.008519172668457,1.008519172668457,69200.0
2010-05-27,1.026160858114091,1.0438025751918005,1.026160858114091,1.0320414304733276,98300.0
2010-05-28,1.0438026741798219,1.058504106472109,1.0261609554290771,1.0261609554290771,61800.0
2010-06-01,1.0085192155876623,1.0291012203664431,1.0085192155876623,1.020280361175537,64000.0
2010-06-02,1.034982006513418,1.0467431545257568,1.0173402844949098,1.0467431545257568,23000.0
2010-06-03,1.0555640155350108,1.0879072426709144,1.0320417195103333,1.0467431545257568,67600.0
2010-06-04,1.037922002832564,1.0438025751918005,1.0085191410363818,1.0320414304733276,93100.0
2010-06-07,1.0379220795573492,1.0467429387482554,1.0143997883815998,1.020280361175537,124500.0
2010-06-08,1.017340031483977,1.0202803177558168,1.008519172668457,1.008519172668457,24100.0
2010-06-09,1.0143996808372786,1.0349816834340029,1.0114593947520323,1.0232205390930176,48900.0
2010-06-10,1.0291011551786615,1.0408623000215338,1.0232205827572254,1.0349817276000977,35500.0
2010-06-11,1.0320414413893795,1.0408623000215338,1.0291011551786615,1.0349817276000977,84000.0
2010-06-14,1.0467427117905657,1.0585038548283563,1.0379218545122226,1.0555635690689087,77200.0
2010-06-15,1.0585037121751986,1.076145494456267,1.05262314144882,1.0673246383666992,89700.0
2010-06-16,1.0643844580261446,1.0879068149037556,1.0614441721791863,1.0820262432098389,53700.0
2010-06-17,1.0820266999697623,1.0820266999697623,1.064384907338873,1.076146125793457,45400.0
2010-06-18,1.0790859598194227,1.0790859598194227,1.0643844604492188,1.0643844604492188,23200.0
2010-06-21,1.0732056990361252,1.076145985741623,1.06732512562513,1.0702654123306274,82000.0
2010-06-22,1.0702653205294037,1.0732056069827005,1.0585041046142578,1.0585041046142578,53500.0
2010-06-23,1.0585041046142578,1.067325034076107,1.0496832452543676,1.0585041046142578,57600.0
2010-06-24,1.0496829748153687,1.0732053304834315,1.0379218320323076,1.0496829748153687,77100.0
2010-06-25,1.0467425936694803,1.1026080868967112,1.0408620228141858,1.0732052326202393,107300.0
2010-06-28,1.0790862724471206,1.0790862724471206,1.0614444821121698,1.0702654123306274,107500.0
2010-06-29,1.052623422533283,1.052623422533283,1.0143997026048541,1.0291011333465576,65000.0
2010-06-30,1.0291010319329166,1.0291010319329166,0.9996981733470397,1.0026384592056274,45000.0
2010-07-01,0.9996983790048295,0.9996983790048295,0.9555940119509263,0.9908774495124817,76500.0
2010-07-02,0.9938176870346068,0.9938176870346068,0.9702953280425427,0.9938176870346069,43700.0
2010-07-06,1.026160968324744,1.0438026872971906,0.9820566007916679,0.9967581033706665,97000.0
2010-07-07,1.0232206475725059,1.0438026523512867,1.002638642793725,1.020280361175537,84300.0
2010-07-08,1.0379219695192492,1.0526233999454808,1.017339966922525,1.0232205390930176,30300.0
2010-07-09,1.0202805714979946,1.0467431545257568,1.0202805714979946,1.0467431545257568,26800.0
2010-07-12,1.049683410813638,1.064384845398877,1.0379222631454468,1.0379222631454468,52400.0
2010-07-13,1.0496829748153687,1.064384403294195,1.0379218320323076,1.0496829748153687,61700.0
2010-07-14,1.0585037235222667,1.0614440089169757,1.0438022965487224,1.0526231527328491,45200.0
2010-07-15,1.061444558481829,1.064384845398877,1.0291014023943035,1.0379222631454468,103700.0
2010-07-16,1.040862365954318,1.049683225145224,1.020280361175537,1.020280361175537,33000.0
2010-07-19,1.0291011333465576,1.0291011333465576,1.0085191303081729,1.0291011333465576,99400.0
2010-07-20,1.0173399995752366,1.0349817166529458,1.0085191410363818,1.0320414304733276,32000.0
2010-07-21,1.0496831363849424,1.0496831363849424,1.0291011333465576,1.0291011333465576,43600.0
2010-07-22,1.0555635690689087,1.0585038548283563,1.0467427117905657,1.0555635690689087,45700.0
2010-07-23,1.0614445209503174,1.0643848077633997,1.04086251325874,1.0614445209503174,80900.0
2010-07-26,1.0732052326202393,1.0820260889031807,1.0643843062353635,1.0732052326202393,44300.0
2010-07-27,1.09084756123422,1.09084756123422,1.076146125793457,1.076146125793457,47100.0
2010-07-28,1.0761460251176969,1.0761460251176969,1.0614445209503174,1.0614445209503174,39800.0
2010-07-29,1.0761460251176969,1.0790863119307794,1.05262366051107,1.0614445209503174,59000.0
2010-07-30,1.0614440089169757,1.0614440089169757,1.0467425819434313,1.0526231527328491,85500.0
2010-08-02,1.0673246617649448,1.0790858034755337,1.0673246617649448,1.0732052326202393,68300.0
2010-08-03,1.0790858034755337,1.0790858034755337,1.058503735380069,1.0732052326202393,20900.0
2010-08-04,1.0879068149037556,1.0879068149037556,1.0732053856689638,1.0820262432098389,55400.0
2010-08-05,1.0820262432098389,1.0879068149037556,1.076145671515922,1.0820262432098389,39600.0
2010-08-06,1.0761455158830586,1.1055483701003823,1.0732052304613262,1.10260808467865,67300.0
2010-08-09,1.1173095117873117,1.1173095117873117,1.0937872284134527,1.10260808467865,41100.0
2010-08-10,1.0820262988528784,1.096727728843689,1.0761457268565542,1.096727728843689,45000.0
2010-08-11,1.0879071723700269,1.0879071723700269,1.0585042341372348,1.0614445209503174,32000.0
2010-08-12,1.055563546206899,1.055563546206899,1.0467426891196034,1.0496829748153687,22000.0
2010-08-13,1.0555640155350108,1.0555640155350108,1.034982006513418,1.0467431545257568,41500.0
2010-08-16,1.0496831475510369,1.0496831475510369,1.0291011442937095,1.0320414304733276,45200.0
2010-08-17,1.0438022965487224,1.0526231527328491,1.0379217257593047,1.0526231527328491,42800.0
2010-08-18,1.0585042341372348,1.099668319622357,1.04086251325874,1.0614445209503174,102600.0
2010-08-19,1.0643842943116846,1.0702649352030358,1.0438022965487224,1.0526231527328491,30300.0
2010-08-20,1.0585040060898916,1.0702652209103167,1.0291011442937095,1.0320414304733276,61600.0
2010-08-23,1.0467430142812066,1.0614444473269051,1.0349818678446479,1.0408624410629272,34100.0
2010-08-24,1.0438025416897418,1.0438025416897418,1.0232205390930176,1.0232205390930176,160600.0
2010-08-25,1.0292044435307706,1.035188184489406,1.0142450911341816,1.0262125730514526,70800.0
2010-08-26,1.0202288320928172,1.0531394073653124,1.0202288320928172,1.0262125730514526,53700.0
2010-08-27,1.035187930469707,1.041171669960022,1.0142448422536048,1.041171669960022,42600.0
2010-08-30,1.0351877837552237,1.0471552610397339,1.0262121757918408,1.0471552610397339,75800.0
2010-08-31,1.0381798449609503,1.0561310642056019,1.0351879750868416,1.0441635847091675,57500.0
2010-09-01,1.056131094863545,1.068098574707378,1.0471554849806703,1.0621148347854614,81800.0
2010-09-02,1.0680989782538148,1.0770745915278328,1.0621152360711361,1.0651071071624756,32600.0
2010-09-03,1.0710903117241084,1.089041600593542,1.0680984421345023,1.0770740509033203,79900.0
2010-09-07,1.0830575041346824,1.0830575041346824,1.0680981601362047,1.0740818977355957,26200.0
2010-09-08,1.1309277748480255,1.1369115140272374,1.0680984421345023,1.0770740509033203,66700.0
2010-09-09,1.089041784454765,1.0980173947389213,1.0800661028387992,1.0860499143600464,39500.0
2010-09-10,1.092033460253013,1.092033460253013,1.0770740411092152,1.0890415906906128,43600.0
2010-09-13,1.1129767448190027,1.1219523550999855,1.10400113453802,1.1099848747253418,77600.0
2010-09-14,1.0980174384059753,1.1219524001155945,1.0980174384059753,1.1129767894744873,87600.0
2010-09-15,1.109984919260785,1.1129767894744873,1.1040011788333801,1.1129767894744873,61000.0
2010-09-16,1.106992945632328,1.1219522953033447,1.1040010756981244,1.1219522953033447,69900.0
2010-09-17,1.1279361101628442,1.1309279802959629,1.1129767594972517,1.1189604997634888,40100.0
2010-09-20,1.1249444175495802,1.1369118999705616,1.1219525469443348,1.1309281587600708,68400.0
2010-09-21,1.1339199985251993,1.1369118690490723,1.12494438695358,1.1369118690490723,43000.0
2010-09-22,1.1309281587600708,1.1339200293653162,1.1099850645233533,1.1309281587600708,48400.0
2010-09-23,1.112976358331757,1.12195196549591,1.1069926202223215,1.1159682273864746,64900.0
2010-09-24,1.1279362881548254,1.1339200293653162,1.1219525469443348,1.1309281587600708,47500.0
2010-09-27,1.1369111997798407,1.1428949373051205,1.1309274622545606,1.1399030685424805,58700.0
2010-09-28,1.1428956100968184,1.1428956100968184,1.1219525164297068,1.1369118690490723,54400.0
2010-09-29,1.1399036785360608,1.1488792896270752,1.133919937808718,1.1488792896270752,31900.0
2010-09-30,1.1518705435930403,1.1518705435930403,1.1399030685424805,1.1399030685424805,40200.0
2010-10-01,1.1518705435930403,1.15486241235568,1.1339193310172007,1.1399030685424805,37300.0
2010-10-04,1.1458874806206916,1.1458874806206916,1.1219525164297068,1.1369118690490723,32200.0
2010-10-05,1.1309277436815846,1.1488789607245156,1.1309277436815846,1.142895221710205,60800.0
2010-10-06,1.1458874940872192,1.1548631057643202,1.136911882410118,1.1458874940872192,74400.0
2010-10-07,1.1428956235281855,1.1578549763233539,1.136911882410118,1.1458874940872192,47600.0
2010-10-08,1.1399036785360608,1.1518711599907467,1.1399036785360608,1.1488792896270752,46600.0
2010-10-11,1.1488793338972623,1.154863074855179,1.1488793338972623,1.1518712043762207,9700.0
2010-10-12,1.1488793779380706,1.1578549897190138,1.1399037661571272,1.1548631191253662,41200.0
2010-10-13,1.1608468294143677,1.1728143107350413,1.157854887752384,1.1608468294143677,65900.0
2010-10-14,1.154863074855179,1.169822498581789,1.145887463418304,1.1518712043762207,61600.0
2010-10-15,1.1518712485317184,1.1548631191253662,1.1369118955634794,1.1548631191253662,32200.0
2010-10-18,1.1548629432086963,1.1638386249542236,1.1488792029328851,1.1638386249542236,58200.0
2010-10-19,1.1488792896270752,1.1518711599907467,1.1428955488997323,1.1488792896270752,44700.0
2010-10-20,1.1428955929393458,1.166830628102831,1.1428955929393458,1.1518712043762207,36700.0
2010-10-21,1.1578549453341371,1.1638387576238727,1.1518712043762207,1.1518712043762207,17500.0
2010-10-22,1.1518711470920473,1.1608468294143677,1.148879276761879,1.1608468294143677,67100.0
2010-10-25,1.163838536360281,1.181789755821228,1.163838536360281,1.181789755821228,67200.0
2010-10-26,1.172814130783081,1.1817897403964042,1.1608466512986504,1.172814130783081,100400.0
2010-10-27,1.1608466512986504,1.172814130783081,1.1608466512986504,1.172814130783081,24800.0
2010-10-28,1.172814413358842,1.178798154542769,1.1608469309909881,1.1758062839508057,44200.0
2010-10-29,1.1758059134045917,1.1907652616500854,1.1728140437554928,1.1907652616500854,66600.0
2010-11-01,1.1937572198808348,1.1967490897519426,1.1668303910408657,1.172814130783081,48000.0
2010-11-02,1.1787985235597136,1.1847822666168213,1.172814780502606,1.1847822666168213,17900.0
2010-11-03,1.1847822666168213,1.1877741381453752,1.1787985235597136,1.1847822666168213,35900.0
2010-11-04,1.1967490618347485,1.2057247425704956,1.17879784302686,1.202732801437378,104600.0
2010-11-05,1.2027327433877297,1.2176921630040929,1.2027327433877297,1.2147002220153809,57100.0
2010-11-08,1.1997410921959912,1.2117085722913055,1.1997410921959912,1.208716630935669,36300.0
2010-11-09,1.2057250123107082,1.2147005523908234,1.193757459096311,1.1967493295669556,40400.0
2010-11-10,1.1967496272565312,1.2057253122329712,1.1907658848267955,1.2057253122329712,38500.0
2010-11-11,1.1937571920334338,1.202732801437378,1.1518709434832244,1.202732801437378,60700.0
2010-11-12,1.187773330344169,1.1937570693317532,1.1698221133814168,1.178797721862793,31900.0
2010-11-15,1.1758058687589532,1.1967489555074302,1.1758058687589532,1.18777334690094,56800.0
2010-11-16,1.1758061951847063,1.1758061951847063,1.1428955498258364,1.1698224544525146,45700.0
2010-11-17,1.1668303910408657,1.172814130783081,1.1668303910408657,1.172814130783081,42700.0
2010-11-18,1.1728139992234565,1.1997408963747234,1.1728139992234565,1.18777334690094,51800.0
2010-11-19,1.18777334690094,1.1997408963747234,1.1847814773654433,1.18777334690094,62200.0
2010-11-22,1.184781448799857,1.1937570571899414,1.1758058404097727,1.1937570571899414,88200.0
2010-11-23,1.1877734956415438,1.1877734956415438,1.181789755821228,1.181789755821228,30900.0
2010-11-24,1.1937573424254009,1.2176923751831055,1.1937573424254009,1.2176923751831055,44800.0
2010-11-26,1.1997415698032354,1.211709054662707,1.1997415698032354,1.2057253122329712,18900.0
2010-11-29,1.211708482173125,1.211708482173125,1.1937571920334338,1.202732801437378,62000.0
2010-11-30,1.1967496272565312,1.2147008545457385,1.1967496272565312,1.2057253122329712,65100.0
2010-12-01,1.2147001671563553,1.2326513842871083,1.2147001671563553,1.2236758470535278,47600.0
2010-12-02,1.220683846912507,1.2476107426326193,1.220683846912507,1.2386350631713867,50400.0
2010-12-03,1.229659618725106,1.2446188953992028,1.229659618725106,1.2416270971298218,42400.0
2010-12-06,1.2954809365769988,1.2954809365769988,1.238635334633669,1.2535947561264038,41800.0
2010-12-07,1.256586554826781,1.2685540349555224,1.2535947561264038,1.2535947561264038,108900.0
2010-12-08,1.2535947529734075,1.2655622330720486,1.2476110129240867,1.2565865516662598,64300.0
2010-12-09,1.2535948119581872,1.286505455109787,1.2506028704609404,1.2685540914535522,151500.0
2010-12-10,1.2685541568581202,1.2865055214398977,1.2595786172308616,1.2745380401611328,99100.0
2010-12-13,1.2715460985096265,1.2835135797883914,1.2595786172308616,1.2745380401611328,39600.0
2010-12-14,1.2715459177041009,1.2894971370697021,1.2685539764780291,1.2894971370697021,47900.0
2010-12-15,1.2925384328445442,1.2925384328445442,1.2438782088376232,1.2530019283294678,82800.0
2010-12-16,1.243878215544803,1.289497103287822,1.2408368790185178,1.2590844631195068,139500.0
2010-12-17,1.2682089395928158,1.2925390634668015,1.265167601599079,1.2773326635360718,116900.0
2010-12-20,1.2773324694444106,1.2773324694444106,1.26212621684326,1.2742912769317627,19200.0
2010-12-21,1.271249484419674,1.2925384044647217,1.271249484419674,1.2925384044647217,15800.0
2010-12-22,1.2834145469959637,1.3016622757140819,1.2834145469959637,1.2986209392547607,67300.0
2010-12-23,1.2955799300532351,1.2955799300532351,1.2621259493895192,1.2894972562789917,47200.0
2010-12-27,1.2864560583617737,1.2864560583617737,1.2682084721816187,1.2834147214889526,50100.0
2010-12-28,1.274291006900157,1.2894972562789917,1.274291006900157,1.2894972562789917,37600.0
2010-12-29,1.2894970748957015,1.3016622757140819,1.2803733555555468,1.2986209392547607,57800.0
2010-12-30,1.2894970748957015,1.2986209392547607,1.2864558834552846,1.2986209392547607,38200.0
2010-12-31,1.2864558765974086,1.2986209323320348,1.2834145401543002,1.2925384044647217,28700.0
2011-01-03,1.3107861594250565,1.3138274962657572,1.2894972365969188,1.2955799102783203,46500.0
2011-01-04,1.3107861594250565,1.3229512167500144,1.2864560447751405,1.2955799102783203,75000.0
2011-01-05,1.301662220942268,1.3320748591612444,1.292538356967126,1.3138272762298584,142200.0
2011-01-06,1.3138272762298584,1.3199098038736539,1.2986208846109213,1.3138272762298584,48600.0
2011-01-07,1.3138274962657572,1.3168686880875353,1.2955799102783203,1.2955799102783203,53400.0
2011-01-10,1.304703756392263,1.3077450935258135,1.2864561686477693,1.301662564277649,57700.0
2011-01-11,1.3047035932540894,1.316868650229318,1.2955798730321268,1.3047035932540894,75600.0
2011-01-12,1.3077450609082408,1.3229513111399123,1.3077450609082408,1.316868782043457,19000.0
2011-01-13,1.313827590004696,1.3229513111399123,1.313827590004696,1.316868782043457,13300.0
2011-01-14,1.3168691476807848,1.332075547153545,1.3138279547976164,1.3290342092514038,31800.0
2011-01-18,1.3320747764386307,1.3442398309707644,1.325992249172564,1.3442398309707642,55000.0
2011-01-19,1.3503229372277123,1.3503229372277123,1.3168689504105144,1.3199102878570557,22500.0
2011-01-20,1.3107861217417038,1.316868650229318,1.2955798730321268,1.3047035932540894,57700.0
2011-01-21,1.313827331513558,1.316868522953975,1.2986209392547607,1.2986209392547607,44700.0
2011-01-24,1.2894972365969188,1.3138274962657572,1.277332179271961,1.2955799102783203,91600.0
2011-01-25,1.2955800350294844,1.301662564277649,1.2894973607623834,1.301662564277649,29800.0
2011-01-26,1.2925388951428436,1.3107864856719968,1.286456364966459,1.310786485671997,43800.0
2011-01-27,1.3168689504105144,1.3229514802846458,1.3077452281087931,1.3199102878570557,49600.0
2011-01-28,1.3138273245097694,1.3138273245097694,1.2803733487300955,1.2925384044647217,41700.0
2011-01-31,1.2864560077912461,1.3047035932540894,1.2864560077912461,1.3047035932540894,49200.0
2011-02-01,1.301662220942268,1.325992331517449,1.301662220942268,1.3138272762298584,51600.0
2011-02-02,1.3107859398985118,1.3229509951861023,1.3047034122547165,1.3138272762298584,125300.0
2011-02-03,1.310786420536383,1.3229514802846458,1.304703890662252,1.3199102878570557,32500.0
2011-02-04,1.319910485582926,1.332075547153545,1.3047040861101655,1.3290342092514038,47500.0
2011-02-07,1.3351165547471133,1.3381578922271729,1.329034024805947,1.3381578922271729,30700.0
2011-02-08,1.344240506229452,1.356405566872518,1.3290341079161385,1.3533642292022705,73400.0
2011-02-09,1.3442404221683393,1.3533641445706124,1.3381578922271729,1.3381578922271729,48800.0
2011-02-10,1.3320749827284784,1.3594462871551514,1.3320749827284784,1.3594462871551514,65300.0
2011-02-11,1.359446231720795,1.3746526241302488,1.3533637037607946,1.374652624130249,67200.0
2011-02-14,1.3746529120267306,1.3837767783870147,1.3564053243250982,1.3776942491531372,87300.0
2011-02-15,1.3868179704944854,1.3868179704944854,1.37161171991926,1.3776942491531372,23200.0
2011-02-16,1.37769366125841,1.392899905344769,1.37769366125841,1.3837761878967285,28900.0
2011-02-17,1.3776938629782427,1.3959414455649808,1.3776938629782427,1.3929001092910767,27400.0
2011-02-18,1.392899905344769,1.3959412411733652,1.3716111346200919,1.3837761878967285,71900.0
2011-02-22,1.368570627515584,1.3807356881586499,1.3533642292022705,1.3533642292022705,50400.0
2011-02-23,1.347184147093149,1.3626334177031216,1.3162854585366346,1.3379144668579102,73200.0
2011-02-24,1.341004729270935,1.3440945251953553,1.3255553076390212,1.341004729270935,24200.0
2011-02-25,1.3440944982411986,1.3688134544872692,1.3440944982411986,1.3595439195632935,32400.0
2011-02-28,1.3626334193627743,1.3719030996093033,1.350273943925115,1.368813157081604,54700.0
2011-03-01,1.3626333316382757,1.3657232739670486,1.3410043246831027,1.3471840620040894,47700.0
2011-03-02,1.3471840060130353,1.362633275005126,1.344094063812685,1.356453537940979,12300.0
2011-03-03,1.365723268234313,1.38117253780365,1.365723268234313,1.38117253780365,54900.0
2011-03-04,1.3842624639652366,1.3842624639652366,1.3440940983479157,1.3657232522964478,51200.0
2011-03-07,1.3657236586248112,1.374993193548787,1.347184441440258,1.3595439195632935,26000.0
2011-03-08,1.3564541836321937,1.3688136636437738,1.3502744436264038,1.3502744436264038,135600.0
2011-03-09,1.356453537940979,1.356453537940979,1.344094063812685,1.356453537940979,44200.0
2011-03-10,1.328644871711731,1.3410043465552908,1.3224651342899512,1.328644871711731,58000.0
2011-03-11,1.3317346450333434,1.3502738569963026,1.3317346450333434,1.3471840620040894,26500.0
2011-03-14,1.3502744436264038,1.3533643872976107,1.3286454272744508,1.3502744436264038,70300.0
2011-03-15,1.3348245873621163,1.3533637993250758,1.3039257534206243,1.3471840620040894,73100.0
2011-03-16,1.3317346318761265,1.3502738436559232,1.3193751573562622,1.3193751573562622,85400.0
2011-03-17,1.3224650996545075,1.3348245741743718,1.307015682836398,1.3193751573562622,168400.0
2011-03-18,1.3255552154788872,1.3317349542346815,1.3193754767230932,1.322465419769287,48700.0
2011-03-21,1.3255548825986163,1.344094094210335,1.3255548825986163,1.334824562072754,24100.0
2011-03-22,1.337914873715306,1.3410048171788878,1.3131959153531056,1.3317351341247559,91000.0
2011-03-23,1.3255551798681813,1.3471843386006956,1.3255551798681813,1.3440943956375122,25700.0
2011-03-24,1.3502736912064401,1.3533636331558228,1.3379142180819932,1.3533636331558228,28200.0
2011-03-25,1.35336379364422,1.3873522750986964,1.35336379364422,1.38117253780365,160200.0
2011-03-28,1.3842626711775499,1.396622147473517,1.378082933029566,1.387352466583252,83800.0
2011-03-29,1.3935324562622642,1.4028019905090332,1.3811728317055882,1.4028019905090332,64400.0
2011-03-30,1.40589184742345,1.4151613811028028,1.3904424281757535,1.4120715856552124,48000.0
2011-03-31,1.4120716089193983,1.4275208810850435,1.408981666084319,1.4244310855865479,88600.0
2011-04-01,1.4306110040544717,1.439880539053709,1.4151615826069401,1.4337007999420166,86500.0
2011-04-04,1.4460602781654013,1.4460602781654013,1.4213413217186324,1.4337007999420166,34000.0
2011-04-05,1.4398802275022504,1.4398802275022504,1.3997120056358778,1.427520751953125,115700.0
2011-04-06,1.4182513238869747,1.424431062118737,1.3997121091916878,1.4120715856552124,63400.0
2011-04-07,1.4028016797612528,1.4028016797612528,1.3842624680379194,1.3966219425201416,81000.0
2011-04-08,1.3904420039232692,1.4089812129618617,1.3811723257357047,1.4058914184570312,47400.0
2011-04-11,1.408981729119076,1.408981729119076,1.3935324562622642,1.4028019905090332,35700.0
2011-04-12,1.3842624801194525,1.390442217414499,1.378082742824406,1.38117253780365,12600.0
2011-04-13,1.3904420137405396,1.3966217501303695,1.3842622773507098,1.3904420137405396,22700.0
2011-04-14,1.3842622405193228,1.3997116547511,1.3780825042939189,1.3935319185256958,17100.0
2011-04-15,1.3966221664075158,1.4120715856552124,1.3935323709599254,1.4120715856552124,20400.0
2011-04-18,1.3873524764350285,1.3873524764350285,1.3719032046236517,1.3842626810073853,34100.0
2011-04-19,1.390441976744727,1.396621712970131,1.3811722987383541,1.3935319185256958,20100.0
2011-04-20,1.4182513238869747,1.421341119334565,1.3997121091916878,1.4120715856552124,46400.0
2011-04-21,1.424430956734129,1.427520751953125,1.3966220630803112,1.427520751953125,39900.0
2011-04-25,1.418251218959566,1.4460599652768131,1.4151612764039994,1.427520751953125,25500.0
2011-04-26,1.433701118444451,1.4429708028395878,1.4244315813859492,1.4367910623550415,53800.0
2011-04-27,1.4429700750272412,1.4460598700427507,1.427520657940011,1.439880132675171,78900.0
2011-04-28,1.4398803577521933,1.4429703005872725,1.3997121322522486,1.4244310855865479,67100.0
2011-04-29,1.4213410141785623,1.427520751953125,1.4151612764039994,1.427520751953125,72000.0
2011-05-02,1.4244308122020672,1.4337003442550786,1.4151611328125,1.4151611328125,69000.0
2011-05-03,1.4120715856552124,1.4182513238869747,1.3966221664075158,1.4120715856552124,70000.0
2011-05-04,1.4120711647732127,1.4120711647732127,1.3842622773507098,1.3904420137405396,46000.0
2011-05-05,1.387352071877356,1.399711691993553,1.3749925990976966,1.3904420137405396,45000.0
2011-05-06,1.405891390976504,1.405891390976504,1.3811722987383541,1.3935319185256958,23700.0
2011-05-09,1.3966219425201416,1.4028016797612528,1.387352262990196,1.3966219425201416,56000.0
2011-05-10,1.4058913186544435,1.4337000565699543,1.3997115827469382,1.4213405847549438,47100.0
2011-05-11,1.4213406578717476,1.4213406578717476,1.390441976744727,1.3935319185256958,45500.0
2011-05-12,1.3997121091916878,1.4120715856552124,1.3842626899439912,1.4120715856552124,61000.0
2011-05-13,1.4120713592911984,1.4120713592911984,1.3904422052790304,1.3966219425201416,32800.0
2011-05-16,1.387352466583252,1.4028018856215008,1.3842626711775499,1.387352466583252,33500.0
2011-05-17,1.3749927374951147,1.3749927374951147,1.3595434686337906,1.3719029426574707,47300.0
2011-05-18,1.3626335236675613,1.3935323619634756,1.3564537854756944,1.3842626810073853,75000.0
2011-05-19,1.390442419199252,1.3966221573911188,1.3811727382431616,1.3842626810073853,25500.0
2011-05-20,1.3904420137405396,1.3904420137405396,1.3811723354875263,1.3904420137405396,27500.0
2011-05-23,1.390441866066921,1.390441866066921,1.3657229231329082,1.3780823945999146,87200.0
2011-05-24,1.3873519245319086,1.3873519245319086,1.3719026588664114,1.3780823945999146,46700.0
2011-05-25,1.378082916046874,1.3937786815927535,1.3749438527492464,1.3875004053115845,68500.0
2011-05-26,1.3937788009643555,1.400057077783234,1.3843613108930746,1.3937788009643555,31600.0
2011-05-27,1.4031960965954424,1.4063353097477214,1.3937787565104496,1.3969178199768066,69600.0
2011-05-31,1.4063349962234497,1.4126132714424249,1.4000567210044745,1.4063349962234497,81200.0
2011-06-01,1.4094742974527192,1.4094742974527192,1.384361192328043,1.3875004053115845,63000.0
2011-06-02,1.378082916046874,1.3875004053115845,1.3718046397657049,1.3875004053115845,76200.0
2011-06-03,1.3812222039786053,1.3843612674465653,1.3686656507349206,1.3718047142028809,70800.0
2011-06-06,1.3655264823177489,1.371804759145277,1.35610914191942,1.3623874187469482,38800.0
2011-06-07,1.3686654119470112,1.3812219629999831,1.3623871364205251,1.3655261993408203,47600.0
2011-06-08,1.3623874946909438,1.3623874946909438,1.3498309403359436,1.352970004081726,35900.0
2011-06-09,1.3529699286626926,1.3655264823177489,1.3529699286626926,1.3623874187469482,66900.0
2011-06-10,1.3498307466506958,1.3529698099460588,1.3372741940974169,1.3498307466506958,141600.0
2011-06-13,1.3529697649115093,1.3529697649115093,1.340413212776184,1.340413212776184,51200.0
2011-06-14,1.3498307028402776,1.362387254986018,1.3466914899608882,1.3592480421066284,63600.0
2011-06-15,1.3498304601168778,1.3498304601168778,1.3309954855992199,1.3341346979141235,70500.0
2011-06-16,1.340413212776184,1.3435524256529698,1.327856660640859,1.340413212776184,91900.0
2011-06-17,1.3498307017206324,1.3498307017206324,1.3341349367085216,1.340413212776184,31800.0
2011-06-20,1.337274149585307,1.3466914888438466,1.3247174477640733,1.340413212776184,34900.0
2011-06-21,1.3435525442475513,1.3718047142028809,1.3435525442475513,1.3718047142028809,69100.0
2011-06-22,1.3718047142028809,1.3812222039786053,1.3655264375810385,1.3718047142028809,77800.0
2011-06-23,1.3623871364205251,1.3686654119470112,1.3466913727613623,1.3655261993408203,57300.0
2011-06-24,1.3686654119470112,1.3718044748673062,1.3592479238143342,1.3655261993408203,52700.0
2011-06-27,1.3529696482878482,1.3686654119470112,1.3498305853675532,1.3655261993408203,28600.0
2011-06-28,1.374943927356763,1.3906395440684076,1.3623873741130783,1.3718047142028809,100000.0
2011-06-29,1.3812221290304154,1.4000569578739226,1.3749438527492464,1.3875004053115845,58900.0
2011-06-30,1.3843613108930746,1.400057077783234,1.3843613108930746,1.3937788009643555,44500.0
2011-07-01,1.3937783739124507,1.4157524108886719,1.3937783739124507,1.4157524108886719,40000.0
2011-07-05,1.418891473493343,1.418891473493343,1.406334923702897,1.4157524108886719,67700.0
2011-07-06,1.4126132016606088,1.4283089637756348,1.4094739893632513,1.4283089637756348,50300.0
2011-07-07,1.4377260262841307,1.4565608474078615,1.4377260262841307,1.4502825736999512,55500.0
2011-07-08,1.4283093957005837,1.4408659493153906,1.4283093957005837,1.4377267360687256,40800.0
2011-07-11,1.418891473493343,1.418891473493343,1.4094739863075683,1.4157524108886719,82000.0
2011-07-12,1.412613034248352,1.4220305203384542,1.40947382232303,1.412613034248352,32800.0
2011-07-13,1.4283088424986126,1.4440044535950507,1.4126130817163063,1.4220305681228638,35600.0
2011-07-14,1.415752482656623,1.4283090330835913,1.396917507330282,1.4000567197799683,22100.0
2011-07-15,1.4000567210044745,1.409474058989993,1.3969175085520427,1.4063349962234497,25900.0
2011-07-18,1.3969175806577918,1.4031958562008375,1.3843610295717004,1.390639305114746,30600.0
2011-07-19,1.3874999375892305,1.4157522461736738,1.3874999375892305,1.412613034248352,51700.0
2011-07-20,1.422030414163338,1.4440042972564697,1.4188912024724036,1.4440042972564697,106800.0
2011-07-21,1.4628394865491605,1.4753960371017456,1.4471438732013742,1.4753960371017456,64900.0
2011-07-22,1.4659788598986105,1.4659788598986105,1.4534223079681394,1.4534223079681396,54500.0
2011-07-25,1.4440048191773331,1.459700583933375,1.4440048191773331,1.4534223079681396,56400.0
2011-07-26,1.4440048187001246,1.453422307487819,1.4377265427369639,1.4471440315246582,59100.0
2011-07-27,1.440865345146786,1.440865345146786,1.4157522484473337,1.4188913106918335,105600.0
2011-07-28,1.4126132714424249,1.4314480970993506,1.3937784457854991,1.4063349962234497,86500.0
2011-07-29,1.3655259031695677,1.412613034248352,1.3623868409301092,1.412613034248352,91200.0
2011-08-01,1.418891862984993,1.4251701396036287,1.3843612667395349,1.3969178199768066,50400.0
2011-08-02,1.3812220067869578,1.393778558237993,1.3561089038848877,1.3561089038848877,61700.0
2011-08-03,1.3529699286626926,1.3623874187469482,1.3184393312683245,1.3623874187469482,94300.0
2011-08-04,1.3435525462709803,1.3435525462709803,1.2996044601659753,1.302743673324585,118100.0
2011-08-05,1.305882568788317,1.3153000573666132,1.1614821500034178,1.2619346380233765,228800.0
2011-08-08,1.104977538902209,1.249378025493341,1.104977538902209,1.1457864046096802,323000.0
2011-08-09,1.1928739499874548,1.2242654150236638,1.1426477256782848,1.2117087841033936,245400.0
2011-08-10,1.2274041904420487,1.2274041904420487,1.1803170442581177,1.1803170442581177,44600.0
2011-08-11,1.1740385203750852,1.2870475425932002,1.1740385203750852,1.2587953805923462,153000.0
2011-08-12,1.2901867548632282,1.302743304571581,1.2493778934681419,1.2587953805923462,41200.0
2011-08-15,1.283908561803882,1.3027433875663341,1.2807693493338619,1.2870476245880127,62900.0
2011-08-16,1.2807695111258057,1.2964652760868793,1.2619346829840625,1.2713521718978882,30800.0
2011-08-17,1.2807699476784353,1.3058830604272738,1.252517695835992,1.2682133913040161,102800.0
2011-08-18,1.2211257932264812,1.2211257932264812,1.183456065044531,1.1960126161575317,79400.0
2011-08-19,1.1771775429032616,1.202290639868793,1.1583427201791132,1.1614818572998047,40100.0
2011-08-22,1.2117080512308671,1.2399603601600222,1.1583427201791132,1.1614818572998047,69500.0
2011-08-23,1.177177907202644,1.2211259153357765,1.170899631018333,1.2054301500320435,31600.0
2011-08-24,1.2787763591608228,1.2883431788902557,1.224563797790248,1.2723983526229858,111200.0
2011-08-25,1.2723978573224652,1.2723978573224652,1.2309412491342602,1.256453037261963,71600.0
2011-08-26,1.2373193805230536,1.2660200595855713,1.218185518450468,1.2660200595855713,41800.0
2011-08-29,1.2692094135448366,1.31066603872564,1.2692094135448366,1.3074769973754883,67100.0
2011-08-30,1.3074771617477716,1.3106662034988403,1.2851544777378114,1.3106662034988403,35000.0
2011-08-31,1.3298000839803992,1.345744837583199,1.3042883565664072,1.326611042022705,35600.0
2011-09-01,1.3425559292502498,1.3425559292502498,1.2947213649749756,1.2947213649749756,30400.0
2011-09-02,1.2596420692683337,1.3074765320318986,1.2500751767156206,1.278775930404663,76400.0
2011-09-06,1.227752982200451,1.2596427164583108,1.2118081530869924,1.2532647848129272,25700.0
2011-09-07,1.2660208294225181,1.3106664333652642,1.2660208294225181,1.2915326356887817,61400.0
2011-09-08,1.2787763591608228,1.3106660116953621,1.2723983526229858,1.2723983526229858,34900.0
2011-09-09,1.2596420012740634,1.2755868213345656,1.2468861452256617,1.256453037261963,45100.0
2011-09-12,1.2500758152164462,1.2596427126556402,1.2341309101201803,1.2468868494033813,31900.0
2011-09-13,1.2596424988350732,1.2883431862807992,1.2564535335633258,1.2819652557373047,44400.0
2011-09-14,1.2851544374439656,1.3170440936454055,1.2787765062036776,1.3138550519943237,129000.0
2011-09-15,1.3138553236137247,1.3202332561725523,1.2436980654666219,1.2915326356887817,204100.0
2011-09-16,1.28834359620812,1.3042885036711636,1.2851547059526556,1.2979105710983276,82500.0
2011-09-19,1.2787764118815135,1.2851543426513672,1.2500756473862398,1.2851543426513672,78100.0
2011-09-20,1.2819656071295076,1.3010994040046464,1.2692097425460815,1.2692097425460815,33200.0
2011-09-21,1.2723983300519952,1.2755872952488803,1.2405086780831442,1.2436976432800293,60400.0
2011-09-22,1.211808194004456,1.211808194004456,1.1735406028400261,1.1926743984222412,77200.0
2011-09-23,1.176729207775923,1.2086188572965761,1.1735402428238577,1.1831071376800537,64400.0
2011-09-26,1.1894850839251916,1.211807838896316,1.176729223941692,1.2022409439086914,76300.0
2011-09-27,1.2149972944078544,1.2436980669886555,1.2149972944078544,1.2213752269744873,66400.0
2011-09-28,1.2245635743676266,1.234130468382501,1.1926739276513794,1.199051856994629,86200.0
2011-09-29,1.2118081921967525,1.2245640558992008,1.170351635163796,1.1894854307174683,98700.0
2011-09-30,1.1607844292750829,1.1831071848291446,1.1448395278483996,1.1480284929275513,131000.0
2011-10-03,1.135272459325898,1.1480283176954837,1.084249025847556,1.0906269550323486,123000.0
2011-10-04,1.0714933350646094,1.1129499602223634,1.0555485084773697,1.1033830642700195,82200.0
2011-10-05,1.1288948219251045,1.1512175798416138,1.1097610294252391,1.1512175798416138,70200.0
2011-10-06,1.1575957626864102,1.1767295580950423,1.1384618912468336,1.1735405921936035,91000.0
2011-10-07,1.1831074898979197,1.1862964557993583,1.1607847285878488,1.1735405921936035,42100.0
2011-10-10,1.1862959983081298,1.2149966803527525,1.1862959983081298,1.199051856994629,67900.0
2011-10-11,1.1862960131156255,1.2149966955184937,1.1862960131156255,1.2149966955184937,47300.0
2011-10-12,1.2181861452315446,1.2405089831299554,1.2181861452315446,1.2277530431747437,51600.0
2011-10-13,1.2149972944078544,1.2309421258244364,1.2022414292745887,1.2213752269744873,71800.0
2011-10-14,1.2532647848129272,1.2532647848129272,1.2373199556994687,1.2532647848129272,41100.0
2011-10-17,1.246886915092088,1.246886915092088,1.2181861452315446,1.2277530431747437,71900.0
2011-10-18,1.224564012680986,1.2532647810295108,1.2181860810548566,1.2468868494033813,25900.0
2011-10-19,1.2500757576207158,1.2723985172836745,1.2086191279299963,1.2245639562606812,54200.0
2011-10-20,1.2245641932578035,1.2341310921077528,1.205430395557905,1.2213752269744873,69600.0
2011-10-21,1.2405091511205601,1.2436981175334785,1.221375276612093,1.2373201847076416,81700.0
2011-10-24,1.2373199556994687,1.2596427164583108,1.2373199556994687,1.2532647848129272,19400.0
2011-10-25,1.2564530185612823,1.2564530185612823,1.2373192347734614,1.2405081987380981,52500.0
2011-10-26,1.250075704421906,1.2596426010131836,1.2245639041475636,1.2596426010131836,38600.0
2011-10-27,1.281965660819587,1.3042885008064369,1.2755877282607595,1.2915326356887817,80300.0
2011-10-28,1.2915323519659412,1.3010991726715972,1.2851544208082126,1.2883433103561401,51500.0
2011-10-31,1.2755868213345656,1.2755868213345656,1.256453037261963,1.256453037261963,30800.0
2011-11-01,1.2149971792504781,1.2405089831299554,1.2022413153262128,1.2277530431747437,28800.0
2011-11-02,1.2436976482702142,1.2596424743186165,1.2373197178508535,1.2500755786895752,30300.0
2011-11-03,1.256453105084096,1.278775930404663,1.2532641408998584,1.278775930404663,29800.0
2011-11-04,1.2692093946503151,1.2851542970399814,1.2596424988350732,1.2819652557373047,18000.0
2011-11-07,1.269209387369532,1.2787763591608228,1.2564535263557162,1.2723983526229858,32900.0
2011-11-08,1.272398482461819,1.2883433103561401,1.2564536545674978,1.2883433103561401,51000.0
2011-11-09,1.2532647810295108,1.262831678468705,1.2436978835903167,1.2468868494033813,55500.0
2011-11-10,1.2564535040675697,1.2564535040675697,1.2373197128862592,1.2436976432800293,38500.0
2011-11-11,1.2532647904163963,1.2692096196011458,1.2500758245794465,1.262831687927246,78700.0
2011-11-14,1.2692088933103647,1.2692088933103647,1.250075109237762,1.256453037261963,20600.0
2011-11-15,1.2532646699523318,1.2660205320740352,1.2436977733610541,1.2596426010131836,34100.0
2011-11-16,1.2532647810295108,1.2692096100948345,1.2436978835903167,1.2468868494033813,40300.0
2011-11-17,1.246887033271972,1.246887033271972,1.211808328124538,1.2213752269744873,84100.0
2011-11-18,1.2245639521620624,1.227752917817526,1.2181860208511353,1.2181860208511353,57500.0
2011-11-21,1.1958630139169415,1.2086188739004413,1.1639733639581922,1.2022409439086914,53300.0
2011-11-22,1.199051973480573,1.205429903443428,1.1926740435177179,1.1958630084991455,38300.0
2011-11-23,1.18310688553207,1.18310688553207,1.1703510284423828,1.1703510284423828,85400.0
2011-11-25,1.1639730998975393,1.1767289569872266,1.1639730998975393,1.1703510284423828,31900.0
2011-11-28,1.1958630139169415,1.211807838896316,1.1926740489210665,1.2022409439086914,76400.0
2011-11-29,1.1990522208190904,1.2118080833760585,1.1990522208190904,1.2086191177368164,78100.0
2011-11-30,1.2341302131463605,1.2628309652861638,1.2341302131463605,1.256453037261963,89400.0
2011-12-01,1.2532647848129272,1.2628316822810024,1.2500758189902357,1.2532647848129272,54200.0
2011-12-02,1.2755875455717693,1.2787765874254036,1.2500758189902357,1.2532647848129272,138900.0
2011-12-05,1.2755876748377946,1.2819656071295076,1.2596428441085121,1.2692097425460815,46000.0
2011-12-06,1.2692097425460815,1.2755876748377946,1.2628318102543687,1.2692097425460815,52200.0
2011-12-07,1.2596421309050119,1.269209023925851,1.2468862735438928,1.2660200595855713,25400.0
2011-12-08,1.2564543015145324,1.2564543015145324,1.2309424877166748,1.2309424877166748,36600.0
2011-12-09,1.2436978929055467,1.262831687927246,1.2405089270685967,1.262831687927246,72400.0
2011-12-12,1.2468868494033813,1.2468868494033813,1.2309419443071155,1.2468868494033813,31700.0
2011-12-13,1.2500757576207158,1.2500757576207158,1.21499705926227,1.2245639562606812,54400.0
2011-12-14,1.2180674509167737,1.224563804459585,1.2018265670597454,1.2115710973739624,70000.0
2011-12-15,1.2180674946924555,1.2180674946924555,1.1985784333636111,1.2050747871398926,49200.0
2011-12-16,1.2050749437605632,1.2148194756914585,1.1985785891399663,1.2083231210708618,31300.0
2011-12-19,1.2180675451544258,1.2213157221771316,1.1823375979046615,1.1888339519500732,84400.0
2011-12-20,1.1985786918927999,1.2310604677804113,1.1985786918927999,1.2278122901916504,38700.0
2011-12-21,1.247301363722204,1.2570458965509717,1.1660968460398105,1.2180677652359009,117100.0
2011-12-22,1.2180677057732905,1.2473013028324922,1.2180677057732905,1.2440531253814697,149900.0
2011-12-23,1.2343086299108241,1.2473013401031494,1.22456409726658,1.2473013401031494,68900.0
2011-12-27,1.2570458727473934,1.2570458727473934,1.2408049850069867,1.2473013401031494,147700.0
2011-12-28,1.2602940141683976,1.2602940141683976,1.2310603414273582,1.2375566959381104,90600.0
2011-12-29,1.2440529684918897,1.2473011455332792,1.231060260326332,1.2408047914505005,64700.0
2011-12-30,1.2310603414273582,1.2473012277042386,1.2310603414273582,1.2375566959381104,93900.0
2012-01-03,1.270038852316037,1.2797833864329164,1.2537978846785651,1.2602943181991577,119900.0
2012-01-04,1.2700387239456177,1.2700387239456177,1.2310605139751885,1.2700387239456177,107900.0
2012-01-05,1.2570458620188794,1.2700386495429765,1.2537976844985204,1.2635422945022583,51600.0
2012-01-06,1.2570456623494568,1.2830311558274485,1.250549308340621,1.2667902708053589,81500.0
2012-01-09,1.2765352083939567,1.2765352083939567,1.240805172522726,1.2602943181991577,113500.0
2012-01-10,1.2830314347882055,1.2830314347882055,1.2602941908136767,1.2700387239456177,50600.0
2012-01-11,1.2570456623494568,1.2667902708053589,1.2537974853450389,1.2667902708053589,136400.0
2012-01-12,1.2700386789883538,1.2765350341796875,1.2667905013926868,1.2765350341796875,57000.0
2012-01-13,1.2732869016562647,1.2732869016562647,1.2537977579497173,1.2700387239456177,36600.0
2012-01-17,1.2797829348249241,1.2830311117176718,1.270038404146681,1.2732865810394287,44100.0
2012-01-18,1.273286255606796,1.2960234880447388,1.273286255606796,1.2960234880447388,42100.0
2012-01-19,1.2992716641073019,1.3090162697376175,1.2960234880447388,1.2960234880447388,46500.0
2012-01-20,1.2960239623798582,1.305768494133974,1.2960239623798582,1.3025203943252563,54200.0
2012-01-23,1.2732867216202548,1.305768494133974,1.2505494034179971,1.3025203943252563,188400.0
2012-01-24,1.2960236031565864,1.3057681322097778,1.2927754268055227,1.3057681322097778,41300.0
2012-01-25,1.2992721656170572,1.3252575841477485,1.2992721656170572,1.3187612295150757,36000.0
2012-01-26,1.3220092490609419,1.3252573483567176,1.305768287926211,1.3155128955841064,321900.0
2012-01-27,1.3025201886304354,1.318760994879882,1.3025201886304354,1.3155128955841064,80400.0
2012-01-30,1.302520346120883,1.3155130546455294,1.29927209154707,1.3122648000717163,51000.0
2012-01-31,1.325257508596363,1.328505763170176,1.3057684458093932,1.3122648000717163,51300.0
2012-02-01,1.3220091629983224,1.33500186910617,1.3220091629983224,1.328505516052246,47400.0
2012-02-02,1.3317539691925049,1.3382503239735293,1.3285058692446503,1.3317539691925049,38700.0
2012-02-03,1.3479949637758482,1.3512430637964432,1.344746708869934,1.344746708869934,89900.0
2012-02-06,1.3447463842033487,1.3577390909194946,1.341498284966953,1.3577390909194946,66600.0
2012-02-07,1.3577396412089775,1.3674842526382014,1.351243285217943,1.3642359972000122,224800.0
2012-02-08,1.3674837312824226,1.3707318305969238,1.3609873777681352,1.3707318305969238,55400.0
2012-02-09,1.3707318305969238,1.3804764383109973,1.3642354770826364,1.3707318305969238,62600.0
2012-02-10,1.3642355242773305,1.3674837785894878,1.3577391705383066,1.3609874248504639,40900.0
2012-02-13,1.3739803281680913,1.3772284280579241,1.3544912641731561,1.3674839735031128,191300.0
2012-02-14,1.3707318305969238,1.3707318305969238,1.3642354770826364,1.3707318305969238,53100.0
2012-02-15,1.37398008479671,1.3804764383109973,1.3674837312824226,1.3707318305969238,46600.0
2012-02-16,1.3544907502989554,1.3804761591003807,1.3512424967561503,1.3739798069000244,147200.0
2012-02-17,1.3804766290756345,1.3902212381362915,1.37722837442698,1.3902212381362915,44400.0
2012-02-21,1.390221202784112,1.3934693024648637,1.3804765939712524,1.3804765939712524,65200.0
2012-02-22,1.3738714846236018,1.3870817752465912,1.367266339312107,1.3705689907073975,82800.0
2012-02-23,1.370569232800422,1.3870820202563825,1.370569232800422,1.383779525756836,52800.0
2012-02-24,1.3936872496741253,1.4002923965454102,1.3870821028028402,1.4002923965454102,34900.0
2012-02-27,1.3936872496741253,1.4035950487206144,1.3837796081067593,1.4002923965454102,94600.0
2012-02-28,1.4035946551930252,1.413502451461653,1.4002920039437894,1.4068973064422607,158300.0
2012-02-29,1.413502173572053,1.4267124610137412,1.4068970298512091,1.410199522972107,171800.0
2012-03-01,1.413502419456331,1.4267127091960008,1.413502419456331,1.4234100580215454,105000.0
2012-03-02,1.4267127057263107,1.4300151994136587,1.4135024160187677,1.4168049097061157,45300.0
2012-03-05,1.416804666692951,1.416804666692951,1.4068970298512091,1.410199522972107,65000.0
2012-03-06,1.3936871667345896,1.3936871667345896,1.3672665808217614,1.383779525756836,82000.0
2012-03-07,1.3936868906021118,1.396989541926415,1.3870817454325883,1.3936868906021118,53600.0
2012-03-08,1.406897309722896,1.4135024547576904,1.4002920072090224,1.4135024547576904,64400.0
2012-03-09,1.4201075997924848,1.4201075997924848,1.406897309722896,1.4135024547576904,78600.0
2012-03-12,1.420107317292897,1.4234098104137949,1.4002917286513168,1.410199522972107,70300.0
2012-03-13,1.420107487665984,1.4333177766925362,1.4135023431527078,1.4267126321792603,125700.0
2012-03-14,1.4366203477612152,1.4366203477612152,1.420107564326166,1.4234100580215454,79800.0
2012-03-15,1.4300155639648438,1.4366207105024529,1.4234104174272346,1.4300155639648438,80300.0
2012-03-16,1.4333178997039795,1.4366203935045134,1.4267127546238307,1.4333178997039795,92500.0
2012-03-19,1.4333176655995028,1.4498304468632934,1.4333176655995028,1.43992280960083,74900.0
2012-03-20,1.43992280960083,1.463040734865948,1.4267125215981755,1.43992280960083,125700.0
2012-03-21,1.4432257390686787,1.4432257390686787,1.4333180988116878,1.4366205930709839,76400.0
2012-03-22,1.4366203442674301,1.4366203442674301,1.4135024160187677,1.4168049097061157,107500.0
2012-03-23,1.4267127481231732,1.4300152419086596,1.4101998067585007,1.4201076030731201,93300.0
2012-03-26,1.4366207105024529,1.4366207105024529,1.4201079228979878,1.4300155639648438,139300.0
2012-03-27,1.436620270209641,1.443225414722917,1.4234099811830885,1.4267126321792603,201800.0
2012-03-28,1.433318215973206,1.433318215973206,1.4234104174272346,1.4300155639648438,113100.0
2012-03-29,1.4234099811830885,1.4267126321792603,1.4168048366698123,1.4267126321792603,77700.0
2012-03-30,1.4399232448093824,1.4432257390686787,1.430015447073289,1.4366205930709839,52200.0
2012-04-02,1.4399228981105991,1.4564356803894043,1.4366202471673994,1.4564356803894043,42100.0
2012-04-03,1.459737885064439,1.459737885064439,1.4465276002883911,1.4465276002883911,50200.0
2012-04-04,1.4333178540658356,1.4366203477612152,1.420107564326166,1.4234100580215454,82600.0
2012-04-05,1.4234099811830885,1.4267126321792603,1.420107487665984,1.4267126321792603,39200.0
2012-04-09,1.413502458023067,1.4201076030731201,1.4035946617084476,1.4201076030731201,51400.0
2012-04-10,1.4168049774349851,1.4201076287592884,1.3936868906021118,1.3936868906021118,94800.0
2012-04-11,1.4068970298512091,1.420107317292897,1.4068970298512091,1.410199522972107,123500.0
2012-04-12,1.413502419456331,1.4267127091960008,1.413502419456331,1.4234100580215454,56800.0
2012-04-13,1.4234100545598873,1.4300151994136587,1.4101997648523443,1.4168049097061157,33800.0
2012-04-16,1.426712744827279,1.426712744827279,1.4101998035007535,1.4135024547576904,77000.0
2012-04-17,1.4168049131517106,1.4300152028913804,1.413502419456331,1.4234100580215454,40300.0
2012-04-18,1.4201076030731201,1.4201076030731201,1.413502458023067,1.4201076030731201,37400.0
2012-04-19,1.4234100968586068,1.4267127481231732,1.4168049518085537,1.4201076030731201,40900.0
2012-04-20,1.4267127091960008,1.4300152028913804,1.4168049131517106,1.4234100580215454,66800.0
2012-04-23,1.4002920039437894,1.4068973064422607,1.3903843651542407,1.4068973064422607,73600.0
2012-04-24,1.4101998002124174,1.4101998002124174,1.4002920039437894,1.4068973064422607,42100.0
2012-04-25,1.4168049582640676,1.4366203935045134,1.4168049582640676,1.4333178997039795,40100.0
2012-04-26,1.430015213133549,1.4465281541659443,1.430015213133549,1.4432255029678345,36400.0
2012-04-27,1.4432249503548709,1.4465276002883911,1.430014665578823,1.4465276002883911,44200.0
2012-04-30,1.4432257390686787,1.4432257390686787,1.430015447073289,1.4366205930709839,40000.0
2012-05-01,1.4333173155123433,1.4498300927428949,1.4267121731243193,1.4465276002883911,43700.0
2012-05-02,1.4267125215981755,1.43992280960083,1.4234098708579845,1.43992280960083,33000.0
2012-05-03,1.443225414722917,1.443225414722917,1.420107487665984,1.4267126321792603,72000.0
2012-05-04,1.42341004753883,1.42341004753883,1.3771740337904919,1.4035946130752563,64500.0
2012-05-07,1.4035946870959384,1.4035946870959384,1.3903843967568914,1.3936868906021118,34000.0
2012-05-08,1.380476955931555,1.4035950487206144,1.3705693143641893,1.4002923965454102,49300.0
2012-05-09,1.3804766388826837,1.3936869295912961,1.3738714935283776,1.3903844356536865,41000.0
2012-05-10,1.3903844356536865,1.4002920749456023,1.38708178423699,1.3903844356536865,40400.0
2012-05-11,1.3870820202563825,1.390384672235043,1.383779525756836,1.383779525756836,29000.0
2012-05-14,1.3804768282799973,1.383779480149808,1.3672665357589722,1.3672665357589722,39800.0
2012-05-15,1.3738716820194847,1.3771743338892954,1.3573588951077578,1.3672665357589722,31000.0
2012-05-16,1.3804767475472877,1.3804767475472877,1.3606613099245914,1.3639639616012573,59100.0
2012-05-17,1.3639634703030084,1.36726596331102,1.337542896322744,1.34414803981781,42200.0
2012-05-18,1.3441485835787488,1.3441485835787488,1.2946099085858904,1.307820200920105,83600.0
2012-05-21,1.3177274442892457,1.3177274442892457,1.2979120129440298,1.3144248723983765,151200.0
2012-05-22,1.3243327225917716,1.344148154771619,1.3243327225917716,1.33754301071167,36000.0
2012-05-23,1.3341823581352084,1.3509856462478638,1.3039364395324284,1.3509856462478638,53000.0
2012-05-24,1.3543465717616232,1.3610678879385298,1.3442645173718544,1.3476252555847168,52600.0
2012-05-25,1.3543463214011524,1.3543463214011524,1.334182296473486,1.344264268875122,28300.0
2012-05-29,1.3577073305784366,1.367789386311181,1.3442646964340037,1.354346752166748,39700.0
2012-05-30,1.3509854286171734,1.3509854286171734,1.330821486130203,1.3341821432113647,29500.0
2012-05-31,1.3409031629562378,1.3409031629562378,1.3274605375831414,1.3409031629562378,29400.0
2012-06-01,1.3106581468204102,1.3207401227037152,1.2871334563016097,1.300576090812683,73000.0
2012-06-04,1.2904939039327812,1.3039366163703843,1.2602479812280942,1.283772587776184,33400.0
2012-06-05,1.2871335744857788,1.2938548923584645,1.27705159767675,1.2871335744857788,110000.0
2012-06-06,1.2972149730485585,1.3207396552410313,1.2972149730485585,1.3173789978027344,54600.0
2012-06-07,1.3274615921829782,1.3341829102092673,1.2972155809402466,1.2972155809402466,30000.0
2012-06-08,1.3072974402803417,1.3241007328033447,1.2972153846421208,1.3241007328033447,34000.0
2012-06-11,1.3375432436182157,1.3543466147178487,1.2938546069582282,1.3106579780578613,57100.0
2012-06-12,1.324100523275845,1.3274611812486505,1.3039365754390124,1.3207398653030396,94600.0
2012-06-13,1.320739923380759,1.3274612396219305,1.307297290898416,1.3140186071395874,55800.0
2012-06-14,1.3173792073302342,1.3341824971942613,1.3106578913846232,1.3207398653030396,51600.0
2012-06-15,1.3173792652601732,1.3375432139836878,1.3140186071395874,1.3140186071395874,78700.0
2012-06-18,1.3106582762321743,1.3173795941513606,1.3039369583129883,1.3039369583129883,66400.0
2012-06-19,1.3173789978027344,1.3274609701176254,1.3140183403644372,1.3173789978027344,125600.0
2012-06-20,1.3207398653030396,1.3274611812486505,1.3106578913846232,1.3207398653030396,53300.0
2012-06-21,1.3140188054481785,1.3241007813314836,1.2938547735571464,1.300576090812683,127300.0
2012-06-22,1.307297319862817,1.3241006108380384,1.307297319862817,1.3106579780578613,197400.0
2012-06-25,1.3039369583129883,1.3039369583129883,1.2904942423501862,1.3039369583129883,23400.0
2012-06-26,1.300575923348317,1.3106579780578613,1.2972152651532725,1.3106579780578613,127600.0
2012-06-27,1.300575923348317,1.3140186362529056,1.2972152651532725,1.3106579780578613,94600.0
2012-06-28,1.307297319862817,1.3140186362529056,1.2972152651532725,1.3106579780578613,158200.0
2012-06-29,1.317378568553319,1.3409031629562378,1.317378568553319,1.3409031629562378,180700.0
2012-07-02,1.3341825431064946,1.350985833548761,1.3341825431064946,1.3476252555847168,61500.0
2012-07-03,1.3476252555847168,1.3476252555847168,1.3308218850180413,1.3476252555847168,86100.0
2012-07-05,1.3409037347390438,1.3610677615213194,1.3409037347390438,1.3577070236206055,53100.0
2012-07-06,1.3375432011949477,1.350985833548761,1.3375432011949477,1.3476252555847168,95600.0
2012-07-09,1.3442638192995118,1.3442638192995118,1.3341818502696896,1.3409031629562378,69500.0
2012-07-10,1.3375433668217471,1.347625422459968,1.3173794157941436,1.3241007328033447,173300.0
2012-07-11,1.3341822849942195,1.3442642573091106,1.3173789978027344,1.3173789978027344,107100.0
2012-07-12,1.307297319862817,1.3173792944479499,1.300575923348317,1.3106579780578613,139200.0
2012-07-13,1.307297499576851,1.3308221101760864,1.307297499576851,1.3308221101760864,105600.0
2012-07-16,1.320740074298744,1.3274613913079454,1.320740074298744,1.3241007328033447,144000.0
2012-07-17,1.3375429424325165,1.3375429424325165,1.3140183403644372,1.3173789978027344,271400.0
2012-07-18,1.3207400450248459,1.3274613618850708,1.3140187281646212,1.3274613618850708,158400.0
2012-07-19,1.330821639006274,1.344264268875122,1.327460981539062,1.344264268875122,694300.0
2012-07-20,1.3375433668217471,1.3409040253263478,1.320740074298744,1.3241007328033447,144200.0
2012-07-23,1.3039366616677728,1.3106579780578613,1.2938546069582282,1.3106579780578613,51000.0
2012-07-24,1.3106582366323154,1.3106582366323154,1.256887614779007,1.2636089324951172,133500.0
2012-07-25,1.273690399768193,1.290493687339463,1.263608427225431,1.266969084739685,78500.0
2012-07-26,1.2837729448876687,1.2972155809402466,1.2804122858745242,1.2972155809402466,64000.0
2012-07-27,1.3039368409198173,1.33418276883312,1.3039368409198173,1.3308221101760864,33000.0
2012-07-30,1.344264268875122,1.3610676363355765,1.34090361140791,1.344264268875122,98700.0
2012-07-31,1.3476252684698549,1.3476252684698549,1.3140186071395874,1.3140186071395874,168000.0
2012-08-01,1.3208444815722449,1.3242575946274469,1.3106053865259204,1.3174314498901367,198600.0
2012-08-02,1.3037800788879395,1.3071931125483867,1.2833018769252564,1.3037800788879395,267300.0
2012-08-03,1.3242575946274469,1.334496689673771,1.3174314498901367,1.3174314498901367,83300.0
2012-08-06,1.3310837745666504,1.3413228705097044,1.3208445972504952,1.3310837745666504,94900.0
2012-08-07,1.3481490827870346,1.351562115143534,1.3413230180740356,1.3413230180740356,87400.0
2012-08-08,1.3379100126710974,1.3549751747973897,1.3379100126710974,1.3515621423721313,49400.0
2012-08-09,1.3447360075886785,1.3549751043319702,1.3447360075886785,1.3549751043319702,28400.0
2012-08-10,1.3413229753409148,1.358388136579734,1.3413229753409148,1.3549751043319702,58600.0
2012-08-13,1.3549751043319702,1.3618011688274978,1.3515620720842063,1.3549751043319702,75900.0
2012-08-14,1.3618014742327331,1.392518771351441,1.3618014742327331,1.3822797536849976,213900.0
2012-08-15,1.3754530747977383,1.3925181508868723,1.3686270118128487,1.389105200767517,97300.0
2012-08-16,1.3891051810086898,1.3993441939672933,1.3788660053039097,1.3959312438964844,79200.0
2012-08-17,1.3925182819366455,1.3993443455639352,1.3822792678688083,1.3925182819366455,95700.0
2012-08-20,1.3925181508868723,1.3925181508868723,1.3822791377826276,1.389105200767517,14700.0
2012-08-21,1.382279012109412,1.4061701490113152,1.382279012109412,1.3993440866470337,115100.0
2012-08-22,1.392518771351441,1.3959318857377567,1.3822797536849976,1.3822797536849976,62100.0
2012-08-23,1.3856927053250616,1.3891058197113773,1.375453687658618,1.3822797536849976,62600.0
2012-08-24,1.3822792678688083,1.3925182819366455,1.3720400910547765,1.3925182819366455,90600.0
2012-08-27,1.3925183025359449,1.3925183025359449,1.3788661750794118,1.3856922388076782,27500.0
2012-08-28,1.389105200767517,1.389105200767517,1.3822791377826276,1.389105200767517,33000.0
2012-08-29,1.3856920879019827,1.3925181508868723,1.3686270118128487,1.389105200767517,84100.0
2012-08-30,1.3925183025359449,1.3925183025359449,1.3720401113511451,1.3856922388076782,55800.0
2012-08-31,1.389105200767517,1.3925181508868723,1.3788660249170934,1.389105200767517,52500.0
2012-09-04,1.3891051810086898,1.3959312438964844,1.3788660053039097,1.3959312438964844,68100.0
2012-09-05,1.389105200767517,1.3959312637524064,1.3856920879019827,1.389105200767517,27800.0
2012-09-06,1.3925181232861072,1.4095833617831741,1.3925181232861072,1.4061702489852905,47300.0
2012-09-07,1.4095838069915771,1.4129967581212448,1.4061706931156823,1.4095838069915771,24100.0
2012-09-10,1.4061706931156823,1.4164098719971396,1.4061706931156823,1.4095838069915771,156000.0
2012-09-11,1.4266488226592222,1.4300619363784792,1.419822757966928,1.430061936378479,95700.0
2012-09-12,1.4300617962746156,1.4368878602981567,1.419822618866202,1.4368878602981567,79300.0
2012-09-13,1.4368878602981567,1.4368878602981567,1.4300617962746156,1.4368878602981567,71800.0
2012-09-14,1.4505398273468018,1.457365890612704,1.4403006510748557,1.4505398273468018,61500.0
2012-09-17,1.4573654424638525,1.4573654424638525,1.4368872589633135,1.4471262693405151,89600.0
2012-09-18,1.4539529403528457,1.4539529403528457,1.4368877008149974,1.4505398273468018,45500.0
2012-09-19,1.450540345190166,1.4676055908203123,1.450540345190166,1.4676055908203125,220100.0
2012-09-20,1.4607788639461783,1.4641918138797068,1.4539528013329508,1.4573657512664795,104600.0
2012-09-21,1.4641922602467516,1.4676053739669568,1.4505401308583703,1.4607793092727661,110200.0
2012-09-24,1.4607790823701734,1.4641920328140259,1.4573659691801266,1.4641920328140259,66500.0
2012-09-25,1.4573654424638525,1.46760461558719,1.4471262693405151,1.4471262693405151,62200.0
2012-09-26,1.4266486828897431,1.4368878602981567,1.4061704908191195,1.4368878602981567,192200.0
2012-09-27,1.4300617962746156,1.4368878602981567,1.4300617962746156,1.4368878602981567,109400.0
2012-09-28,1.436887839502375,1.443713903427124,1.4232357116528769,1.443713903427124,144400.0
2012-10-01,1.4471272915943112,1.4471272915943112,1.3959318780514824,1.4266490936279297,167500.0
2012-10-02,1.4300619363784792,1.4403009520438104,1.423235871686185,1.430061936378479,94100.0
2012-10-03,1.426648246798478,1.43347430873546,1.419822184861496,1.423235297203064,75400.0
2012-10-04,1.4300623041155172,1.4368883705631175,1.4198231230709857,1.4334752559661865,54400.0
2012-10-05,1.43347430873546,1.4403003706724422,1.423235297203064,1.423235297203064,163700.0
2012-10-08,1.4164098609772688,1.426648877032838,1.4129967471279286,1.4198228120803833,57600.0
2012-10-09,1.4164094246327659,1.4164094246327659,1.4061702489852905,1.4061702489852905,9600.0
2012-10-10,1.4095833617831741,1.4164094246327659,1.4027572989335826,1.4061702489852905,36800.0
2012-10-11,1.4095833617831741,1.412996311834882,1.3925181232861072,1.4061702489852905,26800.0
2012-10-12,1.4129962921142578,1.430061530373152,1.3993441666056117,1.4129962921142578,43300.0
2012-10-15,1.4266487460265962,1.4300618595625172,1.4095836665856238,1.4164097309112549,48600.0
2012-10-16,1.4129967471279286,1.4198228120803833,1.4095837960248143,1.4198228120803833,47200.0
2012-10-17,1.423235297203064,1.43347430873546,1.416409235266082,1.423235297203064,44600.0
2012-10-18,1.4164094048645062,1.4232354676188292,1.409583342110183,1.4129962921142578,30000.0
2012-10-19,1.4095833696720734,1.416409432559868,1.3822791181208953,1.3959312438964844,114800.0
2012-10-22,1.3856922183093558,1.3925182819366455,1.368627140614229,1.3925182819366455,82400.0
2012-10-23,1.4061704509996835,1.4061704509996835,1.3583880041879814,1.378866195678711,25000.0
2012-10-24,1.382278969525944,1.382278969525944,1.372039794921875,1.372039794921875,58500.0
2012-10-25,1.3822792883166433,1.38910535204491,1.3652140476228787,1.3856922388076782,101200.0
2012-10-26,1.3856922480061418,1.3856922480061418,1.368627169945293,1.375453233718872,34300.0
2012-10-31,1.392819930782303,1.392819930782303,1.3685063076692852,1.378926396369934,50500.0
2012-11-01,1.3719796219647102,1.3997666069935415,1.3719796219647102,1.392819881439209,85000.0
2012-11-02,1.399767012156559,1.403240293127567,1.3893468379974365,1.3893468379974365,43800.0
2012-11-05,1.3858734369277954,1.3893468006168768,1.378926709549633,1.3858734369277954,23500.0
2012-11-06,1.3893464358505418,1.3997666069935415,1.3893464358505418,1.392819881439209,39300.0
2012-11-07,1.375453233718872,1.382399960530663,1.36155978009529,1.375453233718872,82300.0
2012-11-08,1.375453201952305,1.385873291929336,1.3615597486495972,1.3615597486495972,103700.0
2012-11-09,1.354612978720753,1.3685064315795898,1.3441928062651143,1.3685064315795898,35900.0
2012-11-12,1.3719800036461314,1.3719800036461314,1.354613184928894,1.354613184928894,15200.0
2012-11-13,1.3546131555357341,1.368506610208056,1.316406072375327,1.3441929817199707,72400.0
2012-11-14,1.3546130542229478,1.3546130542229478,1.3059858836951712,1.3129326105117798,75100.0
2012-11-15,1.3059855348062803,1.3198789847279173,1.2677785475217789,1.2920920848846436,71900.0
2012-11-16,1.2886191035200247,1.316406011581421,1.2816723765046756,1.316406011581421,73200.0
2012-11-19,1.3372460104907962,1.3546129084752665,1.3302992844216106,1.3511395454406738,52000.0
2012-11-20,1.358086109161377,1.358086109161377,1.3441925758723614,1.358086109161377,52300.0
2012-11-21,1.35808638532392,1.368506475300951,1.35808638532392,1.3615597486495972,49000.0
2012-11-23,1.368506618482389,1.3858734369277954,1.368506618482389,1.3858734369277954,23800.0
2012-11-26,1.382399960530663,1.3858733239365586,1.368506506907081,1.375453233718872,45900.0
2012-11-27,1.3789267466498387,1.3893468379974365,1.3719800190847735,1.3893468379974365,80800.0
2012-11-28,1.3754533828673061,1.3893468379974365,1.3650332915197083,1.3893468379974365,72200.0
2012-11-29,1.3893462005033834,1.3962929248809814,1.3858728383145844,1.3962929248809814,31000.0
2012-11-30,1.385873474214904,1.399767012156559,1.3824001104323713,1.3893468379974365,62600.0
2012-12-03,1.403240255373202,1.4067137018738058,1.3858734369277954,1.3858734369277954,56800.0
2012-12-04,1.3893462005033834,1.3962929248809814,1.3858728383145844,1.3962929248809814,57400.0
2012-12-05,1.3928204496708723,1.3928204496708723,1.3824002742767334,1.3824002742767334,32600.0
2012-12-06,1.3824000732387143,1.3858734369277954,1.3754533458605516,1.3858734369277954,85900.0
2012-12-07,1.399767178059275,1.399767178059275,1.3789269100825319,1.3824002742767334,64100.0
2012-12-10,1.3858730730733755,1.3997666069935415,1.3754529847418766,1.392819881439209,64200.0
2012-12-11,1.3858735029763678,1.3997670412063599,1.3824001391217515,1.3997670412063599,56100.0
2012-12-12,1.396293594540217,1.4067137689155929,1.392820313497127,1.3997670412063599,45700.0
2012-12-13,1.403239886959207,1.403239886959207,1.3823997102962091,1.392819881439209,57100.0
2012-12-14,1.3962935279950393,1.3962935279950393,1.3824000732387143,1.3858734369277954,32100.0
2012-12-17,1.3928202845914939,1.3928202845914939,1.385873474214904,1.3893468379974365,55200.0
2012-12-18,1.396293551011361,1.4206071800472353,1.396293551011361,1.410187005996704,126200.0
2012-12-19,1.4101871245725053,1.4136605714224302,1.3997671152688538,1.406713843345642,78400.0
2012-12-20,1.406713637023423,1.4240803718566895,1.4032401906829473,1.4240803718566895,69000.0
2012-12-21,1.3962933883371715,1.4136602878570557,1.3928201078070117,1.4136602878570557,43000.0
2012-12-24,1.4136600513497528,1.4171333312988281,1.4067133258286018,1.4171333312988281,40400.0
2012-12-26,1.4240807481659932,1.4240807481659932,1.3893471036981555,1.4032405614852905,74500.0
2012-12-27,1.4067133325478742,1.4067133325478742,1.3858730730733755,1.392819881439209,42100.0
2012-12-28,1.3928202845914939,1.3928202845914939,1.385873474214904,1.3893468379974365,39800.0
2012-12-31,1.3997669975692206,1.410187005996704,1.3858734597723537,1.410187005996704,65000.0
2013-01-02,1.4345004123719032,1.444920419182011,1.4275536859574904,1.441447138786316,86300.0
2013-01-03,1.4379738128613817,1.4483939861647628,1.4379738128613817,1.444920539855957,89900.0
2013-01-04,1.4518671359098045,1.465760588645935,1.4449204095417394,1.465760588645935,75000.0
2013-01-07,1.4553404617816112,1.4657604676621319,1.4553404617816112,1.462287187576294,61300.0
2013-01-08,1.462287829537124,1.4657611111477715,1.4449209246146464,1.455341100692749,125200.0
2013-01-09,1.462287308273413,1.469234034641478,1.4553405819053478,1.465760588645935,49000.0
2013-01-10,1.4657612111125484,1.4761813879013062,1.4657612111125484,1.4761813879013062,30700.0
2013-01-11,1.4727070331573486,1.47618047848812,1.4657603081187947,1.4727070331573486,40600.0
2013-01-14,1.4761813879013062,1.4796548353719223,1.4692346585831648,1.4761813879013062,18400.0
2013-01-15,1.4692337534495663,1.47618047848812,1.4657603081187947,1.4727070331573486,31400.0
2013-01-16,1.4692337534495663,1.483127203526674,1.4692337534495663,1.4727070331573486,87100.0
2013-01-17,1.4831271943009225,1.4900739192962646,1.4796539146147458,1.4900739192962646,78000.0
2013-01-18,1.4866007566452026,1.4970207621470537,1.4866007566452026,1.4866007566452026,48800.0
2013-01-22,1.493547886185667,1.493547886185667,1.4727075382987382,1.4796544313430786,177300.0
2013-01-23,1.493779433478601,1.5008422136306763,1.4867166533265257,1.5008422136306763,82000.0
2013-01-24,1.4937795457098488,1.5149678877580057,1.4937795457098488,1.5114365816116333,153800.0
2013-01-25,1.5149682964042392,1.529093861579895,1.5079055138164115,1.529093861579895,63900.0
2013-01-28,1.5361562298061628,1.5361562298061628,1.5008423263925679,1.5114365816116333,134400.0
2013-01-29,1.504374078819176,1.5220309495925903,1.504374078819176,1.5220309495925903,54700.0
2013-01-30,1.5185002212951437,1.5220315294391429,1.5043746519390087,1.5079059600830078,41800.0
2013-01-31,1.5114370485353799,1.5114370485353799,1.469060182957733,1.5043742656707764,50800.0
2013-02-01,1.504374078819176,1.5255624247812765,1.504374078819176,1.5220309495925903,64300.0
2013-02-04,1.5220306992215493,1.5220306992215493,1.5079051375704426,1.514967918395996,41100.0
2013-02-05,1.5184996641271467,1.5361565351486206,1.5149681888888473,1.5361565351486206,48500.0
2013-02-06,1.5326255467682952,1.5326255467682952,1.522031287241998,1.5255627632141113,59600.0
2013-02-07,1.5255624247812765,1.529093731579957,1.5149681676052236,1.5220309495925903,40700.0
2013-02-08,1.5255624462137378,1.5361565351486206,1.5220309709754385,1.5361565351486206,44000.0
2013-02-11,1.536156427127404,1.5432192087173462,1.5326251205274306,1.5432192087173462,34100.0
2013-02-12,1.5396881103515625,1.5432194174291252,1.5326253278064184,1.5396881103515625,22400.0
2013-02-13,1.5290935389926155,1.5502818822860718,1.5290935389926155,1.5502818822860718,16100.0
2013-02-14,1.5361561466916986,1.5432189269922827,1.5255620604358053,1.5326248407363892,58900.0
2013-02-15,1.5326253370688188,1.5467509022444743,1.529093861579895,1.529093861579895,11600.0
2013-02-19,1.5326251017045962,1.5467506647109985,1.5290936267579986,1.5467506647109985,35600.0
2013-02-20,1.5432192955546908,1.5432192955546908,1.5220309495925903,1.5220309495925903,30900.0
2013-02-21,1.5185002212951437,1.5185002212951437,1.4937803907268727,1.5079059600830078,59300.0
2013-02-22,1.5008427900434615,1.522031138637272,1.5008427900434615,1.5043742656707764,41700.0
2013-02-25,1.5114364423820241,1.5255620024462522,1.486716628074646,1.486716628074646,51200.0
2013-02-26,1.4973108518562213,1.5149678877580057,1.4831852904907832,1.5114365816116333,50600.0
2013-02-27,1.5079057201336303,1.5255627632141113,1.5043744125515597,1.5255627632141113,49800.0
2013-02-28,1.529094070796182,1.54321963790455,1.522031287241998,1.5255627632141113,74400.0
2013-03-01,1.5220308639475195,1.5432192087173462,1.5220308639475195,1.5432192087173462,27500.0
2013-03-04,1.522030586090531,1.5361561466916986,1.522030586090531,1.5326248407363892,89300.0
2013-03-05,1.543219101188253,1.5502818822860718,1.5361563200904342,1.5502818822860718,183700.0
2013-03-06,1.5502819903072884,1.5502819903072884,1.5432192087173462,1.5432192087173462,38900.0
2013-03-07,1.5502818822860718,1.553813357029973,1.543219101188253,1.5502818822860718,57200.0
2013-03-08,1.5573451519012451,1.5573451519012451,1.5467510611262911,1.5573451519012451,30200.0
2013-03-11,1.553813844439606,1.5573451519012451,1.5502823685879301,1.5573451519012451,24900.0
2013-03-12,1.5644075342740047,1.5644075342740047,1.5396878832077974,1.5467506647109985,105000.0
2013-03-13,1.5467512692717118,1.5538140535354614,1.5432197929448073,1.5538140535354614,48000.0
2013-03-14,1.553813498634181,1.5644075870513916,1.5467507168927075,1.5644075870513916,70000.0
2013-03-15,1.567939009220602,1.567939009220602,1.5432191897644012,1.5467506647109985,77100.0
2013-03-18,1.532625013736517,1.553813357029973,1.532625013736517,1.5502818822860718,35200.0
2013-03-19,1.553813574560102,1.5573448814083937,1.5361565351486206,1.5361565351486206,49100.0
2013-03-20,1.5502823685879301,1.560876627752921,1.5502823685879301,1.5573451519012451,50100.0
2013-03-21,1.5608762277174009,1.5608762277174009,1.5467506647109985,1.5467506647109985,74000.0
2013-03-22,1.5573448053099181,1.5644075870513916,1.553813498634181,1.5644075870513916,14300.0
2013-03-25,1.5573453614723065,1.5714709299998058,1.5502825772085569,1.5538140535354614,49600.0
2013-03-26,1.5608761427171693,1.5714702302000547,1.5573446679628846,1.5679389238357544,42400.0
2013-03-27,1.5750016159655815,1.5750016159655815,1.5608760545265161,1.5714701414108276,51100.0
2013-03-28,1.5714700039493459,1.5750014781951907,1.564407223847617,1.5750014781951904,38000.0
2013-04-01,1.5714702302000547,1.5750017049543397,1.5644074490814697,1.5679389238357544,51400.0
2013-04-02,1.567939062117128,1.567939062117128,1.5644075870513916,1.5644075870513916,35400.0
2013-04-03,1.5679389192256106,1.5679389192256106,1.543219101188253,1.5502818822860718,83200.0
2013-04-04,1.553813574560102,1.553813574560102,1.5290937530620294,1.5361565351486206,44600.0
2013-04-05,1.5184996641271467,1.5361565351486206,1.5184996641271467,1.5361565351486206,47600.0
2013-04-08,1.5326253278064184,1.5396881103515625,1.5184997627161303,1.5396881103515625,46200.0
2013-04-09,1.5432197929448073,1.5538140535354614,1.5396884850079622,1.5538140535354614,23900.0
2013-04-10,1.5538132738069832,1.5714701414108276,1.5467504930874505,1.5714701414108276,51700.0
2013-04-11,1.5608761427171693,1.5714702302000547,1.5608761427171693,1.5679389238357544,52100.0
2013-04-12,1.564407360691295,1.5714701414108276,1.5573445799717622,1.5714701414108276,45100.0
2013-04-15,1.536156427127404,1.5644075534871729,1.536156427127404,1.5432192087173462,146400.0
2013-04-16,1.5608761381277918,1.5608761381277918,1.5502818822860718,1.5502818822860718,29000.0
2013-04-17,1.5538136754418503,1.5538136754418503,1.5326253278064184,1.5396881103515625,34000.0
2013-04-18,1.5290934491234438,1.5467504850252283,1.507905107075287,1.5114365816116333,78400.0
2013-04-19,1.5114367123055006,1.5255622748923754,1.5079052374637876,1.518499493598938,33100.0
2013-04-22,1.522031287241998,1.5326255467682952,1.5184999796599274,1.5255627632141113,23400.0
2013-04-23,1.536156427127404,1.5502819903072884,1.536156427127404,1.5432192087173462,58900.0
2013-04-24,1.5467512692717118,1.5679396220629607,1.5467512692717118,1.5538140535354614,32800.0
2013-04-25,1.564407360691295,1.5750016159655815,1.5608760545265161,1.5714701414108276,58400.0
2013-04-26,1.5573446679628846,1.5714702302000547,1.5573446679628846,1.5679389238357544,55100.0
2013-04-29,1.5644074373956613,1.5679389121235667,1.5573446563298339,1.5608761310577393,28400.0
2013-04-30,1.5573445799717622,1.5714701414108276,1.5573445799717622,1.5714701414108276,31400.0
2013-05-01,1.5642944856953906,1.5858214528417014,1.5607065722971085,1.5714701414108276,106200.0
2013-05-02,1.5858218200212604,1.5929974773981417,1.5822339057922363,1.5822339057922363,23900.0
2013-05-03,1.5929976235349141,1.5965853670119,1.5894097089767456,1.5894097089767456,58500.0
2013-05-06,1.5894094974531905,1.6001730686140638,1.5894094974531905,1.5965851545333862,28900.0
2013-05-07,1.6073486804962158,1.6073486804962158,1.603760766516429,1.6073486804962158,20800.0
2013-05-08,1.6109363314870584,1.614524245262146,1.603760675018028,1.614524245262146,32500.0
2013-05-09,1.603760766516429,1.6288756511314724,1.603760766516429,1.6073486804962158,46600.0
2013-05-10,1.6252879828763052,1.628875725939709,1.610936497379202,1.618112325668335,43200.0
2013-05-13,1.6288758253016324,1.6324637396650628,1.6181124243736875,1.6217001676559448,34000.0
2013-05-14,1.621699766643394,1.636051078385989,1.621699766643394,1.6324633359909058,103200.0
2013-05-15,1.6288755688608516,1.6504025384088323,1.6288755688608516,1.639639139175415,32900.0
2013-05-16,1.639639139175415,1.6504025384088323,1.6324634826594215,1.639639139175415,40200.0
2013-05-17,1.6432274101879765,1.6539909839630127,1.6396396663170985,1.6539909839630127,53000.0
2013-05-20,1.6432270347465119,1.6575783491134644,1.6432270347465119,1.6575783491134644,61100.0
2013-05-21,1.653991057086104,1.6611667162262977,1.6504031419754028,1.6504031419754028,63900.0
2013-05-22,1.6539904321376924,1.6647538312405052,1.6432268619537354,1.6432268619537354,35100.0
2013-05-23,1.6360520124435427,1.6396399279681755,1.6217006925074682,1.6360520124435425,30900.0
2013-05-24,1.6216998926669655,1.6432268619537354,1.618112149993076,1.6432268619537354,50400.0
2013-05-28,1.6504025183826587,1.6575781748115819,1.6432268619537354,1.6432268619537354,55800.0
2013-05-29,1.628875752766046,1.6360514100921937,1.6217000954398981,1.6252880096435547,49100.0
2013-05-30,1.6324634628509225,1.646814775708769,1.6324634628509225,1.6432268619537354,21600.0
2013-05-31,1.6468155879362127,1.6468155879362127,1.6324642680001382,1.6360520124435425,53800.0
2013-06-03,1.6324633359909058,1.636051078385989,1.6073484549007993,1.6324633359909058,48400.0
2013-06-04,1.62528812847588,1.6288758718606877,1.603760983842322,1.6109366416931152,25600.0
2013-06-05,1.600173088926348,1.60734874609763,1.589409517628844,1.592997431755066,26000.0
2013-06-06,1.5858216830071787,1.6037607393588744,1.5858216830071787,1.600172996520996,23400.0
2013-06-07,1.6109361972958827,1.6324633359909058,1.6109361972958827,1.6324633359909058,32800.0
2013-06-10,1.6252880096435547,1.6252880096435547,1.618112352317407,1.6252880096435547,5900.0
2013-06-11,1.5965853259915286,1.6217002140098944,1.5965853259915286,1.6109366416931152,27000.0
2013-06-12,1.614524403268912,1.621700060440194,1.5822338604575619,1.592997431755066,45900.0
2013-06-13,1.589409760392625,1.610936735194465,1.585822016799579,1.603761076927185,28600.0
2013-06-14,1.6073486532779047,1.6145243100348132,1.5858216830071787,1.600172996520996,37900.0
2013-06-17,1.6109364233948478,1.6216999942530537,1.6001730236177971,1.6073486804962158,19800.0
2013-06-18,1.6073493725713937,1.6432276724115797,1.6073493725713937,1.6360520124435425,118900.0
2013-06-19,1.6324634719752946,1.6432268711382676,1.614524245262146,1.614524245262146,28800.0
2013-06-20,1.5965848508742932,1.5965848508742932,1.5607065722971085,1.5714701414108276,60600.0
2013-06-21,1.5750584344849539,1.5786463491378364,1.5607071180357979,1.567882776260376,40500.0
2013-06-24,1.5607070922851562,1.5607070922851562,1.5355923744541033,1.5607070922851562,34900.0
2013-06-25,1.56070714355181,1.5822341185774886,1.5535314852099171,1.5750584602355957,37900.0
2013-06-26,1.5822338604575619,1.596585174800126,1.578646117412502,1.592997431755066,27600.0
2013-06-27,1.596585418659905,1.618112564542933,1.596585418659905,1.603761076927185,58500.0
2013-06-28,1.6001730236177971,1.6109364233948478,1.5929973667393782,1.6073486804962158,22600.0
2013-07-01,1.6109363314870584,1.6252878155062642,1.6109363314870584,1.614524245262146,28600.0
2013-07-02,1.610936497379202,1.628875725939709,1.610936497379202,1.618112325668335,26900.0
2013-07-03,1.6073487543157983,1.618112325668335,1.6073487543157983,1.618112325668335,3700.0
2013-07-05,1.621700075185349,1.6324636465807199,1.6181123321076678,1.628875732421875,28700.0
2013-07-08,1.6360512253768453,1.6468147956914088,1.6324634826594215,1.639639139175415,58000.0
2013-07-09,1.6396398088078767,1.6826937654871674,1.6396398088078767,1.661166787147522,73600.0
2013-07-10,1.6611667162262977,1.6611667162262977,1.6468153979459106,1.6504031419754028,47700.0
2013-07-11,1.668342026456166,1.686281085014343,1.6647541120958267,1.6862810850143433,33000.0
2013-07-12,1.6719297697353321,1.686281085014343,1.668342026456166,1.6862810850143433,31600.0
2013-07-15,1.7042204141616821,1.7042204141616821,1.697044756103196,1.7042204141616821,81400.0
2013-07-16,1.7042202416663341,1.7042202416663341,1.6791053554630844,1.6898689270019531,48800.0
2013-07-17,1.6862811834748754,1.7042204141616821,1.6755177819277378,1.7042204141616821,41800.0
2013-07-18,1.697044563943842,1.7078081353533845,1.6611662777139735,1.6934566497802734,45400.0
2013-07-19,1.679105335288326,1.6934566497802734,1.675517592205921,1.6934566497802734,30400.0
2013-07-22,1.697044756103196,1.7078083287315167,1.6862811834748754,1.7042204141616821,40900.0
2013-07-23,1.7149835991910023,1.7149835991910023,1.6970443725585938,1.6970443725585938,63600.0
2013-07-24,1.7006322145462036,1.7078080424831208,1.6898688148031362,1.7006322145462036,24600.0
2013-07-25,1.6934568415333615,1.7113960722201682,1.6862811834748754,1.7042204141616821,42300.0
2013-07-26,1.7042204141616821,1.7149839867900027,1.697044756103196,1.7042204141616821,54000.0
2013-07-29,1.6934561785234787,1.7078076601028442,1.6934561785234787,1.7078076601028442,24500.0
2013-07-30,1.7006324068860414,1.7149838933018604,1.6970446635929668,1.7113959789276123,25500.0
2013-07-31,1.7259922782670416,1.7259922782670416,1.7004489896248207,1.704098105430603,42400.0
2013-08-01,1.71139567208518,1.7442370089181705,1.71139567208518,1.7369389533996582,31600.0
2013-08-02,1.7259923003891111,1.755184531211853,1.7259923003891111,1.755184531211853,13800.0
2013-08-05,1.755184055074494,1.7624821108004003,1.7296407730341354,1.7588331699371338,11600.0
2013-08-06,1.7478861811978323,1.758833352925317,1.7332900682274472,1.7515352964401245,44200.0
2013-08-07,1.7442365897046324,1.7478855295872104,1.7223422544118576,1.7259913682937622,43900.0
2013-08-08,1.7442373035467191,1.7478862449226533,1.7369392467954523,1.7405881881713867,19800.0
2013-08-09,1.751534643469115,1.7588326972335977,1.7259913682937622,1.7259913682937622,19700.0
2013-08-12,1.7186939632178062,1.7478861892937905,1.7186939632178062,1.7332900762557983,115000.0
2013-08-13,1.7332901861237797,1.7515354155774756,1.725992129142182,1.747886300086975,31600.0
2013-08-14,1.7515350013616573,1.7515350013616573,1.736938890850257,1.744236946105957,12400.0
2013-08-15,1.7296403081763403,1.7332894220582449,1.7150442006473747,1.7259913682937622,80800.0
2013-08-16,1.7150443836992793,1.7150443836992793,1.68950127979696,1.7004482746124268,23500.0
2013-08-19,1.6785548167883821,1.722343162461259,1.6785548167883821,1.704098105430603,51700.0
2013-08-20,1.7004491741358942,1.7223433493480096,1.6968002319335938,1.6968002319335938,81500.0
2013-08-21,1.6967999387512513,1.7077469374661083,1.6858527660369873,1.6858527660369873,21900.0
2013-08-22,1.693150749860393,1.722342977168424,1.693150749860393,1.7113959789276123,47400.0
2013-08-23,1.7150443176781272,1.7369386544649223,1.7077462634156417,1.7223423719406128,44300.0
2013-08-26,1.71869403575462,1.7332901494086355,1.7077468635144084,1.7113959789276123,50300.0
2013-08-27,1.7077467522369234,1.7077467522369234,1.6858525831825333,1.6931506395339966,38800.0
2013-08-28,1.6858530459289636,1.707747220993042,1.6822041037513353,1.707747220993042,54700.0
2013-08-29,1.6931511042836564,1.7150452793477349,1.6931511042836564,1.707747220993042,26800.0
2013-08-30,1.704098105430603,1.7186942206548954,1.6968000478184568,1.704098105430603,30300.0
2013-09-03,1.7113959150791778,1.7369392000204407,1.7113959150791778,1.7186939716339111,44900.0
2013-09-04,1.7259920197368022,1.7369391915149925,1.704097850179814,1.7332900762557983,35100.0
2013-09-05,1.7369392467954523,1.7515353602979857,1.7259920746688533,1.7405881881713867,43500.0
2013-09-06,1.755183941989826,1.755183941989826,1.7296406615951945,1.744236946105957,55700.0
2013-09-09,1.7405879989997008,1.76978022283208,1.7369390580203432,1.7661312818527222,72500.0
2013-09-10,1.7770786828381995,1.795323913881479,1.7770786828381995,1.7843767404556274,51600.0
2013-09-11,1.7916744243019898,1.8172177076339722,1.7807274271592703,1.8172177076339722,66400.0
2013-09-12,1.8099195320553532,1.8208665284753953,1.8062704172490918,1.8135684728622437,111900.0
2013-09-13,1.8099195320553532,1.8172175876685048,1.7916743060227882,1.8135684728622437,63200.0
2013-09-16,1.824515947799406,1.8500592337083817,1.809919834136963,1.809919834136963,65200.0
2013-09-17,1.8099195320553532,1.8208665284753953,1.8062704172490918,1.8135684728622437,71900.0
2013-09-18,1.8099203369728873,1.8500597476959229,1.8099203369728873,1.8500597476959229,19900.0
2013-09-19,1.8573572166502592,1.8573572166502592,1.8354630470275877,1.835463047027588,38000.0
2013-09-20,1.839112172438279,1.8573574026169941,1.8172180006234675,1.8281651735305786,50100.0
2013-09-23,1.8245162963867188,1.8281654124992202,1.8062710638230783,1.8245162963867188,32800.0
2013-09-24,1.8245160680642203,1.8318141253765008,1.8062708377838135,1.8062708377838135,67600.0
2013-09-25,1.8062710638230783,1.8281654124992202,1.8062710638230783,1.8245162963867188,51400.0
2013-09-26,1.8208671802742173,1.8391124128378578,1.8135691220486478,1.8245162963867188,38400.0
2013-09-27,1.8245160578950714,1.8281651735305786,1.8099199433518638,1.8281651735305786,44100.0
2013-09-30,1.8026219060769273,1.8281651938106003,1.7953238487243652,1.7953238487243652,72900.0
2013-10-01,1.7989726618904305,1.846410118293071,1.7989726618904305,1.809919834136963,151000.0
2013-10-02,1.8062708277163566,1.8354632308021825,1.7916747131731487,1.8281651735305786,58900.0
2013-10-03,1.8026215954440914,1.8172177076339722,1.8026215954440914,1.8172177076339722,39100.0
2013-10-04,1.8099197618459708,1.8464100445446008,1.8099197618459708,1.831813931465149,63900.0
2013-10-07,1.8172177076339722,1.831813819823853,1.8135685925868108,1.8172177076339722,45400.0
2013-10-08,1.81721747392159,1.81721747392159,1.7807271981399035,1.798972249031067,37000.0
2013-10-09,1.7880256816877589,1.7880256816877589,1.751535397163397,1.7770785093307495,41200.0
2013-10-10,1.7734299127697764,1.8062710882288628,1.7661318544455977,1.7916749715805054,113200.0
2013-10-11,1.79897236163594,1.8135684728622437,1.79897236163594,1.8135684728622437,26100.0
2013-10-14,1.8099201799355795,1.8281654124992202,1.7989730055975086,1.8245162963867188,53200.0
2013-10-15,1.8245160578950714,1.8318141151666754,1.8099199433518638,1.8281651735305786,100800.0
2013-10-16,1.8354628647086322,1.8427609205245972,1.824515693984997,1.8427609205245972,44100.0
2013-10-17,1.8354628509618427,1.8792511855296776,1.8281647952005369,1.8719531297683716,137400.0
2013-10-18,1.882900174794568,1.9047943426410887,1.871953177870997,1.8901982307434082,326200.0
2013-10-21,1.9047947470377122,1.9193910360336304,1.9011458052882946,1.9193910360336304,294600.0
2013-10-22,1.9266887340478704,1.930337675116464,1.9011454505701815,1.9157415628433228,109400.0
2013-10-23,1.912092575366366,1.9266888626128786,1.8974964621192483,1.901145577430725,79800.0
2013-10-24,1.9266881195306957,1.988721489906311,1.9047937841047986,1.988721489906311,169400.0
2013-10-25,1.9887224772721697,2.065352167310124,1.9850735355557698,2.032510995864868,156400.0
2013-10-28,2.025212538645279,2.1492794905014625,2.021563423649819,2.1237363815307617,218400.0
2013-10-29,2.1164391716235915,2.131035289441731,1.9084442317159322,1.970477819442749,776000.0
2013-10-30,1.9778986744106504,1.9778986744106504,1.8814159028764446,1.8925484418869019,376400.0
2013-10-31,1.8925487634622555,1.9148140222149235,1.8739944696426392,1.8739944696426392,258600.0
2013-11-01,1.877705355673957,1.9111033340211512,1.859151060885504,1.8814163208007812,121200.0
2013-11-04,1.877705271741863,1.9259467545428821,1.877705271741863,1.9111032485961914,175900.0
2013-11-05,1.8999701935433793,1.9333681644717862,1.8777049385739473,1.8925484418869019,144900.0
2013-11-06,1.9111024614696788,1.9445002476198996,1.8999697481206215,1.9407894611358643,174000.0
2013-11-07,1.91481347719044,1.9630549458975781,1.8962591886520386,1.8962591886520386,88000.0
2013-11-08,1.9073923047007197,1.9407902819238996,1.8962597635920269,1.9036815166473389,111100.0
2013-11-11,1.9296572813995074,1.981609722130339,1.9222355294306064,1.974187970161438,140700.0
2013-11-12,1.97418777028009,1.985320308632039,1.951922516627686,1.9593442678451538,44500.0
2013-11-13,1.9593443858930617,1.9630551732511126,1.9296572022860692,1.948211669921875,75000.0
2013-11-14,1.9407903704872236,1.977899137457154,1.9407903704872236,1.966766595840454,65100.0
2013-11-15,1.9667661375576806,2.1003576675208193,1.9445007056153067,1.948211669921875,295100.0
2013-11-18,1.963055632107309,2.011297117677839,1.9445011601344715,1.9556338787078857,218800.0
2013-11-19,1.9445002476198996,1.9704764608020495,1.9407894611358643,1.9407894611358643,54400.0
2013-11-20,1.9482112110524106,1.9741874242345605,1.937078497703353,1.9407894611358643,76500.0
2013-11-21,1.9630551732511126,1.996453144216156,1.9445007056153067,1.948211669921875,130400.0
2013-11-22,1.9667660190626222,2.0112965263674307,1.959344267845154,1.9593442678451538,47100.0
2013-11-25,1.981609722130339,2.018718481974844,1.966766218192537,1.974187970161438,63700.0
2013-11-26,1.9778995744765815,2.015008349645743,1.970477819442749,1.970477819442749,64300.0
2013-11-27,1.9704766900655164,2.0001636931857623,1.9593441523696724,1.9927419424057007,96900.0
2013-11-29,1.9927420017189112,2.0038747166946127,1.9778984997169773,1.9816094636917114,37900.0
2013-12-02,1.9816105404677964,1.9964540505354609,1.9445015883500372,1.970477819442749,119000.0
2013-12-03,1.9704769249157315,1.9816096408869184,1.9445007056153067,1.948211669921875,33300.0
2013-12-04,1.9445006647228111,1.9667660961969469,1.9073919071801073,1.9185246229171753,219800.0
2013-12-05,1.922235789581935,1.9482120134629182,1.9073922836352444,1.9111032485961914,65800.0
2013-12-06,1.9407901353835424,1.9482118878784713,1.9296574181668804,1.9445009231567383,52100.0
2013-12-09,1.9482118090102052,1.9667662779706667,1.9296573400497434,1.9296573400497437,136300.0
2013-12-10,1.9333681665926372,1.9593443858930617,1.9036811599341619,1.948211669921875,88700.0
2013-12-11,1.9519226740383988,1.9630552132881192,1.93336820602417,1.93336820602417,49500.0
2013-12-12,1.9333687603381053,1.948212268225845,1.9296577948918845,1.9370795488357544,63100.0
2013-12-13,1.9296572416419158,1.9482117096561447,1.9296572416419158,1.93336820602417,85200.0
2013-12-16,1.9519227135537782,1.9816097214187214,1.948211749096398,1.9630552530288696,224700.0
2013-12-17,1.9593443858930617,1.9704769249157315,1.9445007056153067,1.948211669921875,48700.0
2013-12-18,1.948211807147798,1.9890315326526737,1.948211807147798,1.9853205680847168,130900.0
2013-12-19,1.9816099552719728,2.022429507429194,1.9741882024298831,2.018718719482422,97300.0
2013-12-20,2.018718344462423,2.0892250718384195,2.0075856287931546,2.0706706047058105,109400.0
2013-12-23,2.0966476276025587,2.1411781534650838,2.0780931533522167,2.133756399154663,128800.0
2013-12-24,2.1411776962500304,2.152310413812734,2.085514462333598,2.115201473236084,58400.0
2013-12-26,2.1337556848185697,2.15231015285727,2.130044720431421,2.144888401031494,74200.0
2013-12-27,2.1448888564160056,2.152310609817505,2.133756137839477,2.152310609817505,37600.0
2013-12-30,2.089225231349084,2.1411774955589857,2.089225231349084,2.1003577709198,57000.0
2013-12-31,2.100357811367919,2.1337557846202873,2.078092554849183,2.0855143070220947,87400.0
2014-01-02,2.0780922122387966,2.1077792160360147,2.0298507425940664,2.0335617065429688,91300.0
2014-01-03,2.040983915593369,2.0632491734387446,2.0261404103631184,2.029851198196411,70200.0
2014-01-06,2.037272634646519,2.0818033203750788,2.037272634646519,2.0706706047058105,102800.0
2014-01-07,2.07067007502072,2.118911535666349,2.07067007502072,2.09293532371521,44500.0
2014-01-08,2.1040680365366886,2.12262232197453,2.08551357415038,2.09293532371521,39400.0
2014-01-09,2.107779522949786,2.1189122394690276,2.0855142668598283,2.1003577709198,66000.0
2014-01-10,2.085514107632493,2.092935859095834,2.0669598174483963,2.0706706047058105,77400.0
2014-01-13,2.085513943773094,2.0966466585676615,2.037272474577466,2.0409834384918213,48200.0
2014-01-14,2.0558269402522455,2.07067044201267,2.033561687611609,2.0409834384918213,46800.0
2014-01-15,2.052116591429622,2.074381848824068,2.052116591429622,2.066960096359253,43400.0
2014-01-16,2.0632487103401873,2.0632487103401873,2.0224289916447615,2.0335617065429688,97300.0
2014-01-17,2.0446945823973723,2.070670624290495,2.0409836181563468,2.063248872756958,56100.0
2014-01-21,2.0855141273575692,2.089225091598595,2.055827121223421,2.063248872756958,88700.0
2014-01-22,2.0821084359047286,2.104740027833487,2.0783365938465543,2.0896522998809814,41200.0
2014-01-23,2.089652066533793,2.093424088030658,2.0557045925015482,2.059476613998413,46500.0
2014-01-24,2.0557051466065435,2.100968517470012,2.006670112949346,2.0179858207702637,89000.0
2014-01-27,2.3687762440899878,2.3687762440899878,1.9538630776786554,1.9651789665222168,164400.0
2014-01-28,1.9651789690883474,1.9840387238989265,1.9538630802300097,1.961406946182251,93100.0
2014-01-29,1.9576351756985455,1.976494751348229,1.9312315539570386,1.9387754201889038,76900.0
2014-01-30,1.9500917766684471,1.9727233807861078,1.9387758846796161,1.9538636207580566,79500.0
2014-01-31,1.938775054678912,1.9764943787271547,1.938775054678912,1.9576348066329956,53700.0
2014-02-03,1.953863548709102,1.953863548709102,1.8897407626702662,1.8935126066207886,103600.0
2014-02-04,1.901056330125386,1.9350038224040476,1.8935124629367925,1.927459955215454,76000.0
2014-02-05,1.927459422009337,1.931231264630213,1.9048278267042875,1.9199155569076538,50300.0
2014-02-06,1.9199159722293866,1.9500914391637632,1.9199159722293866,1.9236878156661987,59600.0
2014-02-07,1.919915428660172,1.9576347516489938,1.919915428660172,1.9463188648223877,96700.0
2014-02-10,1.93500321220405,1.9840384233967276,1.93500321220405,1.9576348066329956,61800.0
2014-02-11,1.9614068081501972,2.036845642223629,1.9614068081501972,1.9991263151168823,61500.0
2014-02-12,1.9991264813825105,2.0707931189158115,1.9991264813825105,2.0217580795288086,61600.0
2014-02-13,2.017986402602857,2.0519338955733297,2.017986402602857,2.036846160888672,46000.0
2014-02-14,2.0293019455775747,2.0557053868182793,2.0217580795288086,2.0217580795288086,52000.0
2014-02-18,2.033073835467858,2.0745651896210675,2.0293019922866344,2.0443897247314453,77700.0
2014-02-19,2.029302009842796,2.0557054519196614,2.014214277267456,2.014214277267456,75500.0
2014-02-20,2.0179860565744487,2.048161520769513,2.0028983244769165,2.0217580795288086,54700.0
2014-02-21,2.0293019752411965,2.078337195204933,2.0293019752411965,2.0745651721954346,106800.0
2014-02-24,2.0821085579775573,2.1160560377909685,2.0707926714197815,2.078336715698242,77300.0
2014-02-25,2.0896528848492877,2.1085126399993896,2.0670212865851383,2.1085126399993896,72400.0
2014-02-26,2.1047403184841866,2.123600070959178,2.0934246108871353,2.1122841835021973,45200.0
2014-02-27,2.1160566164591423,2.1273723262514572,2.104740726806863,2.123600482940674,37600.0
2014-02-28,2.127371662636893,2.1462314128875732,2.1160559563744115,2.1462314128875732,60200.0
2014-03-03,2.108512164946422,2.1424594647642587,2.1009683005580237,2.1047401428222656,48400.0
2014-03-04,2.1235998937232194,2.146231486888415,2.1047401428222656,2.1047401428222656,70400.0
2014-03-05,2.108512164946422,2.1235998937232194,2.1047401428222656,2.1047401428222656,48800.0
2014-03-06,2.116056857279245,2.1424603030394946,2.112284833679218,2.119828701019287,51100.0
2014-03-07,2.119827934396544,2.131143821244319,2.097196340560913,2.097196340560913,44900.0
2014-03-10,2.1122845932883947,2.1311443494222053,2.104740726806863,2.123600482940674,51700.0
2014-03-11,2.119828048520208,2.1462316660132097,2.1122841835021973,2.1122841835021973,49400.0
2014-03-12,2.119829270694265,2.1236012953079717,2.067022185122602,2.0858819484710693,84000.0
2014-03-13,2.093424689197455,2.1085124197978744,2.06324904813668,2.0707929134368896,70200.0
2014-03-14,2.059477439877355,2.0934249275230123,2.059477439877355,2.0745651721954346,58900.0
2014-03-17,2.0707940298762755,2.1122854013268846,2.0707940298762755,2.0858819484710693,96400.0
2014-03-18,2.0896524759490362,2.123599956632442,2.0896524759490362,2.097196340560913,63600.0
2014-03-19,2.1085129899391757,2.131144591959383,2.1047409663391488,2.119828701019287,48100.0
2014-03-20,2.1085129899391757,2.1424603030394946,2.0971970989990796,2.119828701019287,56000.0
2014-03-21,2.1349164356994255,2.1386884592994524,2.1047409663391488,2.119828701019287,88300.0
2014-03-24,2.116055677432193,2.1235995405660377,2.0557045925015482,2.059476613998413,71100.0
2014-03-25,2.0745645719284758,2.0971961638572343,2.05947684397597,2.0896522998809814,55300.0
2014-03-26,2.0896522998809814,2.1085120497515657,2.067020707952223,2.0896522998809814,93900.0
2014-03-27,2.0745643402661034,2.097195929667638,2.0443888877307232,2.059476613998413,54400.0
2014-03-28,2.0745655836387495,2.1122849219147284,2.0707935598811558,2.0821094512939453,38900.0
2014-03-31,2.0896528848492877,2.1085126399993896,2.0594774204970885,2.1085126399993896,43600.0
2014-04-01,2.116056205941167,2.1462316660132097,2.097196453466176,2.1122841835021973,74200.0
2014-04-02,2.119828701019287,2.1349164356994255,2.112284833679218,2.119828701019287,35100.0
2014-04-03,2.119828459769926,2.1273723262514572,2.104740726806863,2.123600482940674,38100.0
2014-04-04,2.119828701654291,2.1349164363389495,2.017986402602857,2.036846160888672,131900.0
2014-04-07,2.025529641854064,2.0293016642855646,1.9727225868325604,1.9802664518356323,48500.0
2014-04-08,1.9802665616335398,2.0028981578975875,1.9651788307908413,1.9991263151168823,64700.0
2014-04-09,2.0104414148299043,2.0557045936584473,2.0066695731908015,2.0557045936584473,155200.0
2014-04-10,2.0481612814392873,2.067021034287394,2.0104419556030075,2.0179858207702637,78500.0
2014-04-11,1.9953547716140745,2.01044250607974,1.9840390606948166,1.9953547716140747,56100.0
2014-04-14,2.0028979954908865,2.0028979954908865,1.938775054678912,1.9576348066329956,163200.0
2014-04-15,1.9764950275421143,1.995354785687204,1.9500915819709688,1.9764950275421143,48300.0
2014-04-16,1.9991271002776319,2.0179866813081695,1.9840393635091975,1.9878112077713013,82900.0
2014-04-17,1.9991264813825105,2.036845811626341,1.9953544584281504,2.0217580795288086,42000.0
2014-04-21,2.033073301334741,2.05570489405614,2.021757594903997,2.048161029815674,48200.0
2014-04-22,2.0481611434390214,2.070792737415926,2.0217577070625934,2.063248872756958,72300.0
2014-04-23,2.051933765411377,2.0707933426408722,2.044389898547584,2.051933765411377,33900.0
2014-04-24,2.067021131515503,2.0707929743465834,2.0481613777802754,2.067021131515503,78000.0
2014-04-25,2.048161029815674,2.070792622537073,2.014213730663531,2.048161029815674,46200.0
2014-04-28,2.0406171110815667,2.0481609751205783,2.017985518964533,2.029301404953003,119100.0
2014-04-29,2.0368452689920145,2.0406171110815667,2.021757540913992,2.029301404953003,51600.0
2014-04-30,2.033130645751953,2.0407883810766854,2.02164413405226,2.033130645751953,58900.0
2014-05-01,2.0369601692849724,2.067591119073867,2.0369601692849724,2.0561044216156006,40500.0
2014-05-02,2.0599327473462137,2.0637615236034637,2.0063284191462647,2.017815113067627,133900.0
2014-05-05,2.013986470189226,2.04078845348939,1.979526568717794,1.9986708164215088,81400.0
2014-05-06,2.0101576132839662,2.021644308549942,1.9527245021037447,1.9871844053268433,137900.0
2014-05-07,1.9833551399336755,2.0139862617236974,1.9833551399336755,2.0063283443450928,92700.0
2014-05-08,1.9948418140411377,2.010157283499915,1.97952634458236,1.9948418140411377,47800.0
2014-05-09,1.9986703835782373,1.9986703835782373,1.9488952042683165,1.9527239799499512,52800.0
2014-05-12,1.9565530144360828,1.9833549929760985,1.9488952801996804,1.9642107486724854,82300.0
2014-05-13,1.9718687843682732,2.002499725996743,1.9680398253773077,1.9795265197753906,45700.0
2014-05-14,1.9833552961915426,2.0178151968109774,1.9603820899701903,1.9795265197753906,57000.0
2014-05-15,1.9795257430784963,2.0101566726884568,1.918263883858575,1.9450658559799194,106800.0
2014-05-16,1.9488955112199884,1.9527242875046567,1.925922305787558,1.9335800409317017,34100.0
2014-05-19,1.9335797363922211,1.9718684060824596,1.9220930441977602,1.9527239799499512,55400.0
2014-05-20,1.9565530144360828,1.9642107486724854,1.9335798117268754,1.9642107486724854,35900.0
2014-05-21,1.9527237860355628,1.9718682102669427,1.945066052857963,1.9565527439117432,42000.0
2014-05-22,1.9642107486724854,1.9756972587396961,1.9527240560304886,1.9642107486724854,59200.0
2014-05-23,1.9680400495966313,1.9910132584353273,1.9565535364647004,1.9833555221557617,30800.0
2014-05-27,1.9871843043142436,1.9986708164215088,1.9680398740357106,1.9986708164215088,102200.0
2014-05-28,1.9986702880894702,2.029301404953003,1.9871837790185691,2.029301404953003,16200.0
2014-05-29,2.0254724468795224,2.029301404953003,1.9948415125907597,2.029301404953003,21100.0
2014-05-30,2.0331305074458124,2.0331305074458124,2.0063283443450928,2.0063283443450928,13800.0
2014-06-02,1.9910131238714501,2.006328595395475,1.9756976523474252,2.00249981880188,44700.0
2014-06-03,1.994842141312551,2.0024998772982587,1.9795266693411355,1.9871844053268433,45700.0
2014-06-04,1.9871844200879332,2.013986587524414,1.975697724736633,2.013986587524414,24300.0
2014-06-05,1.9948424212861153,2.0216445922851562,1.991013461468458,2.0216445922851562,48700.0
2014-06-06,2.010157895407038,2.048446580709344,1.9986711985289194,2.0216445922851562,49200.0
2014-06-09,2.017814713307332,2.0484456475960946,2.017814713307332,2.029301404953003,20100.0
2014-06-10,2.029301426066547,2.056103402560687,2.021643692414683,2.040787935256958,74200.0
2014-06-11,2.0216437039043944,2.059932372381324,2.0216437039043944,2.036959171295166,35400.0
2014-06-12,2.0369591385251935,2.044616872097384,2.0216436713808124,2.029301404953003,61700.0
2014-06-13,2.0446169049905523,2.0446169049905523,2.0216437039043944,2.036959171295166,14100.0
2014-06-16,2.02164413405226,2.033130645751953,2.013986398727528,2.033130645751953,66800.0
2014-06-17,2.0216437039043944,2.036959171295166,2.010157012073929,2.036959171295166,71600.0
2014-06-18,2.0216442555899565,2.0637617111206055,2.0216442555899565,2.0637617111206055,61600.0
2014-06-19,2.0599325024847768,2.071419012465947,2.056103544107864,2.0675902366638184,30800.0
2014-06-20,2.0790768108529822,2.0829057693481445,2.0522748316860056,2.0829057693481445,11800.0
2014-06-23,2.086734545268517,2.094392279684052,2.0675903005170753,2.0829057693481445,56800.0
2014-06-24,2.086734545268517,2.0982212381792142,2.0675903005170753,2.0829057693481445,47100.0
2014-06-25,2.0637621590628243,2.0752488565210907,2.048446684168377,2.0561044216156006,63600.0
2014-06-26,2.071419012465947,2.082905705021901,2.044617034126694,2.0675902366638184,71700.0
2014-06-27,2.063761073173091,2.0752477645874023,2.0599322977514984,2.0752477645874023,17400.0
2014-06-30,2.0561033397551394,2.0905632314233062,2.0561033397551394,2.0752477645874023,30300.0
2014-07-01,2.0829058327353196,2.102050078069361,2.075248098086744,2.0982213020324707,37100.0
2014-07-02,2.1058782842595707,2.1058782842595707,2.0905628204345703,2.0905628204345703,16000.0
2014-07-03,2.1020498717202414,2.1058788299560547,2.0905633621623565,2.1058788299560547,17700.0
2014-07-07,2.105879232398497,2.105879232398497,2.082906026317673,2.0943925380706787,21200.0
2014-07-08,2.094393108851719,2.094393108851719,2.048446684168377,2.0561044216156006,16400.0
2014-07-09,2.0561039753355037,2.0637617111206055,2.052275198730364,2.0637617111206055,35300.0
2014-07-10,2.0484464168548584,2.05610415330278,2.0331309439590153,2.0484464168548584,25400.0
2014-07-11,2.036959573508391,2.0522750439233195,2.02547287940979,2.02547287940979,29800.0
2014-07-14,2.044617176055908,2.0522749107665192,2.0331304827025933,2.044617176055908,70700.0
2014-07-15,2.033130645751953,2.0446173400264573,2.025472910427221,2.033130645751953,45700.0
2014-07-16,2.0331311065884217,2.0369600664060785,2.0063289355893805,2.0216445922851562,123000.0
2014-07-17,2.002499548770526,2.017815018229304,1.9948418140411377,1.9948418140411377,22400.0
2014-07-18,2.0063276740596243,2.017814363715193,1.9948411669787935,2.0101566314697266,39200.0
2014-07-21,1.9986699418141578,2.0101566314697266,1.9948411669787935,2.0101566314697266,52900.0
2014-07-22,2.0101569797351413,2.0331301804517135,2.0101569797351413,2.029301404953003,83700.0
2014-07-23,2.0369601692849724,2.067591119073867,2.0331312092739298,2.0561044216156006,87700.0
2014-07-24,2.0752479589806367,2.0752479589806367,2.0522747565748283,2.0714190006256104,18200.0
2014-07-25,2.0599324703216553,2.071418980123479,2.0561035120045266,2.0599324703216553,11200.0
2014-07-28,2.067590094325869,2.067590094325869,2.017814734301365,2.040787935256958,120100.0
2014-07-29,2.052274638685938,2.059932372381324,2.036959171295166,2.036959171295166,43000.0
2014-07-30,2.03695940706549,2.0563961176229633,2.03695940706549,2.044734239578247,34400.0
2014-07-31,2.036959819974155,2.0447346540629354,2.005861225068023,2.0136358737945557,45100.0
2014-08-01,2.001972756025512,2.0252966877892766,1.9980853413838184,2.021409273147583,24000.0
2014-08-04,2.0214099695512506,2.0214099695512506,1.9941987991333008,1.9941987991333008,33200.0
2014-08-05,1.9825369593521278,2.009748318190314,1.9631004333496094,1.9631004333496094,28600.0
2014-08-06,1.9631000864224921,2.001973316919909,1.9592126706916584,1.974761962890625,26800.0
2014-08-07,1.9903121521700982,2.0136361009812007,1.963100971238279,1.97087562084198,38400.0
2014-08-08,1.9864245671754084,1.9903117986055863,1.9708752707302268,1.9825371503829956,37600.0
2014-08-11,1.9825363929178899,2.0097477439814693,1.9786491629729008,2.0058603286743164,87300.0
2014-08-12,2.0058605662575504,2.0291845047765698,1.9941986896791335,2.0097479820251465,54800.0
2014-08-13,2.005861225068023,2.017523290838946,1.9941993446593465,2.0136358737945557,103100.0
2014-08-14,2.0097474002350935,2.0291839173599526,1.998085341670472,2.025296688079834,71100.0
2014-08-15,2.036958561282323,2.056395263769315,2.0097474002350935,2.025296688079834,53200.0
2014-08-18,2.021409823854501,2.060283239413466,2.021409823854501,2.04862117767334,118900.0
2014-08-19,2.0447347838703887,2.083608029970874,2.0447347838703887,2.064171314239502,69300.0
2014-08-20,2.068057885452822,2.068057885452822,2.04862117767334,2.04862117767334,66400.0
2014-08-21,2.064170653154061,2.064170653154061,2.052508775739957,2.0602834224700928,56400.0
2014-08-22,2.0525089443027564,2.075832886408647,2.0330722332000732,2.0330722332000732,92100.0
2014-08-25,2.0525088867287944,2.0602835338793417,2.0408468233218686,2.044734239578247,102500.0
2014-08-26,2.056396722793579,2.0602841401939735,2.0447348413169237,2.056396722793579,44000.0
2014-08-27,2.0641703600033545,2.0719450056293454,2.0602831298714457,2.0680577754974365,17800.0
2014-08-28,2.052508775739957,2.064170653154061,2.052508775739957,2.0602834224700928,18300.0
2014-08-29,2.060284082310583,2.064171314239502,2.0447347838703887,2.064171314239502,44200.0
2014-09-02,2.06417101736509,2.0758330821990967,2.06417101736509,2.0758330821990967,20700.0
2014-09-03,2.0797195434570312,2.087494188680038,2.0797195434570312,2.0797195434570312,15900.0
2014-09-04,2.0719454288482666,2.079720076062319,2.060283550708293,2.0719454288482666,24200.0
2014-09-05,2.060283550708293,2.0719454288482666,2.060283550708293,2.0719454288482666,77300.0
2014-09-08,2.0641703600033545,2.0680577754974365,2.0563957143773637,2.0680577754974365,8000.0
2014-09-09,2.0563960618128405,2.0602834779637154,2.048621414873295,2.05250883102417,26300.0
2014-09-10,2.0602834224700928,2.0602834224700928,2.044734129009822,2.0602834224700928,25400.0
2014-09-11,2.0602834224700928,2.0602834224700928,2.044734129009822,2.0602834224700928,37500.0
2014-09-12,2.052509490755449,2.0602841401939735,2.052509490755449,2.056396722793579,14900.0
2014-09-15,2.0602835338793417,2.0602835338793417,2.03695940706549,2.044734239578247,23400.0
2014-09-16,2.036959171295166,2.0408465871015906,2.013635232543182,2.036959171295166,49300.0
2014-09-17,2.036959171295166,2.0447340029080157,2.0291845250445046,2.036959171295166,34200.0
2014-09-18,2.0330721761713213,2.0525088867287944,2.0330721761713213,2.044734239578247,28500.0
2014-09-19,2.052508649158677,2.052508649158677,2.0330719408509292,2.036959171295166,15700.0
2014-09-22,2.036959086064451,2.036959086064451,1.9903112105123295,1.998085856437683,67400.0
2014-09-23,1.982536564586976,2.009747918006804,1.982536564586976,1.998085856437683,49900.0
2014-09-24,1.9980853413838184,2.021409273147583,1.9825360535413088,2.021409273147583,28800.0
2014-09-25,2.0097480933917096,2.0097480933917096,1.9786495069764112,1.9903113842010498,20800.0
2014-09-26,1.998085683422174,2.0097477439814693,1.9786491629729008,2.0058603286743164,38100.0
2014-09-29,1.9786496796145012,1.9980862051388102,1.9747622632923119,1.9864243268966675,110100.0
2014-09-30,2.0019738636205897,2.0058610950507676,1.9825371503829956,1.9825371503829956,70900.0
2014-10-01,1.9786493576895507,1.9825365880170778,1.9475507736206057,1.9475507736206055,40700.0
2014-10-02,1.9475507736206057,1.9553254196378418,1.916452004189478,1.9475507736206055,68700.0
2014-10-03,1.9592131420540018,1.9786498546600342,1.9514384940840348,1.9786498546600342,42300.0
2014-10-06,1.9864249200493818,1.9864249200493818,1.9553263216345782,1.97087562084198,74400.0
2014-10-07,1.9631002437722702,1.9669874744524958,1.9203395941165946,1.9320014715194702,69200.0
2014-10-08,1.935889074511423,1.9631004333496094,1.9009030681997858,1.9631004333496094,49900.0
2014-10-09,1.935889295616802,1.947551360840056,1.9009032853092775,1.9125653505325317,64200.0
2014-10-10,1.9164521993312051,1.9164521993312051,1.8620296716690063,1.8620296716690063,63300.0
2014-10-13,1.8542553717654195,1.8659174368416582,1.8231567787117646,1.8270440101623535,144000.0
2014-10-14,1.8348184823989868,1.842593129916525,1.776508718698559,1.8348184823989868,156300.0
2014-10-15,1.7920579504608447,1.8309311866760254,1.7531847142456638,1.8309311866760254,112300.0
2014-10-16,1.7842829127214568,1.8659167835885935,1.7842829127214568,1.8542547225952148,46100.0
2014-10-17,1.8853536831256048,1.9086776244309815,1.8659171580522282,1.889241099357605,35500.0
2014-10-20,1.893128520623579,1.9086778163909912,1.885353872739873,1.9086778163909912,26100.0
2014-10-21,1.9242270673312716,1.9631004912064267,1.9242270673312716,1.9514384269714355,68600.0
2014-10-22,1.9436633586883545,1.9669872967491528,1.9397759429971302,1.9436633586883545,33300.0
2014-10-23,1.955326025304332,1.9708753221552333,1.955326025304332,1.9592132568359375,70300.0
2014-10-24,1.963100971238279,1.9786502704456808,1.9514389041515938,1.97087562084198,50600.0
2014-10-27,1.9630995460995249,1.9786488340187098,1.9514374874790692,1.9669867753982544,14200.0
2014-10-28,1.970874751160114,2.021409858603563,1.970874751160114,2.0097479820251465,28000.0
2014-10-29,2.013696910908223,2.013696910908223,1.9900063811652549,1.9939548969268799,32400.0
2014-10-30,1.9900056131183588,2.0176446479556076,1.9860572871561928,2.0057992935180664,16700.0
2014-10-31,2.0294895753397744,2.061076932422806,2.0294895753397744,2.049231767654419,59400.0
2014-11-03,2.0571292095098257,2.068974377747959,2.0492323679258853,2.053180694580078,47800.0
2014-11-04,2.0294906435419198,2.045284330396285,2.0215938001147373,2.0334391593933105,76300.0
2014-11-05,2.0492330300412145,2.0492330300412145,2.0176456534994456,2.0255424976348877,50700.0
2014-11-06,2.021593390639978,2.033438747519268,2.013696548812305,2.0294902324676514,55200.0
2014-11-07,2.0413361859057724,2.0413361859057724,2.0176456534994456,2.0255424976348877,32300.0
2014-11-10,2.017645829972857,2.0373878479003906,2.017645829972857,2.0373878479003906,62600.0
2014-11-11,2.0334395196251367,2.0413363644512765,2.025542674798997,2.0373878479003906,32800.0
2014-11-12,2.025541899128978,2.0492324245352425,2.021593384090154,2.0413355827331543,49300.0
2014-11-13,2.0373864146105323,2.049231767654419,2.0373864146105323,2.049231767654419,74900.0
2014-11-14,2.0452842712402344,2.0531811144390155,2.0334391005798595,2.0452842712402344,40500.0
2014-11-17,2.03343934177033,2.0452845138356857,2.0255424976348877,2.0255424976348877,98800.0
2014-11-18,2.025541899128978,2.0492324245352425,2.021593384090154,2.0413355827331543,57000.0
2014-11-19,2.025541905691595,2.0294902324676514,2.013696548812305,2.0294902324676514,55900.0
2014-11-20,2.0176450638639216,2.0294902324676514,2.013696548812305,2.0294902324676514,21600.0
2014-11-21,2.0413355827331543,2.0571292663373306,2.033438740931066,2.0413355827331543,43100.0
2014-11-24,2.0413359437786402,2.0531811144390155,2.0373874280414532,2.0452842712402344,37700.0
2014-11-25,2.0492324261822077,2.06107759475708,2.0373870693317757,2.06107759475708,69300.0
2014-11-26,2.0571293260250414,2.068974494934082,2.0492324839938263,2.068974494934082,32700.0
2014-11-28,2.057128606925177,2.057128606925177,2.041334928383661,2.049231767654419,13100.0
2014-12-01,2.033438324150619,2.037386650104621,2.013696129554046,2.0176446437835693,34200.0
2014-12-02,2.021594158248111,2.0373878479003906,2.017645829972857,2.0373878479003906,17900.0
2014-12-03,2.0373874280414532,2.0492327869774214,2.0255422573810784,2.0452842712402344,34400.0
2014-12-04,2.0334395196251367,2.0373878479003906,2.021594158248111,2.0373878479003906,16800.0
2014-12-05,2.0373878479003906,2.0452846927265305,2.029491003074251,2.0373878479003906,29200.0
2014-12-08,2.0294908255648014,2.0492330300412145,2.0176456534994456,2.0255424976348877,42000.0
2014-12-09,2.0057993532600102,2.017644708050361,1.9900056723898942,2.0136961936950684,67100.0
2014-12-10,2.0058000676605667,2.009748583422192,1.9939548969268799,1.9939548969268799,59300.0
2014-12-11,1.9979024533182126,2.021592973917774,1.9979024533182126,2.0057992935180664,20700.0
2014-12-12,1.990006030891189,1.9979028727488701,1.9821091890335083,1.9821091890335083,25500.0
2014-12-15,1.9860575311674884,1.993954372337565,1.9544699782116373,1.9623668193817139,21000.0
2014-12-16,1.9584181308746338,1.970263296302118,1.926830772033996,1.9584181308746338,36000.0
2014-12-17,1.9584191901224057,1.9900065660476685,1.9465738300126263,1.9900065660476685,59100.0
2014-12-18,2.013697313421971,2.0413363644512765,2.0058004685958313,2.0373878479003906,28000.0
2014-12-19,2.033438089112903,2.049231767654419,2.0136958967982586,2.049231767654419,93600.0
2014-12-22,2.0492320658302035,2.05712890625,2.041335225410407,2.05712890625,29900.0
2014-12-23,2.0610772323221345,2.0610772323221345,2.0531803919023384,2.05712890625,82800.0
2014-12-24,2.0571292679906428,2.0689744365655147,2.0571292679906428,2.06107759475708,58900.0
2014-12-26,2.06107759475708,2.0689744365655147,2.06107759475708,2.06107759475708,40700.0
2014-12-29,2.0531807529486454,2.0650261097990774,2.0531807529486454,2.06107759475708,59300.0
2014-12-30,2.053180093152048,2.057128606925177,2.033438089112903,2.049231767654419,76400.0
2014-12-31,2.0452846927265305,2.0492332092774164,2.025542674798997,2.0373878479003906,130400.0
2015-01-02,2.0413355893469416,2.0452839161229983,2.013696548812305,2.0294902324676514,93600.0
2015-01-05,2.0097487701387635,2.0097487701387635,1.9663160341037214,1.9900065660476685,77400.0
2015-01-06,1.9860575803104834,1.9900059068554468,1.946573185207554,1.9781607389450073,96800.0
2015-01-07,1.9860582381948164,1.993955082176132,1.9702643619565734,1.9900065660476685,60700.0
2015-01-08,1.993955421465171,2.025542802765304,1.993955421465171,2.021594285964966,60300.0
2015-01-09,2.017644708050361,2.0215930341301265,1.9939541867451867,2.0136961936950684,47800.0
2015-01-12,1.997903224412911,1.997903224412911,1.9821095379175988,1.9939548969268799,67000.0
2015-01-13,2.005799589586399,2.0176449457723873,1.962366867938506,1.9781607389450073,73500.0
2015-01-14,1.9505219462096772,1.9781609886150298,1.9268314191231921,1.970263957977295,47100.0
2015-01-15,1.9742125973253577,1.9742125973253577,1.9465735531835922,1.9544703960418701,33700.0
2015-01-16,1.942624451454315,1.9663149705847933,1.942624451454315,1.9584181308746338,34700.0
2015-01-20,1.9544699782116373,1.9742121752746011,1.9544699782116373,1.9623668193817139,66400.0
2015-01-21,1.962366650001403,1.9904578577955216,1.962366650001403,1.9663797616958618,35300.0
2015-01-22,1.9744063217974948,2.002497345749051,1.9663802876176573,1.9944713115692139,38700.0
2015-01-23,1.9864447806536438,2.00650995676356,1.9864447806536438,1.9904578924179077,41600.0
2015-01-26,1.9864452773893764,2.002497345749051,1.9864452773893764,1.9944713115692139,28300.0
2015-01-27,1.9864452868486338,1.9904583996355372,1.9663802969813673,1.9824323654174805,153800.0
2015-01-28,1.9904579153471036,1.9904579153471036,1.9423017217554084,1.950327754020691,64400.0
2015-01-29,1.946314585934963,1.9663797616958618,1.9382885539017431,1.9663797616958618,54400.0
2015-01-30,1.9543406744754805,1.9703927390060456,1.9423017217554084,1.950327754020691,41500.0
2015-02-02,1.9382888680850485,1.9623669680876028,1.9262499137616356,1.954340934753418,32600.0
2015-02-03,1.9623670870600018,1.9864451885223389,1.9623670870600018,1.9864451885223389,39200.0
2015-02-04,1.9663802294490031,1.990458331276247,1.9663802294490031,1.9784191846847534,48200.0
2015-02-05,1.9904579045931547,2.0145360012589144,1.9904579045931547,2.0105230808258057,135000.0
2015-02-06,2.0105233700871397,2.018549403463794,1.9984842243442926,2.0065102577209473,76800.0
2015-02-09,1.9944709251540824,2.010523181759491,1.9904580045195142,2.0024969577789307,51900.0
2015-02-10,2.0065103849463743,2.0265755653381348,2.0065103849463743,2.0265755653381348,83800.0
2015-02-11,2.022562452717486,2.0386145204885975,2.018549531452579,2.0265755653381348,39700.0
2015-02-12,2.026575122823944,2.0546661396116854,2.026575122823944,2.0506532192230225,27700.0
2015-02-13,2.0667059937540433,2.070718915521827,2.0546668457391593,2.062692880630493,75700.0
2015-02-17,2.050653923971375,2.070718915521827,2.050653923971375,2.062692880630493,52600.0
2015-02-18,2.054666794439632,2.0787448985124684,2.054666794439632,2.0667059421539307,53900.0
2015-02-19,2.066706030168058,2.082758100233553,2.0626929169737998,2.0747320652008057,22700.0
2015-02-20,2.0787450124181275,2.0988101959228516,2.066706055399911,2.0988101959228516,36900.0
2015-02-23,2.098809868335409,2.1028227895965443,2.0907838344573975,2.0907838344573975,24600.0
2015-02-24,2.08275794003559,2.10282293039625,2.08275794003559,2.094796895980835,22000.0
2015-02-25,2.094796895980835,2.10282293039625,2.090783974451005,2.094796895980835,35200.0
2015-02-26,2.090783974451005,2.1068360432818345,2.08677086156542,2.094796895980835,47200.0
2015-02-27,2.0947967557185323,2.106835902213421,2.0907838344573975,2.0907838344573975,33900.0
2015-03-02,2.0907844327966014,2.110849618911743,2.0787452828563575,2.110849618911743,43700.0
2015-03-03,2.1028227895965443,2.1028227895965443,2.0907838344573975,2.0907838344573975,26200.0
2015-03-04,2.086770922957201,2.086770922957201,2.0707188536541272,2.078744888305664,66900.0
2015-03-05,2.0787446879625087,2.0907838344573975,2.0787446879625087,2.0907838344573975,20700.0
2015-03-06,2.074731976844876,2.094796967894359,2.0586799074629853,2.0667059421539307,23500.0
2015-03-09,2.0626929169737998,2.0787449870392947,2.0546668819410523,2.0747320652008057,69400.0
2015-03-10,2.0626937495301982,2.0626937495301982,2.046641672985671,2.0546677112579346,74200.0
2015-03-11,2.0546661900295558,2.0586793018723935,2.042627237212452,2.046640157699585,122000.0
2015-03-12,2.054666794439632,2.074731976844876,2.054666794439632,2.0667059421539307,65500.0
2015-03-13,2.058679958862709,2.070718915521827,2.050653923971375,2.062692880630493,35500.0
2015-03-16,2.0707183607022066,2.1068356037139893,2.0707183607022066,2.1068356037139893,113100.0
2015-03-17,2.090783646772009,2.0988096799295404,2.0827576136144774,2.086770534515381,27800.0
2015-03-18,2.0787444433894064,2.110848766479986,2.070718410455691,2.1028225421905518,61600.0
2015-03-19,2.0988100088664194,2.0988100088664194,2.08677086156542,2.094796895980835,42600.0
2015-03-20,2.0947965092568364,2.110848766479986,2.0947965092568364,2.1028225421905518,50200.0
2015-03-23,2.1068362310535864,2.1148622661843217,2.0988101959228516,2.0988101959228516,13400.0
2015-03-24,2.0988100088664194,2.10282293039625,2.094796895980835,2.094796895980835,26300.0
2015-03-25,2.0947970571047896,2.098810170299048,2.0747320652008057,2.0747320652008057,150700.0
2015-03-26,2.0667059937540433,2.0667059937540433,2.058679958862709,2.062692880630493,40800.0
2015-03-27,2.0586795724408486,2.07071852684021,2.0586795724408486,2.07071852684021,85200.0
2015-03-30,2.078744393443079,2.1068356037139893,2.078744393443079,2.1068356037139893,70200.0
2015-03-31,2.090783974451005,2.1068360432818345,2.08275794003559,2.094796895980835,55100.0
2015-04-01,2.090783505607577,2.090783505607577,2.0667054077606757,2.0827574729919434,31200.0
2015-04-02,2.0747314403763095,2.090783505607577,2.0747314403763095,2.0827574729919434,23700.0
2015-04-06,2.054666907025922,2.1028231178103334,2.054666907025922,2.0988101959228516,15000.0
2015-04-07,2.094796895980835,2.1108491561674194,2.08677086156542,2.094796895980835,42900.0
2015-04-08,2.0787444433894064,2.110848766479986,2.0787444433894064,2.1028225421905518,35900.0
2015-04-09,2.10282314290076,2.1269014399360344,2.10282314290076,2.1228883266448975,104600.0
2015-04-10,2.1269015275910266,2.1429535987055734,2.1228884141344992,2.1309144496917725,63900.0
2015-04-13,2.1349275631483,2.1509796342628467,2.1269015275910266,2.1309144496917725,31400.0
2015-04-14,2.1349275631483,2.146966520806319,2.1188754920337534,2.1309144496917725,208000.0
2015-04-15,2.13893971661817,2.154991781964385,2.1269007632863652,2.1349267959594727,260700.0
2015-04-16,2.1349271838812145,2.142953218012673,2.126901149749756,2.126901149749756,48800.0
2015-04-17,2.1269014145583105,2.134927449689046,2.094797082679598,2.0988101959228516,54900.0
2015-04-20,2.1068358803330236,2.12288794792234,2.1068358803330236,2.118875026702881,45400.0
2015-04-21,2.1188754047095344,2.1349274751625344,2.1188754047095344,2.1228883266448975,61600.0
2015-04-22,2.1349267959594727,2.1469657492912777,2.1228876512719546,2.1349267959594727,68700.0
2015-04-23,2.130913586757279,2.1509787632027617,2.126900666281605,2.138939619064331,53900.0
2015-04-24,2.1469667822975875,2.167031969312515,2.1349278231732756,2.1549928188323975,119600.0
2015-04-27,2.1590048939787954,2.1710438473106004,2.1349267959594727,2.1349267959594727,116200.0
2015-04-28,2.1509787632027617,2.1509787632027617,2.126900666281605,2.138939619064331,59600.0
2015-04-29,2.1389400701401606,2.1389400701401606,2.118412736033751,2.1266236305236816,45600.0
2015-04-30,2.1348340509541965,2.1348340509541965,2.0978851318359375,2.0978851318359375,43100.0
2015-05-01,2.1143073807473716,2.1225182752143,2.1019909411653956,2.110201835632324,63900.0
2015-05-04,2.1060967465015974,2.1225185374644675,2.1060967465015974,2.1143076419830322,40200.0
2015-05-05,2.118413447940899,2.118413447940899,2.09788630269937,2.101991653442383,38100.0
2015-05-06,2.1143071496408736,2.1143071496408736,2.0609362435580154,2.081463575363159,58200.0
2015-05-07,2.0732526625186427,2.0937797983698005,2.0732526625186427,2.085568904876709,42100.0
2015-05-08,2.0937797983698005,2.1060962364910094,2.0814635560117343,2.085568904876709,53800.0
2015-05-11,2.0773580113836174,2.097885342997918,2.0773580113836174,2.085568904876709,50600.0
2015-05-12,2.08146334174241,2.0978851270381074,2.0609360122412275,2.089674234390259,68100.0
2015-05-13,2.08967421549856,2.097885108072178,2.0855686713301904,2.0937795639038086,86000.0
2015-05-14,2.0978855918135144,2.118412730099253,2.093780046698467,2.110201835632324,43400.0
2015-05-15,2.118412755845188,2.122518301010132,2.106096511876694,2.122518301010132,61600.0
2015-05-18,2.122518301010132,2.122518301010132,2.10199096671175,2.122518301010132,27700.0
2015-05-19,2.13072917565023,2.13072917565023,2.114307386670369,2.1266236305236816,81800.0
2015-05-20,2.1266234190909534,2.143045206438131,2.1143071764621437,2.13893985748291,158500.0
2015-05-21,2.1430451908283574,2.159467173819065,2.1389398419030394,2.1512560844421387,141800.0
2015-05-22,2.147150747355337,2.1512560963032903,2.126623415326132,2.1307289600372314,88800.0
2015-05-26,2.134834782805025,2.14304567828646,2.1060967465015974,2.1143076419830322,58800.0
2015-05-27,2.1225180701357327,2.13893985748291,2.1143071764621437,2.13893985748291,72600.0
2015-05-28,2.1348345220349514,2.1348345220349514,2.1060964892418745,2.118412733078003,36500.0
2015-05-29,2.130729195576851,2.130729195576851,2.093780072145031,2.122518301010132,43200.0
2015-06-01,2.106096511876694,2.1348345449786263,2.106096511876694,2.122518301010132,69800.0
2015-06-02,2.122518066378179,2.1348343089851847,2.1102016280080265,2.1307289600372314,40300.0
2015-06-03,2.1512560767193913,2.1512560767193913,2.122518047055896,2.1348342895507812,54700.0
2015-06-04,2.1307291696812287,2.1389400641481577,2.106096486280443,2.110201835632324,47200.0
2015-06-05,2.118412730099253,2.126623624566182,2.0978855918135144,2.110201835632324,41800.0
2015-06-08,2.106096486280443,2.1143073807473716,2.0978855918135144,2.110201835632324,41300.0
2015-06-09,2.1060960245025644,2.1060960245025644,2.0937795876210625,2.0978851318359375,43700.0
2015-06-10,2.1060964892418745,2.130729172677297,2.1019909441210545,2.118412733078003,35000.0
2015-06-11,2.1266236305236816,2.1266236305236816,2.1102018415438204,2.1266236305236816,29600.0
2015-06-12,2.122518278198823,2.122518278198823,2.1060964892418745,2.118412733078003,37200.0
2015-06-15,2.09788630269937,2.106097199948628,2.081464508200854,2.101991653442383,36800.0
2015-06-16,2.0978856115745033,2.1225182952073163,2.0978856115745033,2.1060965061187744,33600.0
2015-06-17,2.118412521667079,2.1348343089851847,2.1102016280080265,2.1307289600372314,28800.0
2015-06-18,2.134834297214576,2.155361629130602,2.1143071610616957,2.1512560844421387,37200.0
2015-06-19,2.147150996182258,2.1758892252009034,2.1430454509953787,2.1553618907928467,60500.0
2015-06-22,2.1676785742176694,2.179994819636202,2.1553621330359456,2.171783924102783,46200.0
2015-06-23,2.171783466772692,2.1758890115564595,2.163572572968308,2.167678117752075,40600.0
2015-06-24,2.1717844222241047,2.17588996881406,2.1471517299740848,2.159468173980713,28500.0
2015-06-25,2.1553616448300876,2.1553616448300876,2.130728963809321,2.13893985748291,81100.0
2015-06-26,2.1430451831350865,2.1512560767193913,2.1348342895507812,2.1348342895507812,30600.0
2015-06-29,2.1225178098358177,2.1307287025024446,2.0896742391693106,2.0978851318359375,63700.0
2015-06-30,2.1225185374644675,2.1225185374644675,2.0855694099164146,2.1143076419830322,47400.0
2015-07-01,2.134834782805025,2.1389403284273376,2.1143076419830322,2.1143076419830322,31700.0
2015-07-02,2.1143073807473716,2.1307291696812287,2.106096486280443,2.110201835632324,48500.0
2015-07-06,2.1019909411653956,2.1143073807473716,2.0978855918135144,2.110201835632324,117000.0
2015-07-07,2.118412991842155,2.118412991842155,2.089674955538727,2.1143076419830322,85800.0
2015-07-08,2.106096019685956,2.106096019685956,2.089674234390259,2.089674234390259,45000.0
2015-07-09,2.106096019685956,2.1143069123338045,2.089674234390259,2.089674234390259,54700.0
2015-07-10,2.1225182811602994,2.13072917565023,2.114307386670369,2.1266236305236816,42400.0
2015-07-13,2.1389396329662036,2.163572311401367,2.1348340886787796,2.163572311401367,52900.0
2015-07-14,2.1676785742176694,2.179994819636202,2.138940341969108,2.171783924102783,63700.0
2015-07-15,2.1799948138116707,2.1841003594490065,2.1184129995939687,2.147151231765747,54500.0
2015-07-16,2.1553621551095437,2.1799948419620696,2.1430457138016843,2.175889492034912,36100.0
2015-07-17,2.1758887485005123,2.192310534123955,2.163572311401367,2.163572311401367,31300.0
2015-07-20,2.1840994172167485,2.1964156572890823,2.1717829813813085,2.188204765319824,36300.0
2015-07-21,2.159467223947691,2.1964161481858446,2.159467223947691,2.167678117752075,65000.0
2015-07-22,2.163573028569364,2.175889469751088,2.1471512375025266,2.171783924102783,76500.0
2015-07-23,2.17588996881406,2.1882062170574517,2.1389408325574113,2.159468173980713,70300.0
2015-07-24,2.1882062170574517,2.2046280118907986,2.151257080800803,2.159468173980713,39000.0
2015-07-27,2.15125610011172,2.15125610011172,2.1348343127645424,2.13893985748291,38900.0
2015-07-28,2.1512560844421387,2.155361629130602,2.126623403600795,2.1512560844421387,41700.0
2015-07-29,2.1974749463394176,2.1974749463394176,2.155458257187411,2.168063163757324,70700.0
2015-07-30,2.1638617515563965,2.176466659038177,2.1596599821615414,2.1638617515563965,35700.0
2015-07-31,2.155458257187411,2.1890716085090163,2.155458257187411,2.168063163757324,27500.0
2015-08-03,2.180668270678615,2.1890716085090163,2.168063163757324,2.168063163757324,37000.0
2015-08-04,2.1680629142235768,2.193272924813228,2.1134413247883423,2.147054672241211,111200.0
2015-08-05,2.1554584131180787,2.172265089994714,2.1554584131180787,2.1638617515563965,40600.0
2015-08-06,2.172265089994714,2.172265089994714,2.1176432899699535,2.1638617515563965,119800.0
2015-08-07,2.159659250317567,2.159659250317567,2.1176425723641756,2.1344492435455322,46900.0
2015-08-10,2.159660138745469,2.163861908444969,2.130248552254597,2.151256799697876,53000.0
2015-08-11,2.1428528540627387,2.1428528540627387,2.1092395073874566,2.1260461807250977,80900.0
2015-08-12,2.117642844056277,2.1260461807250977,2.0840294973809947,2.1260461807250977,58100.0
2015-08-13,2.1260467769119944,2.130248546600342,2.1050385295244767,2.130248546600342,63700.0
2015-08-14,2.126046229907491,2.147054672241211,2.1134413247883423,2.147054672241211,89800.0
2015-08-17,2.1302479985147764,2.155458009104428,2.1134413247883423,2.147054672241211,80800.0
2015-08-18,2.138651773150695,2.155458450317383,2.121845095984007,2.155458450317383,50900.0
2015-08-19,2.151256119594065,2.151256119594065,2.134449446812185,2.142852783203125,74900.0
2015-08-20,2.130248540525554,2.1386518795268787,2.09663498416885,2.100836753845215,122400.0
2015-08-21,2.0840296626235064,2.0882312311153837,2.042012975947905,2.0546178817749023,71200.0
2015-08-24,1.878147359880975,1.9915924997348413,1.7647022200271085,1.9453742504119873,78700.0
2015-08-25,2.008399826202465,2.008399826202465,1.9495762586593628,1.9495762586593628,23400.0
2015-08-26,1.98739090918965,1.991592477102463,1.9537775644817947,1.9747858047485352,47700.0
2015-08-27,1.9999962316971227,2.037811148440879,1.9999962316971227,2.012601137161255,31800.0
2015-08-28,2.008399697757692,2.071424629828155,2.008399697757692,2.037811279296875,31500.0
2015-08-31,2.0336093553332577,2.0462142594044064,2.0336093553332577,2.0420126914978027,30200.0
2015-09-01,2.0252057430136525,2.0252057430136525,1.9789873002352876,1.9831888675689697,60600.0
2015-09-02,2.012601246088267,2.012601246088267,1.9789878958961962,1.9873912334442139,35600.0
2015-09-03,1.9957944629748388,2.0294078113476712,1.9957944629748388,2.012601137161255,35300.0
2015-09-04,1.9957941787602314,2.0041975146567474,1.9831890747397913,1.9999959468841553,38800.0
2015-09-08,2.037810391084717,2.0588188261855915,2.0168021563351277,2.0210037231445312,21800.0
2015-09-09,2.046214644644512,2.0546179823911506,2.008399724960327,2.008399724960327,60300.0
2015-09-10,2.012601137161255,2.0420129171631634,2.004197800068047,2.012601137161255,69400.0
2015-09-11,2.0126013024908236,2.0294079780578613,2.004197964707305,2.0294079780578613,31100.0
2015-09-14,2.0378117518141465,2.0378117518141465,2.016803503036499,2.016803503036499,18100.0
2015-09-15,2.008399733774753,2.042013084908828,2.008399733774753,2.0294079780578613,38600.0
2015-09-16,2.016802848131534,2.058819532394409,2.016802848131534,2.058819532394409,133500.0
2015-09-17,2.058819532394409,2.067222869246984,2.0462144269398697,2.058819532394409,40600.0
2015-09-18,2.0420126914978027,2.0546175955689514,2.0420126914978027,2.0420126914978027,31300.0
2015-09-21,2.050416313283025,2.075626325288386,2.042012975947905,2.0546178817749023,61200.0
2015-09-22,2.033609580069955,2.0420129171631634,2.012601137161255,2.012601137161255,58000.0
2015-09-23,2.0210037231445312,2.037810391084717,2.0041970552043455,2.0210037231445312,62300.0
2015-09-24,2.008399724960327,2.0126012936579585,1.9579794981291214,2.008399724960327,101600.0
2015-09-25,2.0168030150379614,2.025206352585979,1.974786126946502,1.9873912334442139,85900.0
2015-09-28,1.9831902161983566,1.9831902161983566,1.9075601495995513,1.9285686016082764,90700.0
2015-09-29,1.9243658661307403,1.9285676345661704,1.8907525200526858,1.9033576250076294,91000.0
2015-09-30,1.9243660696529377,1.9327694070611938,1.8907527200199137,1.9075593948364258,60400.0
2015-10-01,1.9117614030838013,1.9243663105987352,1.890752956757055,1.9117614030838013,73200.0
2015-10-02,1.8949546169209566,1.9411728756131401,1.8823495097813006,1.9369713068008423,96200.0
2015-10-05,1.9663819074630737,1.97478524124214,1.9495752399049409,1.9663819074630737,343900.0
2015-10-06,1.9663819074630737,1.97478524124214,1.9495752399049409,1.9663819074630737,61700.0
2015-10-07,1.9747858551107988,1.9957942962646484,1.9747858551107988,1.9957942962646484,34500.0
2015-10-08,1.999995488394942,2.0210037231445312,1.983188620103471,2.0210037231445312,58100.0
2015-10-09,2.0294075870753163,2.0504160276623478,2.016802683004168,2.0420126914978027,41100.0
2015-10-12,2.046214544439782,2.0588196506181453,2.0378112071046615,2.0546178817749023,41200.0
2015-10-13,2.0378107681736335,2.0588192071620375,2.0378107681736335,2.0462141036987305,44600.0
2015-10-14,2.0504162542563713,2.0504162542563713,2.0083995687903307,2.012601137161255,42200.0
2015-10-15,2.016803071558271,2.033609747125309,1.9915928578563387,2.0294079780578613,230600.0
2015-10-16,2.0336095218366843,2.058819532394409,2.016802848131534,2.058819532394409,104300.0
2015-10-19,2.0504165143693225,2.063021421432495,2.0504165143693225,2.063021421432495,38200.0
2015-10-20,2.063021421432495,2.06722319068781,2.046214745114008,2.063021421432495,91500.0
2015-10-21,2.058819760475865,2.0840297738264217,2.0210046402743425,2.0294079780578613,99400.0
2015-10-22,2.037811279296875,2.0630212921953346,2.029407941664055,2.037811279296875,52600.0
2015-10-23,2.0840296745300293,2.09243301191316,2.0504163249975074,2.0840296745300293,107200.0
2015-10-26,2.084029829861399,2.0882313986904406,2.0588198158330004,2.071424722671509,32800.0
2015-10-27,2.067222869246984,2.0714244374975945,2.050416195541834,2.058819532394409,40300.0
2015-10-28,2.0674156372885486,2.0889065265655518,2.058819322568209,2.0889065265655518,54900.0
2015-10-29,2.080310394766271,2.1018010809806342,2.076012134552002,2.076012134552002,30000.0
2015-10-30,2.080310344696045,2.0932047151238473,2.0717140294267358,2.080310344696045,44000.0
2015-11-02,2.076012105993681,2.0975029968647356,2.071714050790865,2.0932047367095947,107400.0
2015-11-03,2.080310523398811,2.1146957874298096,2.080310523398811,2.1146957874298096,87600.0
2015-11-04,2.114695336786797,2.1232916509626665,2.0889063942591894,2.0975027084350586,69800.0
2015-11-05,2.1018010236255575,2.1146955989641634,2.088906653239274,2.1103973388671875,94500.0
2015-11-06,2.0889065488372687,2.110397233391094,2.0803102340252764,2.1018009185791016,97200.0
2015-11-09,2.1060991560062305,2.110397210890245,2.0803102118452124,2.0889065265655518,74500.0
2015-11-10,2.076012134552002,2.0975030257186926,2.067415819075791,2.076012134552002,69300.0
2015-11-11,2.084608910335381,2.093205227709764,2.0631182193756104,2.0631182193756104,71100.0
2015-11-12,2.0416269805341782,2.067415928325593,2.028732404162302,2.0373287200927734,112100.0
2015-11-13,2.0330296252886675,2.0416259368245764,1.9943461209009605,2.0115387439727783,94900.0
2015-11-16,1.9986454008818213,2.0373287200927734,1.9986454008818213,2.0373287200927734,48800.0
2015-11-17,2.0416274581178877,2.0631183554474517,2.015838504293843,2.0545220375061035,86100.0
2015-11-18,2.0588191127468467,2.080309999833639,2.045924744456602,2.07171368598938,36500.0
2015-11-19,2.07171368598938,2.0760117404353653,2.0588191127468467,2.07171368598938,18600.0
2015-11-20,2.0846080542796246,2.0846080542796246,2.0631173721451206,2.07171368598938,45400.0
2015-11-23,2.0545213988881175,2.0932047151238473,2.0545213988881175,2.080310344696045,73600.0
2015-11-24,2.071713765907451,2.101800763046845,2.0545211375557124,2.0975027084350586,41600.0
2015-11-25,2.0975027084350586,2.114695336786797,2.0760118205192373,2.0975027084350586,27000.0
2015-11-27,2.101801210942015,2.118993842957514,2.101801210942015,2.1146957874298096,4400.0
2015-11-30,2.1146957874298096,2.1146957874298096,2.101801210942015,2.1146957874298096,63500.0
2015-12-01,2.1275901794433594,2.1361864955338485,2.0889068595123286,2.1275901794433594,58500.0
2015-12-02,2.1146955989641634,2.1490808599306828,2.106099283722534,2.1103973388671875,50100.0
2015-12-03,2.123291785446909,2.123291785446909,2.0674156372885486,2.0889065265655518,73300.0
2015-12-04,2.1018010236255575,2.1189936541088175,2.080310337997644,2.1103973388671875,24800.0
2015-12-07,2.1103975025653607,2.1103975025653607,2.0717141834536204,2.084608554840088,30200.0
2015-12-08,2.0803102118452124,2.093204581449567,2.0631175824045336,2.0889065265655518,43100.0
2015-12-09,2.084608554840088,2.1060994470873173,2.058819607114815,2.084608554840088,62400.0
2015-12-10,2.088906815270469,2.097503131178893,2.067415923023239,2.084608554840088,122900.0
2015-12-11,2.0674155020033913,2.076011816161215,2.04592481908498,2.050222873687744,24300.0
2015-12-14,2.050223275608294,2.0588195914513174,2.0158380122362,2.0244343280792236,52300.0
2015-12-15,2.0373291966710205,2.0674164119419327,2.0115402428469755,2.0545220375061035,71000.0
2015-12-16,2.063117735432908,2.0975029968647356,2.05022315991981,2.0932047367095947,72800.0
2015-12-17,2.097502841285891,2.1189935256105845,2.0674156372885486,2.0889065265655518,67100.0
2015-12-18,2.088906815270469,2.093204870748512,2.067415923023239,2.084608554840088,62700.0
2015-12-21,1.942768931388855,1.951365245932298,1.934172616845412,1.942768931388855,46300.0
2015-12-22,1.9470676847072355,1.9513657405923368,1.9212785295871981,1.9341731071472168,37100.0
2015-12-23,1.9427695792759487,1.9599622140963433,1.9427695792759487,1.9556641578674316,34700.0
2015-12-24,1.9556635839792689,1.9771542687221482,1.9556635839792689,1.9685579538345337,54300.0
2015-12-28,1.9599622140963433,1.9685585315065406,1.9427695792759487,1.9556641578674316,43500.0
2015-12-29,1.9728564231866155,1.9943471102108774,1.95996184701019,1.9857507944107056,93200.0
2015-12-30,1.9771542687221482,1.9857505836097626,1.9685579538345337,1.9685579538345337,38900.0
2015-12-31,1.9599616389469192,1.9728562137544978,1.9599616389469192,1.9685579538345337,41100.0
2016-01-04,1.9427690369532213,1.9513653519637628,1.895489201919085,1.9040855169296265,31700.0
2016-01-05,1.916980091921597,1.9212781469507094,1.895489201919085,1.9040855169296265,24900.0
2016-01-06,1.8782965638742126,1.9040855087956707,1.8739985088634608,1.8825948238372803,43100.0
2016-01-07,1.8525078749144754,1.865402451633011,1.818122610268173,1.8267189264297485,55100.0
2016-01-08,1.8439112757667235,1.8439112757667235,1.8009297015552534,1.8052277565002441,18900.0
2016-01-11,1.8181223592300324,1.8181223592300324,1.766544469382221,1.7880351543426514,43600.0
2016-01-12,1.796631313062971,1.8138239415169861,1.7751406299716008,1.7837369441986084,18000.0
2016-01-13,1.796631257878478,1.8009295173361073,1.7235626916694025,1.740755319595337,26200.0
2016-01-14,1.7407554523443471,1.7407554523443471,1.6333013146605748,1.73215913772583,147800.0
2016-01-15,1.6891776084375787,1.6934757661190518,1.6547922445096304,1.6676868200302124,25000.0
2016-01-19,1.6977739748479925,1.706370290469407,1.650494136454048,1.6633886098861694,42400.0
2016-01-20,1.6290031536323093,1.654792097428985,1.573127108739512,1.6375994682312012,42200.0
2016-01-21,1.6375996137837374,1.6719849777116857,1.6161088253763713,1.6676868200302124,37300.0
2016-01-22,1.671984832920056,1.7493517669628644,1.6590902585161265,1.73215913772583,56400.0
2016-01-25,1.7536500078341533,1.7536500078341533,1.6934757991208755,1.7192647457122803,135900.0
2016-01-26,1.7192650479829545,1.7321596260218672,1.6848797798156738,1.6848797798156738,106800.0
2016-01-27,1.6848794507561053,1.6977739238005252,1.6547922445096304,1.6676868200302124,75000.0
2016-01-28,1.6805808075801034,1.6977734333393053,1.6504936100253673,1.6590899229049683,68300.0
2016-01-29,1.6676867123733043,1.7106682864133766,1.6633884524931413,1.697773814201355,66700.0
2016-02-01,1.6762836661377134,1.7063707794342011,1.6762836661377134,1.7020726203918457,96200.0
2016-02-02,1.6848794363987034,1.6934757516883978,1.6590903880534582,1.6762831211090088,112900.0
2016-02-03,1.6934757661190518,1.6934757661190518,1.6375996137837374,1.6676868200302124,88200.0
2016-02-04,1.667686872357917,1.693475819255947,1.6547922964327364,1.6719850301742554,53600.0
2016-02-05,1.667686822320188,1.667686822320188,1.620406985282898,1.620406985282898,82400.0
2016-02-08,1.5731272288481657,1.5817235441033883,1.5258473924682798,1.5516363382339478,82900.0
2016-02-09,1.5344436976517128,1.551636328049309,1.4828658064589242,1.5215492248535156,149200.0
2016-02-10,1.5731272288481657,1.5731272288481657,1.5172510772130572,1.5516363382339478,121300.0
2016-02-11,1.5215492629552618,1.534443736076355,1.4828658435919828,1.534443736076355,108000.0
2016-02-12,1.5430400229787251,1.555934495861559,1.5301455500958911,1.5516363382339478,62400.0
2016-02-16,1.5692185544127182,1.608778753847402,1.5428451579886366,1.5736141204833984,116400.0
2016-02-17,1.5999876961583877,1.630756660084924,1.5955921298831681,1.6219655275344849,34500.0
2016-02-18,1.6263610938097044,1.6351522263601435,1.6175699612592656,1.6219655275344849,59800.0
2016-02-19,1.6175699612592656,1.630756660084924,1.5999876961583877,1.6219655275344849,56400.0
2016-02-22,1.6307570478466908,1.6571304517690815,1.6307570478466908,1.6395481824874878,68200.0
2016-02-23,1.6263610504344181,1.6439433150663745,1.6263610504344181,1.6307566165924072,60000.0
2016-02-24,1.6043833308297708,1.6483389954558312,1.5955921979045586,1.643943428993225,117800.0
2016-02-25,1.630756840819793,1.661525808156418,1.630756840819793,1.657130241394043,83300.0
2016-02-26,1.6703169345855713,1.6747125013292736,1.6527346676107617,1.6703169345855713,54400.0
2016-02-29,1.6615258010981664,1.6835036348166783,1.6615258010981664,1.6703169345855713,70000.0
2016-03-01,1.679108142022818,1.7098772153824175,1.6703170081482417,1.7054816484451294,95600.0
2016-03-02,1.6966900491944767,1.7362502480213908,1.6966900491944767,1.718667984008789,58500.0
2016-03-03,1.7186680220419732,1.727459154242817,1.6922945206408793,1.723063588142395,81800.0
2016-03-04,1.7274588675680036,1.76262349533431,1.7230633021970334,1.758227825164795,43400.0
2016-03-07,1.7406458801486664,1.7714149481381434,1.7406458801486664,1.7538325786590576,44000.0
2016-03-08,1.740645770748313,1.74504133664218,1.7274590730667114,1.7274590730667114,47900.0
2016-03-09,1.7494369847449267,1.7494369847449267,1.7142724559415512,1.723063588142395,95000.0
2016-03-10,1.7274594831315702,1.7318550500688583,1.6922948428346825,1.7054816484451294,61000.0
2016-03-11,1.7274594972867876,1.7494373321533203,1.7230639303134812,1.7494373321533203,40300.0
2016-03-14,1.7362501621246338,1.753832425267396,1.727459030553253,1.7362501621246338,189300.0
2016-03-15,1.7186679412789772,1.7274590730667114,1.71427237538511,1.7274590730667114,35300.0
2016-03-16,1.71427237538511,1.74504133664218,1.71427237538511,1.7274590730667114,32100.0
2016-03-17,1.7274591816382752,1.7538325786590576,1.714272483127884,1.7538325786590576,60800.0
2016-03-18,1.7494366944228545,1.76262349533431,1.7494366944228545,1.758227825164795,38700.0
2016-03-21,1.7626237440020147,1.771414875984192,1.753832507221278,1.771414875984192,36400.0
2016-03-22,1.7538324313167215,1.7714147993186835,1.7538324313167215,1.76262366771698,63000.0
2016-03-23,1.76262349533431,1.7670189559067353,1.7494366944228545,1.758227825164795,35100.0
2016-03-24,1.7494368594817054,1.7494368594817054,1.7318545963389433,1.7362501621246338,20200.0
2016-03-28,1.745041293696015,1.753832425267396,1.727459030553253,1.7362501621246338,38700.0
2016-03-29,1.7362502432569238,1.771414875984192,1.7274591112747468,1.771414875984192,15500.0
2016-03-30,1.7714150185714632,1.7889972839510742,1.7626238858816579,1.7758104801177979,75700.0
2016-03-31,1.7670192809145002,1.7933926779911789,1.7670192809145002,1.7802060842514038,27700.0
2016-04-01,1.7582283403173766,1.7889974117279053,1.7582283403173766,1.7889974117279053,68200.0
2016-04-04,1.7802060842514038,1.7889972166102965,1.7758104132733932,1.7802060842514038,27400.0
2016-04-05,1.7758104041643847,1.7758104041643847,1.7582281395367871,1.767019271850586,16700.0
2016-04-06,1.7626240117748027,1.797788545045606,1.7582283403173766,1.7889974117279053,29700.0
2016-04-07,1.771414875984192,1.7846014691588976,1.7670192051945435,1.771414875984192,26100.0
2016-04-08,1.7846016128076034,1.7889972839510742,1.7670193474279925,1.7758104801177979,16900.0
2016-04-11,1.780205930920387,1.7846013919226835,1.76262366771698,1.76262366771698,28600.0
2016-04-12,1.7626237440020147,1.7802060079663689,1.753832507221278,1.771414875984192,49400.0
2016-04-13,1.7802061829719007,1.7977884486647027,1.77581051175013,1.7933927774429321,46800.0
2016-04-14,1.7977884049830224,1.8021838665008545,1.7889972723502237,1.8021838665008545,27600.0
2016-04-15,1.7933927774429321,1.8021839102893331,1.7846016445965311,1.7933927774429321,70400.0
2016-04-18,1.7802063312506904,1.810975193977356,1.7802063312506904,1.810975193977356,54100.0
2016-04-19,1.810975193977356,1.8241619991438964,1.8021840603987147,1.810975193977356,27300.0
2016-04-20,1.8109754834483156,1.8241622907226693,1.8021843484644768,1.8153711557388306,38300.0
2016-04-21,1.8197662158508103,1.8241618871688843,1.8109750828118072,1.8241618871688843,32600.0
2016-04-22,1.8153707541298811,1.8285573488898137,1.806579621090878,1.8241618871688843,49500.0
2016-04-25,1.8241620740128786,1.8241620740128786,1.806579806133968,1.8197664022445679,73300.0
2016-04-26,1.8241616061236579,1.8329527378082275,1.8197659354828168,1.8329527378082275,33400.0
2016-04-27,1.828460317898806,1.8464304259776643,1.819475263859377,1.8329527378082275,18000.0
2016-04-28,1.8329531141912812,1.8464308051282596,1.828460693359375,1.828460693359375,19100.0
2016-04-29,1.823967695236206,1.8284603293944592,1.8015051671067028,1.823967695236206,57900.0
2016-05-02,1.8239680583068387,1.8374457492438172,1.8194756374749326,1.828460693359375,38300.0
2016-05-03,1.8194751673465939,1.8194751673465939,1.7970124263292484,1.814982533454895,45200.0
2016-05-04,1.7970125558815788,1.805997610092163,1.7880275016709946,1.805997610092163,58800.0
2016-05-05,1.7970129455282013,1.8104906368767428,1.783535361289978,1.783535361289978,66000.0
2016-05-06,1.774549961090088,1.783535015506925,1.7565798522564138,1.774549961090088,73100.0
2016-05-09,1.7655651374080892,1.7880277763857368,1.7655651374080892,1.7790427207946777,85800.0
2016-05-10,1.7835351044321968,1.8015053212721455,1.7835351044321968,1.7970126867294312,32700.0
2016-05-11,1.7925204174487936,1.7970129455282013,1.783535361289978,1.783535361289978,39700.0
2016-05-12,1.7880275427153436,1.7880275427153436,1.7610723794648322,1.774549961090088,43800.0
2016-05-13,1.7655649185180664,1.7790425002337404,1.7520873368023924,1.7655649185180664,68200.0
2016-05-16,1.765565248972347,1.7880278893693857,1.765565248972347,1.783535361289978,59900.0
2016-05-17,1.7790427338798018,1.7880277895369472,1.761072622565511,1.7700576782226562,59200.0
2016-05-18,1.7565798522564138,1.783535015506925,1.7565798522564138,1.774549961090088,96200.0
2016-05-19,1.7700576782226562,1.7700576782226562,1.7520875669083653,1.7700576782226562,45900.0
2016-05-20,1.7745501728564976,1.801505446434021,1.7745501728564976,1.801505446434021,35500.0
2016-05-23,1.7925200287762866,1.8104902443077504,1.7925200287762866,1.805997610092163,17200.0
2016-05-24,1.814982400512931,1.8374451398849487,1.8059973476082356,1.8374451398849487,32600.0
2016-05-25,1.8374453491704195,1.8509228229522705,1.8329527150960803,1.8509228229522705,18700.0
2016-05-26,1.8554153483842184,1.8554153483842184,1.8419376611709595,1.8419376611709595,23300.0
2016-05-27,1.8419376463754946,1.8644003868103027,1.8419376463754946,1.8644003868103027,9500.0
2016-05-31,1.8644007261426243,1.8688931465148926,1.8464306162123356,1.8688931465148926,12200.0
2016-06-01,1.8644003868103027,1.8733854401401122,1.8419376463754946,1.8644003868103027,21900.0
2016-06-02,1.8688925409865134,1.8823702261777122,1.8599074889325606,1.8778775930404663,13100.0
2016-06-03,1.8778777294159907,1.8823703628795014,1.8599076240030572,1.8733853101730347,12400.0
2016-06-06,1.882370692420216,1.895848166729098,1.873385638140764,1.886863112449646,25300.0
2016-06-07,1.8913556160931693,1.9093257234111576,1.8913556160931693,1.895848035812378,8400.0
2016-06-08,1.9048336744308472,1.9138189450697245,1.8958486180126128,1.9048336744308472,60600.0
2016-06-09,1.9003408009791198,1.90483322100855,1.882370692420216,1.886863112449646,215300.0
2016-06-10,1.8688931465148926,1.8778782014800368,1.8688931465148926,1.8688931465148926,22200.0
2016-06-13,1.859908615263694,1.87338630861677,1.8464311361312866,1.8464311361312866,21900.0
2016-06-14,1.8464311361312866,1.8554161936264477,1.8464311361312866,1.8464311361312866,21200.0
2016-06-15,1.8464304030985146,1.864400510954705,1.8464304030985146,1.8509228229522705,9700.0
2016-06-16,1.8464311361312866,1.850923557768533,1.8284610211409644,1.8464311361312866,35200.0
2016-06-17,1.837445371938235,1.8419377918476567,1.8329527378082275,1.8329527378082275,16900.0
2016-06-20,1.8554154570266097,1.868892930808461,1.8419377690241754,1.8509228229522705,29100.0
2016-06-21,1.8554151058197021,1.868892577050436,1.8464300535923652,1.8554151058197021,33300.0
2016-06-22,1.8509228229522705,1.8733855648828002,1.8464304030985146,1.8509228229522705,25300.0
2016-06-23,1.8733853101730347,1.8733853101730347,1.8599076240030572,1.8733853101730347,28500.0
2016-06-24,1.8194751739501953,1.8688928616147924,1.7970124328513235,1.8194751739501953,60800.0
2016-06-27,1.797012831976796,1.797012831976796,1.7610726096125597,1.7790427207946777,79100.0
2016-06-28,1.7790432929778524,1.8104911047712442,1.7790432929778524,1.7925208806991577,21800.0
2016-06-29,1.8149826297293692,1.8329527378082275,1.8059975756899402,1.8329527378082275,72700.0
2016-06-30,1.8374451398849487,1.8464301927896443,1.8239674534176262,1.8374451398849487,46000.0
2016-07-01,1.841938500273372,1.8554161936264477,1.841938500273372,1.8464311361312866,91000.0
2016-07-05,1.832952647233058,1.832952647233058,1.8149825400421906,1.8194751739501953,77100.0
2016-07-06,1.8239674534176262,1.841937559227017,1.8015049282661675,1.8374451398849487,85200.0
2016-07-07,1.8284610211409644,1.8554161936264477,1.8284610211409644,1.8464311361312866,92300.0
2016-07-08,1.868892676709524,1.8733853101730347,1.855415204760101,1.8733853101730347,110400.0
2016-07-11,1.8823708295822144,1.891355884516377,1.8733857746480518,1.8823708295822144,82100.0
2016-07-12,1.8913561969138168,1.9048336744308472,1.8868635615943783,1.9048336744308472,88000.0
2016-07-13,1.913818357350943,1.913818357350943,1.8868629821533838,1.895848035812378,73300.0
2016-07-14,1.90483322100855,1.909325855258572,1.886863112449646,1.886863112449646,54600.0
2016-07-15,1.9003406697521634,1.9003406697521634,1.882370562434175,1.895848035812378,32100.0
2016-07-18,1.8913561969138168,1.9093263097502857,1.8913561969138168,1.9048336744308472,47700.0
2016-07-19,1.9003412533320514,1.9093263097502857,1.9003412533320514,1.9048336744308472,24300.0
2016-07-20,1.913818597793579,1.918311018077193,1.9048333287851436,1.913818597793579,37700.0
2016-07-21,1.9228034019470215,1.9272958216450555,1.9138183483303775,1.9228034019470215,48200.0
2016-07-22,1.9138190553497956,1.9272965336434391,1.9138190553497956,1.9183114767074585,20900.0
2016-07-25,1.922804102882739,1.9317891597747803,1.922804102882739,1.9317891597747803,31400.0
2016-07-26,1.9317888896617017,1.9452663660049438,1.9317888896617017,1.9452663660049438,43900.0
2016-07-27,1.95906268323367,1.95906268323367,1.940667527707707,1.9544638395309448,228100.0
2016-07-28,1.9498647707409624,1.9590624570846558,1.9452661468540275,1.9590624570846558,124800.0
2016-07-29,1.9590622129060278,1.9636608362197876,1.9590622129060278,1.9636608362197876,19100.0
2016-08-01,1.9636608362197876,1.968259678818432,1.9636608362197876,1.9636608362197876,13800.0
2016-08-02,1.968259678818432,1.968259678818432,1.9498645277087392,1.9636608362197876,39400.0
2016-08-03,1.9590622129060278,1.9774571447308358,1.9544633703073835,1.9636608362197876,39300.0
2016-08-04,1.9636610811049615,1.9774573913365268,1.9590624572177144,1.9728585481643677,12200.0
2016-08-05,1.9728577284103639,1.9866540329093436,1.968259106433918,1.9774565696716309,38300.0
2016-08-08,1.9958525896072388,2.0004512141031157,1.9820562775497261,1.9958525896072388,36100.0
2016-08-09,2.005049919648592,2.005049919648592,1.9820561408996582,1.9820561408996582,36500.0
2016-08-10,1.9820562438924834,1.9866550875952085,1.9544638395309448,1.9544638395309448,65000.0
2016-08-11,1.968259106433918,1.9866540329093436,1.968259106433918,1.9774565696716309,21900.0
2016-08-12,1.9820551916480769,1.9912526548857896,1.968259106433918,1.9774565696716309,33800.0
2016-08-15,1.9682600490782385,1.9912536085422465,1.9682600490782385,1.9820561408996582,75400.0
2016-08-16,1.9728577284103639,1.9820551916480769,1.968259106433918,1.9774565696716309,28300.0
2016-08-17,1.968259678818432,1.9728583021321915,1.9636608362197876,1.9636608362197876,51800.0
2016-08-18,1.9590624572177144,1.9728585481643677,1.9544636140455554,1.9728585481643677,15000.0
2016-08-19,1.9636612056144815,1.9820561408996582,1.9636612056144815,1.9820561408996582,10900.0
2016-08-22,1.9912536085422465,1.9912536085422465,1.9636612056144815,1.9820561408996582,21600.0
2016-08-23,1.9820559163320566,2.000450849533081,1.9774572926742509,2.000450849533081,56000.0
2016-08-24,1.9958519855277108,2.000450608631734,1.98665452003479,1.98665452003479,27000.0
2016-08-25,1.9866549843634151,1.9958524520060035,1.9774575167208268,1.9820561408996582,25400.0
2016-08-26,1.9820551916480769,1.9912526548857896,1.9636602651726511,1.9774565696716309,64200.0
2016-08-29,1.9774575167208268,1.9912536085422465,1.9728586732570699,1.9820561408996582,61700.0
2016-08-30,1.9820560152237738,1.9820560152237738,1.9682599242771206,1.9728585481643677,25300.0
2016-08-31,1.9728585545127015,1.9728585545127015,1.9590624635216547,1.9682599306106567,59700.0
2016-09-01,1.968259930610657,1.986654864788661,1.9544636203346974,1.9682599306106567,55500.0
2016-09-02,1.9682600490782385,1.9820561408996582,1.9682600490782385,1.9820561408996582,31800.0
2016-09-06,1.9820561408996582,1.9866549843634151,1.9774575167208268,1.9820561408996582,44700.0
2016-09-07,1.9774565696716309,1.9912526548857896,1.9774565696716309,1.9774565696716309,16800.0
2016-09-08,1.977457397699659,1.995852331877663,1.968259930610657,1.9682599306106567,49400.0
2016-09-09,1.9728582629687266,1.9728582629687266,1.9176734685897827,1.9176734685897827,115100.0
2016-09-12,1.908476129850836,1.9452659952181464,1.908476129850836,1.9406671524047852,68400.0
2016-09-13,1.9314702660808603,1.9406677351846755,1.8946803896656,1.91307532787323,63900.0
2016-09-14,1.9130753439573263,1.926871657371521,1.9130753439573263,1.926871657371521,65500.0
2016-09-15,1.9268714298150338,1.9452663660049438,1.913075118030133,1.9452663660049438,86000.0
2016-09-16,1.9406672782020529,1.9498647451400757,1.9314698112640303,1.9498647451400757,57800.0
2016-09-19,1.9452661213135187,1.9590624313630072,1.9406672782020529,1.9498647451400757,23500.0
2016-09-20,1.959062304373335,1.959062304373335,1.9406671524047852,1.9406671524047852,27000.0
2016-09-21,1.9452659043949794,1.968259678818432,1.9452659043949794,1.9636608362197876,46000.0
2016-09-22,1.9820559094385561,1.9912533760070799,1.977457285796744,1.99125337600708,98200.0
2016-09-23,1.98665452003479,1.98665452003479,1.9728582121529714,1.98665452003479,33900.0
2016-09-26,1.9728585545127015,1.9820560216017036,1.9544636203346974,1.9682599306106567,77100.0
2016-09-27,1.9728577284103639,1.9820551916480769,1.9590616431962053,1.9774565696716309,33200.0
2016-09-28,1.9820556776458922,1.9912531431388132,1.977457054541869,1.98665452003479,58000.0
2016-09-29,1.9912532339569997,1.9912532339569997,1.9636608362197876,1.9636608362197876,24700.0
2016-09-30,1.9728586732570699,1.9912536085422465,1.9636612056144815,1.9820561408996582,24200.0
2016-10-03,1.9912531431388132,1.9912531431388132,1.977457054541869,1.98665452003479,38700.0
2016-10-04,1.9774573913365268,1.986654858395933,1.9636610811049615,1.9728585481643677,27500.0
2016-10-05,1.9774573913365268,1.986654858395933,1.9728585481643677,1.9728585481643677,46300.0
2016-10-06,1.9682599242771206,1.9774573913365268,1.9636610811049615,1.9728585481643677,29400.0
2016-10-07,1.9774576194746956,1.9774576194746956,1.94986499582822,1.9544638395309448,23100.0
2016-10-10,1.9682599242771206,1.986654858395933,1.9682599242771206,1.9728585481643677,26700.0
2016-10-11,1.9590626777898448,1.963661302194854,1.936068897909989,1.9452663660049438,29400.0
2016-10-12,1.945265987982657,1.9498646114940186,1.931469678878784,1.9314696788787842,19100.0
2016-10-13,1.9222720918122547,1.9314695575420786,1.9084760028599588,1.9176734685897827,24800.0
2016-10-14,1.9314701528796614,1.9406676214444236,1.9084765911102295,1.9084765911102295,39000.0
2016-10-17,1.9084767029638028,1.9222727969770452,1.9084767029638028,1.91307532787323,67700.0
2016-10-18,1.9222727969770452,1.926871641171433,1.91307532787323,1.91307532787323,44800.0
2016-10-19,1.91767358185869,1.9314696716258628,1.91767358185869,1.9222722053527832,51000.0
2016-10-20,1.922272684314899,1.922272684314899,1.8900816539807048,1.9084765911102295,128200.0
2016-10-21,1.8900817647561725,1.91307532787323,1.8900817647561725,1.91307532787323,61000.0
2016-10-24,1.9268707125519373,1.9360681772232056,1.9222718705738757,1.9360681772232056,90700.0
2016-10-25,1.9268710481317697,1.9360685144048493,1.9222722053527832,1.9222722053527832,90000.0
2016-10-26,1.9222724437713623,1.9316722997069824,1.9081725478128106,1.9222724437713623,73400.0
2016-10-27,1.9175727272050274,1.922272768020763,1.9034730529783828,1.9128729104995728,73900.0
2016-10-28,1.9128726126637774,1.9128726126637774,1.8940729005485275,1.8987727165222168,92600.0
2016-10-31,1.898772791176985,1.898772791176985,1.8846731185913086,1.8846731185913086,33700.0
2016-11-01,1.8987723869193145,1.9128722806133118,1.856473042002634,1.8752727508544922,43100.0
2016-11-02,1.8752727792351052,1.8752727792351052,1.8517731428146362,1.8517731428146362,44500.0
2016-11-03,1.8517735337846615,1.8564734620610641,1.828273892402649,1.828273892402649,28300.0
2016-11-04,1.8282737556684314,1.8329736835933323,1.8235738277435303,1.8235738277435303,40100.0
2016-11-07,1.8517731428146362,1.85647307009873,1.8376733609623548,1.8517731428146362,70900.0
2016-11-08,1.8611736627318674,1.8705735206604004,1.847073875839068,1.8705735206604004,41100.0
2016-11-09,1.8423736526137688,1.8940729750185112,1.8423736526137688,1.8846731185913086,70400.0
2016-11-10,1.9128726126637774,1.917572428637467,1.879973004406967,1.8987727165222168,65400.0
2016-11-11,1.8893732490677988,1.9081729650497437,1.8846734321274587,1.9081729650497437,63900.0
2016-11-14,1.903472661972046,1.9363720444829664,1.8987726221217802,1.903472661972046,47000.0
2016-11-15,1.894072886116025,1.931672310060024,1.894072886116025,1.9269722700119019,44600.0
2016-11-16,1.926972423386681,1.9363722801208496,1.9175725666525123,1.9363722801208496,41500.0
2016-11-17,1.9269728024775972,1.950472560991228,1.922272985241055,1.941072702407837,24100.0
2016-11-18,1.9457725196443791,1.9457725196443791,1.931672843824446,1.941072702407837,38400.0
2016-11-21,1.9457722287569397,1.9598721265792847,1.9457722287569397,1.9598721265792847,59100.0
2016-11-22,1.9645718578294802,1.9692718982696533,1.955172001059397,1.9692718982696533,22100.0
2016-11-23,1.9692715869112658,1.9833712577819824,1.9645715472142082,1.9833712577819824,60100.0
2016-11-25,1.9927718004423736,2.0115717416051306,1.988071983234413,2.0068717002868652,17500.0
2016-11-28,1.9880715708670986,1.9974714274435992,1.9880715708670986,1.9927713871002197,44100.0
2016-11-29,1.9927713871002197,1.9974714274435992,1.9786717142905978,1.9927713871002197,43900.0
2016-11-30,1.9974711527629267,2.0068710080468137,1.9833712577819824,1.9833712577819824,62400.0
2016-12-01,1.9739718626551241,1.9786719034478186,1.9457722902297974,1.9457722902297974,39600.0
2016-12-02,1.9457723140387106,1.9551721716288384,1.941072497298788,1.950472354888916,39900.0
2016-12-05,1.9551725387573242,1.95987258049007,1.950472721134903,1.9551725387573242,15300.0
2016-12-06,1.9598713037939217,1.9692711570258519,1.9504714505619918,1.9645711183547974,71000.0
2016-12-07,1.9692723201293756,1.9880720376968384,1.9598724613456442,1.9880720376968384,37500.0
2016-12-08,1.9927718550335485,1.9974718964805698,1.983371996249817,1.9880720376968384,45200.0
2016-12-09,1.9927713871002197,2.002171467786979,1.9786717142905978,1.9927713871002197,65600.0
2016-12-12,1.9880720376968384,2.002171937927591,1.9880720376968384,1.9880720376968384,28400.0
2016-12-13,1.9880716191560992,2.0068713327657335,1.9880716191560992,2.002171516418457,55100.0
2016-12-14,1.9974714274435992,2.002171467786979,1.9880715708670986,1.9927713871002197,50400.0
2016-12-15,1.9880713577718003,2.011571108749315,1.9833713179322034,1.9974712133407593,51900.0
2016-12-16,1.9974714759609165,2.0115713732232745,1.9974714759609165,2.002171516418457,55100.0
2016-12-19,1.9927718004423736,2.0115717416051306,1.9927718004423736,2.0068717002868652,42200.0
2016-12-20,2.0021715503539763,2.0115714073181152,2.0021715503539763,2.0115714073181152,60200.0
2016-12-21,2.002171516418457,2.0115713732232745,2.002171516418457,2.002171516418457,18400.0
2016-12-22,2.002171937927591,2.002171937927591,1.983371996249817,1.9880720376968384,46800.0
2016-12-23,1.9880715708670986,1.9927713871002197,1.983371530523719,1.9927713871002197,18200.0
2016-12-27,1.9833713179322034,2.011571108749315,1.9833713179322034,1.9974712133407593,44300.0
2016-12-28,1.9974709960947035,2.0021710354231215,1.9739712476730347,1.9739712476730347,143700.0
2016-12-29,1.9739717145995632,1.9880716118098196,1.9692718982696533,1.9692718982696533,107900.0
2016-12-30,1.9739709715867273,1.9786710102577818,1.9645711183547974,1.9645711183547974,63400.0
2017-01-03,1.9739712476730347,1.9927709567662857,1.9598715779082017,1.9739712476730347,52600.0
2017-01-04,1.9692716466338824,1.9974712133407593,1.9692716466338824,1.9974712133407593,49000.0
2017-01-05,1.9927713871002197,2.002171467786979,1.9927713871002197,1.9927713871002197,19100.0
2017-01-06,1.9927714692795697,2.0115714073181152,1.9927714692795697,2.0115714073181152,85800.0
2017-01-09,2.0068717002868652,2.0162715588130915,2.0068717002868652,2.0068717002868652,18200.0
2017-01-10,2.0068711982073086,2.0303709506988525,2.0068711982073086,2.0303709506988525,59700.0
2017-01-11,2.030371317685616,2.0350711345672607,2.020971459812037,2.0350711345672607,33300.0
2017-01-12,2.030371317685616,2.0350711345672607,2.0115716019384586,2.0350711345672607,40100.0
2017-01-13,2.0350710724813945,2.049170970916748,2.0350710724813945,2.049170970916748,28300.0
2017-01-17,2.0632706452418192,2.0632706452418192,2.0397711133299397,2.049170970916748,126000.0
2017-01-18,2.039770530812352,2.0585702406171484,2.0303706759099542,2.05387020111084,103600.0
2017-01-19,2.05387020111084,2.0585702406171484,2.0256706364036456,2.05387020111084,82000.0
2017-01-20,2.05387020111084,2.0867698053243426,2.0303706759099542,2.05387020111084,84000.0
2017-01-23,2.0585709245601995,2.0585709245601995,2.0397712085093542,2.044471025466919,72400.0
2017-01-24,2.0444706523982377,2.0820700776389014,2.0444706523982377,2.0726702213287354,111900.0
2017-01-25,2.0967155040278156,2.1111423167138716,2.077479600906372,2.077479600906372,125000.0
2017-01-26,2.0822883162885386,2.0919062671760824,2.0822883162885386,2.087097406387329,31400.0
2017-01-27,2.082288171547731,2.082288171547731,2.067861360874248,2.0726702213287354,22900.0
2017-01-30,2.0774799370151507,2.0774799370151507,2.0534349395681573,2.0630528926849365,103000.0
2017-01-31,2.0486260776648124,2.0630528926849365,2.039007895237943,2.0630528926849365,101300.0
2017-02-01,2.0774795081380755,2.0774795081380755,2.067861557006836,2.067861557006836,13700.0
2017-02-02,2.06305227110974,2.0726702213287354,2.06305227110974,2.0726702213287354,18800.0
2017-02-03,2.0870972616477443,2.096715211868286,2.0774793114272025,2.096715211868286,28500.0
2017-02-06,2.0967155459312883,2.0967155459312883,2.0822885036468506,2.0822885036468506,21800.0
2017-02-07,2.087097923983624,2.096715877256402,2.087097923983624,2.091906785964966,15000.0
2017-02-08,2.0870971603602775,2.1111419200897217,2.0822880708283824,2.1111419200897217,57100.0
2017-02-09,2.101524495197072,2.1255694902418254,2.101524495197072,2.1159515380859375,59800.0
2017-02-10,2.1207606222929964,2.1448056198636567,2.1207606222929964,2.1399965286254883,73800.0
2017-02-13,2.1448056198636567,2.149614481791734,2.1399965286254883,2.1399965286254883,36300.0
2017-02-14,2.1399963405504483,2.149614292871414,2.135187479045001,2.144805431365967,45500.0
2017-02-15,2.1448048104730706,2.1640407095464607,2.1399957210497202,2.1544227600097656,54300.0
2017-02-16,2.15923243495798,2.1784685706005633,2.135187666697411,2.1399965286254883,94100.0
2017-02-17,2.164041230167715,2.164041230167715,2.1496141877368373,2.1592321395874023,75000.0
2017-02-21,2.1784684658050537,2.1784684658050537,2.159232331087827,2.1784684658050537,46700.0
2017-02-22,2.173658847808838,2.183276798180602,2.164040897437074,2.173658847808838,50900.0
2017-02-23,2.183277475703715,2.188086567036985,2.1640415689908266,2.1688506603240967,105500.0
2017-02-24,2.1688502225220465,2.1977040767669678,2.1399961389670756,2.1977040767669678,184500.0
2017-02-27,2.192894893716636,2.2025128447250846,2.1832769427081873,2.1880860328674316,68300.0
2017-02-28,2.1928950819610344,2.1928950819610344,2.1784682688649424,2.183277130126953,74900.0
2017-03-01,2.1977047328309025,2.226558595689346,2.1977047328309025,2.2169406414031982,78100.0
2017-03-02,2.2169398858927774,2.2169398858927774,2.1880860328674316,2.1880860328674316,33400.0
2017-03-03,2.1880860328674316,2.192894893716636,2.168850130850535,2.1880860328674316,55400.0
2017-03-06,2.173659374798227,2.1784684658050537,2.164041422094654,2.1784684658050537,44000.0
2017-03-07,2.1640415689908266,2.1688506603240967,2.1592324776575564,2.1688506603240967,44800.0
2017-03-08,2.1736591820182802,2.188086224449158,2.1592321395874023,2.1592321395874023,94100.0
2017-03-09,2.1640407095464607,2.173658659083156,2.1399957210497202,2.1544227600097656,67900.0
2017-03-10,2.1640407095464607,2.1640407095464607,2.1399957210497202,2.1544227600097656,73400.0
2017-03-13,2.1544227600097656,2.1592316201231108,2.1448048104730706,2.1544227600097656,131200.0
2017-03-14,2.1496141877368373,2.1592321395874023,2.1351873746160193,2.1592321395874023,73200.0
2017-03-15,2.159232331087827,2.1832773275018,2.159232331087827,2.1784684658050537,56600.0
2017-03-16,2.183277459161497,2.1928954124450684,2.168850643891188,2.1928954124450684,101900.0
2017-03-17,2.192894986404456,2.1977040767669678,2.1832770349894823,2.1977040767669678,72000.0
2017-03-20,2.197704503741901,2.197704503741901,2.18808655045833,2.1928954124450684,29400.0
2017-03-21,2.1977038384391347,2.2025126989701045,2.149613857269287,2.149613857269287,59700.0
2017-03-22,2.149614292871414,2.1544233836869324,2.1399963405504483,2.144805431365967,28200.0
2017-03-23,2.1496142379783882,2.16404128074646,2.139996285903029,2.16404128074646,174000.0
2017-03-24,2.1592316703756094,2.164040759910883,2.1255689608687356,2.1351869106292725,116200.0
2017-03-27,2.130377771513025,2.1544227600097656,2.12075982197633,2.1544227600097656,55300.0
2017-03-28,2.1688503207480276,2.1688503207480276,2.1448053264665847,2.1592321395874023,97700.0
2017-03-29,2.15923180759618,2.188085888021496,2.149613857224416,2.173658847808838,93400.0
2017-03-30,2.178467937649732,2.188085888021496,2.15923180759618,2.173658847808838,58300.0
2017-03-31,2.1784682688649424,2.183277130126953,2.1688503170308615,2.183277130126953,46000.0
2017-04-03,2.183277130126953,2.183277130126953,2.164041226458791,2.183277130126953,59700.0
2017-04-04,2.168850130850535,2.1880860328674316,2.1640410406912904,2.1880860328674316,96300.0
2017-04-05,2.1784686136805407,2.188086567036985,2.1640415689908266,2.1688506603240967,113700.0
2017-04-06,2.173659374798227,2.1832773275018,2.173659374798227,2.1784684658050537,73600.0
2017-04-07,2.1832769427081873,2.1880860328674316,2.178468081858983,2.1880860328674316,24300.0
2017-04-10,2.192894986404456,2.2073220281819412,2.188086125351994,2.1977040767669678,80400.0
2017-04-11,2.1977043562619922,2.2025132179260254,2.1832773126497345,2.2025132179260254,46100.0
2017-04-12,2.1977043562619922,2.2025132179260254,2.1977043562619922,2.2025132179260254,73800.0
2017-04-13,2.1977039838758805,2.1977039838758805,2.178468081858983,2.1880860328674316,85800.0
2017-04-17,2.197704503741901,2.2025133657286395,2.183277459161497,2.1928954124450684,67300.0
2017-04-18,2.1928952652878797,2.2073223089001375,2.1736593600115888,2.2025132179260254,193400.0
2017-04-19,2.2073226871170504,2.226558595689346,2.2073226871170504,2.2169406414031982,141800.0
2017-04-20,2.221748971320528,2.240984875281826,2.221748971320528,2.236176013946533,94900.0
2017-04-21,2.245793342590332,2.255411291901447,2.23136630396866,2.245793342590332,122700.0
2017-04-24,2.255411285440956,2.279456043994869,2.250602196144174,2.2698380947113037,133500.0
2017-04-25,2.279456716335604,2.2986928498865566,2.2698387642151605,2.2890748977661133,174300.0
2017-04-26,2.298898374890483,2.298898374890483,2.269425345828776,2.2939863204956055,112400.0
2017-04-27,2.279250540039719,2.298899233418698,2.274338483810425,2.274338483810425,59800.0
2017-04-28,2.2841621956347797,2.303810883552559,2.2694255625810276,2.279249906539917,77000.0
2017-05-01,2.279249906539917,2.2939865395936696,2.2694255625810276,2.279249906539917,111500.0
2017-05-02,2.2890748867292086,2.2890748867292086,2.274338483810425,2.274338483810425,97600.0
2017-05-03,2.279249906539917,2.2841621956347797,2.2694255625810276,2.279249906539917,106100.0
2017-05-04,2.2792494959212832,2.2841617841311717,2.2596008115433164,2.2694251537323,65300.0
2017-05-05,2.2792503136339306,2.3038112950333787,2.2645139121789644,2.289074659347534,109600.0
2017-05-08,2.289074250498807,2.2988985944576963,2.279249906539917,2.279249906539917,106400.0
2017-05-09,2.289074250498807,2.289074250498807,2.279249906539917,2.279249906539917,78800.0
2017-05-10,2.2890745769268035,2.2939868667221717,2.2792502315669365,2.2841625213623047,87100.0
2017-05-11,2.2841626036061715,2.289074659347534,2.269425967920327,2.289074659347534,94800.0
2017-05-12,2.293986949319775,2.293986949319775,2.269425967920327,2.289074659347534,107000.0
2017-05-15,2.289074031869914,2.3038106635161744,2.279249688849345,2.2939863204956055,258200.0
2017-05-16,2.298898374890483,2.3038106635161744,2.2841619774750366,2.2939863204956055,84000.0
2017-05-17,2.284161939883419,2.2939862827423037,2.259600965620802,2.2645132541656494,177100.0
2017-05-18,2.2596012186221377,2.279249906539917,2.254689163758111,2.279249906539917,74400.0
2017-05-19,2.2939869659370324,2.313635657506571,2.2939869659370324,2.3038113117218018,78300.0
2017-05-22,2.29889811064248,2.3332834243774414,2.293986056812221,2.3332834243774414,167300.0
2017-05-23,2.338196581421313,2.3480209269638026,2.3185476561054594,2.328372001647949,136400.0
2017-05-24,2.3332839694304033,2.3332839694304033,2.298898647663063,2.3234596252441406,125700.0
2017-05-25,2.328372001647949,2.333284291534631,2.3185476561054594,2.328372001647949,120700.0
2017-05-26,2.3283716802218515,2.3332839694304033,2.3234596252441406,2.3234596252441406,51300.0
2017-05-30,2.3185473360355884,2.3381962586389555,2.313635281057878,2.3234596252441406,131800.0
2017-05-31,2.3234599459921412,2.3480209269638026,2.3087233105629696,2.328372001647949,170000.0
2017-06-01,2.3283712631741293,2.367668867111206,2.3283712631741293,2.367668867111206,106300.0
2017-06-02,2.377493789484819,2.3873181343078613,2.3676694446617765,2.3873181343078613,85600.0
2017-06-05,2.4020545344269966,2.4020545344269966,2.3578450998387344,2.3873181343078613,102000.0
2017-06-06,2.3824055872761827,2.3824055872761827,2.3627568997538466,2.3725812435150146,63700.0
2017-06-07,2.367669188749846,2.3824055872761827,2.3627568997538466,2.3725812435150146,56900.0
2017-06-08,2.3725813307422245,2.3922300189869388,2.367669275796466,2.3774936199188232,62400.0
2017-06-09,2.387318426561484,2.397142772587215,2.362757444381714,2.362757444381714,53600.0
2017-06-12,2.362757444381714,2.382406136433176,2.343108752330252,2.362757444381714,72800.0
2017-06-13,2.372581195834989,2.397142171859741,2.357844797604799,2.397142171859741,113300.0
2017-06-14,2.4020545344269966,2.406966823953946,2.377493789484819,2.3873181343078613,118000.0
2017-06-15,2.372581790407445,2.382406136433176,2.357845388484291,2.362757444381714,53800.0
2017-06-16,2.3676695650922404,2.3725816206381825,2.3480208744467337,2.352932929992676,72400.0
2017-06-19,2.372581195834989,2.397142171859741,2.367669141168535,2.397142171859741,66100.0
2017-06-20,2.3824058447809118,2.3873181343078613,2.3725814999578696,2.3873181343078613,61500.0
2017-06-21,2.3873181343078613,2.406966823953946,2.377493789484819,2.3873181343078613,170100.0
2017-06-22,2.3922301896039544,2.406966823953946,2.362757155134827,2.3873181343078613,108700.0
2017-06-23,2.4020538551991595,2.41679048538208,2.3774931172020124,2.41679048538208,119900.0
2017-06-26,2.42170320110424,2.4462641800443232,2.42170320110424,2.441351890563965,172900.0
2017-06-27,2.441352029198542,2.475737354821093,2.406966937806859,2.421703338623047,146300.0
2017-06-28,2.4266156283823546,2.4511763744862898,2.416791283094607,2.421703338623047,157300.0
2017-06-29,2.4315273415584926,2.441351685463,2.3922299659404636,2.4020543098449707,85800.0
2017-06-30,2.4069661433370633,2.4315268813342104,2.4020538551991595,2.41679048538208,109400.0
2017-07-03,2.431527614593506,2.431527614593506,2.421703269585828,2.431527614593506,36100.0
2017-07-05,2.4315274632651867,2.4511761520576885,2.4217031188689355,2.4364397525787354,144700.0
2017-07-06,2.4364399736701023,2.4511763744862898,2.416791283094607,2.421703338623047,290100.0
2017-07-07,2.4217031188689355,2.4511761520576885,2.4217031188689355,2.4364397525787354,120800.0
2017-07-10,2.446264406303925,2.446264406303925,2.4266157150268555,2.4266157150268555,53100.0
2017-07-11,2.441351263493418,2.456087893918478,2.436439209505594,2.446263551712036,119100.0
2017-07-12,2.4659125604792913,2.4904735363414274,2.4462638734819127,2.4511759281158447,118200.0
2017-07-13,2.465912342071533,2.4708246305012054,2.451175711013321,2.465912342071533,70400.0
2017-07-14,2.4806493841226884,2.4904737283789213,2.4708250398664555,2.4757370948791504,69900.0
2017-07-17,2.4708250398664555,2.5002980726351547,2.4708250398664555,2.4757370948791504,64700.0
2017-07-18,2.4757372643394944,2.500298243776659,2.4757372643394944,2.4855616092681885,137700.0
2017-07-19,2.495386222050256,2.5248592599999573,2.495386222050256,2.5150349140167236,107100.0
2017-07-20,2.5297715501070166,2.5297715501070166,2.510122858140549,2.5150349140167236,82100.0
2017-07-21,2.519946882341639,2.519946882341639,2.495385903404402,2.510122537612915,137100.0
2017-07-24,2.519947052001953,2.5248591075816016,2.5052104168012677,2.519947052001953,214300.0
2017-07-25,2.529770851135254,2.5445072489230185,2.5248585623854525,2.529770851135254,664300.0
2017-07-26,2.5448296070098873,2.56490713832277,2.534790841353446,2.5448296070098877,76900.0
2017-07-27,2.554868107391354,2.559887370026892,2.4996547823422657,2.5147130489349365,98400.0
2017-07-28,2.504674044977804,2.5147130489349365,2.4996547823422657,2.5147130489349365,58000.0
2017-07-31,2.514712722058334,2.529770747350649,2.4996544574230217,2.504673719406128,74000.0
2017-08-01,2.514712722058334,2.514712722058334,2.489615694113813,2.504673719406128,73200.0
2017-08-02,2.5046739438474606,2.5046739438474606,2.479577152997038,2.4896159172058105,67600.0
2017-08-03,2.4845960294151346,2.4996542930603027,2.4795767677620657,2.4996542930603027,83900.0
2017-08-04,2.519731998443603,2.524751499798396,2.504673733722222,2.5197319984436035,61300.0
2017-08-07,2.5448297589927953,2.5448297589927953,2.524752226480838,2.5347909927368164,93700.0
2017-08-08,2.5297707618101914,2.5297707618101914,2.504673733722222,2.5197319984436035,133400.0
2017-08-09,2.5197318937597752,2.5197318937597752,2.4795768419616895,2.4946348667144775,71800.0
2017-08-10,2.504674616245085,2.504674616245085,2.4042869472075776,2.414325714111328,142800.0
2017-08-11,2.379189218623133,2.4494608058638345,2.369150454637749,2.4293832778930664,170400.0
2017-08-14,2.449461308341878,2.4795776064760333,2.449461308341878,2.4595000743865967,70400.0
2017-08-15,2.459499418904707,2.46451868091785,2.4394218921661377,2.4394218921661377,72400.0
2017-08-16,2.454480271221725,2.4896160677485386,2.4494610084853417,2.4795773029327393,111700.0
2017-08-17,2.474557369288476,2.494634895418537,2.4344023170283533,2.444441080093384,80500.0
2017-08-18,2.4544805716927063,2.4795776064760333,2.43440303960327,2.4595000743865967,120000.0
2017-08-21,2.4544798431584147,2.4594993443624253,2.444441080093384,2.444441080093384,52900.0
2017-08-22,2.4544798149163913,2.499654367860732,2.4544798149163913,2.4946348667144775,100600.0
2017-08-23,2.4946348667144775,2.499654367860732,2.4795768419616895,2.4946348667144775,81600.0
2017-08-24,2.4946348667144775,2.5096931308102537,2.484596103764956,2.4946348667144775,62800.0
2017-08-25,2.4946348667144775,2.4946348667144775,2.489615604911211,2.4946348667144775,24800.0
2017-08-28,2.5096931308102537,2.5096931308102537,2.489615604911211,2.4946348667144775,66600.0
2017-08-29,2.489615530411184,2.4996542930603027,2.4845960294151346,2.4996542930603027,56600.0
2017-08-30,2.4996546814145835,2.4996546814145835,2.484596415429915,2.4896159172058105,72700.0
2017-08-31,2.5096931308102537,2.5096931308102537,2.489615604911211,2.4946348667144775,94600.0
2017-09-01,2.5347902631649846,2.5347902631649846,2.509693235077015,2.5197319984436035,52500.0
2017-09-05,2.5096937626422062,2.519732528119053,2.484596729278565,2.4845967292785645,48500.0
2017-09-06,2.5147129473992513,2.5147129473992513,2.484596415429915,2.4896159172058105,48300.0
2017-09-07,2.499654367860732,2.5147126319565087,2.484596103764956,2.4946348667144775,56200.0
2017-09-08,2.504673629663999,2.5096931308102537,2.489615604911211,2.4946348667144775,52400.0
2017-09-11,2.5247518896355814,2.5398099173390167,2.499654857672476,2.5096936225891113,55600.0
2017-09-12,2.519731998443603,2.5347902631649846,2.509693235077015,2.5197319984436035,80800.0
2017-09-13,2.5297711524223816,2.5398099173390167,2.5096936225891113,2.5096936225891113,81700.0
2017-09-14,2.509693220732231,2.524751485367543,2.4996544574230217,2.504673719406128,74500.0
2017-09-15,2.5147131366622744,2.524751901626587,2.504674132354925,2.524751901626587,64800.0
2017-09-18,2.529771089553833,2.549848618888147,2.529771089553833,2.529771089553833,125100.0
2017-09-19,2.539809804705905,2.5749456000274757,2.5347905421416947,2.5649068355560303,187500.0
2017-09-20,2.5699265003204346,2.5699265003204346,2.5649072369706962,2.5699265003204346,158200.0
2017-09-21,2.5699259482146575,2.5749454498291016,2.564906685943224,2.5749454498291016,60200.0
2017-09-22,2.574945903979211,2.584984669635652,2.5398101045101407,2.5448296070098877,87700.0
2017-09-25,2.5598870519099557,2.5598870519099557,2.519731998443603,2.5197319984436035,95100.0
2017-09-26,2.544828743776039,2.5799642919836927,2.544828743776039,2.5548675060272217,98600.0
2017-09-27,2.579964562778246,2.584984064102173,2.5448290108827445,2.584984064102173,135100.0
2017-09-28,2.569925799473389,2.590003326083103,2.569925799473389,2.584984064102173,120500.0
2017-09-29,2.590003678844738,2.630158737533334,2.5849844161801783,2.6251394748687744,133100.0
2017-10-02,2.6351777917553862,2.670313581808934,2.6151002658227847,2.6552553176879883,207400.0
2017-10-03,2.660275783792164,2.720508383437862,2.660275783792164,2.6703145503997803,197400.0
2017-10-04,2.675333051488781,2.725526870220248,2.675333051488781,2.705449342727661,179200.0
2017-10-05,2.7355661501264557,2.765682686390878,2.7104693556968407,2.750624418258667,145100.0
2017-10-06,2.7606632709503174,2.7656827736003504,2.7154887044722607,2.7606632709503174,127400.0
2017-10-09,2.785759227767074,2.8309335374251523,2.7656817036206025,2.8008172512054443,105200.0
2017-10-10,2.805837048982305,2.8459921015266754,2.690391153245743,2.700429916381836,300300.0
2017-10-11,2.7004308502226295,2.710469616830246,2.625139980993969,2.6703145503997803,328700.0
2017-10-12,2.6803529502091203,2.7104692459106445,2.675333447920678,2.7104692459106445,51100.0
2017-10-13,2.7305458334102295,2.75062335694433,2.690390786342028,2.7255263328552246,69400.0
2017-10-16,2.720507860183716,2.7556434168809703,2.710469095506925,2.720507860183716,78100.0
2017-10-17,2.7355661501264557,2.755643681407369,2.7054498532050864,2.750624418258667,87200.0
2017-10-18,2.7606629322878966,2.775721199047673,2.725527136077105,2.7355659008026123,174500.0
2017-10-19,2.760662663003779,2.760662663003779,2.685371815235074,2.705449342727661,110500.0
2017-10-20,2.715488694156234,2.765682763093639,2.710469430868329,2.745604991912842,99200.0
2017-10-23,2.7606627668282977,2.7606627668282977,2.730546474456787,2.730546474456787,56500.0
2017-10-24,2.755643768300285,2.78074080286433,2.7456050023432788,2.7606632709503174,97300.0
2017-10-25,2.7606627330756806,2.7957985267510375,2.7606627330756806,2.780740261077881,110100.0
2017-10-26,2.7857602949313773,2.82089585597589,2.7405857286249367,2.745604991912842,80700.0
2017-10-27,2.760663292500578,2.835954157437388,2.755643789811362,2.7907795906066895,113300.0
2017-10-30,2.7907791265861457,2.8108566553186125,2.7757210997083064,2.805837392807007,87500.0
2017-10-31,2.8058370803629877,2.8208951055640403,2.780740052570573,2.810856342315674,127100.0
2017-11-01,2.845991782654493,2.845991782654493,2.785759210586548,2.785759210586548,52700.0
2017-11-02,2.800818041315002,2.8309343360305035,2.7907792764098347,2.7957987785339355,163000.0
2017-11-03,2.8208947579546995,2.8208947579546995,2.785759210586548,2.785759210586548,80900.0
2017-11-06,2.795798983312247,2.830934543382319,2.7506244182586665,2.750624418258667,97700.0
2017-11-07,2.7355660393237264,2.745604804557568,2.695410978388361,2.7104692459106445,179800.0
2017-11-08,2.7054494787921097,2.7255270072944504,2.6803526878356934,2.6803526878356934,131800.0
2017-11-09,2.670313656253074,2.7004299459915715,2.640197366514576,2.650236129760742,134900.0
2017-11-10,2.635178315637528,2.680352877638229,2.6100812835609086,2.620120048522949,170800.0
2017-11-13,2.6452173975084716,2.660275666427099,2.6050623328495526,2.6151010990142822,111800.0
2017-11-14,2.630158228252916,2.640197230324231,2.529770600969592,2.595022678375244,179800.0
2017-11-15,2.6000421649495484,2.6000421649495484,2.5699258741597473,2.5799646377563477,179100.0
2017-11-16,2.590223685544131,2.6158693168939826,2.574836111072461,2.6004819869995117,83600.0
2017-11-17,2.6209989573401216,2.6517738660205032,2.6209989573401216,2.6466445922851562,73700.0
2017-11-20,2.656902139847489,2.682548012078888,2.656902139847489,2.662031412124634,67400.0
2017-11-21,2.687677511688918,2.708194359822742,2.66203187953175,2.6979360580444336,136700.0
2017-11-22,2.718452150096544,2.718452150096544,2.7030645780358067,2.713322877883911,44500.0
2017-11-24,2.718452184194754,2.733839511871338,2.718452184194754,2.733839511871338,37600.0
2017-11-27,2.72358127656302,2.754356177224068,2.708193948521081,2.738968849182129,105600.0
2017-11-28,2.7543562107084405,2.774872811398557,2.7492271828244976,2.7594854831695557,115400.0
2017-11-29,2.774872643367059,2.774872643367059,2.7492270163459622,2.7646143436431885,99400.0
2017-11-30,2.7697435791502496,2.800518477914711,2.71845208120948,2.7800018787384033,89000.0
2017-12-01,2.7543563134604145,2.8159061178268954,2.7287106839296387,2.749227285385132,63400.0
2017-12-04,2.7800021879731647,2.8159061182369154,2.774872915319954,2.7851312160491943,104600.0
2017-12-05,2.800518789023866,2.800518789023866,2.744098012732668,2.749227285385132,75700.0
2017-12-06,2.759486331130968,2.769744634628296,2.738969724136312,2.769744634628296,37500.0
2017-12-07,2.7697436157937028,2.7697436157937028,2.738968716622092,2.7646143436431885,57600.0
2017-12-08,2.769744201497569,2.769744201497569,2.713323418796685,2.7184526920318604,88000.0
2017-12-11,2.7184526920318604,2.7543566263692516,2.7030651169035433,2.7184526920318604,98200.0
2017-12-12,2.718452150096544,2.769743649337068,2.7081938502484393,2.713322877883911,95400.0
2017-12-13,2.7184520482250685,2.7697435455434913,2.7133227762046506,2.723581075668335,89900.0
2017-12-14,2.7287101379233074,2.7287101379233074,2.7030642689470072,2.70819354057312,116400.0
2017-12-15,2.72358127656302,2.754356177224068,2.72358127656302,2.738968849182129,42100.0
2017-12-18,2.74922802763364,2.780002938125624,2.744098753596352,2.769744634628296,89800.0
2017-12-19,2.76974398301167,2.8210354884313475,2.7543564090971717,2.810777187347412,77800.0
2017-12-20,2.81590546165903,2.826164004573492,2.7902598381042476,2.790259838104248,52500.0
2017-12-21,2.8005183752863307,2.831293272923009,2.7748725049671927,2.8261642456054688,131700.0
2017-12-22,2.821035584208706,2.8466814600778463,2.805648009771782,2.83642315864563,75100.0
2017-12-26,2.8312934465545823,2.856939318446476,2.821035146713257,2.821035146713257,24500.0
2017-12-27,2.821035584208706,2.83642315864563,2.821035584208706,2.83642315864563,8900.0
2017-12-28,2.8466816351366124,2.851810663879535,2.826165031010496,2.831294059753418,27600.0
2017-12-29,2.8569388735176924,2.8569388735176924,2.826163978786481,2.8415513038635254,26900.0
2018-01-02,2.8620687899375716,2.867198062942279,2.8312938856409224,2.83642315864563,54700.0
2018-01-03,2.8518099069745118,2.862068206314893,2.8210350089533693,2.8466808795928955,68700.0
2018-01-04,2.8415516426249927,2.8723265410250973,2.8415516426249927,2.8671975135803223,44000.0
2018-01-05,2.8928439965066057,2.8928439965066057,2.8671983625349595,2.8774566650390625,40900.0
2018-01-08,2.8825855255126958,2.9031021293216877,2.8825855255126958,2.8825855255126953,94300.0
2018-01-09,2.8825855255126958,2.9082314025625404,2.8774564968490526,2.8825855255126953,93800.0
2018-01-10,2.8825847090424714,2.903101307040293,2.8723264100435606,2.892843008041382,32900.0
2018-01-11,2.9133597423413318,2.9492639128058737,2.8877141159327895,2.9390056133270264,100500.0
2018-01-12,2.944135149983393,2.964651997066749,2.9390061216454493,2.9595227241516113,34600.0
2018-01-16,2.974910124363396,3.005685026323092,2.974910124363396,3.0005557537078857,147400.0
2018-01-17,2.9954263198214903,3.0928802851118085,2.9902970479012465,3.0774927139282227,188800.0
2018-01-18,3.0774925025440067,3.0774925025440067,2.9954261140741814,3.026201009750366,99900.0
2018-01-19,3.036459279484891,3.0518466048883512,3.0313300079656527,3.041588306427002,51800.0
2018-01-22,3.077493356737697,3.113397533947428,3.0569767539256216,3.1082682609558105,102600.0
2018-01-23,3.0980099904184817,3.1287848949432373,3.0826226604447036,3.1287848949432373,47700.0
2018-01-24,3.154430589000276,3.2262386954149043,3.1493013162534957,3.2057220935821533,273600.0
2018-01-25,3.2423288061069298,3.2423288061069298,3.1325079683788415,3.158655881881714,190100.0
2018-01-26,3.1952634009555925,3.200492834839191,3.122049331665039,3.122049331665039,98300.0
2018-01-29,3.132507562637329,3.1534260403491285,3.1220484484639055,3.132507562637329,86300.0
2018-01-30,3.132508754952989,3.132508754952989,3.090672282335227,3.0959019660949707,103900.0
2018-01-31,3.106360780649222,3.179574600574753,3.106360780649222,3.122049331665039,145300.0
2018-02-01,3.122049464003828,3.1325085815793923,3.0854426771718693,3.106360912322998,42300.0
2018-02-02,3.085442831190612,3.095901949288273,3.017458438873291,3.017458438873291,87200.0
2018-02-05,3.0174581002600567,3.038376334107976,2.9390145986478506,2.965162515640259,71500.0
2018-02-06,2.9390140001528917,3.142967112685025,2.902407223056073,3.0540645122528076,147600.0
2018-02-07,3.054064719679276,3.0906714992623603,3.0174576907312085,3.085442066192627,73900.0
2018-02-08,3.0802131587954458,3.111590513203909,2.980851411819458,2.980851411819458,51800.0
2018-02-09,2.9808502318612953,2.9808502318612953,2.891947887578161,2.9128661155700684,95200.0
2018-02-12,2.9285544693658734,3.017457057169728,2.9285544693658734,2.954702377319336,47300.0
2018-02-13,2.9860796211658407,2.9860796211658407,2.9547022822502274,2.9756205081939697,34000.0
2018-02-14,2.9756211234560603,3.033146381378174,2.959932326071857,3.033146381378174,45900.0
2018-02-15,3.033146351801942,3.085441926964395,3.012228121736961,3.064523696899414,59000.0
2018-02-16,3.069753129733173,3.101130474830645,3.043605466834433,3.064523696899414,63200.0
2018-02-20,3.06452407673315,3.0697535102150737,3.0488352775573735,3.048835277557373,33700.0
2018-02-21,3.0854421038323046,3.1429673644910303,3.038375958805621,3.1272785663604736,122200.0
2018-02-22,3.1377370357513428,3.1377370357513428,3.0959005818397145,3.1377370357513428,52500.0
2018-02-23,3.101131097400602,3.142967815294499,3.090671980268383,3.122049331665039,101800.0
2018-02-26,3.148197612282156,3.17434553281104,3.1325088100918155,3.14296817779541,31300.0
2018-02-27,3.1691143761850635,3.174344057606485,3.1272779222734357,3.1377370357513428,28100.0
2018-02-28,3.174344057606485,3.174344057606485,3.1168188087955286,3.1377370357513428,54200.0
2018-03-01,3.12727901491366,3.142967815294499,3.1115902145328205,3.122049331665039,18100.0
2018-03-02,3.1168199567155583,3.1900337780254464,3.080212921378101,3.1691155433654785,120800.0
2018-03-05,3.1900330875590903,3.195262769774658,3.15342630951001,3.174344539642334,64700.0
2018-03-06,3.1743446798564334,3.1900332284661697,3.1429673332719776,3.158655881881714,102700.0
2018-03-07,3.169115543365478,3.21618169603292,3.09590172205559,3.1691155433654785,144000.0
2018-03-08,3.216180730936457,3.216180730936457,3.15865547820094,3.205721616744995,60300.0
2018-03-09,3.2423297974582077,3.284166521727494,3.221411560006095,3.23710036277771,83600.0
2018-03-12,3.289394449374494,3.383526474782488,3.2527874259222456,3.299853563308716,192700.0
2018-03-13,3.315543141060019,3.362609040184827,3.2684769925702066,3.3469204902648926,141600.0
2018-03-14,3.341690807381578,3.3835272729880757,3.29462490825677,3.3469204902648926,141400.0
2018-03-15,3.362608346382973,3.362608346382973,3.2423284078989654,3.278935432434082,75100.0
2018-03-16,3.273706436157227,3.2789358692932837,3.2214106086067384,3.2737064361572266,109300.0
2018-03-19,3.252787505924098,3.367838011395132,3.200491934966788,3.205721616744995,66500.0
2018-03-20,3.231869827503172,3.268476858085123,3.2109515955606263,3.2161812782287598,88800.0
2018-03-21,3.2214099649878607,3.242328192082722,3.1952623058017524,3.2109508514404297,61100.0
2018-03-22,3.190033677555037,3.2214110285567563,3.116819858551025,3.1168198585510254,67500.0
2018-03-23,3.1377380597301783,3.1534268597494366,3.069753675255087,3.0749833583831787,119600.0
2018-03-26,3.1429667171727638,3.163884944128578,3.0854414683618074,3.1377370357513428,110800.0
2018-03-27,3.1534266183814905,3.1638857344721005,3.1220490207446616,3.1481969356536865,53100.0
2018-03-28,3.158656366310316,3.1691154834425346,3.106360780649222,3.122049331665039,50900.0
2018-03-29,3.1325079683788415,3.2109514595224735,3.1220488528506896,3.158655881881714,43000.0
2018-04-02,3.1795737287821857,3.1795737287821857,3.0959008146663245,3.101130247116089,60200.0
2018-04-03,3.148196358579941,3.1586554727533644,3.0906711059436347,3.132507562637329,43900.0
2018-04-04,3.0802118778228755,3.1220483329689,3.0592936502498635,3.080211877822876,104400.0
2018-04-05,3.1011310583676557,3.1377380925521714,3.0697537073659364,3.1168198585510254,127600.0
2018-04-06,3.101130247116089,3.1168190431952896,3.064523471872876,3.101130247116089,78000.0
2018-04-09,3.1534260678034562,3.1534260678034562,3.101130247116089,3.101130247116089,59200.0
2018-04-10,3.132507562637329,3.1534260403491285,3.1220484484639055,3.132507562637329,29300.0
2018-04-11,3.1220487831559476,3.2214105031377924,3.1168193501911023,3.1848037242889404,127200.0
2018-04-12,3.1900327055964635,3.205721500999675,3.153425931930542,3.153425931930542,130600.0
2018-04-13,3.179574967297786,3.1848046511495833,3.1272793756050694,3.14296817779541,56500.0
2018-04-16,3.163885078671915,3.3939855849708307,3.1325074875389354,3.263246536254883,167700.0
2018-04-17,3.268476724624634,3.346920215888622,3.2370993779920356,3.268476724624634,86500.0
2018-04-18,3.2737066104303394,3.2737066104303394,3.226640462875366,3.226640462875366,73300.0
2018-04-19,3.247559481503766,3.2580186002298226,3.216182125325597,3.23710036277771,73700.0
2018-04-20,3.216181139978907,3.2266402555005866,3.190033226492215,3.195262908935547,62200.0
2018-04-23,3.195262908935547,3.221410573057255,3.1429673313271467,3.195262908935547,111300.0
2018-04-24,3.2527879216350817,3.2527879216350817,3.1534264488001296,3.158655881881714,84500.0
2018-04-25,3.158656051744297,3.1795742839255174,3.132508136835272,3.1481969356536865,72400.0
2018-04-26,3.1908119245974333,3.2014659649260224,3.15352379947258,3.1801581382751465,58900.0
2018-04-27,3.18548583984375,3.212120438350001,3.18548583984375,3.18548583984375,64600.0
2018-04-30,3.2334266588039764,3.2440804429348686,3.1162347793579097,3.11623477935791,81900.0
2018-05-01,3.137542879801797,3.137542879801797,3.0842739501119936,3.105581521987915,73600.0
2018-05-02,3.1055813860986063,3.19613868961195,3.0736200296832408,3.0842738151550293,139000.0
2018-05-03,3.068293127824844,3.078946912823975,3.0469853038203127,3.0629661083221436,76700.0
2018-05-04,3.073619759244596,3.116234897382171,3.052312190175808,3.0896005630493164,60200.0
2018-05-07,3.126888939198383,3.1695040808423514,3.1109083880850354,3.137542724609375,72600.0
2018-05-08,3.1215631416740535,3.148197486459251,3.1215631416740535,3.1322169303894043,50200.0
2018-05-09,3.1322164800648937,3.1854854159830746,3.1322164800648937,3.1748316287994385,104700.0
2018-05-10,3.164177531076018,3.2387540340423584,3.1588505110038447,3.2387540340423584,116500.0
2018-05-11,3.2494076324617827,3.2494076324617827,3.228100061416626,3.228100061416626,41700.0
2018-05-14,3.2494071196510625,3.254734138574801,3.228099551968596,3.233426570892334,62000.0
2018-05-15,3.222773125857861,3.222773125857861,3.19613853645159,3.2121193408966064,25600.0
2018-05-16,3.2387539822817284,3.2494077682495117,3.212119644365416,3.2494077682495117,50400.0
2018-05-17,3.233427216300983,3.2600615542172955,3.2281001963139446,3.2494077682495117,58700.0
2018-05-18,3.238753693999113,3.265388283550964,3.222773143473019,3.260061264038086,70300.0
2018-05-21,3.27604264712005,3.30800400782289,3.2707156266664184,3.286696434020996,106700.0
2018-05-22,3.297349273939734,3.297349273939734,3.222772787051101,3.233426570892334,231700.0
2018-05-23,3.2121196987851577,3.2174464648561485,3.1748313202630287,3.1908118724823,98400.0
2018-05-24,3.2121196987851577,3.2174464648561485,3.1695043001857397,3.1908118724823,82600.0
2018-05-25,3.1588505656305723,3.196138944761728,3.1588505656305723,3.1801581382751465,56900.0
2018-05-29,3.190811807302103,3.196138827270574,3.148196663579502,3.1535236835479736,102000.0
2018-05-30,3.1268894594699144,3.1908121825717313,3.1268894594699144,3.1748316287994385,148900.0
2018-05-31,3.164177281517814,3.1801578324613544,3.1428697109222417,3.142869710922241,56700.0
2018-06-01,3.148195990104341,3.1961381435394287,3.148195990104341,3.1961381435394287,37800.0
2018-06-04,3.196138349099373,3.212119152607622,3.196138349099373,3.201465368270874,32100.0
2018-06-05,3.206793008757191,3.276042752851478,3.206793008757191,3.2653889656066895,101500.0
2018-06-06,3.286695512994661,3.286695512994661,3.2494071422874606,3.2813684940338135,65700.0
2018-06-07,3.265387822822938,3.2760416063392346,3.244080255790344,3.2547340393066406,78000.0
2018-06-08,3.2121192903102873,3.238753625290836,3.164177131736528,3.2227730751037598,116200.0
2018-06-11,3.2600609262029114,3.286695512994661,3.2387533583720094,3.2813684940338135,128300.0
2018-06-12,3.2920229407812025,3.345292125090179,3.2813691547206663,3.3399651050567627,133800.0
2018-06-13,3.339965033720334,3.4251953203842374,3.339965033720334,3.4038877487182617,171500.0
2018-06-14,3.441175803292947,3.4678103923797607,3.398560663959059,3.4678103923797607,137200.0
2018-06-15,3.446503208890381,3.483791589736938,3.42519563526558,3.4837915897369385,98600.0
2018-06-18,3.4624840685560194,3.4784648760198267,3.4251956871446803,3.473137855529785,98200.0
2018-06-19,3.441175836196215,3.4837909759375734,3.425195031790071,3.4624834060668945,80800.0
2018-06-20,3.478464789341516,3.547714275942238,3.4571569619186273,3.4891185760498047,143000.0
2018-06-21,3.521079522421918,3.563694664247481,3.467810595139965,3.5264062881469727,104400.0
2018-06-22,3.5423870756927953,3.585002217306125,3.4891181486761336,3.5796751976013184,125300.0
2018-06-25,3.569021221294612,3.569021221294612,3.462483372959891,3.4678103923797607,152100.0
2018-06-26,3.489119217410203,3.5210805834101206,3.4518308300737863,3.5050997734069824,86400.0
2018-06-27,3.5050982009210205,3.6169630587381802,3.483790633146918,3.5850017070770264,85700.0
2018-06-28,3.5690225054068185,3.5690225054068185,3.499773006076842,3.5050997734069824,142600.0
2018-06-29,3.5477138590597543,3.6116368258043794,3.515752502690582,3.5264062881469727,114900.0
2018-07-02,3.5264067835632424,3.547714357469473,3.505099209657012,3.5210800170898438,87700.0
2018-07-03,3.537060005551396,3.622290541568993,3.537060005551396,3.5903289318084717,109000.0
2018-07-05,3.6222906112607705,3.6542519676299423,3.515752502690582,3.5264062881469727,144100.0
2018-07-06,3.5264067903986143,3.5477143643461457,3.473137855529785,3.473137855529785,208000.0
2018-07-09,3.5264067835632424,3.547714357469473,3.499772443183613,3.5210800170898438,92500.0
2018-07-10,3.5370595129428857,3.574347883132802,3.521078964294522,3.542386531829834,66400.0
2018-07-11,3.526405962102443,3.5317329813412535,3.4891178434558023,3.4944446086883545,80400.0
2018-07-12,3.515752821910697,3.585002560668052,3.5050990354869733,3.558367967605591,99600.0
2018-07-13,3.558367963313568,3.6222909357851107,3.5423874107004107,3.6063101291656494,158600.0
2018-07-16,3.606310099207944,3.606310099207944,3.553041167596085,3.563694953918457,62400.0
2018-07-17,3.558367576054226,3.595655951437317,3.558367576054226,3.5903289318084717,109500.0
2018-07-18,3.590328868624912,3.755462918125187,3.590328868624912,3.750135898590088,93400.0
2018-07-19,3.728829319193916,3.8779826037244622,3.7128485103488673,3.7874252796173096,154200.0
2018-07-20,3.6915397267929895,3.787424040479987,3.60630945152122,3.6489245891571045,228400.0
2018-07-23,3.6808860442620084,3.7341552217874825,3.627617120742798,3.627617120742798,101700.0
2018-07-24,3.6755601566814198,3.86200156052625,3.6009836459447526,3.643598794937134,206300.0
2018-07-25,3.627617374812835,3.782097390841105,3.627617374812835,3.723501443862915,91400.0
2018-07-26,3.7126609303748808,3.7235008061161774,3.6638816187605583,3.718080997467041,82400.0
2018-07-27,3.707241933328402,3.7451813775072664,3.685562177099599,3.7126617431640625,108500.0
2018-07-30,3.7126627024481444,3.799382008213117,3.663883367551191,3.6693031787872314,80600.0
2018-07-31,3.6530426932070115,3.6584627620924333,3.598843296568338,3.615103244781494,93600.0
2018-08-01,3.6151032253563837,3.658462742434338,3.5825835875479184,3.6313629150390625,66200.0
2018-08-02,3.6476228251404024,3.707242289722643,3.6042633085144473,3.6909823417663574,52600.0
2018-08-03,3.6964028114642056,3.6964028114642056,3.6530430316925053,3.653043031692505,34900.0
2018-08-06,3.620522820010255,3.6584625244140625,3.6151030099200496,3.6584625244140625,37100.0
2018-08-07,3.631363543112133,3.642203424256465,3.544644493957479,3.5500645637512207,214700.0
2018-08-08,3.5446443143359567,3.566324075526019,3.539224503260011,3.5609042644500732,83200.0
2018-08-09,3.5663230053571486,3.5934228279342824,3.5500633185653174,3.582582950592041,60300.0
2018-08-10,3.5771631148984926,3.582583183142969,3.539223670959472,3.5392236709594727,46700.0
2018-08-13,3.566323313360026,3.609682826473703,3.4958639753287586,3.5067038536071777,75100.0
2018-08-14,3.517543991977881,3.5392240085808555,3.517543991977881,3.533803939819336,36100.0
2018-08-15,3.5446434570863183,3.5446434570863183,3.4796041892454683,3.5121238231658936,70900.0
2018-08-16,3.5067032012071433,3.5338030210829827,3.5067032012071433,3.517543077468872,71200.0
2018-08-17,3.577162526129897,3.577162526129897,3.501283392297797,3.517543077468872,58100.0
2018-08-20,3.5229639434782234,3.5609036482167333,3.5229639434782234,3.55548357963562,36100.0
2018-08-21,3.5609033179716203,3.6096826384622793,3.5609033179716203,3.6042628288269043,45700.0
2018-08-22,3.5771631032470546,3.6151028055055776,3.5771631032470546,3.5988428592681885,47900.0
2018-08-23,3.598842797976711,3.615102743937179,3.588002920150757,3.588002920150757,66600.0
2018-08-24,3.6205233939833414,3.6205233939833414,3.598843633299374,3.6096835136413574,66100.0
2018-08-27,3.6151035797515756,3.6584631010801427,3.609683510363938,3.653043031692505,79900.0
2018-08-28,3.669302285952736,3.701821920785567,3.6584624076751258,3.6801421642303467,84500.0
2018-08-29,3.6964019636977716,3.8481602535421304,3.685562085851746,3.761441230773926,131200.0
2018-08-30,3.7777013764600076,3.7885412556206335,3.728922049458744,3.734341859817505,40500.0
2018-08-31,3.7397615298449693,3.74518133962581,3.6964020178259327,3.72892165184021,70700.0
2018-09-04,3.7235016126175435,3.8156407055971786,3.7235016126175435,3.7993810176849365,87800.0
2018-09-05,3.777700924940986,3.8048007488250732,3.7451812913459257,3.8048007488250732,58300.0
2018-09-06,3.7993818502464585,3.8427413721046153,3.7885417113387834,3.821061611175537,73700.0
2018-09-07,3.8156405404253717,3.831900486076831,3.766860961914062,3.7668609619140625,34300.0
2018-09-10,3.7180816729420836,3.853580273546239,3.6638822843890355,3.837320327758789,178900.0
2018-09-11,3.831900620805981,4.0270184248254,3.815640674582824,4.005338668823242,168800.0
2018-09-12,4.064958593911608,4.1408377486338885,4.037858766574955,4.135417938232422,320900.0
2018-09-13,4.119158049621882,4.178777515557552,4.043278893803917,4.1462578773498535,262700.0
2018-09-14,3.6259427340401613,3.6259427340401613,3.4145649806672247,3.522963762283325,733300.0
2018-09-17,3.4579241541135515,3.5121235396049904,3.349525124687617,3.3983047008514404,222600.0
2018-09-18,3.409144762831442,3.4850239066344675,3.409144762831442,3.4308245182037354,121000.0
2018-09-19,3.43082489337726,3.43082489337726,3.392885446548462,3.392885446548462,115200.0
2018-09-20,3.3928851654576686,3.528383769347644,3.3928851654576686,3.5121238231658936,147200.0
2018-09-21,3.4958635576814876,3.5012836253947093,3.3061655812506334,3.414564609527588,203000.0
2018-09-24,3.4145646095275883,3.479603871427929,3.4145646095275883,3.414564609527588,64200.0
2018-09-25,3.382045350192097,3.425405124646415,3.382045350192097,3.419985055923462,60500.0
2018-09-26,3.4145651500368706,3.4850242323607143,3.398305202766387,3.468764543533325,105700.0
2018-09-27,3.447084665298462,3.501284056894977,3.447084665298462,3.447084665298462,69400.0
2018-09-28,3.4308243417738815,3.4741838502887084,3.398304710387761,3.441664218902588,45400.0
2018-10-01,3.436244617343412,3.5338035174009867,3.4199846714456132,3.501283884048462,138400.0
2018-10-02,3.457924784544513,3.490444421768189,3.4416648367111238,3.4904444217681885,166200.0
2018-10-03,3.501284005960105,3.533803640444935,3.501284005960105,3.522963762283325,154100.0
2018-10-04,3.5067045347101344,3.533804364891292,3.4145656806690954,3.4362454414367676,129900.0
2018-10-05,3.4525046291759116,3.4525046291759116,3.3224260835443684,3.365785598754883,116700.0
2018-10-08,3.4362447869791586,3.490444178575674,3.3928852737019466,3.447084665298462,68500.0
2018-10-09,3.517543868458587,3.5771633305262345,3.4254050287361615,3.468764543533325,161000.0
2018-10-10,3.4687648644202076,3.479604744122269,3.3061664104461674,3.306166410446167,123100.0
2018-10-11,3.3061664112133267,3.436245226111366,3.251967012690443,3.2628068923950195,152200.0
2018-10-12,3.338686050327057,3.4145654667022125,3.251967012690443,3.2628068923950195,109600.0
2018-10-15,3.2519665700836073,3.2519665700836073,3.148987597684456,3.2031869888305664,172700.0
2018-10-16,3.246546824592185,3.29532641069599,3.2357069452850187,3.2411270141601562,131100.0
2018-10-17,3.36036556168255,3.36036556168255,3.219447135925293,3.219447135925293,117000.0
2018-10-18,3.2465467660927123,3.273646593093872,3.1923473705334966,3.273646593093872,39900.0
2018-10-19,3.273646282197025,3.273646282197025,3.1544076232907976,3.1760873794555664,61700.0
2018-10-22,3.1760877967070913,3.2140272457581083,3.17066772773231,3.2086074352264404,49700.0
2018-10-23,3.1489875013737714,3.208606959032594,3.029748844499202,3.0785281658172607,149400.0
2018-10-24,3.0622688271287117,3.083948585394432,2.883410692214966,2.883410692214966,232900.0
2018-10-25,2.9159301270510647,2.9701295189502677,2.8671505451202393,2.8671505451202393,127500.0
2018-10-26,2.8237912015583553,2.845470959622891,2.7208122215302595,2.7262322902679443,147600.0
2018-10-29,2.758751821555065,2.7858513888748018,2.6395128983303278,2.6611926555633545,145100.0
2018-10-30,2.661192327767276,2.7587514817420016,2.661192327767276,2.7099719047546387,183600.0
2018-10-31,2.7424920397989365,2.764171798339394,2.6937124538613535,2.737072229385376,340200.0
2018-11-01,2.742491559654635,2.9376096108013816,2.742491559654635,2.926769733428955,241900.0
2018-11-02,2.9647093058662444,3.0568483968202083,2.9592894961623446,2.991809129714966,359300.0
2018-11-05,3.008068887742041,3.035168451454268,2.737071699961427,2.7695913314819336,796400.0
2018-11-06,2.7208122215302595,2.753331858627063,2.688292584433456,2.7262322902679443,1138800.0
2018-11-07,2.753331386500151,2.775011140847156,2.7262318227879243,2.7695913314819336,434500.0
2018-11-08,2.780431386516918,2.812951020117674,2.747911752916162,2.758751630783081,331500.0
2018-11-09,2.7587519879258333,2.7587519879258333,2.704552333131582,2.737072229385376,378600.0
2018-11-12,2.7479119465811235,2.7479119465811235,2.69371229498362,2.704552173614502,304800.0
2018-11-13,2.709971842670166,2.726231787441131,2.6937118978992007,2.699131965637207,292700.0
2018-11-14,2.7262315970235034,2.7262315970235034,2.661192080925478,2.666612148284912,428900.0
2018-11-15,2.68878733836998,2.6998751108525085,2.6610680393403325,2.677699565887451,317700.0
2018-11-16,2.6777004465403382,2.6887882226694595,2.6777004465403382,2.683244466781616,106900.0
2018-11-19,2.705419804928351,2.705419804928351,2.58899803260968,2.6167173385620117,259200.0
2018-11-20,2.5668227723576567,2.577910548863056,2.516927645906638,2.5224716663360596,451300.0
2018-11-21,2.5335591564780193,2.583454012936072,2.5335591564780193,2.5501906871795654,222300.0
2018-11-23,2.561279058456421,2.5723668362887806,2.539103502791701,2.561279058456421,153700.0
2018-11-26,2.6056299209594727,2.6222617182964854,2.5889983879759098,2.6056299209594727,168100.0
2018-11-27,2.577910611202385,2.6388935156334985,2.577910611202385,2.6056299209594727,175900.0
2018-11-28,2.6111735575811137,2.6832442281886224,2.605629537832808,2.6610686779022217,206700.0
2018-11-29,2.672155817262195,2.722050661358463,2.6610680447570965,2.6998751163482666,267100.0
2018-11-30,2.7109638440714807,2.7497711936899125,2.705420088042243,2.7220516204833984,160600.0
2018-12-03,2.771946862876691,2.7885786603694704,2.7497713091219533,2.755315065383911,310100.0
2018-12-04,2.7608579916830895,2.7664017457476797,2.677699565887451,2.677699565887451,247300.0
2018-12-06,2.661068393482544,2.666612148284912,2.594541485380443,2.666612148284912,478300.0
2018-12-07,2.661069307491805,2.6832448630247803,2.6111741753658726,2.627805709838867,248700.0
2018-12-10,2.6111740630494267,2.6222618403389877,2.555735176601624,2.5945422649383545,238400.0
2018-12-11,2.6167176267233776,2.633349423609055,2.5723665208328286,2.588998317718506,112900.0
2018-12-12,2.5945421441859473,2.6388935156334985,2.5945421441859473,2.6056299209594727,218800.0
2018-12-13,2.6111735831129113,2.6333491336161425,2.594541788058781,2.6167173385620117,139600.0
2018-12-14,2.600086285759866,2.6167178195174756,2.583454487648794,2.5945422649383545,195000.0
2018-12-17,2.577910427804674,2.577910427804674,2.4892079555734936,2.5113837718963623,370700.0
2018-12-18,2.533558670194717,2.5391024245800433,2.461488012711928,2.483663558959961,251600.0
2018-12-19,2.4947512769721163,2.5113830684674077,2.4282246396976657,2.4448561668395996,288100.0
2018-12-20,2.444856469511516,2.444856469511516,2.2896276299872174,2.3506102561950684,474700.0
2018-12-21,2.3506104205147373,2.367242215231683,2.261908220300116,2.2674522399902344,393800.0
2018-12-24,2.2674526730613755,2.2896282273504416,2.2397330980233137,2.2508208751678467,132400.0
2018-12-26,2.261908563765489,2.383874371934217,2.250820787055009,2.3672425746917725,235400.0
2018-12-27,2.3284348724541735,2.3838740119891755,2.317347097417855,2.3783299922943115,259700.0
2018-12-28,2.4115933646112824,2.4725762606815067,2.4005055893579157,2.417137384414673,287700.0
2018-12-31,2.4393127686625813,2.4504005431602267,2.428224994164936,2.4337687492370605,227200.0
2019-01-02,2.4226812106897273,2.4781200885772705,2.4115934351122186,2.4781200885772705,183000.0
2019-01-03,2.478120456164054,2.489208233386245,2.406050036396545,2.4226815700531006,183100.0
2019-01-04,2.46703212182158,2.4836639160757032,2.4226810229484537,2.472576141357422,585600.0
2019-01-07,2.4781200608578176,2.5834540598426283,2.4781200608578176,2.5668225288391113,250500.0
2019-01-08,2.594541953583416,2.6167175055013865,2.5723664016654455,2.600085973739624,429300.0
2019-01-09,2.622261522767723,2.661068870758119,2.622261522767723,2.644437074661255,405200.0
2019-01-10,2.6444371926594354,2.6721567659399486,2.6333494162179187,2.655524969100952,346700.0
2019-01-11,2.6555247775252013,2.6610687975227223,2.6333492262419638,2.6499810218811035,239400.0
2019-01-14,2.6444366439164884,2.649980663163537,2.6222610956350687,2.638892889022827,193400.0
2019-01-15,2.6444371181529758,2.683244466781616,2.6222615658947337,2.683244466781616,332500.0
2019-01-16,2.6943313622723917,2.7165069072825885,2.6832435897672933,2.6998751163482666,239600.0
2019-01-17,2.6943323116303257,2.7331393968953157,2.6943323116303257,2.7220516204833984,184800.0
2019-01-18,2.7442272885065426,2.771946862876691,2.738683532244585,2.755315065383911,170300.0
2019-01-22,2.744227173307233,2.7553149497191503,2.705420088042243,2.7220516204833984,291300.0
2019-01-23,2.7331393968953157,2.744227173307233,2.7109638440714807,2.7220516204833984,320800.0
2019-01-24,2.7446881094422193,2.7446881094422193,2.705074226179025,2.7163925170898438,190600.0
2019-01-25,2.733369660333218,2.7729838111530203,2.7277106501300037,2.7560062408447266,242700.0
2019-01-28,2.7390288475789166,2.750347137451172,2.7277105577066614,2.750347137451172,138300.0
2019-01-29,2.7560059283784017,2.767324217350928,2.727710340871734,2.7333693504333496,112600.0
2019-01-30,2.7560064562274524,2.772984027862549,2.7503474455819847,2.772984027862549,151400.0
2019-01-31,2.772983952671541,2.8239161264970822,2.772983952671541,2.8012795448303223,217500.0
2019-02-01,2.801279522390823,2.829575384172281,2.801279522390823,2.8182570934295654,247500.0
2019-02-04,2.8578718572352857,2.8578718572352857,2.8352352709080253,2.8465535640716553,225300.0
2019-02-05,2.8691899839904464,2.886167287826538,2.852212410304976,2.886167287826538,277000.0
2019-02-06,2.886166717807072,2.9031442881394627,2.8748484275352526,2.880507707595825,130600.0
2019-02-07,2.886167220318641,2.9088038048035427,2.8465533323947505,2.8635306358337402,303300.0
2019-02-08,2.852212410304976,2.897485580333725,2.852212410304976,2.886167287826538,178700.0
2019-02-11,2.9144625881657027,2.9257808784754027,2.8918260075463023,2.8974850177764893,181600.0
2019-02-12,2.9144616119258795,2.9597347579998043,2.9144616119258795,2.9484164714813232,205400.0
2019-02-13,2.965394641948349,2.982372211663781,2.959735631942749,2.959735631942749,155100.0
2019-02-14,2.9540762901306152,2.9767131392261903,2.942758000507483,2.9540762901306152,134700.0
2019-02-15,2.9823723676007443,2.9823723676007443,2.959735786696131,2.9710540771484375,125100.0
2019-02-19,2.971054529397416,3.038964282448365,2.971054529397416,2.988032102584839,238600.0
2019-02-20,3.0050092514377056,3.0050092514377056,2.9653950959364996,2.9767136573791504,155500.0
2019-02-21,2.9823715686798096,2.988030847314614,2.948416706418755,2.9823715686798096,156300.0
2019-02-22,2.9823726682511187,2.988031948972444,2.9653950959364996,2.9767136573791504,179300.0
2019-02-25,2.99934968768095,3.0276452765236415,2.9936904080028275,3.0050086975097656,147200.0
2019-02-26,2.999349987103645,3.0163272881342285,2.999349987103645,3.0106682777404785,133500.0
2019-02-27,3.0276448726654053,3.0333041515886356,3.0163265846682163,3.0276448726654053,128200.0
2019-02-28,3.038963160662594,3.0446224395858246,3.0219858635914467,3.0276448726654053,141000.0
2019-03-01,3.0559416664132995,3.0672599578876345,3.03330508346463,3.044623374938965,141800.0
2019-03-04,3.067259802435409,3.067259802435409,3.005009067556829,3.0333049297332764,305900.0
2019-03-05,3.0276454947643194,3.033304774850378,3.016327204441529,3.021986484527588,130900.0
2019-03-06,3.027645990273207,3.027645990273207,2.976713810409681,2.988032102584839,139500.0
2019-03-07,2.988031491518697,2.988031491518697,2.942758062227317,2.959735631942749,182900.0
2019-03-08,2.9540762901306152,2.9540762901306152,2.9314397108843506,2.9540762901306152,102900.0
2019-03-11,2.9653946925248023,3.0050088426369075,2.9653946925248023,2.99934983253479,116100.0
2019-03-12,3.016326665878296,3.016326665878296,2.99934936835006,3.016326665878296,74000.0
2019-03-13,3.0219866388325656,3.0502822311596725,3.0219866388325656,3.0333049297332764,164500.0
2019-03-14,3.0389634739129265,3.061600052240638,3.0389634739129265,3.0502817630767822,302900.0
2019-03-15,3.067259881235669,3.0842371830982245,3.055941590044182,3.0729188919067383,225000.0
2019-03-18,3.1238512992858887,3.1238512992858887,3.0898964261234636,3.1238512992858887,1269500.0
2019-03-19,3.1408286094665527,3.152146899578983,3.1295103193541225,3.1408286094665527,815600.0
2019-03-20,3.1464877033754597,3.1464877033754597,3.1125328321340984,3.1295104026794434,204900.0
2019-03-21,3.1295106343508095,3.186102090609097,3.1295106343508095,3.1804428100585938,276200.0
2019-03-22,3.174783450179118,3.1804424602578663,3.0729185702684525,3.0842368602752686,302400.0
2019-03-25,3.0842367773598385,3.1464875056484627,3.061600197954759,3.095555067062378,221400.0
2019-03-26,3.1181921122656564,3.1408286930932308,3.095555261588753,3.1295104026794434,173400.0
2019-03-27,3.1408289714360778,3.1408289714360778,3.06160066166896,3.078578233718872,176900.0
2019-03-28,3.0842368890550804,3.1408286094665527,3.0842368890550804,3.1408286094665527,163400.0
2019-03-29,3.157805764031813,3.1691240536220975,3.1408284645710407,3.1464874744415283,162700.0
2019-04-01,3.18044304148468,3.191761333559917,3.163465738296509,3.163465738296509,185100.0
2019-04-02,3.186102090609097,3.191761101310251,3.169124518806936,3.1804428100585938,112800.0
2019-04-03,3.214398139856463,3.220057421209877,3.1861025426375544,3.197420835494995,122800.0
2019-04-04,3.214398139856463,3.220057421209877,3.1804432612841405,3.197420835494995,110400.0
2019-04-05,3.2257155437579703,3.242693113290077,3.208738244075177,3.2200565338134766,187100.0
2019-04-08,3.2257155437579703,3.2313748235517767,3.208738244075177,3.2200565338134766,191500.0
2019-04-09,3.2200570262785764,3.225716037088541,3.1861021518707275,3.1861021518707275,139200.0
2019-04-10,3.1974193242626785,3.2257149081079266,3.1974193242626785,3.20873761177063,163100.0
2019-04-11,3.2030796152186505,3.2370344913339393,3.2030796152186505,3.21439790725708,171000.0
2019-04-12,3.242693134481828,3.248352144463304,3.2030789852142334,3.2030789852142334,179300.0
2019-04-15,3.2143977751009523,3.259671211242676,3.2143977751009523,3.259671211242676,147900.0
2019-04-16,3.259671303614,3.2766486065300553,3.254012022742405,3.2653303146362305,166500.0
2019-04-17,3.270989612616593,3.282307904569618,3.2313754558563232,3.2313754558563232,109700.0
2019-04-18,3.2370347116468126,3.26533057859339,3.214398126029305,3.2483530044555664,108500.0
2019-04-22,3.248352649820227,3.265330222104543,3.2426936389583596,3.259671211242676,174400.0
2019-04-23,3.2766483529616743,3.304944215431201,3.2653300619437324,3.2992849349975586,272900.0
2019-04-24,3.299284767683842,3.3332396390157446,3.2936257573865233,3.3219213485717773,271800.0
2019-04-25,3.3276987818063075,3.3334758931561623,3.304589509963989,3.3045895099639893,136500.0
2019-04-26,3.316144219108736,3.350807991336946,3.2930352212772522,3.3103671073913574,227800.0
2019-04-29,3.327699241658535,3.327699241658535,3.310367354251957,3.3161444664001465,122800.0
2019-04-30,3.3161444664001465,3.3219218540293407,3.304589966622763,3.3161444664001465,84100.0
2019-05-01,3.3508084236492484,3.3508084236492484,3.310367534486085,3.3276994228363037,131100.0
2019-05-02,3.3219218540293407,3.3334763538067245,3.275703854919806,3.3161444664001465,129800.0
2019-05-03,3.3276994228363033,3.3508084236492484,3.3219220348925576,3.3276994228363037,140300.0
2019-05-06,3.298812806183223,3.3508081921607906,3.2814809190303666,3.3334763050079346,369900.0
2019-05-07,3.3276985959052996,3.3276985959052996,3.2352623401428513,3.269925832748413,262500.0
2019-05-08,3.2641484498363873,3.293034553527832,3.258371063809541,3.293034553527832,118400.0
2019-05-09,3.269926778530589,3.2814812794077595,3.2352632758990776,3.2641496658325195,141900.0
2019-05-10,3.2757036773495485,3.2814807891845708,3.229485680745412,3.2814807891845703,81100.0
2019-05-13,3.2525944572632977,3.258371568704397,3.050390598167351,3.1370491981506348,553400.0
2019-05-14,3.1774900237671635,3.18904452192526,3.148603640631439,3.171712636947632,232300.0
2019-05-15,3.1601580654138117,3.212153443658448,3.148603567523999,3.194821834564209,162900.0
2019-05-16,3.2179310411880433,3.252594537128691,3.2179310411880433,3.223708152770996,132600.0
2019-05-17,3.217930582575388,3.2468166873353193,3.2005986993346784,3.212153196334839,153000.0
2019-05-20,3.194821834564209,3.2063763324540218,3.1832673366743967,3.194821834564209,98000.0
2019-05-21,3.2237083627581047,3.2410402495978885,3.2063767513993167,3.2294857501983643,125600.0
2019-05-22,3.223707693334999,3.2410395765757083,3.212153196334839,3.212153196334839,75600.0
2019-05-23,3.2063764069028875,3.2063764069028875,3.1601581387895354,3.171712636947632,112500.0
2019-05-24,3.189044447878823,3.2005989457686357,3.1601580654138117,3.194821834564209,62300.0
2019-05-28,3.18904452192526,3.217930905060984,3.1717126369476323,3.171712636947632,110700.0
2019-05-29,3.1717127122817863,3.1717127122817863,3.1081631086433155,3.1254947185516357,266400.0
2019-05-30,3.1254944444922947,3.160157936750435,3.1254944444922947,3.1486034393310547,72600.0
2019-05-31,3.1081624135131483,3.1312714052099744,3.0619444301194956,3.1139395236968994,274700.0
2019-06-03,3.113939831684373,3.1370488256668185,3.0619447329643403,3.0677218437194824,122100.0
2019-06-04,3.079276678985931,3.142826557159424,3.073499567596142,3.142826557159424,160900.0
2019-06-05,3.1601580654138117,3.217930830343834,3.1601580654138117,3.194821834564209,234400.0
2019-06-06,3.2005981979806926,3.241039068886909,3.189043702790473,3.2179300785064697,184200.0
2019-06-07,3.2352625856194646,3.2641489693896717,3.2179309757421177,3.252594470977783,111100.0
2019-06-10,3.275702946409151,3.321920932700205,3.275702946409151,3.293034553527832,146300.0
2019-06-11,3.310367534486085,3.3508084236492484,3.2699266453229217,3.3276994228363037,194500.0
2019-06-12,3.3334763538067245,3.3334763538067245,3.2988128544745736,3.3161444664001465,160400.0
2019-06-13,3.3219220348925576,3.339253923242776,3.310367534486085,3.3276994228363037,104400.0
2019-06-14,3.3219210752142674,3.3565845664196603,3.3219210752142674,3.3450300693511963,106200.0
2019-06-17,3.3334758931561623,3.3392532799869836,3.2757034022527822,3.3045895099639893,186900.0
2019-06-18,3.3219210752142674,3.3796935605565888,3.3161436889395652,3.3450300693511963,120600.0
2019-06-19,3.350807612744803,3.402802714250465,3.333475728588947,3.3854711055755615,116100.0
2019-06-20,3.420135040715256,3.4374666516315697,3.391248655213416,3.4085805416107178,86300.0
2019-06-21,3.4432438553257607,3.4432438553257607,3.304589597983549,3.3739168643951416,159500.0
2019-06-24,3.3623621828986523,3.3623621828986523,3.310366804790227,3.3392531871795654,160100.0
2019-06-25,3.356585171406787,3.362362558722799,3.2699262900335366,3.2814807891845703,133100.0
2019-06-26,3.3219213485717773,3.3392532333411666,3.3103668505525055,3.3219213485717773,86100.0
2019-06-27,3.339253406578435,3.3681395153847173,3.327698907959727,3.3508079051971436,131900.0
2019-06-28,3.3623631000518803,3.379694713828268,3.3565857118057285,3.36236310005188,77100.0
2019-07-01,3.402802705764771,3.41435720334621,3.373916599551649,3.4028027057647705,174400.0
2019-07-02,3.4028031543179544,3.4085805416107178,3.362362545192564,3.4085805416107178,129100.0
2019-07-03,3.4143580890373135,3.431689977645874,3.385471975331078,3.431689977645874,110400.0
2019-07-05,3.420135477067175,3.4374670901947115,3.3739174747523792,3.431689977645874,111900.0
2019-07-08,3.431689520248358,3.443244019287,3.4085805221710754,3.420135021209717,109700.0
2019-07-09,3.4316895735527027,3.518348455429077,3.4085805751164684,3.518348455429077,258400.0
2019-07-10,3.5183488981151343,3.5530124001309207,3.4894625086947997,3.5472350120544434,252400.0
2019-07-11,3.553012371063232,3.5587894836114202,3.5241259818792208,3.5530123710632324,207400.0
2019-07-12,3.570343950383443,3.5818984508514404,3.5356804489794507,3.5818984508514404,105700.0
2019-07-15,3.581899011201962,3.581899011201962,3.512571997548494,3.5299038887023926,253700.0
2019-07-16,3.5645657376596676,3.5645657376596676,3.4894613700587076,3.52412486076355,137300.0
2019-07-17,3.5241260876380958,3.5241260876380958,3.489462584865646,3.4952399730682373,108000.0
2019-07-18,3.477908083941496,3.506794473992387,3.466353583017346,3.4952399730682373,133300.0
2019-07-19,3.518347784829755,3.529902281845578,3.4894614045497288,3.5010159015655518,82900.0
2019-07-22,3.4952399730682373,3.518348974916537,3.4952399730682373,3.4952399730682373,87200.0
2019-07-23,3.52412556729764,3.52412556729764,3.495239456992843,3.518348455429077,136100.0
2019-07-24,3.5356805113825147,3.5703440133983007,3.512571510038657,3.5472350120544434,277000.0
2019-07-25,3.5413424500588233,3.5884817370858437,3.4765257899105135,3.4824180603027344,244100.0
2019-07-26,3.500095308651173,3.529557221506633,3.500095308651173,3.523664951324463,160400.0
2019-07-29,3.547234870686398,3.547234870686398,3.4588485632811703,3.517772674560547,207000.0
2019-07-30,3.470632735315995,3.5059871954599835,3.470632735315995,3.4942023754119873,252300.0
2019-07-31,3.511880218754267,3.535449862023304,3.458848380912778,3.4883105754852295,375700.0
2019-08-01,3.488309915143946,3.5177718231669126,3.452955456933032,3.46474027633667,262600.0
2019-08-02,3.458847522735596,3.4706323414461746,3.3763537917615456,3.4588475227355957,312700.0
2019-08-05,3.3586761951446533,3.3881383804066436,3.2290431981307854,3.3586761951446533,600400.0
2019-08-06,3.364569729398379,3.376354550758158,3.3115378927932215,3.3468923568725586,239000.0
2019-08-07,3.3292152653190423,3.3527849080386,3.2820759798799264,3.3468923568725586,315600.0
2019-08-08,3.3645694577229714,3.4588480209885892,3.346892086624527,3.4411709308624268,168000.0
2019-08-09,3.4411707481157414,3.458847837303145,3.3940314689863094,3.4176011085510254,149000.0
2019-08-12,3.4293859283333834,3.447063017520787,3.376354098826639,3.4176011085510254,185900.0
2019-08-13,3.4176013539054604,3.458848085618741,3.4117088031051135,3.4234936237335205,246600.0
2019-08-14,3.3940319465719027,3.3940319465719027,3.299753094074479,3.3292152881622314,246700.0
2019-08-15,3.341000086678821,3.3586771782323375,3.3233227141530004,3.3468923568725586,179800.0
2019-08-16,3.3586768187435316,3.405816380109469,3.3468919986451158,3.388139009475708,192700.0
2019-08-19,3.417600897239734,3.435277985334158,3.3940312591323356,3.405816078186035,125600.0
2019-08-20,3.423493201352397,3.423493201352397,3.3881387438291113,3.39992356300354,132500.0
2019-08-21,3.447063200580387,3.4706328413967915,3.4293861104542245,3.4411709308624268,192100.0
2019-08-22,3.458847522735596,3.4706323414461746,3.42938561644527,3.4588475227355957,110200.0
2019-08-23,3.4588476588756825,3.48830984729788,3.382246193755771,3.39992356300354,128500.0
2019-08-26,3.429385716293433,3.429385716293433,3.3822461591063875,3.405816078186035,106100.0
2019-08-27,3.4470629692077632,3.4529555195024875,3.4058162410337456,3.4470629692077637,1033100.0
2019-08-28,3.4706323414461746,3.4706323414461746,3.4411704351558488,3.4588475227355957,430900.0
2019-08-29,3.470632735315995,3.511879745970118,3.470632735315995,3.4942023754119873,65400.0
2019-08-30,3.5295573473297543,3.5295573473297543,3.4765257899105135,3.4824180603027344,57800.0
2019-09-03,3.4824173649559986,3.4824173649559986,3.452955456933032,3.46474027633667,43300.0
2019-09-04,3.500095397119748,3.505987667450852,3.470633202547296,3.4883105754852295,53200.0
2019-09-05,3.500095337942782,3.5354498022485914,3.500095337942782,3.5118801593780518,105400.0
2019-09-06,3.529557040356425,3.5354495912084714,3.4824177574292117,3.5000951290130615,87400.0
2019-09-09,3.5000947345475844,3.5354491927584983,3.447062906745084,3.46474027633667,141600.0
2019-09-10,3.476525363430964,3.476525363430964,3.399923890922914,3.452955722808838,105000.0
2019-09-11,3.452955253866427,3.4765248912875846,3.4176007977346914,3.4588475227355957,135000.0
2019-09-12,3.458848115965605,3.5177722196246215,3.452955846085848,3.5000951290130615,106600.0
2019-09-13,3.511880574451766,3.5354502201080322,3.50598802255153,3.5354502201080322,128800.0
2019-09-16,3.5295573473297543,3.5295573473297543,3.4765257899105135,3.4824180603027344,107300.0
2019-09-17,3.494202699595011,3.547234535217285,3.4824178784536497,3.547234535217285,90300.0
2019-09-18,3.5472342061141062,3.5472342061141062,3.4647404657781338,3.4942023754119873,74900.0
2019-09-19,3.5236652261746477,3.5354500484305227,3.5059878523046715,3.517772674560547,80700.0
2019-09-20,3.5354497726611074,3.5531271451522266,3.5059875788333437,3.523664951324463,117100.0
2019-09-23,3.5531270862741153,3.612051191980921,3.5354497140759245,3.547234535217285,264700.0
2019-09-24,3.5590195592387763,3.594374024678223,3.5236650937993295,3.5531272888183594,164300.0
2019-09-25,3.564911373071609,3.6238354699462936,3.5354491841481384,3.570803642272949,146700.0
2019-09-26,3.5766969324446576,3.6061588464913723,3.5413424670052103,3.5531272888183594,219300.0
2019-09-27,3.606158575316781,3.606158575316781,3.4765255451202393,3.4765255451202393,132100.0
2019-09-30,3.476525753850711,3.535449862023304,3.470633202547296,3.4883105754852295,119400.0
2019-10-01,3.488310277675902,3.511879918932716,3.4058165332770534,3.4234936237335205,135900.0
2019-10-02,3.423492852243061,3.429385401715511,3.32921430846165,3.340999126434326,230500.0
2019-10-03,3.3527850569089086,3.4117091663241506,3.3292154131428116,3.382246971130371,99400.0
2019-10-04,3.4352784156799316,3.4470632362099445,3.405816504841043,3.4352784156799316,59900.0
2019-10-07,3.4411707481157414,3.4529555678980994,3.4176011085510254,3.4176011085510254,108500.0
2019-10-08,3.39403092984793,3.4117080162273465,3.3586761951446533,3.3586761951446533,106300.0
2019-10-09,3.3763541893772926,3.417601200207885,3.3763541893772926,3.388139009475708,94300.0
2019-10-10,3.405816583880287,3.429386225487296,3.3822466613009867,3.3940317630767822,73700.0
2019-10-11,3.452955786961093,3.4883102485511306,3.4352784156799316,3.4352784156799316,112600.0
2019-10-14,3.441171677135683,3.458848771095407,3.429386854171753,3.429386854171753,90100.0
2019-10-15,3.4470635592782592,3.5236650403887855,3.4470635592782592,3.4883105754852295,109400.0
2019-10-16,3.500095397119748,3.5236650403887855,3.4647409322161926,3.4883105754852295,76500.0
2019-10-17,3.494202578161015,3.5059873988928185,3.4706329366974082,3.5000951290130615,177900.0
2019-10-18,3.494203030048796,3.5236652261746477,3.4883107594070215,3.517772674560547,118900.0
2019-10-21,3.529556834720919,3.606158305500907,3.529556834720919,3.5766963958740234,103700.0
2019-10-22,3.6002660359644394,3.606158305500907,3.559019025320075,3.5766963958740234,86600.0
2019-10-23,3.5708040329563815,3.612051045767645,3.5590192122920614,3.606158494949341,65400.0
2019-10-24,3.6179430207198298,3.6474052104653487,3.606158201016075,3.629727840423584,96800.0
2019-10-25,3.6238356760548553,3.6415127656365307,3.5766963958740234,3.5766963958740234,73600.0
2019-10-28,3.606158816549631,3.682760298185239,3.606158816549631,3.6591906547546387,141800.0
2019-10-29,3.65919056630258,3.700437581795241,3.65919056630258,3.694545030593872,72500.0
2019-10-30,3.7063291970650853,3.712221747225159,3.676867008209228,3.6768670082092285,97000.0
2019-10-31,3.6768677170247615,3.694545089940518,3.6650828954050274,3.67097544670105,61100.0
2019-11-01,3.7004374663772936,3.7357919295658677,3.61205116791971,3.6532979011535645,168200.0
2019-11-04,3.67097544670105,3.706329911560252,3.6532980737852934,3.67097544670105,71600.0
2019-11-05,3.6886521169945747,3.7004369363695115,3.5472340035230756,3.570803642272949,373500.0
2019-11-06,3.570804054649,3.612051067710839,3.570804054649,3.5884814262390137,113700.0
2019-11-07,3.6238354699462936,3.6356202893212304,3.5531265536966723,3.570803642272949,292400.0
2019-11-08,3.570805112384055,3.6356217861175537,3.570805112384055,3.6356217861175537,117300.0
2019-11-11,3.5884814262390132,3.612051067710839,3.570804054649,3.5884814262390137,79800.0
2019-11-12,3.5943736388236136,3.629728100467773,3.5943736388236136,3.612051010131836,86900.0
2019-11-13,3.5884819395907392,3.606159032737267,3.576697117168944,3.5825893878936768,139900.0
2019-11-14,3.6066324744520326,3.6426987648010254,3.57056618410304,3.6426987648010254,137900.0
2019-11-15,3.6727554895992736,3.6727554895992736,3.6366891860961914,3.6366891860961914,84000.0
2019-11-18,3.6186554431915283,3.6306775428713887,3.6186554431915283,3.6186554431915283,91600.0
2019-11-19,3.6246666908264156,3.636688790686973,3.6126445909658584,3.624666690826416,39000.0
2019-11-20,3.636688730729167,3.6667438365703093,3.636688730729167,3.654721736907959,36100.0
2019-11-21,3.6787659362326592,3.6787659362326592,3.6547217369079594,3.654721736907959,55600.0
2019-11-22,3.672755498978705,3.7028106086599437,3.666744305064756,3.690788507461548,65500.0
2019-11-25,3.678765351921881,3.6967986418658496,3.6366881531016526,3.648710250854492,153300.0
2019-11-26,3.6547222038663603,3.7208439037722885,3.6547222038663603,3.690788507461548,66900.0
2019-11-27,3.7148321982369326,3.7629208830370535,3.702810098694268,3.744887590408325,95400.0
2019-11-29,3.762921445476605,3.7809544541712437,3.720843947473272,3.732866048812866,88900.0
2019-12-02,3.7508985235975127,3.774943009483669,3.7148322247124748,3.7268543243408203,85800.0
2019-12-03,3.72084341784138,3.7328655174697256,3.666743826199091,3.7268543243408203,83000.0
2019-12-04,3.720843540821768,3.8110094343292356,3.720843540821768,3.792976140975952,106200.0
2019-12-05,3.811009653900659,3.835053855337361,3.768932158071685,3.7749433517456055,179100.0
2019-12-06,3.7869652279870762,3.8410645346981096,3.780954034669476,3.829042434692383,93400.0
2019-12-09,3.9071861507504497,3.9071861507504497,3.7809539598727704,3.8049981594085693,364900.0
2019-12-10,3.8049975216414036,3.8049975216414036,3.6306769609105234,3.648710250854492,553900.0
2019-12-11,3.690787474386515,3.73887586571985,3.6426990830531802,3.7028095722198486,263200.0
2019-12-12,3.708822011947632,3.72685502144849,3.6667445120630986,3.708822011947632,200600.0
2019-12-13,3.708820921899244,3.7749426061043083,3.6967988235555445,3.7508981227874756,220400.0
2019-12-16,3.7989868027917075,3.8651082003673385,3.7448872169303424,3.7508981227874756,218000.0
2019-12-17,3.7629195466532375,3.8470742135647416,3.756908355702021,3.8410630226135254,184600.0
2019-12-18,3.8410644587122684,3.8651086582480674,3.79297605964067,3.8049981594085693,116700.0
2019-12-19,3.7989872584711772,3.811009358256899,3.756909765906417,3.7689318656921387,110500.0
2019-12-20,3.7689319409245576,3.8110094343292356,3.75690984089886,3.792976140975952,136500.0
2019-12-23,3.7989858324724537,3.8410630226135254,3.792974641521237,3.8410630226135254,84700.0
2019-12-24,3.8410634771598646,3.8590967655181885,3.8170192837683627,3.8590967655181885,66300.0
2019-12-26,3.871118969195649,3.907185260279625,3.8590968721676573,3.9011740684509277,59800.0
2019-12-27,3.9011740232900736,3.979317796382113,3.8530856357347876,3.9372406005859375,279300.0
2019-12-30,3.943250975749318,3.9492621667005343,3.823030023018598,3.8410630226135254,186100.0
2019-12-31,3.8470755343391128,3.94926352255799,3.8410643413241394,3.9071860313415527,87000.0
2020-01-02,3.907185795228504,3.913196987880218,3.847075301858569,3.871119499206543,162900.0
2020-01-03,3.859097834432025,3.859097834432025,3.738876547545577,3.792976140975952,195800.0
2020-01-06,3.756909760336971,3.8230314523751527,3.7508985671382873,3.8049981594085693,231700.0
2020-01-07,3.80499750029061,3.8470749855041504,3.80499750029061,3.8470749855041504,118300.0
2020-01-08,3.8350526781116736,3.901174068450928,3.8350526781116736,3.9011740684509277,181100.0
2020-01-09,3.907186221675001,3.9432525216333874,3.859097821730486,3.8651087284088135,199000.0
2020-01-10,3.8891520480968964,3.895163240044103,3.85308575630188,3.85308575630188,123500.0
2020-01-13,3.8651079340702883,3.895163321173507,3.8530858365548837,3.8771300315856934,129700.0
2020-01-14,3.8891524993550037,3.9492632792840894,3.8891524993550037,3.9432520866394043,193900.0
2020-01-15,3.979318748961625,4.015385048261733,3.961285742626305,4.009374141693115,182300.0
2020-01-16,4.057461897708585,4.11757238701542,4.05145070546319,4.105550289154053,213000.0
2020-01-17,4.117572285019833,4.225771449721377,4.117572285019833,4.1716718673706055,346600.0
2020-01-21,4.1716725061514,4.1776834125388875,4.087517810320354,4.147628307342529,217900.0
2020-01-22,4.177681922912598,4.213748494895189,4.171671018668404,4.177681922912598,147100.0
2020-01-23,4.183808478750807,4.189934253692627,4.1409292225301675,4.189934253692627,130400.0
2020-01-24,4.202185956254252,4.269567735187994,4.177683438079607,4.1960601806640625,248800.0
2020-01-27,4.189934854693583,4.196060338421011,4.098050262037605,4.153181076049805,229500.0
2020-01-28,4.196060208974023,4.263442280455436,4.159306431464087,4.2389397621154785,164600.0
2020-01-29,4.257317708820638,4.367579364626208,4.257317708820638,4.306323051452637,397300.0
2020-01-30,4.3001950964574975,4.3001950964574975,4.26344132716557,4.2879438400268555,260000.0
2020-01-31,4.287945597176142,4.287945597176142,4.2021867670186905,4.281819820404053,512600.0
2020-02-03,4.281818628600396,4.281818628600396,4.238939371503262,4.2573161125183105,427600.0
2020-02-04,4.29407137394823,4.300196858627206,4.269568558952988,4.281819820404053,819700.0
2020-02-05,4.287945375146267,4.355327455684632,4.257317077057983,4.349201679229736,247900.0
2020-02-06,4.042918326218429,4.147054149527292,3.908154508584776,4.055169582366943,927200.0
2020-02-07,4.042917972482323,4.134802531603209,4.024541235913923,4.067420482635498,269500.0
2020-02-10,4.09192310522158,4.09192310522158,4.024541346495396,4.030666828155518,252200.0
2020-02-11,4.061296561725262,4.073547821509481,3.9755374511426522,3.981663227081299,269000.0
2020-02-12,3.987789003019945,4.024542782372603,3.969411967297079,3.981663227081299,211700.0
2020-02-13,3.981662309449308,4.036793111819137,3.9632852779616963,4.024541854858398,351700.0
2020-02-14,4.024542782372603,4.042919526002396,3.9755374511426522,3.981663227081299,197800.0
2020-02-18,3.9816626310888257,4.0061651469896224,3.9632855981167134,3.9694113731384277,354300.0
2020-02-19,3.9877881679498404,4.01841616495014,3.96941113607525,3.9939136505126953,192800.0
2020-02-20,4.006164907731418,4.0122906823872855,3.96941113607525,3.9939136505126953,252000.0
2020-02-21,3.981662393293973,4.006164907731418,3.963285361419383,3.9939136505126953,199500.0
2020-02-24,3.920406101744655,3.963285355904006,3.8959035873413086,3.8959035873413086,283100.0
2020-02-25,4.073547142448125,4.073547142448125,3.7488883741473975,3.8101446628570557,429500.0
2020-02-26,3.8101444584236557,3.871401035939616,3.8101444584236557,3.828521490097046,142300.0
2020-02-27,3.7795171860548016,3.7856426697244627,3.6508788159682024,3.681507110595703,344600.0
2020-02-28,3.6141245027765327,3.6141245027765327,3.46098363649018,3.571244955062866,381900.0
2020-03-02,3.552868066947468,3.957159843662666,3.552868066947468,3.9510340690612793,302500.0
2020-03-03,3.951033726640786,3.951033726640786,3.730511117776871,3.8346469402313232,265600.0
2020-03-04,3.8591494523273133,3.895903220471299,3.8040186540648424,3.8346469402313232,130800.0
2020-03-05,3.816270437463051,3.816270437463051,3.755014148758392,3.785642147064209,132900.0
2020-03-06,3.7733916559568508,3.8591507696599314,3.7488891354968517,3.8468995094299316,154900.0
2020-03-09,3.6937582492828365,3.7305120263785545,3.5528686243693905,3.693758249282837,346600.0
2020-03-10,3.724386803596647,3.7427638409185886,3.528366629992465,3.620250940322876,284100.0
2020-03-11,3.5344911399180203,3.571244912335854,3.24658644326515,3.2833402156829834,385200.0
2020-03-12,3.0628169001980914,3.0628169001980914,2.6340226510075513,2.787163496017456,748300.0
2020-03-13,2.7871636331236656,3.001560768265564,2.7871636331236656,2.946429967880249,563400.0
2020-03-16,2.7749129170761044,2.9280537994466984,2.732033364858839,2.8177921772003174,356300.0
2020-03-17,2.8300431624208415,2.8851739682124893,2.6952793274882882,2.725907325744629,301200.0
2020-03-18,2.61564559428516,2.7136556406175196,2.4502534950528143,2.499258518218994,634200.0
2020-03-19,2.3889975168551887,2.8606713623499735,2.3889975168551887,2.7320330142974854,261500.0
2020-03-20,2.676902206849962,2.848420101399868,2.6523996922132635,2.6585254669189453,333000.0
2020-03-23,2.6585256754415494,2.6646511585346713,2.5053848009040043,2.566641092300415,270600.0
2020-03-24,2.6278976073704823,2.921928123192714,2.6156463480484335,2.738158941268921,375700.0
2020-03-25,2.7442844226623393,3.1792045200911256,2.7259073896036026,2.9096765518188477,306500.0
2020-03-26,2.9831845844415805,3.283340892536659,2.9341795444488525,2.9341795444488525,702400.0
2020-03-27,2.848420501899815,2.94643057422724,2.8361692428588867,2.8361692428588867,305400.0
2020-03-30,2.9035512269272425,2.9586820425577596,2.811666923667149,2.86679744720459,417400.0
2020-03-31,2.872923139062066,2.9464306963544646,2.8239181008671332,2.8484206199645996,273900.0
2020-04-01,2.8177925287076255,2.8177925287076255,2.6585261430628093,2.6891541481018066,313900.0
2020-04-02,2.713656100629664,2.750409874234706,2.6523998112879275,2.7197818756103516,357600.0
2020-04-03,2.7197822446789757,2.7320335042097925,2.6033951330896805,2.634023427963257,535500.0
2020-04-06,2.695279615685017,2.8667972421207684,2.683028356653892,2.8606717586517334,274500.0
2020-04-07,3.075068841194391,3.0995713584873306,2.9035509280507665,2.915802478790283,565000.0
2020-04-08,2.9158017851774485,3.062816853963046,2.9158017851774485,3.0383143424987793,321400.0
2020-04-09,3.0628168980173265,3.2098319689175274,3.0566911240166608,3.105696439743042,333600.0
2020-04-13,3.1118222782278178,3.1485760501644044,2.9954351877154526,3.0689430236816406,282800.0
2020-04-14,3.105697033315459,3.234335390985468,3.105697033315459,3.191455841064453,348600.0
2020-04-15,3.1547012270988457,3.1547012270988457,3.0689424421634692,3.1301987171173096,234000.0
2020-04-16,3.1179488531250428,3.166953894950545,3.0995718163939343,3.1363255977630615,190100.0
2020-04-17,3.1853304473618747,3.2527125218521467,3.1853304473618747,3.246587038040161,145700.0
2020-04-20,3.209832225746434,3.2833400591711115,3.20370674334863,3.2282092571258545,224600.0
2020-04-21,3.185330311630459,3.185330311630459,3.075068978875464,3.117948532104492,205300.0
2020-04-22,3.2282099758209557,3.2282099758209557,3.1669536777404295,3.203707456588745,129300.0
2020-04-23,3.241250532429722,3.260022385564224,3.184935569763184,3.1849355697631836,167000.0
2020-04-24,3.241251259920159,3.2475086451589408,3.1911933714841023,3.2349941730499268,169700.0
2020-04-27,3.2913085789761607,3.3100801330063145,3.2537648741789096,3.2787938117980957,181100.0
2020-04-28,3.3351096194053205,3.3789104166303896,3.2913091205487723,3.316338062286377,154200.0
2020-04-29,3.441481979537023,3.4602538307075257,3.372652256403116,3.447739362716675,339300.0
2020-04-30,3.46025351643233,3.472767983286563,3.3851664169385063,3.4101953506469727,304100.0
2020-05-01,3.316337516595347,3.341366454214533,3.2600222577679423,3.2787938117980957,210100.0
2020-05-04,3.260022177417533,3.310080051422119,3.2037069199781416,3.310080051422119,166300.0
2020-05-05,3.341366656001222,3.435225028557085,3.341366656001222,3.3789100646972656,173900.0
2020-05-06,3.422710065320718,3.472768234730511,3.3976811298000453,3.4352245330810547,145000.0
2020-05-07,3.510311806866864,3.5165688918637916,3.4539965500522127,3.49153995513916,107900.0
2020-05-08,3.516569143076127,3.5603699346574493,3.5103120576322135,3.541598081588745,111700.0
2020-05-11,3.5290832599551374,3.5666266639753728,3.516568791948392,3.554112195968628,209100.0
2020-05-12,3.5478555777430434,3.5853989867007723,3.491540315122204,3.5040547847747803,142800.0
2020-05-13,3.5103118676263634,3.5103118676263634,3.360137946310774,3.385166883468628,138500.0
2020-05-14,3.32885242437228,3.4039392471313477,3.2787942441643905,3.4039392471313477,190200.0
2020-05-15,3.3851666620397087,3.453996383905783,3.372652194279372,3.4352245330810547,44900.0
2020-05-18,3.535340643142736,3.572884047162972,3.4977972391225003,3.554112195968628,152400.0
2020-05-19,3.5603699346574493,3.5853988731700674,3.5228265268885224,3.541598081588745,111900.0
2020-05-20,3.585399302816864,3.6166856288909908,3.5541129767427364,3.616685628890991,106000.0
2020-05-21,3.616685123923684,3.6291995929323413,3.5728843332091453,3.6229422092437744,93500.0
2020-05-22,3.647971746475307,3.647971746475307,3.604171246934594,3.6104283332824707,116000.0
2020-05-26,3.7418304324994156,3.7418304324994156,3.6479717502362954,3.6604862213134766,121900.0
2020-05-27,3.7042865753173833,3.7042865753173833,3.6104279043030156,3.704286575317383,139600.0
2020-05-28,3.735572811497155,3.7793736066810992,3.616685492967963,3.7105438709259033,209500.0
2020-05-29,3.723057659314733,3.7355721273082705,3.6542282345345,3.7293150424957275,201000.0
2020-06-01,3.729315058339908,3.785630313734313,3.723057675132328,3.7793729305267334,85400.0
2020-06-02,3.798144781781019,3.798144781781019,3.7543439944333206,3.7793729305267334,132800.0
2020-06-03,3.8169162715582625,3.8607170581817627,3.8044018037184695,3.8607170581817627,109100.0
2020-06-04,3.8482022950485346,3.8607167619280247,3.779372578027126,3.791887044906616,157000.0
2020-06-05,3.8857461176372303,3.9045176708106415,3.8607171811603767,3.8732316493988037,131200.0
2020-06-08,3.848203042819189,3.9045180055356274,3.8294311896680537,3.8920035362243652,253600.0
2020-06-09,3.823173193705438,3.8920026093413678,3.823173193705438,3.8857455253601074,221000.0
2020-06-10,3.8920032025722144,3.917032437417526,3.84820271292195,3.8732316493988037,187400.0
2020-06-11,3.7168002974398187,3.760601081336375,3.610427178239918,3.6291990280151367,382200.0
2020-06-12,3.735572714095441,3.7731164223419067,3.5791416904196627,3.666743278503418,243400.0
2020-06-15,3.6229419153664293,3.7355721273082705,3.5979129793793536,3.7293150424957275,171400.0
2020-06-16,3.8607170412909233,3.9045175293543455,3.7543439159338465,3.810659170150757,183000.0
2020-06-17,3.8231737613677974,3.854459782656254,3.8106592931787238,3.823173761367798,124300.0
2020-06-18,3.8231734087129587,3.854459427115549,3.804401558976661,3.8356878757476807,103600.0
2020-06-19,3.910775288748155,3.910775288748155,3.8106595368341143,3.84820294380188,99400.0
2020-06-22,3.860717512130451,3.8920035362243652,3.8231741041966645,3.8920035362243652,117700.0
2020-06-23,3.9295466453731103,3.9358037298936415,3.8920029447761677,3.904517412185669,139700.0
2020-06-24,3.90451765541255,3.90451765541255,3.7856303568005756,3.823173761367798,125800.0
2020-06-25,3.829431178917231,3.8419456481933594,3.785630685635021,3.8419456481933594,185100.0
2020-06-26,3.8732316263357527,3.8732316263357527,3.7731158810244754,3.798144817352295,158200.0
2020-06-29,3.9670899111540963,3.973346995459416,3.7856299907733972,3.866973876953125,836200.0
2020-06-30,3.917032812096449,3.93580436706543,3.8419456971150656,3.9358043670654297,347900.0
2020-07-01,3.973348023298661,3.9858624935150146,3.929547526725675,3.9858624935150146,227300.0
2020-07-02,3.99837664172346,4.060948987765987,3.985862172514955,4.017148494720459,578300.0
2020-07-06,4.117263821526673,4.161064608399587,4.067205949882456,4.111006736755371,510100.0
2020-07-07,4.1360355386846,4.2048649607830075,4.111006603672735,4.154807090759277,390900.0
2020-07-08,4.198607713109598,4.279951897922375,4.167321396375937,4.2736945152282715,339300.0
2020-07-09,4.323752442256647,4.323752442256647,4.085977565639069,4.192350387573242,290200.0
2020-07-10,4.236151856665625,4.29246711730957,4.204865534448214,4.29246711730957,191700.0
2020-07-13,4.317496464413662,4.342525405209341,4.186094376052096,4.2048659324646,369400.0
2020-07-14,4.167321995596854,4.236151723286907,4.136035972732992,4.229894638061523,217400.0
2020-07-15,4.311238655037947,4.3550394462968525,4.304981569640092,4.348782062530518,249600.0
2020-07-16,4.311238561599855,4.361296437171704,4.261180686028006,4.330010414123535,218100.0
2020-07-17,4.35504063893623,4.380069584118853,4.3112398356823585,4.373812198638916,114200.0
2020-07-20,4.386325483655422,4.505212783813477,4.367553631943462,4.505212783813477,361300.0
2020-07-21,4.530241061371677,4.642871558518891,4.505212128309722,4.574041843414307,310400.0
2020-07-22,4.611587286405885,4.630359143704387,4.511471509796671,4.536500453948975,486800.0
2020-07-23,4.542869967079826,4.561984256525517,4.440925976043575,4.46004056930542,258800.0
2020-07-24,4.402697162658469,4.4855265617370605,4.383582872911814,4.4855265617370605,231700.0
2020-07-27,4.491899078726015,4.536499299461504,4.453669884072428,4.517385005950928,185400.0
2020-07-28,4.504641155299873,4.536498406149684,4.479155233093561,4.4855265617370605,188100.0
2020-07-29,4.511013635284187,4.587471421417354,4.498270670928659,4.561985492706299,173900.0
2020-07-30,4.555613752188928,4.612956934716747,4.5110132290528835,4.587471008300781,137400.0
2020-07-31,4.6448153359056645,4.6448153359056645,4.479156784198098,4.536499977111816,248400.0
2020-08-03,4.5747270584106445,4.619327571927201,4.5747270584106445,4.5747270584106445,148300.0
2020-08-04,4.600214686266492,4.816845398277378,4.59384335558066,4.746758937835693,522800.0
2020-08-05,4.797731102403627,4.810474067591546,4.689415746398184,4.746758937835693,274900.0
2020-08-06,4.759501013785919,4.778615609904666,4.727643758676274,4.772243976593018,199700.0
2020-08-07,4.7786163970656155,4.797730996333027,4.746758832892012,4.765873432159424,177100.0
2020-08-10,4.791358261173722,4.804101223152262,4.504641464748483,4.600213527679443,560600.0
2020-08-11,4.600213211665463,4.60658484412512,4.466412271990405,4.4855265617370605,215200.0
2020-08-12,4.5428703155300765,4.5428703155300765,4.453669278554381,4.466412544250488,317200.0
2020-08-13,4.485527267407215,4.6575574212719495,4.472784304299316,4.632071495056152,147900.0
2020-08-14,4.64481489596805,4.676672458648682,4.6257006014126585,4.676672458648682,169900.0
2020-08-17,4.676671605535398,4.7340147825573275,4.6511856815665,4.657557010650635,120400.0
2020-08-18,4.68304351257813,4.721272403249501,4.657557585463882,4.695786476135254,135900.0
2020-08-19,4.746757950482866,4.746757950482866,4.695786100333626,4.734014987945557,111700.0
2020-08-20,4.740386520003801,4.772243773759424,4.714900595472828,4.753129482269287,101000.0
2020-08-21,4.778616323724927,4.797730922698975,4.702158535461227,4.797730922698975,115800.0
2020-08-24,4.797731027767895,4.842331253323664,4.778616428375244,4.778616428375244,121900.0
2020-08-25,4.791359170030175,4.7977308041361475,4.651186561677375,4.689415454864502,216900.0
2020-08-26,4.714901520579144,4.734015815819678,4.67030099199082,4.683043956756592,146800.0
2020-08-27,4.708528826446648,4.734014750241571,4.683042902651725,4.702157497406006,99000.0
2020-08-28,4.702157634056196,4.8104729652404785,4.683043038746423,4.8104729652404785,154600.0
2020-08-31,4.835959531282188,4.880559753227717,4.8168449334367995,4.874188423156738,131500.0
2020-09-01,4.893303271056561,4.893303271056561,4.816845478653238,4.842331409454346,116700.0
2020-09-02,4.867816893062901,4.906045785752583,4.842330964603114,4.855073928833008,174400.0
2020-09-03,4.855073073317681,4.899673592171341,4.638442719582051,4.657557010650635,285300.0
2020-09-04,4.6575583014216315,4.6894158671196795,4.389955721770068,4.536499977111816,449600.0
2020-09-08,4.460042011355764,4.479156610797867,4.396327186242503,4.402698516845703,283900.0
2020-09-09,4.428184083259438,4.619328846719134,4.428184083259438,4.568356990814209,199200.0
2020-09-10,4.6129570811362415,4.625700348564916,4.498270408624134,4.517385005950928,98600.0
2020-09-11,4.523757200235353,4.568357733309199,4.453670735066818,4.479156970977783,132800.0
2020-09-14,4.549241884577014,4.574727809681497,4.491898705000022,4.5556135177612305,174000.0
2020-09-15,4.600213631267263,4.753129482269287,4.555613415246152,4.753129482269287,228800.0
2020-09-16,4.77861540680026,4.797730002106583,4.740386520003801,4.753129482269287,168800.0
2020-09-17,4.689415746398184,4.75313057233778,4.663929816022344,4.746758937835693,84800.0
2020-09-18,4.746757712139034,4.765872306893314,4.612956460307597,4.702157497406006,221600.0
2020-09-21,4.663928643550949,4.676671605535398,4.619328124697288,4.657557010650635,233100.0
2020-09-22,4.695786207368987,4.695786207368987,4.625700063724338,4.651185989379883,125000.0
2020-09-23,4.663929936087746,4.676672901603713,4.536499977111816,4.536499977111816,133800.0
2020-09-24,4.53012762688675,4.549241918951445,4.472784143060274,4.511013031005859,243100.0
2020-09-25,4.466412912512479,4.54924201965332,4.453669645765671,4.54924201965332,237000.0
2020-09-28,4.60658550474915,4.60658550474915,4.5110131308615005,4.54924201965332,212300.0
2020-09-29,4.54924226307396,4.54924226307396,4.498270408624134,4.517385005950928,153400.0
2020-09-30,4.523756368406555,4.574728223223225,4.517385038462581,4.530128002166748,210200.0
2020-10-01,4.555613584713828,4.593842472932392,4.504641733755742,4.581099510192871,228800.0
2020-10-02,4.5110131308615005,4.561984982583926,4.479155875443086,4.54924201965332,182500.0
2020-10-05,4.561985081884815,4.593842641812877,4.504641899356996,4.587471008300781,192100.0
2020-10-06,4.600213527679443,4.657557008490963,4.581099236619723,4.600213527679443,158900.0
2020-10-07,4.619328430402352,4.670300281713442,4.581099541919036,4.651185989379883,128700.0
2020-10-08,4.702157634056196,4.823215927508265,4.695786001014209,4.8104729652404785,254000.0
2020-10-09,4.829587904161584,4.855073832113659,4.816844940185547,4.816844940185547,134800.0
2020-10-12,4.880559408570721,4.937902894241159,4.778615704104347,4.925159931182861,222800.0
2020-10-13,4.906046192230106,4.918789157515785,4.848703000352682,4.886931896209717,219500.0
2020-10-14,4.8741889309240385,4.906046192230106,4.842331365801713,4.886931896209717,91600.0
2020-10-15,4.84870239821246,4.880559655562307,4.791358909640028,4.835959434509277,147100.0
2020-10-16,4.855074374854899,4.893303271056561,4.823217113261645,4.842331409454346,103700.0
2020-10-19,4.867816074466066,4.899673631591587,4.7595007448187125,4.784986972808838,115600.0
2020-10-20,4.759501545200688,4.867816893062901,4.759501545200688,4.855073928833008,117300.0
2020-10-21,4.8678159058917805,4.906044790828816,4.861444576977027,4.8996734619140625,179600.0
2020-10-22,4.918788749982476,4.918788749982476,4.810473705936496,4.855073928833008,104000.0
2020-10-23,4.886931896209717,4.886931896209717,4.855074331087392,4.886931896209717,124800.0
2020-10-26,4.861444950856324,4.880559242886781,4.746757983408813,4.804101467132568,103600.0
2020-10-27,4.842330218127693,4.842330218127693,4.734014886962965,4.753129482269287,102500.0
2020-10-28,4.670300569300404,4.676672203014741,4.498270408624134,4.517385005950928,347600.0
2020-10-29,4.536498988696447,4.6129567651335766,4.498270100477883,4.581099510192871,188800.0
2020-10-30,4.530127825772962,4.625700201740938,4.485527302636918,4.587471008300781,304900.0
2020-11-02,4.6257002679389805,4.663929158110021,4.574728110561383,4.612957000732422,233000.0
2020-11-03,4.6511861864683635,4.759501223186049,4.6511861864683635,4.727643966674805,191400.0
2020-11-04,4.797730639407637,4.925160278989473,4.75950144371686,4.874188423156738,141000.0
2020-11-05,4.99524579911889,5.0971894917323635,4.9442739528121535,5.065331935882568,225500.0
2020-11-06,5.05258880529137,5.097189321225914,5.001616960689696,5.058960437774658,201400.0
2020-11-09,5.199134939448292,5.2373641408997695,5.046219348907471,5.046219348907471,179300.0
2020-11-10,5.084447136023093,5.2437340228043325,5.033475283642503,5.230991363525391,292900.0
2020-11-11,5.237362986918746,5.453993662936254,5.237362986918746,5.352049350738525,482300.0
2020-11-12,5.266574395969545,5.4177990733245975,5.1613741978472465,5.35862398147583,257200.0
2020-11-13,5.312599742487162,5.371774840504109,5.1745247227945645,5.253424644470215,298900.0
2020-11-16,5.312599554612557,5.411224296459149,5.259999608688934,5.352049827575684,236000.0
2020-11-17,5.345474661731714,5.430949730364469,5.259999593098958,5.424374580383301,182300.0
2020-11-18,5.404650298510973,5.457250249544194,5.345475196838379,5.345475196838379,201700.0
2020-11-19,5.306024015040839,5.384923928133402,5.292874343045797,5.3388991355896,129600.0
2020-11-20,5.338899530960791,5.437524899910756,5.332324380955964,5.398074626922607,158800.0
2020-11-23,5.457249618127256,5.457249618127256,5.391499373422752,5.437524795532227,167400.0
2020-11-24,5.457251231461886,5.509851191959366,5.38492581549711,5.41122579574585,249000.0
2020-11-25,5.4243742228724106,5.430949372420224,5.312599188722687,5.35862398147583,170700.0
2020-11-27,5.3652000217156175,5.378350322994362,5.312600070682397,5.345475196838379,87700.0
2020-11-30,5.345474759812683,5.3849244063419075,5.259999689611596,5.292874813079834,165100.0
2020-12-01,5.319175515797438,5.463825702667236,5.279725236818071,5.463825702667236,166200.0
2020-12-02,5.450674658776479,5.463824958993369,5.325749941920155,5.384924411773682,127700.0
2020-12-03,5.411224280420962,5.476974526151025,5.3849243075371,5.424374580383301,94800.0
2020-12-04,5.470399771042868,5.529574871063232,5.463825247627941,5.529574871063232,147300.0
2020-12-07,5.549299294821442,5.56902474476495,5.352049811712883,5.424374580383301,192600.0
2020-12-08,5.463823934220468,5.58217347877118,5.398073699549521,5.4177985191345215,181000.0
2020-12-09,5.417799659231175,5.463825084002499,5.20082471701484,5.2271246910095215,229800.0
2020-12-10,5.200824525161714,5.233699648202546,5.082474646551453,5.115349769592285,249600.0
2020-12-11,5.14822501515159,5.16795015335083,5.010149988318216,5.16795015335083,244500.0
2020-12-14,5.23370016462663,5.365200042724609,5.220550176816832,5.365200042724609,171200.0
2020-12-15,5.417799821243014,5.4835500717163095,5.365199871680721,5.483550071716309,179400.0
2020-12-16,5.503274356293056,5.536149478305385,5.470399234280727,5.516424655914307,130800.0
2020-12-17,5.562448954490787,5.661073684692383,5.522998686185703,5.661073684692383,183800.0
2020-12-18,5.687374036573995,5.753124279152046,5.654499542325754,5.746549129486084,131300.0
2020-12-21,5.707099455738512,5.720249127960913,5.654499512767346,5.68079948425293,110200.0
2020-12-22,5.700524335905919,5.76627457848397,5.667649214616893,5.746549129486084,69800.0
2020-12-23,5.759701269608749,5.878050866216474,5.75312611784138,5.779426097869873,137600.0
2020-12-24,5.805724747271054,5.8188750477918445,5.654500053527,5.739974498748779,80800.0
2020-12-28,5.739974053739696,5.812299446915119,5.608474193930919,5.6413493156433105,157300.0
2020-12-29,5.588749971083596,5.628200246777459,5.4835500719544426,5.529574871063232,189800.0
2020-12-30,5.536149685388646,5.536149685388646,5.3914995193481445,5.3914995193481445,251400.0
2020-12-31,5.384924369291571,5.424374642590188,5.338899572977202,5.3914995193481445,172000.0
2021-01-04,5.417798998846969,5.490124388797117,5.259999174113352,5.299449443817139,184600.0
2021-01-05,5.279724454182322,5.371774673461914,5.266574781165706,5.371774673461914,156600.0
2021-01-06,5.352050347477751,5.424375123388211,5.292875245805158,5.345475196838379,145500.0
2021-01-07,5.371775001754421,5.5755996487747295,5.345475027073062,5.555874824523926,162700.0
2021-01-08,5.5755994592267655,5.667649681002609,5.555874635646526,5.6545000076293945,112800.0
2021-01-11,5.595325510348873,5.654500614481213,5.562450382826362,5.634775161743164,110900.0
2021-01-12,5.680800434543781,5.779425187352584,5.654500458658707,5.772850036621094,178600.0
2021-01-13,5.7465486111505015,5.812298847797917,5.7465486111505015,5.753123760223389,72900.0
2021-01-14,5.759699804360851,5.838599724374459,5.753124654266177,5.832024574279785,123400.0
2021-01-15,5.799148983139309,5.884624046353931,5.753124190270196,5.878048896789551,121700.0
2021-01-19,5.983248239504782,6.141048035969448,5.917498010790846,6.1278977394104,360400.0
2021-01-20,6.213374676574084,6.213374676574084,6.048999681812648,6.134474754333496,303600.0
2021-01-21,6.208060377488196,6.2415091072187705,6.054197113901591,6.094335079193115,208400.0
2021-01-22,6.060888261907585,6.067577498875126,5.860196479304787,5.95385217666626,276000.0
2021-01-25,5.980611231213919,6.014059969055911,5.880265655669552,5.927093505859375,193200.0
2021-01-26,5.9204046718803935,5.960542649639059,5.826748327140752,5.860197067260742,166500.0
2021-01-27,5.799989036716829,5.826747899251443,5.686263711449314,5.692953586578369,172500.0
2021-01-28,5.692952584329297,5.833436747399072,5.692952584329297,5.739780426025391,177500.0
2021-01-29,5.739781441644173,5.7732301793377125,5.498951678617578,5.559159278869629,262100.0
2021-02-01,5.672883396005441,5.773229598999023,5.605986565324596,5.773229598999023,329300.0
2021-02-02,5.84681640917852,5.96723159974142,5.799988563062527,5.960541725158691,191200.0
2021-02-03,6.0408188989335265,6.0408188989335265,5.880265721083842,6.000680923461914,205500.0
2021-02-04,6.05419709263745,6.114404678344727,6.014058489505448,6.114404678344727,261600.0
2021-02-05,6.174613906805045,6.268270256719523,6.141165802818586,6.208062648773193,276700.0
2021-02-08,6.248199879760137,6.248199879760137,6.154543550635427,6.161233425140381,156000.0
2021-02-09,6.181302221646892,6.234819940086832,6.154543362426922,6.187992095947266,143700.0
2021-02-10,6.241510974258821,6.288338827100494,6.187993245873582,6.281649589538574,152700.0
2021-02-11,6.301717933645155,6.31509704538222,6.107716028595849,6.154543876647949,290400.0
2021-02-12,6.194682832289359,6.194682832289359,6.121095480708002,6.134475231170654,112700.0
2021-02-16,6.2214411718551785,6.24151015787924,6.1344747151088255,6.167923450469971,95200.0
2021-02-17,6.187992461510315,6.187992461510315,6.067577268916013,6.147853851318359,119500.0
2021-02-18,6.09433637430076,6.114405999192975,6.04081865055137,6.074267387390137,102500.0
2021-02-19,6.10102597974768,6.2214411718551785,6.10102597974768,6.167923450469971,114200.0
2021-02-22,6.167924359114945,6.181303472441447,6.040819273614066,6.080957889556885,106300.0
2021-02-23,6.060887700094605,6.060887700094605,5.846816187436869,6.020749092102051,189600.0
2021-02-24,6.054197637029397,6.060887511149858,5.9939900459082684,6.0475077629089355,110300.0
2021-02-25,6.047508180789502,6.0809569157215915,5.8936448932760666,5.960541725158691,137300.0
2021-02-26,5.987299919128418,6.014058776499549,5.893644237320203,5.987299919128418,119200.0
2021-03-01,6.067578442892321,6.208062648773193,6.054199328894075,6.208062648773193,152100.0
2021-03-02,6.21475154438122,6.261579392960484,6.16123382086732,6.228131294250488,189200.0
2021-03-03,6.214752104168617,6.214752104168617,6.02744005499803,6.04081916809082,111700.0
2021-03-04,6.040818499168276,6.080957109965239,5.860196345535877,5.933783054351807,247000.0
2021-03-05,5.9471615554037545,5.967230537598188,5.719710963928709,5.907022953033447,277900.0
2021-03-08,5.920404079273264,5.953852178063588,5.799988882087006,5.8200578689575195,212900.0
2021-03-09,5.927093909519069,5.960542649639059,5.826748327140752,5.860197067260742,365400.0
2021-03-10,5.88695420238295,5.9270921683505104,5.833436489105225,5.833436489105225,154700.0
2021-03-11,5.866885475080716,5.987300016212585,5.866885475080716,5.893644332885742,198400.0
2021-03-12,5.86688744973944,5.886956440352593,5.8334387067297095,5.840127944946289,138200.0
2021-03-15,6.0140598853656,6.0341295105804775,5.920404186289246,5.993990898132324,300400.0
2021-03-16,6.054198497813753,6.054198497813753,5.953852285684172,5.993990898132324,116500.0
2021-03-17,5.940472889462926,5.993990611513636,5.893645042163948,5.967231750488281,87100.0
2021-03-18,5.9605406642062295,6.007368501987054,5.886953970839015,5.907022953033447,79700.0
2021-03-19,5.886955695426921,5.953852534999655,5.873575944723397,5.920404434204102,162800.0
2021-03-22,5.940471915660675,5.940471915660675,5.833436489105225,5.833436489105225,166600.0
2021-03-23,5.840127440399756,5.886955931760403,5.840127440399756,5.860197067260742,133800.0
2021-03-24,5.880264999794858,5.8869548742134015,5.799988420716955,5.806678295135498,133600.0
2021-03-25,5.786608558550478,5.806678181413049,5.699642744738776,5.766539573669434,156900.0
2021-03-26,5.766539028517336,5.840125724778841,5.759849154862254,5.833436489105225,117100.0
2021-03-29,5.833436404680663,5.840125640257469,5.7598490715026855,5.7598490715026855,96200.0
2021-03-30,5.739781587776819,5.739781587776819,5.672884110686555,5.699643611907959,149600.0
2021-03-31,5.766538945060948,5.833436404680663,5.666193393612835,5.7598490715026855,182700.0
2021-04-01,5.806678333330217,5.826747318736317,5.726401753724278,5.773229598999023,112900.0
2021-04-05,5.793300300710071,5.833438921395155,5.779921185802865,5.799990177154541,160900.0
2021-04-06,5.79998946264109,5.933783785139398,5.572538795403141,5.860197067260742,95900.0
2021-04-07,5.8601958997501855,5.88026488463123,5.719711729619821,5.766539573669434,160600.0
2021-04-08,5.739780577227453,5.799988168412179,5.7264014669539085,5.7464704513549805,215500.0
2021-04-09,5.7598490715026855,5.7932978013125425,5.719711106116023,5.7598490715026855,129600.0
2021-04-12,5.726401903194404,5.813367721551324,5.726401903194404,5.779919624328613,137300.0
2021-04-13,5.799988653599689,5.886955110588036,5.786608904225375,5.880265235900879,143200.0
2021-04-14,5.886955355917008,5.9538521916316975,5.8535066190688685,5.9404730796813965,110100.0
2021-04-15,5.987299999486588,6.08764619446123,5.9672310156842565,6.060887336730957,153400.0
2021-04-16,6.08095674708218,6.1545434515067985,6.054197887474905,6.107715606689453,136500.0
2021-04-19,6.1144062434582915,6.154544218883017,6.067577754820624,6.134475231170654,152000.0
2021-04-20,6.047508390261233,6.121095099275459,6.000680542523232,6.054198265075684,216500.0
2021-04-21,6.154543512477538,6.1946821212768555,6.05419794745156,6.1946821212768555,153900.0
2021-04-22,6.269644342807475,6.269644342807475,6.085644245147705,6.085644245147705,121900.0
2021-04-23,6.126534398043174,6.174238668547094,6.1060900820632575,6.140164375305176,117700.0
2021-04-26,6.153792308937534,6.194681581549814,6.092458724975586,6.092458724975586,136700.0
2021-04-27,6.099273642304527,6.1878665236904284,6.099273642304527,6.14697790145874,102800.0
2021-04-28,6.174237777265989,6.208311415676126,6.133348501295634,6.2014970779418945,79800.0
2021-04-29,6.242386372807313,6.242386372807313,6.181052777237008,6.235571384429932,104700.0
2021-04-30,6.24920038377292,6.317348957061768,6.201496772418503,6.317348957061768,117100.0
2021-05-03,6.337793841553089,6.344608829480139,6.221941646445318,6.296904563903809,116000.0
2021-05-04,6.269645116761286,6.269645116761286,6.201497188809699,6.2151265144348145,81900.0
2021-05-05,6.235571180092455,6.276460459103752,6.140163945587832,6.167423248291016,72500.0
2021-05-06,6.167423326640128,6.24238624754793,6.153793350158864,6.187867641448975,115300.0
2021-05-07,6.187867128567466,6.228756404709099,6.119718551635742,6.119718551635742,176600.0
2021-05-10,6.1197180234127915,6.20149656863735,6.092458724975586,6.092458724975586,175600.0
2021-05-11,5.881200687196724,5.956163612789169,5.79260778427124,5.79260778427124,309000.0
2021-05-12,5.792608086517699,5.894830322196879,5.656311555641084,5.683570861816406,188500.0
2021-05-13,5.717644166258953,5.813051396383831,5.6767548891247115,5.690384864807129,118400.0
2021-05-14,5.6903843287741696,5.908458719846202,5.6903843287741696,5.867569446563721,165200.0
2021-05-17,5.860755364742138,6.099274077895738,5.860755364742138,6.078829765319824,147200.0
2021-05-18,6.031126316403413,6.235570747538718,6.031126316403413,6.1946821212768555,232300.0
2021-05-19,6.092459878070242,6.242386372807313,6.037941270877319,6.235571384429932,451500.0
2021-05-20,6.235571960056054,6.3377948454141135,6.2151276429496916,6.324164867401123,364500.0
2021-05-21,5.881199699860504,5.9016440125147795,5.731273223932192,5.758532524108887,833100.0
2021-05-24,5.772163070535833,5.894829608517138,5.765348082338803,5.888015270233154,263200.0
2021-05-25,5.908458382569512,6.119717774382837,5.894828408949084,6.031125545501709,222100.0
2021-05-26,6.051570495975064,6.085644783716588,5.983421920492016,6.072014808654785,180700.0
2021-05-27,6.078829664917784,6.181051876021959,5.99705176605185,6.024311065673828,175200.0
2021-05-28,6.031126482117781,6.167422989923937,5.894829324398611,5.997052192687988,154100.0
2021-06-01,6.133349140811315,6.133349140811315,5.962978331344335,5.969793319702148,142400.0
2021-06-02,5.983422584815007,6.13334907757585,5.894829686816012,5.908459663391113,153300.0
2021-06-03,5.89482905661752,5.922088356940458,5.738088242238871,5.751717567443848,242800.0
2021-06-04,5.7585327666009505,5.894829273223877,5.738088453085764,5.894829273223877,296900.0
2021-06-07,5.888014488205669,6.078829582987721,5.888014488205669,6.003866672515869,242300.0
2021-06-08,6.065199690150311,6.072014677534048,6.003866753435587,6.024311065673828,111900.0
2021-06-09,6.08564493628486,6.092459274073615,5.901644167815486,5.915274143218994,143900.0
2021-06-10,6.003866601278134,6.065199536438483,5.9152737172736956,5.942533016204834,142100.0
2021-06-11,5.942532255349988,6.051569437113917,5.928902282673063,6.017495155334473,97600.0
2021-06-14,6.0651994265383795,6.133347997587865,6.017495816751503,6.092458724975586,108600.0
2021-06-15,6.133347853816363,6.133347853816363,6.003866351753038,6.085644245147705,91600.0
2021-06-16,6.133347840284416,6.133347840284416,5.9152734583797715,6.010680675506592,110600.0
2021-06-17,6.017495155334473,6.05838442345238,6.017495155334473,6.017495155334473,78100.0
2021-06-18,6.072014523649506,6.072014523649506,5.942533016204834,5.942533016204834,73600.0
2021-06-21,6.065200636032953,6.065200636032953,5.956163420540425,5.990237712860107,125300.0
2021-06-22,6.003867579740832,6.065200524896737,5.962978299723837,5.9766082763671875,128200.0
2021-06-23,5.976608578788728,5.976608578788728,5.79260778427124,5.79260778427124,247100.0
2021-06-24,5.874385666115074,5.894829982088731,5.792607752307365,5.799422740936279,222200.0
2021-06-25,5.847125566027449,5.969792745007031,5.826681252835185,5.915274143218994,232000.0
2021-06-28,5.997051216408363,5.997051216408363,5.894828364760179,5.962976932525635,306900.0
2021-06-29,5.997051364825251,6.085644245147705,5.976607053954815,6.085644245147705,276400.0
2021-06-30,6.031126547143889,6.092459488883175,6.031126547143889,6.058385848999023,203800.0
2021-07-01,6.078830612926054,6.078830612926054,5.976608385880076,5.990237712860107,189400.0
2021-07-02,6.031125545501709,6.03793988239901,5.990236274553339,6.031125545501709,130900.0
2021-07-06,6.06519979032723,6.085644752816122,6.037940490255019,6.078829765319824,172000.0
2021-07-07,6.078829899943824,6.269645004675161,6.065199924649375,6.2014970779418945,246200.0
2021-07-08,6.146978622867551,6.146978622867551,5.860755634002902,5.894829273223877,447300.0
2021-07-09,5.82668082319419,5.928903031530967,5.792606537110947,5.867569446563721,1167800.0
2021-07-12,5.901644596714167,5.908459584911197,5.881200282036124,5.888015270233154,462000.0
2021-07-13,5.894829242115481,5.949347844476945,5.881199916481618,5.901644229888916,502600.0
2021-07-14,5.942533537976657,5.949347875873047,5.8811999475180885,5.894829273223877,326600.0
2021-07-15,5.888015207212831,5.888015207212831,5.806237299462894,5.826681613922119,414000.0
2021-07-16,5.874385666115074,5.874385666115074,5.78579276367845,5.799422740936279,260100.0
2021-07-19,5.765347878408016,5.765347878408016,5.6631256587205385,5.744903564453125,576600.0
2021-07-20,5.7721622254261815,5.881199420962198,5.7721622254261815,5.867569446563721,225000.0
2021-07-21,5.901644596714167,5.901644596714167,5.867570305642065,5.888015270233154,336100.0
2021-07-22,5.922773461175304,5.929724568997853,5.881063499453254,5.888015270233154,150700.0
2021-07-23,5.901917836289157,5.943627795802382,5.874111417599445,5.936676025390625,249100.0
2021-07-26,5.943627453610347,5.964482100687639,5.894965726486963,5.90886926651001,184900.0
2021-07-27,5.922773562331841,5.92972467027311,5.80459610888456,5.853257179260254,265300.0
2021-07-28,5.860208598992655,5.901917895970336,5.8463050580285465,5.894966125488281,169200.0
2021-07-29,5.915821036521533,5.943627453610347,5.894965726486963,5.90886926651001,194600.0
2021-07-30,5.901917535324941,5.922772845496709,5.853256470838712,5.915821075439453,184900.0
2021-08-02,5.943627531720256,5.957530408968733,5.908869344163133,5.9227728843688965,209900.0
2021-08-03,5.957530330676116,5.957530330676116,5.881062849421195,5.90886926651001,168800.0
2021-08-04,5.9227728843688965,5.929723991514492,5.901917574060251,5.9227728843688965,140100.0
2021-08-05,5.901917535324941,5.93667572265394,5.901917535324941,5.915821075439453,196100.0
2021-08-06,5.929723817684728,5.950579127382,5.922772710742905,5.94362735748291,126800.0
2021-08-09,5.964482384608088,5.99228880302054,5.9505795068805165,5.978385925292969,238500.0
2021-08-10,5.9992405733629806,6.006192343705421,5.9505795068805165,5.978385925292969,160000.0
2021-08-11,6.006191612198244,6.006191612198244,5.971433427676628,5.9853363037109375,206900.0
2021-08-12,5.9992404371518235,6.006192207336426,5.978385789555311,6.006192207336426,122800.0
2021-08-13,6.006191955655521,6.020094832484851,5.999240185762223,6.013143062591553,125700.0
2021-08-16,6.020095348358154,6.075708186355576,5.971434280849741,6.020095348358154,200400.0
2021-08-17,6.006191825281108,6.006191825281108,5.964481869783969,5.971433639526367,236100.0
2021-08-18,5.964482179071615,5.985336826422974,5.915821114266015,5.9227728843688965,229200.0
2021-08-19,5.888015270233154,5.915821690395403,5.860208850070904,5.888015270233154,324700.0
2021-08-20,5.908869344163133,5.929723991514492,5.881062926708892,5.9227728843688965,283000.0
2021-08-23,5.964481869783969,5.992288285796311,5.950578993256424,5.971433639526367,234100.0
2021-08-24,6.00619247033746,6.020095348358154,5.964482510360733,6.020095348358154,381000.0
2021-08-25,6.020096339328572,6.040950991271167,6.01314456769523,6.027048110961914,255000.0
2021-08-26,6.027046297390733,6.047900943058051,5.985336343098864,5.992288112640381,274600.0
2021-08-27,5.992288398605167,6.068755878339346,5.992288398605167,6.06180477142334,193500.0
2021-08-30,6.089612007141113,6.110466656609052,6.075708465524252,6.089612007141113,370400.0
2021-08-31,6.089612521512089,6.096564292907715,6.075708978720838,6.096564292907715,138900.0
2021-09-01,6.117416898531518,6.1452233118584125,6.103513360389477,6.124368667602539,220300.0
2021-09-02,6.145224609618362,6.173031028817468,6.138272839079254,6.152176380157471,149400.0
2021-09-03,6.173030853271484,6.173030853271484,6.159127312588651,6.173030853271484,128500.0
2021-09-07,6.186933079938466,6.214739495420722,6.173030203675958,6.19388484954834,301600.0
2021-09-08,6.200837788844355,6.221692438650624,6.145224947389395,6.179983139038086,235200.0
2021-09-09,6.193885941563877,6.214740591113047,6.14522487163003,6.166079521179199,237100.0
2021-09-10,6.193885079428393,6.207788619164156,6.131320476531982,6.131320476531982,132600.0
2021-09-13,6.186932600370161,6.186932600370161,6.096562254275645,6.124368667602539,173600.0
2021-09-14,6.159128246596118,6.159128246596118,6.082660750116464,6.096564292907715,134200.0
2021-09-15,6.117418190419256,6.152176380157471,6.110466419880148,6.152176380157471,156800.0
2021-09-16,6.159126187043267,6.166077956114287,6.103513360389477,6.124368667602539,171700.0
2021-09-17,6.124369105077853,6.152175520391013,6.103513796375056,6.117417335510254,98200.0
2021-09-20,6.047901366479041,6.068756013606419,5.929723927828437,6.033998489379883,420700.0
2021-09-21,6.082660121707639,6.082660121707639,6.0409501606004135,6.068756580352783,210000.0
2021-09-22,6.12437022208086,6.179983062850217,6.089612030860674,6.166079521179199,316700.0
2021-09-23,6.193885365126403,6.263401741097195,6.186933594937865,6.200837135314941,302200.0
2021-09-24,6.173030756042074,6.22169182175093,6.152176108303607,6.207788944244385,185800.0
2021-09-27,6.228642861495608,6.235594630912235,6.186932907953064,6.2147393226623535,205900.0
2021-09-28,6.173031151642176,6.179982922319604,6.054853701955269,6.068756580352783,189600.0
2021-09-29,6.089611892385067,6.103514770782581,6.061805472632697,6.068756580352783,134800.0
2021-09-30,6.096563191490992,6.1035142986734074,5.999240398406982,5.999240398406982,161200.0
2021-10-01,6.040950298309326,6.082660260367368,5.964482807986499,6.040950298309326,191900.0
2021-10-04,6.040948918934859,6.040948918934859,5.915820387246969,5.929723262786865,250500.0
2021-10-05,5.929725504467142,6.006193669194905,5.929725504467142,5.957531929016113,165900.0
2021-10-06,5.936675626522978,5.9714338132891465,5.8949656698121204,5.9505791664123535,282700.0
2021-10-07,6.027047118847163,6.047901767356866,5.9992406998484515,6.020095348358154,190300.0
2021-10-08,6.075707318284251,6.082659087780019,5.978385197172396,5.9853363037109375,229700.0
2021-10-11,5.978385197172396,6.006191612198244,5.978385197172396,5.9853363037109375,268900.0
2021-10-12,5.9922890917731015,6.089611892385067,5.964482672020732,6.068756580352783,549400.0
2021-10-13,6.096562254275645,6.131319773716371,6.061804071877729,6.124368667602539,394100.0
2021-10-14,6.131320156325342,6.242545816573666,6.131320156325342,6.22864294052124,429100.0
2021-10-15,6.2564504768952585,6.30511154623587,6.242546935393742,6.2773051261901855,341200.0
2021-10-18,6.284256322820596,6.312062740325928,6.263401675430919,6.312062740325928,299100.0
2021-10-19,6.346820831298828,6.367675478370934,6.325966184226721,6.346820831298828,353300.0
2021-10-20,6.360723097820085,6.40938482026052,6.346820222092255,6.374626636505127,283700.0
2021-10-21,6.353772294327262,6.40243335613022,6.3468205246533405,6.395481586456299,203800.0
2021-10-22,6.409385545635967,6.444143733325081,6.3954820053774055,6.437191963195801,193000.0
2021-10-25,6.458047726500293,6.49280592019521,6.423289532805375,6.485854148864746,262700.0
2021-10-26,6.527563710532687,6.534514818476218,6.464999098339368,6.499757289886475,292400.0
2021-10-27,6.555369671547612,6.569272549417234,6.451095104217529,6.451095104217529,299800.0
2021-10-28,6.499757849278276,6.534515380859375,6.464999654739759,6.534515380859375,142900.0
2021-10-29,6.534514465589028,6.569272655259068,6.5206115874954085,6.541466236114502,200100.0
2021-11-01,6.562320611976072,6.6109823406744725,6.555369504696842,6.597078800201416,221200.0
2021-11-02,6.6109823406744725,6.624885218190231,6.548417734460314,6.597078800201416,232100.0
2021-11-03,6.597078703458684,6.638788661308901,6.548417638431172,6.631836891174316,163500.0
2021-11-04,6.624884813749251,6.819530390745386,6.610981937082246,6.680497646331787,422500.0
2021-11-05,6.73611215515474,6.798676773118231,6.645741776937945,6.743063926696777,210800.0
2021-11-08,6.729158526061843,6.826480639367203,6.729158526061843,6.8195295333862305,364600.0
2021-11-09,6.902949425259855,6.951610486519173,6.854287701043299,6.93770694732666,567200.0
2021-11-10,6.95161243225594,6.958564203797978,6.673548200148672,6.743063926696777,351000.0
2021-11-11,6.81257894183095,6.868191777033057,6.8056271716913646,6.826481819152832,219700.0
2021-11-12,6.8820949649525724,6.979417762427205,6.875143857456564,6.972465991973877,242600.0
2021-11-15,7.06283685095126,7.090643269145662,6.902950112072772,6.923804759979248,314400.0
2021-11-16,6.979417498566391,7.000272146180634,6.937707540380611,6.958562850952148,264700.0
2021-11-17,6.958562316548609,6.986368732217887,6.673546390199197,6.756965637207031,389500.0
2021-11-18,6.881822453587019,6.881822453587019,6.654142484389775,6.690864562988281,424800.0
2021-11-19,6.6908656941993545,6.705555088465265,6.551319950817562,6.588042736053467,244500.0
2021-11-22,6.595384986725341,6.676175232942062,6.53662882607428,6.6394524574279785,378000.0
2021-11-23,6.646798435865545,6.683521218469429,6.595386260048579,6.668831825256348,333400.0
2021-11-24,6.698209485765992,6.712898878045966,6.624764625652452,6.683520793914795,349000.0
2021-11-26,6.624764334722399,6.646797721745975,6.551318777405484,6.595385551452637,218700.0
2021-11-29,6.639453348546564,6.668831432815093,6.5366297033923235,6.54397439956665,311800.0
2021-11-30,6.536630355219335,6.580697836230889,6.470530184345279,6.521941661834717,347200.0
2021-12-01,6.58804092266611,6.632107692476526,6.455839212377507,6.470528602600098,250500.0
2021-12-02,6.455841038894614,6.5439753038794874,6.433807647755614,6.448496341705322,255600.0
2021-12-03,6.477873984509627,6.485218681193778,6.095958862508541,6.147370338439941,614900.0
2021-12-06,6.21347146508709,6.397084687222726,6.16940398358584,6.389739990234375,355100.0
2021-12-07,6.455841241715247,6.492564028386536,6.426463152463996,6.433807849884033,199500.0
2021-12-08,6.507252468448703,6.595386732757551,6.485219077478709,6.588042736053467,217000.0
2021-12-09,6.573351504335937,6.580696199415827,6.455839184772406,6.463183879852295,109100.0
2021-12-10,6.463185685866443,6.499908471098698,6.316295245366293,6.353017330169678,220100.0
2021-12-13,6.367706599698178,6.419118077758922,6.33098381518528,6.389739990234375,143000.0
2021-12-14,6.38973882229662,6.419116904451343,6.308949271478311,6.323637962341309,172000.0
2021-12-15,6.323639316237994,6.463185761671494,6.308950622230134,6.455841064453125,135800.0
2021-12-16,6.492562985754928,6.499907681995491,6.397084035913968,6.411772727966309,153600.0
2021-12-17,6.382395293246024,6.411773380770572,6.286917034112887,6.389739990234375,136200.0
2021-12-20,6.2869159655224385,6.3603608216359175,6.279571269782469,6.345672130584717,191800.0
2021-12-21,6.389739990234375,6.426462774747273,6.33098381518528,6.389739990234375,148900.0
2021-12-22,6.38973977304434,6.551319599151611,6.38973977304434,6.551319599151611,156100.0
2021-12-23,6.610075526349956,6.7055544791153565,6.558664051948897,6.624764919281006,212100.0
2021-12-27,6.617419929512465,6.698209485765992,6.617419929512465,6.683520793914795,170400.0
2021-12-28,6.7202419085360106,6.8010321536144955,6.712897913879609,6.756964683532715,167700.0
2021-12-29,6.756965654028335,6.778999042019519,6.661486705494834,6.683520793914795,140400.0
2021-12-30,6.676176097774808,6.771655046308307,6.676176097774808,6.683520793914795,175100.0
2021-12-31,6.661486947777626,6.705554425791535,6.6100754737854,6.6100754737854,137800.0
2022-01-03,6.610075264278035,6.67617612898942,6.529285707646775,6.54397439956665,245400.0
2022-01-04,6.602730899463579,6.610075596006502,6.543974727977827,6.573352813720703,215500.0
2022-01-05,6.573353886256744,6.580698583998059,6.330984464224798,6.367707252502441,214500.0
2022-01-06,6.389739090148173,6.455839952874367,6.308949535943246,6.404428482055664,243300.0
2022-01-07,6.382394476161045,6.3970838682571864,6.24284875339154,6.279571533203125,231000.0
2022-01-10,6.228158889720472,6.242848280704383,5.963756155868506,6.059235095977783,707600.0
2022-01-11,6.044546022623824,6.140024967750348,5.978445861008924,6.007823944091797,302300.0
2022-01-12,6.059234789504246,6.10330225979835,5.963755854224253,6.037201404571533,548500.0
2022-01-13,6.0592359872386234,6.0592359872386234,5.868278078931823,5.882967472076416,461100.0
2022-01-14,5.8609341821089345,5.927034705257483,5.816867049938423,5.8756232261657715,321900.0
2022-01-18,5.875622212286055,5.875622212286055,5.655286239239579,5.669975280761719,652100.0
2022-01-19,5.736076169876266,5.743420865779297,5.655286266014804,5.6773200035095215,351700.0
2022-01-20,5.729749456464181,5.8346075151440315,5.639871120452881,5.639871120452881,418500.0
2022-01-21,5.617401294200897,5.632381016699642,5.2503979144092545,5.28784704208374,616700.0
2022-01-24,5.242907518644468,5.3103164438847825,4.995741935622957,5.302826404571533,700400.0
2022-01-25,5.250397325484609,5.310316208758631,5.130559201791847,5.220437526702881,477600.0
2022-01-26,5.287847506219735,5.617401787263218,5.257888058592581,5.340276718139648,648000.0
2022-01-27,5.475093385890627,5.475093385890627,5.175498598798316,5.242907524108887,413300.0
2022-01-28,5.265377279439483,5.302826404571533,5.130559428958854,5.302826404571533,424300.0
2022-01-31,5.325296841474767,5.50505352207816,5.317806801210571,5.49756383895874,275400.0
2022-02-01,5.535012615765821,5.535012615765821,5.407684796554963,5.452624320983887,604000.0
2022-02-02,5.497562646905558,5.535011768672002,5.41517400758786,5.4676032066345215,640500.0
2022-02-03,5.422664665675323,5.422664665675323,5.280357477331512,5.295337200164795,540300.0
2022-02-04,5.317805767478926,5.3552552472305255,5.25788688559213,5.31031608581543,587500.0
2022-02-07,5.340275526758827,5.37772464936572,5.287846326535528,5.31031608581543,331700.0
2022-02-08,5.31780636107763,5.39270497179666,5.287846916790017,5.3327860832214355,352800.0
2022-02-09,5.392704728890586,5.437644250442521,5.317806121545249,5.355255603790283,1112300.0
2022-02-10,5.347765569016832,5.415174494257147,5.272866961608001,5.302826404571533,403400.0
2022-02-11,5.302826534810328,5.340276018006878,5.153029316313606,5.205458164215088,320200.0
2022-02-14,5.16800917256709,5.190478577353588,5.078130839131601,5.09311056137085,441500.0
2022-02-15,5.145539507733475,5.23541784286499,5.145539507733475,5.23541784286499,234300.0
2022-02-16,5.23541855416235,5.26537836042136,5.175499655933938,5.250398635864258,245000.0
2022-02-17,5.227927571447606,5.242907292282625,5.093110083932436,5.100599765777588,229800.0
2022-02-18,5.1305596957158075,5.145539417976425,5.0406813621521,5.0406813621521,256800.0
2022-02-22,5.018211608833132,5.0556610931215635,4.905863870257343,4.980762481689453,303300.0
2022-02-23,5.018212103960249,5.048171551489074,4.905864354299553,4.920844078063965,261100.0
2022-02-24,4.681166782606354,5.010720966959203,4.651207343769248,4.988251209259033,695500.0
2022-02-25,5.040681346651957,5.153029441833496,4.9882521403286395,5.153029441833496,378400.0
2022-02-28,5.093109845997811,5.220437288574762,5.093109845997811,5.182988166809082,281700.0
2022-03-01,5.1829881666341535,5.227927327038272,5.085619807186213,5.130558967590332,325600.0
2022-03-02,5.1455402068197325,5.26537836042136,5.12307079855648,5.250398635864258,234800.0
2022-03-03,5.2728670922355265,5.317806257794127,5.175498721619521,5.197968482971191,209900.0
2022-03-04,5.190477968789293,5.190477968789293,5.070640204925841,5.138049125671387,197200.0
2022-03-07,5.093110585012045,5.1380497519383885,4.920843599888689,4.928333282470703,228700.0
2022-03-08,4.9058638775799075,5.093110585012045,4.9058638775799075,4.928333282470703,372400.0
2022-03-09,5.025701515727665,5.153029330369562,5.025701515727665,5.085620403289795,295200.0
2022-03-10,5.063150760305864,5.11557960587841,4.988251797239842,5.108089923858643,208600.0
2022-03-11,5.1380498646417205,5.190478715300107,4.988252281123343,4.995742321014404,234100.0
2022-03-14,4.988252548581118,5.0556614826359265,4.830965273883085,4.86092472076416,312700.0
2022-03-15,4.87590453991551,4.995742321014404,4.87590453991551,4.995742321014404,192000.0
2022-03-16,5.055661060724252,5.235417727009413,5.055661060724252,5.212948322296143,287600.0
2022-03-17,5.22043798071709,5.392704963684082,5.205458258595819,5.392704963684082,260000.0
2022-03-18,5.407684671266621,5.5050530433654785,5.377725227104626,5.5050530433654785,271100.0
2022-03-21,5.505052939295566,5.549992104689009,5.347765681846143,5.370235443115234,288100.0
2022-03-22,5.422665445375861,5.54250360241788,5.40768572038871,5.520033836364746,205700.0
2022-03-23,5.52752302895548,5.647360810457574,5.4376446928289095,5.594931602478027,371200.0
2022-03-24,5.594931485527718,5.624891287421756,5.5350125960291505,5.579951763153076,182900.0
2022-03-25,5.602421526665835,5.669830455940685,5.535012597390984,5.57246208190918,265000.0
2022-03-28,5.5649721571025035,5.6024216423942885,5.452624415516671,5.594931602478027,365100.0
2022-03-29,5.624891744064797,5.729749809199936,5.624891744064797,5.684810638427734,228300.0
2022-03-30,5.669830799102783,5.759709138812566,5.632381312317986,5.669830799102783,189800.0
2022-03-31,5.692300930953578,5.729750422511391,5.624892346152262,5.647361755371094,149000.0
2022-04-01,5.639870638524256,5.714769245466898,5.617400877869098,5.699789524078369,225200.0
2022-04-04,5.722259404797187,5.7671985727104795,5.6773202368838955,5.707279682159424,326400.0
2022-04-05,5.737240106536062,5.737240106536062,5.617402304982772,5.647361755371094,265600.0
2022-04-06,5.609910369268983,5.609910369268983,5.445133447780654,5.527522087097168,206100.0
2022-04-07,5.490073798694544,5.542503009109589,5.407685141512267,5.49756383895874,291500.0
2022-04-08,5.4900733212844814,5.542502527140346,5.445134155041488,5.5050530433654785,128000.0
2022-04-11,5.482583764436493,5.497563486860715,5.445134279803561,5.460114002227783,122000.0
2022-04-12,5.497563129899438,5.520032533504437,5.377725001142097,5.422664165496826,176500.0
2022-04-13,5.392705556079379,5.467604532058226,5.3702361490015535,5.407685279846191,207700.0
2022-04-14,5.415174741916268,5.422664424427321,5.257887480591936,5.272867202758789,166900.0
2022-04-18,5.242907524108887,5.272866967103645,5.175498598798316,5.242907524108887,294500.0
2022-04-19,5.242907508077911,5.422664165496826,5.212948065174759,5.422664165496826,201300.0
2022-04-20,5.460114129409515,5.460114129409515,5.347766030038565,5.415174961090088,126800.0
2022-04-21,5.461001502812801,5.552654586258226,5.384623933274947,5.415174961090088,205000.0
2022-04-22,5.384624144734784,5.438088263412385,5.254782089322908,5.277695178985596,197800.0
2022-04-25,5.201317313726238,5.231868341021787,5.124939745487368,5.224230766296387,150200.0
2022-04-26,5.193679607956531,5.231868209013924,5.048562049865723,5.048562049865723,130400.0
2022-04-27,5.071475614838641,5.147853188336798,5.002735980788798,5.025649070739746,143700.0
2022-04-28,5.0638378618640125,5.178404400188856,4.987460291046445,5.124939918518066,132300.0
2022-04-29,5.102026303567387,5.1631287224830045,4.9339956530911175,4.9645466804504395,192100.0
2022-05-02,4.9492720794943805,5.002736569331373,4.872894497010849,4.979823112487793,158100.0
2022-05-03,4.9798221941301,5.025648735169082,4.956908741512122,4.9645466804504395,178700.0
2022-05-04,4.956908293887577,4.972184170384751,4.834704195485707,4.926357269287109,319100.0
2022-05-05,4.9339950591431485,4.9339950591431485,4.681948931671245,4.750688552856445,303900.0
2022-05-06,4.720137904065941,4.720137904065941,4.5291938087917964,4.559744834899902,399200.0
2022-05-09,4.4833671424698345,4.529193680332236,4.406989579365833,4.429903030395508,475600.0
2022-05-10,4.491005600816095,4.5368321439839745,4.322974578336879,4.414628028869629,304300.0
2022-05-11,4.345888284523158,4.445179315921045,4.2618727684021,4.2618727684021,162800.0
2022-05-12,4.208407738515384,4.353524920218664,4.139667752510827,4.246596336364746,365500.0
2022-05-13,4.300060981342397,4.384076118469238,4.300060981342397,4.384076118469238,242800.0
2022-05-16,4.3764394222294305,4.46809251613443,4.322974935353004,4.437541484832764,213800.0
2022-05-17,4.47572969520109,4.575020347953956,4.437540730467477,4.559744834899902,232600.0
2022-05-18,4.513917734115934,4.544468756422882,4.330611600274252,4.353524684906006,179100.0
2022-05-19,4.353525166343731,4.460454120439775,4.300061053492663,4.376438617706299,194300.0
2022-05-20,4.384077301010407,4.422266274875854,4.223684557687848,4.315337657928467,308500.0
2022-05-23,4.330611600274252,4.391713644888147,4.300060577967305,4.353524684906006,275100.0
2022-05-24,4.353524817934821,4.353524817934821,4.2084076396409955,4.292422771453857,303900.0
2022-05-25,4.292423014570825,4.429902991136595,4.261871989599975,4.42226505279541,344900.0
2022-05-26,4.437540402880137,4.5597444982912325,4.437540402880137,4.5215559005737305,188600.0
2022-05-27,4.55210723473611,4.636122738156902,4.55210723473611,4.620847225189209,199600.0
2022-05-31,4.651398729041954,4.651398729041954,4.552107702451612,4.597934246063232,204800.0
2022-06-01,4.6284844158054534,4.659035439207713,4.506280322196415,4.552106857299805,177800.0
2022-06-02,4.5215574209256735,4.704863625678147,4.5215574209256735,4.674312591552734,230800.0
2022-06-03,4.628484830068032,4.659035856204696,4.575020352230392,4.582658290863037,174600.0
2022-06-06,4.666673419830431,4.758326490875318,4.62848445812993,4.750688552856445,402900.0
2022-06-07,4.704863625678147,4.765965693928972,4.636123980994497,4.674312591552734,291800.0
2022-06-08,4.720139142740853,4.727777083370733,4.636123980994497,4.674312591552734,296000.0
2022-06-09,4.651398211783827,4.674311298943094,4.597933734750616,4.613209247589111,167600.0
2022-06-10,4.513918132923915,4.57502018293622,4.429902996255469,4.445178508758545,209900.0
2022-06-13,4.36116303408316,4.37643854667797,4.13966791935994,4.1702189445495605,402800.0
2022-06-14,4.200770039213257,4.200770039213257,4.063290423586272,4.139667987823486,222800.0
2022-06-15,4.1473069190979,4.231322449346188,4.078567270892095,4.1473069190979,230200.0
2022-06-16,4.086203688192789,4.1243926540681395,3.8876220125530883,3.933448553085327,383700.0
2022-06-17,3.857071020131193,3.9563616767432386,3.8494330812088196,3.91817307472229,438800.0
2022-06-21,4.032739600588232,4.093841655049164,3.9792751208364296,4.025101661682129,304300.0
2022-06-22,3.994550200457598,4.093841210267474,3.9563612384701274,4.032739162445068,348800.0
2022-06-23,4.048014777817116,4.216045413621487,4.032739265471264,4.200769901275635,269300.0
2022-06-24,4.261872027369754,4.437540604607434,4.238958940537028,4.429903030395508,265200.0
2022-06-27,4.483367443084717,4.513918470374799,4.414627813780519,4.483367443084717,211600.0
2022-06-28,4.544468879699707,4.620846801735876,4.513917856564009,4.544468879699707,376300.0
2022-06-29,4.536831922940847,4.559745011309922,4.468091929439676,4.483367443084717,179000.0
2022-06-30,4.460454425400688,4.506280967062026,4.391714430810191,4.452816486358643,190900.0
2022-07-01,4.483367810322163,4.529194355010986,4.429903690283703,4.529194355010986,137000.0
2022-07-05,4.483367273820401,4.582658290863037,4.437540734615406,4.582658290863037,192800.0
2022-07-06,4.597934573847774,4.6743121519787305,4.575021118309977,4.659036636352539,219800.0
2022-07-07,4.720137635539482,4.735413147724517,4.6590355867993365,4.727775573730469,152000.0
2022-07-08,4.704862630071675,4.735413657732117,4.651398513764392,4.689587116241455,132600.0
2022-07-11,4.681950129459932,4.704863220984571,4.613210126491968,4.643761157989502,157500.0
2022-07-12,4.6437603387956745,4.674311364903781,4.513918295737743,4.559744834899902,147000.0
2022-07-13,4.468091426732911,4.567382436352892,4.452815914806523,4.5215559005737305,124100.0
2022-07-14,4.475729903702999,4.491005417468663,4.4299033624060105,4.46809196472168,96800.0
2022-07-15,4.529194248547304,4.597934246063232,4.5062811588399905,4.597934246063232,75100.0
2022-07-18,4.636122353754482,4.681948888857871,4.544468919350776,4.552106857299805,171000.0
2022-07-19,4.590296599141716,4.674311745684608,4.582658659894005,4.628485202789307,205500.0
2022-07-20,4.666673992415311,4.72013810831956,4.628485026029154,4.704862594604492,143100.0
2022-07-21,4.751522868411921,4.751522868411921,4.681533052726605,4.7281928062438965,122200.0
2022-07-22,4.759299204646662,4.7748524554794125,4.7126394521484105,4.767076015472412,117200.0
2022-07-25,4.8137353407717445,4.8137353407717445,4.681532535016437,4.704862594604492,77100.0
2022-07-26,4.697086139672771,4.704862950396461,4.611543075805905,4.650426387786865,114100.0
2022-07-27,4.658202642169235,4.805958702665951,4.650426202574003,4.782629013061523,154400.0
2022-07-28,4.790405973002301,4.829289287658253,4.728192966207794,4.805959224700928,151600.0
2022-07-29,4.837065241146514,4.977044863161053,4.80595874088078,4.930385112762451,186200.0
2022-08-01,4.9070552746838665,4.992598339703296,4.868172332997762,4.945938587188721,181100.0
2022-08-02,4.945938379526529,5.008151380267195,4.914831879156195,4.984821319580078,107500.0
2022-08-03,4.984821849894797,5.12480148727189,4.9381620943753575,5.101471424102783,160200.0
2022-08-04,5.132577374313346,5.132577374313346,5.039257873337531,5.10924768447876,135200.0
2022-08-05,5.023705164903717,5.140354739111703,4.977045409384278,5.101471424102783,206000.0
2022-08-08,5.093694657218522,5.218120663964548,5.093694657218522,5.124801158905029,137800.0
2022-08-09,5.101470423400211,5.101470423400211,5.023704179455743,5.078140735626221,144800.0
2022-08-10,5.1481301403743265,5.241449632574892,5.1481301403743265,5.194789886474609,127900.0
2022-08-11,5.225896438796722,5.358099239546268,5.225896438796722,5.257003307342529,235800.0
2022-08-12,5.311439639877367,5.365876197814941,5.288109951346058,5.365876197814941,121500.0
2022-08-15,5.319215662731395,5.36587540370745,5.225895809960629,5.233672618865967,172900.0
2022-08-16,5.218120663964548,5.272557227325309,5.117024348074027,5.124801158905029,146200.0
2022-08-17,5.0703642079011395,5.109247517445913,4.907054901123047,4.907054901123047,250400.0
2022-08-18,4.922608585316369,4.961491898293534,4.844842330180794,4.883725643157959,155300.0
2022-08-19,4.813736035959626,4.852618979796808,4.790405973002301,4.805959224700928,193100.0
2022-08-22,4.7670764086849315,4.7670764086849315,4.64265002094086,4.681533336639404,119700.0
2022-08-23,4.681533187841358,4.728192942705307,4.642649873378684,4.658203125,89900.0
2022-08-24,4.65820305111644,4.72041642743371,4.650426610838508,4.665979862213135,173400.0
2022-08-25,4.697085533850351,4.7204155921936035,4.665979036605146,4.7204155921936035,77600.0
2022-08-26,4.728192264983808,4.735969075089152,4.526000022888184,4.526000022888184,180700.0
2022-08-29,4.479339766872317,4.525999509758236,4.424903214762741,4.432679653167725,268000.0
2022-08-30,4.4326806232785945,4.4482338743111285,4.339361117083389,4.347137928009033,188800.0
2022-08-31,4.35491462292438,4.424904442075304,4.331584930419922,4.331584930419922,164900.0
2022-09-01,4.300478247963437,4.347138001853647,4.246041683015479,4.339361190795898,113300.0
2022-09-02,4.362690727423967,4.417126914993328,4.2849244803115125,4.316030979156494,108900.0
2022-09-06,4.347138289744446,4.3549147304984315,4.238265152638366,4.292701721191406,105400.0
2022-09-07,4.261594219421949,4.370466960235502,4.261594219421949,4.354913711547852,204100.0
2022-09-08,4.323807411010993,4.424903717492413,4.277147662823887,4.401573657989502,119800.0
2022-09-09,4.44045629658038,4.510446093705108,4.432679487647117,4.479339599609375,146700.0
2022-09-12,4.533776983347718,4.549330234527588,4.510447291987293,4.549330234527588,155700.0
2022-09-13,4.4948937832395535,4.580436474417662,4.354914159823126,4.386020660400391,273100.0
2022-09-14,4.417126655578613,4.417126655578613,4.3626904712062515,4.417126655578613,62600.0
2022-09-15,4.393797245619965,4.432680183938081,4.339360686992141,4.370467185974121,100200.0
2022-09-16,4.300478235228952,4.331584737730314,4.25381811065815,4.2849249839782715,117900.0
2022-09-19,4.214934842944197,4.30047790363644,4.214934842944197,4.269371032714844,199500.0
2022-09-20,4.214934122025006,4.22271056031128,4.168274379851356,4.199380874633789,105800.0
2022-09-21,4.191604111662081,4.261593911102204,4.137167930603027,4.137167930603027,73000.0
2022-09-22,4.137168075448118,4.144944514092239,4.028294967880944,4.03607177734375,172400.0
2022-09-23,3.958305609690907,3.98163529687151,3.8883158065117147,3.9427523612976074,263000.0
2022-09-26,3.9271994504924534,3.9971888888693545,3.880539330482888,3.903869390487671,159600.0
2022-09-27,3.966082922034815,4.004966236991722,3.8261036556637418,3.857210159301758,263800.0
2022-09-28,3.880539424586948,4.020519046372739,3.8649861744794975,3.989412546157837,168000.0
2022-09-29,3.94275231632005,3.94275231632005,3.8416560175075314,3.864985704421997,181000.0
2022-09-30,3.841656505564926,3.9505292569076107,3.826103255373114,3.849432945251465,139700.0
2022-10-03,3.888316684309641,4.036072762811661,3.8805398729480096,4.0049662590026855,193400.0
2022-10-04,4.090509043000489,4.238264740320945,4.082732232184282,4.230488300323486,298000.0
2022-10-05,4.176051616668701,4.19160486703396,4.051625613746632,4.176051616668701,195100.0
2022-10-06,4.137168254379533,4.207157688478387,4.106061756820331,4.113838195800781,110000.0
2022-10-07,4.0827320612885964,4.1060621219419176,3.9660824996594615,3.9738593101501465,117400.0
2022-10-10,3.966082557067189,3.9738593676704403,3.8960931157316208,3.9116463661193848,164800.0
2022-10-11,3.8960927987895033,3.9505289853089938,3.8494326806032126,3.8805391788482666,77800.0
2022-10-12,3.87276222531465,3.896092281309089,3.841655731201172,3.841655731201172,117500.0
2022-10-13,3.802773561598906,3.927199945957818,3.748337366084479,3.8883166313171387,302500.0
2022-10-14,3.927199392624146,3.9349758319653367,3.763890087453243,3.7716665267944336,135200.0
2022-10-17,3.950529306679425,3.950529306679425,3.8883163051283693,3.9116463661193848,227900.0
2022-10-18,4.012742250147369,4.036072310800689,3.927199559662239,3.9738593101501465,183900.0
2022-10-19,3.9583054052153965,3.9583054052153965,3.872762358061831,3.896092414855957,130100.0
2022-10-20,3.8261024841444327,3.950528460598346,3.8261024841444327,3.841655731201172,151000.0
2022-10-21,3.8183258060879854,3.903868853241551,3.8105493677023916,3.896092414855957,370900.0
2022-10-24,3.9271994783234105,3.9271994783234105,3.8494328583021735,3.87276291847229,479500.0
2022-10-25,3.888316684309641,4.012742699545542,3.888316684309641,4.0049662590026855,131900.0
2022-10-26,3.9583067625627644,4.090509597819731,3.9583067625627644,4.043849468231201,178100.0
2022-10-27,4.090508331127337,4.129391265985312,4.028294967880944,4.03607177734375,168700.0
2022-10-28,4.067178131162904,4.152721178165424,4.05940132197237,4.137167930603027,241200.0
2022-10-31,4.1993817986961535,4.230488300323486,4.137168795441489,4.230488300323486,395100.0
2022-11-01,4.292701703391375,4.292701703391375,4.121615928506475,4.1449456214904785,320300.0
2022-11-02,4.152722337504705,4.18382884131368,4.0049662590026855,4.0049662590026855,168600.0
2022-11-03,4.004965899112695,4.012742338956753,3.9271996465784054,3.9505293369293213,332100.0
2022-11-04,3.9816358074549525,4.0127423082304805,3.833879743361826,3.9116463661193848,380700.0
2022-11-07,3.9660820484782104,4.043848290444706,3.89609261611771,3.9427523612976074,293900.0
2022-11-08,3.950528610036198,4.028294848261581,3.8883156194558914,3.9660818576812744,378900.0
2022-11-09,3.9660818436009904,3.9660818436009904,3.872762358061831,3.896092414855957,215900.0
2022-11-10,4.059401834903359,4.160498142242432,4.0360721460212465,4.160498142242432,264500.0
2022-11-11,4.1993816207225665,4.253817810853969,4.1993816207225665,4.238264560699463,140400.0
2022-11-14,4.246040663539807,4.269370349474067,4.137167930603027,4.137167930603027,289400.0
2022-11-15,4.238264532611979,4.339360843355655,4.238264532611979,4.269371032714844,454500.0
2022-11-16,4.269370302484929,4.269370302484929,4.160497570746414,4.199380874633789,239700.0
2022-11-17,4.120148261019802,4.159765223801195,4.096378385603253,4.143918514251709,168900.0
2022-11-18,4.151841163635254,4.167688249028741,4.112224583597469,4.151841163635254,229900.0
2022-11-21,4.159765647913778,4.159765647913778,4.088455258762901,4.096378803253174,203400.0
2022-11-22,4.1359936784235884,4.199380874633789,4.088453564627368,4.199380874633789,221100.0
2022-11-23,4.199381831470002,4.24692195609832,4.1914582884576195,4.2389984130859375,160800.0
2022-11-25,4.23899797440519,4.23899797440519,4.207304561266164,4.231074810028076,66100.0
2022-11-28,4.231075184084079,4.238998349161655,4.159764809309303,4.191458225250244,181300.0
2022-11-29,4.207304829066526,4.223151536644702,4.151841163635254,4.151841163635254,160400.0
2022-11-30,4.151841390247549,4.294462144050851,4.151841390247549,4.286538600921631,215500.0
2022-12-01,4.3340779202675215,4.389541578411809,4.318231214771334,4.357848167419434,186400.0
2022-12-02,4.310308440435531,4.342001854291908,4.286538191135601,4.334078311920166,184800.0
2022-12-05,4.381618166426922,4.381618166426922,4.199380874633789,4.199380874633789,215800.0
2022-12-06,4.215228815202059,4.231075524447297,4.096378306955102,4.120148181915283,174800.0
2022-12-07,4.120147265973825,4.17561092490982,4.112224102020264,4.112224102020264,154300.0
2022-12-08,4.135994990185628,4.207305372404205,4.120148280560984,4.159765243530273,97800.0
2022-12-09,4.1439179498651795,4.159764657256401,4.080531120300293,4.080531120300293,198200.0
2022-12-12,4.080531168441117,4.175611413910174,4.056760918166197,4.151841163635254,229400.0
2022-12-13,4.310308723936431,4.334078596984476,4.167688352202199,4.191458225250244,175000.0
2022-12-14,4.17561149597168,4.238998327530099,4.143918080192471,4.17561149597168,210000.0
2022-12-15,4.120147677684695,4.1280712202452925,4.0488376837158375,4.0646843910217285,180600.0
2022-12-16,4.048837556051386,4.064684262857612,3.9696040220202544,4.009220600128174,175300.0
2022-12-19,4.009220423172514,4.009220423172514,3.9220633506774902,3.9220633506774902,191600.0
2022-12-20,3.906217690829726,3.9696049100501116,3.906217690829726,3.961681365966797,173500.0
2022-12-21,4.009220616024848,4.0329908652360835,3.969604037759847,3.9854507446289062,213800.0
2022-12-22,3.9616803048521216,3.9616803048521216,3.8824467743181343,3.9220633506774902,203400.0
2022-12-23,3.922063848674309,3.953757264912117,3.890370432436501,3.937910556793213,235900.0
2022-12-27,3.9062167920976623,3.9458337477685164,3.850753507536815,3.8586766719818115,314000.0
2022-12-28,3.8507541818081883,3.906217476080721,3.82698392868042,3.82698392868042,267000.0
2022-12-29,3.858676328597787,3.953756560368289,3.8428296233027037,3.914139986038208,204400.0
2022-12-30,3.882446751287371,3.9379100334245147,3.8666000452745766,3.906216621398926,221300.0
2023-01-03,3.9220633506774902,3.953756762891085,3.8982934804249316,3.9220633506774902,203700.0
2023-01-04,3.953756915149338,4.00129741311578,3.937910208432288,3.9933738708496094,108100.0
2023-01-05,3.953757019664978,3.953757019664978,3.8824470264608513,3.8982937335968018,147900.0
2023-01-06,3.9379102462064357,3.993373909155789,3.8982936679414353,3.9854507446289062,238700.0
2023-01-09,4.0250673069344005,4.064684262857612,3.9854507288264807,4.009220600128174,191600.0
2023-01-10,4.032991430451036,4.096378266810798,4.009221177908451,4.088454723358154,330500.0
2023-01-11,4.120148261019802,4.159765223801195,4.096378385603253,4.143918514251709,149300.0
2023-01-12,4.167687465436309,4.199380874633789,4.128070515031839,4.199380874633789,205700.0
2023-01-13,4.17561149597168,4.199381746713746,4.159764788082075,4.17561149597168,178800.0
2023-01-17,4.215228103458563,4.231074810028076,4.191457854696651,4.231074810028076,282000.0
2023-01-18,4.262768153749661,4.262768153749661,4.159764373817559,4.183534622192383,366100.0
2023-01-19,4.167350840547547,4.167350840547547,4.086431485419753,4.1026153564453125,182700.0
2023-01-20,4.110706573735788,4.1592581806081945,4.110706573735788,4.1511664390563965,176800.0
2023-01-23,4.167350469292561,4.288729684097953,4.167350469292561,4.27254581451416,248000.0
2023-01-24,4.280638275384223,4.288730404462272,4.207810657097588,4.232086658477783,183000.0
2023-01-25,4.223994255065918,4.2320863836184115,4.151167027363111,4.223994255065918,151800.0
2023-01-26,4.27254581451416,4.27254581451416,4.232085947627733,4.27254581451416,115400.0
2023-01-27,4.26445368679532,4.296821425962906,4.256361944930367,4.27254581451416,156400.0
2023-01-30,4.256362162923324,4.28872990374865,4.232086164377376,4.248270034790039,169600.0
2023-01-31,4.256362816301198,4.337282180786133,4.256362816301198,4.337282180786133,130000.0
2023-02-01,4.345373375632403,4.4182009874001364,4.304913891425597,4.402017116546631,205600.0
2023-02-02,4.45866122474064,4.5476723288402034,4.450569095720343,4.499120712280273,271300.0
2023-02-03,4.450569172147176,4.4748451737709924,4.385833682288941,4.434385299682617,259600.0
2023-02-06,4.369649631154882,4.393925245932143,4.337281887549241,4.345373630523682,216700.0
2023-02-07,4.3372818141677625,4.410109043121338,4.313005813947282,4.410109043121338,236900.0
2023-02-08,4.41010906156863,4.426292933165335,4.377741318375218,4.393925189971924,99500.0
2023-02-09,4.410108479377519,4.4262923488377455,4.296821393155933,4.304913520812988,194200.0
2023-02-10,4.280637523695706,4.3130052626161595,4.256361912432308,4.304913520812988,175000.0
2023-02-13,4.313006158949625,4.377741650243928,4.288730542641243,4.353466033935547,167600.0
2023-02-14,4.345373593492704,4.410109080152315,4.3291897218278015,4.37774133682251,259600.0
2023-02-15,4.345373070841862,4.434384547219712,4.345373070841862,4.426292419433594,275200.0
2023-02-16,4.353465593169646,4.434384949094859,4.313005722280077,4.3210978507995605,313800.0
2023-02-17,4.296821851095034,4.329189593465119,4.280637979909992,4.3210978507995605,167300.0
2023-02-21,4.304914276764418,4.3210981490665645,4.207810657097588,4.232086658477783,356500.0
2023-02-22,4.240178108215332,4.313005721461159,4.23208636555131,4.240178108215332,263700.0
2023-02-23,4.288729684097953,4.288729684097953,4.199718208460148,4.27254581451416,76000.0
2023-02-24,4.191626347108722,4.232086216566272,4.191626347108722,4.199718475341797,84400.0
2023-02-27,4.223994255065918,4.264454126120531,4.2078103838148575,4.223994255065918,104500.0
2023-02-28,4.23208636555131,4.272546236433197,4.23208636555131,4.240178108215332,120600.0
2023-03-01,4.24827023673328,4.24827023673328,4.19971862318737,4.240178108215332,75300.0
2023-03-02,4.232085963968379,4.264453703260942,4.183534355029536,4.256361961364746,110000.0
2023-03-03,4.26445365423548,4.329189132076386,4.256361912432308,4.304913520812988,202700.0
2023-03-06,4.329189132076386,4.361556870996839,4.280637523695706,4.304913520812988,186500.0
2023-03-07,4.313006019988515,4.313006019988515,4.207810657097588,4.232086658477783,128800.0
2023-03-08,4.232086658477783,4.264454403082076,4.191626784795441,4.232086658477783,73400.0
2023-03-09,4.248270158943538,4.2644540298291655,4.126890934374368,4.134983062744141,113300.0
2023-03-10,4.134982384955583,4.151166253188421,4.0216949214718625,4.045970916748047,217800.0
2023-03-13,3.997419595718384,4.062155073243559,3.9650518569557964,3.997419595718384,193200.0
2023-03-14,4.062155521635665,4.118799263649629,4.0459716504679495,4.070247650146484,86900.0
2023-03-15,3.989328796375335,4.0459725509967335,3.989328796375335,4.0378804206848145,242700.0
2023-03-16,4.013603872877779,4.12689097005669,4.013603872877779,4.1026153564453125,162700.0
2023-03-17,4.102614928168226,4.110706669909337,4.021695195633822,4.054063320159912,139800.0
2023-03-20,4.05406377897877,4.110707135138809,4.0459716504679495,4.070247650146484,106300.0
2023-03-21,4.118799356563235,4.167350971161627,4.118799356563235,4.159258842468262,90200.0
2023-03-22,4.167350405512643,4.175442147253755,4.054063320159912,4.054063320159912,198700.0
2023-03-23,4.086431485419753,4.167350840547547,4.062155485954455,4.1026153564453125,140300.0
2023-03-24,4.110706806182861,4.110706806182861,4.05406345455566,4.110706806182861,169000.0
2023-03-27,4.1511664390563965,4.167350308013865,4.118798701141459,4.1511664390563965,146300.0
2023-03-28,4.134983062744141,4.151166933629769,4.118799191858512,4.134983062744141,88900.0
2023-03-29,4.183534639790841,4.183534639790841,4.143074769994205,4.167350769042969,85800.0
2023-03-30,4.199718714227221,4.215902585760019,4.159258842468262,4.159258842468262,128700.0
2023-03-31,4.191626080741307,4.27254581451416,4.191626080741307,4.27254581451416,97500.0
2023-04-03,4.264454403082076,4.272546532160125,4.215902786175637,4.232086658477783,187200.0
2023-04-04,4.20781021772096,4.24827008717851,4.199718475341797,4.199718475341797,137200.0
2023-04-05,4.191626121707581,4.1997182495055085,4.126890642739725,4.1430745124816895,127000.0
2023-04-06,4.134983062744141,4.159258676145623,4.118799191858512,4.134983062744141,115700.0
2023-04-10,4.110707011206361,4.199718492872175,4.110707011206361,4.183534622192383,104900.0
2023-04-11,4.207810657097588,4.240178401701881,4.207810657097588,4.232086658477783,131600.0
2023-04-12,4.232086216566272,4.264453957790748,4.191626347108722,4.199718475341797,237900.0
2023-04-13,4.215901334081455,4.2806368009930305,4.215901334081455,4.264452934265137,77300.0
2023-04-14,4.2320863836184115,4.264454126120531,4.215902512367351,4.223994255065918,109200.0
2023-04-17,4.240177705864576,4.272545831011027,4.240177705864576,4.256361961364746,183600.0
2023-04-18,4.288730107615167,4.288730107615167,4.23208636555131,4.240178108215332,130500.0
2023-04-19,4.232086164377376,4.248270034790039,4.2239940362440915,4.248270034790039,181800.0
2023-04-20,4.248270110179895,4.264800328736568,4.21520967306655,4.223474979400635,166100.0
2023-04-21,4.264800146044008,4.264800146044008,4.215209492498319,4.240005016326904,129200.0
2023-04-24,4.248270216835444,4.2565355233770354,4.223475085433686,4.2317399978637695,178700.0
2023-04-25,4.198678914178173,4.206944219448589,4.107762526760834,4.11602783203125,221800.0
2023-04-26,4.1077627066258415,4.132558229411354,4.082967577951794,4.0994977951049805,109100.0
2023-04-27,4.124293154236474,4.165618896484375,4.091232718082748,4.165618896484375,177800.0
2023-04-28,4.1573547558796164,4.215210332827728,4.149089448251852,4.206945419311523,92000.0
2023-05-01,4.198679150771498,4.231739585493205,4.173884021785952,4.1821489334106445,91000.0
2023-05-02,4.190414003019204,4.190414003019204,4.082967399172481,4.11602783203125,127200.0
2023-05-03,4.124292743190218,4.165618481319404,4.099497615601865,4.11602783203125,184400.0
2023-05-04,4.116028002721366,4.116028002721366,4.0581720457635315,4.074702262878418,188700.0
2023-05-05,4.082967409552162,4.1656184919092,4.082967409552162,4.1408233642578125,208100.0
2023-05-08,4.1490890362170285,4.157354343023988,4.099498377709835,4.107763290405273,140800.0
2023-05-09,4.11602783203125,4.124292743190218,4.099497615601865,4.11602783203125,77000.0
2023-05-10,4.157353688226092,4.190414122023752,4.132558165822117,4.149088382720947,89100.0
2023-05-11,4.173885053140981,4.173885053140981,4.124293994693142,4.157354831695557,88800.0
2023-05-12,4.173883905124922,4.190414122023752,4.132558165822117,4.149088382720947,114800.0
2023-05-15,4.165619745362485,4.173885053140981,4.1408246102501325,4.157354831695557,133500.0
2023-05-16,4.140823940213676,4.157354158984306,4.124293327331543,4.124293327331543,166200.0
2023-05-17,4.132559302471638,4.182149966807909,4.124293994693142,4.157354831695557,125300.0
2023-05-18,4.15735464790717,4.21521022335269,4.132559119779412,4.173884868621826,381400.0
2023-05-19,4.190414239146806,4.215209368132351,4.16561871604979,4.1821489334106445,145700.0
2023-05-22,4.182149048469083,4.2234747900638965,4.182149048469083,4.215209484100342,215600.0
2023-05-23,4.206945496031828,4.215210409698757,4.157354831695557,4.157354831695557,213700.0
2023-05-24,4.140823651659775,4.149088563413398,4.10776282231086,4.132558345794678,129400.0
2023-05-25,4.157353984501687,4.17388420257855,4.140823766424823,4.165618896484375,122600.0
2023-05-26,4.240005130429786,4.314390915694375,4.231739824227336,4.273065567016602,690000.0
2023-05-30,4.330920469442441,4.330920469442441,4.256534695591758,4.289595127105713,328100.0
2023-05-31,4.306126187083569,4.314391099526687,4.198679566542468,4.256535530090332,165500.0
2023-06-01,4.297860697400967,4.297860697400967,4.231739824227336,4.273065567016602,256800.0
2023-06-02,4.30612669957982,4.33918714151002,4.28959647861472,4.314391613006592,158400.0
2023-06-05,4.322656154632568,4.347451678742586,4.306125936596385,4.322656154632568,163400.0
2023-06-06,4.28959647861472,4.33918714151002,4.27306625764962,4.314391613006592,194200.0
2023-06-07,4.330920885829983,4.3887768435975625,4.330920885829983,4.339186191558838,258800.0
2023-06-08,4.35571707658058,4.363982383576401,4.330921549704647,4.347452163696289,167800.0
2023-06-09,4.3805121148149535,4.3805121148149535,4.306125936596385,4.322656154632568,177100.0
2023-06-12,4.339186779910535,4.372247219085693,4.330921473060984,4.372247219085693,217100.0
2023-06-13,4.380512531702911,4.430103190530944,4.380512531702911,4.397042751312256,252400.0
2023-06-14,4.388777732849121,4.430103481643859,4.3557172914579505,4.388777732849121,239300.0
2023-06-15,4.380511814502681,4.463162899017334,4.372246508995486,4.463162899017334,152700.0
2023-06-16,4.521019241956909,4.521019241956909,4.47969388961792,4.47969388961792,209900.0
2023-06-20,4.479694068566426,4.4879589817197685,4.413573186893519,4.438368320465088,124700.0
2023-06-21,4.446632564794434,4.454897475972109,4.397041915394041,4.430102348327637,122900.0
2023-06-22,4.438367259505311,4.438367259505311,4.421837043038514,4.430102348327637,92100.0
2023-06-23,4.413573076834167,4.430103296840187,4.388777549769371,4.405307769775391,94900.0
2023-06-26,4.380512237548828,4.421837586741404,4.380512237548828,4.380512237548828,168200.0
2023-06-27,4.380512636822127,4.430103296840187,4.347452196810087,4.405307769775391,272300.0
2023-06-28,4.397042966475293,4.438368320465088,4.388777659210407,4.438368320465088,91100.0
2023-06-29,4.4466334445784375,4.454898357391357,4.421837917916624,4.454898357391357,124700.0
2023-06-30,4.463163957798392,4.496224399447068,4.454898650330447,4.471428871154785,154200.0
2023-07-03,4.471428871154785,4.504489312803462,4.463163957798392,4.471428871154785,169900.0
2023-07-05,4.463162899017334,4.479693115920265,4.45489759351014,4.463162899017334,122000.0
2023-07-06,4.446633226088802,4.446633226088802,4.372247043869926,4.413572788238525,150500.0
2023-07-07,4.397042569313387,4.43836791957048,4.397042569313387,4.413572788238525,167600.0
2023-07-10,4.397043074501039,4.471428871154785,4.397043074501039,4.471428871154785,122500.0
2023-07-11,4.48795884131298,4.562345027923584,4.479693928418207,4.562345027923584,275700.0
2023-07-12,4.587140849223764,4.6036710701857135,4.570610628261815,4.578875541687012,159000.0
2023-07-13,4.603669750808699,4.620199967033212,4.59540444564072,4.611934661865234,102700.0
2023-07-14,4.628465249510041,4.6615256846120685,4.595404814408014,4.603670120239258,157500.0
2023-07-17,4.603670632346912,4.661526203155518,4.603670632346912,4.661526203155518,161200.0
2023-07-18,4.6449958025916445,4.694586458826859,4.6449958025916445,4.678056240081787,256400.0
2023-07-19,4.669790744781494,4.7193813948257395,4.669790744781494,4.669790744781494,224200.0
2023-07-20,4.678220944677687,4.686649962308189,4.627645231147283,4.644504070281982,196300.0
2023-07-21,4.72036601326708,4.72036601326708,4.636073841982036,4.6613616943359375,243500.0
2023-07-24,4.661362770790884,4.661362770790884,4.61921647444707,4.627645492553711,249600.0
2023-07-25,4.627645123627769,4.652932979805428,4.602357669386947,4.636074542999268,124000.0
2023-07-26,4.636074912597222,4.636074912597222,4.593928616253408,4.627645492553711,167800.0
2023-07-27,4.644504391599561,4.652933409813203,4.560211797841897,4.577070236206055,344400.0
2023-07-28,4.593928674570212,4.602358094720729,4.560211797841897,4.577070236206055,211600.0
2023-07-31,4.577069566195581,4.619215856904864,4.568640549215814,4.610786437988281,183900.0
2023-08-01,4.610786404461201,4.619215823316489,4.577069532913671,4.602357387542725,131400.0
2023-08-02,4.5602112341336,4.568640653242118,4.501206908121277,4.509635925292969,194900.0
2023-08-03,4.501207103158032,4.518065540168717,4.459060809662899,4.475919246673584,362000.0
2023-08-04,4.4759189631022815,4.501206817984621,4.433773074214139,4.442202091217041,295600.0
2023-08-07,4.450631792125979,4.475919246673584,4.442202372652215,4.475919246673584,276100.0
2023-08-08,4.433773074214139,4.442202091217041,4.37476834744656,4.442202091217041,291200.0
2023-08-09,4.425344079287019,4.433773499034399,4.383197784423828,4.383197784423828,483400.0
2023-08-10,4.416913952221211,4.475918675193373,4.383197082504775,4.408484935760498,130600.0
2023-08-11,4.374768766613304,4.408485641729114,4.374768766613304,4.383197784423828,121800.0
2023-08-14,4.391626642683799,4.4253435134887695,4.366338788611669,4.4253435134887695,129200.0
2023-08-15,4.425344079287019,4.433773499034399,4.374768766613304,4.383197784423828,131500.0
2023-08-16,4.3831976106156985,4.391627030028825,4.341051719360587,4.35791015625,219900.0
2023-08-17,4.416914051129024,4.416914051129024,4.3073344230651855,4.3073344230651855,286700.0
2023-08-18,4.2989055131175125,4.324193369931519,4.282047075887124,4.3157639503479,175000.0
2023-08-21,4.34105110168457,4.366338552452189,4.282046379998822,4.34105110168457,201800.0
2023-08-22,4.374768164008102,4.4000556158932955,4.298905004478921,4.3073344230651855,151900.0
2023-08-23,4.3663393468659235,4.383197784423828,4.324193453939589,4.383197784423828,188500.0
2023-08-24,4.40005579492572,4.416914230847396,4.324193034246584,4.332622051239014,206700.0
2023-08-25,4.349480909308019,4.383197784423828,4.324193453939589,4.383197784423828,111700.0
2023-08-28,4.374767923722453,4.408484792342,4.374767923722453,4.391626358032227,152500.0
2023-08-29,4.400055907503898,4.475919072060857,4.391626890295807,4.450631618499756,238300.0
2023-08-30,4.4422021993548375,4.492777508413868,4.4422021993548375,4.450631618499756,214600.0
2023-08-31,4.4674905658916355,4.492778022345385,4.450632127610179,4.459061145782471,154400.0
2023-09-01,4.450631618499756,4.492777508413868,4.450631618499756,4.450631618499756,102800.0
2023-09-05,4.433772823130782,4.459060274644282,4.36633868124226,4.416913986206055,185400.0
2023-09-06,4.408485641729114,4.433773499034399,4.3663393468659235,4.383197784423828,139500.0
2023-09-07,4.349480628967285,4.366339065438599,4.341051611700044,4.349480628967285,136700.0
2023-09-08,4.332622051239014,4.374768342011613,4.332622051239014,4.332622051239014,146100.0
2023-09-11,4.332621874950379,4.349480310186108,4.3073344230651855,4.3073344230651855,215800.0
2023-09-12,4.282046761473662,4.332622069451285,4.2651883254811205,4.273617744445801,365000.0
2023-09-13,4.2567589143223765,4.273617348754005,4.231471061706543,4.231471061706543,389800.0
2023-09-14,4.265188940408171,4.2904767990112305,4.248330501985091,4.2904767990112305,178100.0
2023-09-15,4.290475748441422,4.2989047646205885,4.206183175029099,4.223042011260986,242700.0
2023-09-18,4.2230420454591195,4.239900479890748,4.2230420454591195,4.231471061706543,149900.0
2023-09-19,4.239900479890748,4.2567589143223765,4.2146126272749145,4.231471061706543,126100.0
2023-09-20,4.239900335734319,4.256758769592762,4.2146124839782715,4.2146124839782715,175100.0
2023-09-21,4.172466950085342,4.18932538698104,4.138750076293945,4.138750076293945,111300.0
2023-09-22,4.147178983826101,4.189324869894882,4.1303205490112305,4.1303205490112305,161600.0
2023-09-25,4.130320359547515,4.164037227630615,4.121890941558354,4.164037227630615,125000.0
2023-09-26,4.147179354013632,4.147179354013632,4.0966040450545425,4.121891498565674,124700.0
2023-09-27,4.13874970807319,4.155608143469009,4.113462255947864,4.147179126739502,102700.0
2023-09-28,4.130320250919028,4.180895551713535,4.1218908331515625,4.1556077003479,62300.0
2023-09-29,4.197754095713716,4.197754095713716,4.138749375599904,4.164037227630615,83000.0
2023-10-02,4.1556077003479,4.164037118115366,4.138749266749731,4.1556077003479,78700.0
2023-10-03,4.138750131305624,4.147179550833936,4.0797458023548225,4.088174819946289,118200.0
2023-10-04,4.079745661455208,4.105033115293115,4.037599369142919,4.071316242218018,150000.0
2023-10-05,4.062887528679317,4.0797459664772875,4.037599671013932,4.046029090881348,111900.0
2023-10-06,4.037600084758451,4.105033842860462,4.029171065964152,4.096604824066162,110000.0
2023-10-09,4.079745608734846,4.121891498565674,4.062887172415149,4.121891498565674,82500.0
2023-10-10,4.08817476560685,4.164037932605913,4.08817476560685,4.138750076293945,139700.0
2023-10-11,4.155607368985114,4.172465801239014,4.1218905044773155,4.172465801239014,115800.0
2023-10-12,4.164038130583279,4.172467148463462,4.079745942097152,4.1050333976745605,210700.0
2023-10-13,4.113462842073226,4.121891860003781,4.046029090881348,4.046029090881348,161700.0
2023-10-16,4.054457720509773,4.138749901426819,4.054457720509773,4.113462448120117,176900.0
2023-10-17,4.105033062245977,4.147179354013632,4.0966040450545425,4.121891498565674,190800.0
2023-10-18,4.105032489555955,4.113461907508235,4.037598753684799,4.054457187652588,186400.0
2023-10-19,4.046028217672325,4.071315667943341,3.995452513256743,4.003881931304932,171600.0
2023-10-20,3.9954529322948003,3.9954529322948003,3.9364486075162803,3.9448776245117188,147400.0
2023-10-23,3.9280189172975004,3.970165205174333,3.9111604825341253,3.936448335647583,122700.0
2023-10-24,3.970165531809084,3.987023967959442,3.877443932013705,3.8943023681640625,595400.0
2023-10-25,3.9027320389738955,3.911161056624421,3.801581415546496,3.8100104331970215,194900.0
2023-10-26,3.8015810357955058,3.852156342457091,3.767863762750974,3.793151617050171,329800.0
2023-10-27,3.818439568667695,3.826868585691047,3.767863858780308,3.7762932777404785,155300.0
2023-10-30,3.8100110534306664,3.8521573543548584,3.8100110534306664,3.8521573543548584,170100.0
2023-10-31,3.8605854958633468,3.9027317872076526,3.852156478756579,3.8943023681640625,87300.0
2023-11-01,3.902731735660893,3.9533070434439743,3.8774438808009433,3.9448776245117188,173700.0
2023-11-02,3.987024494937514,4.071316686830478,3.987024494937514,4.062887668609619,199500.0
2023-11-03,4.10503302906,4.155608337610229,4.088174592876591,4.113462448120117,234900.0
2023-11-06,4.155607791459322,4.155607791459322,4.02916973766929,4.054457187652588,111600.0
2023-11-07,4.062887139569889,4.138749901426819,4.0375992843263635,4.113462448120117,206100.0
2023-11-08,4.105033563587663,4.105033563587663,4.054458248451885,4.062887668609619,146600.0
2023-11-09,4.046029072801302,4.062887510523938,3.995453357696533,3.995453357696533,179600.0
2023-11-10,4.012311915305011,4.079745661455208,4.012311915305011,4.071316242218018,173800.0
2023-11-13,4.071316963809457,4.105033842860462,4.062887945015157,4.096604824066162,94200.0
2023-11-14,4.1387491887993395,4.214612339530652,4.1387491887993395,4.19775390625,201000.0
2023-11-15,4.214612910469865,4.282046652727494,4.206183491719257,4.265188217163086,228000.0
2023-11-16,4.265188455002628,4.265188455002628,4.187795791935279,4.213593482971191,140900.0
2023-11-17,4.21359324571402,4.239390525256963,4.204993879172796,4.2307915687561035,130500.0
2023-11-20,4.204993494607234,4.265187824769666,4.204993494607234,4.256588459014893,117400.0
2023-11-21,4.239390525256963,4.265188214840269,4.21359324571402,4.2307915687561035,141100.0
2023-11-22,4.230791181831227,4.265187824769666,4.230791181831227,4.256588459014893,123200.0
2023-11-24,4.256588850617178,4.2737871736686275,4.247989894111637,4.265188217163086,59600.0
2023-11-27,4.247989894111637,4.2737871736686275,4.247989894111637,4.265188217163086,120500.0
2023-11-28,4.273787175958887,4.308184232120584,4.239390529837556,4.299584865570068,432400.0
2023-11-29,4.325382469601492,4.351179748661896,4.282386457780341,4.3081841468811035,155700.0
2023-11-30,4.333981273470325,4.333981273470325,4.282386307124291,4.3167829513549805,184200.0
2023-12-01,4.282386696336957,4.368378314729189,4.282386696336957,4.359779357910156,323000.0
2023-12-04,4.316783190907315,4.351179837046787,4.30818423439263,4.333981513977051,245200.0
2023-12-05,4.308184796450086,4.333982079400091,4.273787735782715,4.290986061096191,365000.0
2023-12-06,4.290985258977113,4.325382313214601,4.27378693687854,4.282386302947998,169300.0
2023-12-07,4.2823873434701865,4.299585669747559,4.247990690915442,4.273787975311279,645300.0
2023-12-08,4.265188778146188,4.290986061096191,4.2479904528327115,4.290986061096191,277500.0
2023-12-11,4.290985414120358,4.316783103221119,4.265188135059953,4.3081841468811035,458200.0
2023-12-12,4.30818399531748,4.35117959558567,4.290985263161792,4.3167829513549805,324600.0
2023-12-13,4.308184703973064,4.445771303527515,4.308184703973064,4.437171936035156,325700.0
2023-12-14,4.488766348120537,4.531762360111186,4.471568025332349,4.514564037322998,249300.0
2023-12-15,4.48016714814701,4.5059644259064395,4.454369460347245,4.462968826293945,173600.0
2023-12-18,4.454369786672936,4.523163489165339,4.454369786672936,4.505964756011963,262300.0
2023-12-19,4.52316411646399,4.574759092958507,4.52316411646399,4.566159725189209,321500.0
2023-12-20,4.548960922621613,4.583357570010631,4.497365951538086,4.497365951538086,233300.0
2023-12-21,4.505965618372924,4.548961639404297,4.505965618372924,4.548961639404297,171600.0
2023-12-22,4.557560681327103,4.609155656846527,4.548961313720324,4.574759006500244,218000.0
2023-12-26,4.56615995710325,4.634953262589932,4.56615995710325,4.617754936218262,145100.0
2023-12-27,4.609155178070068,4.643551824843397,4.60055581135655,4.609155178070068,162200.0
2023-12-28,4.600556135572807,4.6177544601714935,4.574758853694979,4.583357810974121,289000.0
2023-12-29,4.566159640843785,4.5833579660242725,4.497366340121835,4.540362358093262,503600.0
2024-01-02,4.523163400879499,4.53176235724798,4.462969066138694,4.480167388916016,243100.0
2024-01-03,4.462969629973708,4.480167954923802,4.394176330173332,4.402775287628174,360400.0
2024-01-04,4.376977682634583,4.419973286820783,4.359779358952026,4.394176006317139,203200.0
2024-01-05,4.38557696267808,4.437171937528362,4.368378637727986,4.402775287628174,184400.0
2024-01-08,4.394175775029408,4.488766345284497,4.394175775029408,4.480167388916016,244300.0
2024-01-09,4.4457717761406315,4.505965714824487,4.4457717761406315,4.471569061279297,360800.0
2024-01-10,4.471568109785945,4.523163489165339,4.471568109785945,4.505964756011963,370300.0
2024-01-11,4.5145649042427625,4.540362598399086,4.480168252061291,4.52316427230835,256600.0
2024-01-12,4.540362598399086,4.574759250580557,4.497366578152027,4.52316427230835,248900.0
2024-01-16,4.514564275232595,4.52316364210004,4.480167627843577,4.497365951538086,282300.0
2024-01-17,4.47156834584098,4.480167712871631,4.428572740808895,4.454370021820068,355200.0
2024-01-18,4.463155732969658,4.498298658509834,4.463155732969658,4.480727195739746,421800.0
2024-01-19,4.507084572435121,4.542227497765333,4.47194164710491,4.515870094299316,273600.0
2024-01-22,4.533442463455719,4.594942804549341,4.533442463455719,4.568585395812988,223200.0
2024-01-23,4.603727832542543,4.603727832542543,4.5510134396817605,4.586156368255615,191900.0
2024-01-24,4.621299511863169,4.621299511863169,4.568584702391539,4.577370643615723,294500.0
2024-01-25,4.612513774154384,4.612513774154384,4.559799381293601,4.586156368255615,322100.0
2024-01-26,4.577370179227733,4.603727162352817,4.559798717498779,4.559798717498779,364600.0
2024-01-29,4.577370573796588,4.665227890014648,4.577370573796588,4.665227890014648,318900.0
2024-01-30,4.674013627854269,4.674013627854269,4.647656224666644,4.656442165374756,256600.0
2024-01-31,4.630085019809923,4.665227946724339,4.594942092895508,4.594942092895508,293600.0
2024-02-01,4.586156580256468,4.665228382671212,4.586156580256468,4.6476569175720215,236100.0
2024-02-02,4.647656224666644,4.674013627854269,4.630084762187131,4.656442165374756,359500.0
2024-02-05,4.6212992220446125,4.6388706844542735,4.586155878288581,4.603727340698242,228400.0
2024-02-06,4.603727358999506,4.665227687146157,4.603727358999506,4.656442165374756,112500.0
2024-02-07,4.68279932543501,4.717942251713429,4.656442340194558,4.700370788574219,356800.0
2024-02-08,4.700371507957084,4.744300381996702,4.691585984511235,4.726728916168213,309600.0
2024-02-09,4.744299859384629,4.788228309648483,4.7267283954917385,4.77944278717041,280100.0
2024-02-12,4.7794429889613,4.805799976445071,4.761871524326533,4.788228511810303,605800.0
2024-02-13,4.70915674354962,4.726728206740835,4.665227876103218,4.682799339294434,264700.0
2024-02-14,4.74429988861084,4.753085411143034,4.709156960608569,4.74429988861084,197800.0
2024-02-15,4.753085381862702,4.77944278717041,4.735513917969811,4.77944278717041,209400.0
2024-02-16,4.726728916168213,4.761871847825191,4.717942973785573,4.726728916168213,291400.0
2024-02-20,4.700370802485648,4.700370802485648,4.67401381716719,4.682799339294434,200900.0
2024-02-21,4.682799614134577,4.691585555714208,4.647656685689559,4.674014091491699,553400.0
2024-02-22,4.717942034911635,4.761870900209376,4.709156513214111,4.709156513214111,417400.0
2024-02-23,4.74429988861084,4.761871352611975,4.717942483140763,4.74429988861084,343800.0
2024-02-26,4.753085396448845,4.7706568603956585,4.744299873943811,4.761871337890625,222300.0
2024-02-27,4.761871337890625,4.779442801837438,4.7179424685552185,4.761871337890625,171600.0
2024-02-28,4.761871570647874,4.761871570647874,4.717942699165252,4.735514163970947,396600.0
2024-02-29,4.77065707799903,4.779443019841563,4.726728625596667,4.753085613250732,400200.0
2024-03-01,4.761871036633379,4.80579948425293,4.726728110963052,4.80579948425293,999300.0
2024-03-04,4.805799788289285,4.8233712522360985,4.735513932502031,4.761871337890625,822300.0
2024-03-05,4.761871119029816,4.761871119029816,4.68279932543501,4.700370788574219,377800.0
2024-03-06,4.744300090344965,4.753085613250732,4.700371219005837,4.753085613250732,854300.0
2024-03-07,4.7530858398539175,4.823371702197987,4.7530858398539175,4.7970147132873535,386800.0
2024-03-08,4.832157644459389,4.867300575631423,4.779443247701336,4.7970147132873535,347600.0
2024-03-11,4.788228324342471,4.805799788289285,4.753085396448845,4.761871337890625,244400.0
2024-03-12,4.814585425138872,4.814585425138872,4.761871036633379,4.80579948425293,227800.0
2024-03-13,4.788228511810303,4.832157382865605,4.788228511810303,4.788228511810303,265400.0
2024-03-14,4.788228558388033,4.81458596506496,4.726728641036483,4.735514163970947,290700.0
2024-03-15,4.717942973785573,4.744300381996702,4.709157450339724,4.726728916168213,124800.0
2024-03-18,4.744300090344965,4.761871555093264,4.726728625596667,4.753085613250732,138600.0
2024-03-19,4.753085628776643,4.753085628776643,4.717942699165252,4.735514163970947,375100.0
2024-03-20,4.7267283954917385,4.788228309648483,4.717942454076921,4.77944278717041,329800.0
2024-03-21,4.80580023661197,4.823371702197987,4.7706573054399355,4.7970147132873535,416300.0
2024-03-22,4.814585714956191,4.814585714956191,4.76187132327752,4.77944278717041,217500.0
2024-03-25,4.761872015612265,4.788229005815305,4.761872015612265,4.770657539367676,175600.0
2024-03-26,4.77944278717041,4.814585714956191,4.77944278717041,4.77944278717041,162200.0
2024-03-27,4.7970137468468765,4.823370730447445,4.779442284800931,4.814585208892822,184800.0
2024-03-28,4.832157352099699,4.849728816622592,4.814585887576807,4.823371410369873,521700.0
2024-04-01,4.8497283508092,4.8497283508092,4.7882280214177655,4.80579948425293,197200.0
2024-04-02,4.770657093582338,4.770657093582338,4.700371234359556,4.735514163970947,342600.0
2024-04-03,4.726728409996998,4.788228324342471,4.726728409996998,4.761871337890625,191300.0
2024-04-04,4.788228574145242,4.832157445772426,4.717942714691162,4.717942714691162,195900.0
2024-04-05,4.735514148502434,4.77065707799903,4.709157160848369,4.753085613250732,141300.0
2024-04-08,4.7706570471755345,4.788228511810303,4.744300059691764,4.788228511810303,118900.0
2024-04-09,4.797014251063301,4.814585714956191,4.76187132327752,4.77944278717041,248900.0
2024-04-10,4.77065737127104,4.77065737127104,4.717942973785573,4.726728916168213,341400.0
2024-04-11,4.726728409996998,4.7706568603956585,4.7179424685552185,4.761871337890625,171100.0
2024-04-12,4.726728220835655,4.735513742989096,4.638870904617595,4.665227890014648,164100.0
2024-04-15,4.674013902398063,4.700370888197143,4.568584702391539,4.577370643615723,210800.0
2024-04-16,4.551012992858887,4.586155917982375,4.542227471046371,4.551012992858887,301600.0
2024-04-17,4.568584731020397,4.6212995408223625,4.5334418037769115,4.542227745056152,256300.0
2024-04-18,4.560216591062469,4.578205593380813,4.515243870820786,4.524238586425781,191500.0
2024-04-19,4.524239045981631,4.542228050127233,4.470271604653135,4.497255325317383,199000.0
2024-04-22,4.506249893031803,4.569211191016472,4.506249893031803,4.560216903686523,168200.0
2024-04-23,4.587200153675247,4.641167163848877,4.5782058664254786,4.641167163848877,228400.0
2024-04-24,4.65915553024489,4.65915553024489,4.6051885274495765,4.623177528381348,89400.0
2024-04-25,4.58720034995151,4.58720034995151,4.524239049834135,4.5782060623168945,149100.0
2024-04-26,4.587199864445428,4.641166871216357,4.587199864445428,4.632172584533691,224800.0
2024-04-29,4.659155873473334,4.659155873473334,4.614183582276715,4.632172584533691,210300.0
2024-04-30,4.6411673624342695,4.6411673624342695,4.569211345790589,4.5782060623168945,193000.0
2024-05-01,4.569211191016472,4.623178201671194,4.533233183913325,4.560216903686523,235000.0
2024-05-02,4.6141839027404785,4.623178190047815,4.542227888715092,4.6141839027404785,101600.0
2024-05-03,4.668150883381528,4.668150883381528,4.623178160457667,4.641167163848877,131100.0
2024-05-06,4.650162525485388,4.695134825760241,4.650162525485388,4.686140537261963,237200.0
2024-05-07,4.722117402793955,4.722117402793955,4.686139399750665,4.695133686065674,322200.0
2024-05-08,4.713123831648528,4.713123831648528,4.677145819871954,4.686140537261963,420600.0
2024-05-09,4.713122573349177,4.731112003326416,4.695133572263555,4.731112003326416,469700.0
2024-05-10,4.7491017583074555,4.7491017583074555,4.704129034008403,4.713123321533203,143900.0
2024-05-13,4.749101004412038,4.749101004412038,4.713122573349177,4.731112003326416,185900.0
2024-05-14,4.758095926092399,4.758095926092399,4.731112635305363,4.749101638793945,105200.0
2024-05-15,4.758095914787462,4.8030686378479,4.758095914787462,4.8030686378479,259700.0
2024-05-16,4.803068619413376,4.803068619413376,4.767090612659781,4.776084899902344,204600.0
2024-05-17,4.767091259488269,4.7940745537688905,4.731113247852954,4.740107536315918,158800.0
2024-05-20,4.722117262460729,4.785078980361186,4.722117262460729,4.7580952644348145,276900.0
2024-05-21,4.776084763340479,4.785079479217529,4.758095760478038,4.785079479217529,169800.0
2024-05-22,4.794074089089505,4.80306880557236,4.749101793350295,4.767090797424316,151500.0
2024-05-23,4.80306911569122,4.80306911569122,4.704129372450033,4.722118377685547,151800.0
2024-05-24,4.731112635305363,4.77608492958098,4.731112635305363,4.749101638793945,128200.0
2024-05-28,4.758095290509041,4.776084291594663,4.713122573349177,4.731112003326416,155200.0
2024-05-29,4.722118549038537,4.722118549038537,4.677145819871954,4.686140537261963,138000.0
2024-05-30,4.695134330460425,4.704129046901562,4.650162034929797,4.659156322479248,201300.0
2024-05-31,4.677145023534011,4.704128742218018,4.632172730916211,4.704128742218018,225200.0
2024-06-03,4.713123009775199,4.7221177255967115,4.641166998769723,4.677145004272461,195900.0
2024-06-04,4.686139720093974,4.69513400702383,4.650161714591236,4.677145004272461,188500.0
2024-06-05,4.6861405188629455,4.740107536315918,4.668151513045288,4.740107536315918,183600.0
2024-06-06,4.749102099984676,4.749102099984676,4.713123660621932,4.722118377685547,129900.0
2024-06-07,4.704128722845343,4.713123009775199,4.668150717342605,4.677145004272461,173900.0
2024-06-10,4.6591568139836665,4.695134825760241,4.6591568139836665,4.686140537261963,115200.0
2024-06-11,4.686139399750665,4.695133686065674,4.650161396707374,4.695133686065674,136000.0
2024-06-12,4.731113094749162,4.7670911052201905,4.713123660621932,4.722118377685547,227000.0
2024-06-13,4.740107382921061,4.749102099984676,4.686140367214518,4.722118377685547,100800.0
2024-06-14,4.71312319600401,4.71312319600401,4.659156185617514,4.668150901794434,198700.0
2024-06-17,4.650161733741663,4.713123029184914,4.650161733741663,4.704128742218018,241900.0
2024-06-18,4.686140537261963,4.722118549038537,4.686140537261963,4.686140537261963,171700.0
2024-06-20,4.722117402793955,4.722117402793955,4.677144684544029,4.695133686065674,199800.0
2024-06-21,4.677144684544029,4.70412840127231,4.66815039822902,4.695133686065674,158500.0
2024-06-24,4.722117288337797,4.749101004412038,4.713122573349177,4.731112003326416,220900.0
2024-06-25,4.758095926092399,4.758095926092399,4.713123202925108,4.749101638793945,134400.0
2024-06-26,4.731112635305363,4.749101638793945,4.713123202925108,4.749101638793945,133900.0
2024-06-27,4.767090612659781,4.776084899902344,4.749101609282983,4.776084899902344,155600.0
2024-06-28,4.776084918233303,4.830051928570826,4.767090630956219,4.8030686378479,122700.0
2024-07-01,4.812062769065361,4.821057484942411,4.767090476355088,4.785079479217529,160400.0
2024-07-02,4.785078976475922,4.830051264461206,4.785078976475922,4.8120622634887695,206700.0
2024-07-03,4.812062420559524,4.830051422119141,4.812062420559524,4.830051422119141,92600.0
2024-07-05,4.830051286461331,4.8570350024887,4.821057000379953,4.839046001434326,310600.0
2024-07-08,4.839046633497805,4.8570356369018555,4.8210576300937555,4.8570356369018555,260200.0
2024-07-09,4.8570350024887,4.8570350024887,4.830051286461331,4.839046001434326,207600.0
2024-07-10,4.857035791555386,4.875024795532227,4.830052071144284,4.875024795532227,316900.0
2024-07-11,4.884018916465209,4.9199969231915635,4.884018916465209,4.9110026359558105,278800.0
2024-07-12,4.919996418708417,4.946980135432181,4.911002132394914,4.937985420227051,224700.0
2024-07-15,4.964969469982809,5.01893647815862,4.946980467257539,5.00094747543335,403900.0
2024-07-16,5.009941886078415,5.117875895855606,5.009941886078415,5.099886894226074,477900.0
2024-07-17,5.063909530639648,5.090892822046659,5.027931522835845,5.063909530639648,377100.0
2024-07-18,5.081898202142894,5.090892489059701,4.964969469982809,5.00094747543335,811300.0
2024-07-19,5.019333085253623,5.019333085253623,4.90901817836623,4.945789813995361,1162500.0
2024-07-22,4.954982825705065,4.991754463723646,4.9365970066957745,4.9733686447143555,288200.0
2024-07-23,4.973368306650157,5.046911577688222,4.973368306650157,5.0101399421691895,167300.0
2024-07-24,4.954982895007753,4.964176023817228,4.863053798675537,4.863053798675537,321000.0
2024-07-25,4.881439753191671,4.964176161359291,4.8446681136399565,4.899825572967529,430200.0
2024-07-26,4.945790409331352,4.96417622935906,4.890632949248227,4.918211460113525,235100.0
2024-07-29,4.927404589303643,4.954983100168943,4.881439820058109,4.918211460113525,251300.0
2024-07-30,4.945790341583433,4.954983032295102,4.872247062480003,4.899825572967529,259700.0
2024-07-31,4.92740431636738,5.000947592404542,4.92740431636738,4.9733686447143555,295400.0
2024-08-01,4.991754900453711,5.010140721071582,4.844668335510741,4.8906331062316895,210500.0
2024-08-02,4.789510659578789,4.817089170096639,4.743545890912343,4.771124839782715,312000.0
2024-08-05,4.596459270951091,4.642424039001608,4.578073451401387,4.624038219451904,572900.0
2024-08-06,4.679196013447147,4.743546167306665,4.6608101925797785,4.715967655181885,213200.0
2024-08-07,4.826282212804948,4.826282212804948,4.679195657068458,4.688388347625732,335300.0
2024-08-08,4.734352978358328,4.780317306518555,4.6975813404891475,4.780317306518555,174800.0
2024-08-09,4.798703895532125,4.817089717417207,4.76193225176196,4.789511203765869,132500.0
2024-08-12,4.817088944387735,4.817088944387735,4.761931487583964,4.780317306518555,143100.0
2024-08-13,4.78951092591131,4.863054209185162,4.78951092591131,4.844668388366699,206500.0
2024-08-14,4.8446680291697355,4.863053848625023,4.817089080810547,4.817089080810547,159200.0
2024-08-15,4.881439820058109,4.945790409331352,4.881439820058109,4.918211460113525,144200.0
2024-08-16,4.927404403686523,4.945790223021631,4.909018584351416,4.927404403686523,155700.0
2024-08-19,4.90901817836623,4.9549825037264075,4.90901817836623,4.945789813995361,149000.0
2024-08-20,4.945789813995361,4.964175631809927,4.927403996180796,4.945789813995361,160400.0
2024-08-21,4.954983100168943,4.96417622935906,4.909018769275935,4.918211460113525,643000.0
2024-08-22,4.936597280141234,4.96417622935906,4.899825640085817,4.918211460113525,164300.0
2024-08-23,4.954983182263426,5.010140643260404,4.9365973619311,5.000947952270508,189200.0
2024-08-26,5.010140643260404,5.02852646359273,5.000947952270508,5.000947952270508,289800.0
2024-08-27,5.0101399421691895,5.0101399421691895,4.973368306650157,5.0101399421691895,142700.0
2024-08-28,4.991754875457123,5.010140695982925,4.936597413879714,4.954983234405518,207100.0
2024-08-29,4.982561434706151,5.046911577688222,4.982561434706151,5.0101399421691895,157100.0
2024-08-30,5.010139827702767,5.046911462381681,4.982561320869814,5.037718772888184,233600.0
2024-09-03,5.019333272856506,5.019333272856506,4.918211051920609,4.936596870422363,176400.0
2024-09-04,4.945790543318886,4.97336905493132,4.918211593353911,4.954983234405518,275600.0
2024-09-05,4.964175631809927,4.964175631809927,4.918210868097276,4.945789813995361,150700.0
2024-09-06,4.964176388703175,4.9825622093210455,4.844668335510741,4.8906331062316895,151000.0
2024-09-09,4.890633039452515,4.918211550826481,4.863054089726015,4.872247219085693,165500.0
2024-09-10,4.8906331062316895,4.899825797364355,4.853861464995947,4.8906331062316895,154400.0
2024-09-11,4.881439910092837,4.890633039452515,4.826282448992371,4.872247219085693,202600.0
2024-09-12,4.881439636172498,4.964176042356739,4.881439636172498,4.927404403686523,170400.0
2024-09-13,4.93659682329552,5.028525914926701,4.93659682329552,4.9825615882873535,161000.0
2024-09-16,4.982562131938182,5.02852646359273,4.982562131938182,5.000947952270508,191800.0
2024-09-17,5.0101399421691895,5.056104705744216,5.0101399421691895,5.0101399421691895,201600.0
2024-09-18,5.010140233987892,5.056105000240165,5.000947543748936,5.019333362579346,213600.0
2024-09-19,5.092876503128302,5.129648139816034,5.074490684784435,5.111262321472168,318400.0
2024-09-20,5.102069904365718,5.102069904365718,5.056105136871338,5.056105136871338,165400.0
2024-09-23,5.083683813132612,5.111262321472168,5.065297994788746,5.111262321472168,225900.0
2024-09-24,5.1204556738847335,5.138841493033139,5.065298216439517,5.102069854736328,312200.0
2024-09-25,5.102069786492815,5.1112624767678065,5.0744908389628405,5.083683967590332,145300.0
2024-09-26,5.111262321472168,5.129648139816034,5.102069631476478,5.111262321472168,124400.0
2024-09-27,5.13884181478137,5.1848061463540045,5.120455994481809,5.129648685455322,274700.0
2024-09-30,5.129648092897368,5.157227039337158,5.1112622747216685,5.157227039337158,159200.0
2024-10-01,5.166420326054444,5.166420326054444,5.092877044856201,5.129648685455322,142200.0
2024-10-02,5.111262865155761,5.148034505754883,5.102070174182248,5.129648685455322,225000.0
2024-10-03,5.129648364282684,5.148034183431089,5.092876725985873,5.102069854736328,241900.0
2024-10-04,5.148034163831748,5.166419982910156,5.120455654390389,5.166419982910156,381500.0
2024-10-07,5.193999275680052,5.193999275680052,5.102070174182248,5.129648685455322,550600.0
2024-10-08,5.175613111625612,5.175613111625612,5.138841473468797,5.166419982910156,516300.0
2024-10-09,5.1848055312741295,5.221577167510986,5.175612841391156,5.221577167510986,380700.0
2024-10-10,5.221577167510986,5.221577167510986,5.175612841391156,5.221577167510986,255500.0
2024-10-11,5.230770364652911,5.258348873017613,5.212384546292281,5.239963054656982,269100.0
2024-10-14,5.285927633656786,5.285927633656786,5.2031912347702365,5.2491559982299805,293700.0
2024-10-15,5.258349097462995,5.285928045357354,5.221577459172188,5.230770587921143,192900.0
2024-10-16,5.2675418159433836,5.285927633656786,5.239962870197043,5.2491559982299805,265500.0
2024-10-17,5.276734505623849,5.276734505623849,5.239962870197043,5.2491559982299805,234700.0
2024-10-18,5.276734644247525,5.285927772521973,5.26754195432556,5.285927772521973,268800.0
2024-10-21,5.276734828948975,5.285927957545209,5.249156319865269,5.276734828948975,221100.0
2024-10-22,5.276734847768297,5.276734847768297,5.175613062964061,5.2123847007751465,367600.0
2024-10-23,5.221577786953127,5.239963607252687,5.120455994481809,5.129648685455322,236300.0
2024-10-24,5.148033618927002,5.193998380934034,5.129647801794681,5.148033618927002,76200.0
2024-10-25,5.157227583205691,5.23077086366418,5.157227583205691,5.1756134033203125,207500.0
2024-10-28,5.20319128036499,5.230770226353001,5.184805462490475,5.20319128036499,141700.0
2024-10-29,5.184805753240582,5.221577391051667,5.184805753240582,5.2123847007751465,126300.0
2024-10-30,5.221577189658289,5.285927772521973,5.212384499736325,5.285927772521973,175300.0
2024-10-31,5.230770359883541,5.267541996571274,5.111262321472168,5.111262321472168,268300.0
2024-11-01,5.148033772389533,5.17561271808637,5.092876319348329,5.120455265045166,234600.0
2024-11-04,5.129647801794681,5.157226746669392,5.102069295272428,5.148033618927002,211600.0
2024-11-05,5.138841425152975,5.2123847007751465,5.138841425152975,5.2123847007751465,161900.0
2024-11-06,5.368663972198403,5.368663972198403,5.304313391748571,5.359470844268799,246300.0
2024-11-07,5.368664382309259,5.47897929577664,5.368664382309259,5.469786167144775,220000.0
2024-11-08,5.47897972116948,5.5341371821856455,5.47897972116948,5.515751361846924,197100.0
2024-11-11,5.580101490020752,5.589294180252435,5.534136723804845,5.580101490020752,182400.0
2024-11-12,5.589294090466343,5.589294090466343,5.46059336082274,5.4973649978637695,179800.0
2024-11-13,5.497365183036935,5.543329950062744,5.469786235150949,5.4881720542907715,139500.0
2024-11-14,5.497364906855659,5.497364906855659,5.387049997558819,5.414628505706787,215400.0
2024-11-15,5.395860679285218,5.395860679285218,5.292635393172784,5.3207879066467285,98500.0
2024-11-18,5.320788071979211,5.339556265722017,5.27386736388768,5.311403751373291,221200.0
2024-11-19,5.264483490750795,5.320788071979211,5.255099170144875,5.311403751373291,237100.0
2024-11-20,5.320788188577645,5.330172061920166,5.264483606115385,5.330172061920166,351200.0
2024-11-21,5.339556449509739,5.3958610326761605,5.320788255120932,5.3770928382873535,268800.0
2024-11-22,5.377092239358738,5.442781136137317,5.377092239358738,5.433396816253662,246200.0
2024-11-25,5.480317874873246,5.517854261895471,5.452165360872062,5.489701747894287,281200.0
2024-11-26,5.5084699414054,5.5084699414054,5.461549681362133,5.489701747894287,185400.0
2024-11-27,5.48031759262085,5.50846965770309,5.470933272614098,5.48031759262085,315400.0
2024-11-29,5.48970186453129,5.527238252351033,5.480317991310875,5.508470058441162,111400.0
2024-12-02,5.5178542137146,5.527238086653703,5.480317827020135,5.5178542137146,286600.0
2024-12-03,5.517854019541993,5.5366222122287745,5.499085826855211,5.527237892150879,210600.0
2024-12-04,5.536622562837808,5.5929271444636655,5.527238242165645,5.583542823791504,180300.0
2024-12-05,5.592927095899498,5.611695289611816,5.58354277530882,5.611695289611816,211500.0
2024-12-06,5.602310851990557,5.611695172385199,5.5835426586703,5.592926979064941,134800.0
2024-12-09,5.592926987103529,5.602310860042632,5.5178542137146,5.5178542137146,186400.0
2024-12-10,5.527238134916512,5.546006328427625,5.489701747894287,5.489701747894287,157900.0
2024-12-11,5.508469816526492,5.564774395783385,5.508469816526492,5.546006202697754,191000.0
2024-12-12,5.536622455406584,5.5553906489176965,5.489701747894287,5.489701747894287,385200.0
2024-12-13,5.489701630457031,5.5084698235666485,5.461549564527114,5.470933437347412,254900.0
2024-12-16,5.48031759262085,5.499085785165345,5.470933272614098,5.48031759262085,254100.0
2024-12-17,5.461549681362133,5.499086068384359,5.44278148785102,5.489701747894287,268000.0
2024-12-18,5.470933330796688,5.508469716284875,5.3020195960998535,5.3020195960998535,357200.0
2024-12-19,5.330171905723088,5.367708292931283,5.264483451843262,5.264483451843262,312000.0
2024-12-20,5.245715058472849,5.395860601587818,5.208178672694108,5.348939895629883,265200.0
2024-12-23,5.348939802117726,5.405244827270508,5.320787737010341,5.405244827270508,242400.0
2024-12-24,5.414628577992001,5.4709331544089705,5.348939681771039,5.461549282073975,136200.0
2024-12-26,5.452165244237794,5.499085950746349,5.442781371417495,5.470933437347412,255000.0
2024-12-27,5.461549089059388,5.461549089059388,5.358323812208492,5.395860195159912,239600.0
2024-12-30,5.348940207014984,5.367708400996933,5.2738674310871865,5.3583245277404785,373600.0
2024-12-31,5.3583241743321315,5.395860559820317,5.292635275993301,5.3020195960998535,269300.0
2025-01-02,5.330171709013922,5.348939901925383,5.264483257558319,5.273867130279541,242800.0
2025-01-03,5.283251751812681,5.367708400996933,5.283251751812681,5.3583245277404785,191100.0
2025-01-06,5.414628386635623,5.442780897583678,5.3770920036842025,5.395860195159912,211100.0
2025-01-07,5.433397303668276,5.433397303668276,5.311403819051085,5.3583245277404785,311100.0
2025-01-08,5.3583243332608905,5.395860719862411,5.311403626274477,5.367708206176758,336300.0
2025-01-10,5.339556265722017,5.348940138858901,5.236330976402069,5.311403751373291,177600.0
2025-01-13,5.236330820969027,5.264483334482085,5.180026241411932,5.245715141296387,579700.0
2025-01-14,5.311403468737394,5.311403468737394,5.236330697761023,5.3020195960998535,362200.0
2025-01-15,5.395860359644887,5.414628551692719,5.358323975549225,5.386476039886475,445500.0
2025-01-16,5.424012943839009,5.461549328435624,5.377092239358738,5.433396816253662,277800.0
2025-01-17,5.470933390012366,5.499085903167725,5.470933390012366,5.499085903167725,1392300.0
2025-01-21,5.4990862523909865,5.574159028947471,5.4990862523909865,5.55539083480835,187100.0
2025-01-22,5.583542891169752,5.649231794260459,5.583542891169752,5.630463600158691,343400.0
2025-01-23,5.621078920777221,5.658615754055142,5.602310727872769,5.649231433868408,390100.0
2025-01-24,5.6588067830225315,5.677956703606173,5.610932209848487,5.630082130432129,207700.0
2025-01-27,5.543907147125235,5.543907147125235,5.457732277960869,5.5151824951171875,299800.0
2025-01-28,5.534332235789683,5.534332235789683,5.467307288994878,5.5056071281433105,294700.0
2025-01-29,5.524757007770422,5.524757007770422,5.429007410591664,5.476881980895996,273500.0
2025-01-30,5.5056071281433105,5.534332235789683,5.457732100922721,5.5056071281433105,228900.0
2025-01-31,5.505607228717711,5.563056988489831,5.448157468945591,5.457732200622559,268200.0
2025-02-03,5.323682547499087,5.4290073311393625,5.3141078162063815,5.390707492828369,398800.0
2025-02-04,5.390707552384647,5.44815731048584,5.390707552384647,5.44815731048584,193400.0
2025-02-05,5.448157330027415,5.476881980895996,5.419432222588741,5.476881980895996,180800.0
2025-02-06,5.505607088334671,5.515182276337593,5.438582142024493,5.476881980895996,168600.0
2025-02-07,5.486457289785483,5.496032021429279,5.390707690497014,5.429007530212402,260500.0
2025-02-10,5.44815727036262,5.457732001690593,5.409857431910552,5.419432163238525,161300.0
2025-02-11,5.40985769272935,5.40985769272935,5.333258012132209,5.352407932281494,299400.0
2025-02-12,5.333257833838119,5.342832565307617,5.304532726289434,5.342832565307617,290000.0
2025-02-13,5.333258030439159,5.38113260269165,5.333258030439159,5.38113260269165,187800.0
2025-02-14,5.390707791084216,5.390707791084216,5.342832762261612,5.38113260269165,192700.0
2025-02-18,5.40028252290667,5.409857711299235,5.352407950654177,5.38113260269165,157200.0
2025-02-19,5.3811324043258,5.3811324043258,5.323682645798526,5.342832565307617,239200.0
2025-02-20,5.352408016147962,5.352408016147962,5.275808334350586,5.275808334350586,268900.0
2025-02-21,5.294957955601203,5.294957955601203,5.122608224725844,5.151333332061768,283300.0
2025-02-24,5.160908286647079,5.160908286647079,5.055583953857422,5.055583953857422,370700.0
2025-02-25,5.074734015038834,5.074734015038834,5.007709064207786,5.036434173583984,368900.0
2025-02-26,5.046008765474665,5.122608446256274,5.017283656896505,5.055583953857422,273100.0
2025-02-27,5.046008465920045,5.084308304037193,4.9311089515686035,4.9311089515686035,380400.0
2025-02-28,4.931109030773532,5.0172834396362305,4.911959111407367,5.0172834396362305,317300.0
2025-03-03,5.036434183073105,5.05558410383661,4.854509707534748,4.902384281158447,540100.0
2025-03-04,4.835359434270233,4.9119591117400825,4.758759300230291,4.854509353637695,480000.0
2025-03-05,4.864084439631438,4.902384281158447,4.816209866007739,4.902384281158447,320800.0
2025-03-06,4.835359635829162,4.864084287792679,4.74918476679839,4.758759498596191,393200.0
2025-03-07,4.7587592411507025,4.806634267260041,4.6725848333520155,4.797059535980225,502500.0
2025-03-10,4.739609604637421,4.76833471332988,4.557685590342264,4.6247100830078125,615100.0
2025-03-11,4.62470994358696,4.72045954205841,4.557685452941995,4.64385986328125,803000.0
2025-03-12,4.710884869190215,4.730034789123097,4.643859921140073,4.701309680938721,306500.0
2025-03-13,4.7013095623220975,4.7013095623220975,4.576835314183966,4.586410045623779,368000.0
2025-03-14,4.615135269525801,4.730034789123097,4.615135269525801,4.701309680938721,297200.0
2025-03-17,4.682159956129947,4.768334827704219,4.682159956129947,4.739609718322754,357500.0
2025-03-18,4.7491848892313895,4.758759621276026,4.672585206593806,4.710885047912598,250100.0
2025-03-19,4.7491848052023675,4.8066345661640755,4.710884964561228,4.787484645843506,252000.0
2025-03-20,4.777909278869629,4.82578430616724,4.758759359264604,4.777909278869629,223400.0
2025-03-21,4.739609420410798,4.749184608459473,4.701309581356294,4.749184608459473,265200.0
2025-03-24,4.777909495573549,4.8640843659897035,4.777909495573549,4.81620979309082,293900.0
2025-03-25,4.864084104603354,4.892809212055147,4.8449341851588565,4.883234024047852,235400.0
2025-03-26,4.8832342864632805,4.9023842069368575,4.768334763621819,4.81620979309082,224300.0
2025-03-27,4.806634707336083,4.8162098960626505,4.7491849446870615,4.768334865570068,198200.0
2025-03-28,4.7779095031857155,4.7779095031857155,4.653435248194213,4.682159900665283,346600.0
2025-03-31,4.634285327690127,4.682159900665283,4.576835566177867,4.682159900665283,341300.0
2025-04-01,4.6917349880039705,4.730034828186035,4.634285227730874,4.730034828186035,227700.0
2025-04-02,4.691735044240659,4.787484645843506,4.682159855795317,4.787484645843506,225900.0
2025-04-03,4.663010008807281,4.663010008807281,4.538535296480979,4.548110485076904,601900.0
2025-04-04,4.471510676049219,4.500235327883864,4.2321364467666704,4.2704362869262695,581400.0
2025-04-07,4.15553686580868,4.327886150647844,3.8395629486518215,4.222561359405518,638500.0
2025-04-08,4.385335912260898,4.500235435487007,4.145961677254778,4.222561359405518,254200.0
2025-04-09,4.222561083436757,4.691734790802002,4.193836432792612,4.691734790802002,641600.0
2025-04-10,4.595985274741672,4.595985274741672,4.375760970815089,4.481085300445557,411800.0
2025-04-11,4.4810855889001715,4.605560302734375,4.414061094197237,4.605560302734375,158100.0
2025-04-14,4.701309889114675,4.701309889114675,4.538535334192395,4.576835632324219,323700.0
2025-04-15,4.595985373685297,4.634285213751832,4.528960425283807,4.567260265350342,459200.0
2025-04-16,4.5385352010483615,4.576835498056595,4.414060947909524,4.461935520172119,419400.0
2025-04-17,4.481505393580669,4.569570060821829,4.452150815555352,4.501075267791748,153800.0
2025-04-21,4.471720692644564,4.49129056686824,4.315161232272556,4.364086151123047,172700.0
2025-04-22,4.3151612362744345,4.501075274863069,4.3151612362744345,4.413011074066162,177200.0
2025-04-23,4.530430311997536,4.638064386857617,4.510860437788193,4.5206451416015625,317200.0
2025-04-24,4.550000193073244,4.677204608917236,4.550000193073244,4.677204608917236,126000.0
2025-04-25,4.686989306596788,4.726129055023193,4.608709809743977,4.726129055023193,173800.0
2025-04-28,4.7359142312012255,4.765268809265554,4.638064393433182,4.696774482727051,142100.0
2025-04-29,4.696774476199511,4.765268802642822,4.696774476199511,4.765268802642822,96200.0
2025-04-30,4.716344351207894,4.7554840996343,4.62827968395718,4.726129055023193,204700.0
2025-05-01,4.794623846450438,4.843548298675712,4.755484098037178,4.804408550262451,282800.0
2025-05-02,4.863118175797801,4.921828265035494,4.853333471979922,4.91204309463501,241000.0
2025-05-05,4.912043094228083,4.931612968444824,4.833763597361118,4.931612968444824,90000.0
2025-05-06,4.882688051249221,4.91204309587548,4.823978428579307,4.853333473205566,184800.0
2025-05-07,4.853333467882277,4.951182838891476,4.853333467882277,4.8631181716918945,262600.0
2025-05-08,4.89247322404863,5.01967763985372,4.89247322404863,4.9805378913879395,142500.0
2025-05-09,4.98053788727798,4.9903225910950475,4.921828264627757,4.931612968444824,225100.0
2025-05-12,5.029462341996379,5.107741838901753,5.029462341996379,5.058817386627197,416200.0
2025-05-13,5.09795713302095,5.1566667556762695,5.07838725880251,5.1566667556762695,366200.0
2025-05-14,5.127311706935863,5.15666675153123,5.0979571289231025,5.107741832733154,187100.0
2025-05-15,5.1077418372451575,5.146882052267756,5.058817384986469,5.137096881866455,268800.0
2025-05-16,5.146882057189941,5.176236635256707,5.11752701254057,5.146882057189941,198900.0
2025-05-19,5.09795713302095,5.176236629894709,5.088171962620427,5.1566667556762695,254100.0
2025-05-20,5.156666755269189,5.176236629486084,5.117527006835399,5.176236629486084,181900.0
2025-05-21,5.146882047721178,5.166451921923887,5.0588173805176835,5.107741832733154,325500.0
2025-05-22,5.107741838067096,5.127311712290242,5.049032215397658,5.097957134246826,126700.0
2025-05-23,5.049032215808601,5.088171964258078,5.009892467359124,5.078387260437012,253000.0
2025-05-27,5.137096881866455,5.166451926487753,5.1175270076464585,5.137096881866455,157200.0
2025-05-28,5.137096882278206,5.146882052680291,5.0979571338350755,5.117527008056641,155700.0
2025-05-29,5.166451931428654,5.176236635256707,5.097957138301858,5.146882057189941,144100.0
2025-05-30,5.1370968777251935,5.146882048118606,5.039247506704092,5.08817195892334,172700.0
2025-06-02,5.097957133426462,5.176236630306448,5.068602088805164,5.137096881866455,338300.0
2025-06-03,5.137096880250353,5.215376377105713,5.10774183563829,5.215376377105713,199400.0
2025-06-04,5.205591674513672,5.215376378331589,5.1566667556762695,5.1566667556762695,152600.0
2025-06-05,5.176236629080536,5.2153763775112605,5.166451925264159,5.195806503295898,106700.0
2025-06-06,5.234946256678894,5.244731427087134,5.195806508211144,5.205591678619385,108400.0
2025-06-09,5.234946255832356,5.254516130063066,5.215376381601645,5.244731426239014,119800.0
2025-06-10,5.2153763767031975,5.264301295525324,5.1860217986760055,5.234946250915527,188400.0
2025-06-11,5.234946256678894,5.274086005146644,5.195806508211144,5.205591678619385,133500.0
2025-06-12,5.195806502490868,5.244731421312995,5.195806502490868,5.234946250915527,87400.0
2025-06-13,5.195806509064084,5.2055916794739305,5.137096886352822,5.166451930999756,88900.0
2025-06-16,5.186021799885834,5.244731422536519,5.176236629486084,5.176236629486084,133800.0
2025-06-17,5.156666756499771,5.195806504942901,5.117527008056641,5.117527008056641,169700.0
2025-06-18,5.127311715942975,5.225161553711018,5.107741841705887,5.166451930999756,204200.0
2025-06-20,5.186021801542284,5.20559167576543,5.08817196384395,5.097957134246826,205500.0
2025-06-23,5.107741841705887,5.176236634826997,5.097957137878646,5.166451930999756,246900.0
2025-06-24,5.205591676948273,5.283871173858643,5.205591676948273,5.283871173858643,164400.0
2025-06-25,5.293655873147003,5.303441043543721,5.244731420911229,5.254516124725342,334600.0
2025-06-26,5.264301294324476,5.3132257465528365,5.264301294324476,5.293655872344971,110200.0
2025-06-27,5.3034410472537505,5.35236549952375,5.274086002625667,5.3230109214782715,231000.0
2025-06-30,5.3230109157604675,5.3621506641674666,5.313225745367415,5.352365493774414,188500.0
2025-07-01,5.3230109157604675,5.381720538370965,5.313225745367415,5.352365493774414,194200.0
2025-07-02,5.342580789572433,5.3719353675842285,5.303441041168303,5.3719353675842285,104300.0
2025-07-03,5.371935372098461,5.42086029093604,5.35236549787995,5.401290416717529,106400.0
2025-07-07,5.4012904121786285,5.411075582570964,5.323010915370368,5.3719353675842285,230000.0
2025-07-08,5.381720537976563,5.391505708368899,5.323010915370368,5.3719353675842285,155800.0
2025-07-09,5.371935372098461,5.401290416717529,5.362150668280509,5.401290416717529,86100.0
2025-07-10,5.420860295442138,5.43064546585083,5.381720546972582,5.43064546585083,175400.0
2025-07-11,5.391505708368899,5.411075582570964,5.362150663774498,5.3719353675842285,225800.0
2025-07-14,5.391505712899577,5.401290416717529,5.362150668280509,5.401290416717529,322800.0
2025-07-15,5.430645466706927,5.4404301705345555,5.371935377410733,5.391505718231201,250000.0
2025-07-16,5.411075587118087,5.411075587118087,5.332795623661441,5.401290416717529,232900.0
2025-07-17,5.411075585902986,5.460000038146973,5.401290415504625,5.460000038146973,237700.0
2025-07-18,5.5,5.5,5.309999942779541,5.309999942779541,604100.0
2025-07-21,5.369999885559082,5.440000057220459,5.369999885559082,5.380000114440918,285500.0
2025-07-22,5.389999866485596,5.409999847412109,5.360000133514404,5.389999866485596,179000.0
2025-07-23,5.409999847412109,5.429999828338623,5.380000114440918,5.400000095367432,168600.0
2025-07-24,5.420000076293945,5.440000057220459,5.400000095367432,5.409999847412109,109300.0
2025-07-25,5.440000057220459,5.510000228881836,5.429999828338623,5.510000228881836,263800.0
2025-07-28,5.519999980926514,5.550000190734863,5.489999771118164,5.519999980926514,202300.0
2025-07-29,5.539999961853027,5.539999961853027,5.46999979019165,5.510000228881836,205300.0
2025-07-30,5.519999980926514,5.550000190734863,5.46999979019165,5.489999771118164,150000.0
2025-07-31,5.519999980926514,5.559999942779541,5.480000019073486,5.510000228881836,172400.0
2025-08-01,5.449999809265137,5.460000038146973,5.349999904632568,5.349999904632568,193300.0
2025-08-04,5.380000114440918,5.440000057220459,5.380000114440918,5.440000057220459,76500.0
2025-08-05,5.46999979019165,5.480000019073486,5.389999866485596,5.440000057220459,155800.0
2025-08-06,5.449999809265137,5.460000038146973,5.409999847412109,5.449999809265137,158900.0
2025-08-07,5.480000019073486,5.489999771118164,5.389999866485596,5.409999847412109,121500.0
2025-08-08,5.429999828338623,5.46999979019165,5.420000076293945,5.429999828338623,104000.0
2025-08-11,5.449999809265137,5.460000038146973,5.420000076293945,5.429999828338623,140200.0
2025-08-12,5.449999809265137,5.510000228881836,5.440000057220459,5.510000228881836,172200.0
2025-08-13,5.519999980926514,5.519999980926514,5.480000019073486,5.510000228881836,232900.0
2025-08-14,5.489999771118164,5.5,5.46999979019165,5.5,157800.0
2025-08-15,5.5,5.510000228881836,5.449999809265137,5.480000019073486,196100.0
2025-08-18,5.489999771118164,5.5,5.449999809265137,5.5,110300.0
2025-08-19,5.480000019073486,5.5,5.429999828338623,5.429999828338623,119000.0
2025-08-20,5.420000076293945,5.420000076293945,5.360000133514404,5.420000076293945,128700.0
2025-08-21,5.409999847412109,5.429999828338623,5.369999885559082,5.380000114440918,176800.0
2025-08-22,5.380000114440918,5.510000228881836,5.380000114440918,5.480000019073486,194000.0
2025-08-25,5.46999979019165,5.510000228881836,5.46999979019165,5.5,218700.0
2025-08-26,5.46999979019165,5.53000020980835,5.46999979019165,5.480000019073486,176300.0
2025-08-27,5.489999771118164,5.559999942779541,5.489999771118164,5.559999942779541,187000.0
2025-08-28,5.559999942779541,5.610000133514404,5.559999942779541,5.599999904632568,199400.0
2025-08-29,5.599999904632568,5.619999885559082,5.539999961853027,5.550000190734863,219700.0
2025-09-02,5.489999771118164,5.539999961853027,5.400000095367432,5.539999961853027,276200.0
2025-09-03,5.550000190734863,5.550000190734863,5.480000019073486,5.5,144100.0
2025-09-04,5.53000020980835,5.579999923706055,5.510000228881836,5.559999942779541,241600.0
2025-09-05,5.599999904632568,5.619999885559082,5.539999961853027,5.590000152587891,210500.0
2025-09-08,5.630000114440918,5.639999866485596,5.599999904632568,5.639999866485596,176300.0
2025-09-09,5.639999866485596,5.650000095367432,5.610000133514404,5.630000114440918,124200.0
2025-09-10,5.639999866485596,5.659999847412109,5.610000133514404,5.610000133514404,161600.0
2025-09-11,5.630000114440918,5.659999847412109,5.630000114440918,5.659999847412109,142600.0
2025-09-12,5.659999847412109,5.659999847412109,5.599999904632568,5.599999904632568,133000.0
2025-09-15,5.610000133514404,5.639999866485596,5.599999904632568,5.599999904632568,174300.0
2025-09-16,5.610000133514404,5.619999885559082,5.559999942779541,5.599999904632568,213000.0
2025-09-17,5.599999904632568,5.610000133514404,5.550000190734863,5.579999923706055,213000.0
2025-09-18,5.599999904632568,5.639999866485596,5.590000152587891,5.610000133514404,205800.0
2025-09-19,5.650000095367432,5.650000095367432,5.619999885559082,5.630000114440918,165800.0
2025-09-22,5.619999885559082,5.659999847412109,5.619999885559082,5.659999847412109,126500.0
2025-09-23,5.670000076293945,5.670000076293945,5.599999904632568,5.630000114440918,155200.0
2025-09-24,5.619999885559082,5.619999885559082,5.550000190734863,5.559999942779541,184400.0
2025-09-25,5.53000020980835,5.539999961853027,5.46999979019165,5.489999771118164,146200.0
2025-09-26,5.489999771118164,5.539999961853027,5.46999979019165,5.489999771118164,169700.0
2025-09-29,5.539999961853027,5.550000190734863,5.5,5.550000190734863,144700.0
2025-09-30,5.5,5.559999942779541,5.5,5.550000190734863,178900.0
2025-10-01,5.550000190734863,5.570000171661377,5.539999961853027,5.559999942779541,86100.0
2025-10-02,5.570000171661377,5.590000152587891,5.550000190734863,5.579999923706055,110400.0
2025-10-03,5.579999923706055,5.619999885559082,5.570000171661377,5.599999904632568,199700.0
2025-10-06,5.590000152587891,5.590000152587891,5.559999942779541,5.570000171661377,223400.0
2025-10-07,5.570000171661377,5.599999904632568,5.53000020980835,5.53000020980835,193300.0
2025-10-08,5.539999961853027,5.590000152587891,5.53000020980835,5.590000152587891,192700.0
2025-10-09,5.579999923706055,5.610000133514404,5.539999961853027,5.539999961853027,176600.0
2025-10-10,5.570000171661377,5.579999923706055,5.389999866485596,5.400000095367432,326800.0
2025-10-13,5.460000038146973,5.519999980926514,5.440000057220459,5.510000228881836,178900.0
2025-10-14,5.5,5.559999942779541,5.460000038146973,5.519999980926514,249800.0
2025-10-15,5.570000171661377,5.630000114440918,5.510000228881836,5.599999904632568,330400.0
2025-10-16,5.570000171661377,5.590000152587891,5.480000019073486,5.489999771118164,226900.0
2025-10-17,5.46999979019165,5.539999961853027,5.460000038146973,5.480000019073486,155300.0
2025-10-20,5.510000228881836,5.550000190734863,5.510000228881836,5.539999961853027,159100.0
2025-10-21,5.550000190734863,5.570000171661377,5.510000228881836,5.570000171661377,136000.0
2025-10-22,5.579999923706055,5.579999923706055,5.480000019073486,5.53000020980835,131500.0
2025-10-23,5.550000190734863,5.599999904632568,5.53000020980835,5.599999904632568,152400.0
2025-10-24,5.610000133514404,5.650000095367432,5.599999904632568,5.619999885559082,207500.0
2025-10-27,5.630000114440918,5.670000076293945,5.599999904632568,5.659999847412109,159400.0
2025-10-28,5.679999828338623,5.690000057220459,5.639999866485596,5.659999847412109,155500.0
2025-10-29,5.679999828338623,5.690000057220459,5.590000152587891,5.630000114440918,204900.0
2025-10-30,5.599999904632568,5.599999904632568,5.547999858856201,5.559999942779541,22325.0
