timestamp,open,high,low,close,volume
2016-04-15,8.911416053771973,8.911416053771973,8.911416053771973,8.911416053771973,400.0
2016-04-18,8.911416053771973,8.911416053771973,8.911416053771973,8.911416053771973,0.0
2016-04-19,8.911416053771973,8.911416053771973,8.911416053771973,8.911416053771973,0.0
2016-04-20,8.911416053771973,8.911416053771973,8.911416053771973,8.911416053771973,0.0
2016-04-21,8.911416053771973,8.911416053771973,8.911416053771973,8.911416053771973,0.0
2016-04-22,8.911416053771973,8.911416053771973,8.911416053771973,8.911416053771973,0.0
2016-04-25,8.911416053771973,8.911416053771973,8.911416053771973,8.911416053771973,100.0
2016-04-26,8.911416053771973,8.911416053771973,8.911416053771973,8.911416053771973,0.0
2016-04-27,8.911416053771973,8.911416053771973,8.911416053771973,8.911416053771973,0.0
2016-04-28,8.911416053771973,8.911416053771973,8.911416053771973,8.911416053771973,0.0
2016-04-29,8.911416053771973,8.911416053771973,8.911416053771973,8.911416053771973,0.0
2016-05-02,9.000529289245605,9.000529289245605,9.000529289245605,9.000529289245605,200.0
2016-05-03,9.000529289245605,9.000529289245605,9.000529289245605,9.000529289245605,0.0
2016-05-04,9.000529289245605,9.000529289245605,9.000529289245605,9.000529289245605,0.0
2016-05-05,9.392632486681304,9.392632486681304,8.911416053771973,8.911416053771973,1000.0
2016-05-06,8.911416053771973,8.911416053771973,8.911416053771973,8.911416053771973,0.0
2016-05-09,8.911416053771973,8.911416053771973,8.911416053771973,8.911416053771973,0.0
2016-05-10,8.911416053771973,8.911416053771973,8.911416053771973,8.911416053771973,0.0
2016-05-11,8.911416053771973,8.911416053771973,8.911416053771973,8.911416053771973,0.0
2016-05-12,9.000529289245605,9.000529289245605,8.955972045267412,9.000529289245605,5000.0
2016-05-13,9.000529289245605,9.000529289245605,9.000529289245605,9.000529289245605,0.0
2016-05-16,8.973794856157784,8.973794856157784,8.948843002319336,8.948843002319336,1800.0
2016-05-17,8.850817680358887,8.850817680358887,8.850817680358887,8.850817680358887,2000.0
2016-05-18,8.849037170410156,8.849037170410156,8.849037170410156,8.849037170410156,0.0
2016-05-19,8.964884924032503,8.964884924032503,8.829431019278399,8.911416053771973,1600.0
2016-05-20,8.982706069946289,8.982706069946289,8.982706069946289,8.982706069946289,300.0
2016-05-23,8.857948108996622,8.929240226745605,8.857948108996622,8.929240226745605,1500.0
2016-05-24,8.955971717834473,8.955971717834473,8.759920361413357,8.955971717834473,2200.0
2016-05-25,8.955971717834473,8.955971717834473,8.955971717834473,8.955971717834473,0.0
2016-05-26,8.911416053771973,8.911416053771973,8.599516151946409,8.911416053771973,4300.0
2016-05-27,8.911416053771973,8.911416053771973,8.911416053771973,8.911416053771973,0.0
2016-05-31,8.955973158571467,8.955973158571467,8.890919863228595,8.947061538696289,600.0
2016-06-01,8.95597191485323,8.95597191485323,8.859728813171387,8.859728813171387,1100.0
2016-06-02,8.911414475485305,8.955971717834473,8.911414475485305,8.955971717834473,12100.0
2016-06-03,8.955972063448598,9.535213686764797,8.955972063448598,8.982706069946289,22600.0
2016-06-06,8.982706069946289,8.982706069946289,8.982706069946289,8.982706069946289,0.0
2016-06-07,8.955975043593373,8.964886665344238,8.955975043593373,8.964886665344238,1000.0
2016-06-08,8.96488333627605,8.96488333627605,8.902502857043729,8.955971717834473,1500.0
2016-06-09,8.955971717834473,8.955971717834473,8.955971717834473,8.955971717834473,0.0
2016-06-10,9.13420095622759,9.13420095622759,8.920327186584473,8.920327186584473,2200.0
2016-06-13,8.920327186584473,8.920327186584473,8.920327186584473,8.920327186584473,0.0
2016-06-14,8.911416541467078,8.911416541467078,8.902504920959473,8.902504920959473,200.0
2016-06-15,8.902504920959473,8.902504920959473,8.902504920959473,8.902504920959473,0.0
2016-06-16,9.437189102172852,9.437189102172852,9.437189102172852,9.437189102172852,400.0
2016-06-17,9.437189102172852,9.437189102172852,9.437189102172852,9.437189102172852,0.0
2016-06-20,8.82229995727539,8.82229995727539,8.82229995727539,8.82229995727539,1200.0
2016-06-21,8.761703350899644,8.777744435596366,8.741207306415893,8.742098808288574,17000.0
2016-06-22,8.857946395874023,8.857946395874023,8.857946395874023,8.857946395874023,200.0
2016-06-23,8.857946395874023,8.857946395874023,8.857946395874023,8.857946395874023,0.0
2016-06-24,8.857946395874023,8.857946395874023,8.857946395874023,8.857946395874023,0.0
2016-06-27,8.751010065193364,8.751010065193364,8.733187675476074,8.733187675476074,11100.0
2016-06-28,8.733187675476074,8.733187675476074,8.733187675476074,8.733187675476074,0.0
2016-06-29,8.742099295264138,8.746554255299332,8.733187675476074,8.733187675476074,1300.0
2016-06-30,8.761703838967273,8.761703838967273,8.733187675476074,8.733187675476074,3000.0
2016-07-01,8.68862881982211,8.68862881982211,8.644071578979492,8.644071578979492,1100.0
2016-07-05,8.688629356310605,8.786654612330093,8.688629356310605,8.751008987426758,8400.0
2016-07-06,8.599515928231623,8.733187675476074,8.599515928231623,8.733187675476074,25200.0
2016-07-07,8.733187675476074,8.733187675476074,8.733187675476074,8.733187675476074,0.0
2016-07-08,8.733187675476074,8.733187675476074,8.733187675476074,8.733187675476074,0.0
2016-07-11,8.786656017143647,8.786656017143647,8.777745246887207,8.777745246887207,300.0
2016-07-12,8.724276055688009,8.733187675476074,8.66011426290339,8.733187675476074,4100.0
2016-07-13,8.786654333503199,8.82229995727539,8.786654333503199,8.82229995727539,800.0
2016-07-14,8.929237678450676,9.08964256049619,8.82229995727539,8.82229995727539,21100.0
2016-07-15,8.777745246887207,8.777745246887207,8.777745246887207,8.777745246887207,500.0
2016-07-18,8.777745246887207,8.777745246887207,8.777745246887207,8.777745246887207,0.0
2016-07-19,8.911415961182541,9.178758609989789,8.911415961182541,9.045086860656738,129500.0
2016-07-20,9.08073090634659,9.19390658999008,8.92923764330508,9.089642524719238,289500.0
2016-07-21,9.089642524719238,9.089642524719238,9.08073090634659,9.089642524719238,2000.0
2016-07-22,9.80255849728329,9.80255849728329,9.267873148396992,9.428278923034668,1392100.0
2016-07-25,9.579773120068314,9.62433037431949,9.437190586351704,9.526304244995117,324200.0
2016-07-26,9.517389514437488,9.624326370235162,9.446098277239038,9.579769134521484,885200.0
2016-07-27,9.60650460969885,9.98078408733661,9.508479355977995,9.936226844787598,1943900.0
2016-07-28,9.99860755057967,10.159012437584062,9.887214866615553,9.949594497680664,743100.0
2016-07-29,9.936227032987462,10.09663276925863,9.864935783502217,10.016429901123047,161500.0
2016-08-01,10.10554471737984,10.337241710690266,9.980784601783743,10.06098747253418,206500.0
2016-08-02,9.980784601783743,10.078810710415947,9.891670961951181,10.06098747253418,83600.0
2016-08-03,10.020885710448216,10.239215268229122,9.877411709669198,10.016429901123047,214500.0
2016-08-04,10.150102006712878,10.381798151180059,10.083265714222069,10.176836013793945,354100.0
2016-08-05,10.23921421579038,10.291791570620985,10.150100588022744,10.167922973632812,72300.0
2016-08-08,10.203568594711596,10.301594690072234,10.141188970288386,10.167922973632812,288600.0
2016-08-09,10.185747537073626,10.408532910326443,10.159012680384985,10.328330039978027,660700.0
2016-08-10,10.444178652975527,11.307694646990882,10.444178652975527,10.907571792602539,870500.0
2016-08-11,10.791722488751283,10.916482595795218,10.63131760810474,10.871925354003906,236200.0
2016-08-12,10.91648452259992,11.041244651664533,10.907572902696979,11.005599021911621,209600.0
2016-08-15,11.130356336563077,11.24620482527701,10.809545725411288,10.871925354003906,158600.0
2016-08-16,10.91648478249274,10.91648478249274,10.729345009369938,10.818459510803223,79400.0
2016-08-17,10.961039495280462,10.961039495280462,10.568936799592462,10.595671653747559,26500.0
2016-08-18,10.640228376576042,11.005597079377843,10.515469119390808,10.871925354003906,328000.0
2016-08-19,10.764990485244672,10.853213483454855,10.675875985092242,10.720433235168457,99900.0
2016-08-22,10.764989039608972,10.880837534306234,10.631318157189915,10.72934341430664,73200.0
2016-08-23,10.729342615309822,10.880836724027894,10.604582511112973,10.675873756408691,106500.0
2016-08-24,10.70261011317943,11.617812006818578,10.560027602572815,10.916483879089355,441200.0
2016-08-25,11.183825196684392,11.417304327806518,10.845191348872598,10.871925354003906,70400.0
2016-08-26,10.961041434793552,11.131249460348734,10.738256043232134,10.827369689941406,93700.0
2016-08-29,11.050154012867706,11.31749662685908,10.894204933743252,10.978862762451172,62400.0
2016-08-30,10.975298784666428,11.228383326150759,10.969952323160975,11.206104278564453,272800.0
2016-08-31,11.210560942717468,11.272940580997094,10.836281413322036,11.174915313720703,305900.0
2016-09-01,11.174916217566228,11.553651587451345,11.139270585686386,11.540284156799316,289900.0
2016-09-02,11.477904123934994,11.58484101594527,11.406612862594809,11.41552448272705,157800.0
2016-09-06,11.486814559095993,11.763067955826395,11.427999232064744,11.584839820861816,96400.0
2016-09-07,11.593750697757462,12.119524299633161,11.43245430968131,12.030409812927246,491500.0
2016-09-08,12.083879696067735,13.474060027117499,12.04823406834489,12.992843627929688,1061400.0
2016-09-09,12.8948205713919,13.2557327200962,12.57400901711346,13.037403106689453,320400.0
2016-09-12,13.028488307784636,13.13542518317314,12.271018561318037,12.377955436706543,199600.0
2016-09-13,12.377956447693512,12.520538959857147,12.27012806167977,12.475981712341309,309100.0
2016-09-14,12.520540258926552,12.698768417623167,12.40201808721738,12.502717018127441,346500.0
2016-09-15,12.556184444271786,12.663121327171295,12.360133067359955,12.511627197265625,447600.0
2016-09-16,12.49380352755839,12.627474405014615,12.395777424222361,12.467068672180176,113100.0
2016-09-19,12.431423839528879,12.605197011114031,12.431423839528879,12.520538330078125,439700.0
2016-09-20,12.520537583689375,12.600740450430798,12.431423098452525,12.582917213439941,392400.0
2016-09-21,12.520539338103744,12.663121854574808,12.458158849753527,12.61856460571289,286700.0
2016-09-22,12.52944991418431,12.93937503982257,12.52944991418431,12.770057678222656,117600.0
2016-09-23,12.707677440456942,13.322564674736402,12.609651335817064,12.796791076660156,766100.0
2016-09-26,12.796791747539558,13.02225078020063,12.778969359308055,12.868083000183105,212600.0
2016-09-27,12.814614623263667,12.975020362105148,12.70767774732226,12.859171867370605,662100.0
2016-09-28,12.948286866058496,13.13542663108134,12.698767462647647,12.983932495117188,1292400.0
2016-09-29,12.91264175983692,13.349300945951088,12.832438878742712,13.224541664123535,305400.0
2016-09-30,13.322566128861206,14.347379430994415,13.064135110904951,14.035479545593262,685600.0
2016-10-03,14.03547958197116,14.561253238797015,13.990922333961393,14.151328086853027,341900.0
2016-10-04,14.169148566557197,14.481048410731827,13.206715878632641,14.38302230834961,348500.0
2016-10-05,14.436494425986869,15.113760538077017,14.42758280612809,14.659279823303223,919100.0
2016-10-06,14.721660369033671,14.855331275710281,14.359856739135395,14.427583694458008,867200.0
2016-10-07,14.356290330969298,14.694923358331483,14.080036087758407,14.365201950073242,224500.0
2016-10-10,14.400846949488635,14.583530894650956,13.803782058030734,14.044390678405762,463800.0
2016-10-11,14.115680573296606,14.258263067999206,14.017654470794541,14.133502960205078,834400.0
2016-10-12,14.258265943254283,14.61472225189209,13.679024229253129,14.61472225189209,354100.0
2016-10-13,14.445402974260434,14.445402974260434,13.866162186050296,14.24935245513916,589200.0
2016-10-14,14.525607136747567,14.659279734098105,13.643378022568339,13.812694549560547,718800.0
2016-10-17,13.73248814072624,13.946361861900266,13.055220507149869,13.491880416870117,443300.0
2016-10-18,13.49188208689629,13.741401459151513,12.761145507646471,13.295830726623535,769600.0
2016-10-19,13.322564750608944,13.37603361252236,13.144336627328775,13.278007507324219,592700.0
2016-10-20,13.153250164180331,13.315438077468745,12.832438645631296,12.912641525268555,469300.0
2016-10-21,12.796791284568508,13.384945372387289,12.627474778130422,13.242362022399902,748000.0
2016-10-24,13.179983531193123,13.331477663149501,12.716590365689179,12.957198143005371,446400.0
2016-10-25,12.992843674744114,13.081958169301716,12.645298165800034,12.743324279785156,361000.0
2016-10-26,12.761145873144875,13.260185481807294,12.55618373824377,12.689854621887207,499600.0
2016-10-27,12.69876631196814,13.25127393724265,12.69876631196814,12.939374923706055,891800.0
2016-10-28,12.992843563841484,13.393857086210163,12.716590162816775,13.260186195373535,1171600.0
2016-10-31,13.295831477383159,13.429502364745893,13.00621065485805,13.233451843261719,575900.0
2016-11-01,13.179981669353833,13.69684362894742,13.135424428038794,13.456235885620117,950000.0
2016-11-02,13.438412649150626,13.63446400102158,13.358209784755296,13.456235885620117,877100.0
2016-11-03,13.474059010038324,13.563173497548098,13.04631150965238,13.242362022399902,804900.0
2016-11-04,13.144338385131732,13.652288816873519,13.019578257221976,13.44732666015625,460700.0
2016-11-07,13.554262829712137,13.812693841789985,13.447325947113592,13.625554084777832,477900.0
2016-11-08,13.661199487258594,13.794870375840006,13.313653987144628,13.429502487182617,398100.0
2016-11-09,13.358211414479612,13.696845299985641,13.139881840243907,13.509705543518066,1108400.0
2016-11-10,13.616643247101512,13.812694634716024,12.792337106993465,13.197807312011719,1403700.0
2016-11-11,13.367123439394195,13.45623793560035,12.80570415295658,12.921552658081055,1609400.0
2016-11-14,12.82352501781263,13.064132753245621,12.77896777795951,12.930461883544922,936300.0
2016-11-15,13.046314727610287,13.206719654890561,12.903731342453787,13.037403106689453,1380000.0
2016-11-16,13.090868313560039,13.144337177712318,12.734412052074058,12.770057678222656,269800.0
2016-11-17,12.832438330454883,13.073046963457092,12.00367724422899,12.021499633789062,1483000.0
2016-11-18,11.994764123550329,12.609651358958228,11.861093244070833,12.547271728515625,817200.0
2016-11-21,12.654208721298778,13.349298830886994,12.556183465414136,13.144336700439453,486100.0
2016-11-22,13.188895692152231,13.267315567310957,12.912641425520018,13.197807312011719,1212300.0
2016-11-23,13.304742642935484,13.714667760027698,13.081957271686644,13.5899076461792,423000.0
2016-11-25,13.491883174813221,13.785959814005833,13.45623754733105,13.643377304077148,133000.0
2016-11-28,14.445404867894974,15.051381442438121,14.258265943254283,14.61472225189209,2427900.0
2016-11-29,14.463228377250084,14.623634144049836,14.15132931385588,14.561254501342773,831600.0
2016-11-30,15.398928229278418,16.307891414907687,14.980090568532605,16.218778610229492,1675000.0
2016-12-01,16.459381333932622,16.539584197312543,15.915786226234374,16.022722244262695,1078200.0
2016-12-02,15.924701346409426,16.423740172960695,15.648446223029813,16.094017028808594,505300.0
2016-12-05,16.316801824773652,16.753460994228632,15.960345533353022,16.601966857910156,1982900.0
2016-12-06,16.6019658850791,16.70890361609786,16.361358964792647,16.619789123535156,938800.0
2016-12-07,16.717813560530605,17.13664942398337,15.995989472548638,16.584142684936523,836300.0
2016-12-08,16.530676033608515,16.726728273825106,16.263334232953895,16.298980712890625,653300.0
2016-12-09,16.37917941478962,16.619788018800136,16.236596916053934,16.441560745239258,806400.0
2016-12-12,16.922777138096063,17.23467700777742,16.673256902407466,16.958423614501953,1437100.0
2016-12-13,17.06536244254761,17.254284379211356,16.913868292416677,17.07427406311035,991500.0
2016-12-14,17.08318078251657,17.225763271177915,16.789104187187885,16.860395431518555,1724300.0
2016-12-15,16.824751383941,17.849565505981445,16.766828408131296,17.849565505981445,1336000.0
2016-12-16,17.97432116827258,18.687233571193175,17.163382672556438,17.377256393432617,5910800.0
2016-12-19,17.46637677060089,17.68916218425723,17.314882621325864,17.47528839111328,1026200.0
2016-12-20,17.5109308922556,17.92085688383453,17.359436762716065,17.680248260498047,1467800.0
2016-12-21,17.77827259345498,18.246121514394865,17.6535116347449,17.876296997070312,1174500.0
2016-12-22,17.75154018310349,18.14275059895274,17.359437415483224,17.403995513916016,845100.0
2016-12-23,17.279230229087226,17.48419403133077,16.566317829118656,17.01188850402832,1477400.0
2016-12-27,17.074271869983352,17.1990311424012,16.931689358729358,17.14556312561035,579900.0
2016-12-28,17.23467646959393,17.911944202699043,17.154473599902698,17.831741333007812,1528000.0
2016-12-29,17.867387002604087,17.867387002604087,17.350524983019483,17.58222198486328,919200.0
2016-12-30,17.9832388030294,17.9832388030294,17.429839578973716,17.573312759399414,778100.0
2017-01-03,17.778273130892643,17.778273130892643,16.753459073441647,17.36834716796875,946600.0
2017-01-04,17.305966913644305,17.653511532958508,17.13664956333236,17.64459991455078,690900.0
2017-01-05,17.608957137044644,17.894122159552637,17.109918347655658,17.14556312561035,960600.0
2017-01-06,17.1723000386976,17.33270580798186,16.79802047694026,16.976247787475586,766000.0
2017-01-09,16.887132275558383,16.98515668574116,16.691080055757748,16.726726531982422,424300.0
2017-01-10,16.76237244369372,16.896043339153813,16.361359757313434,16.806930541992188,485700.0
2017-01-11,16.80692853647544,16.833661692546883,16.521763540263684,16.575231552124023,512000.0
2017-01-12,16.584145408693292,16.691081446844624,16.25442227500505,16.46829605102539,1062000.0
2017-01-13,16.477207271259672,16.566321767369914,16.209865482646578,16.343536376953125,793200.0
2017-01-17,16.67325546885431,16.708901942195347,16.44156019100718,16.584142684936523,653200.0
2017-01-18,16.459383697607628,16.904954469386347,16.370270903025965,16.815841674804688,771900.0
2017-01-19,16.887130909465725,16.887130909465725,16.477204964630815,16.584142684936523,416100.0
2017-01-20,16.575230669800227,16.699989924072387,15.987077471492375,16.022722244262695,665100.0
2017-01-23,15.915786673895008,16.174216807830074,15.693001313732838,16.049457550048828,569600.0
2017-01-24,16.165307260254558,16.57523325931806,15.936283907865132,16.512853622436523,510300.0
2017-01-25,16.57523277104132,16.86930940747532,16.503941516745734,16.521764755249023,383400.0
2017-01-26,16.59305801090686,16.931691084725546,16.428195584442992,16.45047378540039,507200.0
2017-01-27,16.325711330580013,16.677712616405284,16.24016285154696,16.575231552124023,384100.0
2017-01-30,16.503940694704614,16.552061396605577,15.90687583232404,16.334623336791992,575800.0
2017-01-31,16.423739052057677,16.441562291004665,16.138574027776308,16.281156539916992,470800.0
2017-02-01,16.388091218619508,16.655434681558134,16.06728144269762,16.138572692871094,1160000.0
2017-02-02,16.218774183630686,16.628698412366482,16.174216093735055,16.495027542114258,811000.0
2017-02-03,16.48611758604302,16.726726196582337,16.339078424140936,16.53067398071289,670800.0
2017-02-06,16.65543666736674,16.65543666736674,16.423739651748615,16.46829605102539,421000.0
2017-02-07,16.42374013047172,16.44156337058902,15.969257705787005,16.129663467407227,701000.0
2017-02-08,16.058372010421344,16.227687690313434,15.924701110610538,16.067283630371094,915200.0
2017-02-09,16.076193910907882,16.423738561403304,15.924699783819547,16.290067672729492,1240000.0
2017-02-10,16.397001148082932,16.566318487195353,16.049456551757128,16.16530418395996,1356300.0
2017-02-13,16.05836991727475,16.192040799662074,15.840039506258716,15.987078666687012,693500.0
2017-02-14,15.987082145461295,16.499487589397898,15.795486549118696,16.40591812133789,818700.0
2017-02-15,16.36135832119338,16.744549434337287,16.298978688768557,16.53067398071289,508400.0
2017-02-16,16.601962728548735,17.02080025404461,16.174215285236446,16.209861755371094,1235900.0
2017-02-17,16.12075102581291,16.36848827177804,15.938067073214759,16.307889938354492,493900.0
2017-02-21,16.459382210089593,16.771282062090243,16.32125637114059,16.575231552124023,957400.0
2017-02-22,16.548497913286383,16.655435644588554,16.35244738890291,16.521764755249023,1283300.0
2017-02-23,16.539586131576097,16.824751145957443,16.24550949803064,16.789106369018555,1012300.0
2017-02-24,16.75346199004192,16.88713459452302,16.423740538273567,16.85148811340332,862700.0
2017-02-27,16.84257490075918,17.488652862369868,16.66434761116432,17.412906646728516,3482700.0
2017-02-28,17.40399204779109,17.457460055544257,16.468292563665383,16.76236915588379,1864300.0
2017-03-01,16.851486124311155,16.976245394068396,16.44156183812732,16.619789123535156,1233200.0
2017-03-02,16.628700283953545,16.628700283953545,16.076193504800866,16.227685928344727,872500.0
2017-03-03,16.147485884626413,16.44156253270436,16.12075102581291,16.307889938354492,497800.0
2017-03-06,16.218777242193646,16.9138665784732,16.218777242193646,16.806930541992188,1112000.0
2017-03-07,16.90495244641884,16.92277568308936,16.512851437971854,16.584142684936523,981200.0
2017-03-08,16.53067682603876,16.673259353185227,15.9603467174529,16.218778610229492,1779400.0
2017-03-09,16.138575542927097,16.352449331217407,15.639535003865264,15.871232032775879,1356300.0
2017-03-10,15.83558609916801,15.880142497759383,15.15831830232968,15.46130657196045,1285900.0
2017-03-13,15.425660631373923,16.058372051690412,15.425660631373923,16.03163719177246,994800.0
2017-03-14,15.942519380882773,16.045000439708815,15.577151536470847,16.022722244262695,949100.0
2017-03-15,16.06728542982324,16.4772097951148,15.750928835188867,16.200956344604492,1924200.0
2017-03-16,16.227685928344727,16.47720616069216,16.076193504800866,16.227685928344727,976500.0
2017-03-17,16.227687326989077,16.62870171716083,16.120751289421722,16.601966857910156,4365200.0
2017-03-20,16.601966689254542,16.931689817792588,16.351557485603067,16.806930541992188,1192300.0
2017-03-21,16.896043654740385,16.896043654740385,16.085104947455644,16.370271682739258,1626600.0
2017-03-22,16.19203969922207,16.851484147270995,16.067280444101765,16.254419326782227,1742500.0
2017-03-23,16.512853313102678,16.60196610713974,14.784038253245624,15.220697402954102,4939000.0
2017-03-24,15.17614402407516,15.585177745068664,15.060294649239403,15.3009033203125,1809500.0
2017-03-27,15.20287256959453,15.594975281155898,14.99791044526009,15.514772415161133,1369400.0
2017-03-28,15.488041542090114,16.245512304730525,15.434573517585454,16.17422103881836,861800.0
2017-03-29,16.129664105833502,16.294524834149517,15.7910293290723,16.218778610229492,680400.0
2017-03-30,16.41482855287899,16.806931337885285,16.058372248199515,16.094017028808594,850100.0
2017-03-31,16.11183920832784,16.352447835541348,15.951433456852172,16.24551010131836,906300.0
2017-04-03,16.12966333262658,16.54849927357688,16.1207517126424,16.298980712890625,1687900.0
2017-04-04,16.307889523154145,17.297057177740047,16.245509887228476,16.91386604309082,2006400.0
2017-04-05,17.002982159788306,17.484199453797462,16.610879368342076,16.655437469482422,2377700.0
2017-04-06,16.75345803181151,17.305966460604868,16.75345803181151,17.15447235107422,1151200.0
2017-04-07,17.15447462775114,17.297057138030365,16.91386600426085,16.949512481689453,3130900.0
2017-04-10,17.020804365982304,17.448551912631146,16.949513108207498,17.403995513916016,802700.0
2017-04-11,17.4039960338839,18.009970893215243,17.261413514074437,17.992149353027344,1173300.0
2017-04-12,18.001057955780393,18.107993977854832,17.626778479085,17.876296997070312,824400.0
2017-04-13,18.06343819116719,18.21493231061864,17.58667763577652,17.635690689086914,1505700.0
2017-04-17,17.733717796927397,17.733717796927397,17.35052663055776,17.555490493774414,914700.0
2017-04-18,17.403994534594798,17.546577042121307,17.02080340822322,17.11882781982422,1071600.0
2017-04-19,17.20794406199787,17.20794406199787,16.325714069561116,16.361360549926758,1010100.0
2017-04-20,16.477206980416145,17.092985775061138,15.532597417643446,15.70191478729248,1032800.0
2017-04-21,15.639533145880206,15.693002861388885,15.01573509573713,15.122671127319336,2069900.0
2017-04-24,15.211788630409089,15.403384232936506,14.9177119357862,14.971179962158203,1471100.0
2017-04-25,15.069203564586173,15.523685961768578,15.015735547187546,15.49695110321045,834000.0
2017-04-26,15.372191801830294,15.666268446572255,15.113759935384339,15.167229652404785,1327300.0
2017-04-27,15.104849242694176,15.162772216926014,14.400846635406888,14.882063865661621,2018200.0
2017-04-28,14.988999060531013,15.122669939367125,14.614719579959434,14.69492244720459,1256100.0
2017-05-01,14.748390523675194,14.819681772682568,13.78595866207566,14.178060531616211,2396900.0
2017-05-02,14.276087679539023,14.605809092896589,13.9374537970809,14.044390678405762,2849000.0
2017-05-03,13.990922807156696,14.391936353089884,13.990922807156696,14.293911933898926,1039600.0
2017-05-04,14.240440144094967,14.356289485909423,13.89289551808649,14.195883750915527,1454400.0
2017-05-05,14.169150228455848,14.436493711841118,13.634465811261721,14.338467597961426,3793500.0
2017-05-08,14.249353567377378,14.668189495349655,14.222619558112065,14.347379684448242,1303700.0
2017-05-09,14.374112920202471,14.432037598753615,14.031024058208631,14.080037117004395,1753200.0
2017-05-10,14.195885199888965,14.748392010465123,14.195885199888965,14.534518241882324,2233600.0
2017-05-11,15.05137889728335,15.283075883647916,14.284998388234747,14.37411117553711,1522500.0
2017-05-12,14.418668798698876,14.88206275631628,14.374110706783313,14.766213417053223,1910100.0
2017-05-15,15.024646428117041,15.274164963523086,14.748391335749574,14.828594207763672,1628100.0
2017-05-16,14.899884691803386,15.176139769914998,14.7305690371488,14.908796310424805,2278400.0
2017-05-17,14.757304191589355,15.015736067452515,14.534518795038776,14.757304191589355,1864900.0
2017-05-18,14.641453969097903,14.743935029597516,14.356288983408996,14.686010360717773,1727900.0
2017-05-19,14.7573021932956,15.131581676807905,14.72165741852738,14.908796310424805,1369800.0
2017-05-22,14.944443468507298,15.051379497420937,14.543429110787322,14.59689712524414,694900.0
2017-05-23,14.57016624329725,14.579077863718036,14.249354707020133,14.409760475158691,820100.0
2017-05-24,14.427580417852571,14.587986149322347,13.875071976091942,14.133502960205078,1077500.0
2017-05-25,14.124593179771395,14.365201793807925,13.572084699359827,13.883984565734863,1376000.0
2017-05-26,13.928540836534768,14.374110707551038,13.875071976091942,14.133502960205078,774300.0
2017-05-30,14.097858630570554,14.142415876719697,13.65228786879668,13.794870376586914,863500.0
2017-05-31,13.661199649395819,13.937453898897237,13.18889487429602,13.89289665222168,2826300.0
2017-06-01,13.973100249599685,14.302821682434356,13.794871253671227,14.062213897705078,1375000.0
2017-06-02,13.973098756682,13.99092114445536,13.322565030708843,13.5899076461792,1577900.0
2017-06-05,13.554262050943507,13.563173669779395,13.251273809393279,13.340388298034668,1180900.0
2017-06-06,13.340389140208972,13.86616278669584,13.224540637605186,13.857251167297363,991000.0
2017-06-07,13.910719641652815,14.04439138745154,12.832438304865482,12.885907173156738,1146100.0
2017-06-08,12.78788153782861,13.367123203364205,12.78788153782861,13.090868949890137,1434100.0
2017-06-09,13.090867795385796,13.554261766833866,12.868082428310853,13.4116792678833,1214400.0
2017-06-12,13.812694574206226,13.946365472077588,13.411681030733298,13.44732666015625,1706200.0
2017-06-13,13.474058395180428,13.781502428215031,13.38494476159589,13.670109748840332,1425400.0
2017-06-14,13.62555400479107,13.634465624086667,13.153249230288727,13.3938570022583,1833400.0
2017-06-15,13.313655073595998,13.438415203016051,12.770059005850694,12.912641525268555,864800.0
2017-06-16,13.090869674540878,13.340389933380985,12.565096846652235,12.912641525268555,4169500.0
2017-06-19,12.903728992262076,13.144337614148196,12.725500855601316,13.028489112854004,1422800.0
2017-06-20,12.85917259549098,13.224540488110234,12.645297981639276,13.028489112854004,1373800.0
2017-06-21,13.019578158319852,13.242363552985648,12.743324744855215,13.099781036376953,1100500.0
2017-06-22,13.171071459377101,13.384946070585135,13.010666563294553,13.081957817077637,826500.0
2017-06-23,13.153248933634737,13.500793579736692,12.921551936327585,13.48297119140625,8368800.0
2017-06-26,13.509704778392683,13.768135775082193,13.197805768517066,13.206716537475586,1513700.0
2017-06-27,13.331478210468658,13.509706358364193,13.108692813134528,13.197807312011719,1867900.0
2017-06-28,13.26018700857757,13.937454823364382,13.001755980548243,13.77704906463623,1749500.0
2017-06-29,13.812693614990085,14.115681868973725,13.482971353260472,13.794870376586914,1953300.0
2017-06-30,13.919631238383912,14.432037471786732,13.883985609534816,14.097859382629395,1541200.0
2017-07-03,14.195881424776719,14.730566553903655,14.160235806158829,14.668185234069824,668100.0
2017-07-05,14.712746502217453,14.837505769437774,13.982009887695312,13.982009887695312,2543700.0
2017-07-06,14.088946477725582,14.186971729740817,13.278007057048141,13.4205904006958,2017900.0
2017-07-07,13.313655655749205,13.447327410942522,12.725502312503501,12.787882804870605,1447100.0
2017-07-10,12.663120715435912,13.482970961251933,12.663120715435912,13.286919593811035,1019500.0
2017-07-11,13.233449457986847,13.545348422234312,13.108689362372687,13.491880416870117,615400.0
2017-07-12,13.64337784591001,14.285000015929262,13.64337784591001,13.732491493225098,1348700.0
2017-07-13,13.598819695080824,13.90180794553916,13.393856705123044,13.848339080810547,1084100.0
2017-07-14,13.821605082755408,14.383023488563586,13.799326034995545,14.365201950073242,1499500.0
2017-07-17,14.249353958851687,14.587988718190212,14.222619948851907,14.472139358520508,1415800.0
2017-07-18,14.596897167123826,14.694923277007184,14.436493123293157,14.498872756958008,1826800.0
2017-07-19,14.489963161794964,14.694925329526944,14.418671899117852,14.677102088928223,1407900.0
2017-07-20,14.730569834747264,14.828594245455568,14.316188894860316,14.365201950073242,1587200.0
2017-07-21,14.383023213163128,14.463226083845395,13.75922433543036,14.053301811218262,1380000.0
2017-07-24,14.080035258959795,14.356289485909423,14.071123640380417,14.195883750915527,865100.0
2017-07-25,14.258263067237667,14.828593046017602,14.249351448854554,14.766213417053223,1145300.0
2017-07-26,14.801861593391289,15.220697507275997,14.561252968519868,15.06920337677002,1135700.0
2017-07-27,15.060290674428353,15.274164425695938,14.657495024555192,15.256342887878418,720300.0
2017-07-28,15.193962381613332,15.372191367207112,14.95335546069458,15.122671127319336,1524000.0
2017-07-31,15.131582113934959,15.254560074858734,14.712746224933522,14.953354835510254,1450400.0
2017-08-01,15.363280742161757,15.363280742161757,14.561253654523213,14.757304191589355,896500.0
2017-08-02,14.623633498284015,14.962268257622542,13.93745490923065,14.472139358520508,1733900.0
2017-08-03,14.47213813844931,14.659278742247473,13.741402361094968,13.794870376586914,1556700.0
2017-08-04,13.830517395081909,14.249353315655233,13.679023262156642,14.035479545593262,1947800.0
2017-08-07,13.919631077089292,14.383024246757945,13.848339820217191,14.151328086853027,1455200.0
2017-08-08,14.757303685134247,16.209865372635537,14.57016477431866,14.784038543701172,3639000.0
2017-08-09,14.810774023581356,15.140495461150458,14.454316026606099,14.605810165405273,1414000.0
2017-08-10,14.739482677214768,15.122672132183508,14.374113062497855,14.391936302185059,1524700.0
2017-08-11,14.391934328404714,15.006822415542954,14.391934328404714,14.908796310424805,1176500.0
2017-08-14,15.015736416852684,15.060292817312506,14.57907723341908,14.58798885345459,878900.0
2017-08-15,14.596899205951747,14.712748570125667,14.391937038219767,14.677102088928223,801200.0
2017-08-16,14.784039395082619,14.882065515755496,14.43649471228638,14.58798885345459,498300.0
2017-08-17,14.489961069322675,14.712746445481294,14.22261844796058,14.24935245513916,644100.0
2017-08-18,14.356289359809594,14.641454352975103,14.169148770721334,14.445402145385742,907100.0
2017-08-21,14.409757867013619,14.45431426133511,14.142415251790943,14.204794883728027,674900.0
2017-08-22,14.29391268982171,14.623634144049836,14.276089449128897,14.561254501342773,681900.0
2017-08-23,14.677098274892515,15.260796504935742,14.454312924455497,15.095935821533203,1116000.0
2017-08-24,15.149407011658159,15.17614187122416,14.775127476322604,15.006824493408203,687000.0
2017-08-25,15.095938131528136,15.36327991307452,15.015735257120701,15.220697402954102,611600.0
2017-08-28,15.336545929467093,15.345457549322425,14.855330355302915,15.006824493408203,645500.0
2017-08-29,14.935529811074664,15.34545403215964,14.766212472066075,15.185050010681152,520700.0
2017-08-30,15.03355799003246,15.185052114403298,14.4186698735017,14.882063865661621,1381100.0
2017-08-31,14.988998405366857,15.57715160631172,14.944442014274847,15.407835960388184,687500.0
2017-09-01,15.479128814217372,15.924699570300897,15.381102703969383,15.559329986572266,1095600.0
2017-09-05,15.764295737316123,15.924701500907545,15.309813307046346,15.577155113220215,1149700.0
2017-09-06,15.728647819235658,16.2276866050224,15.621711786425868,15.75092601776123,1072800.0
2017-09-07,15.630622091405938,15.799937745736674,15.211784515587649,15.32763385772705,803300.0
2017-09-08,15.336543805948166,15.511208471436552,14.386587017288372,14.908796310424805,1879600.0
2017-09-11,14.908797785958832,15.327635404030879,14.890974546952016,15.167229652404785,925800.0
2017-09-12,15.14940430562954,15.880140006063947,15.095936295765833,15.56824016571045,1477300.0
2017-09-13,15.594977206111317,16.07619446147864,15.568242347573923,15.862318992614746,1101300.0
2017-09-14,15.924700557709468,16.085104612082628,15.7286483250573,15.844497680664062,2105400.0
2017-09-15,15.808850056699347,15.897964546928453,15.363279305271346,15.39892578125,2421300.0
2017-09-18,15.291988181804987,16.067282043694146,15.274164943665571,15.960344314575195,1362300.0
2017-09-19,15.951432401117211,16.076193366073078,15.479128497161994,15.666267395019531,1122900.0
2017-09-20,15.666267225083947,16.147484442442043,15.666267225083947,15.951432228088379,789100.0
2017-09-21,15.871230949682285,16.120751202185296,15.666268795689271,16.04054832458496,770200.0
2017-09-22,15.897966486164314,16.200954770071306,15.897966486164314,16.094017028808594,649000.0
2017-09-25,16.83366487284347,17.101008382087894,16.46829693995542,16.85148811340332,1867500.0
2017-09-26,16.833663129764087,17.065360133897226,16.59305620599139,16.949512481689453,1670900.0
2017-09-27,17.047539644131483,17.216857039784916,16.699994931748318,17.101009368896484,871500.0
2017-09-28,17.074271006409955,17.18120873430062,16.575232242261084,16.628700256347656,1362400.0
2017-09-29,16.495030270978056,16.495030270978056,16.009358058930925,16.013813018798828,1292200.0
2017-10-02,15.942521322516505,16.370270545877293,15.57715343360656,16.290067672729492,961000.0
2017-10-03,16.34353682326082,16.6197902390006,16.156396206347125,16.370271682739258,1021400.0
2017-10-04,16.530674391405512,16.673256897552463,16.129661730261287,16.593055725097656,905100.0
2017-10-05,16.637614565399772,16.708905828947902,16.45938555667054,16.548500061035156,695800.0
2017-10-06,16.31680151820476,16.48611889084246,16.227687022094518,16.343536376953125,751800.0
2017-10-09,16.34353495559976,16.503940694704614,16.254420467239566,16.334623336791992,417300.0
2017-10-10,16.55740796962862,16.842572959893293,16.37026908216146,16.379179000854492,704300.0
2017-10-11,16.370269317573378,16.80692842766019,16.12966071618347,16.744548797607422,842600.0
2017-10-12,16.486116276847202,16.887130595900704,16.361357021904944,16.75345802307129,834900.0
2017-10-13,16.922779772957803,16.95842625491382,16.548500211008687,16.646526336669922,701600.0
2017-10-16,16.806929441657598,16.922777090213867,16.509286803606724,16.69108009338379,865200.0
2017-10-17,16.81584201653507,16.842575175565795,16.26333350042567,16.343536376953125,1162500.0
2017-10-18,16.343535083438425,16.73563781545981,16.307888607928525,16.53067398071289,1789400.0
2017-10-19,16.290068754200615,16.610878568372286,16.263333894803942,16.46829605102539,1466700.0
2017-10-20,16.477205967165546,16.673256483317484,16.370269940070852,16.53067398071289,1345500.0
2017-10-23,16.575233946543808,16.887133843600793,16.51285430707595,16.566322326660156,2026500.0
2017-10-24,16.610873794733745,17.05644445832396,16.548494173785866,16.887128829956055,2223800.0
2017-10-25,16.557409248702147,17.101006115710867,16.495029614727546,16.593055725097656,1947700.0
2017-10-26,16.530675649237256,16.646525006620188,16.05837169908159,16.503942489624023,1082300.0
2017-10-27,16.495032179340615,17.118830315790973,16.450474076918425,16.976247787475586,1470600.0
2017-10-30,16.976248317272386,17.448554019380506,16.976248317272386,17.199033737182617,1546200.0
2017-10-31,17.136651383444086,17.386171626210096,17.047536889619256,17.31488037109375,1500600.0
2017-11-01,17.439642501763387,17.822833698230195,17.20794545972025,17.332706451416016,2548400.0
2017-11-02,17.359436892491345,17.582222278790418,16.976245756102127,17.14556312561035,1832700.0
2017-11-03,17.190121052146292,18.14364222409099,17.145562955498004,18.081262588500977,1788300.0
2017-11-06,18.170378886043164,18.63377298223321,18.063442832902638,18.48227882385254,3244900.0
2017-11-07,18.660505006826615,19.703140714794294,18.63377014774931,18.731796264648438,4161400.0
2017-11-08,17.938678299447933,18.045616031212333,17.47528599438241,17.849565505981445,8071300.0
2017-11-09,17.698072886648735,18.125820450746428,17.53321046529876,18.054529190063477,3583100.0
2017-11-10,18.081261447680212,18.16146261715173,17.894120853000047,18.00105857849121,3399400.0
2017-11-13,18.009970246362563,18.161464380683707,17.849566192126336,17.903034210205078,2709600.0
2017-11-14,17.831743623734106,18.001061003690843,17.546578583628683,17.626781463623047,3125900.0
2017-11-15,17.48419535760998,17.600042993998635,17.13664904900929,17.288143157958984,2345400.0
2017-11-16,17.35943684577255,17.617868709048416,17.11080895363251,17.54657745361328,1999200.0
2017-11-17,17.08318436564604,17.903034697267756,16.98337694259236,17.894123077392578,2817500.0
2017-11-20,17.79609413065577,17.894120233988527,17.573308768330357,17.876296997070312,1772600.0
2017-11-21,18.01888431684043,18.197113334301655,17.9297715078277,18.125822067260742,1463400.0
2017-11-22,18.31295949204964,18.56247975592575,18.31295949204964,18.51792335510254,1362200.0
2017-11-24,18.705057478169866,18.713969095991178,18.428804124578463,18.50009536743164,602500.0
2017-11-27,18.473363558834777,18.491186797415107,17.760451012797372,17.849565505981445,1545000.0
2017-11-28,17.911945757646627,17.911945757646627,17.66242550808873,17.671337127685547,2087900.0
2017-11-29,17.715891162095165,17.733714398910617,17.09209317101115,17.64459991455078,2265600.0
2017-11-30,17.822830727093674,18.134730604761334,17.706983075243304,18.081262588500977,2192900.0
2017-12-01,18.268396566735543,18.535738275630187,18.08125771045272,18.366422653198242,1389300.0
2017-12-04,18.44663120130968,18.455541121268972,17.73371692461251,17.769363403320312,1601300.0
2017-12-05,17.680248510810443,17.84956588145004,17.288145752383134,17.34161376953125,1504800.0
2017-12-06,17.18120957168583,17.341613621763383,16.691080702898674,16.815841674804688,848600.0
2017-12-07,16.851485757370487,17.020803119580982,16.619788761639683,16.824750900268555,1063600.0
2017-12-08,17.056447366430312,17.127738616771143,16.753459127552414,16.869308471679688,1056900.0
2017-12-11,16.851483594564662,17.3059659086617,16.806927204830906,17.297054290771484,658000.0
2017-12-12,17.403994457362153,17.591133360266156,17.00921805783006,17.190120697021484,1122400.0
2017-12-13,17.101004997076334,17.377258372200696,17.056446904496642,17.243587493896484,1055000.0
2017-12-14,17.190119761368848,17.368347035426442,17.109916893141822,17.17229652404785,1630600.0
2017-12-15,17.225767967015745,17.252502828321816,16.55741173182416,16.780197143554688,2615800.0
2017-12-18,16.86039798783554,17.288145518673215,16.726727096913464,16.949512481689453,1541300.0
2017-12-19,17.3059663489973,17.3059663489973,16.842572405219382,16.922775268554688,2134100.0
2017-12-20,17.074271347846818,17.199030616449484,16.7801947149137,17.190120697021484,1756700.0
2017-12-21,17.109918219745722,17.755994475409018,17.056448503636997,17.680248260498047,1912500.0
2017-12-22,17.796093854896444,18.116905315583484,17.733714226366722,17.947587966918945,1462300.0
2017-12-26,18.00106066028233,18.482276231350596,17.96541418109033,18.428808212280273,742700.0
2017-12-27,18.36642913534964,18.428808776126527,17.992149590970598,18.018882751464844,933100.0
2017-12-28,18.00996995829686,18.152554170422317,17.920857162830178,17.97432518005371,1024400.0
2017-12-29,18.018879389088156,18.04828789980539,17.50201741946201,17.64459991455078,1596500.0
2018-01-02,17.778275707162173,17.938679768367184,17.555490305817873,17.822832107543945,991400.0
2018-01-03,17.938674357847177,18.384245026146303,17.916396164375662,18.11690330505371,1868400.0
2018-01-04,18.02779258941126,18.232754731621853,17.626779924179782,18.15255355834961,1721000.0
2018-01-05,18.027797770511878,18.063444257515336,17.796100704143562,17.929773330688477,1011700.0
2018-01-08,17.742629328145323,18.183745173195447,17.733717708074664,18.018882751464844,1277900.0
2018-01-09,18.045613858356315,18.099081867941692,17.484195508416434,17.885208129882812,1622400.0
2018-01-10,17.92085449308897,18.05898032531574,17.6044979973277,17.65351104736328,1313400.0
2018-01-11,17.742627852844347,18.629314429392995,17.742627852844347,18.081262588500977,1430000.0
2018-01-12,18.090172508113042,18.277313114600673,17.938678378944044,18.081262588500977,746000.0
2018-01-16,18.072348781154766,18.25948766526793,17.671334458458865,17.751537322998047,1504700.0
2018-01-17,17.849567372224833,18.482277110520656,17.5911354849427,18.214935302734375,1574500.0
2018-01-18,17.99660567384545,18.4198983051609,17.99660567384545,18.09908676147461,1459800.0
2018-01-19,17.92977002570389,18.53574489560118,17.840655524339724,18.51792335510254,1181700.0
2018-01-22,18.535742829735682,19.150630950927734,18.517921291223306,19.150630950927734,1496100.0
2018-01-23,19.35559163498647,19.47144097504623,19.008047014242038,19.360048294067383,1739300.0
2018-01-24,19.50708875636499,19.729874152667808,18.918935446102967,19.0258731842041,3654600.0
2018-01-25,19.132811580022796,19.159546442771617,18.223848342895508,18.223848342895508,2156900.0
2018-01-26,18.152554404357648,18.49118745076088,18.06343990802491,18.304048538208008,2025200.0
2018-01-29,18.33969412587792,19.248658969074697,18.23275638561806,18.820911407470703,2782000.0
2018-01-30,18.589215007119147,18.713974291821604,18.081264548295977,18.642683029174805,1637600.0
2018-01-31,18.571391158523753,18.874379439782636,18.13918693678611,18.188199996948242,2873900.0
2018-02-01,18.268402428865393,18.624858721680205,17.911946136050577,18.16146469116211,1298900.0
2018-02-02,18.045614316238797,18.107103293694998,17.305966982623634,17.510929107666016,2376500.0
2018-02-05,17.234675947320756,17.751537925380617,17.02080220119779,17.10991668701172,1965900.0
2018-02-06,16.71781764473815,17.515389833560135,16.486120610569415,17.47528839111328,2494400.0
2018-02-07,17.49310716284994,17.876298285625538,16.66434698302354,16.958423614501953,1637700.0
2018-02-08,16.976244593493917,17.136650332598773,16.28115532366287,16.334623336791992,1710600.0
2018-02-09,16.45938491098859,16.575234272033295,15.283078258730605,16.129663467407227,3123500.0
2018-02-12,16.39700278322495,16.940599626326538,16.23659704593481,16.637611389160156,1416600.0
2018-02-13,16.423739769430203,16.48611940875173,15.942522495148092,15.969257354736328,1388700.0
2018-02-14,15.79102370573906,16.96287502690214,15.79102370573906,16.887128829956055,1407700.0
2018-02-15,16.896042686324485,17.216854182807317,16.12966212209645,16.717815399169922,1129300.0
2018-02-16,16.771282927545727,17.199030443936593,16.691080055757748,16.726726531982422,1039000.0
2018-02-20,16.780193189160016,16.976243693383513,16.557407829930746,16.584142684936523,1068200.0
2018-02-21,16.601965103656923,16.70890282964233,15.942520609279804,15.951432228088379,1537700.0
2018-02-22,16.085105850602158,16.708905675716,15.978169806119531,16.45047378540039,1363900.0
2018-02-23,16.47720293560012,16.96733168537967,16.37917684570077,16.887128829956055,1394600.0
2018-02-26,17.011893159666666,17.22576693818799,16.4950311033107,17.163387298583984,1849300.0
2018-02-27,16.726729734792364,17.840656834343513,16.183132766301686,17.199033737182617,3166400.0
2018-02-28,17.359437476030386,17.66242574755951,16.682169674948682,17.002981185913086,2575000.0
2018-03-01,17.10100304976554,17.53766210901906,16.646520755509695,17.377256393432617,1311600.0
2018-03-02,17.17229895344735,17.78718543055384,16.940601934648118,17.760452270507812,1429100.0
2018-03-05,17.715891264241225,18.06343758527672,17.484195983174132,17.876296997070312,1268000.0
2018-03-06,17.288143157958984,17.52875174859392,17.08318103988509,17.288143157958984,6721600.0
2018-03-07,17.18121090144138,17.546578826600506,16.343537309743937,16.361360549926758,3047500.0
2018-03-08,16.352448912024798,16.521766294141703,16.067283868281216,16.094017028808594,2815900.0
2018-03-09,16.16530828974449,16.2722460310072,15.906878106246019,16.094017028808594,2318000.0
2018-03-12,16.468298025951846,16.530677672307153,15.826676620945708,16.102930068969727,4425900.0
2018-03-13,16.48611889084246,16.548498528204338,16.102927747370757,16.343536376953125,2863000.0
2018-03-14,16.379181463307553,16.72672783469563,16.361359923524777,16.601966857910156,1342600.0
2018-03-15,16.637610514046234,16.815839479375686,15.853406805974872,16.085102081298828,1676600.0
2018-03-16,16.102931854800676,16.450476608590655,15.987084170110043,16.236602783203125,3454800.0
2018-03-19,16.09401520118573,16.272244183144803,15.759837134800625,15.960344314575195,2106000.0
2018-03-20,16.174220354149533,16.486120266706454,16.067284309666906,16.45047378540039,1349800.0
2018-03-21,16.51285174455014,17.127738123642406,16.47720527054729,16.878219604492188,1492000.0
2018-03-22,16.75346278681943,16.922780180755016,16.129664635017452,16.17422103881836,1227100.0
2018-03-23,16.218773372904757,16.69998882170177,16.102924044684396,16.209861755371094,1560400.0
2018-03-26,16.450470420977478,16.486116894993184,15.906875289977451,16.477205276489258,1505500.0
2018-03-27,16.486120444217242,16.561866668231534,15.505864294076982,15.603890419006348,1883900.0
2018-03-28,16.02272313743563,16.218775347611913,15.55932916756844,15.693001747131348,2149600.0
2018-03-29,15.773205851868033,16.521764877363182,15.648444881140449,16.352447509765625,2409100.0
2018-04-02,16.111840008193358,16.209866127787762,15.47021867015528,15.79994010925293,1515200.0
2018-04-03,15.933611876048726,15.933611876048726,15.238522480274092,15.603890419006348,2651700.0
2018-04-04,15.25634339295419,15.56824156155501,14.980088301168406,15.229608535766602,2437100.0
2018-04-05,15.37219242753245,15.737560343455806,15.220698289243423,15.621712684631348,2341000.0
2018-04-06,15.496951503296028,15.590522660806391,14.570165145683207,14.926621437072754,2900500.0
2018-04-09,15.024645251011263,15.2117841379044,14.739480261621296,14.766213417053223,2617200.0
2018-04-10,14.962267502979278,15.443483058139932,14.935532644469054,15.167229652404785,2807600.0
2018-04-11,15.104852169187449,15.710827084358023,15.104852169187449,15.443485260009766,3379200.0
2018-04-12,15.470218140324057,15.523686158399938,15.087026994725328,15.211786270141602,2678900.0
2018-04-13,15.22069652295535,15.906875875561257,15.167228509680895,15.470216751098633,2563700.0
2018-04-16,15.443481150153767,15.603886881962312,15.238519026050588,15.53259563446045,1606400.0
2018-04-17,15.54150914162296,15.675180034469303,15.36328015134942,15.550420761108398,1580700.0
2018-04-18,15.746470607597274,17.011891624439635,15.746470607597274,16.593055725097656,4767800.0
2018-04-19,16.76237134627631,16.994068343106385,16.459383096553715,16.69108009338379,2675700.0
2018-04-20,16.771280951175882,17.002977920179898,16.414824729522522,16.860395431518555,2343100.0
2018-04-23,16.789105217968547,17.118826605847413,16.708902350707756,17.10991668701172,1804900.0
2018-04-24,16.949511859201515,17.822830127517673,16.236597634270286,16.459383010864258,4485600.0
2018-04-25,16.503942530220954,16.691081446844624,16.15639615693493,16.46829605102539,2030400.0
2018-04-26,16.4772097951148,16.895155129174753,16.071740390438194,16.200956344604492,1977400.0
2018-04-27,16.138575542927097,16.321259509990764,15.754493716063779,15.871232032775879,1314700.0
2018-04-30,15.799940758094905,16.530676625798396,15.799940758094905,16.486120223999023,1844600.0
2018-05-01,16.48611758604302,16.63761170752509,16.24105401592372,16.53067398071289,1169600.0
2018-05-02,16.414825336001403,16.69999032386009,16.361357325707253,16.584142684936523,1484000.0
2018-05-03,16.486118728531864,16.673257638775066,16.05837119107516,16.24551010131836,1448000.0
2018-05-04,16.25442227500505,16.5752337888944,16.129662997255938,16.46829605102539,1728900.0
2018-05-07,16.566321862770472,17.288146055956705,16.566321862770472,16.90495491027832,2707900.0
2018-05-08,16.806928785812683,17.46637327426484,16.495028929184876,17.36834716796875,3368300.0
2018-05-09,18.232756843460436,18.705062516915145,17.79609765089337,18.214935302734375,6874100.0
2018-05-10,18.27731494456999,18.491188730742568,18.01888305728786,18.214935302734375,4617400.0
2018-05-11,18.134730823980558,18.286224954980874,17.412906646728516,17.412906646728516,1921100.0
2018-05-14,17.591138519278417,17.805012342342582,17.350529830936964,17.43073272705078,2827400.0
2018-05-15,17.430730231106676,17.62678248229755,17.05645066940878,17.573312759399414,2168000.0
2018-05-16,17.439638360312692,17.519841228886108,16.985156004969163,17.038625717163086,2638100.0
2018-05-17,17.28814486977547,17.831741732135004,17.15447398387063,17.59113311767578,4557400.0
2018-05-18,17.662425106301274,17.671336725695365,17.3059688291256,17.54657745361328,2011000.0
2018-05-21,17.715889940336066,18.152550713613632,17.617865544046076,18.134727478027344,2067300.0
2018-05-22,18.22384640373792,18.31295920398258,17.51984372372466,17.626781463623047,2291100.0
2018-05-23,17.457460747653045,17.63568971351933,16.878219158163688,17.252498626708984,2471100.0
2018-05-24,17.038627553991258,17.617869234130104,16.735639284432292,16.806930541992188,1975500.0
2018-05-25,16.245508812673503,16.245508812673503,15.657355570395293,15.987078666687012,3196100.0
2018-05-29,15.773203381227303,16.232140656029074,15.701912137571519,15.764291763305664,3252900.0
2018-05-30,15.933609545893951,16.646523777973684,15.933609545893951,16.557409286499023,2863800.0
2018-05-31,16.4237379854058,16.69107975337747,15.666267376529401,15.684090614318848,3754700.0
2018-06-01,15.808850280305425,15.808850280305425,14.668188528617504,15.07811450958252,5016600.0
2018-06-04,15.015736940702807,15.390016496662966,14.213708956562941,14.561254501342773,4713200.0
2018-06-05,14.489961983902875,14.712747374123305,14.062213592753064,14.650367736816406,3630400.0
2018-06-06,14.87315364229406,14.87315364229406,14.235987268212584,14.62363338470459,3179300.0
2018-06-07,14.632542938317222,15.30535399720756,14.614719701066727,15.291987419128418,4819300.0
2018-06-08,15.193962629395449,15.40783809548288,14.79294995484612,15.087026596069336,3086100.0
2018-06-11,14.971178384695282,15.291989908560293,14.926621984033023,15.149407386779785,1926800.0
2018-06-12,15.104849587249474,15.657356383051567,14.989000236708096,15.488039016723633,4029600.0
2018-06-13,15.452396271259964,15.880143853231708,15.443484650837496,15.603890419006348,3596100.0
2018-06-14,15.6395324920075,15.782114994634266,14.944443216631393,14.953354835510254,3001400.0
2018-06-15,14.837505763220513,14.837505763220513,14.2671757422037,14.516695976257324,3935300.0
2018-06-18,14.463225003183643,15.113757839251132,14.463225003183643,14.686010360717773,2916600.0
2018-06-19,14.516696582277959,15.514774160723583,14.383023990768942,15.416748046875,3499400.0
2018-06-20,15.594980128452638,15.759840871032399,15.354371455681347,15.72865104675293,2572700.0
2018-06-21,15.603887918974673,15.791026818710021,15.376645883904578,15.39892578125,2942300.0
2018-06-22,15.978168726530827,16.343536636642437,15.73756009312533,16.004901885986328,5219000.0
2018-06-25,16.04054874841135,16.156396408162976,15.559331470094511,15.79994010925293,1558600.0
2018-06-26,15.853407112377388,16.512851577293794,15.462195052830577,16.379179000854492,2391500.0
2018-06-27,16.610875018138533,17.109915421910692,16.495027384948365,16.798015594482422,4297700.0
2018-06-28,16.81583899049346,16.958421478724812,16.43264791597771,16.495027542114258,3482300.0
2018-06-29,16.539587834587376,16.94060223967537,15.906878106246019,16.094017028808594,2843100.0
2018-07-02,15.719737577777176,15.813308739334607,15.220698748247766,15.345458030700684,2073700.0
2018-07-03,15.586063593154575,15.80884895331925,15.309810222471253,15.648443222045898,1044800.0
2018-07-05,16.04054638647463,16.343534620863213,15.23851940709439,15.291987419128418,2012800.0
2018-07-06,15.158314373470768,16.174214955559812,15.158314373470768,15.897961616516113,3188100.0
2018-07-09,16.263332491359876,16.61087713493686,16.111838367287273,16.459383010864258,2341200.0
2018-07-10,16.486119873948407,16.89604420089558,16.19204320905047,16.325714111328125,2099600.0
2018-07-11,16.22768694905313,16.423739179556755,15.942521922557997,16.111839294433594,2447400.0
2018-07-12,16.174219711899447,16.33462547197173,15.764295391463795,16.03163719177246,1962400.0
2018-07-13,15.933611382478094,16.29006938946379,15.844498580449418,15.942523002624512,1718200.0
2018-07-16,15.719735221233297,15.80884970950527,15.291987717188817,15.586064338684082,1626100.0
2018-07-17,15.443481894602657,15.71973527952442,15.318722630389765,15.470216751098633,973900.0
2018-07-18,15.390015068413195,15.54150920080733,15.122671581984802,15.49695110321045,1785200.0
2018-07-19,15.496951830249966,15.817763349127858,15.26525481102901,15.79994010925293,1534400.0
2018-07-20,15.906874860854494,16.004899262318393,15.461304145983037,15.56824016571045,1555500.0
2018-07-23,15.639534179148251,15.719737057992514,15.341002563230585,15.3721923828125,1312100.0
2018-07-24,15.39892616657421,15.755382436692638,15.37219130892124,15.541508674621582,1711200.0
2018-07-25,15.577152368223542,15.82667258980853,15.354367002431841,15.79102611541748,1035500.0
2018-07-26,15.73755819465884,16.04054642986706,15.586064077054731,15.639532089233398,1447200.0
2018-07-27,15.57715345177464,15.897964944740009,15.479129039815552,15.541508674621582,1139000.0
2018-07-30,15.666266222407208,16.263331046628284,15.666266222407208,16.085102081298828,2237500.0
2018-07-31,16.102928003236936,16.218777359936325,15.755383332574107,16.004901885986328,1730600.0
2018-08-01,15.92469886922087,16.361357986992836,15.66626702620539,16.27224349975586,2411800.0
2018-08-02,16.06728007742021,16.503939160093385,15.826671491135807,16.495027542114258,2111700.0
2018-08-03,16.432652316966045,16.477208719077424,15.666269962682232,15.737561225891113,2999300.0
2018-08-06,15.74647133838796,16.227686894037657,15.701914940543263,15.862318992614746,2878600.0
2018-08-07,16.334621641018522,16.958421295062845,16.014702547704132,16.397001266479492,5893100.0
2018-08-08,16.35244536079881,16.63761034261372,16.01381067010559,16.388090133666992,4356600.0
2018-08-09,16.495031648827712,16.699993814224364,16.361360745295887,16.42374038696289,2470500.0
2018-08-10,16.46829268817688,16.56631878622993,16.263330573808982,16.495027542114258,1788900.0
2018-08-13,16.441563211925825,16.704450052107024,15.835586651527287,16.03163719177246,1617900.0
2018-08-14,16.165308348707843,16.361360591784962,16.040549066544397,16.325714111328125,3470100.0
2018-08-15,16.183129260483017,16.397003013298335,15.407837118992186,15.470216751098633,3112700.0
2018-08-16,15.6038899316747,15.693004433398425,15.425660928227254,15.612801551818848,1518500.0
2018-08-17,15.701914702948187,15.978168104783924,15.550420572963892,15.835585594177246,865700.0
2018-08-20,15.764292561173278,15.987077921337953,15.559328738036546,15.648443222045898,1157400.0
2018-08-21,15.737559297068753,16.33462419066,15.701914519691892,16.120750427246094,2228900.0
2018-08-22,16.272244023255443,16.593055507742495,16.09401504304763,16.227685928344727,1359300.0
2018-08-23,16.111836293105167,16.414824502244716,16.085101439457333,16.397001266479492,1684400.0
2018-08-24,16.566319140657903,16.878218977730917,16.49502789501699,16.75345802307129,1540100.0
2018-08-27,16.744550657862323,16.896043090696445,16.512853649270372,16.842575073242188,951200.0
2018-08-28,16.896043629622667,16.904955249435567,16.42373967756286,16.735639572143555,1903900.0
2018-08-29,16.931691384771206,17.239134642754166,16.72672921278257,16.976247787475586,1927400.0
2018-08-30,17.038624648901155,17.44854888504894,16.80692767640648,17.288143157958984,2074900.0
2018-08-31,17.24358777361438,17.297055785859914,17.02080240625429,17.17229652404785,1361000.0
2018-09-04,17.261415444580503,17.412909601285783,16.891590823907837,17.02971839904785,2370400.0
2018-09-05,17.020801787335003,17.270320301886006,16.691078707755953,17.047534942626953,2552300.0
2018-09-06,16.97624400856516,17.109916586358413,16.655434241126674,16.878219604492188,2367300.0
2018-09-07,17.118827333704676,17.172297047296922,16.699991442203842,17.12773895263672,3426700.0
2018-09-10,17.252498971681582,17.715891232708397,17.252498971681582,17.510929107666016,3476100.0
2018-09-11,17.430728953422573,18.232756041209566,17.199031937000964,18.027793884277344,3354100.0
2018-09-12,18.17037612204864,18.901111939651727,18.081263324559607,18.731796264648438,4471700.0
2018-09-13,18.5803023661187,18.918935420158824,18.53574426708863,18.758529663085938,4099700.0
2018-09-14,18.713973667210844,19.008050328278305,18.669417266937906,18.820911407470703,1558500.0
2018-09-17,18.936758659770852,18.999138298695268,18.687238404355508,18.758529663085938,2292800.0
2018-09-18,18.990226436858418,19.079340934065108,18.473364392720796,18.731796264648438,2354600.0
2018-09-19,18.776355148589914,19.177369589238584,18.776355148589914,18.91893768310547,1981100.0
2018-09-20,18.999134954037167,19.05260296374292,18.19710800958136,18.25057601928711,1977800.0
2018-09-21,18.312956883482897,18.59812358717155,18.250577251328895,18.562477111816406,3175500.0
2018-09-24,19.06151362799331,19.319945444785702,18.664065332866908,19.13280487060547,2100600.0
2018-09-25,19.426881150545825,19.46252762114485,19.016956936960614,19.239742279052734,2446900.0
2018-09-26,19.22192297989997,19.337772333352458,19.008049211661856,19.0704288482666,1425000.0
2018-09-27,19.177367337649695,19.516000392436208,19.088252839110815,19.355594635009766,1775100.0
2018-09-28,19.20410157302766,19.645217430657212,19.0347858860099,19.471445083618164,2075100.0
2018-10-01,19.515999813829925,20.14425454531201,19.337772521753898,19.49817657470703,2802700.0
2018-10-02,19.560556411743164,19.845721416972598,19.371634510792788,19.560556411743164,2828100.0
2018-10-03,19.622937012191,20.362584418386437,19.551645757366774,20.273469924926758,2787900.0
2018-10-04,20.157622277316612,20.60319304498772,19.765519525845114,19.90810203552246,2756500.0
2018-10-05,19.961571569589022,20.046231109703257,19.07042996648489,19.783344268798828,3662000.0
2018-10-08,19.596202285922264,19.596202285922264,19.16845475410249,19.373416900634766,1782500.0
2018-10-09,19.51599912363076,20.166532031151018,19.22192248737382,19.810075759887695,2789100.0
2018-10-10,19.845722325476086,19.97939321533192,18.77635180719423,18.945669174194336,2805100.0
2018-10-11,18.785261571398586,19.088249798333838,18.38424724171445,18.44662857055664,3348300.0
2018-10-12,18.794177174763977,18.96349456094429,18.428809241234404,18.642683029174805,2345800.0
2018-10-15,18.80308752247026,18.972404897191208,18.41544141429646,18.731796264648438,1050500.0
2018-10-16,18.84764294194802,19.23974568945439,18.66941565651245,19.114986419677734,1365700.0
2018-10-17,19.07934117723171,19.230835314498588,18.624858765431092,18.758529663085938,1510200.0
2018-10-18,18.49118374961033,18.713969095991178,18.268398403229483,18.50009536743164,1500400.0
2018-10-19,18.598126018535204,18.749620159164646,18.11690873663543,18.188199996948242,971600.0
2018-10-22,18.250577403481472,18.36642674963401,17.99214725387218,18.295135498046875,1064700.0
2018-10-23,17.911946142049306,17.956502541271952,17.421817252011824,17.46637535095215,2011200.0
2018-10-24,17.519841879372468,17.62677960801329,16.450471391834395,16.459383010864258,2022500.0
2018-10-25,16.61087750430713,16.89604252073372,16.46829499609383,16.619789123535156,3011900.0
2018-10-26,16.379182821153233,16.864855089638183,16.129664246332364,16.646526336669922,1623900.0
2018-10-29,16.70890370156373,16.7534600982142,15.826673790087275,16.120750427246094,2191000.0
2018-10-30,15.951432707229818,16.72672656968882,15.594976442767218,16.69108009338379,2389200.0
2018-10-31,16.860400268758063,17.403997225060436,16.74455260087809,17.07427406311035,1744700.0
2018-11-01,17.190120817518576,17.48419745251307,16.780194832537347,17.386171340942383,1596600.0
2018-11-02,17.448546908888,17.69806708940342,16.503937589329276,17.421812057495117,2196200.0
2018-11-05,17.644599708841653,18.054525652230815,17.6000433170399,17.983234405517578,2257800.0
2018-11-06,16.70890491584889,17.894123169891063,16.619790416354157,17.760452270507812,5421700.0
2018-11-07,17.84956661212856,18.2594909265739,17.421817358280684,17.662425994873047,4216700.0
2018-11-08,17.582220735124743,17.760449708403076,16.370269495871415,16.441560745239258,3510700.0
2018-11-09,16.04054751396562,16.682168802625917,15.630623226695379,16.521764755249023,4035000.0
2018-11-12,16.59305565741784,16.860397430423554,15.13158242579632,15.229608535766602,3668500.0
2018-11-13,15.140494011815079,15.425659022323485,14.320643756744643,14.516695976257324,5031600.0
2018-11-14,14.864240596963304,15.185052083139285,14.418669843815566,14.59689712524414,3882300.0
2018-11-15,14.561251921470655,15.318722519533445,14.481049052280625,15.256342887878418,3687700.0
2018-11-16,15.220696158645469,15.799937771120726,15.220696158645469,15.693001747131348,3725700.0
2018-11-19,15.37218991999653,15.791025787077874,15.176139414074553,15.514772415161133,4516300.0
2018-11-20,15.211786025586665,15.295553209121989,14.476595264780348,14.534518241882324,3256300.0
2018-11-21,14.703833788088845,15.033556869394376,14.391933943549539,14.766213417053223,2782300.0
2018-11-23,14.142416483644102,14.41867074173727,14.044391217796239,14.28499984741211,921900.0
2018-11-26,14.454315231289433,14.623632600564596,14.18697344798558,14.356290817260742,1501700.0
2018-11-27,14.231530830491653,14.45431536874385,13.63001011262017,13.821605682373047,2276600.0
2018-11-28,13.830517732743989,14.071125517473268,13.607732337692253,14.062213897705078,1850200.0
2018-11-29,14.133504401820508,14.472138286209141,13.91517482830523,14.276087760925293,1966700.0
2018-11-30,14.231531311028393,14.240442080961015,13.661200392257454,13.830517768859863,2678800.0
2018-12-03,14.276088075572217,14.677100754270857,14.258264836594245,14.534518241882324,2982800.0
2018-12-04,14.525604997347484,14.659277575010089,14.209250189609836,14.231529235839844,3751100.0
2018-12-06,13.803783604787165,13.946366129197125,13.162162244942348,13.402770042419434,4486800.0
2018-12-07,13.973100365711916,14.160240133104804,13.474060702711272,13.563175201416016,7555500.0
2018-12-10,13.260186610918126,13.3493002576489,12.609652825475234,13.019577980041504,4386700.0
2018-12-11,13.24236430765114,13.362668631592781,12.386868309386507,12.440337181091309,4434300.0
2018-12-12,12.672032075143557,12.885905826235401,12.351220598647048,12.360132217407227,3394400.0
2018-12-13,12.351220342753102,12.47598045323459,12.057143728629843,12.181903839111328,2566400.0
2018-12-14,12.030411638665106,12.030411638665106,11.300566448355553,11.335321426391602,4122000.0
2018-12-17,11.308584453869626,11.451167797573566,10.800634107081287,10.871925354003906,3187600.0
2018-12-18,11.130358213623781,11.130358213623781,10.150102978194901,10.159013748168945,4240600.0
2018-12-19,10.274862295541185,10.506559312925384,9.838203120373239,9.92731761932373,4863200.0
2018-12-20,9.758000071310567,9.927317446395318,9.149350722637827,9.348074913024902,5052700.0
2018-12-21,9.36589868879044,9.72235499907807,9.02726476908775,9.107467651367188,9680400.0
2018-12-24,8.920327528929603,9.196580946189336,8.795567400253656,8.947061538696289,2266600.0
2018-12-26,9.107465922129137,9.820379257202148,8.835667505979488,9.820379257202148,3778200.0
2018-12-27,9.588682274578144,9.927316129984293,9.401542534744712,9.820379257202148,3970300.0
2018-12-28,9.882759475563228,9.945139109268567,9.530758171405914,9.659974098205566,2494800.0
2018-12-31,9.757998777351858,9.94513851718529,9.570859037518428,9.820379257202148,2293300.0
2019-01-02,9.50847938705512,10.248126726266529,9.383719277481868,10.06989860534668,3378100.0
2019-01-03,10.052075386047363,10.479823726867846,9.864935646286911,10.052075386047363,2838400.0
2019-01-04,10.123367277022725,10.586761271499423,10.123367277022725,10.524381637573242,3725700.0
2019-01-07,10.542204339611088,11.35314300421828,10.399621829331862,11.299674987792969,4135700.0
2019-01-08,11.451167921380351,11.540281556067747,11.059065209207938,11.48681354522705,4081100.0
2019-01-09,11.647219677295572,11.84772686410836,11.344231417160158,11.780891418457031,3473500.0
2019-01-10,11.673953126495357,11.950206495141746,11.611572648205287,11.771978378295898,3892400.0
2019-01-11,11.673955618252878,11.72742363978981,11.379878950223109,11.61157512664795,3027000.0
2019-01-14,11.460079643507534,12.092790156826478,11.406611628217922,11.852182388305664,3244100.0
2019-01-15,11.923472938795385,12.083878674922541,11.780890439952902,12.030409812927246,4320100.0
2019-01-16,11.807625457725546,12.404690360180371,11.682865335619276,12.262107849121094,4415800.0
2019-01-17,12.128435091562336,12.484892189207523,11.959118586328453,12.395777702331543,2505300.0
2019-01-18,12.475981947079267,12.66312171027981,12.271019794452345,12.654210090637207,2537600.0
2019-01-22,12.55618397951928,12.55618397951928,11.67395409085895,11.754156112670898,2798700.0
2019-01-23,11.861096195141828,11.959121474491816,11.442259365448356,11.531373023986816,2621800.0
2019-01-24,11.513549775783346,11.593752657403298,11.317498381807782,11.397701263427734,2283900.0
2019-01-25,11.424435208291335,11.825449614084107,11.424435208291335,11.647220611572266,2391300.0
2019-01-28,11.424435302695198,11.74970264006589,11.139270256094031,11.5135498046875,2665400.0
2019-01-29,11.673954313273498,11.763067955826395,11.46007970145722,11.584839820861816,2025000.0
2019-01-30,11.629398307246037,12.003677855514837,11.567017815961986,11.994766235351562,1824300.0
2019-01-31,12.048232738925089,12.181903615671617,11.63830764041471,11.736332893371582,2040300.0
2019-02-01,11.807625020118806,11.919017708987852,11.638308506975717,11.870004653930664,1433600.0
2019-02-04,11.745245848458458,11.905650748837525,11.540282850947976,11.87891674041748,1548700.0
2019-02-05,11.914561408903255,11.968030271296834,11.477902290480849,11.49572467803955,2031300.0
2019-02-06,11.406613078376697,11.736335380777211,11.281852943741818,11.460081100463867,1917400.0
2019-02-07,11.326409743347948,11.38878938324636,10.827370074584087,11.10362434387207,3308600.0
2019-02-08,11.112536701222798,11.174916345260598,10.675876643381468,10.925396919250488,2595800.0
2019-02-11,10.836279782363953,11.05906514252722,10.666963282577699,10.987773895263672,3666500.0
2019-02-12,11.166002013422546,11.406610610331052,10.934305884745362,10.987773895263672,2998700.0
2019-02-13,11.05906575477572,11.344230759617131,10.814002184972475,10.961040496826172,2827600.0
2019-02-14,10.907573126558615,11.388789563028586,10.87192749607413,11.18382740020752,2604600.0
2019-02-15,11.308585592971838,11.602663078473142,11.246205958095784,11.5670166015625,2577700.0
2019-02-19,11.54919354043313,11.771978908998692,11.446712474859067,11.49572467803955,1535400.0
2019-02-20,11.42443284439217,11.718509447885106,11.370964834589106,11.67395305633545,1588400.0
2019-02-21,11.60266395766702,11.656131977366961,10.907572902696979,11.005599021911621,2481000.0
2019-02-22,11.12144690946552,11.317498302059619,11.05906726858239,11.18382740020752,2348600.0
2019-02-25,11.13035702022187,11.42888945374408,11.010052714953499,11.326408386230469,3759600.0
2019-02-26,9.579770808998807,9.89167066365389,8.697540957066408,8.768832206726074,16478000.0
2019-02-27,8.955971558359659,9.045085191612479,8.510400842519463,8.608426094055176,8508400.0
2019-02-28,8.635159648832614,8.68862850588355,8.073741324020368,8.08265209197998,8369800.0
2019-03-01,8.145033876929483,8.28761638552066,8.055919384130604,8.260882377624512,6659800.0
2019-03-04,8.314349781992183,8.450694317052395,8.02027316718413,8.287615776062012,4620000.0
2019-03-05,8.296530429283541,8.3945557201214,8.055921738328292,8.118301391601562,3583400.0
2019-03-06,8.064831488549311,8.136122747133665,7.752931594848633,7.752931594848633,2984900.0
2019-03-07,7.761842746863194,7.842045620401817,7.4989559279793925,7.744019508361816,6953900.0
2019-03-08,7.574702636008456,7.761842382186544,7.378651270998375,7.735108375549316,4794300.0
2019-03-11,7.752931594848633,7.913337351592849,7.449943320935708,7.752931594848633,4734000.0
2019-03-12,7.761841148492204,8.082651726724416,7.699461526300594,8.07374095916748,3984800.0
2019-03-13,8.189589430569438,8.36781839782326,8.020272931508748,8.091564178466797,3311200.0
2019-03-14,8.04700700611952,8.20741273808919,7.931158516347947,7.957893371582031,3798800.0
2019-03-15,7.948983251739928,8.30989536685335,7.895514381050336,8.180680274963379,7201000.0
2019-03-18,8.198501892721781,8.367819259067895,8.073742622633894,8.260882377624512,2779100.0
2019-03-19,8.37673080869753,8.43911129941059,7.984628873550105,8.047008514404297,2535000.0
2019-03-20,7.993540789343519,8.251971832261212,7.931160296322766,8.109389305114746,2858000.0
2019-03-21,8.091565488261907,8.287616874061053,8.038097469317764,8.251971244812012,2583300.0
2019-03-22,8.16285674597621,8.180679985528439,7.752931584722177,7.761843204498291,3708600.0
2019-03-25,7.761841982131625,7.877690471400301,7.530145003594274,7.824221611022949,2768000.0
2019-03-26,7.886601186511145,8.207411762456326,7.815309947412216,7.948980808258057,2889500.0
2019-03-27,7.922247490488186,8.038095976497107,7.850956245230185,8.011361122131348,3955200.0
2019-03-28,7.886603266197804,8.082653800488817,7.873235836644804,8.02027416229248,2528000.0
2019-03-29,8.145033560323169,8.198501574037108,7.708373582412652,7.833133697509766,3136600.0
2019-04-01,7.940069462288399,7.9668034653995825,7.668271072772349,7.877689838409424,3127500.0
2019-04-02,7.877692688201604,7.948983955527134,7.695008709447564,7.886604309082031,3061200.0
2019-04-03,7.966803784172807,7.99353863821236,7.476676691469045,7.521233081817627,6234600.0
2019-04-04,7.5034113850700175,7.815311245319747,7.481133187848786,7.735108375549316,2865600.0
2019-04-05,7.779665097596017,8.198501851890757,7.7529310898330115,8.145033836364746,3357900.0
2019-04-08,8.19850138428788,8.759920614443054,8.19850138428788,8.519312858581543,4720700.0
2019-04-09,8.45693306834311,8.51931355447277,8.10047678985421,8.207413673400879,3214600.0
2019-04-10,8.243058937782548,8.532679757516668,8.171767685228264,8.412375450134277,2497600.0
2019-04-11,8.367819174516756,8.421287189768794,7.877691168792904,8.02918529510498,5114100.0
2019-04-12,8.554959639441538,8.884681927126628,8.358908250867565,8.581693649291992,4542200.0
2019-04-15,8.537135016321153,8.947060116994264,8.510401010802545,8.938148498535156,3697100.0
2019-04-16,8.947060099392896,9.036174584091235,8.786654366879374,8.955971717834473,2666600.0
2019-04-17,9.018353004755026,9.339163678887425,8.944388087841089,9.143113136291504,3069100.0
2019-04-18,9.205491187576676,9.348073684792936,9.107465933205178,9.187668800354004,2413300.0
2019-04-22,9.267873331060509,9.758001435556555,9.196582063118425,9.624330520629883,3570200.0
2019-04-23,9.561948809347879,9.68670893733054,9.366788924403753,9.677797317504883,2833600.0
2019-04-24,9.419366258963597,9.749088542641823,9.339163380528031,9.561948776245117,2928600.0
2019-04-25,9.597595380225382,9.713443039628897,9.339163501968592,9.544126510620117,2278800.0
2019-04-26,9.43718915948887,9.668886166676229,9.330252275369814,9.5352144241333,2922000.0
2019-04-29,9.553038224270017,9.588683854403682,9.352531023606357,9.410455703735352,1552600.0
2019-04-30,9.57085918703178,9.624328049187488,9.11637683321383,9.383719444274902,2731900.0
2019-05-01,9.446100517006494,9.517391771108834,8.831212388050343,8.857946395874023,3148300.0
2019-05-02,8.670806101049985,8.920326324717545,8.595059891912983,8.768832206726074,4419400.0
2019-05-03,8.849034643160225,9.187668487445187,8.795565783595782,9.125288009643555,2632000.0
2019-05-06,8.92032609392688,9.152023074255588,8.84012322767012,8.955971717834473,4051300.0
2019-05-07,8.893593355475655,9.241138908692308,8.09513051000665,8.537137031555176,5198600.0
2019-05-08,8.537136133539121,8.947061287857359,8.439110867236936,8.635161399841309,3397700.0
2019-05-09,8.501489686435564,9.036174914456414,8.465844061224756,9.000529289245605,2496300.0
2019-05-10,8.964882060981989,9.089641301981656,8.77328654103697,8.893589973449707,3110900.0
2019-05-13,8.79556575591789,8.849034615314077,8.479210958221405,8.510400772094727,2296000.0
2019-05-14,8.581692739988808,8.902503373778188,8.465844243100177,8.697541236877441,2882100.0
2019-05-15,8.305438339707315,9.009440076443981,8.287615951995102,8.982706069946289,3565100.0
2019-05-16,9.053998369193497,9.32134101471165,9.045086749375828,9.19658088684082,3180800.0
2019-05-17,9.045086807746703,9.227770765893611,8.92923914880478,8.947061538696289,1504300.0
2019-05-20,8.964883144288933,9.027262772326655,8.822299801853339,8.875768661499023,1660900.0
2019-05-21,8.920327724602425,9.098555876721285,8.911416104531764,9.009441375732422,3143600.0
2019-05-22,8.893592152325251,8.991618265536317,8.358907738778157,8.474756240844727,2588000.0
2019-05-23,8.287616547189446,8.403465050144362,7.824222535369779,7.85095739364624,3524600.0
2019-05-24,7.9757169799720025,8.064831478015469,7.645994696985321,7.761843204498291,2115000.0
2019-05-28,7.806398909228838,7.806398909228838,7.476676691469045,7.521233081817627,3108600.0
2019-05-29,7.351916588860473,7.530144699830811,7.227156486251902,7.521233081817627,3483100.0
2019-05-30,7.547968222088656,7.601436232478018,7.209334373474121,7.209334373474121,2497400.0
2019-05-31,7.048929753328161,7.27171514805969,6.933081671014124,7.040018558502197,2769200.0
2019-06-03,7.129131330856169,7.18260018977541,6.924168788096881,6.995460033416748,3770200.0
2019-06-04,7.093486643453275,7.1647778981727015,6.977638142069509,7.129132270812988,3476900.0
2019-06-05,7.129131414928022,7.191511042853861,6.612269455334435,6.728117942810059,3392800.0
2019-06-06,6.7281182311442,6.835055104967868,6.478598433959613,6.647915363311768,3106300.0
2019-06-07,6.585535729688551,6.612270162321903,6.255813468477092,6.540978908538818,4801000.0
2019-06-10,6.576624196890624,6.7325737002810815,6.478598515520179,6.505332946777344,3199400.0
2019-06-11,6.612270575286875,6.639004584660491,6.2424468544929885,6.309282302856445,4603600.0
2019-06-12,6.220168674797524,6.23799149063072,5.899357564870556,5.961737632751465,4292300.0
2019-06-13,6.077584949883116,6.148876199160207,5.8815335894417515,6.139964580535889,7429200.0
2019-06-14,6.131054173602362,6.237991061240568,5.542900441733389,5.703306198120117,6303600.0
2019-06-17,5.658749035177081,6.202345526330456,5.569634960790322,6.157788276672363,4961200.0
2019-06-18,6.19343376159668,6.444735742941368,6.086496874833234,6.19343376159668,3704200.0
2019-06-19,6.193434154693254,6.451865193238878,6.00718588048439,6.220168590545654,3268600.0
2019-06-20,6.3983957694233995,6.754852451757351,6.331560327392386,6.594447135925293,3724700.0
2019-06-21,6.58553595584975,6.683561645632595,6.393940810960277,6.4785990715026855,2559700.0
2019-06-24,6.4785990715026855,6.656827212081126,6.4429534433869975,6.4785990715026855,2530300.0
2019-06-25,6.442954136929726,6.585536664740573,6.3716628730243015,6.425131320953369,5349500.0
2019-06-26,6.52315616607666,6.83951142687865,6.434041672948689,6.52315616607666,5608600.0
2019-06-27,6.540978989390814,6.656827065755609,6.425130488096622,6.514244556427002,2488200.0
2019-06-28,6.567713005899496,6.808321203166674,6.567713005899496,6.763764381408691,3097300.0
2019-07-01,6.897435281475509,6.977638155655726,6.665738703186236,6.754852771759033,3040600.0
2019-07-02,6.7459410525595755,6.835055114199661,6.567712504350042,6.639003753662109,3334500.0
2019-07-03,6.665738602659216,6.6746497969174055,6.451864416380573,6.540978908538818,1508400.0
2019-07-05,6.505334050146022,6.71029664145006,6.496422429905679,6.701385021209717,1976300.0
2019-07-08,6.478598405814078,6.674649340305748,6.385028535392532,6.398395538330078,2445500.0
2019-07-09,6.353839665252661,6.362750860226624,6.122142646917659,6.157788276672363,5172200.0
2019-07-10,6.27363650959141,6.768219919356894,6.229079261895317,6.719207286834717,4995600.0
2019-07-11,6.710295632046468,6.772675264627581,6.451864208034086,6.594447135925293,5517800.0
2019-07-12,6.567713328888365,6.901891420689828,6.558802134070289,6.799410343170166,3652900.0
2019-07-15,6.737029430625573,6.781586673888437,6.131053386840934,6.139964580535889,5921900.0
2019-07-16,6.131054480809702,6.20680155291456,5.649838037396152,5.872623443603516,5369000.0
2019-07-17,5.730040701778933,5.730040701778933,5.409230011194507,5.462698459625244,3491600.0
2019-07-18,5.453785488732608,5.542899547385883,5.391405860139991,5.435962677001953,3748900.0
2019-07-19,5.427051941127061,5.596368879307165,5.284469010332066,5.560722827911377,3854800.0
2019-07-22,5.587456851556128,5.730039346993173,5.346848678041438,5.427051544189453,4670100.0
2019-07-23,5.3914067671092205,5.587457729127091,5.369128142465743,5.569634914398193,3461000.0
2019-07-24,5.560722420539584,5.712216534388211,5.471608360901967,5.5428996086120605,3335000.0
2019-07-25,5.5874578450832955,5.596369465097397,5.132975847599862,5.17753267288208,3058900.0
2019-07-26,5.159709330827553,5.284469023777389,4.972569578938107,5.0705952644348145,2783200.0
2019-07-29,5.115151837910648,5.115151837910648,4.758695589570048,4.883455276489258,4293900.0
2019-07-30,4.829987593960881,5.399427028333053,4.767607528289228,5.293381214141846,6632700.0
2019-07-31,5.3022918701171875,5.55181168250207,5.177532176389442,5.3022918701171875,5299100.0
2019-08-01,5.1864439682589065,5.1864439682589065,4.678493132344104,4.776518821716309,6957500.0
2019-08-02,4.776518485411463,4.856720930224193,4.607201552027787,4.740872859954834,5090200.0
2019-08-05,4.607201778123386,4.749784286947053,4.491353277239459,4.669581413269043,7098700.0
2019-08-06,4.901277721956355,5.0171262064583635,4.1259848024662995,4.215098857879639,12912800.0
2019-08-07,4.108162594987138,4.215099477195151,3.9388456523597504,4.1794538497924805,10378600.0
2019-08-08,4.277478987748308,4.433428481355474,3.9923135802553067,4.188364505767822,9492100.0
2019-08-09,4.232921610353752,4.250744421189647,4.027959073276292,4.099250316619873,6223800.0
2019-08-12,4.081427291873561,4.206186961186088,4.010136052266403,4.03687047958374,3977000.0
2019-08-13,3.992314195296507,4.14380832808675,3.912111319130047,4.027959823608398,4626100.0
2019-08-14,3.9834028609277126,3.9834028609277126,3.6358577475411322,3.6536805629730225,5807200.0
2019-08-15,3.6180344780390663,3.6982373498816794,3.4932747856734117,3.5289204120635986,6675900.0
2019-08-16,3.52892029535012,3.8229969158077353,3.493274670138856,3.8140857219696045,7187400.0
2019-08-19,3.9031997100126565,4.152719081697942,3.840819654626654,4.143807888031006,7207400.0
2019-08-20,4.117074284512034,4.357682510881453,4.07697284262889,4.295302867889404,5995200.0
2019-08-21,4.357681426629666,4.420061479030138,4.134896071537137,4.188364505767822,5098200.0
2019-08-22,4.206187323180871,4.2774789938528714,4.054693638442396,4.063604831695557,4116300.0
2019-08-23,3.947756531783075,4.179453516344426,3.814085652152379,3.8319084644317627,5456800.0
2019-08-26,3.921022925379584,4.11707388043033,3.849731668997494,3.9655797481536865,4486500.0
2019-08-27,3.9923140496909237,4.023503867093938,3.81408591463171,3.8853771686553955,3743900.0
2019-08-28,3.95666882073915,4.27747992105028,3.95666882073915,4.081428527832031,3776400.0
2019-08-29,4.13489650498335,4.384416315812151,4.07251687097319,4.3309478759765625,3193600.0
2019-08-30,4.437885394647743,4.437885394647743,4.2106441739295555,4.295302867889404,4296400.0
2019-09-03,4.179453492315223,4.322035989730534,3.996769561269516,4.27747917175293,5608000.0
2019-09-04,4.4289727730912976,4.700771184446156,4.371048953386489,4.544821262359619,4508100.0
2019-09-05,4.4557077259814095,4.562644609421907,4.241833959100415,4.286390781402588,6151800.0
2019-09-06,4.259656672240978,4.339859120459385,4.054694104697239,4.072516918182373,6449300.0
2019-09-09,4.188364973090526,4.339859099445311,4.090339711861634,4.197276592254639,20070300.0
2019-09-10,4.197276373185963,4.473530178914056,4.143807935780141,4.2596564292907715,22247700.0
2019-09-11,4.33094728241584,4.491352579938898,3.9566678299327105,4.099250316619873,9958800.0
2019-09-12,3.9744913811405613,4.179453956398641,3.8408200625062645,4.027959823608398,8646100.0
2019-09-13,4.117073281203743,4.201731954532736,3.8809209225769257,3.929933547973633,6274000.0
2019-09-16,4.714139112181058,5.427052574580116,4.633936230805569,5.16862154006958,25742000.0
2019-09-17,5.097328792040007,5.1240632219058195,4.286390226811434,4.313124656677246,11971500.0
2019-09-18,4.170542010848232,4.322036131796308,4.036871127592283,4.241833686828613,27959800.0
2019-09-19,4.277479402550805,4.339859036071111,4.134896472512856,4.206187725067139,10982900.0
2019-09-20,4.206188122104742,4.518088018865186,4.161631297517125,4.4735307693481445,12451000.0
2019-09-23,4.446796011462596,4.500264876968743,4.241833868383069,4.428973197937012,5946300.0
2019-09-24,4.37550472624298,4.37550472624298,4.130441148241358,4.197276592254639,5605700.0
2019-09-25,4.1348968898855185,4.152719704823108,3.8898328657965977,4.108162879943848,6485800.0
2019-09-26,4.0814281788431295,4.139352429844279,3.8942884217407676,3.9834024906158447,4833700.0
2019-09-27,3.903200360605183,4.11707414341287,3.8720101152486537,4.023504257202148,4774800.0
2019-09-30,3.965580001459375,4.032415877283852,3.8140862844353136,4.023504257202148,3837400.0
2019-10-01,4.081428372543387,4.103706997051826,3.609123572625694,3.635857582092285,9668800.0
2019-10-02,3.59130075004119,3.7873517104359915,3.4932750573790803,3.5200092792510986,4696200.0
2019-10-03,3.5021862827899146,3.6180345715522853,3.310590717293562,3.5690219402313232,6134000.0
2019-10-04,3.5823889509387614,3.7784399015185595,3.3239579399825105,3.3818821907043457,4732800.0
2019-10-07,3.3863378878992907,3.537832021195017,3.2615781883913906,3.413072109222412,4449100.0
2019-10-08,3.341780817745573,3.484363542456677,3.243755340576172,3.243755340576172,6479300.0
2019-10-09,3.3150468885789537,3.374753299592628,3.163552743513861,3.2259325981140137,4617700.0
2019-10-10,3.208109719685678,3.372971079454485,3.172464089183682,3.306135416030884,5166400.0
2019-10-11,3.341780600138218,3.430894664489362,3.279400755092418,3.2972235679626465,4816500.0
2019-10-14,3.2437551250796495,3.2437551250796495,2.8605642239450506,2.9229440689086914,5248400.0
2019-10-15,2.9229441257927267,3.136818096580716,2.7714500011823655,2.971956968307495,6959500.0
2019-10-16,2.949678533532361,3.1813753322773413,2.9140329048738574,3.043248414993286,6192800.0
2019-10-17,3.0655269622802734,3.1279068108687076,2.9140328318150908,3.0655269622802734,6579000.0
2019-10-18,3.0744377595640753,3.0922605699122423,2.8070953918769073,2.842741012573242,7188900.0
2019-10-21,2.842741596733075,3.029881356309159,2.7759059379609448,2.816007375717163,9286000.0
2019-10-22,2.816007345061475,3.2526667084971987,2.784817314650102,3.1279067993164062,8680700.0
2019-10-23,3.127906734238546,3.332869301329608,3.0298812602868055,3.270489454269409,5332800.0
2019-10-24,3.3239580037147727,3.3239580037147727,3.1635524649728683,3.243755340576172,3778000.0
2019-10-25,3.2437551767087536,3.484363366434259,3.1724637117223393,3.408616304397583,4974500.0
2019-10-28,3.421983715162371,3.467432042777718,3.2972240084053848,3.306135416030884,3920400.0
2019-10-29,3.2526665357870748,3.399704848198806,3.208109291146814,3.2972235679626465,3076600.0
2019-10-30,3.3061348299314757,3.3774260782972174,3.0744380602781347,3.0833494663238525,3907700.0
2019-10-31,3.0655268655777506,3.1457295255185884,2.90512133323138,3.029881238937378,4437200.0
2019-11-01,3.0922610759735107,3.1991979555631755,3.0387926361786786,3.0922610759735107,5415700.0
2019-11-04,3.1635524759345386,3.5021863686225094,3.1635524759345386,3.3596036434173584,6512500.0
2019-11-05,3.1100840795919202,3.57347789023668,2.940767130747172,3.1635525226593018,10657800.0
2019-11-06,3.1724638338578677,3.2526667084971987,2.9407670417775673,3.1279067993164062,7429800.0
2019-11-07,3.1902866841671442,3.3150465947750263,3.0744383930341916,3.118995428085327,6523700.0
2019-11-08,3.0655267785853018,3.1902864682862186,2.9452226858556454,3.1724636554718018,5026200.0
2019-11-11,3.118995125825922,3.1546407504124403,3.065526688946144,3.0744380950927734,3195600.0
2019-11-12,3.1011726677957077,3.1813753322773413,2.980868564840905,3.043248414993286,4448000.0
2019-11-13,3.012058381983291,3.0387926015762874,2.887298478084616,2.9140326976776123,4519300.0
2019-11-14,3.047704170319767,3.1011726123515904,2.7848173449662483,2.816007375717163,4739400.0
2019-11-15,2.8338300643186276,3.065526848667654,2.80709584448582,2.967501163482666,5963900.0
2019-11-18,2.9318557041503026,2.949678518388048,2.691247499476033,2.807096004486084,7584400.0
2019-11-19,2.7892731274986766,2.7981845344170715,2.619956183584475,2.6377789974212646,5384900.0
2019-11-20,2.762538853597039,2.9184888023597804,2.628867742112176,2.8382859230041504,7059600.0
2019-11-21,2.833830431553551,2.967501548039975,2.833830431553551,2.9318559169769287,4994500.0
2019-11-22,2.9184885836810115,3.065526901529316,2.8382857103348846,3.020969867706299,5060600.0
2019-11-25,2.967501548039975,3.0120587993335035,2.887298878148121,2.9318559169769287,6611300.0
2019-11-26,2.949678754748566,2.949678754748566,2.7179819386270867,2.7491719722747803,6646100.0
2019-11-27,2.744715506819924,2.8694753991593167,2.7135256930835796,2.8605639934539795,3162500.0
2019-11-29,2.8070959544880463,2.8427415823286424,2.717981672421855,2.753627300262451,1719500.0
2019-12-02,2.7892733566118215,2.8694760254652865,2.6377792140905596,2.7046148777008057,5775000.0
2019-12-03,2.65560190130522,2.7981846292989867,2.602133457981823,2.6778805255889893,4483900.0
2019-12-04,2.735804499995711,3.047704170086923,2.726893092991088,2.9942355155944824,8021000.0
2019-12-05,3.0120583904998695,3.083349642949436,2.9184885154274673,3.038792610168457,9521900.0
2019-12-06,2.9496783401677806,3.306135028314903,2.931855527006894,3.2170207500457764,10382900.0
2019-12-09,3.20810943290024,3.4843634695247148,3.1546409919269984,3.4398062229156494,8495100.0
2019-12-10,3.4398062586059055,3.6091234150406755,3.2794009340218713,3.4308948516845703,5397000.0
2019-12-11,3.413072365034216,3.4665410241526713,3.3328696950536134,3.3506925106048584,3204600.0
2019-12-12,3.3685148305123733,3.6625916687668503,3.3284133951902426,3.6091232299804688,8096600.0
2019-12-13,3.609123490521379,3.760617198887696,3.3863378878992907,3.413072109222412,7481200.0
2019-12-16,3.4843626193330923,3.880920445154089,3.395248360323721,3.667046308517456,7182000.0
2019-12-17,3.6715028897836706,3.8675542583724445,3.609123256538555,3.8497314453125,7485800.0
2019-12-18,3.831908973273805,3.9923143050886014,3.796263343981628,3.8764657974243164,5478900.0
2019-12-19,3.894288767810565,3.9655800292459946,3.822997506375135,3.903200387954712,4620900.0
2019-12-20,3.9210232138801033,3.9210232138801033,3.7338834396430696,3.8942887783050537,5893000.0
2019-12-23,3.921022179948698,4.054693472717387,3.8408193193016196,4.04132604598999,5315800.0
2019-12-24,4.05469480072222,4.099251629618941,3.9210234641731256,4.019049167633057,3183800.0
2019-12-26,4.054694339984081,4.108162783542165,3.983402656977221,4.001225471496582,1794200.0
2019-12-27,4.027959511971399,4.059149328098844,3.831908571424154,3.858642578125,2802100.0
2019-12-30,3.8764657381945247,4.068061311409589,3.849731729098579,3.9566686153411865,3726000.0
2019-12-31,3.9210230514043682,4.224010900766518,3.885377422067645,4.117074012756348,3706900.0
2020-01-02,4.161631036091144,4.277479537614525,4.072516967584466,4.1794538497924805,4800700.0
2020-01-03,4.500265551255357,4.767607794195716,4.183910245078838,4.268568515777588,12346800.0
2020-01-06,4.420062858476794,4.482442930345311,4.295303139669237,4.464620113372803,7669800.0
2020-01-07,4.43788521177562,4.464619646905885,4.197276995320953,4.455708026885986,5948100.0
2020-01-08,4.411150733882863,4.411150733882863,3.974491555447216,4.108162879943848,4707400.0
2020-01-09,4.125985622406006,4.125985622406006,3.889832797469334,4.125985622406006,5028400.0
2020-01-10,4.125984640700271,4.125984640700271,3.894287680780315,3.938844919204712,5109600.0
2020-01-13,3.965579473265197,4.054693962494922,3.831908589279364,3.921022653579712,6952700.0
2020-01-14,3.9566687090919457,4.081428412664423,3.867554635111605,3.992314338684082,3720600.0
2020-01-15,3.9744917482601356,4.027960195666797,3.876466048883201,3.9343903064727783,4581700.0
2020-01-16,3.9923147303514517,4.161631699989709,3.938846280717707,4.019049167633057,5725400.0
2020-01-17,4.05469339916469,4.125984640700271,3.894287680780315,3.938844919204712,9752500.0
2020-01-21,3.805174103202103,3.9923138480259253,3.7026930369520614,3.8140857219696045,9293200.0
2020-01-22,3.8140856782923827,3.872009499900341,3.618034316946152,3.6937813758850098,9074100.0
2020-01-23,3.644768882799252,3.644768882799252,3.3328692293087876,3.475451946258545,9360700.0
2020-01-24,3.4308947204411115,3.4487175336019984,3.145729497402229,3.2170207500457764,11828500.0
2020-01-27,3.038792726884142,3.2214766745351318,2.976412666130151,3.0031468868255615,8542500.0
2020-01-28,3.0477041483978637,3.163552438633527,2.94967845957991,3.0655269622802734,5597600.0
2020-01-29,3.0833495969941707,3.1902864740746977,2.914032662485314,2.9229440689086914,5054300.0
2020-01-30,2.8605641215577875,2.9853238070195856,2.842741309348959,2.9496781826019287,6311200.0
2020-01-31,2.887298276212082,2.9496781175676348,2.8249184348565293,2.905121088027954,6413200.0
2020-02-03,2.905121431049685,2.9496784658504303,2.717981672421855,2.753627300262451,8975200.0
2020-02-04,2.816007206585957,2.88729845834659,2.59322183236929,2.6110446453094482,8154100.0
2020-02-05,2.6734248085922454,2.8917543993108823,2.6734248085922454,2.8338303565979004,8934500.0
2020-02-06,2.8160072528867834,2.842741472736585,2.6199560948568785,2.7803614139556885,7016400.0
2020-02-07,2.762538905883806,2.780361721085788,2.575399346262995,2.646690607070923,5711200.0
2020-02-10,2.6110445619733125,2.6110445619733125,2.4684618505381386,2.5041074752807617,6325200.0
2020-02-11,2.575399408191453,2.6288678550831097,2.44172807849759,2.450639486312866,4544700.0
2020-02-12,2.5219301516951607,2.5575757745161325,2.441727500347973,2.4773731231689453,6915500.0
2020-02-13,2.4595504936189907,2.5575759636247217,2.343702210884945,2.370436429977417,9890900.0
2020-02-14,2.3971709636009204,2.4684622238682534,2.33479089840229,2.352613925933838,5406500.0
2020-02-18,2.316967772172578,2.459550486023462,2.2813221468260285,2.43281626701355,5789100.0
2020-02-19,2.4773733938410714,2.6734245532411887,2.4363808806252716,2.655601739883423,7546900.0
2020-02-20,2.6466903583437897,2.7937286761743287,2.584310510999103,2.7090702056884766,6511500.0
2020-02-21,2.6823359333952137,2.7179815597582553,2.548664622069114,2.602133274078369,5894200.0
2020-02-24,2.4506388055068795,2.495195832204981,2.281321891589431,2.379347562789917,9633200.0
2020-02-25,2.406082402474603,2.406082402474603,1.9694230027200834,2.0407142639160156,11114400.0
2020-02-26,2.058536563727884,2.0674479691458316,1.9248654824586695,2.0496251583099365,8863000.0
2020-02-27,1.8446626067816592,2.05853654760161,1.8268397960853853,1.898131251335144,11852000.0
2020-02-28,1.8357516295074379,2.129828499500267,1.8134732171743846,2.1120054721832275,6133000.0
2020-03-02,2.183296684636551,2.183296684636551,1.8624856304842035,1.933777093887329,6932400.0
2020-03-03,1.9337770995494221,1.9426885059428196,1.666434589050469,1.710991621017456,8991700.0
2020-03-04,1.7555488348007202,1.7733716483548638,1.666434660797654,1.7555488348007202,8854400.0
2020-03-05,1.6931689019687124,1.7199031226289776,1.5773205062085465,1.657523274421692,6275000.0
2020-03-06,1.5773204843971025,1.5951432979241558,1.3099780690266047,1.3545351028442383,14796200.0
2020-03-09,0.8216325375949407,0.834108518575424,0.4723050170252301,0.49903929233551025,33753800.0
2020-03-10,0.6941991935330883,0.7040017828818322,0.48121641460334785,0.553398847579956,14512400.0
2020-03-11,0.5150797998523486,0.5346849262070474,0.42774791440755144,0.4384416341781616,14739400.0
2020-03-12,0.39299340149694795,0.5836976377502119,0.3653679997608913,0.5480520129203796,14109600.0
2020-03-13,0.5124063337140632,0.61488761108011,0.4188364890916414,0.49725696444511414,17956200.0
2020-03-16,0.42685678104267055,0.5703305480945247,0.4099250980417436,0.45537328720092773,10539800.0
2020-03-17,0.466066987796016,0.4723049508542157,0.30298810122280484,0.3038792312145233,15800900.0
2020-03-18,0.28516526922156804,0.3386337605203728,0.21832966837710505,0.26912471652030945,16301600.0
2020-03-19,0.2557576156017388,0.4010136717097418,0.24951962562506438,0.39834025502204895,10110800.0
2020-03-20,0.3769528663837988,0.5132974885385164,0.35645660991914824,0.46339356899261475,18465700.0
2020-03-23,0.4455707108209515,0.5124063068208606,0.38140853122477525,0.5079506039619446,11375800.0
2020-03-24,0.5168620654064529,0.5373583220137852,0.37249716566858443,0.40101367235183716,10449900.0
2020-03-25,0.4125985511971253,0.4143808379693798,0.32972238891486705,0.3564566373825073,9225600.0
2020-03-26,0.3689325877923032,0.4054693972139172,0.33863376827988523,0.37606170773506165,8261900.0
2020-03-27,0.36447685947677055,0.37249713546036123,0.3217020630836487,0.3217020630836487,6902400.0
2020-03-30,0.3288312652750707,0.33863383022792315,0.2227854174192222,0.2361525297164917,14955400.0
2020-03-31,0.2584310516362416,0.26734248552582834,0.23169680308365875,0.23437024652957916,12995000.0
2020-04-01,0.2334790904426783,0.2619956258441528,0.20941827199708693,0.22011196613311768,12972700.0
2020-04-02,0.23971707961769065,0.2762538920649804,0.23437024585736302,0.2611044943332672,16107200.0
2020-04-03,0.3029881422100279,0.3101172627824349,0.2120917022028284,0.30566155910491943,17554900.0
2020-04-06,0.27268928837387396,0.32348436283017995,0.271798158365029,0.28070956468582153,12486800.0
2020-04-07,0.31902867194568396,0.31902867194568396,0.2762538721553946,0.27981844544410706,15666300.0
2020-04-08,0.29051214944160214,0.3029881298530649,0.25130192149727815,0.2985324263572693,15725800.0
2020-04-09,0.31635524638952645,0.39566686042871513,0.29853243206555147,0.3118995428085327,24793500.0
2020-04-13,0.34754521832334456,0.3555654958610328,0.30298815335163076,0.30744385719299316,16761900.0
2020-04-14,0.3234844068484759,0.3252666936667771,0.28070960288351554,0.29407674074172974,11575400.0
2020-04-15,0.27625386779001054,0.28338298769669384,0.24060821514042136,0.25753989815711975,17650700.0
2020-04-16,0.2602133593171326,0.27447162812775133,0.24239054322242737,0.24239054322242737,9594300.0
2020-04-17,0.24595503816434172,0.25843101739883423,0.2406082050970365,0.25843101739883423,10759100.0
2020-04-20,0.2406082501517601,0.276253907988213,0.23258797249089241,0.2566487789154053,20489900.0
2020-04-21,0.24951959551933686,0.30566149853561886,0.24060818993017313,0.30298808217048645,29297100.0
2020-04-22,0.3653679965691926,0.4455707314099547,0.3564565904395808,0.3921022415161133,40354600.0
2020-04-23,0.5079506498494699,0.5329026093599909,0.44735301113127324,0.5150797963142395,49428700.0
2020-04-24,0.653206680531024,0.7120220571093547,0.4544821415097282,0.5480520129203796,43849400.0
2020-04-27,0.46161127047450823,0.6594446721064403,0.4455707186539549,0.6353838443756104,26859600.0
2020-04-28,0.6327104986790166,0.7654906366025568,0.6327104986790166,0.7048929929733276,30986800.0
2020-04-29,0.8198501305981309,0.953521376988311,0.7761841784251152,0.9178756475448608,41565700.0
2020-04-30,1.0515469312667847,1.113926883484128,0.9178757264951585,1.0515469312667847,45978900.0
2020-05-01,0.9178758532611374,1.0426356686938043,0.7779666658149056,0.8064831495285034,34870000.0
2020-05-04,0.8715363055007126,0.9267870533476392,0.8198501305981309,0.9178756475448608,28975500.0
2020-05-05,0.7752931230545307,0.9000529225281815,0.7396474432979847,0.7574703097343445,33288400.0
2020-05-06,0.7396475011305386,0.7547969255069246,0.6237990992588702,0.6478599309921265,23475900.0
2020-05-07,0.6594447037469979,0.7485588198838371,0.6416218911428644,0.6861789226531982,18274100.0
2020-05-08,0.698654911610077,0.7307360172271729,0.6772675255707372,0.7307360172271729,12047400.0
2020-05-11,0.7218246283951559,0.8349995777160736,0.7129132217546016,0.8251970410346985,17361700.0
2020-05-12,0.8465844548735665,0.882230135700518,0.785095683333067,0.8314350843429565,12843500.0
2020-05-13,0.8287616769782614,0.8287616769782614,0.6950904079143098,0.7182601094245911,18057500.0
2020-05-14,0.7369740816623159,0.7619260425217308,0.6683561627408374,0.7485588788986206,12860900.0
2020-05-15,0.7485588232768797,0.802027314447812,0.7307360105919595,0.7512322664260864,8920600.0
2020-05-18,0.7886602668935506,0.8644073329877131,0.7886602668935506,0.852822482585907,14583100.0
2020-05-19,0.8448021947344977,0.8644073218451298,0.8314350843429565,0.8314350843429565,6531100.0
2020-05-20,0.8243059109938777,0.8376730209547093,0.8020273412763185,0.8251970410346985,9029400.0
2020-05-21,0.824305914516438,0.828761617855756,0.7619260146498121,0.8020273447036743,15011800.0
2020-05-22,0.8171767503875594,0.9267871245448,0.8109387870928725,0.9000529050827026,24520100.0
2020-05-26,1.006989768319073,1.0693697124770385,0.9535213358113871,1.0248125791549683,14669800.0
2020-05-27,1.0871925583473057,1.0916482611998628,0.9178756374854621,1.0470911264419556,12364500.0
2020-05-28,1.0159012746121134,1.0515468998233777,0.9535214304924011,0.9535214304924011,7709000.0
2020-05-29,0.9089643115700684,0.9624328567266079,0.8554958195297013,0.9000529050827026,14992800.0
2020-06-01,0.9089642158073942,0.9535213497823125,0.8822299991618435,0.9401541352272034,5908400.0
2020-06-02,0.9624329205122354,1.0159013629800724,0.9356985930459648,1.0069899559020996,9848000.0
2020-06-03,1.0069899559020996,1.0248127700580454,0.9802557346681811,1.0069899559020996,11459400.0
2020-06-04,0.98025555206523,1.0337239845729158,0.9356984187431596,1.0248125791549683,12148900.0
2020-06-05,1.14957252389936,1.3367122766205943,1.0604584571105315,1.3278008699417114,32154600.0
2020-06-08,1.7644601153764383,1.9694226690540324,1.5505861555591525,1.9159542322158813,45794100.0
2020-06-09,1.7377260468346034,1.7733716744677728,1.559497696204057,1.5639533996582031,19560100.0
2020-06-10,1.3812693231348183,1.5416748573429957,1.2119524883954627,1.3545351028442383,20040600.0
2020-06-11,1.0693697583689317,1.283243710042718,1.0515468405358357,1.0782811641693115,17198300.0
2020-06-12,1.2565095543702154,1.2654209613618066,1.0961041222892234,1.1941297054290771,14861800.0
2020-06-15,1.0693698260223192,1.2475980595378102,1.024812687969189,1.1852182149887085,15329700.0
2020-06-16,1.3367121131625725,1.3456235187517362,1.1941295175036184,1.2119523286819458,15775500.0
2020-06-17,1.1941296387718183,1.1941296387718183,1.0693698416213813,1.0871926546096802,13345300.0
2020-06-18,1.0961041093943729,1.1406611438281484,1.0871927025076178,1.105015516281128,9979800.0
2020-06-19,1.1763069028482878,1.1763069028482878,1.0069899559020996,1.0069899559020996,42109100.0
2020-06-22,1.0337243070801287,1.0337243070801287,0.9000530778750685,0.9446101188659668,13936600.0
2020-06-23,0.9891671056697702,1.0069899191756917,0.9624328854108881,0.9713442921638489,11139800.0
2020-06-24,0.9624328419147057,0.9624328419147057,0.838564123674917,0.8733186721801758,18237800.0
2020-06-25,0.8198502693025573,0.9267872101439386,0.7752931796342116,0.9089643955230713,13273200.0
2020-06-26,0.9000528982427819,0.9089643046624257,0.8136121709863613,0.8189590573310852,23058000.0
2020-06-29,0.7931159314316186,0.8911415103140451,0.7842045248270658,0.8483667373657227,12567000.0
2020-06-30,0.8412375722062819,0.8448021453923996,0.7886602106643463,0.7931159138679504,12705500.0
2020-07-01,0.8287615910996167,0.8626249566316418,0.7752930996378293,0.787769079208374,14046500.0
2020-07-02,0.8403464553069372,0.8403464553069372,0.7574703000635292,0.7806399464607239,17259300.0
2020-07-06,0.7984628484888543,0.8038096820332719,0.7155866364114178,0.7405385971069336,15428900.0
2020-07-07,0.7351918120754065,0.819850289881925,0.6719207760901957,0.7922248840332031,20969900.0
2020-07-08,0.7663817163944376,0.774401993011756,0.7307360366378916,0.7574703097343445,16359500.0
2020-07-09,0.7574703198852039,0.7654905966100021,0.6826143860816956,0.6826143860816956,16811100.0
2020-07-10,0.6772676051059154,0.748558917981228,0.6683561976360236,0.7369741201400757,13523000.0
2020-07-13,0.7467766199378143,0.7467766199378143,0.7093486785888672,0.7093486785888672,8989200.0
2020-07-14,0.6772675163511315,0.7040017883735031,0.6371661348756597,0.6861789226531982,16185700.0
2020-07-15,0.7396474448370484,0.81985021117712,0.7307360381584124,0.8020273447036743,14050200.0
2020-07-16,0.7752931751138892,0.8287616717809221,0.7619260642261751,0.7779666185379028,9568200.0
2020-07-17,0.794898254697285,0.8020273482015821,0.7396474480628967,0.7396474480628967,7088800.0
2020-07-20,0.7396474375903803,0.756579120737136,0.7173689211120632,0.7236068844795227,9068300.0
2020-07-21,0.7530145787566587,0.8554958047012085,0.7458854324438682,0.813612163066864,17452400.0
2020-07-22,0.8020273175037729,0.8332172929373979,0.7574702856216969,0.8162856101989746,10493300.0
2020-07-23,0.8234147975206892,0.8857946983758666,0.8047008007060488,0.8153945207595825,10762400.0
2020-07-24,0.8367818944897631,0.8777744077044278,0.8020273447036743,0.8020273447036743,9153300.0
2020-07-27,0.8189590168184164,0.8198501467930636,0.757470251825224,0.7628170847892761,9043100.0
2020-07-28,0.7672728706409538,0.8109388283922677,0.7574703336288635,0.7663817405700684,4505100.0
2020-07-29,0.7797488509818756,0.7797488509818756,0.7334095030179054,0.7663817405700684,6231200.0
2020-07-30,0.748558929129822,0.7583615199856396,0.6861790227953518,0.7271715402603149,10786100.0
2020-07-31,0.7396474050983909,0.7423208482048165,0.6870700978959976,0.7013283371925354,6823100.0
2020-08-03,0.7129132451159305,0.7423209092398838,0.6861789712020434,0.7351917624473572,8222600.0
2020-08-04,0.7735109087987143,0.8626250930312936,0.7530147027283722,0.8064831495285034,13086700.0
2020-08-05,0.8465844298574935,0.8724275198073932,0.7868779733365286,0.7966805100440979,12219300.0
2020-08-06,0.8064830025038401,0.8287615710586144,0.7842044870652365,0.7868779301643372,4767700.0
2020-08-07,0.7806401027695995,0.7859869902609453,0.7619261558984394,0.7717286944389343,3165100.0
2020-08-10,0.8002450984572768,0.829652762251947,0.7752931380790005,0.8207413554191589,6671100.0
2020-08-11,0.8644073298508407,0.8777744403661814,0.7770754136717934,0.7797488570213318,9624800.0
2020-08-12,0.8020273524163568,0.8198502190611958,0.7850956689408903,0.8073742389678955,2776300.0
2020-08-13,0.8100476768845856,0.8109388601064986,0.7842045851211837,0.7940071225166321,3238000.0
2020-08-14,0.7948982134855426,0.8002450466156006,0.7708373847260249,0.8002450466156006,3461100.0
2020-08-17,0.7931159403328235,0.810047623694734,0.7574703135145588,0.7735108137130737,4125300.0
2020-08-18,0.7726196663641665,0.7726196663641665,0.7307360239209238,0.7441031336784363,6132000.0
2020-08-19,0.7423208116565192,0.7485587744428239,0.6968725997819603,0.7102397084236145,6846200.0
2020-08-20,0.7013283632761975,0.7129132130133419,0.66924725727062,0.6817232370376587,5958000.0
2020-08-21,0.6861790276895904,0.6950904353557649,0.6505333970248924,0.6514245271682739,6523400.0
2020-08-24,0.6505334232767677,0.6933082030470269,0.6505334232767677,0.6630094051361084,5871900.0
2020-08-25,0.6710295454897859,0.7129131864988185,0.6692472323801119,0.7013283371925354,4916700.0
2020-08-26,0.6995461672596984,0.7218246856275135,0.6772675957757059,0.6790499091148376,6611000.0
2020-08-27,0.6799410588788696,0.6950904305603799,0.6594448001415988,0.6852878928184509,5902800.0
2020-08-28,0.6799410232523354,0.6995461508251323,0.6639004691578814,0.69419926404953,6442700.0
2020-08-31,0.6861790470112311,0.6933081945913873,0.6398396939725782,0.6469688415527344,9948800.0
2020-09-01,0.6416218603574562,0.6505332662319482,0.610431886680565,0.6353838443756104,6585200.0
2020-09-02,0.6344927845737013,0.6344927845737013,0.5792419770563377,0.586371123790741,13668500.0
2020-09-03,0.5435963549937198,0.5908268330649347,0.5329026347863367,0.5551812052726746,7045500.0
2020-09-04,0.5765685873919006,0.5899356976939204,0.5346849432425342,0.5471609234809875,8409600.0
2020-09-08,0.534684978950996,0.534684978950996,0.4990392959822035,0.5017127394676208,11639900.0
2020-09-09,0.5106241673546416,0.5257735394014735,0.5070595936035692,0.5132975578308105,4101300.0
2020-09-10,0.5079507286518633,0.5088418588191643,0.45626454155423013,0.45982906222343445,13356700.0
2020-09-11,0.4910189688652141,0.4919100988979557,0.4678492693168943,0.4696315824985504,5056000.0
2020-09-14,0.4669581534882149,0.5168620742338124,0.4500264698863997,0.5106241106987,7490100.0
2020-09-15,0.5168620311760322,0.5596368547632636,0.5026037920577352,0.5346848964691162,8443500.0
2020-09-16,0.5792419238380835,0.614887601118954,0.5623102417366168,0.5943913459777832,12874100.0
2020-09-17,0.587262254801419,0.6327104723532939,0.5703305711170121,0.6175611019134521,9100100.0
2020-09-18,0.6327104754839568,0.7218246509002548,0.6237990685655619,0.6594447493553162,15816300.0
2020-09-21,0.614887656377311,0.63449278329946,0.5730040123501116,0.5810242891311646,11486400.0
2020-09-22,0.602411629942452,0.6487509738342936,0.579241931438446,0.579241931438446,8342800.0
2020-09-23,0.6050851992737905,0.6139966072910594,0.5266647343591702,0.5320115685462952,6897100.0
2020-09-24,0.5302292108535767,0.5703305395697676,0.4999303654174928,0.5302292108535767,3931600.0
2020-09-25,0.5364672249406858,0.5560723527083297,0.5124063935598742,0.5141887068748474,3312300.0
2020-09-28,0.5329026260204944,0.6059762467785027,0.5329026260204944,0.5836976766586304,6982500.0
2020-09-29,0.5854799954912627,0.5881534388037591,0.5355760744324943,0.552507758140564,8020600.0
2020-09-30,0.5525077479025874,0.5703305613458405,0.5346849344593342,0.5364671945571899,6988200.0
2020-10-01,0.5346849647418894,0.5391406683550571,0.5079506899467066,0.5141887068748474,5488800.0
2020-10-02,0.49903923441678705,0.5792419448069083,0.49101895806615775,0.5382494330406189,7577800.0
2020-10-05,0.5658748756745183,0.5747862826747193,0.5435963581740159,0.5712217092514038,8217700.0
2020-10-06,0.5863711053823641,0.5997382152525959,0.546269722655496,0.5516166090965271,5090600.0
2020-10-07,0.552507821791614,0.571221767786484,0.5391407099215381,0.5605280995368958,4462200.0
2020-10-08,0.5845888878507143,0.6344928108238025,0.5605280564637946,0.6318193674087524,7357900.0
2020-10-09,0.6416218801598822,0.6683560986084587,0.5899356501299956,0.6077584624290466,5689600.0
2020-10-12,0.5970648815882473,0.6059762890107889,0.5658749024931736,0.5828065872192383,3815400.0
2020-10-13,0.5970648456905143,0.6104319560206469,0.552507758140564,0.552507758140564,5980700.0
2020-10-14,0.5988470814089674,0.6416219070842903,0.5738951218967676,0.6086496710777283,7073500.0
2020-10-15,0.5872623331371746,0.630928296385324,0.5712217773772903,0.6264725923538208,4647100.0
2020-10-16,0.6148877143859863,0.6353839733027252,0.6015206028618991,0.6148877143859863,1586700.0
2020-10-19,0.6122141582882628,0.6131053413856482,0.5658748149871826,0.5658748149871826,4147100.0
2020-10-20,0.5685483415269519,0.5926091732496445,0.5453786399163196,0.5747863054275513,3799600.0
2020-10-21,0.5738950910504628,0.5845888101735597,0.5614191119649347,0.5658748149871826,1857200.0
2020-10-22,0.5792420831912818,0.6095409358060891,0.5703306746985213,0.6015206575393677,2241200.0
2020-10-23,0.6024117229136903,0.6139965739536032,0.5792420208338642,0.5881534814834595,2171100.0
2020-10-26,0.5792419936788444,0.5792419936788444,0.5453786253929138,0.5453786253929138,3817200.0
2020-10-27,0.5551812521639458,0.5551812521639458,0.5257735323888747,0.5311204195022583,3483600.0
2020-10-28,0.5239912580630742,0.5257735183090212,0.4812164809985622,0.4928012788295746,5393000.0
2020-10-29,0.4901278763874421,0.5213178017364689,0.4731961920033064,0.5195355415344238,2327900.0
2020-10-30,0.5168620774773688,0.5703305719140742,0.48210757999578896,0.552507758140564,5963700.0
2020-11-02,0.5337937924337328,0.6139965653419495,0.5213178114386966,0.6139965653419495,7978700.0
2020-11-03,0.5792419238380835,0.6327104132013043,0.5703305177969084,0.5943913459777832,4299100.0
2020-11-04,0.5863711931089454,0.5881535065613307,0.5542900821278184,0.5605280995368958,1950500.0
2020-11-05,0.5525077129641349,0.6015204999498758,0.5525077129641349,0.579241931438446,2182200.0
2020-11-06,0.5649837762872035,0.5792420176387864,0.54359638770174,0.5489432215690613,2724300.0
2020-11-09,0.6558801338587733,0.663900410193681,0.5881534031339284,0.6211256384849548,9435800.0
2020-11-10,0.6505332984793114,0.6683561111117842,0.6068673437903476,0.6576623916625977,4339300.0
2020-11-11,0.6772676139052926,0.7476677975715238,0.6549890949411102,0.6745942234992981,7374800.0
2020-11-12,0.65142447049352,0.6772675611002804,0.6220168065071764,0.6229079365730286,4751000.0
2020-11-13,0.6380572987253263,0.6950903079590205,0.6327104126126599,0.679940938949585,2516700.0
2020-11-16,0.7227158167822285,0.7351917977094494,0.6950904114733187,0.7209335565567017,7012300.0
2020-11-17,0.6995460909038554,0.7886602077644377,0.6950903346004631,0.7824222445487976,6022900.0
2020-11-18,0.8100475954094638,0.9446099275588737,0.7975716158354731,0.855495810508728,19242200.0
2020-11-19,0.8341084256608262,0.917875709610595,0.8225235760873923,0.8813389539718628,5724500.0
2020-11-20,0.891141580902204,0.9178758028335049,0.8652984890787109,0.9089643955230713,5000100.0
2020-11-23,1.0435265730255912,1.1050153341488291,0.9713441466472824,1.0248125791549683,17258600.0
2020-11-24,1.0782811937073902,1.2030409845626713,1.0693697876628945,1.1317496299743652,12878800.0
2020-11-25,1.140661036018861,1.1495724420633568,1.0604583816183986,1.1317496299743652,5894000.0
2020-11-27,1.0782812956208627,1.1317497369413931,1.0693698887341077,1.105015516281128,3376500.0
2020-11-30,1.0515469312667847,1.0693698506377012,0.9178757264951585,1.0515469312667847,10560300.0
2020-12-01,1.0426355969566004,1.0604585175627215,0.9446100116685237,0.9891671538352966,6824600.0
2020-12-02,0.9356984588985627,1.12283819317121,0.926787053098183,1.0782811641693115,9139600.0
2020-12-03,1.0880836434081966,1.1584838127504768,1.0693697550253143,1.1406610012054443,6199700.0
2020-12-04,1.1763068817839653,1.3545351263842116,1.171851178324768,1.3188894987106323,12480400.0
2020-12-07,1.3188894987106323,1.3990922672085357,1.2654209509679135,1.3188894987106323,6869700.0
2020-12-08,1.3010666975625838,1.4080036878585815,1.265420963309017,1.4080036878585815,6636000.0
2020-12-09,1.497117616631627,1.6486117338902988,1.3990921488237513,1.5060291290283203,14764200.0
2020-12-10,1.5505862493355322,1.648611829032876,1.506029215942352,1.6040546894073486,8638500.0
2020-12-11,1.6985157025109014,1.6985157025109014,1.5238519876573777,1.6486117839813232,7613900.0
2020-12-14,1.6931688195373287,1.7020802259902348,1.4258264134854564,1.523851990699768,8719900.0
2020-12-15,1.514940667257727,1.5594977019637513,1.4614721193781477,1.5327634811401367,4392500.0
2020-12-16,1.523852026128782,1.5505862461090614,1.4703834799358764,1.514940619468689,4196400.0
2020-12-17,1.523852004010063,1.550586223602295,1.4882062716547413,1.550586223602295,3699300.0
2020-12-18,1.5505862950225464,1.5594977019637513,1.497117747142967,1.5327634811401367,4864100.0
2020-12-21,1.4080037349236616,1.4302822531816213,1.3278009629626522,1.4258265495300293,9043100.0
2020-12-22,1.3990922198267912,1.4391935496014938,1.372357893744643,1.3901807069778442,5312300.0
2020-12-23,1.3812693160009275,1.506029222510646,1.372357909283426,1.4792948961257935,5323000.0
2020-12-24,1.4792947617377854,1.4882061676457214,1.425826326290169,1.452560544013977,1793700.0
2020-12-28,1.479294855683051,1.4971176686307928,1.3723578717642555,1.399092197418213,4861500.0
2020-12-29,1.4080036741269304,1.4169150810453253,1.3188894987106323,1.3188894987106323,5516800.0
2020-12-30,1.3367122672782408,1.4347378462931935,1.3099780474284393,1.3901807069778442,3597100.0
2020-12-31,1.3634463389070106,1.3990920677306917,1.3188893106678279,1.336712121963501,3235600.0
2021-01-04,1.336712312547422,1.3901807540577908,1.283243871037053,1.3188894987106323,5657000.0
2021-01-05,1.3367121994409437,1.5149405351926728,1.3278007932765914,1.5060291290283203,10424300.0
2021-01-06,1.514940584246862,1.6307889743669859,1.4801860353411214,1.523851990699768,7622600.0
2021-01-07,1.5951432364016702,1.8357514222016602,1.5639533139322792,1.7733715772628784,13089400.0
2021-01-08,1.8713970478809643,1.8713970478809643,1.6575231875727963,1.7733715772628784,8405000.0
2021-01-11,1.6878220459316586,1.8713970620643314,1.6753460131099396,1.8001058101654053,5486900.0
2021-01-12,1.862485672698173,2.129828294706117,1.8544655555111005,2.1030938625335693,8531700.0
2021-01-13,2.120916721648691,2.1298281275184467,1.9515997976586508,2.022891044616699,5224500.0
2021-01-14,2.0496254676245,2.2813222559217965,2.0451698704754517,2.214486598968506,8001100.0
2021-01-15,2.177949656265962,2.2634991943050373,2.067448054547125,2.218942165374756,8649200.0
2021-01-19,2.2278536832227247,2.361524989201962,2.1030937834777914,2.1298282146453857,7592000.0
2021-01-20,2.1832969215214164,2.1922083288555974,1.987245747704727,2.058537006378174,7728300.0
2021-01-21,2.094182575505955,2.1030939825839274,1.9426886551804163,2.013979911804199,6247600.0
2021-01-22,1.8803086938614113,2.27241105121891,1.871397286306228,2.227854013442993,10354500.0
2021-01-25,2.174385344627546,2.232309594015114,2.0852710657702045,2.1654739379882812,7105700.0
2021-01-26,2.183296562736983,2.205574971179036,2.005068232877187,2.022891044616699,6356300.0
2021-01-27,1.942688613494904,2.557576113610404,1.9070429859478835,2.210031032562256,15898700.0
2021-01-28,2.2189426973238713,2.2456769210910594,2.0139801026440365,2.147651433944702,7440200.0
2021-01-29,2.103093933814053,2.3036009071158245,2.031802678843485,2.085271120071411,7530900.0
2021-02-01,2.156562979895437,2.486285306592316,2.0852714994886146,2.4060826301574707,12210700.0
2021-02-02,2.4239052716500145,2.7090705352368625,2.379348232412182,2.6288678646087646,15196600.0
2021-02-03,2.611044468117047,2.7179813385009766,2.47737316767246,2.7179813385009766,8429900.0
2021-02-04,2.7090704642281964,2.869476013744652,2.6823362413862397,2.7625389099121094,6346200.0
2021-02-05,2.7803612541533798,2.976412400915171,2.7090700053180665,2.9496781826019287,8237300.0
2021-02-08,3.074438354478023,3.1279067958688445,2.9585898523332106,3.0031468868255615,8518100.0
2021-02-09,3.0209695772957996,3.074438012743416,2.8338298407644653,2.905121088027954,7370200.0
2021-02-10,2.9496785159177645,3.065527020830795,2.8962100732493066,2.9853241443634033,7825100.0
2021-02-11,2.9942356921388407,3.01205871966366,2.726893253772559,2.8338303565979004,7571200.0
2021-02-12,2.8249186645346556,3.3328692675149494,2.7892730380047674,3.0922610759735107,10791800.0
2021-02-16,3.3685150387917733,3.4469355480061155,2.9318556701077636,3.243755340576172,12270800.0
2021-02-17,3.288312048796989,3.4932746022427428,3.1368179321289062,3.1368179321289062,9933000.0
2021-02-18,3.110083719679292,3.1412737474248367,2.887298353548869,3.0744380950927734,7525800.0
2021-02-19,3.1189957045137513,3.2526670339788004,3.092261481113686,3.2259325981140137,4757500.0
2021-02-22,3.270489678389163,3.6536804061971866,3.2615782710555976,3.332869529724121,10390300.0
2021-02-23,3.3328693065671633,3.5021862470327623,2.9051213582670687,3.4487175941467285,9114600.0
2021-02-24,3.2615784110067163,3.8229975220406995,3.243755595574826,3.6536805629730225,10904100.0
2021-02-25,3.723189304636037,3.921022833933023,3.528920508046781,3.564566135406494,9329200.0
2021-02-26,3.546743225258692,3.6269460971013054,3.1991979430249833,3.5289204120635986,8419800.0
2021-03-01,3.6447692745593336,3.70714891451177,3.5200093572603195,3.618034839630127,5938400.0
2021-03-02,3.59130073600779,3.7294274422411187,3.5734779214960892,3.5823891162872314,7187100.0
2021-03-03,3.662591539919026,4.265002850677408,3.662591539919026,4.134896278381348,16834100.0
2021-03-04,4.134896492849283,4.928012743739877,4.117073679623055,4.821075439453125,32456800.0
2021-03-05,5.391406882503816,5.427052512724549,4.117074114859588,4.455708026885986,26146700.0
2021-03-08,4.632154072978873,4.838898815432962,3.965580015923924,4.081428527832031,14130200.0
2021-03-09,4.108162812896039,4.411150661890101,4.0368715543092,4.366593837738037,6516000.0
2021-03-10,4.420062426229624,4.6250250138344855,4.3523354733995685,4.571556568145752,6431200.0
2021-03-11,4.642848262195331,5.11960893276061,4.55373417773399,5.052773475646973,8240100.0
2021-03-12,4.972569372770048,5.239911985793341,4.9458353664253405,5.124063491821289,6552500.0
2021-03-15,5.19535431608287,5.569633773661624,5.159708693925782,5.2399115562438965,6696000.0
2021-03-16,5.034949173980073,5.070594797252941,4.152718935653226,4.304213047027588,23750000.0
2021-03-17,4.134896278381348,4.215099146204119,3.9299337244459918,4.134896278381348,21178000.0
2021-03-18,4.019048733835061,4.073408254689293,3.573477943383959,3.635857582092285,18454500.0
2021-03-19,3.7517059917265363,4.072517071462967,3.7205161731859833,4.027959823608398,23161300.0
2021-03-22,4.0903401616874335,4.134896987619859,3.8274533164472087,3.903200387954712,8138300.0
2021-03-23,3.716060376865476,3.9032001386449897,3.6269463057631857,3.6625919342041016,10138800.0
2021-03-24,3.8586426939558147,4.001225200452112,3.7650728178352737,3.76952862739563,8632600.0
2021-03-25,3.662591731322608,3.716060171022211,3.439806140978208,3.707148551940918,11464800.0
2021-03-26,3.796262502670288,3.974490609633028,3.6536795921707705,3.796262502670288,9279000.0
2021-03-29,3.7427942458053076,3.796263111397132,3.470996232872269,3.5110976696014404,7989500.0
2021-03-30,3.475452319819498,3.626946459583005,3.350692402520484,3.618034839630127,4157100.0
2021-03-31,3.6091240747505853,3.7606178076400445,3.51109836823313,3.742794990539551,6265500.0
2021-04-01,3.7873517560645866,4.010137153480151,3.707148877017568,3.992314338684082,6458200.0
2021-04-05,3.947756181123954,3.965578991820228,3.7071480242595927,3.796262502670288,5132500.0
2021-04-06,3.894288516710397,4.1081627121557105,3.778440011882911,3.840820074081421,8864600.0
2021-04-07,3.858642982778228,3.938845861150336,3.7338832802556086,3.8764657974243164,5181400.0
2021-04-08,3.8229968547821045,3.867554098049613,3.6848701655256835,3.8229968547821045,4982800.0
2021-04-09,3.7873520961267775,3.956669064356922,3.769529279730418,3.778440475463867,4932900.0
2021-04-12,3.8497317588921627,3.97449146047407,3.5734779214960892,3.5823891162872314,5908400.0
2021-04-13,3.6447688652323293,3.658135868731033,3.502186148969787,3.6002116203308105,4197100.0
2021-04-14,3.600211484398052,4.375504456920299,3.600211484398052,4.134896278381348,18953900.0
2021-04-15,4.161630119228369,4.188364121425815,3.81586726965512,3.9744904041290283,7797700.0
2021-04-16,3.9923141319077695,4.01013694578073,3.671503057265079,3.6804146766662598,8714900.0
2021-04-19,3.7249716887154727,3.8319090023323623,3.62694641988334,3.751706123352051,9597100.0
2021-04-20,3.7338830514929326,3.751705865047076,3.413071982588954,3.5110976696014404,10379400.0
2021-04-21,3.4219833294574724,3.653680114069728,3.288312230141571,3.466540575027466,8795800.0
2021-04-22,3.5021864667773923,3.5200092813694637,3.332869515688004,3.395249366760254,6166100.0
2021-04-23,3.4219837282450847,3.5289208326246246,3.332869651649399,3.4843637943267822,3949500.0
2021-04-26,3.3596037430041323,3.6715032113340196,3.3596037430041323,3.635857582092285,4411200.0
2021-04-27,3.733883188823469,3.8586428882910795,3.6447691177751755,3.840820074081421,5951400.0
2021-04-28,3.8497315997679284,4.152719433943191,3.8140859722178977,3.9834024906158447,8487600.0
2021-04-29,4.214207936375865,4.215099013223439,3.921022407056814,4.045782089233398,8759100.0
2021-04-30,4.001225892883089,4.076972968799982,3.7427948426711484,3.778440475463867,7579500.0
2021-05-03,3.8229971089199744,3.912111176449581,3.733883041390367,3.8853771686553955,7561000.0
2021-05-04,3.885376556151658,3.965578991820228,3.6269455885910222,3.796262502670288,6755400.0
2021-05-05,3.840819654626654,4.339858822926588,3.8051740301001846,4.143807888031006,17441100.0
2021-05-06,4.100142157200567,4.232922398866478,3.9433015626000083,4.027959823608398,7187900.0
2021-05-07,3.965579906948589,4.286390998443733,3.8942886477117624,4.232922554016113,7464400.0
2021-05-10,4.26856832677912,4.428973665441105,3.885377583066329,3.8942887783050537,9571300.0
2021-05-11,3.81408564932284,3.9923137719844553,3.653679913998023,3.94775652885437,6188400.0
2021-05-12,3.9655797735490315,4.143808340575028,3.7900248623656596,3.840820074081421,7300100.0
2021-05-13,3.751705588342591,3.9031997048441633,3.5289202228824816,3.644768714904785,10611900.0
2021-05-14,3.760617103861196,3.814085970085751,3.6358574075058305,3.8051743507385254,7157800.0
2021-05-17,3.7962631515473393,4.179453859478842,3.7525969816737574,4.170542240142822,9721800.0
2021-05-18,4.143807338994478,4.206186961186088,3.983401624949065,4.03687047958374,7194300.0
2021-05-19,3.9121107887223823,4.099250524451935,3.72497105299283,4.045782089233398,9480500.0
2021-05-20,4.045781884112187,4.117073127455768,3.858642157870622,4.099250316619873,5832100.0
2021-05-21,4.195494509602502,4.384416419822538,4.134896603074442,4.1794538497924805,7537000.0
2021-05-24,4.250744934538387,4.348770618438721,4.117073624661455,4.348770618438721,4826300.0
2021-05-25,4.348770802498641,4.531454749593071,4.1438082319935585,4.170542240142822,8687900.0
2021-05-26,4.179453934419903,4.437884950786793,4.11707387273743,4.4022393226623535,5552500.0
2021-05-27,4.446795301299135,4.776517936259075,4.420061297744937,4.758695125579834,10583900.0
2021-05-28,4.794342348836172,4.809491509264074,4.584923934686688,4.714139461517334,5850400.0
2021-06-01,4.91018991819695,5.26664618182737,4.876326445673245,5.204266548156738,11077200.0
2021-06-02,5.284469459917488,5.489432042001542,5.1507985617608885,5.320115089416504,11358400.0
2021-06-03,5.257735694253518,5.583002184759028,5.21317844284727,5.382495403289795,9149100.0
2021-06-04,5.51527473570567,5.56072263164212,5.2488231986050975,5.489431381225586,5831300.0
2021-06-07,5.542900186257667,5.747862757248752,5.516166178045012,5.649837493896484,7731600.0
2021-06-08,5.596369563630594,5.8815346102317605,5.444875420159005,5.75677490234375,8903000.0
2021-06-09,5.836977530504172,5.872623159780245,5.649837764340077,5.694394588470459,6995500.0
2021-06-10,5.75677407358361,5.8726225695522025,5.587457139074754,5.845888137817383,8809300.0
2021-06-11,5.917179177412686,6.015204857025922,5.792419491950888,5.899356365203857,4403300.0
2021-06-14,5.970648217635875,6.139965163201351,5.581219540285862,5.632014751434326,8843600.0
2021-06-15,5.694393912600972,6.166699081845018,5.694393912600972,6.1221418380737305,8538700.0
2021-06-16,6.104319370300125,6.162243620502395,5.881533988720344,6.041939735412598,8025200.0
2021-06-17,5.9973819501579415,6.095407628223998,5.400317113191872,5.5428996086120605,11296100.0
2021-06-18,5.453787154184944,5.881535191273732,5.382495885491726,5.854801177978516,14253500.0
2021-06-21,5.854799650234113,6.188977703730662,5.810242406462825,6.1221418380737305,7656400.0
2021-06-22,6.0775849410125105,6.229078633040532,5.943913636348383,6.148876190185547,6654700.0
2021-06-23,6.255813051998589,6.696927974111397,6.237990239739365,6.2736358642578125,10357900.0
2021-06-24,6.291459988665974,6.487511389335341,6.125707757592918,6.425131320953369,5842700.0
2021-06-25,6.460775573369041,6.647915313626493,6.385028515411055,6.532066822052002,30123100.0
2021-06-28,6.532067207292117,6.540978826367746,5.8815338872997165,5.935002326965332,11546400.0
2021-06-29,6.04194007817865,6.3538395450988725,6.037484268311217,6.068674087524414,5990000.0
2021-06-30,6.193433437946158,6.229079065004572,5.9439140485372635,6.041939735412598,7945400.0
2021-07-01,6.255813437413946,6.505333249345144,6.153332366841978,6.4162187576293945,9029200.0
2021-07-02,6.380573318914283,6.416218946679102,6.0954082967957275,6.131053924560547,5523900.0
2021-07-06,6.148876500806176,6.148876500806176,5.667660119649373,5.94391393661499,8191400.0
2021-07-07,5.943913619914094,6.139964554597886,5.551811325617146,5.774596691131592,6877600.0
2021-07-08,5.6052800032674766,6.068673566457289,5.53844456071226,5.95282506942749,5358100.0
2021-07-09,6.015205161978852,6.2157119157256036,5.899356664283614,6.077585220336914,6155600.0
2021-07-12,5.975103460350274,6.197888826805866,5.819153958788979,6.139964580535889,4395300.0
2021-07-13,6.180067081728544,6.180067081728544,5.881534605129831,5.997383117675781,4296600.0
2021-07-14,6.0508510624880945,6.0508510624880945,5.4448749642685605,5.507254600524902,8975900.0
2021-07-15,5.427052509194336,5.5874578450832955,5.088418597388214,5.17753267288208,11986700.0
2021-07-16,5.275557489738079,5.3379371197296495,4.847809573680144,4.910189628601074,9327400.0
2021-07-19,4.535910976693101,4.79879782228714,4.482442530544566,4.678493499755859,8176600.0
2021-07-20,4.687404543571284,4.9333591956413665,4.611657481275328,4.829987049102783,6526500.0
2021-07-21,4.990392185309643,5.213177554519264,4.990392185309643,5.124063491821289,5658600.0
2021-07-22,5.159709847978573,5.159709847978573,4.901278817072729,4.945836067199707,4378200.0
2021-07-23,5.043860525424433,5.043860525424433,4.798796963974723,4.892366409301758,3148900.0
2021-07-26,4.91018995409923,5.132975332961895,4.892366715858005,5.061683654785156,4335700.0
2021-07-27,4.981481786193659,5.008215796803207,4.5537337920759455,4.678493499755859,6306300.0
2021-07-28,4.740873532889347,4.87008904974323,4.634827718363992,4.803253173828125,6419100.0
2021-07-29,4.901277968009465,4.954746403941682,4.709682420555337,4.78542947769165,6309300.0
2021-07-30,4.73196160855553,4.772063046540396,4.518087839208783,4.642847537994385,6051300.0
2021-08-02,4.607201520255225,4.8656325154982625,4.357681718850203,4.500264644622803,11073300.0
2021-08-03,4.4066939842303725,4.57155507758311,4.330946937969752,4.4467949867248535,6836400.0
2021-08-04,4.228467155799524,4.330948669627966,3.9566690972622887,4.019049167633057,10293800.0
2021-08-05,4.083210671436787,4.299758110476615,4.0769727073445745,4.0903401374816895,6712700.0
2021-08-06,4.148263677237964,4.3309476082836715,4.099250625054431,4.27747917175293,9867700.0
2021-08-09,4.139352957874423,4.228467038117199,3.992314619241478,4.1616315841674805,6622100.0
2021-08-10,4.290846087750058,4.5715556925482135,4.2774790851204365,4.544821262359619,6059800.0
2021-08-11,4.446795790904496,4.526998660256314,4.2953020959157096,4.4913530349731445,5163200.0
2021-08-12,4.4557072715414945,4.580466956164436,4.366593211096536,4.526998519897461,3337000.0
2021-08-13,4.455707684954493,4.499373429898677,4.170542240142822,4.170542240142822,3972000.0
2021-08-16,4.036870450805242,4.134895692101619,3.9121103574528133,3.9744904041290283,5757300.0
2021-08-17,3.912110904322047,4.125985076445349,3.8675540861213245,3.94775652885437,5763000.0
2021-08-18,4.090339091623472,4.090339091623472,3.7784392670446882,3.796262502670288,6030900.0
2021-08-19,3.626945902665151,3.7606167819977268,3.5200088167626644,3.644768714904785,9909800.0
2021-08-20,3.582388687776402,3.716059993089647,3.4754518134975516,3.698237180709839,9574700.0
2021-08-23,3.8969612306365047,4.0502374807777555,3.8586419556365383,4.03687047958374,6067400.0
2021-08-24,4.143808409443081,4.295302545207642,4.072517151419621,4.2507452964782715,6931400.0
2021-08-25,4.270349763964081,4.415605918856799,4.170541929454677,4.384416103363037,5557500.0
2021-08-26,4.322036186491583,4.402239057403618,4.19727649557349,4.348770618438721,5427400.0
2021-08-27,4.455707395772185,4.633935521631324,4.375504526670887,4.61611270904541,6199900.0
2021-08-30,4.678492780174473,4.678492780174473,4.40223897176522,4.4913530349731445,5408400.0
2021-08-31,4.375504337643461,4.589378504364159,4.366593144200165,4.544821262359619,5462200.0
2021-09-01,4.544821472897899,4.58046709818107,4.411150165621327,4.4913530349731445,5212000.0
2021-09-02,4.464620028637897,4.8522666091298365,4.464620028637897,4.714139461517334,6751900.0
2021-09-03,4.714138951473572,4.736417576088321,4.5269991845967485,4.59829044342041,5128700.0
2021-09-07,4.500265416338402,4.714139204278801,4.500265416338402,4.660670757293701,7163800.0
2021-09-08,4.772062983163751,4.838898428964632,4.571556220831709,4.651758670806885,4966900.0
2021-09-09,4.589379422841636,4.829987642974759,4.500265345927411,4.678493499755859,8077600.0
2021-09-10,4.780083027579143,4.838898354961845,4.651758599666085,4.669581413269043,5159000.0
2021-09-13,4.8032523308895705,5.017126501383218,4.776518325158714,4.910189628601074,9387100.0
2021-09-14,4.9993038569800845,5.02603786360787,4.740872859954834,4.740872859954834,6081800.0
2021-09-15,4.950290364659703,5.150797521249024,4.928012169420299,5.0973286628723145,7823100.0
2021-09-16,5.0839620093719375,5.1285192527648995,4.936923701076277,5.008214950561523,5423700.0
2021-09-17,5.008215634207687,5.15079857757082,4.852266110903174,4.963658809661865,9980500.0
2021-09-20,4.678493828248843,4.883456432007399,4.598290940930005,4.714139461517334,5350500.0
2021-09-21,4.785430822371922,4.865633711271505,4.593835646009938,4.812165260314941,5082400.0
2021-09-22,4.945836117765685,5.14188708548406,4.936924497677405,5.043861389160156,6434600.0
2021-09-23,5.079506234744811,5.257734784604768,5.008214984772576,5.248823165893555,4713300.0
2021-09-24,5.16149105241364,5.355760253288419,5.115151656784357,5.186443328857422,5332600.0
2021-09-27,5.373582631588898,5.743406265010357,5.373582631588898,5.685482025146484,10690100.0
2021-09-28,5.747863105466894,5.881534429416469,5.632015021311393,5.676571846008301,8939100.0
2021-09-29,5.658748692146085,6.015205393014293,5.578546242524553,6.006293773651123,6929300.0
2021-09-30,5.952825474503987,6.059762784770313,5.756774518052974,5.970648288726807,7945900.0
2021-10-01,6.039266177050139,6.344927667715735,6.033028213460804,6.2558135986328125,8177800.0
2021-10-04,6.336017107292465,6.683562223958039,6.305718363265334,6.451865196228027,9279300.0
2021-10-05,6.639003715852716,6.74594101414117,6.300370283548925,6.398395538330078,8749400.0
2021-10-06,6.193433365311459,6.322648868115156,5.970647986344437,6.059762477874756,8081900.0
2021-10-07,6.131054610185743,6.407308468720783,5.952826026501252,6.318194389343262,6369100.0
2021-10-08,6.4518645277184135,6.7102959645358515,6.3449276451984105,6.380573272705078,6349700.0
2021-10-11,6.567713509755777,6.639004769981329,6.362750924142597,6.3894853591918945,6405000.0
2021-10-12,6.389484617090218,6.549889933967562,6.175610436324379,6.3360161781311035,5075600.0
2021-10-13,6.2023452281297455,6.255813670191109,5.9439142123684565,6.237990856170654,5859900.0
2021-10-14,6.3538386613998945,6.4251299096458885,6.180065925103266,6.291458606719971,4361400.0
2021-10-15,6.380573043247572,6.425130288493242,6.064217791805583,6.077585220336914,7290400.0
2021-10-18,6.175610208442589,6.38948438131641,5.868166589540093,6.024116516113281,7034300.0
2021-10-19,6.050851821899414,6.139965902685154,5.899357672098928,6.050851821899414,4206400.0
2021-10-20,5.952825693118102,6.175611091549715,5.890446053512083,6.157788276672363,4354900.0
2021-10-21,6.086496451815935,6.139964891481551,5.877078077761903,5.935002326965332,3272400.0
2021-10-22,5.979559617911534,6.425130376772724,5.955498841125686,6.4162187576293945,7259500.0
2021-10-25,6.532068214838926,6.906347775158826,6.523157019318164,6.656827926635742,7815100.0
2021-10-26,6.683561878819619,6.988332307292665,6.523156546702539,6.906347274780273,5314800.0
2021-10-27,6.772674998821675,6.871591755094558,6.478598385539781,6.532066822052002,6875300.0
2021-10-28,6.54989050809911,6.607814761614521,6.304826489358345,6.558802127838135,4045400.0
2021-10-29,6.55880168941696,6.612270129488776,6.220167810699402,6.4162187576293945,4549600.0
2021-11-01,6.594447259058143,6.808321017494381,6.51424438717986,6.683561325073242,4624800.0
2021-11-02,6.719207420767073,6.852878741590384,6.5498904710481325,6.692473411560059,4799100.0
2021-11-03,6.62118126639798,6.808321017494381,6.532067200382881,6.683561325073242,5335800.0
2021-11-04,6.83505592714257,7.387563599954217,6.518700651996812,6.692473411560059,8983300.0
2021-11-05,6.7815869825343045,6.92416948757775,6.483054543902553,6.817232608795166,5888300.0
2021-11-08,6.924168788096881,7.155865335386449,6.852877542777014,6.995460033416748,4280100.0
2021-11-09,6.977637899643349,7.022195144759623,6.594447206375042,6.95090389251709,4788200.0
2021-11-10,6.8617897757991475,6.924169837371651,6.364533136861001,6.487510681152344,5897700.0
2021-11-11,6.460776186241999,6.7370300135587495,6.460776186241999,6.496421813964844,4337100.0
2021-11-12,6.371661532454986,6.500877027329563,6.211255797486986,6.398395538330078,4309000.0
2021-11-15,6.38948499151824,6.585535945857043,6.210365349318704,6.487510681152344,4038000.0
2021-11-16,6.442953119136688,6.532067184941123,6.229078936276662,6.434041500091553,4622300.0
2021-11-17,6.41621829115046,6.576624024633304,6.202344546412478,6.291458606719971,4946700.0
2021-11-18,6.344927859674398,6.523156428161749,6.193433725185443,6.3271050453186035,3945100.0
2021-11-19,6.050850897730394,6.0864965246004,5.819154323075351,5.917179584503174,6549500.0
2021-11-22,5.890446225293106,6.246902958164794,5.890446225293106,5.997383117675781,4964600.0
2021-11-23,6.13996552347303,6.442953804361059,6.073130073243932,6.3894853591918945,7147200.0
2021-11-24,6.28254747132241,6.514244030267109,6.28254747132241,6.398395538330078,3586900.0
2021-11-26,5.99025356952964,5.99025356952964,5.186443940768648,5.5161662101745605,10212300.0
2021-11-29,5.854800001137614,5.961736882682651,5.52507731231299,5.658748626708984,7081700.0
2021-11-30,5.418140847264624,5.578546606842089,5.21406933975827,5.551812171936035,13964100.0
2021-12-01,5.747862355636481,5.783507980715671,5.106240679281695,5.124063491821289,8284500.0
2021-12-02,5.026037991412144,5.329026240427385,4.812164233233893,5.204266548156738,14321900.0
2021-12-03,5.337937473583334,5.4805204050074225,4.9538556979879464,5.061683654785156,6978900.0
2021-12-06,5.20426643750828,5.5428998807574565,5.079506322960786,5.480520248413086,7574600.0
2021-12-07,5.60528031752547,6.131053968192338,5.60528031752547,5.988471031188965,11354900.0
2021-12-08,6.024116780999739,6.224623534746491,5.989362231691167,6.077585220336914,5441100.0
2021-12-09,6.01520483677695,6.1399645218187695,5.943913588181624,6.033027648925781,4879900.0
2021-12-10,6.166699214422321,6.233534656586772,5.756774092659262,6.095407962799072,11247500.0
2021-12-13,5.9278731879391175,5.97064785397336,5.640925602395263,5.712216854095459,7969700.0
2021-12-14,5.614192236763874,5.774597571411912,5.507254922069089,5.551812171936035,6096000.0
2021-12-15,5.525077593651308,5.640926100355497,5.168621303683675,5.587457656860352,10787200.0
2021-12-16,5.649837412158041,5.756774293320361,5.360216161181682,5.418140411376953,7897700.0
2021-12-17,5.382495258982688,5.542900594871647,5.115152607571659,5.17753267288208,24489100.0
2021-12-20,4.999304582126568,5.1775327352616145,4.856721634689095,5.16862154006958,6936000.0
2021-12-21,5.2844698732599955,5.4760654655005645,5.266647057116416,5.462698459625244,4595900.0
2021-12-22,5.3914067671092205,5.605280543855988,5.324570893178789,5.569634914398193,4649700.0
2021-12-23,5.596369643176757,5.596369643176757,5.449330882771241,5.4983439445495605,2591600.0
2021-12-27,5.498342888885204,5.787963694082237,5.364671584590663,5.774596691131592,4845100.0
2021-12-28,5.792419732098011,5.850343980410517,5.583001361265011,5.596368789672852,3323400.0
2021-12-29,5.596368860383628,5.703305739421239,5.4894315564166325,5.578546047210693,3373900.0
2021-12-30,5.587457983896597,5.6320152352152135,5.386951202821703,5.391407012939453,3228400.0
2021-12-31,5.329026222229004,5.427051906857308,5.2666461638420135,5.329026222229004,4726500.0
2022-01-03,5.41814009552579,5.756773957728495,5.373583276770299,5.747862339019775,4804200.0
2022-01-04,5.917179378468227,6.380572936572437,5.828065314396144,6.3449273109436035,9144900.0
2022-01-05,6.4340417297070935,6.545434422170321,5.966192761305057,6.006293773651123,8296700.0
2022-01-06,6.282548757592253,6.540088723197432,6.211257069160787,6.318194389343262,8346100.0
2022-01-07,6.362750211962572,6.380573025024059,6.166699268286203,6.20234489440918,4706200.0
2022-01-10,6.193433293102768,6.203235989039867,5.89490085477317,6.077585220336914,7337500.0
2022-01-11,6.166699750077482,6.523156464085838,6.033028429208173,6.442953586578369,5794400.0
2022-01-12,6.540978908538818,6.630092975767674,6.380573162597488,6.540978908538818,5538700.0
2022-01-13,6.532067094588595,6.710295648661564,6.4073074041880815,6.469687461853027,6076200.0
2022-01-14,6.540978997830585,6.794954199132219,6.514244564832278,6.763764381408691,5442000.0
2022-01-18,6.83505585333227,6.915258729946047,6.344927823916053,6.460776329040527,10592800.0
2022-01-19,6.558801449439579,6.674649519558433,6.294132489549731,6.603358268737793,6763900.0
2022-01-20,6.505333577143605,6.924169924609016,6.425130700529829,6.460776329040527,7182900.0
2022-01-21,6.380573933827852,6.799410737823044,6.220168593427459,6.451865196228027,11656900.0
2022-01-24,6.202344428830703,6.737029205468656,5.93500182804705,6.7102952003479,12298900.0
2022-01-25,6.683561706612896,7.467766382171868,6.4652321261799335,7.325183868408203,14764800.0
2022-01-26,7.45885412051779,7.654905484995584,6.915258121123388,7.102397441864014,12090900.0
2022-01-27,7.267259274247765,7.41429759948264,6.83505591822012,7.048929691314697,9888700.0
2022-01-28,7.013283378432913,7.2984483814124355,6.843966445449135,7.102397441864014,8443000.0
2022-01-31,7.07120771221053,7.093486334572593,6.781586896291837,6.95981502532959,8187600.0
2022-02-01,6.906347139846159,7.4900446278984925,6.80832144855843,7.4321208000183105,10554000.0
2022-02-02,7.396475765597997,7.458855408305059,7.0578418411645725,7.280627250671387,5991200.0
2022-02-03,7.173690018929213,7.343006548258637,7.022195879596063,7.25389289855957,7616900.0
2022-02-04,7.334094456033117,7.779665225411327,7.191511945809498,7.244980812072754,12203200.0
2022-02-07,7.138044365378894,7.146955985276869,6.808321652954039,6.888524532318115,8641700.0
2022-02-08,6.879611923263047,6.897434735566992,6.5097882492591745,6.647915363311768,7467000.0
2022-02-09,6.656826781036033,6.95981502532959,6.639003968132258,6.95981502532959,8053300.0
2022-02-10,6.835055978352014,7.383107845425455,6.835055978352014,7.040018558502197,9229700.0
2022-02-11,7.066752024390985,7.556879600145972,7.066752024390985,7.423208713531494,9215600.0
2022-02-14,7.414296558187455,7.474003381807155,7.138043185869859,7.3162713050842285,10280200.0
2022-02-15,7.155866736965738,7.173689976715983,6.897435709599121,7.146955966949463,6859600.0
2022-02-16,7.2182469821001245,7.4543989517919,6.98209416254953,7.075664043426514,6068600.0
2022-02-17,7.040018703474608,7.298449307761173,6.906347378897165,7.004373073577881,5325800.0
2022-02-18,6.897434502915213,7.0132829914479435,6.777130630153802,6.835054874420166,5765800.0
2022-02-22,7.093486708253257,7.18260120239601,6.719207192627777,6.861789703369141,6920400.0
2022-02-23,6.96872689854045,7.1826010861195675,6.866245401907079,7.022195339202881,7945400.0
2022-02-24,7.236068633892304,7.565790875785351,7.1023973284161235,7.3875627517700195,16883200.0
2022-02-25,7.414297694676212,7.592526691068837,7.271715177449184,7.405386924743652,9787100.0
2022-02-28,7.389344662769069,7.864323043841287,7.389344662769069,7.824221611022949,10983000.0
2022-03-01,7.9311590354748995,8.024729335201338,7.605892590898563,7.699462890625,13629000.0
2022-03-02,7.957893543938038,8.029184793055572,7.59252567974599,7.663816928863525,14780900.0
2022-03-03,7.387562928684022,7.6103483015030315,7.236068807178395,7.476677417755127,14895100.0
2022-03-04,7.5390568356374255,7.717284958848731,7.405385955693628,7.645993709564209,15256300.0
2022-03-07,7.806398596873843,8.234146046087329,7.507866204246609,7.877689838409424,19247100.0
2022-03-08,8.020273639145648,8.287616263755591,7.485588389925761,7.53905725479126,23350900.0
2022-03-09,7.271715099799663,7.539057741674998,7.09348695516905,7.53014612197876,16834100.0
2022-03-10,7.574702210348199,7.726196322543858,7.369740087882717,7.458853721618652,10069100.0
2022-03-11,7.307360397727567,7.387563271643137,7.0578410065470765,7.1380438804626465,8702100.0
2022-03-14,7.057840955583439,7.057840955583439,6.549890132668327,6.772675514221191,12411700.0
2022-03-15,6.407307997798252,6.857334596740617,6.336016739535981,6.799410343170166,10627300.0
2022-03-16,6.790498795620829,6.924170118748522,6.630093462825251,6.781587600708008,7591500.0
2022-03-17,6.968727300176815,7.191512269978926,6.959815680421433,7.040018558502197,8009600.0
2022-03-18,6.959815538544646,7.102398052288847,6.870701467454521,7.075664043426514,12854300.0
2022-03-21,7.253893239491059,7.367068098341968,7.129133104218042,7.280627250671387,7034700.0
2022-03-22,7.280626389708642,7.325183636312713,7.06407897008012,7.1380438804626465,5794200.0
2022-03-23,7.334092617034912,7.3964730870101585,7.1514087153859025,7.334092617034912,8390400.0
2022-03-24,7.262801379799132,7.449941090007701,7.227155761181242,7.334092617034912,7367300.0
2022-03-25,7.218246853629796,7.810855946993637,7.218246853629796,7.7083740234375,14971400.0
2022-03-28,7.451726955958706,7.539058457671125,7.280627410948429,7.369741916656494,10327000.0
2022-03-29,7.280625320270446,7.547967910766602,7.0489283518498675,7.547967910766602,8463500.0
2022-03-30,7.645995759913025,7.859869565118952,7.449944346878113,7.485589981079102,8081300.0
2022-03-31,7.351916885448466,7.546186086651398,7.173688767288123,7.191511154174805,9464300.0
2022-04-01,7.396474127438951,8.153943842083624,7.3697401221796275,7.824221611022949,20816400.0
2022-04-04,7.957893371582031,8.194045310472147,7.815310876435084,7.957893371582031,9389300.0
2022-04-05,7.993537902155732,8.087107333102148,7.690549716476416,7.726195335388184,7344500.0
2022-04-06,7.877691470944354,7.975716735905404,7.530145959040758,7.583614826202393,8074600.0
2022-04-07,7.859867601097439,8.153944222236545,7.659361277516455,7.993539333343506,12660400.0
2022-04-08,8.02027367820437,8.510401684066393,8.02027367820437,8.394553184509277,12327600.0
2022-04-11,8.269792716906304,8.32326157977648,7.85095683216803,7.993539333343506,12047300.0
2022-04-12,8.10938960144444,8.332175020716441,8.006907662686531,8.038098335266113,8915200.0
2022-04-13,8.18959077637708,8.341084913522867,7.9712611904572945,8.234148025512695,8498800.0
2022-04-14,8.216324133772929,8.46584349351613,8.171766892782687,8.376729011535645,9694500.0
2022-04-18,8.48366792662388,8.537135943467813,8.136122417703099,8.207413673400879,11018600.0
2022-04-19,8.109388603485035,8.122755183086719,7.881255899901765,7.922248840332031,7345300.0
2022-04-20,8.029185849540795,8.296528493838023,7.833134463741649,8.251971244812012,11061900.0
2022-04-21,8.3410835786163,8.403464057366326,7.788575987390949,7.824221611022949,9811800.0
2022-04-22,7.797487513694602,7.87769037838428,7.262802315669209,7.343005180358887,9764700.0
2022-04-25,7.050711582524536,7.191511505295114,6.71029556276717,7.102397441864014,10084800.0
2022-04-26,7.15586603988295,7.280626156404717,6.93308108878981,6.941992282867432,8861600.0
2022-04-27,6.977638433616504,7.106853944426832,6.7771316651079845,7.048929691314697,9267100.0
2022-04-28,7.040017905743621,7.360828963391288,6.781586905811421,7.2182464599609375,8401500.0
2022-04-29,7.218246680680267,7.351917569268917,6.80832112092456,6.897435188293457,8243100.0
2022-05-02,6.76376472409711,6.9152588605944265,6.469688070863222,6.790498733520508,11176800.0
2022-05-03,6.790498385966316,7.213790954489355,6.790498385966316,7.129132270812988,8184200.0
2022-05-04,7.325183434790831,7.449942702019449,7.004372372883725,7.4410319328308105,10731500.0
2022-05-05,7.2717151585112365,7.378652046153009,6.764655806739042,7.031106948852539,10518700.0
2022-05-06,7.1558659773160915,7.436576024571007,6.959815035099359,7.2182464599609375,10782900.0
2022-05-09,7.004372719957156,7.004372719957156,6.220168051961416,6.229079246520996,11397300.0
2022-05-10,6.416218496522232,6.540978609875429,5.9973821872061315,6.246901988983154,8047000.0
2022-05-11,6.380573488385985,6.754853014787069,6.282548221893825,6.3271050453186035,8614200.0
2022-05-12,6.229079246520996,6.336016555741801,5.984015659585557,6.229079246520996,9631400.0
2022-05-13,6.30037083041213,6.714751356878591,6.30037083041213,6.630093097686768,11882600.0
2022-05-16,6.656826865691906,6.94199230070818,6.612270045330521,6.817232608795166,6928700.0
2022-05-17,6.91525845787802,7.13715233790182,6.835055584419677,7.022195339202881,7377000.0
2022-05-18,7.129132599441241,7.129132599441241,6.536523486107041,6.674650192260742,7034200.0
2022-05-19,6.478599793657869,6.817233723433086,6.122143047838138,6.17561149597168,28691300.0
2022-05-20,6.220167272750321,6.255812896382065,5.676570874972191,5.810242176055908,22774800.0
2022-05-23,5.872622707345806,6.211256159379745,5.8191542675509735,6.1845221519470215,9813700.0
2022-05-24,6.0597626399713445,6.19878041761572,5.921635514348006,6.006293773651123,9080900.0
2022-05-25,6.024117201270108,6.389485108028588,6.006293961984901,6.3271050453186035,10093700.0
2022-05-26,6.371662232883737,6.643460255448848,6.362750613326155,6.585536003112793,7406200.0
2022-05-27,6.514244212042328,7.0355620153765965,6.442952961146937,6.977637767791748,7390200.0
2022-05-31,7.244980990962457,7.521234398877142,6.986549972336388,7.075664043426514,15336100.0
2022-06-01,7.280625180761793,7.67272701607982,7.213789746883097,7.592525005340576,14470800.0
2022-06-02,7.476677620663824,7.801944069840847,7.423208755798325,7.53905725479126,9685600.0
2022-06-03,7.530146146314149,7.726197530970824,7.476678127681586,7.654906272888184,8957100.0
2022-06-06,7.7618426376263345,8.06483088901532,7.654905757699417,7.904425144195557,7670800.0
2022-06-07,7.922249227509925,8.52822494506836,7.895514367282315,8.52822494506836,10444500.0
2022-06-08,8.61466654077899,8.644074209704792,8.153946110988455,8.349997520446777,10553700.0
2022-06-09,8.274247800088933,8.599514208579954,8.073741494105919,8.430197715759277,9094000.0
2022-06-10,8.251971732302941,8.501491151786762,8.087110156125041,8.243060111999512,7845100.0
2022-06-13,7.897296287677862,7.9445263378540645,7.325183275155511,7.71728515625,7053400.0
2022-06-14,7.9222494852816645,8.011363139363318,7.574703939744199,7.868780612945557,8460200.0
2022-06-15,7.859867957402424,7.966804838131714,7.448160669144086,7.637082576751709,9191800.0
2022-06-16,7.360829136996909,7.521234032209834,7.0400180717828915,7.1558661460876465,14806000.0
2022-06-17,7.084575252907159,7.191512138439254,6.318193814997734,6.460776329040527,17134400.0
2022-06-21,6.754852317535243,6.790497942567406,6.478598511071303,6.621181011199951,10129600.0
2022-06-22,6.229079182413814,6.295915053105145,5.845888471848575,5.881534099578857,13672800.0
2022-06-23,5.9260910341254265,6.0152050987506716,5.440418850756116,5.712216854095459,13540400.0
2022-06-24,5.7924201513496225,5.908268656359674,5.5963691947344225,5.614192008972168,14876600.0
2022-06-27,5.453786641973187,5.952825900886147,5.409229815689377,5.872623443603516,14007600.0
2022-06-28,6.07758570725928,6.18452259450117,5.8369774985003176,6.068674087524414,13447200.0
2022-06-29,6.113230790086742,6.193433235886891,5.551811544838808,5.596368789672852,8579800.0
2022-06-30,5.418140287832288,5.59636884396824,5.213177724480042,5.329026222229004,12742000.0
2022-07-01,5.3735834674953376,5.462697533098622,5.047425519964995,5.329026222229004,10193600.0
2022-07-05,5.159709017156992,5.17753182935205,4.723049905913386,4.892366409301758,13474700.0
2022-07-06,4.910189430276347,5.1329747853720935,4.678492457010686,4.954746246337891,10930000.0
2022-07-07,5.097329963031889,5.315659986459073,5.097329963031889,5.257735729217529,8859000.0
2022-07-08,5.364671233793703,5.400316855950791,5.131192111214245,5.2399115562438965,6191100.0
2022-07-11,5.008215135795011,5.1597092590189915,4.865632631550973,5.088418006896973,9164500.0
2022-07-12,4.812164812644192,4.99930458604748,4.7319619312058006,4.928013324737549,8131900.0
2022-07-13,4.856721638498181,5.106241478012378,4.807709002579962,4.928013324737549,10697700.0
2022-07-14,4.714138841027789,4.7943417177900765,4.526999078535392,4.749784469604492,9996900.0
2022-07-15,4.95474734581879,4.95474734581879,4.706119007731353,4.919101715087891,8813000.0
2022-07-18,5.124064040644834,5.2577353614736255,5.061683977610221,5.106241226196289,6927400.0
2022-07-19,5.079506445685561,5.614191692540366,5.06168363245236,5.560722827911377,11401800.0
2022-07-20,5.453786141886064,5.921635537007776,5.453786141886064,5.881534099578857,9302100.0
2022-07-21,5.658748626708984,5.730039881072343,5.476064681170531,5.658748626708984,8073900.0
2022-07-22,5.70330579856708,5.783508246212331,5.275557853051314,5.311203479766846,7270300.0
2022-07-25,5.409229373283859,5.654292960125351,5.320114878145783,5.623103141784668,4813200.0
2022-07-26,5.72112879249788,5.765685614833924,5.404773526715539,5.507254600524902,5532600.0
2022-07-27,5.569634393491567,5.854799827412912,5.516165954305573,5.828065395355225,5253700.0
2022-07-28,5.8904462591029265,5.9795603365999845,5.640926417181727,5.872623443603516,5817700.0
2022-07-29,6.059762444447821,6.104319265037807,5.903812510059403,5.935002326965332,9081500.0
2022-08-01,5.747862524111544,5.885989644039063,5.605280019615562,5.828065395355225,6680400.0
2022-08-02,5.828065324970628,5.970647827744664,5.6587483904617715,5.845888137817383,7033500.0
2022-08-03,5.970647861575429,5.970647861575429,5.467153289569379,5.596368789672852,8072200.0
2022-08-04,5.756774143294467,5.8102425824822,5.4359630832386925,5.4537858963012695,11824300.0
2022-08-05,5.355761728040932,5.899357849660037,5.3290272905358185,5.765686511993408,10163600.0
2022-08-08,5.694394084925551,5.8993566476032155,5.63201445167325,5.828065395355225,11805100.0
2022-08-09,5.917179584503174,6.028572274704292,5.854799949945357,5.917179584503174,6217000.0
2022-08-10,5.926090832704616,6.139964580535889,5.747862284582523,6.139964580535889,6562500.0
2022-08-11,6.344927504200306,6.496421630201813,6.246902243200004,6.4162187576293945,7203700.0
2022-08-12,6.344927683678051,6.5409790610831005,6.313737865652913,6.496421813964844,3788800.0
2022-08-15,6.131054087404871,6.380573488385985,5.872623066781153,6.3271050453186035,7834700.0
2022-08-16,6.362750860226624,6.496422184271477,6.113231451943696,6.157788276672363,7396900.0
2022-08-17,6.1043195154593,6.398396158148977,6.1043195154593,6.36275053024292,5945000.0
2022-08-18,6.505332988119112,6.754852365101302,6.4206743093745535,6.737029552459717,7753800.0
2022-08-19,6.61227043685613,6.737030136156412,6.554346184520075,6.585536003112793,6580400.0
2022-08-22,6.487511125304782,6.701384908316758,6.246902906951592,6.612270832061768,7728200.0
2022-08-23,6.745941486231029,7.0756637479606415,6.745941486231029,6.897435188293457,8538600.0
2022-08-24,7.12913197038759,7.227157229031267,7.013283473885741,7.2182464599609375,9660300.0
2022-08-25,7.289537836178814,7.48558835681464,7.155866099535727,7.414297103881836,6615100.0
2022-08-26,7.387563409530091,7.556879929955261,7.325183773035366,7.467766284942627,6907100.0
2022-08-29,7.40538476518228,7.904423429947018,7.360827529077923,7.726195335388184,8022600.0
2022-08-30,7.547969180231798,7.614804626631978,7.320727982584137,7.4499430656433105,8654300.0
2022-08-31,7.262801379799132,7.752929273189059,7.1558645239454615,7.334092617034912,9318700.0
2022-09-01,7.200423894067571,7.244981143012458,6.639004597023192,6.790498733520508,17732800.0
2022-09-02,7.654905045648837,7.735107910598339,6.888523294268452,7.084574222564697,3359200.0
2022-09-06,7.129131934730817,7.334094069922127,6.924169374610131,7.093486309051514,6011200.0
2022-09-07,6.76376398388678,6.915258103804939,6.523155800760697,6.737029552459717,8251000.0
2022-09-08,6.790498228442514,6.959815166938091,6.639004103213347,6.924169540405273,4992200.0
2022-09-09,6.986549972336388,7.209335362526407,6.986549972336388,7.075664043426514,4731700.0
2022-09-12,7.173689735069606,7.450834644923021,7.146955726203624,7.325183868408203,6312800.0
2022-09-13,7.218246449828397,7.458854211564675,6.906346586618264,6.95981502532959,5052300.0
2022-09-14,7.093487027865328,7.334094813117773,7.031106964140616,7.262803554534912,7319300.0
2022-09-15,7.307359928150482,7.33854974381141,7.093486178025196,7.120220184326172,8304200.0
2022-09-16,7.129132032720701,7.129132032720701,6.745941338936541,6.941992282867432,9928100.0
2022-09-19,6.701385021209717,6.897435992273411,6.683562205658472,6.701385021209717,5505800.0
2022-09-20,6.683561498719421,6.719207126051573,6.30037079243409,6.514244556427002,8113200.0
2022-09-21,6.585535866704328,6.683561555160244,6.211256351626651,6.2558135986328125,5795000.0
2022-09-22,6.362749946991481,6.44295281489289,6.086496143578071,6.139964580535889,7104800.0
2022-09-23,5.783508798621765,5.8441067097696635,5.578546637895278,5.667660713195801,8290200.0
2022-09-26,5.667660905840375,5.738952168503992,5.453786692920078,5.4983439445495605,8365100.0
2022-09-27,5.667660307681388,5.85480006488757,5.56072300004257,5.649837493896484,5489100.0
2022-09-28,5.756773914846942,6.050850531174243,5.7033054777810115,6.015204906463623,6702800.0
2022-09-29,6.006294865139707,6.0152064861223336,5.694395354548889,5.979560852050781,7656500.0
2022-09-30,5.890445538868293,6.104319298710528,5.8013314722673615,6.059762477874756,7091700.0
2022-10-03,6.380573599844729,6.745941937915041,6.31819396097448,6.665739059448242,7162800.0
2022-10-04,6.8974348694486,7.280625978815326,6.826143618849034,7.227157115936279,7829400.0
2022-10-05,7.129131710623288,7.7484747560288945,7.129131710623288,7.663816928863525,9663700.0
2022-10-06,7.574703240076855,8.082653655986011,7.547969231307641,8.055919647216797,8023800.0
2022-10-07,8.020274306960301,8.376730602881665,7.8955141784584,7.984628677368164,8047600.0
2022-10-10,7.948983298780283,8.10047744179529,7.628172622320849,7.806400775909424,5529100.0
2022-10-11,7.601437457892171,7.975716990389449,7.530146199307817,7.752931594848633,7030300.0
2022-10-12,7.62817207213752,7.993539973106588,7.556879965985173,7.940071105957031,5007100.0
2022-10-13,7.788576622076844,8.358907496523427,7.761842614638984,8.296527862548828,7127500.0
2022-10-14,8.216324802150263,8.225235571186232,7.771644707693365,7.842045307159424,4281900.0
2022-10-17,8.011362228133928,8.100476721938405,7.779665224129328,7.9668049812316895,3708800.0
2022-10-18,8.05591766690645,8.167310334230853,7.74401785845468,7.948980808258057,4031400.0
2022-10-19,7.98462874076961,8.385642289330079,7.886603471077583,8.216325759887695,7425700.0
2022-10-20,8.296528786575104,8.448022078834732,8.099585891905736,8.180680274963379,4103900.0
2022-10-21,8.198502045834033,8.590604801641328,8.055919534580037,8.572781562805176,7425700.0
2022-10-24,8.519313744147281,8.73318751600232,8.412376008360937,8.635161399841309,6773300.0
2022-10-25,8.546047875907373,8.746554221204192,8.440893142422865,8.617339134216309,7893400.0
2022-10-26,8.670806641390689,8.893592022925192,8.586148808305902,8.857946395874023,7602000.0
2022-10-27,8.911416420985068,9.08964457943299,8.58169411539169,8.590605735778809,4353400.0
2022-10-28,8.590605001432294,8.724275896376987,8.349996370701257,8.635161399841309,3593400.0
2022-10-31,8.572781581379905,8.84903583492719,8.554959192363942,8.706453323364258,4160200.0
2022-11-01,8.911414662939626,9.152023266771184,8.804477788967397,9.036174774169922,5161600.0
2022-11-02,9.027263826750909,9.152023947257577,8.742098808288574,8.742098808288574,5973500.0
2022-11-03,8.688630455257519,9.258961375705656,8.644073206028018,9.19658088684082,4997700.0
2022-11-04,9.57085999404513,9.83820262764849,9.214403715813186,9.437189102172852,8269900.0
2022-11-07,9.490655655540422,9.980783599926818,9.477289078329573,9.945137977600098,6149800.0
2022-11-08,9.882760177162146,9.891671796855213,9.616309037294796,9.7134428024292,5773900.0
2022-11-09,9.356985960322879,9.62432858630386,8.73318706627311,8.759921073913574,9664300.0
2022-11-10,9.000530174569125,9.33916322245155,8.67971866625698,9.116377830505371,8070400.0
2022-11-11,9.312428270271472,9.72235338393203,9.276782645164412,9.63323974609375,7067100.0
2022-11-14,9.481747525688057,9.887216911175019,9.481747525688057,9.615418434143066,6409500.0
2022-11-15,9.68670666413991,10.185746209101527,9.499566941011635,10.167922973632812,6827500.0
2022-11-16,9.891671014240725,10.007518661649575,9.597594386507074,9.793644905090332,6121600.0
2022-11-17,9.677796688866556,9.78473357025163,9.45946711647301,9.7223539352417,5047700.0
2022-11-18,9.462730728083095,9.686541773525146,9.104633396884365,9.650732040405273,5395100.0
2022-11-21,9.337399268576444,9.382160805095944,8.65701332671241,9.131492614746094,7450900.0
2022-11-22,9.319494071964053,9.57911491394043,9.176255104497306,9.57911491394043,4906000.0
2022-11-23,9.364256189077759,9.417971227193808,9.12253979821289,9.39111328125,3427200.0
2022-11-25,9.48959160813875,9.561211096566304,9.346351777512,9.409019470214844,1641200.0
2022-11-28,8.99720505237248,9.059871877843548,8.818156369761237,8.86291790008545,5227100.0
2022-11-29,9.095682079837713,9.15834890851576,8.889776297740413,9.033015251159668,10639600.0
2022-11-30,9.28368445868638,9.310541552015497,8.952444128388596,9.095683097839355,5670700.0
2022-12-01,9.16730224399215,9.301589413221363,8.737585351510441,8.764442443847656,5387200.0
2022-12-02,8.764442500069512,9.05539675460852,8.755489851309155,8.907681465148926,4208800.0
2022-12-05,9.104634018337686,9.16282451846511,8.33472427682314,8.43320083618164,5203100.0
2022-12-06,8.397389992316434,8.531676269515746,7.976625014642549,8.04824447631836,6236800.0
2022-12-07,8.110913035557571,8.325771444159665,7.967673242718086,7.985578536987305,4806300.0
2022-12-08,8.334725590328969,8.388439775254499,7.752816228491892,7.824435710906982,4634700.0
2022-12-09,7.869198466939318,7.9560372855060155,7.648073326040138,7.699102401733398,5907000.0
2022-12-12,7.743864299190846,8.195962857545554,7.717007204232923,8.093009948730469,5184000.0
2022-12-13,8.31681963390628,8.37948646261156,8.084055907613081,8.245200157165527,6704400.0
2022-12-14,8.281011024684235,8.377697246090644,8.075105214421384,8.146724700927734,5554800.0
2022-12-15,8.03034311961075,8.106438933566205,7.882627816493889,8.01243782043457,4565900.0
2022-12-16,7.761767908591911,7.9497692399124285,7.587195548712669,7.913959503173828,14979700.0
2022-12-19,8.021389454350846,8.119866026035723,7.725958885524669,7.788625717163086,5367700.0
2022-12-20,7.734912907985351,7.922914290068138,7.708054957850881,7.878151893615723,4330300.0
2022-12-21,8.10196236344396,8.227296038795481,7.82891253567678,8.209391593933105,5328900.0
2022-12-22,8.182534402021323,8.182534402021323,7.672244496078261,7.922913551330566,5960200.0
2022-12-23,8.11091342730233,8.406343966841911,8.03034130674218,8.397391319274902,4220300.0
2022-12-27,8.477964622327313,8.598821966253057,8.424249583204642,8.522727012634277,3596200.0
2022-12-28,8.442154775062136,8.469011867401182,7.972150963385195,7.994532585144043,3706400.0
2022-12-29,7.9676733441047665,8.334724197351587,7.913959168156454,8.289961814880371,4399600.0
2022-12-30,8.164628375440532,8.4869160343154,8.14761868496705,8.41529655456543,4974300.0
2023-01-03,8.281010250411224,8.307867341897067,7.578243571168962,7.79757833480835,8878700.0
2023-01-04,7.5916719689798375,7.900531520616377,7.546910432782534,7.743863582611084,5691700.0
2023-01-05,7.6722452227757305,7.79310343724426,7.573768633452318,7.645388126373291,4415600.0
2023-01-06,7.860244471180194,7.922912150801346,7.6811957874871934,7.913959503173828,4946700.0
2023-01-09,8.057200150504048,8.191486478170457,7.976628012395544,8.030343055725098,11806200.0
2023-01-10,8.039294905042967,8.12881969326492,7.717007204232923,8.093009948730469,5133700.0
2023-01-11,8.23624925011838,8.401869858697646,8.110915566214633,8.263106346130371,5694900.0
2023-01-12,8.37948751944632,8.773395544972294,8.370535724053342,8.69282341003418,6192000.0
2023-01-13,8.692824095904799,9.015111807314387,8.540632463185126,8.97035026550293,7172400.0
2023-01-17,9.059870877692314,9.122537696245372,8.871869568261774,9.041966438293457,4525000.0
2023-01-18,9.14044379238537,9.444826972847736,9.024061937869085,9.059871673583984,7361600.0
2023-01-19,8.988253056463854,9.471684961449641,8.880823839108293,9.382160186767578,6065300.0
2023-01-20,9.489590932018526,9.516448024822415,9.270255303843404,9.43587589263916,3998000.0
2023-01-23,9.570161757878253,9.793972846127499,9.480637834841483,9.588067054748535,7020800.0
2023-01-24,9.64178150630986,9.66863859621345,9.337398308164188,9.373208045959473,7955800.0
2023-01-25,9.265778680373778,9.588066315237443,9.14044417326328,9.471684455871582,6933800.0
2023-01-26,9.597019545585681,9.87006848820122,9.332026791149309,9.847687721252441,9187200.0
2023-01-27,9.883497104429305,9.990926318700422,9.641781585762166,9.677591323852539,7947200.0
2023-01-30,9.614925020396864,9.614925020396864,9.122540410730423,9.140445709228516,7090000.0
2023-01-31,9.113587844242254,9.749211373033106,9.059872807063899,9.731306076049805,8107300.0
2023-02-01,9.623877696112944,9.699973507395864,9.283684707658217,9.52540111541748,9259000.0
2023-02-02,9.579115106568215,9.579115106568215,8.999892541571178,9.158349990844727,6714900.0
2023-02-03,9.140443861467853,9.61044675299957,9.113586772921558,9.122538566589355,6350400.0
2023-02-06,9.095683685279733,9.185208473854177,8.643585125144947,8.7823486328125,6508000.0
2023-02-07,8.853966840611866,9.247873975026385,8.679393613537156,9.221016883850098,6487200.0
2023-02-08,9.265778322647122,9.471684090195462,9.158348261402004,9.30158805847168,8748000.0
2023-02-09,9.31949408660819,9.328446735531827,8.85396744160976,8.889777183532715,6090300.0
2023-02-10,9.059873334455327,9.462733148543752,8.961396756629323,9.41797161102295,5751600.0
2023-02-13,9.310541530412541,9.561210580141358,9.149398117040134,9.41797161102295,4674500.0
2023-02-14,9.34635116492117,9.659687046583374,9.216541170818777,9.57911491394043,3914600.0
2023-02-15,9.400065929897936,9.417971227193808,9.064349289544438,9.39111328125,5568800.0
2023-02-16,9.337399202002215,9.453781074420615,9.221017329583818,9.22996997833252,4495000.0
2023-02-17,9.05091862680414,9.077776567733682,8.674915991504605,8.728631019592285,7921800.0
2023-02-21,8.603298362164187,8.763547020702267,8.263105388284089,8.343677520751953,6535600.0
2023-02-22,8.32577302176998,8.424249597596265,8.066152182071967,8.200438499450684,7521500.0
2023-02-23,8.460059618401543,9.682068049707759,8.415297226540575,9.462733268737793,15445300.0
2023-02-24,9.46273238257841,9.879021136489346,9.337398721630796,9.847687721252441,10097300.0
2023-02-27,9.94616479833957,10.277405117948907,9.76263976793131,9.999879837036133,8963900.0
2023-02-28,10.205784747242657,10.268452429229434,9.677591323852539,9.677591323852539,9182500.0
2023-03-01,9.838736235734105,9.981975210186357,9.682068287262593,9.973023414611816,10166200.0
2023-03-02,9.865592374923924,10.738455035618006,9.811877342467124,10.662359237670898,8740700.0
2023-03-03,10.393787428213251,10.787695451859484,10.384835632862991,10.617598533630371,8994000.0
2023-03-06,10.491733843598693,10.765939670779536,10.347888444876352,10.572647094726562,5744000.0
2023-03-07,10.554667348921484,10.78841658060736,10.473754087385117,10.500725746154785,7187000.0
2023-03-08,10.159089234746835,10.428799735337398,9.871397634003415,10.033224105834961,27871500.0
2023-03-09,10.096156247037467,10.320914854753022,9.835436296382863,9.85341739654541,8437400.0
2023-03-10,9.826448113616351,10.060196449944824,9.511785671509228,9.655631065368652,14437300.0
2023-03-13,9.233084250031402,9.430871212505735,9.029901757031372,9.215103149414062,11498600.0
2023-03-14,9.287027095262893,9.673612237047298,9.107220351660677,9.29601764678955,9003900.0
2023-03-15,8.819530154891495,8.819530154891495,8.109292826869225,8.441935539245605,14037000.0
2023-03-16,8.208185318650484,8.76558662143488,8.190204216599632,8.711644172668457,9322900.0
2023-03-17,8.594770995096091,8.675683387402794,8.307079345367333,8.39698314666748,17008800.0
2023-03-20,8.504865007496193,8.927411393167262,8.459913118401658,8.58577823638916,6749600.0
2023-03-21,8.882462514580682,9.197124130117853,8.8195303629505,9.089240074157715,7512200.0
2023-03-22,9.143180883671008,9.192628055264592,8.756595776418125,8.783567428588867,5541900.0
2023-03-23,8.83750961301466,9.03349951652756,8.45092447974057,8.522847175598145,5037700.0
2023-03-24,8.30707978472835,8.684674398342024,8.208186283976667,8.621742248535156,6418900.0
2023-03-27,8.747605236788502,8.99933551305136,8.558808815670522,8.90044116973877,5730700.0
2023-03-28,8.900441334052493,9.097330626284563,8.837509192518024,8.927412986755371,7046000.0
2023-03-29,9.12520082826577,9.251065980665773,9.04878285312759,9.197123527526855,4686000.0
2023-03-30,9.34096904992105,9.34096904992105,9.107219866984938,9.251065254211426,4092100.0
2023-03-31,9.367940506271095,9.484815105980704,9.278036704221796,9.439863204956055,6697500.0
2023-04-03,9.853417970826847,10.419809798167083,9.763514179546393,10.374857902526855,11426000.0
2023-04-04,10.419810065476364,10.455771411433876,9.785990807108867,9.916350364685059,6403000.0
2023-04-05,9.925342582609051,10.06918799059978,9.72755471792867,10.015246391296387,4322400.0
2023-04-06,9.934332821968146,10.069187673364207,9.829145249083881,9.844429016113281,3957300.0
2023-04-10,10.006255838950402,10.231913044085319,9.916352030263065,10.015246391296387,6018100.0
2023-04-11,10.123129383947454,10.231013428608268,9.907361294625824,10.168081283569336,4901800.0
2023-04-12,10.186061032965597,10.370363040792984,10.105147789063597,10.123128890991211,4296600.0
2023-04-13,10.302935425224685,10.361372290593504,10.159090042114258,10.159090042114258,4534500.0
2023-04-14,10.1411099285972,10.248993976441337,9.929837108742369,10.096158027648926,4300000.0
2023-04-17,10.042217144400427,10.195053104028716,9.826449033414464,9.83543872833252,8343200.0
2023-04-18,9.844429845250133,9.947818630520675,9.660127799372626,9.790488243103027,5477000.0
2023-04-19,9.5926977806306,9.718562914002385,9.376929715467032,9.691591262817383,4711000.0
2023-04-20,9.421883255687883,9.556738975280448,9.305009499048486,9.403903007507324,5241300.0
2023-04-21,9.35895008687223,9.412892540341495,9.224095239278386,9.376931190490723,4836900.0
2023-04-24,9.269046688521133,9.624164893791104,9.269046688521133,9.538756370544434,3768900.0
2023-04-25,9.349958769086868,9.430872013969008,9.000234391788036,9.071258544921875,5417900.0
2023-04-26,9.008325656881652,9.116209688670011,8.810537836576628,8.855489730834961,4396100.0
2023-04-27,8.900441762675182,9.116210707758478,8.783568024878862,9.062268257141113,4862400.0
2023-04-28,9.09822948147866,9.466833507299803,9.057772858411836,9.39491081237793,6303500.0
2023-05-01,9.278036835361439,9.48481524004304,9.143181987767596,9.376931190490723,3995200.0
2023-05-02,9.224095773590673,9.269047677854562,8.657703837592692,8.882462501525879,7537600.0
2023-05-03,8.630731980177133,8.886956688475395,8.576789530194583,8.67568302154541,5311700.0
2023-05-04,8.747607919103421,8.864482542337614,8.567801136199424,8.756598472595215,5303600.0
2023-05-05,9.161162376403809,9.3050086354291,9.0802499810215,9.161162376403809,5663900.0
2023-05-08,9.394911582760406,9.435368209144672,9.012821698790242,9.161162376403809,8154500.0
2023-05-09,8.891452063600925,8.994840831722918,8.477896133726784,8.522847175598145,11963200.0
2023-05-10,8.567799074855671,8.66669342469946,8.374506508218625,8.522847175598145,6775000.0
2023-05-11,8.343039940280926,8.599264636224092,8.289098350285585,8.361021041870117,5658200.0
2023-05-12,8.486886514159611,8.56330449186288,8.32506086408334,8.531838417053223,4643500.0
2023-05-15,8.659043343742715,8.686302237056923,8.4682354231285,8.540924072265625,5790800.0
2023-05-16,8.450062682608811,8.550009346579227,8.23199676130048,8.241082191467285,4735500.0
2023-05-17,8.404631942824667,8.404631942824667,8.122962815365256,8.295598983764648,6717600.0
2023-05-18,8.213824859441948,8.459149691455039,8.172937387439765,8.440977096557617,6965300.0
2023-05-19,8.577266892171643,8.831677986038697,8.550008870156207,8.731730461120605,8238800.0
2023-05-22,8.786248358958035,9.313241465230188,8.75899033387968,9.149691581726074,12391400.0
2023-05-23,9.22238190468933,9.295070562471771,8.904369243520442,8.93162727355957,6884900.0
2023-05-24,8.949797819312852,9.222379790242622,8.91345349875442,9.10426139831543,6039400.0
2023-05-25,8.868024279187884,8.975240171711963,8.55001077428921,8.61361312866211,7218400.0
2023-05-26,8.722647446429901,8.804421535116349,8.500037461034754,8.7771635055542,5880800.0
2023-05-30,8.613611865280188,8.649957052753384,8.413718533279381,8.513665199279785,5057400.0
2023-05-31,8.33194432813038,8.540923975400247,8.277427408637307,8.47732162475586,6745300.0
2023-06-01,8.440976658204756,8.768075550718448,8.440976658204756,8.57726764678955,3845900.0
2023-06-02,8.840763804420394,8.995227380160994,8.727187696759186,8.949797630310059,6438500.0
2023-06-05,9.149691509246146,9.195122128361518,8.679032409512345,8.87710952758789,5507800.0
2023-06-06,8.68630149305398,9.13151964751411,8.640870874605259,9.113347053527832,7323200.0
2023-06-07,9.22238136619589,9.722116509158573,9.195123337748356,9.603997230529785,11693300.0
2023-06-08,9.549481836741377,9.631256794279457,9.349587592372425,9.504051208496094,8031400.0
2023-06-09,9.531307558191294,9.558566450242232,9.367758538470719,9.422274589538574,4678700.0
2023-06-12,9.186035885374945,9.42227441295361,9.080637957547841,9.176950454711914,5302600.0
2023-06-13,9.32233002774929,9.644885858022175,9.222382467313135,9.36776065826416,4671100.0
2023-06-14,9.504049373812657,9.54947999328791,9.022486887015758,9.149691581726074,5468600.0
2023-06-15,9.149691830228,9.608539453007888,9.149691830228,9.48587703704834,7218100.0
2023-06-16,9.613082474914595,9.613082474914595,9.263267826541172,9.540393829345703,9657400.0
2023-06-20,9.422274328200274,9.449532352978167,8.895281227737087,9.086089134216309,7971000.0
2023-06-21,9.077003379052691,9.540394160528146,9.067917081411908,9.522221565246582,7082800.0
2023-06-22,9.313240900935538,9.404102134380711,9.190578495739638,9.249638557434082,5647100.0
2023-06-23,9.058830962837929,9.454075348530525,9.036115220459811,9.34958553314209,12144300.0
2023-06-26,9.449532897426552,9.65851341014307,9.417731722267241,9.549480438232422,6952500.0
2023-06-27,9.48587724120049,9.603996510979549,9.376844269062213,9.522221565246582,8006300.0
2023-06-28,9.513134825566835,9.894750608817098,9.413187298300342,9.776631355285645,9873200.0
2023-06-29,9.858407121013043,9.985611815144185,9.785718476790393,9.922009468078613,5326700.0
2023-06-30,9.994697361985446,10.06738600075126,9.885664403836726,9.958353042602539,8269800.0
2023-07-03,9.949267932098401,10.026499728307863,9.75846001596426,9.876579284667969,3158000.0
2023-07-05,9.976525434816349,10.09918784586335,9.822062717018662,9.831148147583008,6271100.0
2023-07-06,9.740287910884826,9.849320877816146,9.363215241970138,9.594910621643066,5222800.0
2023-07-07,9.622168896063583,10.09464509834148,9.622168896063583,9.931096076965332,5701500.0
2023-07-10,9.917466603769409,10.067387045090493,9.858407403589535,10.049215316772461,4566400.0
2023-07-11,10.130989333501438,10.439916511716966,10.130989333501438,10.376314163208008,6276100.0
2023-07-12,10.430831063986961,10.43991736209036,10.262738881659496,10.403573036193848,4794200.0
2023-07-13,10.430829048156738,10.748842488180724,10.385399299453523,10.430829048156738,11617500.0
2023-07-14,10.349057401520334,10.394487160850865,9.722116671160462,9.758460998535156,8361600.0
2023-07-17,9.731201607954935,9.87203574851044,9.617625492486983,9.685770988464355,7552900.0
2023-07-18,9.631254970023154,10.217307277179934,9.631254970023154,10.012870788574219,7636100.0
2023-07-19,10.04013006408672,10.48534828566866,10.02195746736071,10.112818717956543,8848500.0
2023-07-20,10.267280913518427,10.335426408844775,9.9992412142534,10.158247947692871,4613900.0
2023-07-21,10.221851348876953,10.280002443285776,10.103732073752326,10.221851348876953,3486700.0
2023-07-24,10.258195437791587,10.449003359893808,10.190049937008734,10.30362606048584,8354800.0
2023-07-25,10.240023601873121,10.548949926636004,10.153705506305599,10.330883979797363,5037400.0
2023-07-26,10.1945924948516,10.344512934488373,10.099188106073468,10.167333602905273,7610300.0
2023-07-27,10.321797547528874,10.34905644041623,9.931096281164132,9.967440605163574,5602900.0
2023-07-28,9.967440217861158,10.312711715698242,9.9410903023674,10.312711715698242,5227500.0
2023-07-31,10.43083131944992,10.630725550034915,10.403573290989225,10.621639251708984,6787300.0
2023-08-01,10.485346463195272,10.612552018616231,10.321796587156461,10.594379425048828,5474000.0
2023-08-02,10.45808939036906,10.567122362137546,10.221850851612158,10.503520011901855,8905000.0
2023-08-03,10.449002040319934,10.812445242941676,10.149161181527761,10.530776977539062,11233000.0
2023-08-04,10.639811341455168,11.030513485685258,10.630725043562128,10.903307914733887,9428700.0
2023-08-07,10.957823648459398,11.030512290694869,10.757929449053368,10.985081672668457,6963800.0
2023-08-08,10.76701644405493,11.239492649219075,10.703413228087374,11.15771770477295,7823200.0
2023-08-09,11.312181611610207,11.471188356187502,11.130459989172031,11.166804313659668,5797400.0
2023-08-10,11.157717084539813,11.312180667347977,10.989624922759559,11.048684120178223,5843700.0
2023-08-11,11.130458606968492,11.462100635048794,11.085027990371355,11.303093910217285,7076800.0
2023-08-14,11.2847743090943,11.43132968346608,11.174857778315465,11.330573081970215,4820600.0
2023-08-15,11.25729630304313,11.284775219570154,11.078682035308972,11.138219833374023,4579900.0
2023-08-16,11.422172183732943,11.614526357184516,11.16569937010481,11.202338218688965,4747000.0
2023-08-17,11.422171374187354,11.71528214208638,11.348893682212596,11.49544906616211,7802100.0
2023-08-18,11.358053947871054,11.806880950927734,11.211498548317481,11.806880950927734,6169000.0
2023-08-21,11.495449187430596,12.219067058469196,11.358052858374254,12.072511672973633,28830600.0
2023-08-22,12.255706310936494,12.68163346010797,12.10915092058481,12.301505088806152,17657700.0
2023-08-23,12.173270105708289,12.448061931446587,11.916798142670807,12.255707740783691,9137500.0
2023-08-24,12.246547086196207,12.328984716403138,12.045032976083604,12.090831756591797,5991800.0
2023-08-25,12.347302768917755,12.347302768917755,12.040452971903006,12.283185005187988,5522400.0
2023-08-28,12.457219380556653,12.498438189881046,12.283184213733895,12.484698295593262,5627100.0
2023-08-29,12.603774912241683,12.759490221909735,12.365621982921253,12.59461498260498,6036000.0
2023-08-30,12.640414167453335,12.961003853290874,12.56713647505967,12.8236083984375,6527100.0
2023-08-31,12.869407907324977,13.01596330045686,12.722852514193093,12.988484382629395,6462100.0
2023-09-01,13.089240444441362,13.38235121833103,13.080080514372558,13.217476844787598,5627100.0
2023-09-05,13.867816837971056,14.014372222891707,13.37319197709436,13.391510963439941,13832300.0
2023-09-06,13.281594164381863,13.354871855405678,12.896885849737338,13.27243423461914,9070900.0
2023-09-07,13.171679478848219,13.414412410437473,12.979325294494629,12.979325294494629,8562500.0
2023-09-08,12.98848368883209,13.226635753180666,12.98848368883209,13.107560157775879,7097200.0
2023-09-11,13.180839878003024,13.267856605450625,12.754912677983743,12.832770347595215,9614100.0
2023-09-12,12.988484884409413,13.162519202092176,12.896887323393802,13.135040283203125,8052100.0
2023-09-13,13.13503831426906,13.180837087911657,12.74117008389725,12.851086616516113,7214800.0
2023-09-14,13.04344264706434,13.1029813234433,12.603776453215444,12.649575233459473,7781800.0
2023-09-15,12.567137384564068,12.695372918764102,12.393102197379651,12.539657592773438,47108300.0
2023-09-18,12.695371654046976,12.805288189642393,12.347302187891996,12.411420822143555,9413200.0
2023-09-19,12.594615869509521,12.631254717097441,12.173268685478913,12.301505088806152,6783100.0
2023-09-20,12.19158814207353,12.42974020673432,12.06335174299541,12.072511672973633,25847300.0
2023-09-21,12.246545051726098,12.493857901261789,12.072510762953488,12.173267364501953,18524600.0
2023-09-22,12.338143151159356,12.461798707936902,11.94885487435122,12.035872459411621,12567900.0
2023-09-25,11.990073804608109,12.466378797710677,11.97175394502698,12.429739952087402,9370800.0
2023-09-26,12.246546633400145,12.503018571808685,12.182428867182773,12.328984260559082,9969600.0
2023-09-27,12.576297510322638,12.942686903480976,12.50759977208643,12.832770347595215,11369400.0
2023-09-28,12.704531603796429,12.938104569882706,12.631253913283752,12.887725830078125,8229300.0
2023-09-29,12.942686425698799,12.942686425698799,12.718273356523905,12.786971092224121,7958600.0
2023-10-02,12.841927900768177,12.841927900768177,12.209906729545414,12.319823265075684,8742800.0
2023-10-03,12.23738553358053,12.402260772143675,12.127468999051423,12.310663223266602,12458700.0
2023-10-04,12.118309951424738,12.145789742211214,11.440490835727516,11.541248321533203,12374600.0
2023-10-05,11.30309551573799,11.664904030177498,11.30309551573799,11.55956745147705,8922300.0
2023-10-06,11.724443474550737,12.255707241691741,11.706123612595965,12.109151840209961,10430700.0
2023-10-09,12.576294848199478,12.887725460722402,12.512177089223211,12.851086616516113,8966000.0
2023-10-10,12.83276843621002,12.878567212725676,12.709112001679454,12.741170883178711,5608300.0
2023-10-11,12.539656363373417,12.896885759776954,12.521337377514735,12.887725830078125,6949500.0
2023-10-12,13.070921638803654,13.09382059075368,12.814448834560435,12.860247611999512,9344400.0
2023-10-13,13.217476702298171,13.625083977036706,13.098400233304432,13.58386516571045,9633500.0
2023-10-16,13.693781633868632,13.799118207362168,13.345712158658733,13.767059326171875,6893800.0
2023-10-17,13.739580667637451,13.986893538953654,13.66630297395984,13.886136054992676,7525100.0
2023-10-18,14.023532164553,14.087649927124616,13.81285814339926,13.959413528442383,6731800.0
2023-10-19,13.80369743285207,14.188405733604563,13.643403035487657,14.160926818847656,9884700.0
2023-10-20,14.142607947182354,14.188406724000064,13.741412444278795,13.785379409790039,8096000.0
2023-10-23,13.583865389087242,13.977733648886568,13.428150071191649,13.602185249328613,7758100.0
2023-10-24,13.702942228380909,13.876976537656986,13.611344671789897,13.638824462890625,7517400.0
2023-10-25,13.638824130603089,13.812858435639106,13.5472265762437,13.70294189453125,7096900.0
2023-10-26,13.483109948514143,13.670884164589186,13.201906358885633,13.528908729553223,6937900.0
2023-10-27,13.556387398520906,13.675463877608818,13.144200123856026,13.409832000732422,7384800.0
2023-10-30,13.455627381002106,13.58386376675932,13.052600112754867,13.263273239135742,6397300.0
2023-10-31,13.25411597968075,13.5014279821422,13.080080798745813,13.345712661743164,35201600.0
2023-11-01,13.43730992166496,13.49226775498529,12.953676795458811,13.125879287719727,11144600.0
2023-11-02,13.162518703858906,13.675463453759775,13.061762089386882,13.657143592834473,7605700.0
2023-11-03,13.611344194071366,13.858657064063715,13.336553281020768,13.593025207519531,7529300.0
2023-11-06,13.702942393829177,13.730421311722644,12.832769089864312,12.99764347076416,10952900.0
2023-11-07,12.631253787359135,12.722851336356308,12.356462013906585,12.493858337402344,17643100.0
2023-11-08,12.466380069854527,12.640415259478909,11.980915097421649,12.081671714782715,11199300.0
2023-11-09,11.97175403674522,12.338143369323939,11.857257534102931,11.870997428894043,10669100.0
2023-11-10,12.026712790288096,12.196167125691996,11.870997476191055,12.154949188232422,6665700.0
2023-11-13,12.182427918350712,12.274024595307344,11.999233690898464,12.237385749816895,7849300.0
2023-11-14,12.36562204726072,12.512177428054612,12.23738565229658,12.411420822143555,7801400.0
2023-11-15,12.356462216045601,12.6449938886295,12.205326869205123,12.237385749816895,6128400.0
2023-11-16,12.054192027832043,12.086250909788136,11.536668204385789,11.816039085388184,11328400.0
2023-11-17,11.982462301484594,12.361536969753844,11.973216362809431,12.259834289550781,7152600.0
2023-11-20,12.38927349849321,12.555696862233544,12.282947852432981,12.306062698364258,4482100.0
2023-11-21,12.213606628381571,12.287572381267621,12.028692246166447,12.232097625732422,3992500.0
2023-11-22,11.816039445504352,12.129470255320463,11.672730916779958,12.093411445617676,5675000.0
2023-11-24,12.093410027042488,12.282947347176304,12.084164089050308,12.148884773254395,1823900.0
2023-11-27,11.991708888848686,12.056428699593345,11.843777389008729,11.973217010498047,5190900.0
2023-11-28,12.074920510751733,12.188642211358449,11.93623406911754,11.982462882995605,4714900.0
2023-11-29,12.074921263853629,12.148887017975193,11.890005996808375,12.000954627990723,5156000.0
2023-11-30,12.139638835262215,12.370781994619664,11.899249737912584,12.148884773254395,6010200.0
2023-12-01,12.08416511234344,12.490977601036697,12.028691243175157,12.241342544555664,6407300.0
2023-12-04,12.102657451375487,12.245965980889455,12.019445762708896,12.084165573120117,7754100.0
2023-12-05,12.195113699578197,12.370783008867583,11.89000477475058,11.926987648010254,11280100.0
2023-12-06,11.769809628765367,12.158130219480665,11.559932296406298,11.575650215148926,8011900.0
2023-12-07,11.68659912540148,11.76056487010253,11.409227141901939,11.75131893157959,18369000.0
2023-12-08,11.880760263968718,12.033314733396336,11.816039571482769,11.973217010498047,9438800.0
2023-12-11,11.926988534744492,12.11190379653198,11.788302970145192,11.936234474182129,7907900.0
2023-12-12,11.732828003341224,11.79754869649438,11.52942262983502,11.649617195129395,6996200.0
2023-12-13,11.732827158389997,12.074919832837002,11.580272698376056,12.056427955627441,7834900.0
2023-12-14,12.23209654888386,12.527960416123108,12.176622679973608,12.352291107177734,11794500.0
2023-12-15,12.380028303329636,12.407765236395578,12.181245039251111,12.3153076171875,17026800.0
2023-12-18,12.537204712907641,12.648153317938895,12.403141264073334,12.426255226135254,7848700.0
2023-12-19,12.00095443260933,12.361538139387488,11.936234619241965,12.343047142028809,26234900.0
2023-12-20,12.435503193553913,12.620417565456991,12.190491981435313,12.204360008239746,11014300.0
2023-12-21,12.287570438747542,12.4817307298143,12.195112821385775,12.453993797302246,19616300.0
2023-12-22,12.546451088777806,12.625039802494728,12.417011476826097,12.500223159790039,7780300.0
2023-12-26,12.648155096383228,12.944018084734235,12.49097766338644,12.870052337646484,8217900.0
2023-12-27,12.860806465148926,12.94864112092157,12.735988935641684,12.860806465148926,6958600.0
2023-12-28,12.786839716248078,12.786839716248078,12.51871368223585,12.5464506149292,7501200.0
2023-12-29,12.52796037433103,12.685137805287827,12.453994628203274,12.574189186096191,9945100.0
2024-01-02,12.768349974518642,12.879298597919412,12.518714910560947,12.620417594909668,8875200.0
2024-01-03,12.564944072747018,12.888544012876919,12.449372476613203,12.796087265014648,6262400.0
2024-01-04,12.851560395854294,12.907035146763832,12.232096605780532,12.241342544555664,8599400.0
2024-01-05,12.287571178187267,12.52796029240101,12.204359493902414,12.472485542297363,8149900.0
2024-01-08,12.195112277070361,12.407764434814453,11.936232194449905,12.407764434814453,9021400.0
2024-01-09,12.417012129593285,12.435503125812225,12.000953692901218,12.213605880737305,7126100.0
2024-01-10,12.213606695597406,12.25058957224396,12.014823402969173,12.121149063110352,5580300.0
2024-01-11,12.176622736612249,12.259834422105927,12.061051147146864,12.241342544555664,4919300.0
2024-01-12,12.574189228042483,12.592680223765484,12.264457334446295,12.352291107177734,6776700.0
2024-01-16,12.241342721740624,12.315308469529773,11.866891013340398,11.908496856689453,8651500.0
2024-01-17,11.705090816434653,12.02406866050563,11.677353880958437,11.991708755493164,9528400.0
2024-01-18,12.000954427528184,12.264458414143729,11.788303108416121,12.232097625732422,8751100.0
2024-01-19,12.250588754916459,12.273702720625453,12.014822601371378,12.213605880737305,6436400.0
2024-01-22,12.195112586862347,12.426255744080475,12.158129716977093,12.269079208374023,5602700.0
2024-01-23,12.195113600565884,12.361536969753844,12.10543081698878,12.259834289550781,6419400.0
2024-01-24,12.380028847104171,12.407765781388417,12.088787951025239,12.259834289550781,17502000.0
2024-01-25,12.435503026268496,12.648155212402344,12.222851721875912,12.648155212402344,10991700.0
2024-01-26,12.648154660687249,12.712874466724289,12.380028616295077,12.60192584991455,4996300.0
2024-01-29,12.51871443562975,12.574189186096191,12.310685223557154,12.574189186096191,5554200.0
2024-01-30,12.463239649092946,12.944017879273174,12.417011719202822,12.888543128967285,9380800.0
2024-01-31,12.897789089070642,12.905186016370799,12.463239669799805,12.463239669799805,7965100.0
2024-02-01,12.583434493572627,12.648155184028836,12.213605755571132,12.333800315856934,6840500.0
2024-02-02,12.250588450338332,12.278325384847774,11.862267840241138,11.926987648010254,9414600.0
2024-02-05,11.834530226463196,12.010198643928463,11.64036993255885,11.899250030517578,6111600.0
2024-02-06,11.926987671463927,12.241342535659934,11.86689083295175,12.139639854431152,5748400.0
2024-02-07,12.204358655093392,12.31068429693125,12.096184002002701,12.250587463378906,6033100.0
2024-02-08,12.241342172404169,12.551074058024827,12.232096233910124,12.500223159790039,9779600.0
2024-02-09,12.564943712390718,12.620417583168857,12.356914492619502,12.417012214660645,6266500.0
2024-02-12,12.481732122289703,13.110441874310395,12.472486183173801,12.92552661895752,12684300.0
2024-02-13,12.796088012054323,13.064214095468408,12.666647499400803,12.814579010009766,10024800.0
2024-02-14,12.944018026889948,13.124309424393001,12.735988813047001,12.981000900268555,8144200.0
2024-02-15,13.036474698988906,13.591217759148126,13.01798282277967,13.406303405761719,10321700.0
2024-02-16,13.406303957564836,13.605087226290083,13.258372468766854,13.452532768249512,6737600.0
2024-02-20,13.434041766429935,13.618956139473523,13.267619271561347,13.350830078125,8978600.0
2024-02-21,13.304601766117717,13.766888126391896,13.286109888470946,13.609710693359375,11020300.0
2024-02-22,13.53574530466845,13.961048802651979,13.489516491068688,13.887083053588867,9318200.0
2024-02-23,13.702167531696217,13.942556652329094,13.646693661852485,13.914819717407227,8335700.0
2024-02-26,13.850099641670498,14.090488772973032,13.734528045668275,14.053505897521973,11667100.0
2024-02-27,14.173699434647316,14.24766518018205,13.993408040124056,14.062750816345215,9145400.0
2024-02-28,14.608250134870806,14.719198762924044,14.099734928320808,14.349370002746582,17930400.0
2024-02-29,14.367858755722642,14.588831912415422,14.266156082994437,14.386350631713867,14016800.0
2024-03-01,14.571266531927474,15.075158743619612,14.571266531927474,14.839391708374023,15640200.0
2024-03-04,14.455694222849324,14.654477492320293,14.275401948676857,14.395596504211426,23688400.0
2024-03-05,14.395596504211426,14.580511747643826,14.321630759534957,14.395596504211426,13771700.0
2024-03-06,14.589756331863539,14.589756331863539,14.367859105021335,14.451070785522461,22711400.0
2024-03-07,14.617495608205594,14.839391975495193,14.488055105400266,14.709952354431152,11974600.0
2024-03-08,14.654478080666644,14.894867201386898,14.552774516347396,14.756180763244629,7224400.0
2024-03-11,14.617495618107462,14.820901870727539,14.427957392472905,14.820901870727539,6773700.0
2024-03-12,14.8395669885956,14.979562550913075,14.68090487659842,14.970231056213379,10602400.0
2024-03-13,15.166223245245169,15.394884009742777,15.147556697094341,15.184889793395996,12094800.0
2024-03-14,15.250220564619957,15.338883995991711,15.007560784921502,15.287551879882812,10427200.0
2024-03-15,15.194222133568298,15.483546491562944,15.194222133568298,15.380882263183594,17842900.0
2024-03-18,15.399549133879285,15.670208730699485,15.21288722020053,15.446213722229004,9617100.0
2024-03-19,15.427551029954108,15.791539852429663,15.427551029954108,15.670210838317871,7642700.0
2024-03-20,15.586212784622562,15.9408683239702,15.51154836685779,15.91286849975586,8552200.0
2024-03-21,15.92220006549174,16.17419311595284,15.847535655741039,16.13686180114746,12980500.0
2024-03-22,16.202194085126433,16.267525225769674,15.894203150565394,16.00619888305664,14206900.0
2024-03-25,16.080862158729474,16.286190620648863,16.071528884993143,16.13686180114746,7893900.0
2024-03-26,16.164858379300874,16.239522782294465,15.950198443211768,15.987529754638672,7181600.0
2024-03-27,15.959534291208634,16.14619443874074,15.847536778577313,16.00619888305664,13998300.0
2024-03-28,16.14619460260573,16.55218403239202,16.09953001028413,16.48218536376953,11143500.0
2024-04-01,16.566181125148447,16.63617978562052,16.31418808361684,16.53818130493164,5819800.0
2024-04-02,16.54751523766888,16.640846195303766,16.248857597349208,16.360855102539062,7166900.0
2024-04-03,16.379519262575556,16.71364439894375,16.379519262575556,16.62217903137207,6601100.0
2024-04-04,16.687510119141507,16.827507440085654,16.491516718043513,16.53818130493164,9772300.0
2024-04-05,16.5661831614202,16.864840826550147,16.528850063208907,16.73417854309082,7173700.0
2024-04-08,16.780843118585274,16.827509491301758,16.4635189046736,16.59418296813965,8345900.0
2024-04-09,16.79017642712236,17.028170478108017,16.73417855988931,16.874174118041992,14732200.0
2024-04-10,16.7808419399255,17.056167289123977,16.63151311800158,16.836841583251953,9176000.0
2024-04-11,16.864838800168584,16.91150516732554,16.547514624060828,16.62217903137207,6280600.0
2024-04-12,17.023502169116753,17.060835265651363,16.389788342659962,16.547515869140625,7085600.0
2024-04-15,16.566181194880023,16.855505551112,16.416852380041593,16.510183334350586,8023500.0
2024-04-16,16.39818897852727,16.57085012002652,16.11819784203442,16.435522079467773,9142100.0
2024-04-17,16.49151867513957,16.645513254257274,16.206860032977037,16.370189666748047,6988600.0
2024-04-18,16.435520660753472,16.49151852719026,15.959534345690587,16.034198760986328,7268500.0
2024-04-19,15.987531058461101,16.26285640072964,15.922199923031267,15.940866470336914,6982700.0
2024-04-22,15.940866513812773,16.24885742463622,15.78220442156191,16.024864196777344,6808700.0
2024-04-23,15.94086779683163,16.20219414043677,15.791538966240147,16.034198760986328,5850300.0
2024-04-24,16.19286152370331,16.323523810742874,16.01553286262094,16.108863830566406,8767700.0
2024-04-25,16.062196822793744,16.23952547687966,15.987532407411265,16.1741943359375,5161300.0
2024-04-26,16.174193031939936,16.32352185066569,16.024864213214187,16.220857620239258,5323100.0
2024-04-29,16.174193726726724,16.38885369034854,16.10419506113091,16.379520416259766,4943800.0
2024-04-30,16.332857929058928,16.342191204349508,15.614211752946678,15.632878303527832,6960100.0
2024-05-01,15.595544849676719,15.688875820331594,15.132626510686512,15.34355354309082,6199300.0
2024-05-02,15.390216553940473,15.726207301652025,15.352885237605868,15.604876518249512,6998500.0
2024-05-03,15.70754088721848,15.973532971375956,15.59554337698058,15.800871849060059,5316600.0
2024-05-06,15.912869311639174,16.351524346010255,15.912869311639174,16.211528778076172,6257000.0
2024-05-07,16.220858317030594,16.4448533348812,16.1088625882453,16.379520416259766,7205300.0
2024-05-08,15.987534317143,16.253528220115232,15.754207768684088,16.11819839477539,13753000.0
2024-05-09,16.258190667551244,16.27685721487248,15.80087093902054,15.884868621826172,9676400.0
2024-05-10,16.08086180141528,16.118194895531072,15.390215581532352,15.464879989624023,8218200.0
2024-05-13,15.492880232783227,15.670208874390095,15.324884864959873,15.64220905303955,30917100.0
2024-05-14,15.660876873189752,15.81020570558035,15.492881491715305,15.707541465759277,26378000.0
2024-05-15,15.670211404690141,15.763540597315426,15.329553087074927,15.632878303527832,20192900.0
2024-05-16,15.632878576761815,15.651545127669227,15.16622548491818,15.194225311279297,12633100.0
2024-05-17,15.352886091919846,15.380884135693751,15.203557257991953,15.296886444091797,7444000.0
2024-05-20,15.306335937648603,15.542544814451016,15.287438794993038,15.466958045959473,6751700.0
2024-05-21,15.410266649671142,15.438612363712757,15.240195969682881,15.296887397766113,8196000.0
2024-05-22,15.230748533746777,15.232637166655115,14.767778469718987,14.833916664123535,11027800.0
2024-05-23,14.97564371606873,15.126817258769107,14.663848058982854,14.796124458312988,8507300.0
2024-05-24,14.90005647518586,15.013436628638292,14.824468805152211,14.956746101379395,5154400.0
2024-05-28,15.14571301145838,15.315781879782477,15.060676775165716,15.192954063415527,13421900.0
2024-05-29,15.155161582275932,15.32523045060003,15.032331963778367,15.192954063415527,11692700.0
2024-05-30,15.221300438966772,15.4291635996164,15.155162242493285,15.31578254699707,7155100.0
2024-05-31,15.325231088863696,15.551991391537197,15.240195750094795,15.48585319519043,10352400.0
2024-06-03,15.570890183751438,15.58978732817579,14.536295855285072,14.663848876953125,14079700.0
2024-06-04,14.446534406345839,14.455982977370901,14.125290200016323,14.238670349121094,9441000.0
2024-06-05,14.314257076679237,14.503224892410776,14.224498355378612,14.493776321411133,8590200.0
2024-06-06,14.465431653182357,14.654398569725835,14.399292556593139,14.626052856445312,9362600.0
2024-06-07,14.569363087277619,14.70164037807663,14.418189555544648,14.493776321411133,7614700.0
2024-06-10,14.512672243107732,14.989814255309987,14.437085478903938,14.871709823608398,7085500.0
2024-06-11,14.843367055959062,14.95202293182878,14.548578094338028,14.852815628051758,6148500.0
2024-06-12,15.126817723635046,15.192955925332623,14.616606550809152,14.720538139343262,6555900.0
2024-06-13,14.833916705878268,14.833916705878268,14.040254766528408,14.342602729797363,10217700.0
2024-06-14,14.67329636837829,14.67329636837829,14.144188945893225,14.2103271484375,8274700.0
2024-06-17,14.2670167746044,14.37094835787382,14.078994166504385,14.361499786376953,5645300.0
2024-06-18,14.418190057063818,14.597708406974716,14.342603288568139,14.569363594055176,7467500.0
2024-06-20,14.588259387860576,14.805572016414272,14.512672621685029,14.644949913024902,8517200.0
2024-06-21,14.644949926218654,14.796123458705942,14.465431581656333,14.559914588928223,10510600.0
2024-06-24,14.588259842894464,15.060677596759854,14.588259842894464,14.975643157958984,11499500.0
2024-06-25,14.909502464224,14.937848175189698,14.711086992790408,14.918951034545898,13202100.0
2024-06-26,14.86226141417648,14.871709985070865,14.531569542460886,14.682743072509766,9454200.0
2024-06-27,14.729985982375823,15.136265546562047,14.630777783673556,15.08902359008789,11219800.0
2024-06-28,15.211853180190223,15.448062074907057,15.11736926187732,15.25909423828125,79792400.0
2024-07-01,15.117368162229356,15.312003686219184,14.92840124041456,15.211852073669434,15627200.0
2024-07-02,15.358300116150222,15.64647522930022,15.282713348941261,15.41971492767334,11484000.0
2024-07-03,15.750409447697256,15.892134426583725,15.52364912105273,15.863790512084961,8255900.0
2024-07-05,15.854340235510533,15.877960762430558,15.107919330349105,15.1646089553833,11626200.0
2024-07-08,15.098471431625118,15.372474602067134,15.089023761075525,15.306336402893066,7388400.0
2024-07-09,15.259093144450224,15.391371341458413,15.126816749572754,15.126816749572754,6287200.0
2024-07-10,15.126817146470048,15.325231743992251,15.093748046883013,15.306336402893066,4734800.0
2024-07-11,15.353575838462186,15.703165742798472,15.244919979553355,15.655922889709473,11240400.0
2024-07-12,15.79764876371814,15.807097334885595,15.36302530279929,15.41971492767334,6521400.0
2024-07-15,15.55199083486429,15.835442554658224,15.457508730396938,15.750407218933105,9584500.0
2024-07-16,15.665371102221105,15.788198913183539,15.523646150455058,15.71261215209961,8589200.0
2024-07-17,15.77875340898182,16.01496228155861,15.50475025177002,15.50475025177002,9263300.0
2024-07-18,15.514199728645103,15.514199728645103,15.240196555437041,15.353577613830566,7785400.0
2024-07-19,15.268541264024199,15.363025172768369,15.07012577651371,15.20240306854248,6750400.0
2024-07-22,15.136263855192711,15.221299187131027,14.871709288925665,15.051228523254395,7801800.0
2024-07-23,15.070127170910567,15.070127170910567,14.701641875057122,14.805573463439941,7471900.0
2024-07-24,14.93785031900452,14.994539946941245,14.465432547893332,14.47488021850586,6111600.0
2024-07-25,14.465430770344367,14.673293915323457,14.238669583266294,14.541017532348633,7485100.0
2024-07-26,14.559914218245341,14.626052411758375,14.200876637196155,14.465431213378906,8878500.0
2024-07-29,14.503224457717074,14.559914079885163,14.276463265848827,14.48432731628418,32055600.0
2024-07-30,14.607156938664357,14.73943423370552,14.271739865942799,14.333154678344727,10875300.0
2024-07-31,14.69219180707699,14.81502052687636,14.42763812654429,14.493776321411133,14832300.0
2024-08-01,14.493775917121528,14.626052303165496,13.83239128370579,13.993013381958008,11206700.0
2024-08-02,13.728459985968463,13.785150514185062,12.906453183752738,13.057626724243164,16601600.0
2024-08-05,12.405689878998352,12.788347993585253,11.923823571109471,12.698588371276855,15636100.0
2024-08-06,12.604105749557966,13.085972072166546,12.519070410148764,12.963143348693848,17189100.0
2024-08-07,13.511147925182147,13.870185525833643,13.0340058862005,13.114316940307617,20039500.0
2024-08-08,13.227695884084659,13.74263126022889,13.171005362398434,13.728458404541016,12125300.0
2024-08-09,13.67177023466414,13.90325482907117,13.57728632218294,13.804046630859375,8609600.0
2024-08-12,13.926873923022985,14.14418653893338,13.879631971645484,14.134737968444824,9985900.0
2024-08-13,13.983566391212976,13.993014963016646,13.766253745055591,13.879633903503418,6303000.0
2024-08-14,13.936322655908198,13.944826009020874,13.784203913104845,13.860735893249512,8475300.0
2024-08-15,14.002460886062893,14.328429364081101,13.922149837886387,14.26701545715332,6028000.0
2024-08-16,14.13473797666404,14.210324738485884,13.950495357356454,14.049702644348145,7821700.0
2024-08-19,14.13595650697587,14.203042109791921,13.992201382663538,14.020952224731445,5802500.0
2024-08-20,14.030536330067422,14.04491129430622,13.580102199804799,13.675939559936523,6532300.0
2024-08-21,13.82927888494489,13.85323776847647,13.508224910168467,13.589686393737793,13973300.0
2024-08-22,13.608853764508497,13.680731331435597,13.508225353605125,13.580102920532227,6556400.0
2024-08-23,13.73344227205521,14.030537379507086,13.714275346978921,13.934700012207031,6635600.0
2024-08-26,14.193459105084479,14.308463387328903,14.00178438737098,14.020952224731445,5065800.0
2024-08-27,13.95386794815338,13.973034873362767,13.666356758229576,13.752610206604004,5915700.0
2024-08-28,13.618437767028809,13.656772530555665,13.455514793546456,13.618437767028809,4010100.0
2024-08-29,13.675939479132511,13.92032300947615,13.608852961847562,13.85802936553955,4903200.0
2024-08-30,13.675938988192378,13.7046898294408,13.436346511852408,13.647187232971191,4612300.0
2024-09-03,13.426763020820509,13.513016461283994,13.081749258966562,13.196754455566406,9108300.0
2024-09-04,13.18717006249828,13.378843859981997,12.995496265014564,13.00507926940918,7297900.0
2024-09-05,13.12008479181714,13.182379353138483,12.875701248088328,12.918827056884766,4295000.0
2024-09-06,12.890075252483996,13.076958008549003,12.554646328574169,12.69840145111084,8499200.0
2024-09-09,12.650483470988105,12.78465559634632,12.545063102903468,12.58339786529541,7630900.0
2024-09-10,12.640898539421322,12.640898539421322,12.16171359091604,12.362971305847168,10500200.0
2024-09-11,12.382139464467366,12.583397184631805,12.156922861843764,12.497143745422363,8545100.0
2024-09-12,12.535478762703807,12.760695369944095,12.343804957183051,12.61214828491211,13931000.0
2024-09-13,12.842157087527777,13.120084339133335,12.803822325719176,12.928410530090332,10906200.0
2024-09-16,13.091333366599136,13.23029744801187,12.95716215858442,13.072166442871094,9117800.0
2024-09-17,13.033831247116034,13.35009324685879,13.033831247116034,13.30217456817627,10373100.0
2024-09-18,13.283007621765137,13.551351874791143,13.182379212360013,13.283007621765137,9600300.0
2024-09-19,13.60885297558149,13.685522497722122,13.417179170229907,13.436347007751465,11974100.0
2024-09-20,13.388428030449491,13.469889510160561,13.105708831097708,13.321341514587402,35275400.0
2024-09-23,13.340509983528936,13.70948263934134,13.330926064527175,13.589686393737793,12167900.0
2024-09-24,13.838861803719487,13.838861803719487,13.527391749886146,13.551351547241211,8689900.0
2024-09-25,13.474681636334374,13.560934162414924,13.129667876121013,13.177586555480957,7115800.0
2024-09-26,12.870908408728715,13.072166129905202,12.487559889644897,12.516311645507812,10174800.0
2024-09-27,12.68881810124514,12.985913192168526,12.640899420261004,12.947578430175781,11694200.0
2024-09-30,12.89965993849092,13.144044392520756,12.842157337671557,13.043415069580078,9408100.0
2024-10-01,12.947578136648987,13.378844427783589,12.851740776853386,13.235089302062988,15447000.0
2024-10-02,13.522600943896911,13.63281419318581,13.263841508199647,13.426764488220215,8476300.0
2024-10-03,13.513016264151153,13.83886126985452,13.407594987801351,13.743024826049805,18438800.0
2024-10-04,13.96345023813817,14.164707969372992,13.776568385553274,14.088038444519043,11322000.0
2024-10-07,14.1455404941155,14.308463456576789,14.040119216068316,14.260544776916504,8716800.0
2024-10-08,13.982617218592914,14.001784141644217,13.560933943790971,13.704689979553223,11536200.0
2024-10-09,13.551350939251707,13.733440821116563,13.489056382896232,13.704689979553223,5257700.0
2024-10-10,13.762191858337134,13.896363977494875,13.628020653152182,13.80052661895752,7541300.0
2024-10-11,13.685522629511924,14.006576599307332,13.685522629511924,13.915532112121582,9771800.0
2024-10-14,13.762192451199295,13.790944208382774,13.560934720779088,13.628021240234375,6554800.0
2024-10-15,13.091334177570623,13.225506307869733,13.014664649963379,13.014664649963379,10494000.0
2024-10-16,13.086541162546553,13.445929886964135,13.062582279841163,13.398011207580566,11393900.0
2024-10-17,13.407596110644672,13.743025976984304,13.325176780349716,13.618437767028809,16783900.0
2024-10-18,13.589686525458363,13.59926953058019,13.278215552691892,13.445930480957031,8676600.0
2024-10-21,13.580102262725195,13.608853105308802,13.263840252387096,13.292591094970703,8321200.0
2024-10-22,13.350093419177924,13.493848543108262,13.267673181103396,13.378844261169434,6382700.0
2024-10-23,13.330925833628534,13.37884451383454,13.143085228722494,13.27342414855957,9304100.0
2024-10-24,13.378845041633799,13.556143891198673,13.283007677440974,13.522600173950195,8382000.0
2024-10-25,13.618437111056304,13.733441396097348,13.148836051978835,13.330925941467285,22683900.0
2024-10-28,12.880492100226855,13.076958786542194,12.79423956995706,13.043415069580078,15344100.0
2024-10-29,13.05299837127644,13.120083974081703,12.937994089050502,12.97632884979248,6372200.0
2024-10-30,13.057789305413898,13.24275453432115,12.981119789949469,13.158417701721191,7845800.0
2024-10-31,13.27342365263647,13.340509254034737,13.024247256053235,13.062582015991211,6101700.0
2024-11-01,13.206337607646617,13.225505445284709,12.822989994612836,12.851740837097168,7399600.0
2024-11-04,12.890074397595688,13.220712254268989,12.851739639863474,13.158417701721191,9062000.0
2024-11-05,13.187170791312939,13.321341999980392,13.091333430288062,13.311758995056152,9101300.0
2024-11-06,13.651980368537593,14.088038639932755,13.580102802236615,13.96345043182373,17558200.0
2024-11-07,14.327631058428777,14.538472710533087,14.102414441526726,14.34679889678955,12721000.0
2024-11-08,14.308464496510574,14.351591219941984,14.159916487370001,14.298880577087402,8555500.0
2024-11-11,14.365965146173618,14.538472027423758,14.270128700791272,14.480969429016113,8727000.0
2024-11-12,14.605556845436565,14.768479799198367,14.509720405206105,14.557638168334961,9303400.0
2024-11-13,14.710978972209814,14.710978972209814,14.289295685993313,14.500137329101562,6465400.0
2024-11-14,14.684051421734784,14.732449929853095,14.471098539889075,14.693731307983398,5714700.0
2024-11-15,14.732449882401848,14.848605747636814,14.26782549833723,14.32590389251709,6611800.0
2024-11-18,14.519496286331783,14.713089385524597,14.432379160913838,14.674370765686035,6935900.0
2024-11-19,14.490457853847872,14.776008027272669,14.422699575376488,14.645332336425781,7967800.0
2024-11-20,14.71309022906675,14.998640412919302,14.708250285918854,14.964761734008789,3756400.0
2024-11-21,15.148674464781548,15.526182633028139,15.003479867571077,15.477783203125,11103300.0
2024-11-22,15.477782914427912,15.724615386706231,15.395505731376712,15.69073486328125,11552000.0
2024-11-25,15.806892175916346,15.806892175916346,15.129315840343107,15.177714347839355,12482500.0
2024-11-26,15.2551519914359,15.2551519914359,15.013160370720705,15.138996124267578,8053000.0
2024-11-27,15.177714281195739,15.400346122326283,15.061558417589618,15.090597152709961,5070600.0
2024-11-29,15.138995909858151,15.235792002898467,15.076077572413421,15.158354759216309,2105400.0
2024-12-02,15.197073333367943,15.245471841298604,14.761488608241507,14.79052734375,7408000.0
2024-12-03,14.993800993969067,15.143836467424956,14.819567650177248,15.1002779006958,9964000.0
2024-12-04,15.10995654648718,15.119636432917853,14.524337264303197,14.664691925048828,6757000.0
2024-12-05,14.751808844238967,14.979281556460103,14.722770108489907,14.780848503112793,5287300.0
2024-12-06,14.732449238199429,14.756648029560127,14.069391831294508,14.200067520141602,11266700.0
2024-12-09,14.422699985317182,14.611454074058164,14.26782549833723,14.32590389251709,7010200.0
2024-12-10,14.422700294280112,14.529177198703346,14.219427294983221,14.296865463256836,7444000.0
2024-12-11,14.374302136175965,14.592094033315151,14.316223743064004,14.538856506347656,6374900.0
2024-12-12,14.548535171106892,14.59693367718753,14.219426437508213,14.287184715270996,8990100.0
2024-12-13,14.442059033269187,14.446898976135111,14.151668923186755,14.209747314453125,4620200.0
2024-12-16,14.11295076036233,14.11295076036233,13.687045928742057,13.696724891662598,8374500.0
2024-12-17,13.503131683135585,13.599928696598816,13.261140072602242,13.522491455078125,8689300.0
2024-12-18,13.551530858840122,13.735444085749478,13.062707670656987,13.086907386779785,7676800.0
2024-12-19,13.33857797258341,13.406336254602461,13.019149104760734,13.086907386779785,7822300.0
2024-12-20,12.999789466764945,13.32405825815064,12.922352226116843,13.16434383392334,14105900.0
2024-12-23,13.174023113508262,13.328898521654086,12.993981478515023,13.319218635559082,6330900.0
2024-12-24,13.435374509985778,13.522491638660448,13.232101517453133,13.503131866455078,2633500.0
2024-12-26,13.454733200478241,13.501195914723684,13.29501877416545,13.425694465637207,4289900.0
2024-12-27,13.416014793706761,13.532170658048948,13.309538815507612,13.406335830688477,3934500.0
2024-12-30,13.445054436479767,13.84192053663463,13.396655928945691,13.68704605102539,5947900.0
2024-12-31,13.696725480490144,14.04519400810318,13.696725480490144,13.919358253479004,7379700.0
2025-01-02,14.132310181974816,14.461417991229949,14.054872941782465,14.383980751037598,6769500.0
2025-01-03,14.480777877364194,14.693730751139693,14.374301902038805,14.655012130737305,8950500.0
2025-01-06,14.85828614600139,14.906683732507263,14.39366174592173,14.461419105529785,6275200.0
2025-01-07,14.55821563140349,14.606614139393896,14.27750539280885,14.509817123413086,10810200.0
2025-01-08,14.403341144334,14.58725436694783,14.224266941706928,14.509817123413086,6962900.0
2025-01-10,14.858285118631025,15.168034081850134,14.53885626953014,14.655012130737305,10361800.0
2025-01-13,14.713089041551097,15.037357821289833,14.698570136404015,14.897003173828125,9948100.0
2025-01-14,14.877644390602436,15.090597270437355,14.780848298404566,14.98412036895752,7489500.0
2025-01-15,15.129316115429146,15.187393586980829,14.935723005048928,15.148674964904785,7034800.0
2025-01-16,15.080917734364245,15.44390516556324,15.051878998343263,15.322909355163574,7792300.0
2025-01-17,15.303550722866305,15.51650361066902,15.274511063308125,15.48746395111084,7539500.0
2025-01-21,15.439064006127348,15.49714239671884,15.148673899419293,15.25515079498291,6799600.0
2025-01-22,15.21643336904646,15.395506651425832,15.04219910673159,15.138996124267578,5284400.0
2025-01-23,15.28419035172729,15.380987366883792,14.969601437155788,15.080917358398438,5495700.0
2025-01-24,15.138995511758223,15.19223303843678,14.674371138758424,14.732449531555176,8532400.0
2025-01-27,14.606614231980327,14.959921773237696,14.34042289790818,14.500137329101562,6721000.0
2025-01-28,14.596934404174524,14.684051534833518,14.214588125656984,14.403341293334961,8200700.0
2025-01-29,14.364622285959006,14.66469136893235,14.248466422570155,14.625972747802734,6925500.0
2025-01-30,14.751809209972018,14.788592040290986,14.417861432766546,14.558216094970703,4610300.0
2025-01-31,14.54853528832028,14.577574946077462,14.08391184170214,14.180707931518555,5529500.0
2025-02-03,14.112950963505615,14.238786714531356,13.861279461454133,13.958076477050781,5654400.0
2025-02-04,13.706404488552772,14.393660690148625,13.53217023591236,14.287184715270996,5736200.0
2025-02-05,14.180707839973508,14.311383529663043,14.045193130480412,14.190387725830078,8463200.0
2025-02-06,14.306543334410993,14.34042201118675,13.75964271690653,13.841919898986816,5346000.0
2025-02-07,13.90967845916748,14.112951460580149,13.88063972271561,13.90967845916748,5339900.0
2025-02-10,14.05487375635616,14.509817338072057,14.045193869989923,14.490458488464355,5646200.0
2025-02-11,14.577575219414202,14.848605568356735,14.504976996784725,14.529176712036133,8081300.0
2025-02-12,14.364623130020076,14.49045888686659,13.774162969192222,13.803202629089355,10313400.0
2025-02-13,13.764484498184784,13.837081804275586,13.628968849857074,13.754804611206055,5845000.0
2025-02-14,13.832241303651688,14.011315513046101,13.638648187498807,13.716085433959961,7360000.0
2025-02-18,13.822560127615121,14.025833111394375,13.517651113508595,13.841919898986816,11385100.0
2025-02-19,13.909677887808346,14.296865024803122,13.880639152549282,14.1516695022583,7168800.0
2025-02-20,14.122630675433859,14.340422573151892,13.924197626721435,14.161349296569824,9269200.0
2025-02-21,14.103271122286936,14.117790951610154,13.478933231384698,13.58056926727295,9344300.0
2025-02-24,13.619288567454714,13.75480421184785,13.488613789535224,13.609609603881836,7362100.0
2025-02-25,13.570890067053607,13.711244722226551,13.174023047276396,13.232101440429688,10246600.0
2025-02-26,13.803202159154885,14.190388380020124,13.435374787770526,13.570890426635742,15265100.0
2025-02-27,13.812882608909137,13.89515887646502,13.503132696456943,13.609609603881836,9110500.0
2025-02-28,13.406336296387842,13.667686769455175,13.290179504885936,13.63864803314209,9371500.0
2025-03-03,13.74512399313493,13.793522502329465,12.419010010703493,12.52548599243164,16878400.0
2025-03-04,12.331892964800517,12.39965124739543,11.891468281995126,12.147979736328125,17770200.0
2025-03-05,12.09958147278614,12.09958147278614,11.460723718723,12.031824111938477,16827700.0
2025-03-06,11.954385795511277,12.215736251931,11.755952750949628,12.041501998901367,9143700.0
2025-03-07,12.177017283022478,12.651320599220364,12.147978549390384,12.264134407043457,9333000.0
2025-03-10,12.283493755992446,12.438369162303495,11.794671514607423,11.935026168823242,13285900.0
2025-03-11,11.983425124644409,12.48192819381446,11.954386388740016,12.44804859161377,11615400.0
2025-03-12,12.525486029311175,13.033668992662877,12.496447292958866,12.89331340789795,13530900.0
2025-03-13,12.8255561366765,12.922353156014541,12.317374092963762,12.515807151794434,6967500.0
2025-03-14,12.544844695414778,13.193382263183594,12.544844695414778,13.193382263183594,7032500.0
2025-03-17,13.242319755416698,13.496791760981084,13.212957888127555,13.310832023620605,6370700.0
2025-03-18,13.477217679912147,13.496791947242732,13.154233401686527,13.271682739257812,6915100.0
2025-03-19,13.281469822405915,13.86871279507611,13.261895554461962,13.790413856506348,10153700.0
2025-03-20,13.682751716731618,13.86871239045714,13.624027981216043,13.672965049743652,5598900.0
2025-03-21,13.624027884313652,13.633815484628949,13.428280544992438,13.487004280090332,10209900.0
2025-03-24,13.624028095848043,13.907861975620005,13.57509102690868,13.849137306213379,5736500.0
2025-03-25,13.898073926597583,14.035097528526023,13.814881192104766,13.94701099395752,5787900.0
2025-03-26,14.103609506004256,14.186802244291181,13.809988021850586,13.809988021850586,10111800.0
2025-03-27,13.790413536743458,13.839350605564082,13.545729126037283,13.653389930725098,7430500.0
2025-03-28,13.555516692633683,13.692539364912955,13.203170544722525,13.457642555236816,8797100.0
2025-03-31,13.291256640813398,13.692538910715024,13.252107173832675,13.555516242980957,8176000.0
2025-04-01,13.526153666224262,13.604452601479634,13.310832060970455,13.506579399108887,7129800.0
2025-04-02,13.252107561336457,13.912755652676394,13.252107561336457,13.878499984741211,5686300.0
2025-04-03,12.74316468490208,12.792100820814586,11.96996104328581,11.999323844909668,12521400.0
2025-04-04,11.2261203859906,11.343568784441274,10.389299263608802,10.521429061889648,20220900.0
2025-04-07,10.325682972368122,11.138035192684194,9.836314119965815,10.658453941345215,16800300.0
2025-04-08,11.020586328703862,11.12824713579958,9.97333639274909,10.139721870422363,15750200.0
2025-04-09,9.816738254399292,11.695914595296454,9.797163986992523,11.627403259277344,19023200.0
2025-04-10,11.14782239051727,11.14782239051727,10.10546624990131,10.335470199584961,13617000.0
2025-04-11,10.384406034970748,10.854200588016424,10.154403025359013,10.80526351928711,9464000.0
2025-04-14,11.167396525246163,11.245695463192037,10.629090626820554,10.766114234924316,8459800.0
2025-04-15,10.65845334740088,11.020586165991027,10.648665746882967,10.785689353942871,8352000.0
2025-04-16,10.756326261494193,11.392506276999248,10.756326261494193,11.25548267364502,15370100.0
2025-04-17,11.50995510800511,11.950386868417164,11.35335723171611,11.774213790893555,13332200.0
2025-04-21,11.500167488027571,11.568678825439429,11.196758403180688,11.372931480407715,10527700.0
2025-04-22,11.607828140258789,11.77029894784534,11.392506530282509,11.607828140258789,9481900.0
2025-04-23,11.774213428539925,12.053153503769893,11.505060953626046,11.646977424621582,9088900.0
2025-04-24,11.842726234122184,11.984642711550025,11.642085085533076,11.94059944152832,6816700.0
2025-04-25,11.784001299986189,12.018898112595277,11.76442703230058,11.999323844909668,6323300.0
2025-04-28,11.999323256896547,12.190176791114254,11.916130523166307,12.126559257507324,7852100.0
2025-04-29,11.823151032602768,12.048261183091146,11.784001562960917,11.94059944152832,9023700.0
2025-04-30,11.813363376036646,11.813363376036646,11.333782141840272,11.549104690551758,9122700.0
2025-05-01,11.480592007538885,12.01889789332852,11.480592007538885,11.84272575378418,9284700.0
2025-05-02,11.98953651192988,12.11677252161514,11.774213962201207,11.94059944152832,8797600.0
2025-05-05,11.705702195698313,11.803576332922999,11.539316722454515,11.627403259277344,12301900.0
2025-05-06,11.793789281250506,12.00421803269633,11.666553270297287,11.715490341186523,12344500.0
2025-05-07,11.676340286859537,11.695914554197522,11.392506409981666,11.637190818786621,17129500.0
2025-05-08,12.12655929809099,12.801887836857766,12.014003763799096,12.733376502990723,21249400.0
2025-05-09,12.88018677081922,13.056359838930954,12.611034302001336,12.733376502990723,9696000.0
2025-05-12,13.682751352248388,13.702326552496762,13.129765012788699,13.340193748474121,12807800.0
2025-05-13,13.340194183708219,13.7855197365217,13.310832315774626,13.653389930725098,13147100.0
2025-05-14,13.487004198596576,13.6338154022481,13.413599063469281,13.506579399108887,7766800.0
2025-05-15,13.154233442209351,13.28146944713942,12.982955102300554,13.261895179748535,9843900.0
2025-05-16,13.281469631771692,13.325512900759634,13.04657281943397,13.222745895385742,6533800.0
2025-05-19,13.01721081735073,13.075934553132669,12.875293411316633,13.0465726852417,7415900.0
2025-05-20,13.095510083945447,13.134659553252133,12.948698873997646,12.97806167602539,7058500.0
2025-05-21,12.948698290964995,12.948698290964995,12.655077751084002,12.69422721862793,8161600.0
2025-05-22,12.57677936553955,12.6452907033858,12.322307348686378,12.57677936553955,9491700.0
2025-05-23,12.332094594879774,12.576779004036936,12.332094594879774,12.449542999267578,6311700.0
2025-05-27,12.625715584816309,12.645290786270385,12.244008490431593,12.557204246520996,9356800.0
2025-05-28,12.625715326105654,12.723589464576566,12.39081851385182,12.410393714904785,7455600.0
2025-05-29,12.52784252166748,12.566991991628438,12.341881839305186,12.52784252166748,7365200.0
2025-05-30,12.420179731657704,12.439754931685625,12.219538598356074,12.341880798339844,10164600.0
2025-06-02,12.762739425775319,12.850825967118839,12.420180861305406,12.508267402648926,8375400.0
2025-06-03,12.527841216487007,13.115083204721104,12.32230628725585,13.017210006713867,10931800.0
2025-06-04,13.017210597356021,13.212957935649214,12.811675658798935,12.889974594116211,14340700.0
2025-06-05,12.997635665067094,13.075934602000267,12.738270786499816,12.831250190734863,9044400.0
2025-06-06,13.056360058026563,13.408705266765729,12.997635389871569,13.301044464111328,11560500.0
2025-06-09,13.418492944677142,13.663177352177895,13.291256940769118,13.487004280090332,12782100.0
2025-06-10,13.712114232485224,14.025309971108014,13.643601964613792,13.731688499450684,13228600.0
2025-06-11,13.91764975113538,14.07914142728856,13.668071536462838,14.015522956848145,12460700.0
2025-06-12,13.888286285417072,14.181907755312348,13.773774350854467,14.162333488464355,11628700.0
2025-06-13,14.681063976023363,14.730001042622824,14.269994110022957,14.612552642822266,15832200.0
2025-06-16,14.375272322825623,14.671873729292454,14.315951664384304,14.493912696838379,12345300.0
2025-06-17,14.632326550989951,14.770739845576099,14.404931799660082,14.513686180114746,11330100.0
2025-06-18,14.543345834383762,14.711419926498172,14.464252254902846,14.523571968078613,13403600.0
2025-06-20,14.582892801176573,14.681760248163,14.41481870702156,14.563118934631348,10893400.0
2025-06-23,14.76085366773543,14.790513524360174,13.895766816076693,13.94025707244873,20053200.0
2025-06-24,13.683202307347528,14.004520088488787,13.574447929545682,13.851276397705078,17327100.0
2025-06-25,13.841389562601554,13.866105952529693,13.529958712305747,13.554675102233887,13358000.0
2025-06-26,13.574448709388006,13.93037077664903,13.574448709388006,13.762296676635742,12863500.0
2025-06-27,13.77218329002842,13.77218329002842,13.495354812402116,13.584335327148438,23114500.0
2025-06-30,13.505242173095303,13.66837280766839,13.381658330452966,13.46569538116455,11369000.0
2025-07-01,13.436035010212324,14.068783656958544,13.23830105810413,13.831502914428711,21289900.0
2025-07-02,14.01935119746554,14.108331713671493,13.693089933290294,14.009464263916016,11724000.0
2025-07-03,13.979803684469445,14.118216975538063,13.851276383570134,13.900710105895996,6542900.0
2025-07-07,13.811730464631152,13.999577489862835,13.44097893812898,13.613996505737305,7623200.0
2025-07-08,13.643656118225877,14.474139673498652,13.594222393674903,14.256631851196289,11579200.0
2025-07-09,14.187424718421816,14.256631364709682,13.979803836688381,13.989689826965332,9654600.0
2025-07-10,13.930370289413474,14.063841059968018,13.717805938427317,14.029236793518066,8283000.0
2025-07-11,13.999577522277832,14.226972282684688,13.9105970048521,13.999577522277832,6989900.0
2025-07-14,13.900710148758108,13.984747194110248,13.702975258844953,13.752408981323242,9275900.0
2025-07-15,13.841390014832665,13.856220414995995,13.376714514616863,13.386601448059082,10885100.0
2025-07-16,13.38660142238238,13.455808070605443,12.902152999081222,12.951586723327637,10685000.0
2025-07-17,12.97135948646725,13.426148046729404,12.951586562735777,13.396488189697266,11646100.0
2025-07-18,13.594222172935261,13.673315753784568,13.27784784953803,13.29762077331543,12601300.0
2025-07-21,13.356941129141306,13.39648791867404,13.020792946678146,13.070226669311523,8223700.0
2025-07-22,13.119660861095143,13.406375331177644,13.099886994186758,13.337167739868164,9080000.0
2025-07-23,13.406374754027109,13.465694466458785,13.25807358720826,13.366827964782715,8160400.0
2025-07-24,13.347055005372296,13.683203208218632,13.267961421510792,13.46569538116455,10963600.0
2025-07-25,13.455808195426167,13.742522667271196,13.42614833775113,13.623882293701172,7968700.0
2025-07-28,13.8512768514716,14.212141433761829,13.831502984725354,14.167651176452637,9550700.0
2025-07-29,14.16765133557851,14.320895033103644,13.99957723782712,14.256631851196289,10827400.0
2025-07-30,14.20719818694958,14.246744978184246,13.960030506015446,14.108331680297852,14384100.0
2025-07-31,13.88093714666682,14.241801740342384,13.85127728848154,13.999577522277832,7318300.0
2025-08-01,13.851276707170353,14.05889759149365,13.421204538618575,13.495354652404785,11325500.0
2025-08-04,13.455808037505763,13.604109209880205,13.386601389452943,13.53490161895752,8371100.0
2025-08-05,13.604108824960003,13.623881748328547,13.298609568813808,13.554675102233887,8622900.0
2025-08-06,13.594222513848994,13.772183546657743,13.376714689623844,13.426148414611816,14027100.0
2025-08-07,13.594222447851516,13.821616261674402,13.030680437186215,13.09000015258789,18619100.0
2025-08-08,13.228414006064451,13.347054376264643,12.951586475597335,13.109773635864258,10127700.0
2025-08-11,13.109774115170074,13.162173166061073,12.793398840199398,12.842832565307617,9589300.0
2025-08-12,12.941700060345655,13.2481874599123,12.828003152211895,13.228414535522461,14331400.0
2025-08-13,13.25807379191739,13.332223905036804,13.055396376051736,13.307507514953613,9270400.0
2025-08-14,13.129547007553862,13.426148414611816,13.001019699733085,13.426148414611816,9180300.0
2025-08-15,13.327280822672392,13.475581996056592,13.267961107614608,13.287734031677246,10709600.0
2025-08-18,13.267960974209538,13.267960974209538,13.045509687804852,13.149320602416992,6944600.0
2025-08-19,13.089999841622191,13.208640212477002,12.867549499845616,12.912039756774902,14782100.0
2025-08-20,12.981246317524304,13.169093334408121,12.87743540442468,13.159207344055176,8920800.0
2025-08-21,13.15920778886978,13.238301371585987,12.971359822766379,12.991133689880371,10585700.0
2025-08-22,13.030679890302146,13.633768666880849,13.001019090976264,13.604108810424805,7544100.0
2025-08-25,13.643655652656166,14.039123549829453,13.559618606648113,13.989689826965332,10870300.0
2025-08-26,13.910596926685399,13.960030651963015,13.653543252407594,13.712862968444824,7700100.0
2025-08-27,13.61399579608563,14.11821712926411,13.613006725623015,13.989689826965332,8696700.0
2025-08-28,14.029236519617472,14.306064988593297,13.910596151286331,14.286291122436523,6939400.0
2025-08-29,14.217084723410256,14.315951227300763,14.068783553269716,14.128104209899902,8877400.0
2025-09-02,14.0292372510263,14.35055599273686,13.925427276900647,14.345612525939941,13583400.0
2025-09-03,14.147878240088415,14.296178469074913,13.613996095719223,13.683202743530273,11688300.0
2025-09-04,13.604109174362698,14.246744757697897,13.48546880249481,14.167651176452637,10830200.0
2025-09-05,13.920483665557141,14.034180572096032,13.534901745230178,13.722749710083008,7252500.0
2025-09-08,13.94025736990092,13.97980416053436,13.411317748732586,13.633769035339355,8818800.0
2025-09-09,13.702975505903769,13.96497357975353,13.569505678536768,13.594222068786621,5667600.0
2025-09-10,13.623882325143018,14.068783962774845,13.554675676118254,14.058897972106934,6629900.0
2025-09-11,13.801842881072588,13.969916973935616,13.663428644929551,13.791955947875977,8239000.0
2025-09-12,13.791956034850624,13.945199728885118,13.525015436947633,13.544788360595703,6722300.0
2025-09-15,13.060340294887052,13.811730271020707,12.595664790847835,13.09000015258789,41231000.0
2025-09-16,13.239999771118164,13.449999809265137,13.175000190734863,13.390000343322754,21350000.0
2025-09-17,13.319999694824219,13.75,13.241000175476074,13.5600004196167,25027800.0
2025-09-18,13.699999809265137,13.699999809265137,13.420000076293945,13.579999923706055,17285400.0
2025-09-19,13.630000114440918,13.630000114440918,13.180000305175781,13.25,19191400.0
2025-09-22,13.170000076293945,13.449999809265137,13.069999694824219,13.380000114440918,11905200.0
2025-09-23,13.460000038146973,14.0,13.399999618530273,13.600000381469727,14137000.0
2025-09-24,13.779999732971191,14.0,13.649999618530273,13.670000076293945,20318000.0
2025-09-25,13.600000381469727,13.875,13.550000190734863,13.6899995803833,11994500.0
2025-09-26,13.710000038146973,14.074999809265137,13.630000114440918,13.680000305175781,23673400.0
2025-09-29,13.569999694824219,13.604999542236328,12.979999542236328,13.029999732971191,13734900.0
2025-09-30,12.800000190734863,12.949999809265137,12.595000267028809,12.800000190734863,14501700.0
2025-10-01,12.630000114440918,12.850000381469727,12.5649995803833,12.8100004196167,9972700.0
2025-10-02,12.699999809265137,12.789999961853027,12.359999656677246,12.380000114440918,10100700.0
2025-10-03,12.5,12.600000381469727,12.369999885559082,12.59000015258789,9490900.0
2025-10-06,12.630000114440918,12.760000228881836,12.470000267028809,12.609999656677246,9769200.0
2025-10-07,12.550000190734863,12.609999656677246,12.3149995803833,12.579999923706055,10988800.0
2025-10-08,12.609999656677246,13.079999923706055,12.539999961853027,13.050000190734863,15020700.0
2025-10-09,13.0600004196167,13.229999542236328,12.680000305175781,12.800000190734863,8209700.0
2025-10-10,12.649999618530273,12.755000114440918,12.1899995803833,12.199999809265137,13743500.0
2025-10-13,12.4399995803833,12.619999885559082,12.210000038146973,12.609999656677246,13015100.0
2025-10-14,12.25,12.614999771118164,12.229999542236328,12.350000381469727,15070100.0
2025-10-15,12.449999809265137,12.460000038146973,12.229999542236328,12.289999961853027,8252600.0
2025-10-16,12.369999885559082,12.369999885559082,11.920000076293945,12.09000015258789,10480100.0
2025-10-17,12.079999923706055,12.354999542236328,12.039999961853027,12.289999961853027,11628200.0
2025-10-20,12.3100004196167,12.5,12.175000190734863,12.329999923706055,9389100.0
2025-10-21,12.329999923706055,12.425000190734863,12.1850004196167,12.3100004196167,7339100.0
2025-10-22,12.380000114440918,12.604999542236328,12.300000190734863,12.5,12719500.0
2025-10-23,12.75,12.949999809265137,12.670000076293945,12.8100004196167,12382200.0
2025-10-24,12.869999885559082,12.899999618530273,12.470000267028809,12.479999542236328,8551600.0
2025-10-27,12.670000076293945,12.72599983215332,12.5,12.579999923706055,9167400.0
2025-10-28,12.539999961853027,12.539999961853027,12.279999732971191,12.300000190734863,9047600.0
2025-10-29,12.34000015258789,12.699999809265137,12.289999961853027,12.529999732971191,10996500.0
