timestamp,open,high,low,close,volume
2014-02-13,11.350318177959249,11.940903266866917,11.322634721927002,11.811713218688965,3809600.0
2014-02-14,11.77480265977605,12.1808299431981,11.67329517888958,11.996272087097168,349900.0
2014-02-18,11.913219571159706,12.180828654197427,11.590243577171387,11.70097827911377,273600.0
2014-02-19,11.581017386053906,11.627157072859166,11.128850391453277,11.304180145263672,266300.0
2014-02-20,11.433371971986858,11.885539001376944,11.267269438724623,11.793259620666504,70100.0
2014-02-21,11.756346653516692,12.217741742399213,11.719435081607743,12.107007026672363,107300.0
2014-02-24,12.180828651044807,12.457665845849704,11.830168321630763,12.143917083740234,114200.0
2014-02-25,12.254652617212665,12.411527008912358,12.088550993091586,12.263880729675293,66000.0
2014-02-26,12.236197465637554,12.734504105955581,12.236197465637554,12.725275993347168,80500.0
2014-02-27,12.734506730447437,13.518877982949624,12.734506730447437,13.380459785461426,229500.0
2014-02-28,13.205126393840594,13.76802802419835,13.057479242232851,13.749571800231934,65300.0
2014-03-03,13.7403459934096,13.749573226308641,13.122076507068186,13.481964111328125,53100.0
2014-03-04,13.703435006378799,13.703435006378799,13.20512832687637,13.352774620056152,45000.0
2014-03-05,13.417369034983054,14.27556417459295,13.380457463389149,13.832624435424805,125700.0
2014-03-06,14.091006920756627,14.275564786638824,13.749573768822907,13.841853141784668,69100.0
2014-03-07,13.887991570742766,13.887991570742766,13.380456825491727,13.638837814331055,39900.0
2014-03-10,13.408141478353242,13.518876197729135,12.365388437511928,13.26049518585205,142200.0
2014-03-11,13.371231214798291,13.841854478269388,13.371231214798291,13.740347862243652,54800.0
2014-03-12,13.786482072042421,13.841849858695292,13.43582265005832,13.454277992248535,48100.0
2014-03-13,13.463508934465022,13.924904026776826,13.112848558703096,13.408141136169434,52500.0
2014-03-14,13.371229248086385,13.555787104642604,12.651453167496486,13.0667085647583,54100.0
2014-03-17,13.011339615256455,13.103618089098722,12.688362756705674,12.743730545043945,107100.0
2014-03-18,12.734504721684988,13.002113839979442,12.734504721684988,12.872922897338867,73300.0
2014-03-19,13.011342317539356,13.103620810546639,12.86369514465332,12.86369514465332,92400.0
2014-03-20,12.919062381217064,13.094392126315416,12.87292269670446,12.900606155395508,41000.0
2014-03-21,12.863694640168534,12.900606211932125,12.143918550757883,12.457667350769043,132600.0
2014-03-24,12.549949054303742,13.140534312361314,12.45766966771152,12.54072093963623,107500.0
2014-03-25,12.688364289456066,13.29740563454336,12.2731089069003,12.44843864440918,120500.0
2014-03-26,13.177443795114943,13.195900021514502,11.581017173288213,11.867081642150879,193700.0
2014-03-27,11.811713742666893,12.107006300220162,11.719434378410876,11.728662490844727,127100.0
2014-03-28,11.839397329622932,12.411527106170457,11.101165047611488,12.0977783203125,166500.0
2014-03-31,12.171602145932267,13.223583273042168,12.079323655510112,12.872922897338867,796200.0
2014-04-01,12.872921886742178,13.214354122586524,12.780643403564403,13.085164070129395,86800.0
2014-04-02,13.075936951844293,13.122076636961378,12.780644375161028,12.826783180236816,55000.0
2014-04-03,12.808326923480811,13.50964762327757,12.799098811105297,13.362000465393066,111300.0
2014-04-04,13.380456574717844,13.380456574717844,12.596084630390306,12.642224311828613,417900.0
2014-04-07,12.596085339435517,12.679136594691254,11.931677057472161,11.996272087097168,55800.0
2014-04-08,12.014727682242912,12.273108667225413,11.90399209435204,11.940903663635254,112700.0
2014-04-09,12.005502518107821,12.346934837833533,12.005502518107821,12.217743873596191,174000.0
2014-04-10,12.180830266597221,12.402299699798318,12.180830266597221,12.245426177978516,167000.0
2014-04-11,12.13468940369318,12.310020014659594,12.13468940369318,12.226968765258789,92300.0
2014-04-14,12.34693218284998,12.356160295462905,12.153146218184842,12.236197471618652,24400.0
2014-04-15,12.346931713534946,12.448438308295016,11.987043255681787,12.014727592468262,61900.0
2014-04-16,12.162374228015828,12.162374228015828,11.89476512479132,12.0977783203125,51200.0
2014-04-17,12.09777872116089,12.208513435125507,11.885537406072356,12.042411804199219,55900.0
2014-04-21,12.07009514870822,12.706820848044094,11.894765406596777,12.697592735290527,22400.0
2014-04-22,12.743731933653557,13.380456728697572,12.725275708849352,13.315861701965332,28500.0
2014-04-23,13.334318739604752,13.334318739604752,13.08516583340511,13.20512866973877,24400.0
2014-04-24,13.242038824282544,13.574242956946144,13.186671028817983,13.472736358642578,46500.0
2014-04-25,13.380459345613374,13.537333766965258,13.19590146168216,13.25126838684082,58100.0
2014-04-28,13.297406079518707,13.297406079518707,12.87292257024699,12.928290367126465,57200.0
2014-04-29,13.057480224510867,13.057480224510867,12.872922371168908,12.955973625183105,29000.0
2014-04-30,12.882149659641819,12.937517452122586,12.743731498501708,12.836009979248047,28600.0
2014-05-01,12.845238345763246,12.845238345763246,12.310020154693213,12.596084594726562,37300.0
2014-05-02,12.614541695491678,12.955973952818889,12.513035093596978,12.900606155395508,31400.0
2014-05-05,12.854467519331845,13.011341920705153,12.771416262129351,12.826783180236816,34800.0
2014-05-06,12.826781016572133,12.826781016572133,12.226967851352436,12.273107528686523,20300.0
2014-05-07,12.23619913790742,12.3192504026509,11.913222192803076,12.079324722290039,25400.0
2014-05-08,11.996271009978862,12.199285073482347,11.996271009978862,12.116233825683594,24500.0
2014-05-09,12.051639949879151,12.153146551279658,12.005500265591182,12.08855152130127,31700.0
2014-05-12,12.208512522696637,12.226968746998681,11.581015857127747,11.737890243530273,54100.0
2014-05-13,12.457666501131925,13.186670653774291,12.153145834840887,12.688364028930664,235900.0
2014-05-14,12.642223799592603,12.836009749748717,12.273108123124384,12.282336235046387,59400.0
2014-05-15,12.190058122701776,12.208513468392196,11.968588694169062,12.08855152130127,71000.0
2014-05-16,12.153148831498243,12.549948958766086,12.153148831498243,12.217743873596191,53900.0
2014-05-19,12.199286027220714,12.263881056095908,12.07009508942906,12.208513259887695,100400.0
2014-05-20,12.190059495094149,12.513036441430335,12.125464457843464,12.402300834655762,91900.0
2014-05-21,12.439209924217451,12.836009942407342,12.337703331675451,12.789870262145996,31800.0
2014-05-22,12.789871998230966,12.974430744328178,12.752960425019788,12.86369514465332,82700.0
2014-05-23,12.872921802531359,12.99288462191481,12.476122655384334,12.596084594726562,104500.0
2014-05-27,12.734506398593632,12.808329552669075,12.56840386190318,12.623771667480469,61300.0
2014-05-28,12.66068086700983,12.66068086700983,12.476123016478747,12.49457836151123,16100.0
2014-05-29,12.577630967208277,12.596086314225962,12.494579705525338,12.53149127960205,12600.0
2014-05-30,12.457667024341411,12.57762984944002,12.457667024341411,12.51303482055664,28800.0
2014-06-02,12.623769863725842,12.642225209586993,12.319249176665902,12.457667350769043,116900.0
2014-06-03,12.34693240406484,12.54994648498022,12.273109261921295,12.439210891723633,39100.0
2014-06-04,12.43921079892258,12.623769532945834,12.346932311952218,12.51303482055664,31500.0
2014-06-05,12.494578987021344,12.72527653174481,12.476123641064937,12.549946784973145,54400.0
2014-06-06,12.63299652939923,12.63299652939923,12.088551090342845,12.49457836151123,34400.0
2014-06-09,12.429983658986643,12.900605970141417,12.16237454870598,12.439210891723633,74400.0
2014-06-10,11.802485954608033,12.107006632964481,11.433370247521813,12.07009506225586,431800.0
2014-06-11,11.867081212727275,12.328476295524403,11.756346498460918,12.08855152130127,435500.0
2014-06-12,11.488738207851762,12.29156560376955,11.488738207851762,11.950133323669434,3131100.0
2014-06-13,12.033184302184209,12.033184302184209,11.691752030117943,11.747118949890137,253500.0
2014-06-16,11.77480488710677,12.033185934523624,11.63638580881666,11.987046241760254,266600.0
2014-06-17,11.91322204149338,12.01472953268678,11.57178975302778,11.71020793914795,313200.0
2014-06-18,11.654840916680667,11.99627320221569,11.599473114683013,11.784031867980957,171800.0
2014-06-19,11.784029650540637,11.885536241720583,11.63638249967727,11.673294067382812,163600.0
2014-06-20,11.590245898993283,11.802487233556572,11.294952421284265,11.341092109680176,652300.0
2014-06-23,11.405687708740412,11.442599285271946,11.07348351995662,11.165762901306152,277100.0
2014-06-24,11.110395016609196,11.285724783863081,10.861242096823004,11.02734375,277400.0
2014-06-25,10.981203847633031,11.064255112638682,10.842785659317865,10.916608810424805,162400.0
2014-06-26,10.925837721618768,11.248813811269937,10.90738149247453,11.036572456359863,142100.0
2014-06-27,10.944290658790795,11.119621276855469,10.93506342629364,11.119621276855469,168100.0
2014-06-30,11.119622278083959,11.424142978940818,11.008887557776132,11.304180145263672,145300.0
2014-07-01,11.35954796257038,11.590245516903284,11.322636389078768,11.442598342895508,144200.0
2014-07-02,11.405685495565272,11.617927679468867,11.396458263253907,11.497964859008789,56200.0
2014-07-03,11.497965452539695,11.553333249472166,11.40568608433267,11.507193565368652,44200.0
2014-07-07,11.470282162024919,11.562560651541672,11.359547446580043,11.433370590209961,100000.0
2014-07-08,11.40568490395189,11.414913015825826,11.27649485788154,11.39645767211914,97300.0
2014-07-09,11.396459536061991,11.507194256536826,11.313408275695533,11.442598342895508,163800.0
2014-07-10,11.30417883197768,11.368773857975789,11.174987899940236,11.313406944274902,205200.0
2014-07-11,11.32263648496318,11.3780034056488,11.073482701753875,11.138077735900879,112200.0
2014-07-14,11.267266708510435,11.396457634192029,11.110392327340351,11.35031795501709,158900.0
2014-07-15,11.37800401081753,11.387232124769735,11.055027062821472,11.147306442260742,191000.0
2014-07-16,11.211900771653152,11.378003292135558,11.128850391453277,11.304180145263672,70300.0
2014-07-17,11.193445236761011,11.313408068421227,11.110393977916145,11.239584922790527,137500.0
2014-07-18,11.202673508177371,11.27649665485059,11.08271067482306,11.258040428161621,84900.0
2014-07-21,11.230357373038489,11.28572429501879,11.091939188046382,11.20267391204834,83700.0
2014-07-22,11.29495240869596,11.368775558030597,11.110394535359363,11.20267391204834,50200.0
2014-07-23,11.19344579837117,11.276497061382978,11.045799499701893,11.20267391204834,57200.0
2014-07-24,11.22112925936132,11.350320210717616,11.082711074369213,11.20267391204834,72400.0
2014-07-25,11.128850646527361,11.184217567929624,10.925836547955914,11.018115043640137,66100.0
2014-07-28,10.981204991676274,10.990433106536388,10.75050740042222,10.84278678894043,189300.0
2014-07-29,10.815102075239997,10.815102075239997,10.473669785224951,10.593631744384766,420100.0
2014-07-30,10.685910032330039,10.852012543519415,10.519807521140665,10.621315002441406,88800.0
2014-07-31,10.529036627469974,10.529036627469974,9.984590238347563,10.224515914916992,140700.0
2014-08-01,10.233742354399736,10.32602083641642,10.187602673370783,10.24297046661377,110700.0
2014-08-04,10.3167949583643,10.326022191748228,10.104552749789967,10.27988338470459,49900.0
2014-08-05,10.26142816630989,10.667456396511012,10.26142816630989,10.64900016784668,103400.0
2014-08-06,10.602859289298314,10.741278348661334,10.34447827721186,10.399846076965332,196200.0
2014-08-07,10.53826351492892,11.027342044839484,10.335249436836488,10.602858543395996,139800.0
2014-08-08,10.639769823540462,10.787416101744473,10.584402909234576,10.704365730285645,53900.0
2014-08-11,10.722823935883346,11.064256265334366,10.658228891945482,10.84278678894043,135400.0
2014-08-12,10.981200923228966,10.981200923228966,10.639768720275853,10.77818775177002,391400.0
2014-08-13,10.787418365478516,11.138078789819565,10.732051439553908,10.787418365478516,269600.0
2014-08-14,10.79664594240359,11.091939426121623,10.768962480819248,10.870469093322754,280100.0
2014-08-15,10.953520008657046,11.082710958664576,10.852013399391998,11.018115043640137,105000.0
2014-08-18,11.073480906608191,11.627155303955078,11.073480906608191,11.627155303955078,119700.0
2014-08-19,11.66406880065373,12.079324227313775,11.608700999746432,11.765575408935547,311100.0
2014-08-20,11.747118949890137,11.93167769590764,11.691752030117943,11.747118949890137,270900.0
2014-08-21,11.728662623914984,12.005499839782715,11.617927913576143,12.005499839782715,160400.0
2014-08-22,12.023955405929092,12.208513259887695,11.922448806262176,12.208513259887695,174800.0
2014-08-25,12.226968765258789,12.513034082079205,12.199285308805592,12.226968765258789,101700.0
2014-08-26,12.337703032099544,12.337703032099544,12.10700551643566,12.143917083740234,41300.0
2014-08-27,12.245425288202604,12.642224440512063,12.097778130088898,12.522261619567871,88400.0
2014-08-28,12.439210731630267,12.577629781398905,12.328476019840114,12.420755386352539,52900.0
2014-08-29,12.420754955808084,12.503806206782182,12.291564023177125,12.337703704833984,68500.0
2014-09-02,12.420756093214969,12.743733014347738,12.300793261938264,12.70682144165039,196300.0
2014-09-03,12.75295954648632,12.965201737860518,12.706820743181778,12.955973625183105,129000.0
2014-09-04,13.0205692500602,13.122076734077298,12.900606419884461,12.965202331542969,146100.0
2014-09-05,12.965200385625849,13.057478862651806,12.826781350025158,12.919060707092285,69200.0
2014-09-08,12.965202331542969,13.029797363160174,12.863694847525872,12.965202331542969,51700.0
2014-09-09,12.946744162195955,12.992883840729519,12.762186328102871,12.919060707092285,61600.0
2014-09-10,12.983657508863125,13.260494737973223,12.900606252125966,13.03902530670166,126800.0
2014-09-11,12.909835013742043,13.454281386337195,12.854468093162966,13.371230125427246,88100.0
2014-09-12,13.41737102669174,13.500422295116689,13.19590156425282,13.435827255249023,102500.0
2014-09-15,13.445052055455536,13.445052055455536,12.974429752982493,13.122076034545898,85000.0
2014-09-16,13.05748006296922,13.131303203392692,12.836010641698795,12.937518119812012,75500.0
2014-09-17,12.928290227592475,13.251266252439514,12.808327402349427,13.140531539916992,124700.0
2014-09-18,13.149760308753878,13.260495026801586,12.965202445341033,13.242039680480957,36700.0
2014-09-19,13.315861503269987,13.426596210319152,13.195898683956422,13.343544960021973,97600.0
2014-09-22,13.33431817750529,13.33431817750529,12.568402384004356,12.70682144165039,77400.0
2014-09-23,12.669907804286975,12.87292187516141,12.58685743351406,12.688364028930664,173100.0
2014-09-24,12.734503975564543,12.882150255622365,12.706820518064013,12.84523868560791,35000.0
2014-09-25,12.826782591915952,12.854466929741195,12.688364422954768,12.725275993347168,47500.0
2014-09-26,12.799100472910789,13.371230313858081,12.799100472910789,13.20512866973877,44500.0
2014-09-29,13.158989498889792,13.278952339936438,13.158989498889792,13.214356422424316,43100.0
2014-09-30,13.242039564253037,13.371229627487448,12.854467614467202,12.965202331542969,161700.0
2014-10-01,12.780643884518561,13.020568653842474,12.706820743181778,12.955973625183105,151700.0
2014-10-02,12.9375179554849,13.306633652913915,12.891378273295963,13.011341094970703,110100.0
2014-10-03,13.011341847803038,13.288178196871847,12.93751870404585,13.03902530670166,56200.0
2014-10-06,13.10361951692317,13.3435451591304,13.066707947355997,13.315861701965332,28600.0
2014-10-07,13.195899140911555,13.426596675263012,13.029796634565306,13.075936317443848,184800.0
2014-10-08,13.029797216560326,13.325089792106665,12.937518726722741,13.177443504333496,136900.0
2014-10-09,13.131303203392692,13.297405709366135,12.928290007248764,12.937518119812012,172100.0
2014-10-10,12.87292272910808,13.07593681344979,12.817555811586614,12.946745872497559,72700.0
2014-10-13,12.882150842042085,13.085164926383797,12.882150842042085,12.946745872497559,72700.0
2014-10-14,13.011340931570682,13.14975909635796,12.955973137631036,13.085164070129395,130900.0
2014-10-15,12.974429269858094,13.38045652903836,12.928289588577304,13.343544960021973,248100.0
2014-10-16,13.16821630340659,13.352774163571937,13.16821630340659,13.223583221435547,75100.0
2014-10-17,13.297405739211344,13.408140450095093,13.048252859733223,13.075936317443848,45800.0
2014-10-20,13.075936510955838,13.269722477880567,13.075936510955838,13.140531539916992,165800.0
2014-10-21,13.269724049996743,13.35277531423836,13.17744467194131,13.288179397583008,396700.0
2014-10-22,13.38045795893265,13.78648526150277,13.352774499222289,13.61115550994873,176500.0
2014-10-23,13.823396577662455,14.903061166763775,13.823396577662455,14.524717330932617,452000.0
2014-10-24,14.478579429317342,14.543175348788044,13.712663550216226,13.924905776977539,106600.0
2014-10-27,13.934133860141081,13.934133860141081,13.481965945019478,13.740347862243652,44000.0
2014-10-28,13.648067891789195,13.878765456478018,13.509649704992446,13.731119155883789,85900.0
2014-10-29,13.731116874714658,13.731116874714658,13.2789499342536,13.343544960021973,85700.0
2014-10-30,13.334317506841721,13.445052219364245,12.983657143833103,13.140531539916992,96300.0
2014-10-31,13.315862487310046,13.64806663300737,13.232811230875393,13.38968563079834,72900.0
2014-11-03,13.44505182205348,13.758800604949762,13.278950198198752,13.500419616699219,60100.0
2014-11-04,13.426596346716979,14.054093026370174,13.426596346716979,13.712660789489746,116900.0
2014-11-05,13.83262182013162,13.96181273630518,13.740343348614319,13.94335651397705,52400.0
2014-11-06,13.915676288137547,14.044867234275745,13.472737410020272,13.841853141784668,65300.0
2014-11-07,13.878763367493585,14.524716275387377,13.878763367493585,14.294018745422363,85400.0
2014-11-10,14.349386378406289,14.46012108593882,14.072549169554351,14.27556324005127,85300.0
2014-11-11,14.303247318988436,14.70004736493487,14.2663357482056,14.423210144042969,140800.0
2014-11-12,14.303246686831292,15.226036795659118,13.721888812664815,15.02302360534668,211200.0
2014-11-13,15.050706511786958,16.185739708166412,15.050706511786958,15.853534698486328,323800.0
2014-11-14,15.899673140253254,16.31492939293411,15.788939312926662,15.862762451171875,99700.0
2014-11-17,15.798170570060284,15.936588761813791,15.4382811594018,15.484421730041504,127800.0
2014-11-18,15.650518697465511,15.798166727517758,15.318315470074484,15.36445426940918,109500.0
2014-11-19,15.226036912863343,15.345998853498102,14.404753392869809,14.598539352416992,110600.0
2014-11-20,14.506263879192213,15.549017032191719,14.506263879192213,15.42905330657959,129600.0
2014-11-21,15.585925651567907,15.752028166376089,15.069163641117806,15.318317413330078,118600.0
2014-11-24,15.373681587574978,15.77970968907076,15.198350991006892,15.549012184143066,110600.0
2014-11-25,15.668978864798815,15.76125824677544,15.124532447227818,15.456737518310547,181200.0
2014-11-26,15.512098811246412,15.770480634949728,15.512098811246412,15.73356819152832,52100.0
2014-11-28,15.752030189739719,16.14883030162138,15.641296339032124,15.687435150146484,29700.0
2014-12-01,15.724348382906781,16.04732359680779,15.465966451703062,15.622840881347656,146200.0
2014-12-02,15.62284248465049,16.02887077247295,15.62284248465049,15.955047607421875,29400.0
2014-12-03,15.871988785729103,16.185737528150607,15.862760674471735,16.09345817565918,81000.0
2014-12-04,16.10268858465511,16.37952492154971,15.964268656125306,16.2226505279541,55100.0
2014-12-05,16.241111413823063,16.730189200026608,16.241111413823063,16.619455337524414,41500.0
2014-12-08,16.53639785727945,16.785551594568442,16.296472231751054,16.44411849975586,87700.0
2014-12-09,16.287246201940448,16.988566944652188,16.130371802122262,16.720958709716797,60000.0
2014-12-10,16.647137223660618,16.79478352523822,15.97349899261972,16.07500648498535,94100.0
2014-12-11,16.231875656906286,16.840916894191004,16.04731695951242,16.25033187866211,51600.0
2014-12-12,16.2226505279541,16.40720925927217,16.01963733157023,16.2226505279541,24400.0
2014-12-15,16.20419199058309,16.4441176030279,15.964266378138277,16.09345817565918,40100.0
2014-12-16,16.02886655485802,16.324159137363104,15.881218503522852,16.148828506469727,37300.0
2014-12-17,16.093462152374606,16.776326713416292,15.798169559500653,16.693275451660156,45000.0
2014-12-18,16.914745637198457,17.025481244417865,16.517945538112834,16.8132381439209,43500.0
2014-12-19,16.80401043855592,16.831694781054587,16.508717825568038,16.757871627807617,65700.0
2014-12-22,16.684047629358833,16.739414551468514,16.121145014315168,16.453350067138672,41600.0
2014-12-23,16.481037129355165,16.637911567969116,16.250339529045416,16.619455337524414,30200.0
2014-12-24,16.684049998171393,17.090078258150204,16.296477968210475,17.04393768310547,30400.0
2014-12-26,17.03470443026688,17.03470443026688,16.407208639663953,16.471803665161133,26900.0
2014-12-29,16.425665439316457,16.74864237280335,16.425665439316457,16.693275451660156,28500.0
2014-12-30,16.674820254500425,16.877835244702446,16.545630177159353,16.573312759399414,64300.0
2014-12-31,16.702500348805447,17.431503577068884,16.379523477514052,16.44411849975586,90200.0
2015-01-02,16.481035179563218,16.748643449019916,16.010411919398535,16.388755798339844,115700.0
2015-01-05,16.333386522112463,16.46257658117594,16.084232756705,16.16728401184082,32800.0
2015-01-06,16.259562978250717,16.37952492154971,15.825850487678006,16.2226505279541,174200.0
2015-01-07,16.37029910798929,16.416439677339955,16.084234618346184,16.351842880249023,49100.0
2015-01-08,16.499487954162298,17.569926202363053,16.499487954162298,17.265403747558594,86500.0
2015-01-09,17.394594887278974,17.440733691297048,17.163897347023504,17.237720489501953,63800.0
2015-01-12,17.293086436973432,17.293086436973432,16.628678191910907,16.840919494628906,43700.0
2015-01-13,16.997795316838353,17.265403555855237,16.222651418865325,16.665590286254883,86300.0
2015-01-14,16.444125710504057,16.610228274866017,16.139604929201507,16.499492645263672,53500.0
2015-01-15,16.342609467276862,16.351837578154775,16.093457513901974,16.25033187866211,111100.0
2015-01-16,16.148826488550156,16.29647276135317,15.71511578220162,15.918128967285156,144600.0
2015-01-20,16.01040768348213,16.102687040290906,15.57669523450558,16.02886390686035,53600.0
2015-01-21,15.825850846853415,16.019637695143725,15.659748336913875,15.816622734069824,31900.0
2015-01-22,15.835077896544437,16.481031667369116,15.835077896544437,16.425662994384766,32200.0
2015-01-23,16.50871854131575,16.62868227059495,16.102692060895237,16.18574333190918,30200.0
2015-01-26,16.038091293174908,16.730183873768027,16.038091293174908,16.70250129699707,21000.0
2015-01-27,16.517943768411826,16.93320005089138,16.517943768411826,16.859376907348633,48200.0
2015-01-28,16.942430283372982,16.942430283372982,16.49948960662126,16.573312759399414,63300.0
2015-01-29,16.71173251861607,17.03470770825202,16.637909366687456,16.9977970123291,46000.0
2015-01-30,16.804006904872697,17.11775568021538,16.425663104032832,16.471803665161133,39600.0
2015-02-02,16.600992716912245,16.87783078677135,16.42566211534304,16.776323318481445,28600.0
2015-02-03,16.887059555042384,17.41305143502394,16.6932744624828,17.27463150024414,41700.0
2015-02-04,17.339226010476747,17.376136697502442,16.88705733381491,17.099300384521484,57000.0
2015-02-05,17.191582126110674,17.21003835411352,16.95165820240476,16.9977970123291,83500.0
2015-02-06,17.053160940094905,17.117755966673055,16.951655224078873,17.02547836303711,35100.0
2015-02-09,17.0808483251101,17.099304553163574,16.813238298583112,16.951658248901367,37400.0
2015-02-10,17.117763943171656,17.117763943171656,16.628686079704817,17.062397003173828,46300.0
2015-02-11,16.970111832312476,17.071619321232756,16.711731693362957,16.831693649291992,20400.0
2015-02-12,17.007023194434122,17.071618225023705,16.600995024907736,16.859376907348633,52000.0
2015-02-13,17.016255098161597,17.07162202813231,16.933203823164046,17.04393768310547,8900.0
2015-02-17,17.08084070722758,17.16389193634541,16.970105148376476,17.090068817138672,12400.0
2015-02-18,17.16389601776798,17.16389601776798,16.988565407929162,17.034704208374023,20300.0
2015-02-19,16.970107146987406,16.970107146987406,16.730181541288385,16.804004669189453,22200.0
2015-02-20,16.840921762837716,16.988568059403924,16.757870501008888,16.831693649291992,42400.0
2015-02-23,16.840920761560945,16.840920761560945,16.287246302315026,16.342613220214844,26100.0
2015-02-24,16.425663208710354,16.86860379795261,16.425663208710354,16.70250129699707,46100.0
2015-02-25,16.748642313369093,17.18235484768599,16.600996017456055,16.600996017456055,18400.0
2015-02-26,16.67481717903934,16.822463457364144,16.3426121727673,16.50871467590332,30000.0
2015-02-27,16.37029447305121,16.481030048057377,16.065773841887076,16.09345817565918,45800.0
2015-03-02,16.093462277739402,17.302316999264885,16.08423416412987,17.016252517700195,129000.0
2015-03-03,16.86860540135902,17.126985529554076,16.65636231880686,16.988567352294922,134900.0
2015-03-04,16.89628731580739,17.87444615145286,16.73941291839878,17.283859252929688,252000.0
2015-03-05,17.81907510254818,18.335838789973568,17.717569395442947,17.855987548828125,101800.0
2015-03-06,17.800622111657745,18.188192269156584,17.717570860741578,17.772937774658203,35000.0
2015-03-09,17.892903606497562,17.97595487547723,17.680662256919685,17.86522102355957,25800.0
2015-03-10,17.94826941367323,17.95749576645078,17.61606439103959,17.65297508239746,30800.0
2015-03-11,17.60683747626003,17.91135818103486,17.60683747626003,17.809850692749023,33800.0
2015-03-12,17.91135715140041,18.88951424382919,17.91135715140041,18.861831665039062,52900.0
2015-03-13,18.778782425105344,19.378595751098995,18.75109808325969,19.184810638427734,80200.0
2015-03-16,19.424734172247614,19.517013549804688,19.184810254715053,19.517013549804688,140200.0
2015-03-17,19.406277383040226,19.64620303195088,19.332454241843298,19.4339599609375,56000.0
2015-03-18,19.369366651710447,20.015320514583166,19.369366651710447,19.720027923583984,81500.0
2015-03-19,19.738478931704883,19.9599483361464,19.590832662077204,19.710796356201172,24700.0
2015-03-20,19.6738848727201,20.199874954051094,19.6738848727201,20.10759735107422,177900.0
2015-03-23,20.181421439568435,20.255244581474717,19.867672646446106,19.895355224609375,26300.0
2015-03-24,19.996863471489082,20.39366353448056,19.75693781107371,19.830760955810547,142200.0
2015-03-25,19.92304063128633,20.301384473856128,19.26785867165982,19.406278610229492,70500.0
2015-03-26,19.258633075644614,20.153738974461987,19.258633075644614,19.803077697753906,80600.0
2015-03-27,19.839989429665454,20.227561386601757,19.729253830505378,19.821533203125,49300.0
2015-03-30,19.83998541304825,20.070682917851137,19.821529190244274,20.015316009521484,50300.0
2015-03-31,19.969176602550018,20.162963432987546,19.969176602550018,20.079912185668945,82500.0
2015-04-01,20.11682533836068,20.99347671855308,19.93226835732406,20.670499801635742,77400.0
2015-04-02,20.753547827991696,20.753547827991696,20.061455296671056,20.421342849731445,48200.0
2015-04-06,20.30138930388613,20.891974611318055,20.14451486158914,20.587453842163086,49200.0
2015-04-07,20.633592458961104,20.77201065722897,20.44903368788202,20.49517250061035,30000.0
2015-04-08,20.652049708401943,20.993482952840765,20.45826455675408,20.984254837036133,103600.0
2015-04-09,20.836605482623604,20.938112981670887,20.698187285793672,20.781238555908203,53600.0
2015-04-10,20.98424327900686,21.03961018325567,19.88612274425959,20.707406997680664,83600.0
2015-04-13,20.845829837009486,21.0303885728814,20.818145498603936,20.87351417541504,54500.0
2015-04-14,20.91964832120671,21.030383890089105,20.522848359494514,20.8458251953125,57900.0
2015-04-15,20.993478226432686,21.916268478144012,20.87351626814661,21.88858413696289,138500.0
2015-04-16,21.777850612525206,21.777850612525206,21.24263232906856,21.32568359375,91500.0
2015-04-17,21.187258515687105,21.879351047063192,21.04884036142835,21.639427185058594,87000.0
2015-04-20,21.870124938307328,21.870124938307328,20.873511752465205,21.39950180053711,37800.0
2015-04-21,21.37182130894888,21.731708930757172,21.159579981220023,21.676342010498047,32300.0
2015-04-22,21.731704781176212,21.7963015625738,21.233399073828238,21.639427185058594,36300.0
2015-04-23,21.547149549251902,21.565605773981957,21.196488319710667,21.501008987426758,104100.0
2015-04-24,21.537926033701574,21.667116114219937,21.270315998247433,21.57483673095703,61800.0
2015-04-27,21.67634024258535,21.80553029934751,20.485941873647935,21.067298889160156,59600.0
2015-04-28,20.9104222071696,21.879351047063192,20.679724696710903,21.639427185058594,61000.0
2015-04-29,21.325683679595073,21.325683679595073,19.120213739851696,19.138669967651367,278500.0
2015-04-30,18.87106094976301,19.203264236450195,17.957497071145863,19.203264236450195,294400.0
2015-05-01,19.18481033123983,20.024549326201566,19.18481033123983,19.88612937927246,61100.0
2015-05-04,19.9968649847992,20.301385699894304,19.775395533828462,19.88612937927246,56200.0
2015-05-05,19.756933212280273,19.923035689295368,19.4339563692045,19.756933212280273,62500.0
2015-05-06,19.756937475677116,20.10759872728617,19.747709362731342,19.97840690612793,44500.0
2015-05-07,20.033774590047752,20.282928368866465,19.88612829743281,19.9138126373291,31900.0
2015-05-08,20.14450720912066,20.458255974528175,19.849214667580032,20.079912185668945,35300.0
2015-05-11,20.024550569317288,20.467489498756226,19.9507274144108,19.99686622619629,34600.0
2015-05-12,19.50778475855237,19.69234350725695,17.865219287428822,19.489330291748047,259000.0
2015-05-13,19.61851985171418,19.96917935307235,18.621906506701464,19.175580978393555,51500.0
2015-05-14,19.32322479924677,19.33245291127157,18.64036035015324,19.04638671875,88700.0
2015-05-15,19.064842942799597,19.41550415941236,18.991019806683607,19.04638671875,85700.0
2015-05-18,19.09252997503044,19.34168199455448,18.76955304888281,19.12021255493164,112200.0
2015-05-19,19.212493541322612,19.46164734184972,19.19403731311702,19.360139846801758,187400.0
2015-05-20,19.387825277990075,19.480104664117935,19.16635580733295,19.19403839111328,109500.0
2015-05-21,19.21248979343045,19.48932788226153,19.00024849071767,19.313997268676758,44700.0
2015-05-22,19.295540865474585,19.452415253002123,18.834145815109185,18.99102020263672,29400.0
2015-05-26,18.8895121839135,19.01870399114842,18.483485818553426,18.677270889282227,61200.0
2015-05-27,18.79723641591582,19.63697532438493,18.73263962596372,19.37859344482422,81000.0
2015-05-28,19.2955437290739,19.50778506132036,19.027935475389818,19.3878231048584,53600.0
2015-05-29,19.360137789182886,19.92304036904791,19.15712458074625,19.784622192382812,54300.0
2015-06-01,19.784617545143522,19.923035689295368,19.08329695334767,19.756933212280273,58600.0
2015-06-02,19.61851889511398,20.891968533837947,19.61851889511398,20.827373504638672,90200.0
2015-06-03,20.85506473593756,21.168813632962486,20.679734055815835,20.984254837036133,102700.0
2015-06-04,20.956565540610136,21.021162335987643,20.698185399430923,20.919654846191406,70000.0
2015-06-05,21.030390191931986,21.464100966513428,20.80891898780244,21.436416625976562,111200.0
2015-06-08,21.279535499481266,21.84243792547015,21.131889250055025,21.648651123046875,160400.0
2015-06-09,21.648653097787193,21.879350603569662,21.445639926328248,21.55637550354004,146200.0
2015-06-10,21.65788645699041,22.45148663239981,21.528696385675474,22.40534782409668,130300.0
2015-06-11,22.54376487799759,22.78369054131802,22.22078795583229,22.479169845581055,103700.0
2015-06-12,22.46071361915272,22.626816136842454,22.211559842618122,22.479169845581055,88300.0
2015-06-15,22.479168977970083,22.74677721052172,22.257699549625865,22.497623443603516,166200.0
2015-06-16,22.469939356857328,22.64526996922537,22.156190581075542,22.4422550201416,123400.0
2015-06-17,22.506850049232575,22.506850049232575,21.962403747648988,22.25769805908203,93200.0
2015-06-18,22.377658205641293,22.71909129084399,22.257696276294684,22.488393783569336,186900.0
2015-06-19,22.562216522362753,22.617583430320895,22.38688592706599,22.543760299682617,248800.0
2015-06-22,22.77446084999534,22.792917075144786,22.460712062784772,22.654497146606445,170100.0
2015-06-23,22.571447203541243,22.78369028491325,21.639430660473433,21.787076950073242,239600.0
2015-06-24,21.805530792225554,21.990089528985298,21.371820048947484,21.427186965942383,112100.0
2015-06-25,21.62097286006874,22.04545547174172,21.445642243903496,21.823986053466797,137200.0
2015-06-26,21.879347258161012,21.962398488350534,21.473320977325585,21.777841567993164,909700.0
2015-06-29,21.740936549326186,22.765234231261694,21.639430824508494,22.248472213745117,333600.0
2015-06-30,22.451482809038712,22.672952219327634,22.202329062432767,22.589900970458984,147700.0
2015-07-01,22.829829564514966,23.448099075085437,22.78369075808779,23.355819702148438,162800.0
2015-07-02,23.549607508615576,23.771076956523476,23.291225606014997,23.568063735961914,139900.0
2015-07-06,23.641877029675896,23.641877029675896,23.134341549724216,23.291215896606445,333300.0
2015-07-07,23.254310053570297,23.39272820958679,22.562217513405493,22.940561294555664,143500.0
2015-07-08,22.84828575296753,22.8759700928272,22.165421210506178,22.193103790283203,80800.0
2015-07-09,22.525306560234892,22.543762784949678,22.091595839932193,22.340747833251953,81500.0
2015-07-10,22.6452709579653,23.042069241054424,22.534535366349896,22.977474212646484,72200.0
2015-07-13,23.18971773201557,23.835671597788252,23.134350810975324,23.76184844970703,238000.0
2015-07-14,23.706472038377644,23.71570014820389,23.2266208879047,23.291215896606445,102900.0
2015-07-15,23.36505136678473,23.56806637011961,23.03284627775159,23.411191940307617,59300.0
2015-07-16,23.438870724820774,23.59574512920291,23.21740128806057,23.549606323242188,145000.0
2015-07-17,23.64188454383675,23.89103654800611,23.263538961038012,23.485010147094727,82200.0
2015-07-20,24.177100663699694,25.81966587038463,23.420411323897405,25.68124771118164,381600.0
2015-07-21,25.598200853349038,25.84735463868997,25.10912139620751,25.339818954467773,315600.0
2015-07-22,25.55206005151901,26.004227019209825,25.49669137459826,25.85658073425293,346400.0
2015-07-23,25.976544366040695,26.105736193821524,24.95224841770886,25.16448974609375,193600.0
2015-07-24,24.98915656159439,25.36750037274935,24.223240826807213,24.48162269592285,238100.0
2015-07-27,24.361659155617808,24.370887268156356,23.780302146349197,24.01099967956543,177600.0
2015-07-28,24.094050067160126,24.14018886811362,23.032840044405408,23.189714431762695,311600.0
2015-07-29,23.254315940280534,25.155263438991863,23.143580331385785,25.118350982666016,406700.0
2015-07-30,25.090666381341155,25.358274627836693,24.38934560833375,24.610815048217773,238900.0
2015-07-31,24.656950257934728,25.948857775588596,24.656950257934728,25.072206497192383,618200.0
2015-08-03,25.062980518847397,25.164487999325722,24.407800352333766,24.878421783447266,249800.0
2015-08-04,24.915332434763346,25.12757373308414,24.509304302262645,24.924560546875,179800.0
2015-08-05,25.22908120622992,25.28444811881743,24.72154736066586,24.924560546875,103000.0
2015-08-06,24.896875064223483,24.896875064223483,24.149415618418626,24.34320068359375,216900.0
2015-08-07,24.158645050447873,25.385955810546875,24.158645050447873,25.385955810546875,262100.0
2015-08-10,25.930404371339776,26.853194549963376,25.79198619656275,26.354887008666992,237800.0
2015-08-11,26.23492283315007,27.360726121886728,26.198010384298488,27.342269897460938,221000.0
2015-08-12,27.17616941604825,27.194623880566922,26.76091316293524,26.917787551879883,292700.0
2015-08-13,27.01006823985129,27.16694263649181,26.373342540535944,26.511760711669922,277700.0
2015-08-14,26.604037520165186,27.65601763169596,26.38256811563673,26.622493743896484,272000.0
2015-08-17,26.530219986179667,26.751689437463064,26.530219986179667,26.576358795166016,245500.0
2015-08-18,26.797832028963903,27.43455608942619,26.59481702990386,26.76091957092285,387400.0
2015-08-19,26.539442501141856,27.00083753399881,26.327201208447427,26.807050704956055,125600.0
2015-08-20,26.53021605389599,26.68709044531363,26.01345407749537,26.022682189941406,112300.0
2015-08-21,25.662791523584247,26.216465921262156,25.367498980844665,25.635108947753906,255600.0
2015-08-24,24.453940891917398,24.63849964041777,23.088211785279213,24.094053268432617,295700.0
2015-08-25,24.721546582177734,24.804596068402535,23.89103411910608,24.149415969848633,206000.0
2015-08-26,24.60158430345626,24.85073805670692,23.706478526323195,24.813825607299805,141200.0
2015-08-27,25.081437963770174,25.081437963770174,24.278609713856387,24.712322235107422,172000.0
2015-08-28,24.666179329836254,24.915333083086917,24.26015294685273,24.813825607299805,87000.0
2015-08-31,24.804602023412812,25.26599716474185,24.601588794857836,24.65695571899414,155300.0
2015-09-01,24.297061639609748,24.712317860904577,24.103276576393707,24.398569107055664,235100.0
2015-09-02,24.592355405718507,24.906104175329222,24.343201660424867,24.740001678466797,157400.0
2015-09-03,24.758464861012875,25.11835253197391,24.703097933191845,24.850744247436523,100300.0
2015-09-04,24.518533308172465,24.72154826186473,24.278607664770462,24.57390022277832,165600.0
2015-09-08,24.85074137206776,25.64434153937112,24.85074137206776,25.524377822875977,162300.0
2015-09-09,26.17033066765207,26.779372059600075,25.672023114194996,25.782758712768555,301700.0
2015-09-10,25.65356800953492,25.828898648242173,25.28445226495336,25.70893669128418,186300.0
2015-09-11,25.755077970381535,26.78860391445364,25.755077970381535,26.76091957092285,278700.0
2015-09-14,26.853194405084974,26.853194405084974,26.281063722988762,26.77937126159668,145000.0
2015-09-15,26.82550536417844,26.936240940042055,26.21646409713423,26.613264083862305,82600.0
2015-09-16,26.74246360959732,26.74246360959732,25.985775813009955,26.29029655456543,115100.0
2015-09-17,26.32720442976114,26.631725118303624,26.078050659112943,26.354887008666992,97200.0
2015-09-18,25.89349282576547,26.871651716606724,25.755074646143072,26.75168800354004,273400.0
2015-09-21,27.019299248819838,27.26845127953474,25.828898977286304,25.884265899658203,136000.0
2015-09-22,25.635115647806494,25.70893880278598,24.76769225673542,25.007617950439453,89400.0
2015-09-23,24.98915719027562,25.459780377960644,24.915334048682823,25.02606964111328,147100.0
2015-09-24,24.81382204465586,25.247534462506938,24.380111386886995,25.090660095214844,160000.0
2015-09-25,25.247535475335706,25.36749740333277,24.17709919443005,24.223237991333008,182000.0
2015-09-28,24.20478513281546,24.306292612209454,22.802143686988956,23.208171844482422,228600.0
2015-09-29,23.189714764194495,23.291222239846245,22.488395827219094,22.857511520385742,158400.0
2015-09-30,23.152809602643853,23.438874113135494,22.811376404896116,23.328140258789062,226900.0
2015-10-01,23.346591588846472,23.448099075085437,22.885196484244112,23.355819702148438,133600.0
2015-10-02,23.106665837829805,24.112505466251957,22.765232713257465,24.10327911376953,111300.0
2015-10-05,24.297064446372545,24.896877688579526,24.195556967200627,24.841510772705078,162700.0
2015-10-06,24.77691415493882,24.859965403464702,23.927947205627195,24.038681030273438,165600.0
2015-10-07,24.07559376897876,24.426253231365237,23.651109409160995,24.407798767089844,75300.0
2015-10-08,24.324748952813167,24.435482785328954,23.632656339300645,24.370887756347656,121300.0
2015-10-09,24.481624981639424,24.656953854829286,24.306294348366908,24.610815048217773,65000.0
2015-10-12,24.444712067651416,24.58313024496027,24.03868388880718,24.250926971435547,92900.0
2015-10-13,24.158649101474758,24.41702924582247,22.866743099488012,23.00516128540039,163800.0
2015-10-14,23.032844066621173,23.069756521895922,21.19649165868819,21.279542922973633,225400.0
2015-10-15,21.224172439124928,22.202329458713688,20.45825672150763,21.879352569580078,324700.0
2015-10-16,21.879358118332625,22.691414603244827,21.851675534583432,22.672958374023438,149200.0
2015-10-19,22.534533753882553,23.59574199056391,22.534533753882553,23.577285766601562,151000.0
2015-10-20,23.614198176162375,23.872580030968262,23.03283944286973,23.438867568969727,99100.0
2015-10-21,23.62342568678257,23.771071954318273,22.72831820975475,22.9867000579834,104300.0
2015-10-22,23.097442675470635,23.346594727791548,22.16542422765425,23.328140258789062,107800.0
2015-10-23,23.595741237788893,24.481620598812935,23.245081794103385,24.34320068359375,168800.0
2015-10-26,24.315520044503895,24.38011507137169,23.281994334371745,23.318906784057617,121700.0
2015-10-27,23.30044969411723,23.401957166902132,22.875967098984752,23.152803421020508,132400.0
2015-10-28,22.35920674394093,22.35920674394093,19.194035988509402,19.904584884643555,900900.0
2015-10-29,19.71079911573925,20.135281760326368,18.381980742971436,19.129440307617188,508200.0
2015-10-30,19.05562045380766,20.679731687693184,19.05562045380766,20.43980598449707,349100.0
2015-11-02,20.393661388904867,20.670497712521968,19.729251396091954,20.34752082824707,149200.0
2015-11-03,20.236791435066376,21.325684263924252,20.15374016777499,21.214948654174805,334300.0
2015-11-04,21.233398389666945,21.242626500997833,20.87351084817366,21.094980239868164,141600.0
2015-11-05,21.11343911880603,21.17803591163414,20.559766403797603,20.891969680786133,137000.0
2015-11-06,20.77200751486247,21.242630725844165,20.550538079120958,21.22417449951172,161300.0
2015-11-09,21.0857569796573,21.316454535758403,20.172194868706857,21.113439559936523,261000.0
2015-11-10,21.178035112052534,21.842443401027342,21.13189454748879,21.750164031982422,227700.0
2015-11-11,21.750168033948682,22.728325301604713,21.620977949564743,22.672958374023438,169100.0
2015-11-12,22.61758732765403,22.61758732765403,21.482555838477506,21.704025268554688,172900.0
2015-11-13,21.556385696341334,21.8885890648924,20.910431670682215,20.984254837036133,134900.0
2015-11-16,21.04884658155498,21.593293007932985,20.901200272037165,21.528697967529297,96700.0
2015-11-17,21.04884653446617,21.63020541696448,21.04884653446617,21.57483673095703,144200.0
2015-11-18,21.602518269745676,22.23924399551546,21.381048834713276,22.20233154296875,123500.0
2015-11-19,22.193095958858763,22.294603409108632,21.57482666749343,21.777841567993164,117400.0
2015-11-20,21.90704077195655,22.19310526248559,21.52869690252314,21.83321762084961,82700.0
2015-11-23,21.731707870985765,22.036228557684634,21.648656614605837,21.842443466186523,71500.0
2015-11-24,21.676343268218382,22.073143366611284,21.510240737720633,22.063915252685547,37400.0
2015-11-25,22.146968161794092,23.06053038725815,22.08237311960212,22.672958374023438,71100.0
2015-11-27,22.626807829854513,23.355810905308193,22.55298471132652,23.291215896606445,52600.0
2015-11-30,23.531150253789257,23.558834593599936,22.47916998214042,23.1251220703125,208200.0
2015-12-01,23.28199436561127,23.53114812107777,22.67295302563703,23.457324981689453,476200.0
2015-12-02,23.365045586082477,23.448096837793205,22.866739835900574,23.318906784057617,121500.0
2015-12-03,23.44809796364542,23.521921106479276,22.266925918221183,22.313066482543945,115600.0
2015-12-04,22.248474091628204,22.617589849580984,21.833217763879592,22.571449279785156,132800.0
2015-12-07,22.43302687348673,22.52530623564847,21.86089799623236,22.303836822509766,166000.0
2015-12-08,22.02700241658909,22.11005191368486,21.362592359162207,21.510238647460938,140200.0
2015-12-09,21.556379248735283,21.639430506052843,20.329068375143436,20.39366340637207,229000.0
2015-12-10,21.814759945947625,22.294611276352676,21.584062394031655,22.193103790283203,847100.0
2015-12-11,21.916268429281132,22.18387844652048,21.178036933591066,21.334911346435547,2059700.0
2015-12-14,21.23340476325142,21.64865933729382,20.75355339050293,20.75355339050293,391400.0
2015-12-15,20.891968330395976,22.359204802512632,20.82737330182572,21.95317840576172,234700.0
2015-12-16,22.27615327708439,23.300450889306024,22.26692516453219,23.171260833740234,181300.0
2015-12-17,23.254314607187272,23.71570972431335,22.56222193149816,22.96824836730957,263400.0
2015-12-18,22.9221062669627,22.9221062669627,21.41795741555025,21.46409797668457,567300.0
2015-12-21,21.71325194655585,21.934721361997134,21.224172554071473,21.27031135559082,158300.0
2015-12-22,21.427189110885003,21.953181035279282,21.150352738115583,21.934724807739258,123800.0
2015-12-23,22.008545416379206,22.562219858065212,21.731707315494937,22.183876037597656,132800.0
2015-12-24,22.239245776413615,22.783692174498007,22.08237136069298,22.719097137451172,71300.0
2015-12-28,22.580674789287873,22.839056670094422,22.276154104089915,22.728321075439453,87200.0
2015-12-29,22.885192942812893,23.11589045941416,22.39611533407092,22.79291534423828,73900.0
2015-12-30,22.74677884899634,23.01438886090677,22.65449947385196,22.737550735473633,65600.0
2015-12-31,22.70986484880294,23.29122183543588,22.41457229939685,22.912878036499023,126500.0
2016-01-04,22.34074681244307,22.599128666396524,21.51946421106879,21.80552864074707,206700.0
2016-01-05,21.870128810344877,21.999318877282295,21.48255684944997,21.584062576293945,92200.0
2016-01-06,21.141123660905127,21.547151847868523,21.076528627541492,21.307226181030273,203800.0
2016-01-07,20.919651794981103,21.002703045413284,20.01531791258897,20.199874877929688,275700.0
2016-01-08,20.55976472491602,20.55976472491602,19.32322581021697,19.397048950195312,316100.0
2016-01-11,19.535467440114225,19.793849314344737,19.286313678543642,19.4339599609375,183700.0
2016-01-12,19.618522176490178,19.63697840508624,18.79723936487664,19.304773330688477,418900.0
2016-01-13,19.30477029881856,19.729252929364737,18.36352390923892,18.446575164794922,336100.0
2016-01-14,18.483489078843856,18.584994808047213,17.597609536171724,18.086688995361328,180200.0
2016-01-15,17.59760332104993,17.846757019438115,17.08084146371605,17.6345157623291,218300.0
2016-01-19,17.855987538819868,18.059000712998852,16.988564412632726,17.154666900634766,145700.0
2016-01-20,16.79477966709252,17.468415983300968,16.24110528332683,17.191577911376953,297900.0
2016-01-21,17.200808192656115,17.81907767649511,17.016251214844257,17.560697555541992,145600.0
2016-01-22,17.80985023317603,18.686501631009527,17.80985023317603,18.658817291259766,300400.0
2016-01-25,18.57576911273468,18.649592270894388,18.252793895837787,18.53885841369629,136800.0
2016-01-26,18.686503750139355,19.230950173048807,18.234336710111354,19.16635513305664,108400.0
2016-01-27,18.548079331016808,19.110980033523578,17.71756868397354,17.87444305419922,339100.0
2016-01-28,18.04054649612641,18.262017678146755,17.82830518677963,17.94826889038086,125900.0
2016-01-29,18.123598914070296,19.32322722676375,18.1143708008862,19.22171974182129,205000.0
2016-02-01,19.037156014799333,19.397045294437646,18.898737873437902,19.018701553344727,141700.0
2016-02-02,18.788004947292603,18.88028253914855,18.446571873145977,18.621902465820312,96900.0
2016-02-03,18.72341173579123,18.751094311986517,18.142052994536428,18.575763702392578,117100.0
2016-02-04,18.511169502011242,19.59083402375832,18.47425881207999,19.581605911254883,230300.0
2016-02-05,19.452414450375354,19.507781361311626,18.142052491001202,18.21587562561035,157100.0
2016-02-08,17.93904480948216,17.975955508059336,16.98857011997995,17.662206649780273,221200.0
2016-02-09,17.330004876365926,18.03132581305403,17.265408067917903,17.763715744018555,118800.0
2016-02-10,18.022095098777296,18.54808528542488,17.77294129665492,18.289703369140625,114200.0
2016-02-11,17.83753397449772,18.317385286899356,17.708343913498272,17.9759521484375,128700.0
2016-02-12,18.16973785267792,18.89874112810468,18.16973785267792,18.88951301574707,226400.0
2016-02-16,19.221722062089036,19.350912142095794,18.455806176180843,19.304773330688477,165100.0
2016-02-17,19.507779768229703,19.75693348721959,18.88028229525467,19.655426025390625,183200.0
2016-02-18,19.784623869522438,19.784623869522438,19.212493128035952,19.277088165283203,86500.0
2016-02-19,19.22172395100099,19.978411796970594,19.22172395100099,19.443193435668945,135600.0
2016-02-22,19.766164976364944,19.81230377958208,19.313998016523435,19.4339599609375,236900.0
2016-02-23,19.387821711790288,19.83076057163028,19.26785800386535,19.701570510864258,235000.0
2016-02-24,19.47087642658686,20.421349345480134,19.314001999184637,20.21833610534668,97300.0
2016-02-25,20.162964292616106,20.707410599324476,20.162964292616106,20.430572509765625,156600.0
2016-02-26,20.568994334613745,20.661271946241566,20.190648734592674,20.292156219482422,104800.0
2016-02-29,20.301386353868324,20.744325270078306,20.218335087068603,20.615135192871094,245200.0
2016-03-01,20.642817122127223,21.436415480881887,20.513625299939065,21.3718204498291,288700.0
2016-03-02,21.28877143680601,21.537925234343913,19.950726589443974,21.085758209228516,240000.0
2016-03-03,21.353366390494458,22.43303108215332,21.06730189819864,22.43303108215332,246700.0
2016-03-04,22.516080455642363,22.820601150260675,22.110052276123742,22.248472213745117,203400.0
2016-03-07,22.230017408048706,22.433030630740767,21.7593941662745,21.934724807739258,156600.0
2016-03-08,21.842444315575616,21.888583121988635,20.762779700734136,20.799692153930664,168900.0
2016-03-09,20.91042833415657,21.408735947596515,20.827377065249912,21.29800033569336,264800.0
2016-03-10,21.436416888632536,21.584063186472857,20.762780434725727,20.919654846191406,191700.0
2016-03-11,21.205718728763518,21.620975029751868,20.993477401628432,21.584062576293945,123300.0
2016-03-14,21.547147750854492,21.64865345823287,21.31645024123096,21.547147750854492,82100.0
2016-03-15,21.454871103918872,21.814758701145294,21.36259173640164,21.75939178466797,148000.0
2016-03-16,21.68557001622888,22.589904002996462,21.60251875621118,22.516080856323242,376700.0
2016-03-17,23.189714780290927,23.946404151910862,22.783688397567012,23.835668563842773,626400.0
2016-03-18,23.946404622067586,24.057138452227328,23.34658962838608,23.872581481933594,272000.0
2016-03-21,23.844895618852256,24.094049360895568,23.226626199753504,23.346588134765625,161400.0
2016-03-22,23.162038123532763,23.743395269257842,23.162038123532763,23.411191940307617,79100.0
2016-03-23,23.328135993221295,23.42964171446464,23.09743845208609,23.106666564941406,71600.0
2016-03-24,23.03284109999941,23.08820977578007,22.552991563811307,22.83905601501465,190200.0
2016-03-28,23.051298314343455,23.752619063581392,22.62681567563982,23.512693405151367,117200.0
2016-03-29,23.595743259013865,24.66617966522046,23.245083785290664,24.48162269592285,202900.0
2016-03-30,24.601581492172567,24.998381477543457,24.333973304881063,24.509302139282227,154400.0
2016-03-31,24.50930796465151,24.758461748649594,24.204787259792518,24.555448532104492,101000.0
2016-04-01,24.30629213917693,24.979928510941274,24.260153336758957,24.758459091186523,159800.0
2016-04-04,24.730773078626036,25.275219358677727,24.601583032539995,25.219852447509766,199300.0
2016-04-05,24.8138255588689,25.625881843415925,23.789529730975037,25.515146255493164,271900.0
2016-04-06,25.616656007921325,25.699707266224475,25.229084055867485,25.50592041015625,200500.0
2016-04-07,25.30290543890405,25.653564913921816,24.656951643771475,24.89687728881836,266200.0
2016-04-08,25.30290826038913,25.44132644332875,24.8415131438686,25.339818954467773,97400.0
2016-04-11,25.66279786806777,26.0042310550727,25.247543287209844,25.293682098388672,110400.0
2016-04-12,25.265992399065414,25.672020539673042,24.998384182813933,25.284448623657227,148100.0
2016-04-13,25.56128692626953,25.690476979328814,25.284448835322184,25.56128692626953,350700.0
2016-04-14,25.570511974657,25.65356322169797,25.25676497038068,25.312131881713867,81000.0
2016-04-15,25.238308429399382,25.478234055604496,24.952244004343513,25.45977783203125,175200.0
2016-04-18,25.238309641374535,25.690476580138515,25.238309641374535,25.616653442382812,90200.0
2016-04-19,25.83812418543227,25.83812418543227,25.0722084317674,25.21062660217285,129700.0
2016-04-20,25.19216933158935,25.422866859388094,24.887648665298315,25.376728057861328,146600.0
2016-04-21,25.42286678793092,25.82889492853855,25.12757423479172,25.284448623657227,83300.0
2016-04-22,25.275221764867208,25.515147416212358,25.0814366772899,25.395185470581055,92500.0
2016-04-25,25.385955016852243,25.44132192818543,25.090662476298736,25.312131881713867,92200.0
2016-04-26,25.469010901461207,25.727391041451924,25.109121512058472,25.524377822875977,75100.0
2016-04-27,25.579743916948022,25.755074549187096,25.293679445460945,25.496692657470703,77600.0
2016-04-28,25.395187530415754,25.395187530415754,24.749233665932202,24.832284927368164,132900.0
2016-04-29,24.730774653280932,24.943017719756387,24.20478456348857,24.527761459350586,154300.0
2016-05-02,24.629268879517305,25.238310219985273,24.555445740069143,25.229082107543945,229700.0
2016-05-03,24.924564888326657,25.238313714443148,24.186331631547908,24.352434158325195,130100.0
2016-05-04,24.057138284251504,24.749230878206184,23.992543257095598,24.527761459350586,116000.0
2016-05-05,26.29952014142794,28.661862510431327,26.29952014142794,27.37918472290039,522400.0
2016-05-06,27.591424083693894,29.252447346575437,27.342270330249296,29.05866050720215,520200.0
2016-05-09,29.03097511804131,29.483143806831546,28.228148732813125,28.38502311706543,297600.0
2016-05-10,28.38502732627532,28.90178935570304,28.36657109948938,28.65263557434082,196400.0
2016-05-11,28.597268497320854,28.957156117260816,27.978998984041922,28.191240310668945,159700.0
2016-05-12,28.5142175129737,28.883333249824357,28.22815303692478,28.837194442749023,176700.0
2016-05-13,28.80028030435895,29.57542418644485,28.717230808497842,29.25244903564453,298400.0
2016-05-16,29.556969948929165,30.129102426212416,29.38164107243838,29.806123733520508,246800.0
2016-05-17,29.806122703426265,30.06450635268317,28.64340860234855,29.040206909179688,240200.0
2016-05-18,28.864873456797337,29.63078912946403,28.468073452870794,28.966379165649414,162200.0
2016-05-19,28.64340860234855,29.400096283401478,28.54190111730104,29.040206909179688,207600.0
2016-05-20,29.086346926793517,29.593880822297457,28.947928751663586,29.520057678222656,138000.0
2016-05-23,29.68615956406616,30.11987209211248,29.418551316623837,29.44623565673828,119900.0
2016-05-24,29.778438332502674,30.415162263816462,29.70461343139468,30.156782150268555,244200.0
2016-05-25,30.239834933846684,30.350568770945962,29.870717449962147,30.0275936126709,110400.0
2016-05-26,30.38747859399853,30.70122737210276,30.064503463669872,30.369022369384766,153100.0
2016-05-27,30.369024701195567,30.69199985632308,30.10141470399553,30.452075958251953,200600.0
2016-05-31,30.738146914750597,31.070348473965602,30.461307001822846,30.848880767822266,324900.0
2016-06-01,30.74736037467082,31.77165776648279,30.608940476255704,31.587099075317383,686500.0
2016-06-02,32.048511921915754,32.048511921915754,31.227228984236536,31.6240291595459,310200.0
2016-06-03,31.61479177466579,31.845489332484956,31.273360374739728,31.80858039855957,248800.0
2016-06-06,32.01158854639248,32.602177190293816,31.725525857175512,32.1223258972168,221800.0
2016-06-07,32.31611554535311,32.34379812688667,31.891632867732827,32.10387420654297,122400.0
2016-06-08,32.25151920828312,32.72214067621057,31.937770389609696,32.60218048095703,199000.0
2016-06-09,32.50066903669863,32.842100394232205,32.38993168817563,32.7867317199707,118200.0
2016-06-10,32.574487087573246,32.68522090461818,32.23305576492204,32.30687713623047,122200.0
2016-06-13,32.62985549750045,32.83287042727721,31.808572947279266,31.845481872558594,385400.0
2016-06-14,31.624020386001742,32.140784162149636,31.337954158464743,31.559425354003906,258100.0
2016-06-15,31.6609278115006,32.22382678379536,31.6609278115006,32.0577278137207,183200.0
2016-06-16,31.707071851272953,32.094642045789776,31.32872800988809,31.974681854248047,228800.0
2016-06-17,31.845481747075553,31.854711618482426,31.005742977441315,31.19953155517578,808500.0
2016-06-20,31.49483157911889,32.0946431173495,31.393324090451998,31.80858039855957,263100.0
2016-06-21,31.8362646712452,31.919315937281155,31.005752010885622,31.439464569091797,171600.0
2016-06-22,31.43023411846569,32.15923566957747,31.181080352833145,31.863943099975586,180600.0
2016-06-23,32.28843441854395,32.28843441854395,31.59634168769933,32.06696319580078,251400.0
2016-06-24,30.43361671629384,32.22382822190001,30.369021691669612,31.55019187927246,446100.0
2016-06-27,31.190303572494805,31.457913536866684,30.599718492615313,30.72890853881836,268500.0
2016-06-28,31.024205059809233,31.836261408929637,30.904244870178587,31.660932540893555,185100.0
2016-06-29,31.983908161922983,32.69445703769255,31.77166683853705,32.34379577636719,233900.0
2016-06-30,32.6114011006933,33.49727871995934,32.242283665916744,33.48805236816406,225200.0
2016-07-01,33.52497091974301,34.05096107196232,33.21122209910646,33.61724853515625,161000.0
2016-07-05,33.672619414684384,33.78335326444216,32.45453298668638,32.96207046508789,231700.0
2016-07-06,32.823635616002385,33.58955290295468,32.63907693672294,33.46958923339844,269600.0
2016-07-07,33.46037088757922,33.76489334129684,33.17430818032776,33.70029830932617,204600.0
2016-07-08,33.99559055039966,34.807646898707205,33.99559055039966,34.59540557861328,286900.0
2016-07-11,34.81687013626282,34.964516411819574,34.503121360684105,34.57694625854492,210900.0
2016-07-12,34.650771291754836,34.75227877693965,34.34625235636567,34.43852996826172,209400.0
2016-07-13,34.4662155956691,34.84455947016452,34.272430481451686,34.50312805175781,142600.0
2016-07-14,34.70613664177349,34.86300927098168,33.92176293523782,33.958675384521484,132100.0
2016-07-15,34.014041900634766,34.13400559311385,33.811026962618584,34.014041900634766,189400.0
2016-07-18,34.650766916969154,35.96113066547944,34.613854468804966,34.964515686035156,272200.0
2016-07-19,34.92760259186752,35.25980757887131,34.7891861940591,34.89069366455078,164300.0
2016-07-20,35.00142451444687,35.53664087681776,34.25396335716407,35.10293197631836,672300.0
2016-07-21,35.10293779685269,35.20444527555547,34.263198909627434,34.540035247802734,146300.0
2016-07-22,34.567716236458146,34.90915110733777,34.39238738504567,34.76150131225586,83900.0
2016-07-25,34.61385965172936,34.743053239648894,34.05096057368111,34.327796936035156,202500.0
2016-07-26,34.3647145153089,34.77996736069329,34.004823318388105,34.152469635009766,216100.0
2016-07-27,34.25396419059294,34.38315422878562,33.7002915925773,33.820255279541016,183300.0
2016-07-28,33.820262145524346,33.97713478941578,33.70029843420633,33.884857177734375,108800.0
2016-07-29,33.85717238822743,33.85717238822743,32.70368459674859,33.063575744628906,393800.0
2016-08-01,33.01742087319677,33.01742087319677,31.393312228682063,32.75904083251953,338400.0
2016-08-02,32.57449120920735,32.82364496920718,32.49143995587408,32.67599868774414,275800.0
2016-08-03,32.62985468110972,33.22043971277723,32.47297855198053,33.0820198059082,219800.0
2016-08-04,33.05434580271692,33.063575676322294,31.697843036287303,31.80858039855957,460500.0
2016-08-05,29.067893904666576,30.276750442247234,27.831354785058263,29.81535530090332,738000.0
2016-08-08,29.64002010331446,29.796896267085668,28.32043160179588,28.486534118652344,410300.0
2016-08-09,28.218924474243483,28.615724545071817,28.20046824767411,28.477306365966797,256700.0
2016-08-10,28.449618251977494,28.698771997363306,28.237376954833614,28.615720748901367,226700.0
2016-08-11,28.624948106878268,28.96637944370957,28.47730183796489,28.680315017700195,232500.0
2016-08-12,28.615719473361178,28.947924452400954,28.19123513791232,28.32042694091797,235600.0
2016-08-15,28.394255826048582,28.772599679895453,28.237381416398705,28.458850860595703,252500.0
2016-08-16,28.458846364037978,28.652631437060894,28.329656315356033,28.615720748901367,178900.0
2016-08-17,28.560354160151743,28.597264848729388,28.28351607544847,28.468074798583984,185500.0
2016-08-18,28.532675104761463,28.60649825566309,28.32043376592963,28.5695858001709,96900.0
2016-08-19,28.55112926252938,28.55112926252938,27.923631645318217,28.10818862915039,147800.0
2016-08-22,28.098960109357442,28.43116335867267,27.840578239816715,28.348112106323242,139000.0
2016-08-23,28.47730748704468,29.667707746392658,28.348115656055754,29.566200256347656,282800.0
2016-08-24,29.206310319201464,29.704616126311006,29.206310319201464,29.621564865112305,302700.0
2016-08-25,29.686159793955223,30.147554905606366,29.667707087234678,30.138328552246094,249300.0
2016-08-26,29.935309863115286,30.249058640923344,29.852258612514188,30.04604721069336,319300.0
2016-08-29,30.073735986135382,30.553587364049918,29.999911072533624,30.35980224609375,259500.0
2016-08-30,30.378250759630536,30.719685657644114,30.2582905718405,30.5535831451416,271400.0
2016-08-31,30.55358062678257,30.895011976488743,30.221375629159326,30.802734375,358300.0
2016-09-01,30.70123289696643,31.36564302196685,30.452079100091275,31.301044464111328,339000.0
2016-09-02,31.384096006520814,31.965454871023333,31.181084537775696,31.900859832763672,344200.0
2016-09-06,31.83626587274989,32.69446114745467,31.79935341530404,32.666778564453125,450800.0
2016-09-07,32.53757398813629,33.764886382983185,32.44529639581352,33.72797393798828,464500.0
2016-09-08,33.727984074722606,34.549266861785924,33.589567644638265,34.50312805175781,540500.0
2016-09-09,34.170915723319396,34.170915723319396,31.836257934570312,31.836257934570312,481800.0
2016-09-12,31.836262113277677,32.786734899192204,31.808579533545107,32.712913513183594,271900.0
2016-09-13,32.66677407165516,32.73136910321853,31.633246526310796,31.891630172729492,241100.0
2016-09-14,31.836265666505103,32.21460955245984,31.568655632004862,32.02082443237305,148000.0
2016-09-15,32.19614331918554,32.33456323061513,31.734748307972986,32.30687713623047,194300.0
2016-09-16,32.29765658829429,32.43607652459592,31.57788136792231,31.891630172729492,723500.0
2016-09-19,31.891626861989188,32.45452586143918,31.808575612862985,32.25151443481445,137800.0
2016-09-20,32.426849253315396,32.426849253315396,31.660935166108516,32.24229049682617,184100.0
2016-09-21,32.56526789569267,32.9528381006395,31.80858019255953,32.740596771240234,185300.0
2016-09-22,33.03588740923808,33.552651172124115,33.03588740923808,33.53419494628906,148400.0
2016-09-23,33.33117755235839,33.53419250157862,32.97128997522425,33.22044372558594,186400.0
2016-09-26,33.183542627525696,33.24813767525239,32.93438879193728,33.03589630126953,136700.0
2016-09-27,33.13740018243317,33.29427636699761,32.95284141477853,33.128173828125,84000.0
2016-09-28,33.28504059543324,33.77411825092759,33.137394311501076,33.73720932006836,100800.0
2016-09-29,33.681840875279065,33.700297100918206,32.6667731062819,32.93437957763672,99100.0
2016-09-30,33.05434413547029,33.33118048685671,32.71291275276588,33.10048294067383,112600.0
2016-10-03,32.86979004007393,33.08203139013904,32.5099023803911,32.666778564453125,121100.0
2016-10-04,32.685222166613165,33.00820079903109,32.52834954642295,32.749820709228516,90800.0
2016-10-05,32.93437221250561,33.43267963283042,32.84209462511108,32.98051452636719,99500.0
2016-10-06,32.74059706500384,33.70029975276688,32.72214083791239,33.663387298583984,105500.0
2016-10-07,33.709522162921864,33.81102963996789,33.026659441245805,33.109710693359375,195300.0
2016-10-10,33.4050064867791,33.820262787559,33.4050064867791,33.635704040527344,112600.0
2016-10-11,33.63569968606152,33.63569968606152,32.20537574202469,32.48221206665039,148200.0
2016-10-12,32.666778669071256,33.17431263999723,32.41762486076235,33.128173828125,138800.0
2016-10-13,32.7129171642536,32.80519478710473,31.88240447793067,32.02082443237305,132900.0
2016-10-14,32.066951268079265,32.43606866196462,31.282581206278316,31.46713638305664,168000.0
2016-10-17,31.467140382393705,31.83625782319229,31.467140382393705,31.605560302734375,132000.0
2016-10-18,32.20537932145783,32.20537932145783,31.69784189637534,31.74398422241211,81000.0
2016-10-19,31.790124758324392,31.92854118347168,31.190309688856495,31.92854118347168,160700.0
2016-10-20,31.928536863929835,31.928536863929835,30.63663280317349,30.775049209594727,230900.0
2016-10-21,30.59049400103308,30.8211915319001,30.359796470166057,30.775049209594727,111700.0
2016-10-24,30.821182226194367,31.42099351325123,30.775039917820543,30.867321014404297,104900.0
2016-10-25,29.29858805780304,30.544353386053015,29.0217517093214,29.667705535888672,435100.0
2016-10-26,29.621561268415604,30.405934977866877,29.48314486333474,29.713842391967773,132800.0
2016-10-27,29.621566860072605,29.686161898670253,29.114032905305837,29.390871047973633,133700.0
2016-10-28,29.29858595834303,30.082956142862628,29.29858595834303,29.575422286987305,93500.0
2016-10-31,29.713844477344676,30.728912266503535,29.66770567241294,30.498214721679688,114800.0
2016-11-01,30.452075958251953,30.590495893400988,29.759983322837137,30.452075958251953,151300.0
2016-11-02,30.267519025789536,30.91347289478834,30.267519025789536,30.544355392456055,205000.0
2016-11-03,29.806123907956874,30.590497720371634,28.3757997467087,30.544355392456055,460700.0
2016-11-04,30.636633077984097,31.559423209729612,30.636633077984097,31.144166946411133,249100.0
2016-11-07,31.467148193863306,32.620636082497086,31.42100938235109,32.528358459472656,220200.0
2016-11-08,32.43607351557856,32.94360736799315,32.06695606645984,32.89746856689453,83000.0
2016-11-09,32.34379289748975,34.14323432971017,32.34379289748975,34.05095672607422,181200.0
2016-11-10,34.14323818774402,34.46621335712951,33.45114552177623,34.327796936035156,172600.0
2016-11-11,34.37393214791321,35.527419803883454,34.18937341892498,35.11216354370117,374600.0
2016-11-14,35.34285378216023,35.52741247306615,34.973739920512635,35.43513488769531,181600.0
2016-11-15,35.204448930417826,36.63477309295474,35.204448930417826,36.49635314941406,171000.0
2016-11-16,36.727050753239226,37.096168256353344,36.03495807502429,36.45021438598633,176600.0
2016-11-17,36.45021096163806,38.0189549222479,36.45021096163806,37.69597625732422,255100.0
2016-11-18,38.01895869782546,38.01895869782546,37.1884460714483,37.46528244018555,271000.0
2016-11-21,37.78826113718352,37.88053875337413,37.14230726335299,37.46528244018555,168200.0
2016-11-22,38.065101623535156,38.24966039604606,37.32687005365733,38.065101623535156,282600.0
2016-11-23,37.926681897599074,38.757194618928146,37.75135299872552,38.6649169921875,171100.0
2016-11-25,38.75718318781204,38.98788070678711,38.572624468599024,38.98788070678711,108100.0
2016-11-28,38.84946818355715,38.84946818355715,38.29579544067383,38.29579544067383,199200.0
2016-11-29,38.29579197728015,39.08016221212225,38.29579197728015,38.895606994628906,180900.0
2016-11-30,39.264724500802366,39.449283255151954,38.11123668632423,38.29579544067383,232500.0
2016-12-01,38.34193065215048,38.895606863255814,38.06509430668037,38.7110481262207,153300.0
2016-12-02,38.664905771629584,39.218578411729254,38.43420825156059,39.12630081176758,145500.0
2016-12-05,39.49541785366238,39.54155665729023,37.55755993997233,37.926673889160156,250300.0
2016-12-06,38.065090099048916,38.38806521303556,37.60369506754529,37.78825378417969,227300.0
2016-12-07,37.78826526679995,38.572635650634766,37.603706494084165,38.572635650634766,184500.0
2016-12-08,38.664906272398454,40.87960038164557,38.36961372449884,40.325927734375,232800.0
2016-12-09,40.51049002850676,40.55662883315305,39.818397398316996,39.95681381225586,140500.0
2016-12-12,39.726112251848086,39.77225105182893,38.71104457161043,39.12630081176758,86800.0
2016-12-13,39.44927555634326,39.67997307421661,38.803321802264925,38.84946060180664,119800.0
2016-12-14,38.803321454589465,39.126300088817146,37.97281250978556,38.15736770629883,155400.0
2016-12-15,38.157363641172374,38.75717852643291,37.32685478484742,37.64982986450195,336600.0
2016-12-16,37.74212232908821,38.111236314016075,36.86547089461574,37.46528244018555,580300.0
2016-12-19,37.60369874360018,38.664908827865965,37.60369874360018,37.926673889160156,209600.0
2016-12-20,37.92667402224429,38.341930296682165,37.373001336437184,38.11123275756836,183200.0
2016-12-21,38.06510166579071,38.664916797075556,37.69598412035916,38.572635650634766,116300.0
2016-12-22,38.48034649280448,38.757182808834635,38.01895145936597,38.34192657470703,113600.0
2016-12-23,38.29579920913234,38.29579920913234,37.557567639254515,38.065101623535156,68200.0
2016-12-27,38.11123266428154,38.29579139915385,37.88053512573242,37.88053512573242,67100.0
2016-12-28,38.065093725761265,38.29579126349315,37.511421043270765,37.69597625732422,68700.0
2016-12-29,37.69598041354422,38.38807310304747,37.64984160494376,38.249656677246094,158700.0
2016-12-30,38.29579149289242,38.29579149289242,37.51142126797151,38.11123275756836,294400.0
2017-01-03,38.57263197186566,38.57263197186566,37.834400471575336,38.4342155456543,135200.0
2017-01-04,38.664909761290424,39.91067509014209,38.618767436383564,39.86453628540039,158300.0
2017-01-05,39.818397302880115,39.95681371648722,39.172443478884865,39.403141021728516,90500.0
2017-01-06,39.449279512677876,39.449279512677876,38.7110480854795,38.75718688964844,111800.0
2017-01-09,38.757194326738,38.757194326738,38.20352153013663,38.38807678222656,230600.0
2017-01-10,38.34193796920408,38.80333313976048,38.111240383925875,38.38807678222656,210300.0
2017-01-11,38.38807678222656,38.89561428597124,38.157379196948355,38.38807678222656,126300.0
2017-01-12,38.34193020283066,38.34193020283066,37.18844251008506,37.88053512573242,128800.0
2017-01-13,37.926670190492516,38.572623938783146,37.926670190492516,38.15736770629883,61100.0
2017-01-17,38.20352148900717,38.3419379279256,37.51142873391766,37.60370635986328,95600.0
2017-01-18,37.78825754604187,37.92667395717362,37.32686246860586,37.51142120361328,94800.0
2017-01-19,37.51141354335796,37.92666621211901,37.37299364032804,37.557552337646484,78500.0
2017-01-20,37.649845172836095,37.972823903977336,37.373008774833444,37.60370635986328,180400.0
2017-01-23,37.41914764028443,37.926681624028696,37.188450054931046,37.280731201171875,129300.0
2017-01-24,37.60369507642957,38.203510025591875,37.557556277301245,38.15736770629883,183000.0
2017-01-25,38.29579559931826,39.449283418574836,38.29579559931826,39.034027099609375,204600.0
2017-01-26,39.126312166222355,39.44928737998043,38.572635845281035,38.6649169921875,103300.0
2017-01-27,38.75719442335055,38.75719442335055,38.018962852653225,38.572635650634766,83200.0
2017-01-30,38.157379196948355,38.434219115414834,37.465286441113754,38.38807678222656,104700.0
2017-01-31,38.341926450175016,38.341926450175016,37.280719988812024,37.74211502075195,143100.0
2017-02-01,37.83439607797943,38.20351354534281,37.09616466341772,37.142303466796875,140700.0
2017-02-02,37.14230357483372,37.972816118734535,36.91160603710183,37.69597625732422,102700.0
2017-02-03,37.972816346199124,38.249652689102675,37.76057151246914,38.11123275756836,108600.0
2017-02-06,37.926673795056104,38.0189549222479,37.465278719592334,37.69597625732422,109000.0
2017-02-07,37.742110973092075,38.11122484695949,37.46527116748607,37.64982986450195,53000.0
2017-02-08,37.46527874584215,37.742118607446436,37.0038836700551,37.32686233520508,81300.0
2017-02-09,37.28072363760376,37.926673929409226,37.00388377521275,37.88053512573242,125900.0
2017-02-10,38.01895906923217,38.57263181211549,37.742122697790506,38.29579544067383,100400.0
2017-02-13,38.43421142442674,38.664908963540555,38.01895514998887,38.11123275756836,70600.0
2017-02-14,37.926673889160156,38.11123262383661,37.46527881255157,37.926673889160156,53400.0
2017-02-15,37.69598407851334,38.388076835304894,37.557567639254515,38.065101623535156,51900.0
2017-02-16,38.11123275756836,38.341930296682165,37.69597648313048,38.11123275756836,53200.0
2017-02-17,38.11124058182568,38.24966054177769,37.73289668081144,38.203521728515625,69200.0
2017-02-21,38.157367697283746,38.43420753231771,37.695972665780126,37.78825378417969,144000.0
2017-02-22,37.83440033610124,38.554175606286314,37.69598039022005,37.97282028198242,285600.0
2017-02-23,38.065101529922956,38.29579911495279,37.14231118980361,37.60370635986328,194000.0
2017-02-24,37.23458510759306,38.06509773905684,37.00388754553817,37.83440017700195,250500.0
2017-02-27,39.034021133653724,43.18657664830125,38.57262607647067,42.3560676574707,823300.0
2017-02-28,42.44835301152314,44.247794767131694,42.44835301152314,43.41728210449219,325800.0
2017-03-01,43.92480939028107,46.13950714112088,43.92480939028107,45.63197326660156,295500.0
2017-03-02,45.53969586047971,46.1856497172581,45.44741824672508,45.7242546081543,169200.0
2017-03-03,45.5396884835629,46.13950343630071,45.40127208535284,45.8165283203125,163200.0
2017-03-06,45.63198462080477,45.954959843089675,45.26286706376553,45.447425842285156,136300.0
2017-03-07,45.401279415479856,45.86267452433602,44.98602311347624,45.12444305419922,139700.0
2017-03-08,45.26286706376553,45.6781234353932,45.198272019308554,45.447425842285156,135300.0
2017-03-09,45.40127541896012,45.770389361454015,44.89374154792788,45.30899429321289,138500.0
2017-03-10,45.7703860007444,46.13950343630071,45.5396884835629,45.8165283203125,146700.0
2017-03-13,45.954952403448296,46.370208707850175,45.40127967768936,46.0933723449707,185700.0
2017-03-14,45.631976994399665,46.23178852413542,45.3089983059278,45.7242546081543,90400.0
2017-03-15,46.001095240638016,47.24686426298315,46.001095240638016,47.01616668701172,204300.0
2017-03-16,47.29299214896557,48.354202161349754,47.06229462628769,48.123504638671875,203500.0
2017-03-17,48.53876126125614,48.53876126125614,47.33913475102835,48.40034484863281,436000.0
2017-03-20,48.261916822577646,48.63103423467107,47.246849219567515,47.84666061401367,117400.0
2017-03-21,47.9850839286355,48.44647896641084,46.462478895910955,46.50862121582031,131800.0
2017-03-22,46.41634009616638,46.554760015564895,45.40127242112654,46.50862121582031,134800.0
2017-03-23,46.55476049531042,47.90203317465848,46.46247937470553,47.75438690185547,146300.0
2017-03-24,47.80052226553089,48.52952722515717,46.9238710437164,48.446475982666016,169500.0
2017-03-27,47.84666836495948,47.84666836495948,46.64704186156852,47.708251953125,174900.0
2017-03-28,47.56982431502587,48.16963922963655,47.154568106461895,47.84666061401367,143500.0
2017-03-29,47.75439076791945,48.16964704384743,47.385273295946796,48.031227111816406,64100.0
2017-03-30,47.985084643204246,48.63103840974188,47.61596719942136,48.215782165527344,147600.0
2017-03-31,48.07736999577715,48.90788261811315,48.07736999577715,48.67718505859375,132100.0
2017-04-03,48.40034856178295,48.81560487184058,47.89281463623047,47.89281463623047,146700.0
2017-04-04,47.80052181754313,48.67717303114161,47.61596311149641,47.84666061401367,90500.0
2017-04-05,48.169650765186745,48.40034832295089,47.47755809189431,47.52369689941406,107000.0
2017-04-06,47.708251993681316,48.12350826986795,47.47755445359597,47.662113189697266,78700.0
2017-04-07,47.47754669189453,48.12350040256501,47.431407895453326,47.47754669189453,107300.0
2017-04-10,47.43141155836127,47.828211574694826,46.970016517988746,47.292991638183594,84600.0
2017-04-11,47.246860563762674,47.800533294677734,47.15457942849992,47.800533294677734,106300.0
2017-04-12,47.47754669189453,47.846660583588715,47.292987985965176,47.47754669189453,74600.0
2017-04-13,47.43141114380689,47.708247461577876,46.64703746993022,46.69317626953125,76900.0
2017-04-17,47.06229433806046,47.800525702075504,46.69317689597053,47.75438690185547,103900.0
2017-04-18,47.43141192595348,48.031223370987405,47.10843328309076,47.93894577026367,60500.0
2017-04-19,48.215785888525154,48.44648342866164,47.800529612246464,47.98508834838867,104200.0
2017-04-20,48.49263005934776,49.00016402553079,48.07737371604686,48.72332763671875,128600.0
2017-04-21,48.58490394273073,49.46155178961726,48.35420639983109,49.32313537597656,104400.0
2017-04-24,50.015227921438935,50.38434187736499,49.13857655584621,49.41541290283203,94500.0
2017-04-25,49.830669266322744,50.015228004675485,49.09243783307692,49.32313537597656,99300.0
2017-04-26,49.23085088580969,50.66117837027352,49.138573283015525,50.56889724731445,117400.0
2017-04-27,50.799598644074486,51.168716123698104,50.15364481481574,50.19978713989258,160400.0
2017-04-28,50.29206803217817,50.29206803217817,49.18471904119804,49.230857849121094,184800.0
2017-05-01,49.507694332305334,50.061367029636166,49.41541320264009,49.7383918762207,78200.0
2017-05-02,49.59997513194429,49.73839507526238,48.400348530460576,48.53876495361328,162600.0
2017-05-03,47.98508052358984,48.90787053365887,47.523685518555325,47.84666061401367,177500.0
2017-05-04,47.985084965543926,49.13857258490796,47.892807364060744,48.907875061035156,181000.0
2017-05-05,48.261924825038804,50.43048382037532,47.01615951294716,48.169647216796875,209900.0
2017-05-08,48.49262058369291,48.538759386118265,43.69411120799151,44.340065002441406,476700.0
2017-05-09,44.38620384394562,44.38620384394562,43.04816097160741,44.29392623901367,247900.0
2017-05-10,44.247794951070524,44.47849252274434,43.50956342574744,44.109375,148300.0
2017-05-11,43.87867367628435,44.10937122823134,43.32500095967769,44.063232421875,85000.0
2017-05-12,43.878673515492,43.878673515492,43.27886199472699,43.601837158203125,68500.0
2017-05-15,43.83253119491471,44.709182522846,43.64797246479785,44.61690139770508,149500.0
2017-05-16,44.70918655395508,45.216720467413396,44.47848900054991,44.70918655395508,229800.0
2017-05-17,44.70918610752388,44.70918610752388,43.601837158203125,43.601837158203125,191600.0
2017-05-18,43.55570200820607,43.7402607686128,43.09430686727203,43.46342086791992,199300.0
2017-05-19,43.50956735529423,44.84761057571465,43.371147391722374,44.755332946777344,225600.0
2017-05-22,44.8014642023171,45.35514044302205,44.66304778226484,44.98602294921875,108300.0
2017-05-23,45.03216935375516,45.355148095367525,44.70919413230869,44.755332946777344,96900.0
2017-05-24,44.66304778226484,45.12444288943632,44.52462784204727,44.98602294921875,79600.0
2017-05-25,45.26285560875315,45.355136734741635,44.939880468206006,45.17057800292969,92500.0
2017-05-26,44.93988409936696,45.30899807265039,44.93988409936696,45.032161712646484,62900.0
2017-05-30,44.98602319025412,45.40127949296645,44.52462808061049,45.355140686035156,105200.0
2017-05-31,45.447418203582096,45.77039337158203,44.93988428808277,45.77039337158203,127300.0
2017-06-01,45.908806187091486,46.60089874267578,45.72424746823605,46.60089874267578,131500.0
2017-06-02,46.647041911564045,48.123508280536605,46.647041911564045,47.98508834838867,148300.0
2017-06-05,47.98509186389399,47.98509186389399,46.508628906917245,47.06230163574219,198200.0
2017-06-06,46.83159663406616,47.33913047483588,46.600899113701296,47.24685287475586,137500.0
2017-06-07,47.246853204341186,48.12350449187596,47.246853204341186,47.93894577026367,125300.0
2017-06-08,47.89281100240795,48.677181235097024,47.689796039524374,48.35420608520508,138700.0
2017-06-09,48.40033718576306,48.86173219512178,47.89280337950137,48.446475982666016,187700.0
2017-06-12,47.75438387226328,49.092430114746094,47.75438387226328,49.092430114746094,147400.0
2017-06-13,49.27699678838996,50.52276211746691,48.67718176614392,49.7383918762207,267600.0
2017-06-14,49.92294684083554,50.365889220641364,49.230854212616016,49.6922492980957,710500.0
2017-06-15,49.41540898050301,49.92294282971925,48.86173633047892,49.18471145629883,93300.0
2017-06-16,48.723309021434424,49.41540148912572,48.723309021434424,49.3692626953125,283500.0
2017-06-19,49.59997185372097,50.56890083241179,49.33236185841475,49.507694244384766,134300.0
2017-06-20,49.5077017291319,50.107513320829185,49.27700415074856,49.6461181640625,100600.0
2017-06-21,49.87680044697657,49.96908156212993,49.507686546856945,49.5999641418457,100000.0
2017-06-22,49.50769768092975,49.73839524044916,48.52031240779995,48.67718505859375,74700.0
2017-06-23,48.907879228945134,50.84573718655426,48.7233204900859,49.83066940307617,482000.0
2017-06-26,50.015228004675485,50.430484285927875,49.23085424671762,49.32313537597656,123300.0
2017-06-27,49.46154730223116,49.46154730223116,47.9850845696912,48.30805969238281,119000.0
2017-06-28,48.58490390907658,49.73839162277578,48.30806404165666,49.6922492980957,83500.0
2017-06-29,49.69224900918466,49.69224900918466,48.123508543806516,48.35420608520508,73400.0
2017-06-30,48.308067670733095,49.32313904714331,48.07737011066242,48.86174392700195,89300.0
2017-07-03,48.81559720670552,48.81559720670552,47.892807115993996,48.123504638671875,53300.0
2017-07-05,48.031223370052174,48.47416218981416,47.246853203421225,48.30805969238281,77100.0
2017-07-06,47.93894949301422,47.93894949301422,47.246856873346545,47.708251953125,73300.0
2017-07-07,47.754394847706564,48.98170755472798,47.61597490384995,48.95402145385742,68300.0
2017-07-10,48.8617399722489,48.954017580742274,48.35420608520508,48.35420608520508,65700.0
2017-07-11,48.261920965959,48.86173593206498,47.89280704234094,48.215782165527344,62000.0
2017-07-12,48.67717348734538,49.18470729360706,47.89280337950137,48.446475982666016,67400.0
2017-07-13,48.44648342866164,48.677180968798126,47.385273335967774,47.98508834838867,54600.0
2017-07-14,47.93895717352274,48.492629949897164,47.84667603068323,48.261932373046875,52600.0
2017-07-17,48.1235084126759,48.44648356168778,47.985088480147894,48.169647216796875,56900.0
2017-07-18,48.07736964435622,48.07736964435622,47.016162990423084,47.200721740722656,122100.0
2017-07-19,47.43141207063823,48.400340961852365,47.20071454796035,48.123504638671875,101700.0
2017-07-20,48.07736217134927,48.07736217134927,47.20071440397932,47.93894577026367,55700.0
2017-07-21,48.40034833742181,48.40034833742181,47.15457941302373,47.200721740722656,90900.0
2017-07-24,47.24684886361144,47.47754636439063,47.01615136283225,47.108428955078125,62200.0
2017-07-25,47.43141951842542,47.89281463623047,47.24686076727032,47.89281463623047,73100.0
2017-07-26,47.892818470282606,48.76946644815981,47.569839749863824,48.72332763671875,102700.0
2017-07-27,49.00016391493466,49.599979022811674,48.16965475037303,48.261932373046875,100500.0
2017-07-28,48.21578256312747,48.81559753417969,47.662109913052234,48.81559753417969,64900.0
2017-07-31,49.000164240555996,50.015235697542124,48.30807150540597,49.6461181640625,108000.0
2017-08-01,50.01522857208426,50.84573762384578,49.4154135456744,50.66118240356445,150000.0
2017-08-02,50.707320633374415,50.707320633374415,48.90787909472417,49.32313537597656,76400.0
2017-08-03,49.50769017260076,49.69224537609435,49.000152802498796,49.4615478515625,88200.0
2017-08-04,50.56890244314414,55.36741220493853,49.646112239728495,54.16778564453125,335500.0
2017-08-07,54.81373907230143,54.933699263310245,52.18378490055463,53.01429748535156,143000.0
2017-08-08,53.42955024892901,54.99829066301233,53.152710392170775,54.029361724853516,121300.0
2017-08-09,53.70638654648027,54.213920416559745,53.38340788721879,54.07550048828125,93900.0
2017-08-10,53.84480671661361,53.983226654563204,53.42955394309532,53.47569274902344,100200.0
2017-08-11,53.106575094959595,53.798667742209716,52.22992370440973,53.33727264404297,131700.0
2017-08-14,53.52182827476693,54.90601348876953,53.24499193599942,54.90601348876953,97000.0
2017-08-15,54.81373192536781,55.36740456293121,54.39847568711287,54.72145080566406,109000.0
2017-08-16,54.90601702079392,54.90601702079392,53.660251656119314,53.93708801269531,81200.0
2017-08-17,53.614112652914955,53.7156201446562,52.73746472278344,52.922019958496094,124800.0
2017-08-18,52.46061323865497,52.875869467596,51.59319185388406,52.09149932861328,168500.0
2017-08-21,51.99922582693854,53.152713565070854,51.72238947381983,52.41448211669922,170900.0
2017-08-22,52.50676337459938,52.50676337459938,51.49169205049345,52.276065826416016,127800.0
2017-08-23,52.04537148195483,52.599044223610875,51.03030009536483,51.076438903808594,90800.0
2017-08-24,51.35328252420848,51.37173523279372,50.52276983124502,50.615047454833984,76500.0
2017-08-25,50.799598518482,50.799598518482,49.84912576302404,50.33820343017578,102400.0
2017-08-28,50.0613708048077,50.24592955789077,49.41541692909968,50.10750961303711,167500.0
2017-08-29,49.87680837822902,50.15364472738153,49.46155209441768,49.96908950805664,122700.0
2017-08-30,49.92293613371282,51.21484350404271,49.92293613371282,50.70730972290039,126300.0
2017-08-31,51.03028992234364,53.33726508628472,51.03028992234364,53.24498748779297,199100.0
2017-09-01,53.33727226443763,53.484918553993566,51.999225785243986,52.46062088012695,100800.0
2017-09-05,52.645175247065986,52.96815389874223,50.66117861604727,50.984153747558594,196200.0
2017-09-06,51.260983249009335,52.69130702971479,51.21484445353453,52.32219314575195,99000.0
2017-09-07,52.368343353271484,52.87587725442433,52.22992341651834,52.368343353271484,71600.0
2017-09-08,52.368336072175396,53.641787344686755,52.137638556438944,53.060428619384766,88300.0
2017-09-11,53.19885622865813,53.65102145358572,52.70054867777997,53.01429748535156,64800.0
2017-09-12,53.24499149861804,53.79866417160492,52.78359643107398,53.70638656616211,72300.0
2017-09-13,53.79866417160492,53.79866417160492,53.10657157028882,53.70638656616211,128200.0
2017-09-14,53.75252910178927,54.53689936301967,53.27267777579982,53.798667907714844,139500.0
2017-09-15,54.0755005476961,54.72145434676381,53.29113034036283,53.660247802734375,412700.0
2017-09-18,53.93708408016776,54.58303787852573,53.79866415188926,54.07550048828125,232900.0
2017-09-19,54.029365897498,55.44123730744169,54.029365897498,55.2289924621582,327700.0
2017-09-20,55.36740099535826,55.36740099535826,54.675308482916286,55.13670349121094,124100.0
2017-09-21,55.090576294072456,55.36741265330593,55.090576294072456,55.2751350402832,88400.0
2017-09-22,55.18285005896688,55.36740879230758,54.99829132562618,55.32126998901367,122600.0
2017-09-25,55.35818226422533,55.36740861678884,55.04443347459026,55.1828498840332,218200.0
2017-09-26,55.32126678840935,57.674380821910326,55.256671763502005,56.751590728759766,225400.0
2017-09-27,57.44368435442448,59.93521483559289,57.44368435442448,59.05856704711914,438200.0
2017-09-28,59.842941181278746,60.535033809528684,56.059502888245134,58.96629333496094,765600.0
2017-09-29,59.05856384189917,59.889076303991764,58.735588728954674,59.79679870605469,155300.0
2017-10-02,59.704521869128016,61.31940468518992,59.42768903914419,61.22712707519531,181300.0
2017-10-03,61.59624844876568,61.826946008498886,60.39661832202069,61.78080368041992,185000.0
2017-10-04,61.96534591044138,61.96534591044138,59.70450633209951,59.981346130371094,160500.0
2017-10-05,59.98135742147048,60.48889480039947,59.65838228957468,60.16591262817383,119700.0
2017-10-06,60.07362435451193,61.82692666809067,59.98134676755065,60.811859130859375,154700.0
2017-10-09,60.81187429932138,60.95029423445404,59.93521940370143,60.258201599121094,69400.0
2017-10-10,60.7195808988763,60.7195808988763,59.70450633209951,59.981346130371094,71500.0
2017-10-11,59.98135742147048,60.85800521380618,59.84293749627803,60.16591262817383,126800.0
2017-10-12,60.11979254882942,60.673465349273584,59.93523025512695,59.93523025512695,84900.0
2017-10-13,60.165920360636825,60.165920360636825,59.56611234159928,59.750667572021484,95500.0
2017-10-16,60.02749974331124,60.58117240375115,59.889079818118795,60.16591262817383,78300.0
2017-10-17,60.765731807033006,61.73466430996626,60.396614327804606,60.44275665283203,149700.0
2017-10-18,60.81187387722267,61.13484903007019,60.350478790203276,60.39661407470703,69600.0
2017-10-19,60.21205910835557,60.90415174178494,59.566108799953625,60.44275665283203,104800.0
2017-10-20,61.1809996417016,61.1809996417016,60.62731983001967,60.7196044921875,84500.0
2017-10-23,61.13484506419106,61.13484506419106,60.16591262817383,60.16591262817383,156200.0
2017-10-24,60.21206301340076,61.088710923134045,59.98136545396244,60.02750778198242,113500.0
2017-10-25,60.16592019713376,60.25820485242483,58.87401598686223,59.612247467041016,176300.0
2017-10-26,59.98136165420051,61.22712698818322,59.88908404433705,60.996429443359375,89900.0
2017-10-27,61.550102570243155,61.734664831581945,60.44275716353198,61.50396728515625,102900.0
2017-10-30,61.87307698997166,62.28832970520791,61.2271197169792,62.01148986816406,116000.0
2017-10-31,62.61130593526494,64.45688610750756,62.565170655156656,64.31846618652344,149000.0
2017-11-01,64.50302839104022,64.82600351293196,63.718658226351806,63.99549102783203,164400.0
2017-11-02,63.94935498795282,63.995490267486566,61.826935000173265,61.965354919433594,213800.0
2017-11-03,60.996421223460004,63.34953867968845,58.643307287396254,59.842933654785156,320400.0
2017-11-06,59.842933984858504,60.627304127817844,58.781727527923216,59.79679870605469,223300.0
2017-11-07,59.79680906379564,59.79680906379564,56.38248102607326,56.890018463134766,219300.0
2017-11-08,56.520896668403104,56.520896668403104,55.219762698149324,55.78266525268555,273500.0
2017-11-09,55.50582518864379,56.47475407679049,55.34894904323375,56.05949783325195,320200.0
2017-11-10,55.78266228544808,59.243121642542214,55.73652348445094,57.99735641479492,227500.0
2017-11-13,57.67438888549805,58.597179107666015,57.07457383302273,57.67438888549805,258100.0
2017-11-14,58.08964678006448,62.14992175667909,57.83126311707019,62.10378646850586,404000.0
2017-11-15,62.05763274384937,62.980422821824824,61.22712026560554,62.42675018310547,340200.0
2017-11-16,62.472893594659226,64.41075864291567,62.472893594659226,63.48796844482422,187100.0
2017-11-17,63.21112082661062,64.77986115508078,63.21112082661062,63.672515869140625,124600.0
2017-11-20,63.7186589124027,65.02901915837462,63.48796138852048,64.96442413330078,131100.0
2017-11-21,65.05671016525552,66.99456820892041,65.01056783836778,66.94843292236328,178300.0
2017-11-22,67.31755115652363,69.25541646449238,66.94844066008334,67.96350860595703,199500.0
2017-11-24,68.33261069696371,68.65558582851004,67.31753594020402,67.73279571533203,75100.0
2017-11-27,67.64051831748175,68.240326260605,67.31753614462478,68.1941909790039,198200.0
2017-11-28,68.51717442761918,71.42396505382675,68.12037434797395,70.91642761230469,226300.0
2017-11-29,70.96255517730704,72.01453525513317,70.87027758177179,71.4239501953125,193200.0
2017-11-30,72.02377280034247,72.1621856882275,70.36274774242214,71.10098266601562,204700.0
2017-12-01,70.87030024390552,71.93150349239473,68.51718208349139,70.63960266113281,232300.0
2017-12-04,71.74694824230916,73.26955369667527,70.22434278794306,70.63960266113281,237300.0
2017-12-05,69.39381385449052,71.10098120006094,68.37874613572558,68.60944366455078,230300.0
2017-12-06,68.2403186880952,69.9013435286705,67.96348590821871,68.51715850830078,136500.0
2017-12-07,68.42490355701412,68.7478787605747,66.76387816680055,67.04071807861328,323700.0
2017-12-08,67.64051740183882,68.05577013227675,66.16404760399341,66.44088745117188,204600.0
2017-12-11,66.76386983479233,66.76386983479233,65.33354924314504,65.61038208007812,291900.0
2017-12-12,65.56422342760638,66.10866607443852,64.3184514642322,64.41073608398438,160300.0
2017-12-13,64.2723347631027,64.50303229847613,63.02656948015221,63.58024215698242,226100.0
2017-12-14,63.810943998856175,66.92997235308441,63.67252406022436,65.61038208007812,254500.0
2017-12-15,65.79492996509958,68.00962033785075,65.79492996509958,67.22525024414062,378200.0
2017-12-18,67.68666130269335,69.48610645785264,67.68666130269335,69.30154418945312,174000.0
2017-12-19,69.25540078225346,69.30153606369588,66.30246819707502,67.40982055664062,200000.0
2017-12-20,67.96349339997214,69.48609849828448,67.66820084468907,68.60944366455078,120800.0
2017-12-21,69.02469595566171,69.39380632949218,68.51715863115118,69.1631088256836,96800.0
2017-12-22,69.16312418184744,69.67066161904559,68.42489622994998,68.74787139892578,66600.0
2017-12-26,68.65559393736301,69.30154427674832,67.68666138795437,69.20926666259766,81900.0
2017-12-27,69.43997212394339,70.45504007582844,69.25541687463028,70.36276245117188,110700.0
2017-12-28,70.4550092520612,70.59342914865366,69.62449691283489,70.31658935546875,113700.0
2017-12-29,70.54730972325781,70.59345205053421,69.43996427193072,70.0859146118164,96600.0
2018-01-02,71.0548318290081,71.37780692925594,68.93241195824373,69.9013442993164,151300.0
2018-01-03,69.8551953333078,72.11603490051844,69.8090600607087,71.6084976196289,117100.0
2018-01-04,72.02377208744478,72.02377208744478,69.43995692077243,69.48609924316406,97800.0
2018-01-05,69.76293946448111,70.22433457607202,68.24033418816492,69.4399642944336,276700.0
2018-01-08,69.85521693554941,70.03977920400588,67.87122359203963,68.65559387207031,166800.0
2018-01-09,68.56330933654404,70.73186472959472,68.14804955468543,70.27046966552734,133700.0
2018-01-10,69.67067667450837,69.85523194228148,67.27142299179702,67.31755828857422,208200.0
2018-01-11,67.54824091287,68.84014862176403,67.54824091287,67.5943832397461,149600.0
2018-01-12,68.2403257662137,68.2403257662137,66.90228292386826,67.36367797851562,177600.0
2018-01-16,68.2403256303495,68.79400532708785,66.7177275853085,66.81000518798828,304000.0
2018-01-17,67.502106181315,69.25540901206291,66.94843345590267,68.56331634521484,334900.0
2018-01-18,68.70172891724144,69.20926635329788,68.14805619448117,68.2864761352539,219100.0
2018-01-19,68.47103160361384,69.7629393214865,68.37875398955093,68.65559387207031,216000.0
2018-01-22,69.2092665967784,69.2554089239752,68.05577882016544,68.65559387207031,93300.0
2018-01-23,68.42489574560587,68.42489574560587,67.36368559191371,68.00963592529297,60200.0
2018-01-24,68.19420588686941,68.84938616760407,67.31755086084563,67.6866683959961,107700.0
2018-01-25,67.82507331858386,67.91735092183569,66.48703047060768,67.73279571533203,127500.0
2018-01-26,68.10192827111582,68.47103876597798,67.59439078018326,68.24034118652344,138400.0
2018-01-29,68.47102350455259,68.84014095747399,67.2714005829703,67.8250732421875,209800.0
2018-01-30,67.08683861562973,68.56330843346197,65.70265344165941,68.1941909790039,195400.0
2018-01-31,68.65557695285972,69.90134203653415,66.07176215385955,66.39473724365234,221900.0
2018-02-01,66.25633961454916,67.22526510676222,65.5642469599696,65.7488021850586,148300.0
2018-02-02,65.42583385149396,65.5181114736723,61.088715205798565,61.64239501953125,273500.0
2018-02-05,60.719603578393745,61.36555396185981,57.58211520084897,58.13578796386719,270800.0
2018-02-06,56.751596104015,61.04257185165294,56.19792340374922,60.904151916503906,228100.0
2018-02-07,60.58118036930552,61.50397060481564,59.51997019040273,59.56611251831055,213700.0
2018-02-08,59.42769130537274,59.4461440119432,56.75159827149622,56.843875885009766,354600.0
2018-02-09,57.99736419565985,59.10471668914182,57.21299391298347,58.45875930786133,368100.0
2018-02-12,58.78173026520215,58.78173026520215,56.474755007699436,57.812801361083984,164700.0
2018-02-13,57.48982209924725,57.76665842315945,56.24405688155992,56.751590728759766,137100.0
2018-02-14,56.013359748977656,57.443683699304884,55.90262592267335,57.35140609741211,194900.0
2018-02-15,58.043499334062744,59.24312225300946,56.6131718472584,59.05856704711914,303200.0
2018-02-16,59.47382544373558,64.77986908212564,59.38154783200359,64.45689392089844,365400.0
2018-02-20,63.76480340913615,63.949365679115196,59.658389706649764,59.704524993896484,252000.0
2018-02-21,59.70452161264311,61.50396668129435,59.10471363008969,60.5350341796875,270500.0
2018-02-22,60.58118023376642,61.41169285193356,60.239745312872486,60.627315521240234,289300.0
2018-02-23,60.950290878784045,61.45782122588748,60.350475886452735,61.411685943603516,228800.0
2018-02-26,61.50396778633829,63.118850624477474,61.457825460544996,62.888153076171875,304800.0
2018-02-27,62.657462978357216,64.13392605501063,62.472900693568484,62.74974060058594,397600.0
2018-02-28,57.90507354097885,58.874002354364706,49.46154348112089,55.13670349121094,1787300.0
2018-03-01,54.952158778607426,56.52090291035653,50.64272999332578,51.2609977722168,747500.0
2018-03-02,51.03029346617306,53.567966322738464,50.430481993992956,53.38340759277344,527200.0
2018-03-05,52.96816237882902,53.3372763710556,51.491695849426236,52.829742431640625,452700.0
2018-03-06,52.96814839237514,55.32126223207026,52.64516977427453,55.0905647277832,429300.0
2018-03-07,54.53690049376629,57.53596870325792,54.029366577731544,57.30527114868164,436200.0
2018-03-08,57.58209847811638,57.58209847811638,54.075493596821396,55.0905647277832,426900.0
2018-03-09,55.7365305182468,57.58211095235875,55.044437855454824,57.0745735168457,304900.0
2018-03-12,57.02843475341797,57.85894735746639,56.65932077841392,57.02843475341797,194100.0
2018-03-13,58.59716808842678,59.84293324602037,57.489819326029874,58.82786560058594,168700.0
2018-03-14,59.38154945502879,59.38154945502879,57.812808891716436,58.22806167602539,184400.0
2018-03-15,58.50490092793869,58.827876094509094,56.24406420144999,56.38248062133789,169700.0
2018-03-16,56.29019929322084,56.890014300312984,56.01336295154948,56.61317443847656,428200.0
2018-03-19,56.1056439560267,56.290202701704686,54.167785926821004,54.81373977661133,275300.0
2018-03-20,54.906013528475576,55.45968620641099,54.39847965367393,54.8598747253418,117200.0
2018-03-21,54.67531270156672,56.84386799980766,54.44461517961918,56.05949783325195,148300.0
2018-03-22,55.18285349901332,56.79773635612588,54.39848323362476,54.44462203979492,136400.0
2018-03-23,54.72145835851453,55.27513459266307,53.98322689981507,54.16778564453125,261900.0
2018-03-26,55.73652668907687,56.65931684273599,54.998291750017515,56.520896911621094,173200.0
2018-03-27,56.65931640552745,56.65931640552745,54.95215252233226,55.32126998901367,205200.0
2018-03-28,55.275130913997046,55.967223520498685,54.62917711056251,54.952152252197266,414000.0
2018-03-29,55.27513491135517,56.01336637431095,54.72145867401437,55.413551330566406,209800.0
2018-04-02,55.13671423296399,55.13671423296399,52.829738742044995,53.01429748535156,243200.0
2018-04-03,53.33727598048926,53.33727598048926,51.122581482850585,51.72239303588867,266400.0
2018-04-04,50.753461223537634,54.72145839698116,50.753461223537634,54.44462203979492,245500.0
2018-04-05,54.85987526111463,56.890014300312984,54.62917772302766,56.61317443847656,221000.0
2018-04-06,56.01336626139997,57.02843408089735,53.79866835683171,54.58304214477539,352100.0
2018-04-09,54.952151780020046,54.952151780020046,53.29113024272147,53.42955017089844,192800.0
2018-04-10,54.72146136157548,54.72146136157548,51.537834281044084,51.72239303588867,412900.0
2018-04-11,51.353271484375,52.59903673584213,51.07643163279125,51.353271484375,344200.0
2018-04-12,51.53783351172254,51.53783351172254,48.8156051190209,48.86174392700195,413300.0
2018-04-13,49.27699593960032,49.27699593960032,47.33913449199149,48.031227111816406,735300.0
2018-04-16,48.72332035637143,49.738391657228945,47.98508892312561,49.32313537597656,384400.0
2018-04-17,49.876805083399695,51.47323156222428,49.599968752534814,51.12257385253906,203900.0
2018-04-18,51.399417741776126,51.81467405922007,50.50431007085979,51.53783416748047,184700.0
2018-04-19,51.44555303708612,52.091506873423384,50.79959920074886,51.860809326171875,346100.0
2018-04-20,51.58396872912525,51.999221463878406,50.79959502091002,50.984153747558594,187500.0
2018-04-23,52.69131880452376,54.58304152320953,52.23915357959617,53.01429748535156,163300.0
2018-04-24,53.383407730739634,53.983222724634906,52.968154987451356,53.56796646118164,228500.0
2018-04-25,53.660251656119314,54.72145827635483,52.96815900459671,53.93708801269531,215500.0
2018-04-26,54.02936574393292,55.04443708050283,53.244995478544354,54.44462203979492,151000.0
2018-04-27,54.49075336242803,55.22898472026076,54.121639443594056,54.998287200927734,149100.0
2018-04-30,54.99828650028934,55.04442881969996,53.198848688547095,53.24498748779297,241700.0
2018-05-01,53.15270278989557,54.0754927933324,52.552891399760334,53.75251770019531,348800.0
2018-05-02,53.7525208930738,54.398474637881876,52.46061340345764,52.645172119140625,297900.0
2018-05-03,53.01430486715736,53.33728007279156,51.24254561294274,52.69132614135742,455600.0
2018-05-04,52.41448260895632,54.12164658952431,51.583973541800354,53.798667907714844,291400.0
2018-05-07,53.42954336858654,55.551959702709034,52.894323469285766,55.13670349121094,232500.0
2018-05-08,55.321270177841434,56.65931659892236,55.321270177841434,55.78266525268555,124400.0
2018-05-09,56.01335903289541,56.659312798381485,54.90601022351426,56.05949783325195,161000.0
2018-05-10,56.47475767218674,56.61317408206848,55.136711255672964,55.32126998901367,168200.0
2018-05-11,55.18284584368848,56.24405583921058,54.62917320612509,54.72145080566406,259300.0
2018-05-14,55.09057242824461,55.87494264439266,54.979838596354725,55.69038391113281,141700.0
2018-05-15,55.090567461898516,55.090567461898516,53.01428982027042,53.060428619384766,231300.0
2018-05-16,53.245002746869304,53.96477807784109,52.55290999934544,53.5218391418457,189000.0
2018-05-17,53.33727324248266,55.413551207528684,53.33727324248266,55.2289924621582,189900.0
2018-05-18,55.413540905208194,57.489818484238874,55.413540905208194,57.212982177734375,229600.0
2018-05-21,57.67438122420169,57.95121755004488,56.751591124614464,57.35140609741211,104700.0
2018-05-22,57.02843054669861,57.02843054669861,55.73652644923415,55.78266525268555,104400.0
2018-05-23,55.55197194028824,57.07457369097677,55.55197194028824,56.890018463134766,140700.0
2018-05-24,56.61317428980242,57.12071168839295,55.59810653295149,56.10564041137695,133300.0
2018-05-25,55.96723565123532,57.39755997732437,55.96723565123532,56.982303619384766,154600.0
2018-05-29,56.197925550084335,57.305270992908106,56.197925550084335,56.843875885009766,233800.0
2018-05-30,57.39754826163027,57.76666221099487,56.42861930432121,56.520896911621094,169700.0
2018-05-31,56.336338069756636,57.02843068368526,55.45968672141404,55.96722412109375,162700.0
2018-06-01,57.85894308948403,57.85894308948403,55.18285024732218,55.78266525268555,269900.0
2018-06-04,56.01336338485675,57.21298988815603,56.01336338485675,57.12071228027344,140200.0
2018-06-05,57.12070864132439,57.76665889568168,56.61317126980813,57.62824249267578,182100.0
2018-06-06,57.9512174743446,58.45875132442162,56.548576102384466,57.44368362426758,127300.0
2018-06-07,57.44369154321182,58.874015688849084,57.44369154321182,58.689456939697266,141200.0
2018-06-08,58.50490216584472,59.98136513021462,58.366482222862686,59.750667572021484,163700.0
2018-06-11,59.750663834417225,60.25820124682625,58.96629359369171,59.335411071777344,131500.0
2018-06-12,59.28927249887649,60.76573546432322,59.012436132875905,60.627315521240234,140600.0
2018-06-13,60.62731462941533,60.62731462941533,56.890018463134766,56.890018463134766,278600.0
2018-06-14,57.25912097545769,57.39754088879225,56.52088965139082,57.212982177734375,178300.0
2018-06-15,56.79774095139513,57.535972470340774,55.92108948257474,56.19792938232422,288400.0
2018-06-18,55.828803688595414,56.56703509945292,54.76759361537428,55.1828498840332,215200.0
2018-06-19,55.36740907461793,56.33633802939073,54.536896530432635,56.013362884521484,185500.0
2018-06-20,56.01335903289541,56.84386799980766,54.536892780332266,56.05949783325195,96000.0
2018-06-21,56.01335474493145,56.01335474493145,54.85986722349614,55.0905647277832,98900.0
2018-06-22,55.1828415014895,55.1828415014895,53.33726149461584,53.75251770019531,275600.0
2018-06-25,53.42955377577546,53.75252893642609,52.65440987004872,53.33727264404297,144800.0
2018-06-26,53.75253312616345,55.13671852855393,53.75253312616345,54.767601013183594,123500.0
2018-06-27,54.9982906230312,54.9982906230312,54.02936168557675,54.07550048828125,166700.0
2018-06-28,53.752525505888286,54.352340503290385,53.42955036585024,53.89094543457031,204800.0
2018-06-29,54.21392360473314,54.21392360473314,52.18378448486328,52.18378448486328,162500.0
2018-07-02,52.18378040063218,52.18378040063218,50.66117882002208,51.44554901123047,195400.0
2018-07-03,51.491691235732446,51.90694751992488,50.24592590332031,50.24592590332031,169200.0
2018-07-05,50.661186107649286,51.44555641168959,50.29206859976829,51.076438903808594,233000.0
2018-07-06,51.0764355948089,52.506763205059514,50.84573804737044,51.81467056274414,100800.0
2018-07-09,52.229923666342195,52.96815863900312,51.90694850592696,52.73746109008789,94900.0
2018-07-10,52.78360318999181,53.10657837056348,50.89188387486029,51.768531799316406,250400.0
2018-07-11,51.90694386063658,52.599036445445066,50.89187614431677,50.984153747558594,138900.0
2018-07-12,51.21484728702954,51.583964711578496,49.92293982127285,50.799591064453125,103000.0
2018-07-13,50.66117869208736,51.399410079624815,50.66117869208736,50.891876220703125,110600.0
2018-07-16,50.93801469882091,50.93801469882091,50.1997833159729,50.56889724731445,121700.0
2018-07-17,50.47662058511081,52.69131477492384,50.015225522212475,52.599037170410156,220000.0
2018-07-18,52.41448608605404,53.38341515542924,51.39941820769249,53.15271759033203,130100.0
2018-07-19,53.152718043728036,54.95215977086876,52.737465239143305,54.767601013183594,260600.0
2018-07-20,55.090571648185964,55.090571648185964,53.47568891531716,53.84480285644531,171000.0
2018-07-23,53.70638616704887,53.798663771805934,52.22991984978106,52.78359603881836,149600.0
2018-07-24,52.96816557817522,53.29114078090228,50.43049220765606,50.615047454833984,175000.0
2018-07-25,50.75344763069509,51.16870381534274,48.30805283678678,49.3692626953125,158400.0
2018-07-26,49.32313949407661,50.61504373007951,49.05552947713003,50.52276611328125,171800.0
2018-07-27,50.5688965288864,50.615035329627986,48.631038736420756,48.907875061035156,128000.0
2018-07-30,49.046299157373404,50.10750574540044,49.046299157373404,49.507694244384766,134700.0
2018-07-31,49.59996819688198,50.93801455459829,49.36927067038486,50.38433837890625,112100.0
2018-08-01,50.38434201623476,50.66118188414875,49.36927423443396,49.92294692993164,134300.0
2018-08-02,49.32312720448051,50.01521971851859,48.26191727488961,48.446475982666016,241600.0
2018-08-03,48.031234604863954,48.677188521504725,46.64704914927614,46.73933029174805,209300.0
2018-08-06,46.73931950260459,48.30805984068231,46.32406325775143,48.123504638671875,241800.0
2018-08-07,48.12350502540966,50.107501624284644,48.12350502540966,49.4615478515625,158900.0
2018-08-08,49.230857674837054,49.230857674837054,48.40034857466613,48.49262619018555,144300.0
2018-08-09,48.49262630694515,49.18471898550335,48.123512323813344,48.67718505859375,225600.0
2018-08-10,48.215781489029304,48.40034020833127,46.73931877494312,46.83159637451172,222700.0
2018-08-13,46.87773822926573,47.80052836574799,45.17057788483955,45.30899429321289,186300.0
2018-08-14,45.44741404288178,45.63197277348486,44.432346304812356,44.478485107421875,406500.0
2018-08-15,44.15551058482945,45.40127949296645,43.74025780228244,45.355140686035156,235900.0
2018-08-16,45.585834440789455,46.87773852799839,45.585834440789455,46.0010871887207,88300.0
2018-08-17,45.724254486931386,46.14873714134183,45.4474181262361,45.539695739746094,108600.0
2018-08-20,45.58584101574655,45.58584101574655,41.56247485151832,41.710121154785156,368500.0
2018-08-21,42.263787211815654,44.801460067024905,41.66397573995609,44.340065002441406,363600.0
2018-08-22,44.201648433726454,44.66304349662479,43.60183344389263,43.8325309753418,267100.0
2018-08-23,43.78638803057959,43.78638803057959,42.771316876137256,43.094295501708984,257000.0
2018-08-24,43.325004437739054,44.155513579320974,42.90974810686531,43.46342086791992,333200.0
2018-08-27,43.50956373856246,45.26286318378956,43.50956373856246,44.66305160522461,148500.0
2018-08-28,44.66304345710158,44.66304345710158,43.78639213433751,43.87866973876953,164200.0
2018-08-29,43.83253483292873,44.155509997315775,43.14044217767196,43.78639602661133,133800.0
2018-08-30,43.647983417706236,44.06323978463122,43.048171794517586,43.23272705078125,133400.0
2018-08-31,42.95588302612305,43.555698063074246,42.72518547655186,42.95588302612305,105900.0
2018-09-04,42.86360549926758,43.048164243323164,42.11614416991681,42.86360549926758,111200.0
2018-09-05,42.86360593947873,44.063232507912396,42.309929701625684,43.97095489501953,112200.0
2018-09-06,43.92480843975663,44.570762229787015,43.417274576220244,43.647972106933594,133900.0
2018-09-07,43.4634246412767,43.786403380069856,42.72519305572443,43.23272705078125,232400.0
2018-09-10,43.325004437739054,44.017097149140106,43.27886562767876,43.46342086791992,84300.0
2018-09-11,43.23272009237316,45.49355681937476,43.23272009237316,45.032161712646484,144700.0
2018-09-12,45.078293782584936,46.739318734707986,45.078293782584936,46.50862121582031,184400.0
2018-09-13,46.508631983062756,46.83160717621177,44.29393388094906,44.570770263671875,143300.0
2018-09-14,44.524623910031394,45.124438904450145,44.01709004099668,44.478485107421875,155600.0
2018-09-17,44.478492016226525,44.478492016226525,41.4332848088439,42.2637939453125,233200.0
2018-09-18,42.26379038002876,43.37113932207216,41.94081521867517,42.63290786743164,155000.0
2018-09-19,42.448345749083416,44.29392599904356,42.35606814465139,43.87866973876953,255000.0
2018-09-20,44.24778657944205,44.29392538101429,41.940811299180886,42.125370025634766,282200.0
2018-09-21,41.98695348116089,42.402209769073544,40.695045812136016,41.617835998535156,561800.0
2018-09-24,41.47941945033539,41.89467573692318,40.41820933129606,40.78732681274414,344500.0
2018-09-25,40.833461357552814,41.433276322283355,40.00294887102818,40.233646392822266,393700.0
2018-09-26,39.77225412477738,40.09523278992736,37.188442404402934,37.32686233520508,426800.0
2018-09-27,37.096164471721686,37.51142074031837,36.58863059684353,36.680908203125,212300.0
2018-09-28,36.5425034747459,37.742133976425976,35.75813293457031,35.98883056640625,293800.0
2018-10-01,36.19182775846028,36.59785412297259,35.259807814237675,35.7212028503418,214300.0
2018-10-02,35.804253748741885,35.90576121892198,34.98297115570614,35.029109954833984,238900.0
2018-10-03,35.241359804501066,35.36132352749566,34.364711847704164,35.14908218383789,310000.0
2018-10-04,34.89070274770688,35.785806951085846,34.53081157131852,35.1306266784668,209300.0
2018-10-05,35.1306163696326,35.1306163696326,32.943604971158585,34.30933380126953,279600.0
2018-10-08,34.08787209397434,35.4997436334013,33.74644067183358,35.28750228881836,323500.0
2018-10-09,34.9183750838888,35.333631303893895,34.27242135501027,34.30933380126953,315000.0
2018-10-10,34.290886410992705,34.89992785049253,33.543425022447934,33.6264762878418,271300.0
2018-10-11,33.46959207585395,34.45697704566553,32.98051452636719,32.98051452636719,213800.0
2018-10-12,33.801794385510455,33.801794385510455,32.45451848158075,32.75904083251953,280900.0
2018-10-15,32.36224902634165,33.432685418104995,31.051888753736932,31.71629524230957,651600.0
2018-10-16,32.18691779125476,34.16168792653766,31.854712811456764,33.55264663696289,391600.0
2018-10-17,31.743982701972815,32.11309665143082,30.036818805172388,30.7565975189209,341400.0
2018-10-18,29.713848001044667,30.95961348275997,28.855652750915247,29.390871047973633,326500.0
2018-10-19,29.464689076753086,29.5938791314822,28.274288966466248,28.348112106323242,290100.0
2018-10-22,28.4773046306049,28.689545942971126,27.582197057445754,28.006681442260742,283900.0
2018-10-23,27.591428610703655,28.846423936114064,27.591428610703655,28.5695858001709,459500.0
2018-10-24,28.477303172566682,29.00329325023165,27.305359318070998,27.388410568237305,350900.0
2018-10-25,27.729844432432323,29.575424807571448,27.600654369399017,28.864877700805664,628500.0
2018-10-26,28.329658592330556,28.671089965598664,27.22230969722402,27.628337860107422,284300.0
2018-10-29,28.20046194677253,28.20046194677253,27.25921748311346,27.50836944580078,321900.0
2018-10-30,27.50837113961141,28.597263689801327,26.98238108809853,28.403478622436523,947400.0
2018-10-31,28.818737505114946,29.00329624902974,27.58219849710063,28.10818862915039,377500.0
2018-11-01,28.265057099107885,33.7002914293355,28.145095172807522,32.5560302734375,1080700.0
2018-11-02,28.744912397632707,32.952834926909134,28.182011611269356,32.4453010559082,651000.0
2018-11-05,32.35302007964957,33.45113896032939,32.35302007964957,33.04511260986328,381000.0
2018-11-06,33.248124146677405,34.42929779627631,32.72213410340342,33.27581024169922,374700.0
2018-11-07,33.42346430370526,34.85378850096264,32.205381443574346,34.3370246887207,397600.0
2018-11-08,33.73720973725799,34.770733737563575,32.42684587101179,33.395774841308594,344900.0
2018-11-09,33.32194717512591,33.50650587756312,32.63908103215758,33.0820198059082,254100.0
2018-11-12,32.639089283230724,33.65416064316044,31.96545284118124,32.740596771240234,309700.0
2018-11-13,33.01743201685241,34.364708375499,33.00820566378456,33.70029830932617,338800.0
2018-11-14,34.16168699875997,34.75227204895497,33.19275818077351,33.432682037353516,275100.0
2018-11-15,32.95284564233245,33.14663078915614,30.756606937998253,31.35641860961914,539400.0
2018-11-16,30.996524356824114,32.46376098180661,30.895016867019443,32.260746002197266,400600.0
2018-11-19,32.15000377484813,32.60217242419928,31.448684922977925,31.956218719482422,359300.0
2018-11-20,31.430226355644628,33.663376301723076,31.430226355644628,33.137386322021484,394300.0
2018-11-21,33.5065168651799,35.010662510903295,33.118943110950276,33.83871841430664,293400.0
2018-11-23,33.617242565058035,33.95867390565056,33.23889877678934,33.672611236572266,87600.0
2018-11-26,33.949440115145485,34.47543005870427,33.37730786201937,34.27241516113281,242800.0
2018-11-27,34.143237301909956,35.2782688222293,34.143237301909956,34.53080749511719,227700.0
2018-11-28,34.650768962114974,36.45943678693316,33.46036883979652,36.26565170288086,398100.0
2018-11-29,36.06264379259358,36.45021399859548,35.28749986042443,35.61970138549805,208000.0
2018-11-30,35.573552067473265,36.07185948810034,35.27825956343448,35.739654541015625,299900.0
2018-12-03,36.55172091591031,36.930064762596764,34.87224300913968,35.77657699584961,440800.0
2018-12-04,34.86301508152118,34.86301508152118,32.08541793304085,32.1500129699707,349300.0
2018-12-06,31.51328174279934,32.60217428780887,31.16262053673745,32.56526184082031,414700.0
2018-12-07,32.46375352064151,34.62308233055913,32.46375352064151,32.768272399902344,402700.0
2018-12-10,32.795973195456654,32.95284588111748,31.347192481277368,31.91009521484375,228000.0
2018-12-11,32.648316278048036,32.648316278048036,30.636633482657675,30.90424346923828,201500.0
2018-12-12,31.550193478452844,32.8790135270246,31.374864619895185,32.1223258972168,146400.0
2018-12-13,32.12233636158825,32.34380409505358,30.922705978014164,31.35641860961914,148800.0
2018-12-14,31.07956510800656,31.66092374925313,30.073723944018017,30.2305965423584,198000.0
2018-12-17,30.027588696202542,31.310266286430245,30.027588696202542,30.285968780517578,243900.0
2018-12-18,30.71045566882146,31.402548294916883,30.202921780384507,31.116485595703125,191200.0
2018-12-19,31.16262328648364,32.15923480196138,30.09218687051458,30.21215057373047,135000.0
2018-12-20,29.83380046498496,31.024196812862872,29.584646758639092,29.990673065185547,199600.0
2018-12-21,29.99068202507706,30.276748259345002,29.003296775403133,29.44623565673828,1076400.0
2018-12-24,29.169396886472036,29.649248181656397,28.18201171835816,29.132484436035156,112500.0
2018-12-26,29.197076932758836,30.848871984861752,28.698771215642875,30.784276962280273,149700.0
2018-12-27,30.15678321733127,31.014978362170243,29.556968195182687,30.738142013549805,243300.0
2018-12-28,31.03343849889579,31.790126256558917,30.304433323533683,30.968843460083008,153300.0
2018-12-31,31.217995929927906,31.33795612822676,30.2213807676068,31.088802337646484,193200.0
2019-01-02,30.507442858442058,32.509895743864696,30.258289101793004,31.799346923828125,223900.0
2019-01-03,31.494830446507585,32.11309818954954,30.95038408882702,31.74398422241211,215700.0
2019-01-04,32.44529664419121,34.392384130521776,32.4360702929541,34.189369201660156,224800.0
2019-01-07,34.06941800583153,35.78580861872358,33.58957012195054,35.462833404541016,256000.0
2019-01-08,35.91499341576009,36.145690969109516,34.826104202502854,35.77657699584961,308300.0
2019-01-09,35.85039123621571,37.253032503405294,35.213667383151815,36.69935989379883,351500.0
2019-01-10,36.477896966662,37.040799574836605,36.06264417586536,36.45021438598633,218100.0
2019-01-11,35.15829847259738,36.9116009245808,34.75227212968624,36.23796463012695,146900.0
2019-01-14,35.74889149946983,36.6901343426025,35.45359541672103,35.89653778076172,116000.0
2019-01-15,34.45698585267217,35.82271491213668,34.0786420153892,35.656612396240234,232600.0
2019-01-16,34.49389538448822,36.394840762979534,34.41084413357205,35.545875549316406,151200.0
2019-01-17,35.25059062007074,36.1733809320089,35.25059062007074,36.05341720581055,128100.0
2019-01-18,36.29333782176462,36.69936421527606,35.78580042966904,35.89653778076172,157400.0
2019-01-22,35.610472774363856,35.896538994108475,34.68768260505685,35.121395111083984,283000.0
2019-01-23,35.342862747059996,35.813487704254754,34.484667608801445,35.490509033203125,135000.0
2019-01-24,35.49050811167543,36.800871947316,35.49050811167543,36.634769439697266,86000.0
2019-01-25,36.98543667330916,37.963592132046074,36.33948276347412,36.625545501708984,159600.0
2019-01-28,36.24720192217585,37.75135109950413,36.24720192217585,36.90238571166992,79600.0
2019-01-29,36.66245837268039,37.56679244860429,35.324411727220244,37.3637809753418,127000.0
2019-01-30,37.46528244018555,37.64061483917929,36.09955330360509,37.46528244018555,109600.0
2019-01-31,37.47450700155837,39.218579749547146,37.419138327593764,38.85869216918945,190300.0
2019-02-01,38.84946910959896,40.11369431892103,38.471125238238294,38.96943283081055,168900.0
2019-02-04,39.080165555985644,39.94759064115147,38.51726646220273,39.88299560546875,93100.0
2019-02-05,39.87376734502743,40.30747990515868,39.689208584109956,40.2613410949707,96300.0
2019-02-06,40.242876553731776,40.39052282793277,38.84023518873992,38.92328643798828,114600.0
2019-02-07,38.67413483626401,39.034022429588724,38.138918382648164,38.867919921875,250400.0
2019-02-08,38.591090432780895,39.375460787202314,38.52649539277751,38.60954666137695,132300.0
2019-02-11,38.72950680076971,39.301635753605105,38.38807188360837,38.978660583496094,111100.0
2019-02-12,39.29241072463931,41.55324403193699,39.29241072463931,41.359458923339844,148100.0
2019-02-13,41.38713961620917,41.96849843564126,39.993727944420684,40.611995697021484,122400.0
2019-02-14,40.362844762991976,40.99956873162051,40.132147213757186,40.584312438964844,134300.0
2019-02-15,40.90728985644046,41.903901407865305,40.90728985644046,41.40559387207031,102600.0
2019-02-19,41.128759160773726,42.31915937022365,41.128759160773726,41.783939361572266,111400.0
2019-02-20,41.691651378609045,42.26378017782661,40.72272260827615,41.008785247802734,154000.0
2019-02-21,40.99956932854718,42.651364649957,40.72273296946792,42.47603225708008,167400.0
2019-02-22,42.586769774034394,43.232720107548474,42.180739827065196,42.93742752075195,159800.0
2019-02-25,43.14966471093747,43.54646474643686,41.876216872519166,42.245330810546875,157800.0
2019-02-26,42.13459637788325,42.53139640770136,41.43327744155642,42.125370025634766,106400.0
2019-02-27,41.90390391745739,42.37452538267217,40.49203600164772,41.950042724609375,130700.0
2019-02-28,46.00107489716297,46.00107489716297,39.781472970817134,40.25209426879883,331900.0
2019-03-01,41.26717179730419,43.39881454103716,40.768864329873885,43.27885437011719,197000.0
2019-03-04,43.371144159343025,43.88790799530972,42.854380323376326,43.26041030883789,208500.0
2019-03-05,43.81407497392131,43.88789987404084,42.58676593083647,42.660587310791016,103000.0
2019-03-06,42.78055016038935,43.56492034761218,41.95926752384277,42.125370025634766,172100.0
2019-03-07,43.25117035671579,43.96171914554519,42.54985144004116,42.946651458740234,296900.0
2019-03-08,42.49448187185845,43.39881571489739,42.21764555585301,42.82668685913086,254400.0
2019-03-11,42.82669249631904,42.82669249631904,41.239492246059754,41.52555847167969,317800.0
2019-03-12,41.60860100253366,41.82084227889852,40.96264730219984,41.22102737426758,257200.0
2019-03-13,41.28563337054828,42.35606981698226,40.71350093595254,40.759639739990234,178300.0
2019-03-14,40.64890968006332,40.93497592391924,39.60615571521089,39.88299560546875,236500.0
2019-03-15,40.0214040480508,41.497870261000806,40.0214040480508,40.91651153564453,605100.0
2019-03-18,41.04570822328284,41.22103709637143,40.14137423759142,40.611995697021484,146000.0
2019-03-19,40.944205458564134,41.571703156946896,40.3905326753632,40.45512771606445,165300.0
2019-03-20,40.39974965015758,41.11029845307051,39.41236451991666,40.16905212402344,138700.0
2019-03-21,40.06755286666862,42.208429586813054,40.06755286666862,41.876224517822266,185900.0
2019-03-22,41.55324257119626,42.7897816095123,41.082621106837806,41.71934509277344,146500.0
2019-03-25,41.534786983989484,43.82330986759369,41.534786983989484,43.1958122253418,165700.0
2019-03-26,43.44495902395173,43.44495902395173,42.04231766805501,43.223487854003906,150600.0
2019-03-27,43.31576983953357,45.00447756085818,42.95588223208149,44.56153869628906,200900.0
2019-03-28,44.61690683494662,44.85683426938679,43.952500253789005,44.39543914794922,157300.0
2019-03-29,44.690737902488046,45.15213308750637,43.94327643549864,44.755332946777344,168700.0
2019-04-01,44.89374768059417,45.26286167351052,43.52801499429064,44.74610137939453,204200.0
2019-04-02,44.57999568603001,44.75532455620721,43.832534359172016,44.496944427490234,122300.0
2019-04-03,44.84760458834967,45.71502967328499,44.552311990974154,45.41050720214844,166600.0
2019-04-04,45.4381826656614,47.0530652195684,45.4381826656614,46.7024040222168,155100.0
2019-04-05,46.88697119628108,47.44064390664468,46.81314629081113,47.23762893676758,260100.0
2019-04-08,47.173037216317816,47.87435978685722,46.896200841700896,47.625205993652344,80600.0
2019-04-09,47.523691973014714,47.809758182247606,46.471711781887,46.61935806274414,118700.0
2019-04-10,46.91465186333849,48.409570936514086,46.91465186333849,48.031227111816406,155700.0
2019-04-11,48.24346685924413,48.677179346700704,47.40372798193703,47.51446533203125,166600.0
2019-04-12,48.09582503932453,48.215788752968635,47.265315957592684,47.634429931640625,129100.0
2019-04-15,47.82821791388109,48.022003011682415,47.09921280863009,47.56060791015625,78400.0
2019-04-16,47.818984364468356,48.08659434762065,47.514465451356955,48.068138122558594,118700.0
2019-04-17,48.24346481594569,48.48339221082299,47.72670461805273,48.123504638671875,212100.0
2019-04-18,48.04045546695321,48.58490178482126,47.25608174383348,48.16041564941406,148300.0
2019-04-22,48.058916584620555,48.31729672104367,46.08414254712916,46.32406997680664,168200.0
2019-04-23,46.50862125585686,47.366816308470945,46.21332871303962,46.83159637451172,892300.0
2019-04-24,47.06229562522671,48.2711519369772,46.720864270062414,47.16380310058594,369100.0
2019-04-25,46.85928562501962,46.85928562501962,44.00786374214822,44.063232421875,254500.0
2019-04-26,44.118604766651416,44.71841633944236,43.712574788588945,43.9248161315918,278300.0
2019-04-29,44.06322850679096,44.58921859688187,43.80484839802069,43.8325309753418,353200.0
2019-04-30,43.74025047611381,45.050610678346715,43.74025047611381,44.32160568237305,271700.0
2019-05-01,44.49694214727935,46.10259503654764,44.10936845389955,44.69072723388672,483700.0
2019-05-02,44.07244926849761,49.138567965346574,43.21425779892179,49.01860427856445,340200.0
2019-05-03,49.48922724009307,51.076423600020085,49.02783225357016,50.70730972290039,292800.0
2019-05-06,50.20901589729799,52.22069886523851,49.85835462687905,50.5135383605957,227900.0
2019-05-07,50.522756292581576,51.38095133861669,49.83989009244862,50.624263763427734,232000.0
2019-05-08,50.504309336323736,50.66118550737226,48.834057737192715,48.95402145385742,166600.0
2019-05-09,48.77868929896021,50.40279846092544,48.77868929896021,50.33820343017578,121600.0
2019-05-10,50.39356934965052,51.18716942132454,49.92294441404617,50.9656982421875,160400.0
2019-05-13,50.08904649134741,50.43970772192293,49.0739787693548,49.719932556152344,118900.0
2019-05-14,49.7291594083457,51.12257447217982,49.52614445384047,50.87342071533203,183900.0
2019-05-15,50.3012945150334,51.57474603394316,50.06137060111741,51.41787338256836,182000.0
2019-05-16,49.7660813970828,51.03953300278014,48.917112486562694,50.864200592041016,398300.0
2019-05-17,50.402798543923474,51.104121050596284,49.96908955391375,50.24592590332031,107600.0
2019-05-20,49.90449489695993,50.439711373800634,48.51107974624816,48.98170471191406,274100.0
2019-05-21,49.00939530620458,51.50092991733698,49.00939530620458,51.104129791259766,356100.0
2019-05-22,50.66117975308135,50.93801608918505,49.784528421948814,50.255149841308594,266600.0
2019-05-23,50.07059338252011,50.836510917998424,49.44309930162224,49.7383918762207,128900.0
2019-05-24,50.227467458627515,50.85496503365188,49.89526244594814,50.71654510498047,199800.0
2019-05-28,50.82729044345791,50.928794417581216,48.72332620590701,49.03707504272461,227500.0
2019-05-29,48.80637245168785,49.19394616090819,47.65288471735919,47.99431610107422,379600.0
2019-05-30,48.06813668428116,48.61258298674354,47.28376650352097,48.10504913330078,102400.0
2019-05-31,47.76361915066596,48.704865576051965,47.468326568603516,47.468326568603516,290400.0
2019-06-03,47.597524985956774,48.87097305533173,47.39450999511485,48.3265266418457,107000.0
2019-06-04,48.861746981161865,49.350824712629134,48.00355172244324,49.20317840576172,176300.0
2019-06-05,49.46154956755911,50.153642165165806,49.12011820505267,49.79375457763672,171100.0
2019-06-06,49.77529276307662,50.31051266813558,48.45570274354391,49.092430114746094,73000.0
2019-06-07,48.81560178645021,50.16287460044688,47.98508921882751,49.96908950805664,152300.0
2019-06-10,50.23670452859183,51.537838759059085,50.107514445025195,50.36589813232422,124400.0
2019-06-11,50.5319888092332,50.69809132357941,48.36343328995177,48.843284606933594,94600.0
2019-06-12,48.834058660941004,49.756848916999594,48.640273552008416,49.02784729003906,95600.0
2019-06-13,49.1939435106747,50.69808890068725,49.08320615962597,50.34743118286133,145800.0
2019-06-14,50.20901315069903,50.9380182318976,49.812213094865136,49.92294692993164,77300.0
2019-06-17,49.87680337497552,49.87680337497552,48.778684441420424,49.480003356933594,117200.0
2019-06-18,49.85835334570769,50.292065865866206,49.009388051963214,49.24008560180664,108900.0
2019-06-19,49.175491979194085,49.43387211597291,47.652886698512354,48.92633819580078,110300.0
2019-06-20,49.40618460790193,50.328974741690914,49.40618460790193,50.255149841308594,135800.0
2019-06-21,49.959859422913624,50.31052067443969,49.17548918361694,49.876808166503906,323300.0
2019-06-24,49.9875330806993,50.48584053022781,49.18470675879084,50.098270416259766,149900.0
2019-06-25,50.5227672542857,50.82728973289509,49.24931569675051,49.60920333862305,277100.0
2019-06-26,49.7845314922456,50.07982407165607,47.98508991634945,48.13273620605469,139100.0
2019-06-27,48.3542053821941,50.993382260484566,47.83744162971499,50.92878723144531,143800.0
2019-06-28,50.891880605714555,54.69377521923985,50.891880605714555,54.64763641357422,590200.0
2019-07-01,55.21977103270812,55.30282229952195,52.6359589276282,53.20808792114258,141100.0
2019-07-02,53.26345423258779,53.90940458995327,52.39602914669912,53.171173095703125,101700.0
2019-07-03,53.43877428751409,54.38002060730716,53.198850411565985,53.94630813598633,55800.0
2019-07-05,53.429551559437805,53.429551559437805,52.10073147893326,53.11580276489258,81900.0
2019-07-08,53.106578714374216,53.2173125598349,52.46985470276844,52.922019958496094,197700.0
2019-07-09,52.61749617902074,52.61749617902074,51.51014726544858,51.64856719970703,91600.0
2019-07-10,52.15610411324768,52.248381727989084,50.928791420227874,52.082279205322266,115700.0
2019-07-11,51.89772101616006,52.0453673034254,50.81805468039811,51.9254035949707,175800.0
2019-07-12,52.25760455361684,53.5125996577657,51.87926075193945,53.14348220825195,167800.0
2019-07-15,53.22654458392074,53.22654458392074,51.685482958274186,52.0361442565918,76200.0
2019-07-16,51.65779223404674,52.68208986495228,51.65779223404674,52.56212615966797,130700.0
2019-07-17,52.44217144748743,52.68209536292979,50.2459296731101,50.29206848144531,128900.0
2019-07-18,50.71655359866632,51.15026616231815,49.33236816079771,50.5596809387207,143200.0
2019-07-19,50.70731961804541,50.70731961804541,48.88942188994373,48.97247314453125,209400.0
2019-07-22,49.166259544868446,49.166259544868446,48.26192559307853,48.42802810668945,157800.0
2019-07-23,48.64027323216512,48.64027323216512,47.219175402339886,48.15119552612305,144900.0
2019-07-24,47.94817129588328,49.729156416441704,47.94817129588328,49.45232009887695,86200.0
2019-07-25,49.59074009035738,50.50430029167527,49.08320273388659,49.360042572021484,108200.0
2019-07-26,49.433871983491954,50.32897962659881,48.44648672611577,49.064754486083984,107600.0
2019-07-29,49.08321518340739,49.599979022811674,47.96663975629176,48.261932373046875,224400.0
2019-07-30,47.88357913484185,49.9414006959775,47.88357913484185,49.28622055053711,236300.0
2019-07-31,49.39695347850554,50.458163513429376,48.8617370450108,49.166255950927734,177600.0
2019-08-01,49.32313973045293,51.56552032701846,48.75101075919785,48.889427185058594,269000.0
2019-08-02,48.37266485225883,48.852516220916925,47.81899209158864,48.80637741088867,200500.0
2019-08-05,48.160411340423856,48.160411340423856,46.37019991446786,46.868507385253906,119500.0
2019-08-06,47.32990634783461,48.861737814260835,47.32990634783461,48.732547760009766,153600.0
2019-08-07,48.2803866178247,49.80299197054062,47.85590393870148,49.60920333862305,206400.0
2019-08-08,50.72578197157501,51.49169606070786,48.93556660534298,51.2425422668457,296800.0
2019-08-09,51.42709044598585,52.635946711228506,50.94723918467193,51.36249542236328,188700.0
2019-08-12,51.08565624937326,52.00844627260568,50.38433386042445,51.436317443847656,75600.0
2019-08-13,51.214849594484754,52.718998415068015,50.919557049607214,52.28528594970703,142100.0
2019-08-14,51.556277477714175,52.174548622150915,50.98414865045022,51.620872497558594,98300.0
2019-08-15,51.89771593276552,52.497527375957006,51.10411589638574,51.159481048583984,114500.0
2019-08-16,51.427089886676455,52.13763865896172,51.09488490013636,51.93462371826172,194500.0
2019-08-19,52.76514525393298,53.890950452897776,52.682093993023024,53.484920501708984,125400.0
2019-08-20,53.669469004128594,55.22898291663101,53.051201362186134,54.34310531616211,259500.0
2019-08-21,55.35818365171498,55.35818365171498,54.407707386258615,54.54612731933594,268500.0
2019-08-22,54.63841386599192,55.09058267053629,53.81713104646822,54.09396743774414,264400.0
2019-08-23,53.521829244060896,54.30619947146816,51.32558767908941,51.48246383666992,285900.0
2019-08-26,52.09150425489927,52.11918683272504,50.84573545026403,51.40863800048828,203200.0
2019-08-27,51.925403788777864,51.99922517260348,50.16287468789718,50.19978713989258,122000.0
2019-08-28,50.04291074700263,52.01768115745431,49.36927434195281,51.64856719970703,207600.0
2019-08-29,52.32219843459472,53.22653229393773,51.971537217244624,52.2391471862793,377700.0
2019-08-30,52.635951101616136,53.088116304689414,51.63933604802879,52.515987396240234,441100.0
2019-09-03,52.01768157749115,52.48830654163802,50.448937563943595,50.66118240356445,247900.0
2019-09-04,51.390181094863074,52.22991997272286,51.187169659886685,51.38095474243164,251100.0
2019-09-05,52.220690160846615,52.34065385549796,50.273602551458666,50.624263763427734,148400.0
2019-09-06,50.88265393114681,51.59320284759401,50.8180588951212,50.93802261352539,150300.0
2019-09-09,51.12257208331304,51.67624472588156,50.26437702321647,50.83650588989258,143900.0
2019-09-10,50.67040098742997,51.25175969864134,49.3784935225524,50.84572982788086,132000.0
2019-09-11,51.04875790111786,54.112421342690936,51.04875790111786,54.01091384887695,151400.0
2019-09-12,54.38002060730716,54.91523703219056,53.51259918483034,53.94630813598633,138200.0
2019-09-13,54.06627415562008,54.50921299804258,53.47568903239008,53.70638656616211,154700.0
2019-09-16,53.76175285572204,54.878331618063626,53.48491651338742,54.56458282470703,108700.0
2019-09-17,54.352331068500796,55.33971606255259,54.13085992508679,55.05364990234375,85900.0
2019-09-18,55.36741340833754,55.97645481502264,54.490761992005794,55.53351593017578,211600.0
2019-09-19,55.76421814733945,56.557818369088615,55.395100619030096,55.699623107910156,309600.0
2019-09-20,55.81034968823147,56.02259100730387,54.703000767717256,54.75836944580078,253000.0
2019-09-23,54.638406540341954,55.14594044299443,54.35234383311586,54.64763641357422,113400.0
2019-09-24,55.32126971706415,56.24405985906634,54.77682339247626,54.952152252197266,173700.0
2019-09-25,55.422786550425215,55.61657166811402,54.30620761481579,55.007530212402344,247300.0
2019-09-26,55.06288569087858,55.45968573072272,53.927854246730824,54.029361724853516,162300.0
2019-09-27,54.370795453380566,54.49075916184754,52.08227624045095,52.24837875366211,135900.0
2019-09-30,52.34065569896351,53.57719457614465,52.33142582665346,52.912784576416016,369800.0
2019-10-01,53.18962781400231,53.5495154372283,52.211472431934794,52.65441131591797,241800.0
2019-10-02,52.34988852593275,52.57135972662295,51.19640075605013,52.37757110595703,138400.0
2019-10-03,52.21147096017438,53.46646266933444,51.19639963284823,52.73746109008789,203200.0
2019-10-04,52.903564051498094,54.21392445066898,52.70054908029377,54.16778564453125,163700.0
2019-10-07,54.12164979276185,54.95215890907223,53.51260836606806,54.32466125488281,495600.0
2019-10-08,53.872493743896484,54.62918143867527,53.586427509952195,53.872493743896484,241700.0
2019-10-09,54.56458650925597,55.31204433201605,54.103191400820236,54.7030029296875,123600.0
2019-10-10,54.7675871696776,55.035197124669516,54.26928322609822,54.3615608215332,174400.0
2019-10-11,55.36740738791649,55.46891486468739,53.92785352857127,54.04781723022461,215700.0
2019-10-14,53.983228143540614,54.08473563148142,53.07889414577807,53.71561813354492,424200.0
2019-10-15,54.241604448157034,57.21298988815603,54.066275585114056,57.12071228027344,767000.0
2019-10-16,57.05612115846697,58.07118899535743,56.94538379722539,57.95122528076172,604200.0
2019-10-17,58.50488821198745,60.65499063121118,58.50488821198745,60.14745330810547,369200.0
2019-10-18,59.94444751107776,60.7472774789348,59.787574874702415,60.34124755859375,149400.0
2019-10-21,60.90416005366756,61.55934032455665,59.99982245815521,60.239749908447266,205200.0
2019-10-22,60.673445081595446,61.12561022954252,59.94444010573753,60.89491271972656,454900.0
2019-10-23,60.83032345765879,61.254806071068224,60.36892839434464,60.95029067993164,216100.0
2019-10-24,61.07025406635039,61.07025406635039,58.84632988528911,59.335411071777344,277500.0
2019-10-25,59.17852039896514,59.621462698457485,58.48643141639906,58.90168762207031,206900.0
2019-10-28,59.113932150470404,59.64915210355821,57.37908927945766,57.47136688232422,288700.0
2019-10-29,57.25912097545769,58.88323340856943,57.01919711519769,57.212982177734375,204400.0
2019-10-30,57.30527007545449,58.47721405317337,56.511673459513624,58.218833923339844,211300.0
2019-10-31,58.44030291213705,60.32279569592843,58.16346304615911,60.18437576293945,314700.0
2019-11-01,62.0022772608426,70.68572958773618,61.596247310310765,69.85521697998047,617500.0
2019-11-04,70.58419514148345,70.58419514148345,65.66573048806562,66.24708557128906,362400.0
2019-11-05,66.21942226055208,67.07761737032877,64.91828478688129,65.12129974365234,271600.0
2019-11-06,65.12130897451108,65.71189418319787,63.70944098998388,65.22281646728516,188300.0
2019-11-07,65.47196808057883,65.56425274159177,62.620549471624365,63.847862243652344,210700.0
2019-11-08,63.76480439435899,64.21696964221525,63.15576649484476,64.10623931884766,121400.0
2019-11-11,63.487950991437366,65.1951109805274,63.487950991437366,64.80754089355469,137400.0
2019-11-12,65.05670920809817,66.02564173584035,63.552563714117866,64.82601165771484,160400.0
2019-11-13,64.20774879650965,65.89645668345123,64.20774879650965,65.59193420410156,111200.0
2019-11-14,65.25971052323199,66.062533324763,64.8075453903892,65.25048065185547,103400.0
2019-11-15,65.56426485834606,65.73959025794349,64.23544434589306,64.38308715820312,82100.0
2019-11-18,64.50301430789108,66.136349305035,64.50301430789108,65.84105682373047,108100.0
2019-11-19,65.93334983463497,67.19757480626424,65.6565170288086,65.6565170288086,121900.0
2019-11-20,65.57346540559298,67.25294318672208,65.41659277073035,65.95181274414062,136100.0
2019-11-21,67.24371909102489,67.49286932757717,65.85030402792071,66.45011901855469,150900.0
2019-11-22,66.69004990477877,66.87461218350218,64.93675401905834,65.8226318359375,73100.0
2019-11-25,66.4962574381897,67.5574675424084,66.1363698348948,66.42243957519531,204700.0
2019-11-26,66.51471558210709,67.52055346444045,66.12714540948305,66.64390563964844,288700.0
2019-11-27,66.87460939934311,67.45596471237366,66.24711175846998,66.35784912109375,158400.0
2019-11-29,66.21941179876137,66.79153708800425,65.82261182057893,66.1640396118164,73000.0
2019-12-02,66.03487227158978,66.03487227158978,63.86631645309699,64.0416488647461,165700.0
2019-12-03,63.41413930160187,65.11206977326609,63.41413930160187,64.8906021118164,209900.0
2019-12-04,65.13977376024118,65.61039885578974,64.48459339288222,65.01981353759766,241700.0
2019-12-05,65.10285975861565,66.32094269690427,65.10285975861565,66.25634765625,210000.0
2019-12-06,66.27479214866031,66.49625982625756,65.25972433264815,65.93335723876953,150400.0
2019-12-09,65.78569786001908,66.57929779809535,65.44426303632109,65.46272277832031,113200.0
2019-12-10,65.51810285894346,66.17328304269326,64.99211273732291,65.50887298583984,170900.0
2019-12-11,65.48118041378044,66.33937543285862,65.29662522185517,66.09022521972656,76100.0
2019-12-12,66.10868278151516,66.10868278151516,63.30340000803217,63.4510498046875,166600.0
2019-12-13,64.1523810329846,65.62885120220564,63.940143198382856,65.29664611816406,249200.0
2019-12-16,65.5181042262486,65.75803164963726,64.4938065406118,64.5953140258789,238000.0
2019-12-17,66.34860528814282,70.40888287245818,66.12713764982142,66.50547790527344,514600.0
2019-12-18,66.67159843576164,67.43751606594884,65.72112556375326,66.29325103759766,221000.0
2019-12-19,65.99795424316157,66.17328664000998,63.34955078520922,63.61716079711914,254100.0
2019-12-20,63.74636229409361,64.84447807874736,63.72790254357357,64.17084503173828,977100.0
2019-12-23,64.85368653035789,66.2009592196524,64.3369263318147,64.91828155517578,163900.0
2019-12-24,64.91829094182073,65.61038361079608,64.60454564457731,65.48119354248047,51100.0
2019-12-26,65.7118968337955,65.97027699297679,64.37385370646474,64.54917907714844,60700.0
2019-12-27,64.60453892713193,64.60453892713193,63.47873384287133,63.73711395263672,110000.0
2019-12-30,63.681753969488476,63.7463490021757,62.22374375702767,63.46950912475586,131400.0
2019-12-31,63.36799664840455,64.32769923012499,63.22957672059613,63.55255889892578,111900.0
2020-01-02,64.29078876080635,64.73373113537428,62.72204830485826,63.72788619995117,193600.0
2020-01-03,63.21114217432475,64.47536755233077,63.21114217432475,64.17084503173828,275600.0
2020-01-06,63.940144346736275,64.84447494927767,63.534114338875106,64.4292221069336,259500.0
2020-01-07,64.42920971912608,64.86292222770936,63.57101457499943,63.709434509277344,137300.0
2020-01-08,64.00472710019737,65.97026763839686,63.727887231569696,64.67835998535156,197800.0
2020-01-09,64.59530000261793,65.50886013136284,63.93089007613836,64.00471496582031,128100.0
2020-01-10,64.13392179259351,65.3335519228319,63.83862919688833,64.52149200439453,192500.0
2020-01-13,64.52148228634594,66.02563465944705,64.52148228634594,65.79493713378906,129400.0
2020-01-14,65.62882901575688,67.43749661725072,65.26894146976382,67.0037841796875,259600.0
2020-01-15,67.00378849827202,70.06745129260362,66.93919347406708,69.92903137207031,257200.0
2020-01-16,70.55652371997962,70.55652371997962,67.55745617046796,69.1631088256836,277800.0
2020-01-17,69.7168089075192,70.584226988736,68.72019370918719,68.96012115478516,163300.0
2020-01-21,68.97856215463322,70.65803990808935,68.88628454978331,70.17819213867188,193800.0
2020-01-22,70.77800768311135,71.28554512472714,70.23356482786053,70.59345245361328,308700.0
2020-01-23,70.77800832316973,73.29722876655144,70.49194560276158,72.99270629882812,424000.0
2020-01-24,72.99271040544176,74.05392064518352,70.50117944285778,71.08253479003906,202300.0
2020-01-27,70.18743331058059,71.67312636995771,69.81832279473407,70.47350311279297,182000.0
2020-01-28,71.22095335797518,72.76201142001281,70.75032834873295,71.35014343261719,226000.0
2020-01-29,71.44240081304915,72.06989830083455,69.65219298286385,70.72262573242188,134300.0
2020-01-30,70.55653711772351,71.75616718145353,69.91980963340045,70.66727447509766,126400.0
2020-01-31,70.70417782349237,70.990240492795,68.06499765537872,68.40642547607422,183400.0
2020-02-03,68.65558489910275,70.49193522817552,68.65558489910275,69.66142272949219,205000.0
2020-02-04,70.23356428396134,70.32584189799577,68.15728628669879,69.30154418945312,136400.0
2020-02-05,69.25541233760109,71.44242076404615,68.33262207082602,70.75032806396484,149300.0
2020-02-06,71.05484133782822,71.05484133782822,70.11359848538406,70.55653381347656,169700.0
2020-02-07,70.71341525213067,70.71341525213067,69.53224484306344,69.91981506347656,114500.0
2020-02-10,69.7813871149009,70.63958215530481,69.7260149236839,70.05821990966797,139700.0
2020-02-11,70.51041841479295,70.62114875787783,69.42152545235501,69.93828582763672,121700.0
2020-02-12,69.94748882711616,70.03976642434182,66.10867882763014,68.76631164550781,317400.0
2020-02-13,68.71095454484966,70.35351990501577,68.71095454484966,68.95088195800781,141500.0
2020-02-14,69.18159022339135,69.69835054077059,68.31416508464937,69.56916046142578,238300.0
2020-02-18,69.4215067595406,69.90135454447687,68.93242206139166,69.45841217041016,197300.0
2020-02-19,70.13205447514147,72.46671253055845,69.86444447506773,71.31322479248047,519000.0
2020-02-20,71.51623225257099,72.22677752688372,70.39042721194873,71.86688995361328,294800.0
2020-02-21,71.84843945065744,73.2326246334361,70.91641945629411,73.02960968017578,270500.0
2020-02-24,70.99947495372808,72.25447009549774,70.5011674379963,71.37781524658203,321600.0
2020-02-25,71.68233827363714,71.71925072403391,64.89060228789148,65.02902221679688,381900.0
2020-02-26,64.69682433132616,66.2840246716021,63.275726515970504,64.2907943725586,222700.0
2020-02-27,60.67346022547351,65.58270417807348,59.095489709316126,63.497196197509766,544800.0
2020-02-28,61.86385093400128,61.89153351134733,57.5544192121613,60.95029067993164,570700.0
2020-03-02,61.273281628670354,61.89154948338538,58.61564439249169,59.824501037597656,522300.0
2020-03-03,59.815256795082824,62.37138239376536,58.643312890907325,60.636539459228516,487000.0
2020-03-04,62.99887021994207,66.60698250031295,62.59284740725179,66.57929992675781,234000.0
2020-03-05,64.86292566502516,65.69343827437409,63.072710378243116,64.05087280273438,439700.0
2020-03-06,62.49134293356931,62.786635466165784,57.6928339986296,59.815250396728516,348200.0
2020-03-09,56.01336690168506,56.01336690168506,49.50769657287716,49.59074783325195,292300.0
2020-03-10,51.464008882403164,52.58058415799709,48.41880198525376,51.307132720947266,439500.0
2020-03-11,49.683014860416726,49.941394939786704,45.225937370297224,45.77961349487305,254200.0
2020-03-12,40.962665270193376,42.586778344591075,38.58186786999208,38.88638687133789,374800.0
2020-03-13,41.66398107292675,43.08507537841797,36.560948611735206,43.08507537841797,457900.0
2020-03-16,40.833464686296274,40.833464686296274,31.402548100093206,31.771665573120117,740300.0
2020-03-17,32.325334301195596,34.0878631545885,28.615719640595366,33.78334426879883,734500.0
2020-03-18,30.276749362364292,32.66677625008713,27.70216372065344,27.979000091552734,534700.0
2020-03-19,27.840579447763112,34.02327251926779,26.7793711062442,33.303497314453125,479200.0
2020-03-20,33.88485619682477,35.92422162936863,31.900855921620927,33.53419494628906,610100.0
2020-03-23,33.405005960938865,33.405005960938865,29.39086823689084,31.974681854248047,453100.0
2020-03-24,34.309342017744015,37.04080033210137,33.27581791612659,36.10878372192383,341900.0
2020-03-25,35.970366844831176,41.765489023620226,35.13985765522397,40.9903450012207,526500.0
2020-03-26,41.39636764127931,43.860215708586246,40.381296340908754,43.45418930053711,315100.0
2020-03-27,41.211809410195336,41.903902047079605,39.01556779016967,40.833465576171875,346300.0
2020-03-30,40.84268229826865,41.41481461103433,36.55171107351219,37.64982986450195,385100.0
2020-03-31,37.372999998756185,37.90821996002249,35.398229697850766,36.79164123535156,318100.0
2020-04-01,34.604634930748226,34.94606634308526,30.728915114471324,31.17185401916504,284100.0
2020-04-02,33.008211504232555,33.681848042665976,30.74737442473277,31.697847366333008,283800.0
2020-04-03,31.079574660188936,32.14078481336676,28.864878500668006,29.077119827270508,263300.0
2020-04-06,31.660934683108113,35.7858046988635,30.876560860036214,35.23213195800781,267400.0
2020-04-07,36.985436404425954,38.61877211519075,34.927610966014456,35.14908218383789,249300.0
2020-04-08,36.1180049354946,40.4828018050766,35.56433226846522,40.28901672363281,272400.0
2020-04-09,41.663981396991474,44.08169087803361,39.32931965949201,41.359458923339844,250100.0
2020-04-13,40.741189181868016,42.153057076794894,36.46866952368034,37.68675231933594,268100.0
2020-04-14,38.701822614198605,39.661525338788366,37.73289353579177,38.277339935302734,283000.0
2020-04-15,36.78241908925709,36.78241908925709,34.475443516876844,35.57356262207031,291400.0
2020-04-16,35.35209182385105,36.616313340489626,32.81441891780492,33.69106674194336,312800.0
2020-04-17,35.78579752542308,38.39729509402965,35.78579752542308,38.15736770629883,210100.0
2020-04-20,36.52403759995417,37.39145911580885,35.43514488847425,35.7950325012207,262300.0
2020-04-21,34.46621203913009,35.287498261611155,34.032503045421215,34.87224197387695,248100.0
2020-04-22,35.69351510037773,36.36715133301744,34.161683943377966,34.447750091552734,219600.0
2020-04-23,34.61386374622264,36.468674281715465,33.95868345644451,35.20445251464844,221800.0
2020-04-24,35.94267624397066,37.797482855182146,35.25980999934572,37.2068977355957,203600.0
2020-04-27,37.68675352755045,40.224426686550096,36.994660847823276,39.60615539550781,313300.0
2020-04-28,41.747027811395164,43.611060811136554,41.36868399182081,42.918968200683594,372600.0
2020-04-29,44.89374996445981,49.87681552357367,44.89374996445981,48.72332763671875,530700.0
2020-04-30,47.108437659829356,47.89281141951479,45.235174733811284,45.502784729003906,403900.0
2020-05-01,43.684893630550725,45.68734692339643,40.981117727371135,43.057395935058594,246500.0
2020-05-04,42.706719660179296,43.324990784680445,41.49786702478533,43.241939544677734,245000.0
2020-05-05,44.137051155667685,46.64703777612014,43.86021131591476,45.70579147338867,428900.0
2020-05-06,45.81653388137317,47.20071915247006,44.192421191993645,46.74855041503906,340600.0
2020-05-07,47.320685012591916,48.907885440120516,47.16381235274649,47.818992614746094,312300.0
2020-05-08,52.59903885345669,55.9672243284546,49.175488222045004,51.06720733642578,380100.0
2020-05-11,49.88603541605858,50.319744381020755,47.45909640208568,48.732547760009766,240500.0
2020-05-12,49.04629352238064,49.120114897335135,45.742703389253826,45.862667083740234,159600.0
2020-05-13,45.198265600822864,45.244404408859246,43.06661887595428,44.16474151611328,139400.0
2020-05-14,42.58676949175407,44.46003248685885,41.27640556638542,44.386207580566406,239900.0
2020-05-15,44.37697328917232,47.14534341695558,43.85098324650667,46.453250885009766,186200.0
2020-05-18,49.83066539505637,52.94046704610169,49.48923404373641,52.68208694458008,236700.0
2020-05-19,51.805442329792406,54.684546827334906,51.09489343876508,52.193016052246094,274100.0
2020-05-20,53.734078728964036,54.49999636739245,51.6393443262309,53.00507354736328,172300.0
2020-05-21,52.70054935493717,55.74575633804552,52.70054935493717,54.81373977661133,284200.0
2020-05-22,55.533510373528266,57.148393103020645,54.16778140186308,56.83464431762695,171300.0
2020-05-26,59.852173033740954,61.65161111057056,59.00320421785765,59.14162063598633,280400.0
2020-05-27,60.913387602534954,65.33355383403807,59.99059733392046,65.22281646728516,458600.0
2020-05-28,66.52393389306499,67.35444637818989,60.47043318429623,60.959510803222656,578600.0
2020-05-29,60.26742451238286,61.59624462690266,58.597176536454214,59.316951751708984,300500.0
2020-06-01,59.81525907336658,63.59869739617705,58.827873864238846,62.5836296081543,280300.0
2020-06-02,63.57099777233983,64.14313006397886,62.26063776022589,63.51563262939453,204000.0
2020-06-03,65.44427948081304,65.91490445544669,64.89060676730138,65.37968444824219,229900.0
2020-06-04,64.02318636522276,66.75464471818118,64.02318636522276,65.4535140991211,163000.0
2020-06-05,69.34767719505456,69.34767719505456,66.7638621074181,68.5540771484375,310300.0
2020-06-08,70.28894171102202,70.36276663126563,64.60455661857038,66.19175720214844,275100.0
2020-06-09,64.60453933638337,68.36029490501899,64.18005671903268,67.83430480957031,308100.0
2020-06-10,67.32677171461484,68.72941675218853,66.17328397202549,67.07762145996094,257000.0
2020-06-11,63.331086215905,64.70604862485433,60.18437542781732,60.23051071166992,224900.0
2020-06-12,63.690971795330256,64.02317680598505,60.19360339150514,62.288333892822266,227600.0
2020-06-15,59.981362614645576,67.9634992014299,59.69529990738917,67.07762145996094,223300.0
2020-06-16,69.30155323907707,69.30155323907707,65.95182683392758,67.3729248046875,325200.0
2020-06-17,67.75124299729666,68.46179527015852,65.94257536506628,66.18250274658203,201600.0
2020-06-18,66.5054896304568,67.15143995624838,64.48457683353224,64.73373413085938,204600.0
2020-06-19,65.73956410293245,65.73956410293245,62.86968635707217,64.27233123779297,327600.0
2020-06-22,64.0139523916241,64.18927772489826,62.3806099562172,64.09700012207031,278900.0
2020-06-23,65.64727960151347,66.7730845205017,64.44764979333577,66.39473724365234,357100.0
2020-06-24,65.0567068529699,66.2563368876674,60.73804858452124,62.23297119140625,245900.0
2020-06-25,60.9779843284145,62.30679756459366,59.84294916884001,61.31941223144531,227400.0
2020-06-26,60.61808458611267,61.55932740068101,58.95705957178052,59.05856704711914,279400.0
2020-06-29,60.24895456173573,63.18342678116063,58.95704726909884,62.131446838378906,244600.0
2020-06-30,62.149918851004976,63.930904226901895,61.42091374477457,63.46950912475586,198500.0
2020-07-01,63.487962820248214,63.53409810186724,60.93183025540473,61.98381042480469,175400.0
2020-07-02,63.73711048391481,64.99210555475835,62.306783045131056,63.07270050048828,223600.0
2020-07-06,64.82600753056843,65.80416282901375,63.497187472054016,65.39813995361328,284900.0
2020-07-07,64.4661376170877,65.88723567153168,62.84202454910427,62.925079345703125,191600.0
2020-07-08,63.49719540263894,67.34523612930589,63.10962518394271,67.24372863769531,213200.0
2020-07-09,67.24370593424257,67.37289596352296,64.34614606553343,65.03823852539062,219500.0
2020-07-10,65.30586437654419,66.67159707527826,64.88138169675238,66.23788452148438,152200.0
2020-07-13,67.36368471986466,67.96349975899805,64.01395882242325,64.18006134033203,193700.0
2020-07-14,63.82938813996358,66.5793056759381,63.34954039613835,66.43165588378906,172400.0
2020-07-15,68.86781854019017,70.28891605466725,67.97271811020418,70.00285339355469,178200.0
2020-07-16,69.37536070393482,71.41472600079956,68.94164822607887,71.36858367919922,159000.0
2020-07-17,71.95917467715157,72.23600748134336,70.69494971298698,71.03638458251953,228600.0
2020-07-20,70.47350462990207,72.1345231079641,70.03979202008074,71.68235778808594,179900.0
2020-07-21,72.46670481823865,72.64203718867238,70.31660221360816,70.89796447753906,221400.0
2020-07-22,70.14127461880526,76.16709260021018,70.14127461880526,75.25353240966797,391500.0
2020-07-23,75.6503484166665,76.96993876666296,72.47594767757998,73.32491302490234,246600.0
2020-07-24,72.91887042400509,73.65710531831213,71.30398775299696,72.5589828491211,133700.0
2020-07-27,72.55898839690325,74.39534590080724,72.15296551028706,74.38611602783203,275200.0
2020-07-28,74.127719271827,75.4473091979375,71.5992697091381,71.66387176513672,160500.0
2020-07-29,72.31905034567343,74.74598536051509,72.31905034567343,74.55220031738281,136600.0
2020-07-30,72.89118298234803,75.61341781311906,72.51284272850734,75.05973815917969,239900.0
2020-07-31,74.83827286553107,75.06897038178754,70.96255740855426,73.00192260742188,352700.0
2020-08-03,74.1277194111737,77.79119669042518,73.80474433221687,77.41284942626953,203100.0
2020-08-04,76.64695268167014,77.02530004758283,75.05975239211261,75.2812271118164,149700.0
2020-08-05,75.687253892073,78.31721176063358,75.687253892073,78.11419677734375,145700.0
2020-08-06,78.74168675186331,80.84564720916507,77.39441395096536,78.43716430664062,247800.0
2020-08-07,79.35071578050956,79.42454067544674,78.104950599845,79.1661605834961,198000.0
2020-08-10,80.30119840687955,83.42023372268446,80.2919755741127,80.55958557128906,225400.0
2020-08-11,81.93452765613958,83.06033261984629,79.47067996428721,79.83979034423828,298000.0
2020-08-12,81.69460277821248,82.01757789072305,80.005895280948,81.55618286132812,235500.0
2020-08-13,81.12249444664153,83.11571773033252,81.11326457282728,82.02682495117188,165800.0
2020-08-14,81.17784200685666,81.42699222317005,80.2919644017111,80.40269470214844,224000.0
2020-08-17,81.1040254342194,82.49744052709725,80.55035275423823,81.04866027832031,289000.0
2020-08-18,81.76844884526584,83.32796670133905,80.76260375976562,80.76260375976562,326200.0
2020-08-19,81.33473327702809,81.33473327702809,79.71062044166861,80.92870330810547,270800.0
2020-08-20,80.13508804745834,82.37746824808539,79.82134279617266,80.51343536376953,120700.0
2020-08-21,79.99669372336896,81.88840962276517,79.76599614732079,81.6392593383789,157900.0
2020-08-24,83.04188966363252,83.04188966363252,80.58727134717472,81.40855407714844,129600.0
2020-08-25,81.98990460699909,81.98990460699909,79.90439686649957,81.65769958496094,171500.0
2020-08-26,82.21138465118918,82.239074274136,80.91025398593995,80.9471664428711,108100.0
2020-08-27,81.63924661489865,82.55280690237824,80.97483657297526,81.28858184814453,150900.0
2020-08-28,81.45466809721042,82.96805013520252,81.09478056973735,81.51004028320312,98000.0
2020-08-31,81.33472860952381,81.33472860952381,79.65525070762891,80.11664581298828,221500.0
2020-09-01,79.68293267258495,86.70536668518899,79.50760732132618,86.6500015258789,276600.0
2020-09-02,87.11141323900736,87.71122839379102,83.9739245404198,85.4596176147461,245700.0
2020-09-03,85.12740281191103,85.23814017935626,81.72230444652864,82.63587188720703,297700.0
2020-09-04,84.07541731138815,84.32456757246172,78.93547607958615,81.96222686767578,334600.0
2020-09-08,80.34734320306018,85.30272915911009,80.13509835727895,83.52174377441406,320700.0
2020-09-09,84.49988972928548,87.81270987097257,84.21382704931585,87.51741027832031,240400.0
2020-09-10,87.53585582609568,88.76316815776926,85.95788584551339,86.69611358642578,258700.0
2020-09-11,87.28672205544417,89.27995227632069,86.52081153643806,87.20367431640625,233400.0
2020-09-14,87.80347760109697,89.39990049838569,86.04094516731219,88.83699798583984,359900.0
2020-09-15,89.08617990325226,90.52573057484506,88.03419948319113,88.2925796508789,273200.0
2020-09-16,89.39068067520375,92.17750371542567,89.39068067520375,91.19934844970703,308600.0
2020-09-17,89.39069969684347,91.31932806177325,88.39408447423003,89.28919219970703,191500.0
2020-09-18,90.11967872979254,90.96864387732833,88.32023392671572,89.96279907226562,469200.0
2020-09-21,88.71704985727692,88.71704985727692,83.99236146720375,87.34209442138672,229100.0
2020-09-22,88.45865255265848,90.4426525188015,87.25902270141036,90.23040771484375,244400.0
2020-09-23,90.09200085719327,91.09784579335668,87.92344538755242,88.0987777709961,270300.0
2020-09-24,88.07110748702733,89.94437064834956,86.17015470314058,88.81856536865234,141500.0
2020-09-25,87.79424317444547,88.9015883978892,86.99141331123477,88.16336059570312,207400.0
2020-09-28,90.20272501712388,93.2663876210028,89.37221258588248,92.89727020263672,178300.0
2020-09-29,92.92496037728687,94.05076542723486,91.87298022511605,92.57430267333984,139800.0
2020-09-30,93.03569532721475,95.51800288846923,92.87882270372681,93.89389038085938,217500.0
2020-10-01,94.87205961004636,98.82160059791538,93.46019170965054,98.67395782470703,193500.0
2020-10-02,96.16395649016016,101.57150709640639,95.59182408760861,100.63026428222656,188900.0
2020-10-05,99.35681049225539,101.50691316070217,97.1974849916497,100.31651306152344,269900.0
2020-10-06,101.44231663292922,102.14363908477281,99.7536090492911,100.7686767578125,290300.0
2020-10-07,103.16795132971328,103.90617929523631,100.53799352156577,102.42048645019531,251600.0
2020-10-08,103.96154825032406,105.84403407983554,103.02029829523774,105.11503601074219,164000.0
2020-10-09,106.48074788931633,109.58132315399467,105.78865532202795,109.5444107055664,214100.0
2020-10-12,110.05195288649092,112.27587343904969,109.37831299377596,110.26419067382812,234200.0
2020-10-13,108.5201226654745,109.17530284182716,104.89355701303634,106.84064483642578,298100.0
2020-10-14,106.12087572190164,108.09564623732622,105.7609880978973,106.00091552734375,170300.0
2020-10-15,101.74682712370789,107.09900488648685,99.48598740501188,106.35154724121094,274500.0
2020-10-16,104.90277995958128,107.0436527326205,104.62594011052016,104.63516998291016,167500.0
2020-10-19,103.85080591877878,104.8658736912826,100.16887513509508,100.62104034423828,259700.0
2020-10-20,99.27376828148766,101.8206640842977,98.60935823194407,99.3844985961914,280800.0
2020-10-21,99.86434783499749,99.86434783499749,94.54907477664896,96.40388488769531,196000.0
2020-10-22,97.27130624553378,97.27130624553378,93.94925630705404,95.50877380371094,165300.0
2020-10-23,96.70842005131425,98.66473085598521,94.81669724155479,98.27716064453125,166700.0
2020-10-26,99.16304143459077,100.12274415892618,92.62046180854149,93.32177734375,248900.0
2020-10-27,93.41404443220114,93.66319466015302,90.67335672308184,90.77486419677734,135000.0
2020-10-28,88.69860989790097,90.92253095338454,87.40670201554487,88.3387222290039,178100.0
2020-10-29,88.93851878962147,89.36300144560255,85.7456654761137,85.9671401977539,202000.0
2020-10-30,85.53341568982466,87.3513132934673,82.46975287282342,83.5494155883789,224900.0
2020-11-02,85.48728585597905,88.02495897399304,84.89670067537679,87.90499877929688,220200.0
2020-11-03,89.68598553728047,90.31348318110561,84.44453670072076,87.0837173461914,340900.0
2020-11-04,86.56693827916192,95.3703568052287,86.56693827916192,95.01969909667969,233000.0
2020-11-05,92.94344027214166,97.07753687932467,90.69182968409388,93.4325180053711,379900.0
2020-11-06,93.74624227308617,93.74624227308617,87.18521118164062,87.18521118164062,246300.0
2020-11-09,93.46940987118295,93.74624267638488,78.60326082918876,78.86164093017578,426300.0
2020-11-10,80.27349633481181,88.12644083495707,78.93545371418213,86.69611358642578,374200.0
2020-11-11,86.69613594707133,89.67675137270548,84.89669788413755,89.59369659423828,330200.0
2020-11-12,88.61554390167954,90.97788461734625,86.99143113949334,87.85885620117188,319300.0
2020-11-13,88.80933405403589,91.55002229598372,87.43437851620827,89.73212432861328,235900.0
2020-11-16,91.48542300899666,91.48542300899666,88.54171991692003,89.98127746582031,192200.0
2020-11-17,89.52909174953183,92.11290682676837,87.68351156302849,91.37467193603516,207800.0
2020-11-18,90.89483480962777,94.38298064338193,90.63645467976902,91.43927764892578,210800.0
2020-11-19,91.27317891653335,94.43834243476009,90.93174401977853,93.67243194580078,216800.0
2020-11-20,93.03568423466065,93.31252404102108,91.21778687237132,92.81421661376953,172700.0
2020-11-23,93.24795190715695,98.06491080530458,91.89144919570846,97.83421325683594,253500.0
2020-11-24,98.61859356589383,99.03384634968782,91.63307186652543,92.60199737548828,256500.0
2020-11-25,92.70348066182149,95.01045561470474,91.89142801292496,93.28483581542969,297500.0
2020-11-27,93.02646519078995,93.8292950904114,90.64567214837689,93.1095199584961,70200.0
2020-11-30,93.00803005842609,93.00803005842609,87.81272349013251,91.19013214111328,179300.0
2020-12-01,92.29746273909537,92.29746273909537,88.68012723540903,88.98464965820312,254900.0
2020-12-02,89.04925316915171,89.04925316915171,86.59462788896468,87.97881317138672,165100.0
2020-12-03,87.9603568572872,90.7010447305144,87.77580164333342,88.96620178222656,337500.0
2020-12-04,89.2614892559549,89.38144943414754,85.50573383960558,85.57955169677734,193500.0
2020-12-07,85.56110738390102,88.37561323396093,84.80441971112351,87.97881317138672,194000.0
2020-12-08,87.19444075651077,87.9419055779021,85.49651023154969,85.5241928100586,275300.0
2020-12-09,86.4654371450915,88.55094492548075,85.69952664549908,86.13323211669922,222400.0
2020-12-10,85.30273633578301,87.5635697215442,84.51835896000397,86.7884292602539,160600.0
2020-12-11,86.57618578284553,87.66507861994866,85.74567310364291,86.52082061767578,111900.0
2020-12-14,87.67429316621704,88.70781361712947,86.25319550588239,87.39745330810547,226000.0
2020-12-15,88.66168523564406,93.58015875400774,88.41252793588355,93.14644622802734,247000.0
2020-12-16,93.84775321641807,95.00124087660181,91.40236500909248,92.362060546875,206800.0
2020-12-17,93.51552633910404,98.79388576425009,93.51552633910404,98.6646957397461,226300.0
2020-12-18,99.55060442468235,102.4297123884997,98.69240925548979,98.84928894042969,421800.0
2020-12-21,96.1639544524452,99.9843048625492,95.20425191382215,99.6982421875,212700.0
2020-12-22,100.42725518285012,101.84835287947219,99.9935426795546,101.03629302978516,133400.0
2020-12-23,101.59918224815188,101.59918224815188,97.80651461111032,98.60934448242188,88400.0
2020-12-24,99.75362291575429,100.43648571781623,98.29561265593951,100.2980728149414,44900.0
2020-12-28,100.79638232038789,100.79638232038789,96.75455651094914,96.9944839477539,115400.0
2020-12-29,97.7050255393615,97.7050255393615,94.13383190911419,95.8225326538086,125900.0
2020-12-30,96.3854279109289,97.59428778932941,95.22271739627966,95.7763900756836,137800.0
2020-12-31,95.65641205203254,95.75791247203593,93.23869978644716,94.05998229980469,129300.0
2021-01-04,97.73272479247129,97.78808995798455,93.46943103966687,94.86284637451172,199500.0
2021-01-05,93.91236093269322,98.34175696240627,93.3125529006189,96.90220642089844,255600.0
2021-01-06,97.2897581575073,100.84249854800149,95.11197301126745,99.64287567138672,303000.0
2021-01-07,100.74100176933104,104.52444008080278,100.74100176933104,104.17378234863281,179500.0
2021-01-08,104.7551350129821,104.7551350129821,97.94494622212068,98.36019897460938,148100.0
2021-01-11,96.65305164280961,101.56229563489339,95.97941868317722,100.46417999267578,148200.0
2021-01-12,101.36851352859848,102.07906600556028,98.2402549599607,101.72840118408203,113200.0
2021-01-13,102.40202763046844,105.25344591369802,101.16548512552637,101.3223648071289,111800.0
2021-01-14,102.12519096499577,104.21069881321583,101.32236798721136,103.1402587890625,143900.0
2021-01-15,101.55305506771201,103.54627805702137,99.88280017056157,102.660400390625,124900.0
2021-01-19,104.5613427933751,111.509951041192,102.40201736319935,106.18545532226562,346100.0
2021-01-20,106.93292276796534,111.51919105659756,106.41616252372405,111.16853332519531,229600.0
2021-01-21,112.93105506118394,117.12052315136177,108.56626163142302,110.22727966308594,380600.0
2021-01-22,109.18454224791328,110.2272926973222,106.5453615660725,108.04950714111328,238200.0
2021-01-25,108.43706214916385,110.73480743208741,104.00766703574857,105.8901596069336,227700.0
2021-01-26,106.23160142710388,106.26851387684013,96.8837329812138,97.41895294189453,286200.0
2021-01-27,95.87791871725084,98.29562492703111,93.06340533525665,93.64476776123047,327700.0
2021-01-28,94.40145579421785,98.66474271322234,91.68844990733743,96.68997192382812,214700.0
2021-01-29,95.79483410701614,97.40971671591569,93.20179628506,96.82836151123047,275600.0
2021-02-01,98.07414297955523,103.26945639877317,97.58506529177983,103.2325439453125,230200.0
2021-02-02,105.62256867786914,108.6493194999964,102.10674016123522,107.61579895019531,227800.0
2021-02-03,107.75419065752995,108.90767821592759,103.59241261586834,105.55795288085938,160300.0
2021-02-04,106.04702935238211,107.06209698492074,104.58901940438028,105.96398162841797,170300.0
2021-02-05,107.46814781201105,109.44291831288953,105.75175744540367,109.406005859375,130100.0
2021-02-08,110.07039903152179,112.8018568089794,109.55363884237103,112.66343688964844,196600.0
2021-02-09,113.13406588175462,114.21372861890329,110.1719104786307,113.65083312988281,114900.0
2021-02-10,114.42597586185545,119.17833938837016,112.83877571538338,116.65912628173828,249300.0
2021-02-11,117.05592446982303,119.17833750631999,116.09622190710402,119.03992462158203,146000.0
2021-02-12,118.62467005889046,120.06422036062285,118.13559243280598,118.47702026367188,150300.0
2021-02-16,118.3662942480637,118.62467435873208,113.21712361861236,113.80770874023438,146000.0
2021-02-17,112.6080781029509,114.195278248289,109.99658035312902,112.83877563476562,204100.0
2021-02-18,112.72805338541926,112.73727621831372,109.91354047990852,110.35647583007812,117400.0
2021-02-19,111.83294662990089,117.84030576495763,111.83294662990089,116.85292053222656,318600.0
2021-02-22,116.51149799769088,117.07440060888268,113.19867736590648,113.79849243164062,385400.0
2021-02-23,113.50319960375809,114.37062468290405,109.23990615729296,113.42937469482422,245200.0
2021-02-24,106.66531465428763,111.62993038097476,100.22424307239088,103.62934112548828,576200.0
2021-02-25,104.16456515815855,104.63519017625555,98.73856080011093,98.9508056640625,326600.0
2021-02-26,100.0027681795563,102.96492363000665,98.96924070711705,100.91632843017578,263000.0
2021-03-01,103.80466100321402,107.56964646865985,103.28790077709284,106.17623138427734,242900.0
2021-03-02,106.92368323221814,107.80033094394366,103.81387829887984,104.3490982055664,258800.0
2021-03-03,104.06305309771474,104.4506303522599,100.04891692973895,100.58413696289062,171700.0
2021-03-04,100.04891303887987,102.50353838077285,94.68750416309236,97.65888977050781,169000.0
2021-03-05,98.86774980976384,102.143658112401,95.03816874845971,102.12519836425781,222400.0
2021-03-08,102.20825958251953,105.6318108841013,101.01785920428789,102.20825958251953,116100.0
2021-03-09,104.93969843461801,106.39770858144553,101.07320539978117,101.12857055664062,172800.0
2021-03-10,102.15287998028055,106.58227608839834,101.27623204070753,103.45401763916016,328200.0
2021-03-11,105.05964725831595,107.15438464378745,104.79203729522212,106.12085723876953,345400.0
2021-03-12,105.23266228504023,108.41536513342432,103.82635582804713,107.11082458496094,313000.0
2021-03-15,106.49096069359872,109.90496512588746,104.51102503844217,109.80319213867188,231700.0
2021-03-16,110.70989877463197,112.37526150993114,105.55650642826785,105.65827941894531,166200.0
2021-03-17,104.18719522404507,108.28584813352299,102.21651377065967,108.21183013916016,160300.0
2021-03-18,106.65749262005453,106.99056655177183,100.70843192124927,101.10626983642578,151300.0
2021-03-19,102.29978300569034,104.94586641568064,101.27280623180451,103.33601379394531,353500.0
2021-03-22,103.67834547507343,106.13013719107704,101.40234475666398,103.43779754638672,159400.0
2021-03-23,102.48480725428921,103.43777296219265,97.1278842253483,97.1463851928711,239200.0
2021-03-24,98.87651886312784,100.93971909660742,97.72926122876665,97.9050521850586,191800.0
2021-03-25,96.07314645306809,101.28204767334448,95.57354267907046,100.4216079711914,199100.0
2021-03-26,101.30979153888981,105.18639677986064,101.09699161063239,104.78855895996094,135000.0
2021-03-29,104.76081455300468,105.41770831098485,100.36609712499093,100.4030990600586,198100.0
2021-03-30,99.36687703376099,103.22497470040537,98.40466435573505,102.197998046875,190900.0
2021-03-31,103.46552607358574,105.26967037107548,101.84641968295618,102.58657836914062,139800.0
2021-04-01,103.89112073104941,108.11930121163385,103.89112073104941,107.62894439697266,167700.0
2021-04-05,109.2480624058778,109.95121218588653,106.66674305115684,108.26734161376953,222700.0
2021-04-06,108.74845691195893,109.64590573901815,106.86104028838736,109.18330383300781,184800.0
2021-04-07,108.97049638791225,109.45160629011292,106.69449601325512,106.93505096435547,137100.0
2021-04-08,110.23800739818061,110.23800739818061,105.94506337389942,108.03601837158203,151200.0
2021-04-09,107.87876321765293,112.80084722199625,107.81399923307255,112.2087173461914,229700.0
2021-04-12,112.12544087504455,114.31816916973067,110.50633436808498,113.5872573852539,142000.0
2021-04-13,112.93037725359382,114.48471997065458,111.81088146611927,114.0313720703125,154200.0
2021-04-14,114.77151465074665,117.63964453012628,114.58646968704059,115.02131652832031,172500.0
2021-04-15,116.56641648487064,117.99123108245915,113.80931331010073,117.39910125732422,164200.0
2021-04-16,118.55560324327703,122.3026811051882,118.23178335540989,121.83081817626953,225200.0
2021-04-19,121.83082263527493,123.26489126670167,120.02667815202334,122.19166564941406,279500.0
2021-04-20,122.64501738890274,123.02435434722376,116.38139056856667,118.56486511230469,266900.0
2021-04-21,118.32430887916284,121.51625904324283,118.32430887916284,120.26724243164062,237400.0
2021-04-22,120.68357866485316,122.21015919594711,117.9634773978228,118.93494415283203,238000.0
2021-04-23,120.3967567892506,123.32965069725113,118.53708839752264,121.32196044921875,554200.0
2021-04-26,122.39520665717232,124.12534739369544,121.67354880979536,122.51548767089844,107500.0
2021-04-27,122.58949165057419,125.4853837822557,122.37669875003971,123.05209350585938,114900.0
2021-04-28,123.49616958107279,123.51467760552032,120.94261278927617,122.2378921508789,114100.0
2021-04-29,123.50547147610543,126.18855709094176,123.15388948281992,125.83697509765625,196400.0
2021-04-30,124.37512837013419,125.38361114665966,123.76450464880632,124.57867431640625,216400.0
2021-05-03,126.22553652797326,127.64111120524883,125.29108585466246,127.35428619384766,243300.0
2021-05-04,126.78065091357796,129.3619769190561,125.62414638862924,129.149169921875,233000.0
2021-05-05,129.75058388175847,130.06514978043936,126.9657114539071,128.40902709960938,299900.0
2021-05-06,129.30648237915415,129.30648237915415,124.34738927872634,127.60411071777344,444300.0
2021-05-07,115.03057836078219,118.42607426474304,112.9303619970967,118.02823638916016,856500.0
2021-05-10,116.05755336155616,120.98889073309175,114.57722180763804,118.95344543457031,467000.0
2021-05-11,114.66976741948193,116.49242013324897,112.64356872933043,113.10617065429688,539700.0
2021-05-12,111.98667151987786,113.57802322394052,106.82403249634761,107.22187042236328,528800.0
2021-05-13,107.9157500063071,112.5325141079567,107.9157500063071,111.94963836669922,313700.0
2021-05-14,112.83786020529354,115.23414183685749,112.19946729278799,114.09613800048828,177000.0
2021-05-17,112.81009066700946,113.3374565088232,109.74766859075288,111.85713195800781,203300.0
2021-05-18,111.80161394130391,111.9959129338594,107.54567824848718,107.8232421875,200900.0
2021-05-19,105.00137306052261,106.76851563561411,102.85490061324182,106.25039672851562,206900.0
2021-05-20,106.6019791778096,109.45160847466045,105.78779534514102,107.75848388671875,184400.0
2021-05-21,109.22953538529818,109.68289023420024,105.61199295904295,106.3984146118164,218700.0
2021-05-24,107.619713023776,107.619713023776,106.06537025213552,106.61124420166016,433900.0
2021-05-25,107.57343619785239,109.20179676357158,106.77776747213991,107.66596221923828,473000.0
2021-05-26,108.27658982455678,111.02444599226439,107.83249599348446,110.31204223632812,181800.0
2021-05-27,110.69137851020518,111.02445243220136,108.98900696110884,109.27581787109375,178500.0
2021-05-28,110.55258721558143,110.56184122895266,108.29509500633365,109.72915649414062,155100.0
2021-06-01,110.4508054209381,111.9218828447073,109.33130988974871,111.4407730102539,303100.0
2021-06-02,110.88566464918385,110.88566464918385,108.36910939641609,108.8409652709961,300600.0
2021-06-03,108.06379346489521,108.98899715189347,105.9080671800907,108.45237731933594,280000.0
2021-06-04,109.79392890167284,110.93193263643084,107.12009059031459,110.75614166259766,137400.0
2021-06-07,111.0799579212632,111.47779580878894,109.74766934573633,110.3768081665039,125400.0
2021-06-08,111.1169647043035,112.48626930766764,109.90495009705643,112.0699234008789,213900.0
2021-06-09,112.17169527585587,113.22642693540269,110.10849496553384,110.2842788696289,238400.0
2021-06-10,110.21952712768332,110.21952712768332,106.08387203445136,106.4076919555664,178800.0
2021-06-11,106.96281401723762,108.9149946388947,106.50021210800598,108.7114486694336,178600.0
2021-06-14,108.30333243947976,109.61120556619734,104.16636126195412,105.08465576171875,263500.0
2021-06-15,105.16810505331254,106.69860018486476,104.4353223642224,105.74320220947266,219100.0
2021-06-16,104.63939380592201,106.01220346332691,103.22020979515852,104.27764129638672,260700.0
2021-06-17,103.85097182360994,105.16812251170036,102.1535131763423,103.35935974121094,259700.0
2021-06-18,101.6989830697242,105.19593311361477,101.48564549464837,103.07179260253906,372500.0
2021-06-21,103.78601454846347,106.91193425525616,103.78601454846347,106.90265655517578,247600.0
2021-06-22,106.31831115016014,106.85629756195362,105.3258093375715,106.63368225097656,255300.0
2021-06-23,106.41104212668523,106.93048009011166,104.6301059005276,106.67076110839844,348100.0
2021-06-24,107.96008908791303,108.95259070302633,106.6429387345499,108.1270523071289,272900.0
2021-06-25,107.99721283407662,108.94333320049896,107.46849705467321,107.76531982421875,221300.0
2021-06-28,108.32185049667525,110.50164314988676,107.48703433164616,110.31613159179688,205500.0
2021-06-29,110.49239384220652,112.85769850982811,110.31615287425169,111.99505615234375,205000.0
2021-06-30,111.55908200981838,113.91511575347332,110.82630635292327,113.49771118164062,198000.0
2021-07-01,113.72961113412882,116.08564502178274,112.73710931045848,115.43634033203125,261400.0
2021-07-02,116.06707979604317,116.06707979604317,111.29936036501249,111.75387573242188,177900.0
2021-07-06,112.06923886754278,112.65360662832353,107.30151977440815,109.12883758544922,247800.0
2021-07-07,108.74854695014527,111.31792553394438,108.49810560632159,109.91728973388672,169200.0
2021-07-08,107.46848834910385,109.14739133989374,104.98259520172677,106.40177917480469,199700.0
2021-07-09,107.44065946891014,109.75958931805273,106.04930155942458,107.83951568603516,242700.0
2021-07-12,107.76532309864423,108.47027985153974,105.50204498908211,108.39607238769531,286700.0
2021-07-13,107.33862056747355,107.89516228779307,104.22197844150992,104.47241973876953,169900.0
2021-07-14,105.59480456642174,106.89340692300554,103.5541487752283,105.15885162353516,194400.0
2021-07-15,104.6208464811543,105.92871931811062,103.94371580896222,105.50203704833984,89500.0
2021-07-16,106.35539930149787,107.31079724283228,103.46137237548828,103.46137237548828,186100.0
2021-07-19,101.36508062925041,104.10142264251053,100.69722756734538,102.62657928466797,205600.0
2021-07-20,103.61907066490295,107.26442902738191,102.32046840700372,106.26264953613281,375900.0
2021-07-21,106.70788027308417,110.12134540559886,106.70788027308417,109.84307098388672,293100.0
2021-07-22,109.4163944932764,109.4163944932764,107.12529047444887,107.67256164550781,119100.0
2021-07-23,108.68360449012987,110.24192566077417,107.94155117070693,109.6019058227539,293600.0
2021-07-26,110.27904664207047,110.27904664207047,106.60586196732028,107.77460479736328,227200.0
2021-07-27,106.69862288106202,109.18451651678853,105.47422793073785,109.05465698242188,114700.0
2021-07-28,109.91727538779716,110.7242655269043,106.93977029613,108.65577697753906,138100.0
2021-07-29,109.94509996847789,113.69249142300289,109.94509996847789,112.82984924316406,241200.0
2021-07-30,111.66111433721477,114.48093405443359,110.95616471551959,111.30863952636719,154400.0
2021-08-02,111.3086442700373,112.40317955509853,109.90800851479835,110.26049041748047,204200.0
2021-08-03,111.05818363650685,113.43276537040813,109.51841092812214,112.26402282714844,386000.0
2021-08-04,111.12313346237241,112.87624405560811,109.85235721717918,110.38107299804688,300200.0
2021-08-05,112.10634923209058,113.99859690638279,110.15844950399382,113.98004150390625,264900.0
2021-08-06,114.1377293645492,115.19516080367491,111.28080610801447,114.34178924560547,164700.0
2021-08-09,114.51803665858843,115.96504669363723,113.52553491563346,114.63861846923828,202900.0
2021-08-10,114.5644278463177,117.90368586835538,114.2305013364326,115.70533752441406,273400.0
2021-08-11,115.76098867087303,118.23760421757575,114.91689475225184,118.20050048828125,257000.0
2021-08-12,118.88691207669497,119.83303956355091,115.20444977808457,115.807373046875,282300.0
2021-08-13,115.33430001132943,115.65895587539244,113.40495561417994,114.60152435302734,88400.0
2021-08-16,113.07103264249314,115.22299948367773,112.67217638380399,114.3974609375,74900.0
2021-08-17,113.4327846109054,113.4327846109054,109.45349974551613,110.53875732421875,163700.0
2021-08-18,109.86163966043848,112.20839589568905,109.38857591709447,109.88018798828125,91400.0
2021-08-19,107.95082640682438,110.54803082779294,107.54269954059019,109.50914764404297,154000.0
2021-08-20,109.78741875583648,113.7295996218908,109.49987371018665,113.02464294433594,231300.0
2021-08-23,113.53480331780088,114.02641529832378,112.16199377577146,113.57190704345703,162900.0
2021-08-24,114.02642666022867,117.98715600092106,114.02642666022867,117.22654724121094,203300.0
2021-08-25,116.89261266676066,118.97037182910697,116.89261266676066,116.9575424194336,187600.0
2021-08-26,116.2897123272448,117.56048152703097,113.44206637099893,114.05426025390625,117800.0
2021-08-27,113.97077727668278,117.46772069766529,113.97077727668278,116.76276397705078,211100.0
2021-08-30,117.63469254958707,118.18196376439262,116.33609020404205,117.43990325927734,206100.0
2021-08-31,117.95005003398599,117.95005003398599,114.44382219351927,115.18588256835938,101400.0
2021-09-01,115.66821674285224,117.7367052588074,115.5661832644932,116.56796264648438,208600.0
2021-09-02,117.38424790583818,117.40279623337976,115.98361210320506,116.12274932861328,81900.0
2021-09-03,115.28792929071358,115.50126689613938,113.59047076511668,114.5365982055664,160400.0
2021-09-07,114.05424860694764,115.29719872696221,112.07852285806767,112.18982696533203,101100.0
2021-09-08,111.14166968521292,111.94865982151839,109.49987046347482,110.73353576660156,128500.0
2021-09-09,110.73355357120204,114.65718662621921,110.73355357120204,112.75566101074219,155700.0
2021-09-10,113.65540347183465,114.85197227942423,112.88551696297408,112.95972442626953,122800.0
2021-09-13,114.37890838893732,114.37890838893732,110.26049325711371,111.85591125488281,163600.0
2021-09-14,113.26931978285637,113.77145866808604,109.23362121208436,109.67996215820312,101900.0
2021-09-15,109.16855764568795,112.5440394111298,108.4897381182846,110.92604064941406,170000.0
2021-09-16,111.27937579423487,112.5719158360261,110.70285142980146,111.71642303466797,222500.0
2021-09-17,112.32085382259814,113.05546411053679,110.80514323525877,112.04188537597656,319100.0
2021-09-20,109.54978433317311,110.58195757817488,106.07201531633983,107.4575424194336,179000.0
2021-09-21,108.14568187377866,108.41534241414591,106.61136944534701,107.03911590576172,139500.0
2021-09-22,107.95038924474203,109.02905967975144,106.48117575129669,106.78803253173828,151300.0
2021-09-23,107.62494284292895,108.19217354998764,105.72797562342392,105.8023681640625,152300.0
2021-09-24,104.79808208749792,105.72796749056165,103.74731413604243,104.12857055664062,166000.0
2021-09-27,103.57063336397236,106.67645429107144,103.14288693103538,106.09062194824219,131200.0
2021-09-28,105.32810413603335,105.82094930123033,102.66863872194122,103.05918884277344,94400.0
2021-09-29,104.09136250632329,104.97475070145165,102.8453125181468,104.26803588867188,148900.0
2021-09-30,105.09564506188939,105.09564506188939,99.55352891469916,99.63722229003906,145900.0
2021-10-01,100.13006244241721,100.52991345732698,97.85184599817534,99.33036041259766,219200.0
2021-10-04,99.0978947096711,99.67442625772811,97.92623702563536,99.54424285888672,156100.0
2021-10-05,99.77669717128362,100.63218995870426,97.40548677944085,97.7867431640625,146900.0
2021-10-06,97.40549121010037,99.60002122162716,96.99633938252214,98.94910430908203,148000.0
2021-10-07,99.73951794822561,102.14791792103917,99.73951794822561,100.28814697265625,129000.0
2021-10-08,100.08355940659035,100.76237884545597,98.22378867425556,98.55854797363281,124000.0
2021-10-11,98.61434927538973,101.56208428377205,98.1865957492707,100.29743957519531,229800.0
2021-10-12,101.13433499154085,101.48768887870703,99.6930098279202,100.98554992675781,113300.0
2021-10-13,101.66436526332734,102.46406721808054,100.64149281487573,101.78524780273438,108500.0
2021-10-14,102.86392852483588,105.00266075100858,102.86392852483588,104.46332550048828,214700.0
2021-10-15,106.18361447619068,106.31379786264748,103.57063171782225,103.5892333984375,127500.0
2021-10-18,102.59425382032958,105.03054893135804,102.59425382032958,104.64929962158203,148500.0
2021-10-19,105.44899628975044,105.44899628975044,103.87748783493927,104.62139892578125,71900.0
2021-10-20,104.80738066280696,107.56914138533115,104.80738066280696,107.15069580078125,121500.0
2021-10-21,106.8531308486201,108.41533145334577,105.80235584422805,108.20146179199219,165200.0
2021-10-22,108.4153263243523,110.9167201116303,108.4153263243523,109.6706771850586,190400.0
2021-10-25,109.69856650796727,113.99463191769055,109.44749351200637,113.86444854736328,191800.0
2021-10-26,114.09692839255354,114.61766900724409,112.49753156692877,113.39022064208984,158900.0
2021-10-27,113.76216186287904,116.59831480748137,113.76216186287904,115.53824615478516,255900.0
2021-10-28,116.26357224313983,118.28142188999138,114.81295326670649,115.33368682861328,124300.0
2021-10-29,115.1198172846693,118.39301082589273,115.1198172846693,118.1419448852539,123700.0
2021-11-01,118.4952981003101,123.09823513727358,117.90947284591662,122.91224670410156,293600.0
2021-11-02,122.63330014756433,122.90296069034869,117.22135990926851,119.26710510253906,310700.0
2021-11-03,119.14621349906454,123.45157298724129,119.09042264873115,122.94014739990234,192500.0
2021-11-04,117.63981345530541,123.20982546536547,114.51539769104174,120.95021057128906,315800.0
2021-11-05,120.56891838633253,125.24623980523994,120.56891838633253,123.3492660522461,194900.0
2021-11-08,123.75844731100224,124.6511435585452,121.79638850457313,122.52169799804688,123600.0
2021-11-09,122.86573571284933,124.23266808858536,122.27990349784186,122.69834899902344,136000.0
2021-11-10,123.00523325258064,124.20479330270344,121.26635218444115,122.07534790039062,286700.0
2021-11-11,123.15402050486298,123.8607282770851,121.45232857741566,122.24273681640625,270800.0
2021-11-12,123.27489997404946,124.61392287586548,121.26634433794013,124.3256607055664,164000.0
2021-11-15,125.05098591028963,125.05098591028963,122.6146906775902,122.92155456542969,88500.0
2021-11-16,123.45158218787108,126.85496620109909,123.01453490912142,126.37142181396484,114300.0
2021-11-17,126.45511587794361,128.18470322417602,124.59534514818509,127.85923767089844,121300.0
2021-11-18,128.87281844889827,128.88212638411864,126.47371233476936,128.3055877685547,165100.0
2021-11-19,127.82203268377181,130.64887760010714,125.5345087260816,127.7755355834961,191000.0
2021-11-22,128.8914124049013,131.20683209681863,126.71548403259818,129.1517791748047,98700.0
2021-11-23,128.95650362551288,130.24905798459636,127.1060407150203,129.6353302001953,120700.0
2021-11-24,128.24978176605126,129.18896083222228,127.22691642633434,128.11959838867188,127400.0
2021-11-26,124.04670199744588,125.93436815300822,121.35933386054248,123.83283233642578,141900.0
2021-11-29,125.84138019557196,125.84138019557196,121.42442499095155,122.33570861816406,327100.0
2021-11-30,121.44302287335628,123.21909296916029,117.86295888070059,120.03888702392578,239200.0
2021-12-01,122.94944735230146,122.94944735230146,115.52895882147192,115.55685424804688,427200.0
2021-12-02,116.78430615464967,123.7398592921565,115.59405395560661,123.09823608398438,236100.0
2021-12-03,123.0889270976599,124.55814774713326,120.96878949941362,122.2613296508789,172100.0
2021-12-06,124.31635673673001,127.72903377511749,122.48448172698829,126.79914855957031,235500.0
2021-12-07,128.32419716875333,129.5423448861415,126.72479299646344,127.46870422363281,142600.0
2021-12-08,127.73837463432085,129.2912818143887,127.30132728669922,128.2777099609375,131700.0
2021-12-09,127.40359363241127,129.17038440696487,125.92507925075036,127.60816955566406,165700.0
2021-12-10,128.6310227627386,130.57447944570453,127.30127953460459,130.36990356445312,141600.0
2021-12-13,130.42574006410254,130.54662972413988,127.64539139466216,127.94294738769531,178300.0
2021-12-14,127.08557988304112,127.70064882142469,124.31778388024706,127.20673370361328,274900.0
2021-12-15,124.47620416372861,130.37522832871517,124.08478637294219,129.7415313720703,214600.0
2021-12-16,129.76016502797646,129.78812140831712,126.23751890576561,127.45832824707031,207800.0
2021-12-17,125.3615041247106,126.28409304017521,121.77361726255681,122.69622039794922,478500.0
2021-12-20,121.07471353290403,121.07471353290403,117.97142671454442,120.51557159423828,193700.0
2021-12-21,122.192972207125,125.55719368878496,120.97216301531878,125.41741180419922,123800.0
2021-12-22,125.7063419316206,128.0174931832004,125.28698193088017,127.61677551269531,120800.0
2021-12-23,130.00246158000135,130.3659087532558,128.1945397674277,129.55514526367188,225100.0
2021-12-27,129.54581821066444,130.46842145297077,129.42467863172442,130.11428833007812,117400.0
2021-12-28,130.58026827154671,131.80107785331398,129.32218824862713,129.78814697265625,101600.0
2021-12-29,130.11427923984667,131.67990758226543,129.43398364280705,130.81321716308594,104400.0
2021-12-30,131.07415646110462,131.49353060254418,128.75369159277838,129.34078979492188,83300.0
2021-12-31,128.94942516712848,130.80394618670073,128.4648382857788,130.20751953125,62000.0
2022-01-03,130.66410991120142,131.13938253872016,124.34569854930874,125.41741180419922,241900.0
2022-01-04,125.56652263152858,126.87120096105282,124.61596315148819,126.05110931396484,272300.0
2022-01-05,126.36798410527666,126.89916954054402,120.56212943079372,120.65532684326172,193900.0
2022-01-06,119.13631059403119,120.57147127598512,117.46818479454113,118.40941619873047,159100.0
2022-01-07,118.2509894956229,119.61159505489074,112.45446256245208,112.58493041992188,216500.0
2022-01-10,110.74904383333006,112.97633262725914,108.99704194304607,112.85517883300781,261700.0
2022-01-11,112.85517942609393,114.93335805647031,111.8207506926281,114.66310119628906,175700.0
2022-01-12,115.3340916617764,117.70116255185249,113.62868122802615,114.00144958496094,83800.0
2022-01-13,115.20360902417237,117.66386991037042,113.59138910899206,114.281005859375,127000.0
2022-01-14,112.78994976932817,114.86812847833265,109.48164761772811,110.7210922241211,151300.0
2022-01-18,109.06227894044028,109.53755874751508,105.94035745154356,106.11742401123047,138200.0
2022-01-19,104.55179901777537,107.15184901003711,103.21915705994869,105.5489501953125,207700.0
2022-01-20,106.60201386352632,107.32890818232866,102.10085183098641,102.40838623046875,184000.0
2022-01-21,102.38976146719656,105.18551350799777,100.69367218017578,100.69367218017578,146000.0
2022-01-24,99.04416033411877,104.94319800321192,97.85130743818092,104.66361999511719,203200.0
2022-01-25,102.6320315796581,103.18186638681965,99.84560133512288,101.40190124511719,134200.0
2022-01-26,103.22847099935072,104.81273459562772,94.97169067790415,96.28569030761719,163800.0
2022-01-27,96.98463496950765,98.57821272959312,93.29424324457844,94.35662841796875,171200.0
2022-01-28,94.51506439476368,99.54741995742178,91.72863325951924,99.40763092041016,308800.0
2022-01-31,98.35455764694125,103.24712371826172,98.35455764694125,103.24712371826172,180500.0
2022-02-01,103.48010280952798,105.67942831183512,100.24634848579818,103.79695129394531,164700.0
2022-02-02,104.90590822278645,105.26935532493015,102.04492299490765,103.22845458984375,137100.0
2022-02-03,101.2994094841265,103.20984282740069,100.24634547581353,100.60047149658203,98700.0
2022-02-04,100.12520482964158,100.12520482964158,96.72370499622119,97.13375091552734,130800.0
2022-02-07,97.73017180708399,99.00689398378827,95.8942935509851,98.0097427368164,107800.0
2022-02-08,98.03769828517153,100.89868414589188,96.89144397408202,100.3208999633789,80000.0
2022-02-09,101.84924873603373,104.13244341526985,101.84924873603373,103.88082885742188,110200.0
2022-02-10,100.98256213169532,104.10448375543608,98.80187188913534,99.42626190185547,175500.0
2022-02-11,100.50728105896859,101.72809757710176,97.64629518466016,98.4011459350586,100700.0
2022-02-14,98.58752729973271,100.41408426707969,97.2735205568655,99.78038024902344,215600.0
2022-02-15,101.05710794373584,103.42417859034829,100.45136031476626,101.7746810913086,136800.0
2022-02-16,101.32736817053497,102.85571192868645,100.38612973448993,102.38043212890625,256700.0
2022-02-17,101.42056464543766,101.85856692776561,98.06566368223756,98.64344787597656,87900.0
2022-02-18,98.78324717276463,100.15316692681164,97.26422432771449,99.32376098632812,121300.0
2022-02-22,98.29865030742407,99.64992769106023,95.35378791582222,95.96885681152344,122800.0
2022-02-23,97.12443581093434,97.12443581093434,88.82104808669945,89.26837158203125,261900.0
2022-02-24,86.66830359693938,89.67839942014211,83.87255186800586,88.58805084228516,332200.0
2022-02-25,87.4883939954742,87.95435264777001,85.3543025147636,86.57511901855469,400800.0
2022-02-28,86.00664272183096,90.84329546075575,85.96936517912667,90.11639404296875,434200.0
2022-03-01,89.60385672401917,95.54948699674499,88.78376488642574,93.44335174560547,355800.0
2022-03-02,93.4526659820489,96.31365181708892,93.4526659820489,95.0555648803711,234500.0
2022-03-03,97.3201137023044,97.3201137023044,93.18239904968125,93.82542419433594,194400.0
2022-03-04,92.56736816015801,93.56451961345722,90.37736342926344,91.58885192871094,205300.0
2022-03-07,92.46483678762384,93.45266686265713,88.42963312230637,88.54146575927734,229300.0
2022-03-08,88.71853236886797,93.21969505297065,86.79878482747624,90.38666534423828,210000.0
2022-03-09,91.91500057053881,94.89714019103863,91.91500057053881,92.53939056396484,177300.0
2022-03-10,90.89919710394543,93.45264803223559,90.47983013227908,93.07987976074219,155200.0
2022-03-11,93.35947340052455,95.0089638578413,92.4275561204674,92.68849182128906,240800.0
2022-03-14,93.1366351191905,93.1366351191905,89.7591095910096,90.91011047363281,187000.0
2022-03-15,91.12708671723856,95.95751380047525,90.6364998968434,95.75939178466797,167100.0
2022-03-16,95.75939862340883,98.96710405628406,94.2027173047303,95.96695709228516,332300.0
2022-03-17,95.67449062711385,98.485944753999,94.56122838413343,97.8915786743164,205800.0
2022-03-18,97.88214742010717,99.95771778744816,96.44811816232699,99.30674743652344,295600.0
2022-03-21,96.05186098012422,96.17451308924993,91.2403065534266,92.71207427978516,351900.0
2022-03-22,92.66491015634158,95.93865631152971,92.28753177111147,92.45735168457031,312900.0
2022-03-23,91.55165996430246,91.55165996430246,87.07974458341636,87.39107513427734,219700.0
2022-03-24,87.31559094894047,87.31559094894047,82.40025005138422,83.44747161865234,382600.0
2022-03-25,83.96636147324882,84.72111816340161,81.20207535256209,81.66436004638672,244100.0
2022-03-28,81.81531738907677,83.91918968677845,81.43793902958379,83.56068420410156,185600.0
2022-03-29,85.24945777659138,87.63636595115584,84.84377724745907,87.04199981689453,249100.0
2022-03-30,86.26835691465506,87.96654855283533,82.32476823790124,82.9002685546875,226400.0
2022-03-31,82.6832858412543,83.06066421564404,79.55105757023891,79.71144104003906,297700.0
2022-04-01,80.33411646003132,81.3435994730185,79.56992327225664,81.00395965576172,413600.0
2022-04-04,81.21152655483512,81.45681640551912,79.9756120700738,80.22090911865234,360600.0
2022-04-05,79.84352504378508,81.06056656272773,76.33392547968522,76.56978607177734,319700.0
2022-04-06,75.58860073848572,75.58860073848572,73.37150554375016,74.23004150390625,349700.0
2022-04-07,73.95644474316724,74.89988708682074,71.65444312132664,72.81488037109375,446000.0
2022-04-08,73.0035731570812,75.3433135670579,72.21108496528083,73.31491088867188,328400.0
2022-04-11,72.60733511197719,76.0509017323176,72.60733511197719,74.73951721191406,328200.0
2022-04-12,76.4282729137097,78.18307640116744,74.50364950172721,74.89045715332031,358700.0
2022-04-13,74.73006156563,77.50378415102085,74.73006156563,75.99427795410156,306000.0
2022-04-14,76.59809307026961,77.5792740596189,75.12631798729845,75.89994049072266,346000.0
2022-04-18,75.3527409565851,75.8055892409689,73.0507393843041,74.0224838256836,269000.0
2022-04-19,74.23005842250225,77.87174715796152,74.23005842250225,77.12642669677734,325400.0
2022-04-20,77.90945129407652,80.92846317167754,77.18299683741209,80.03219604492188,418100.0
2022-04-21,80.57941386616852,82.18326296803201,78.87177833298422,79.21141815185547,308800.0
2022-04-22,78.49441003544274,79.02274270924407,76.49431662071375,76.645263671875,212400.0
2022-04-25,76.4093990910447,80.24920942793783,75.46595667708675,80.20204162597656,224900.0
2022-04-26,79.39068364165055,80.91905580466351,75.55087315639425,75.84333801269531,299000.0
2022-04-27,76.0131527527694,77.30567141284261,74.3526921379845,75.79615783691406,244100.0
2022-04-28,77.00377309213623,78.87178505729389,74.89989332353124,78.26798248291016,120100.0
2022-04-29,78.06042682159558,78.97556715590191,75.50369862868007,75.91881561279297,195900.0
2022-05-02,75.550870351534,77.8339992692713,74.90932922115636,77.54153442382812,225600.0
2022-05-03,77.89060158083187,78.52271345387666,75.20179220318869,77.73965454101562,213500.0
2022-05-04,78.39061193937803,80.40958494661166,75.33386110994817,80.06050872802734,476600.0
2022-05-05,78.01324855762903,84.90037324671006,78.01324855762903,81.86248779296875,287200.0
2022-05-06,80.9001927739528,83.51352528016007,80.15487234995557,82.77764129638672,248000.0
2022-05-09,80.92847586759525,84.95697834644801,80.8058309651028,83.59841918945312,290700.0
2022-05-10,84.69282081162075,85.42871192751197,79.47558550787357,80.47563934326172,229800.0
2022-05-11,80.07939349566004,81.35304657628166,76.73017707796308,77.3622817993164,205100.0
2022-05-12,77.69246718951514,82.88139952054144,75.93766404355479,82.57949829101562,242600.0
2022-05-13,83.48520491435472,84.63620564172467,82.50402408443107,84.04183959960938,189300.0
2022-05-16,83.74937679054833,84.4852678921691,81.85306279183553,83.6267318725586,207400.0
2022-05-17,84.9947199626607,87.27785597663566,83.23992377023964,86.7117919921875,206900.0
2022-05-18,84.22109511409894,84.7682934026227,80.99452401621419,82.08892059326172,257100.0
2022-05-19,81.28699831086271,84.6550872944821,81.28699831086271,82.18326568603516,261200.0
2022-05-20,83.9003378346528,84.04185564252153,80.28695150349223,82.68329620361328,169300.0
2022-05-23,84.8532054226069,85.51361217413093,81.79644709239747,83.87202453613281,195000.0
2022-05-24,83.27765720587772,83.54182712323642,80.17373805427628,81.8436279296875,188300.0
2022-05-25,81.53228023928362,85.81550906101708,81.53228023928362,85.7022933959961,275000.0
2022-05-26,86.16459169068915,88.79679671514279,85.37209637251787,88.41941833496094,182700.0
2022-05-27,88.43827803291066,91.00444220709795,88.15524966533889,90.80632019042969,223300.0
2022-05-31,90.17421316361649,90.78745207372745,87.90051385634635,90.136474609375,339600.0
2022-06-01,90.56103683004565,91.41957289623791,88.74962909214523,88.7779312133789,203500.0
2022-06-02,89.50438559549434,91.86299166180224,89.50438559549434,91.5799560546875,180300.0
2022-06-03,90.14591851321215,91.70259261670964,89.96666216519256,91.07048797607422,127900.0
2022-06-06,91.6554275935286,92.54225852587483,89.70250217749505,92.53282928466797,191300.0
2022-06-07,91.15541802384813,93.24985435249083,89.9478055632741,93.24042510986328,190300.0
2022-06-08,92.0799687724207,93.55174368267198,91.24974212404602,92.34413146972656,147200.0
2022-06-09,91.33466720640834,93.8159256175298,91.33466720640834,93.24042510986328,125300.0
2022-06-10,91.79694208507706,92.79698865696456,86.75895627270044,86.82499694824219,263900.0
2022-06-13,84.60791922297251,85.21172181527693,78.76800815283086,79.5133285522461,346400.0
2022-06-14,79.48965407640576,80.53133260451274,78.56160873961005,80.10518646240234,291500.0
2022-06-15,81.41202144314786,81.54459830891788,78.34380262477431,80.2093505859375,244900.0
2022-06-16,78.31538417220592,78.31538417220592,71.56340721146107,72.8891830444336,296900.0
2022-06-17,73.2016987248038,75.68278650820791,72.0463797302883,74.87785339355469,522500.0
2022-06-21,75.65437190532646,75.65437190532646,72.055838342735,72.8986587524414,316300.0
2022-06-22,69.2622603462401,71.48766651914305,65.75842996549068,67.52928161621094,665400.0
2022-06-23,67.90806255865965,76.29832170520864,67.90806255865965,76.17521667480469,365000.0
2022-06-24,77.17901170561863,80.0767735141324,77.17901170561863,78.45743560791016,259000.0
2022-06-27,79.06349926731009,81.26049649889696,78.33432654503686,79.7169189453125,186500.0
2022-06-28,79.81163364374486,81.83817433855101,77.47258718691474,77.54834747314453,186700.0
2022-06-29,77.46310442552605,78.4669026958048,75.82482293781189,76.80968475341797,277900.0
2022-06-30,75.75854123340773,80.2188244815369,75.67331634247094,78.75100708007812,218700.0
2022-07-01,78.16386902491146,83.3438599897615,78.16386902491146,82.83248901367188,209300.0
2022-07-05,81.56354154780942,83.95941162109375,80.37981427292301,83.95941162109375,212400.0
2022-07-06,84.44235741874681,85.09577711117119,81.59194767114155,84.24349212646484,155100.0
2022-07-07,84.4328882756565,85.78706511358945,83.38173805503854,84.94425201416016,129300.0
2022-07-08,84.18666904442865,85.9954002156596,83.35332057924049,85.30410766601562,160400.0
2022-07-11,85.00109948867805,85.83444098051557,84.28139120374188,85.42723846435547,103700.0
2022-07-12,85.0768424602884,87.99354817310379,85.0768424602884,87.03710174560547,147600.0
2022-07-13,85.05789580262119,87.16966816755122,82.92718698269091,86.24162292480469,158100.0
2022-07-14,84.99160978443572,85.56926921444428,82.93666117599071,85.2662353515625,170000.0
2022-07-15,87.16966866320841,87.16966866320841,84.41394843914533,85.56926727294922,379000.0
2022-07-18,86.0427764852226,86.23216997630485,83.372287801531,83.38175964355469,157900.0
2022-07-19,84.66017290395311,86.61095306632016,83.61849438690948,86.20375061035156,145300.0
2022-07-20,86.19427604587332,86.81928747128822,85.26623797315699,86.6583023071289,134900.0
2022-07-21,87.10337860093748,88.90263802325704,84.16772959631734,88.85529327392578,219500.0
2022-07-22,89.45189750179843,90.49357600818102,88.21135368987078,89.93486022949219,156800.0
2022-07-25,90.12423970344425,90.12423970344425,87.95565091072703,89.12991333007812,108000.0
2022-07-26,88.2113525139717,88.86476501636729,86.90451305938558,87.73786163330078,103900.0
2022-07-27,87.69050460539427,91.38373470692288,87.11284518624993,90.34205627441406,142700.0
2022-07-28,91.48790894459287,94.3856708351078,90.44623044750362,94.22468566894531,171900.0
2022-07-29,94.22468913338592,96.0997162770053,93.33452392910323,96.04289245605469,134900.0
2022-08-01,95.85348521376335,98.04101054626855,95.42733912990217,96.41220092773438,165200.0
2022-08-02,95.11484431792987,95.39893449316477,92.05609024611118,92.22654724121094,156000.0
2022-08-03,92.59588573153198,93.89325348933619,91.51632698193366,92.65270233154297,103600.0
2022-08-04,95.39894096861717,100.41794721231271,94.6887046449752,98.97853088378906,170300.0
2022-08-05,93.86483108378845,96.20386987315345,91.44055295741977,93.69437408447266,150100.0
2022-08-08,95.45576855781825,97.66223066616291,95.29477616051165,96.00501251220703,140000.0
2022-08-09,95.56938761724226,96.03341383365557,91.90457320838571,92.85155487060547,152700.0
2022-08-10,95.65464050397367,97.39708367303905,94.66977849432432,95.001220703125,185100.0
2022-08-11,95.85349190965546,99.86869242368847,95.85349190965546,97.16032409667969,146500.0
2022-08-12,97.82322538304432,99.2626345776564,96.40275264597145,99.24369812011719,83300.0
2022-08-15,98.9595870929009,100.18119434601142,97.26448899245592,98.34404754638672,81000.0
2022-08-16,98.23041751754839,100.91037030849502,96.63001609026051,99.6792984008789,178100.0
2022-08-17,98.29669460782783,99.74557532398642,97.29288918217247,98.45767974853516,66800.0
2022-08-18,97.9368454275987,99.9728575223304,97.61487511837912,98.9406509399414,73100.0
2022-08-19,98.15465249204476,98.15465249204476,94.42354236410634,94.95384979248047,106200.0
2022-08-22,93.80801146445114,94.98227405667372,92.44436263381147,92.99360656738281,120800.0
2022-08-23,93.32504667571231,94.8402159060978,92.61481042163504,93.27769470214844,71600.0
2022-08-24,91.9329922464853,94.69817728935918,91.7530633976683,93.51445007324219,62000.0
2022-08-25,93.23982674553004,96.09971581472895,93.23982674553004,94.92545318603516,86600.0
2022-08-26,95.69250945162473,95.69250945162473,87.05603322530399,87.8136215209961,156400.0
2022-08-29,86.97081335781463,88.7795522366676,86.97081335781463,88.2492446899414,90200.0
2022-08-30,88.36287191891448,89.30985374541628,86.82876598391628,87.40642547607422,139600.0
2022-08-31,87.77573498238996,88.67536469613064,85.10524691093063,85.75865936279297,178200.0
2022-09-01,84.45184117805341,84.53706607610384,81.86657756371893,84.17721557617188,208900.0
2022-09-02,85.49350485888384,86.1469245296264,83.7226537423681,84.6791000366211,139100.0
2022-09-06,84.45183192182522,85.19994836394113,82.53893198462939,83.230224609375,142600.0
2022-09-07,83.59954238161517,86.55412785341298,83.59954238161517,86.39314270019531,165600.0
2022-09-08,85.37041199873543,86.4120905494201,85.02002612650332,86.38368225097656,66600.0
2022-09-09,86.93293023779194,87.12232370371052,85.86283620314885,86.27951049804688,123400.0
2022-09-12,86.83823364720227,88.42916346054315,86.83823364720227,87.49165344238281,78000.0
2022-09-13,84.14879190173824,84.99160501132397,82.34952528103169,83.00294494628906,137900.0
2022-09-14,82.74158975739893,84.07214747807934,80.3275796536824,81.2779769897461,159800.0
2022-09-15,80.94534297133418,82.68457191389041,79.2916535633242,79.67181396484375,123600.0
2022-09-16,78.66439059567847,81.35401701169235,78.55034754685829,81.1639404296875,267900.0
2022-09-19,80.9358488637289,82.33292699924499,80.55568844038923,81.94326782226562,109400.0
2022-09-20,80.85981287480587,80.85981287480587,78.77844023968163,79.86189270019531,103000.0
2022-09-21,80.72675621435312,82.51350068807758,79.53875948292436,79.72883605957031,119300.0
2022-09-22,78.76893775382551,79.14909818260848,74.60619954859254,75.74667358398438,198000.0
2022-09-23,74.70123987027664,76.34543068772595,73.84588069504164,75.26197814941406,148700.0
2022-09-26,75.01486445091257,76.40244373631377,72.62936502999742,72.70539855957031,138300.0
2022-09-27,74.1690087916538,75.11940612534855,72.84795707789458,75.00535583496094,267400.0
2022-09-28,76.25989021477744,80.0519813035839,75.57560288293395,79.62429809570312,379900.0
2022-09-29,78.09414718510097,78.52183033592296,76.80160623094088,77.49539947509766,180800.0
2022-09-30,77.2387968910822,79.44371866563218,76.53550481454185,76.97268676757812,201500.0
2022-10-03,78.95902104599253,81.40154217646231,78.29373848749782,80.72676086425781,183700.0
2022-10-04,82.94117158719438,86.02996290181852,82.94117158719438,85.57377624511719,174100.0
2022-10-05,83.71099786394643,85.23163212899075,82.2854018809131,84.30023956298828,157900.0
2022-10-06,84.2147100864995,85.45022954661965,83.12175167961726,85.1365966796875,81200.0
2022-10-07,83.58743791110267,83.58743791110267,81.35400575234569,82.11432647705078,127100.0
2022-10-10,82.6370444272113,83.2357993819852,80.91682759095666,81.8197021484375,97200.0
2022-10-11,81.60110719945587,83.74900698140983,80.37509389585648,82.41844940185547,141100.0
2022-10-12,82.25689844676455,82.25689844676455,79.26314516559569,79.87139892578125,124300.0
2022-10-13,77.68547691182722,80.44163066116303,75.21444526623372,79.45321655273438,83000.0
2022-10-14,80.20403542831887,80.70774488653824,75.3284994117754,75.3855209350586,98100.0
2022-10-17,77.47638701491093,79.2251218695324,76.74458426251877,78.09414672851562,97700.0
2022-10-18,80.11851104651248,81.6676563398237,79.35819015660516,81.07840728759766,101600.0
2022-10-19,79.54825552210878,79.54825552210878,75.00535733627007,75.73716735839844,107400.0
2022-10-20,75.33800653153486,77.8565613532816,74.09298812854414,74.18802642822266,124200.0
2022-10-21,74.75827474645212,77.9801218601425,74.59670165226089,77.69499969482422,145800.0
2022-10-24,78.15117271668262,78.23670499272826,75.89872851838713,76.61152648925781,282400.0
2022-10-25,77.2102688287617,82.62753738288575,77.2102688287617,81.7626724243164,202700.0
2022-10-26,81.97177898262126,82.67507105608824,79.79536798067798,80.08049011230469,135200.0
2022-10-27,81.09740147529301,82.59903091482394,79.6813043103268,80.22303771972656,140000.0
2022-10-28,79.97594715456799,82.84614427344236,78.41729591105363,82.72259521484375,201500.0
2022-10-31,81.59161557513966,82.44697468779808,80.66972893432762,81.73417663574219,103000.0
2022-11-01,83.87255546636977,83.87255546636977,77.08671983081017,78.65487670898438,343700.0
2022-11-02,78.86397607886437,79.49123456561423,74.49214242455814,75.15742492675781,227700.0
2022-11-03,73.18060567161145,74.58719712688962,70.98518982176945,73.40869903564453,275900.0
2022-11-04,74.93882941579159,76.55450925745188,73.50372739049992,76.35491943359375,198000.0
2022-11-07,76.64005135916076,76.83963395763766,73.59878235719297,75.25247192382812,176800.0
2022-11-08,75.58509821658957,76.34541897817402,73.5132317547759,74.33057403564453,146300.0
2022-11-09,73.16159398863137,75.9557573737348,73.16159398863137,74.073974609375,152500.0
2022-11-10,79.96644238916299,85.23164523276951,79.4057113634203,80.28958129882812,382200.0
2022-11-11,80.67922705212092,82.4374606251311,78.29372777415838,80.45113372802734,190400.0
2022-11-14,79.74785893626844,81.04989889075101,75.338007797327,75.53759765625,184300.0
2022-11-15,78.67389831944668,80.11850647769933,76.52599809125778,78.15118408203125,333900.0
2022-11-16,77.6189541743819,77.6189541743819,75.29048343706657,75.4520492553711,108100.0
2022-11-17,73.55125754667723,75.11941477809546,72.49631580468444,75.0813980102539,135800.0
2022-11-18,76.81110215898876,77.15324573438379,73.74131598279317,74.21651458740234,96700.0
2022-11-21,74.40660508124836,74.41611108446418,73.29464198654323,73.49422454833984,110200.0
2022-11-22,74.66320637224283,75.395016322458,73.76983787912745,75.12890625,121300.0
2022-11-23,74.61570489719958,77.31483014100573,74.4446330682994,76.94417572021484,164700.0
2022-11-25,76.31690915878661,78.07514278428711,76.30740315513674,77.54291534423828,83900.0
2022-11-28,76.88714199490435,78.14166612413709,75.88922194282918,76.55450439453125,195100.0
2022-11-29,75.946252158469,78.86397159614306,75.86071263048193,78.55033874511719,160000.0
2022-11-30,78.1701892167092,81.22096412027992,75.94626269392116,80.71725463867188,274000.0
2022-12-01,81.46805777151229,84.70890879621743,81.46805777151229,83.52091217041016,244800.0
2022-12-02,81.53459527612723,84.03413787254128,81.53459527612723,83.09324645996094,229200.0
2022-12-05,81.09741217976419,82.59904181750306,80.76477453873514,81.75318145751953,162000.0
2022-12-06,82.70357966137185,84.35727638013154,79.24413365927732,79.90941619873047,164100.0
2022-12-07,80.15649762390494,83.33082809215573,80.15649762390494,82.29489135742188,205200.0
2022-12-08,82.22837557459995,85.14609515058821,81.46806204477598,83.23580169677734,235200.0
2022-12-09,81.97177097906989,84.50933014914897,81.97177097906989,83.19778442382812,198100.0
2022-12-12,83.13124884448568,84.8894823115921,82.0002737935939,84.39527893066406,152600.0
2022-12-13,89.50841349521254,90.60137178534791,85.83987952193186,87.52207946777344,256000.0
2022-12-14,86.50645551170304,87.73667718445603,86.05823436629944,86.61135864257812,265100.0
2022-12-15,85.23807553078625,88.62356934997163,85.0950324398199,88.16580963134766,248000.0
2022-12-16,86.75438774866569,87.96553185918168,86.49689566300502,87.55545806884766,609900.0
2022-12-19,86.78301253028351,87.00235741167664,84.81847633314291,85.17132568359375,333100.0
2022-12-20,84.3893169684483,84.91383254070381,83.01605240118208,83.1972427368164,240500.0
2022-12-21,84.57050793131403,85.10455481683039,83.82665483338963,84.2176513671875,138300.0
2022-12-22,83.25447327104507,83.43566361978868,81.47112747219334,83.16864013671875,120300.0
2022-12-23,82.89208303360387,84.09369605591351,82.40572192111101,83.47381591796875,119400.0
2022-12-27,83.48334978264138,86.5159871485248,82.05286059639155,83.1304931640625,89600.0
2022-12-28,83.35936889212857,84.37024549445817,80.12645693917088,80.16460418701172,101000.0
2022-12-29,81.16595700988289,83.63593151240237,80.4697824045365,83.1304931640625,143900.0
2022-12-30,81.89073184771962,82.89206981003275,81.32806904198259,81.63323974609375,83400.0
2023-01-03,83.51195576188134,84.41792930752489,82.20543972710995,83.69315338134766,158300.0
2023-01-04,85.30483825812689,86.44923400878906,84.58959364240472,86.44923400878906,339900.0
2023-01-05,85.81027865977649,86.9832756834794,84.54190987245724,85.92471313476562,162300.0
2023-01-06,87.32659191964417,88.80476691610765,86.11544766980263,88.42330169677734,155700.0
2023-01-09,89.1767065787672,89.86334261906431,88.54728778321318,89.12902069091797,145900.0
2023-01-10,88.44237518310547,89.2148442836715,87.5173243542763,88.44237518310547,133500.0
2023-01-11,91.54176762099158,94.45043182373047,91.45594176378492,94.45043182373047,508300.0
2023-01-12,95.12753878288417,95.41363955422328,91.08402438463774,94.87958526611328,382300.0
2023-01-13,93.7256500345231,99.14243602771782,93.7256500345231,98.79911804199219,211400.0
2023-01-17,98.01712043904936,99.06614441454307,96.27192184001709,96.66292572021484,181400.0
2023-01-18,97.38771510501748,99.08522792663014,97.38771510501748,98.64654541015625,223600.0
2023-01-19,97.68334043552305,97.68334043552305,93.25836104814385,93.81148529052734,233200.0
2023-01-20,94.736525284041,97.85499572753906,93.60167549793299,97.85499572753906,227700.0
2023-01-23,97.59750396667393,98.5034848036102,97.34001911827056,98.25553131103516,135500.0
2023-01-24,98.18878024907184,99.73371124267578,97.89314813534641,99.73371124267578,170700.0
2023-01-25,98.19833158589974,99.9912090403345,97.94083941572971,99.56206512451172,125200.0
2023-01-26,100.57292633528058,103.49112197076585,100.2677555974249,103.18595123291016,259300.0
2023-01-27,102.51838744018967,103.65324447593719,101.59333664054782,103.13826751708984,105200.0
2023-01-30,101.86035408731344,103.14780004618727,98.84679428800473,99.02798461914062,135900.0
2023-01-31,99.63834960264526,104.98837280273438,99.63834960264526,104.98837280273438,173200.0
2023-02-01,104.24451571263776,108.059153642961,102.92846824598026,107.05781555175781,134000.0
2023-02-02,108.51690576275908,112.77976451417568,108.4310726319253,111.81656646728516,303900.0
2023-02-03,108.93652241097224,111.41603553117731,108.51690992379267,109.9283218383789,232700.0
2023-02-06,108.57413259780964,109.48011348813263,107.42974410837958,108.18313598632812,163400.0
2023-02-07,107.08643318834677,108.51692253265942,105.40799032044998,108.00194549560547,206300.0
2023-02-08,106.81940374898716,108.12591262110563,104.7118171050546,105.10281372070312,131900.0
2023-02-09,106.38070652692531,107.46787763578484,103.82489910283503,103.89165496826172,115100.0
2023-02-10,102.98567981267574,104.20636271899062,102.44209422858728,102.50885009765625,112300.0
2023-02-13,102.78541044851285,107.57278477994862,102.78541044851285,106.61912536621094,196800.0
2023-02-14,105.1218979203114,108.11638839709774,104.2063783275996,107.84935760498047,193500.0
2023-02-15,106.40931519461776,108.61226603058726,105.28399683700282,108.43106842041016,188400.0
2023-02-16,106.04694010979225,109.00329056502225,106.03740875280532,106.72404479980469,200600.0
2023-02-17,106.48562239817811,106.48562239817811,102.71866303824365,104.67366790771484,264700.0
2023-02-21,101.82222969367098,103.10013730851776,98.57025432405158,99.3617935180664,354700.0
2023-02-22,103.98702491807616,110.09044671337556,102.29904365578615,106.64773559570312,592500.0
2023-02-23,110.93919782727005,110.93919782727005,104.72133457246096,109.96646118164062,285900.0
2023-02-24,108.14498935116329,109.61362586235839,106.44747659594331,108.54552459716797,278900.0
2023-02-27,110.30025762993988,111.48279333375952,108.94605565489529,111.3111343383789,192300.0
2023-02-28,110.57681161503002,111.70213007027193,109.9092529025324,110.0332260131836,302400.0
2023-03-01,109.84248701533681,112.74161238611022,109.40380457629028,112.38875579833984,386200.0
2023-03-02,110.38608666864776,112.31247564931218,109.69945066735129,112.06452941894531,265200.0
2023-03-03,113.18984407342705,115.45955097770111,111.14901340320178,115.23067474365234,322700.0
2023-03-06,115.86964377746853,115.9650082842562,110.6340545032789,112.36017608642578,219200.0
2023-03-07,112.39831695285113,113.13263161678987,109.38474923397617,109.53733825683594,313700.0
2023-03-08,110.13811775038879,110.13811775038879,106.83845722886552,109.13677978515625,374300.0
2023-03-09,108.73624081021055,110.56727237477759,108.59319772190699,109.15585327148438,363800.0
2023-03-10,109.1177112825958,109.1177112825958,103.06197529909247,104.2254409790039,222700.0
2023-03-13,101.94621116452147,105.08375207451503,99.81001572983156,104.3685073852539,412700.0
2023-03-14,107.82140871820083,108.05288655655009,102.93139615160403,104.00199127197266,411100.0
2023-03-15,101.82221638031344,103.7029875442694,99.81605556639536,101.52322387695312,221700.0
2023-03-16,100.00895120528885,103.81872112289516,98.92870916270614,102.55522918701172,309600.0
2023-03-17,102.28517313511288,102.73848171102995,99.76782889531812,100.03788757324219,693400.0
2023-03-20,100.79019129298274,102.82528569629035,100.79019129298274,101.38818359375,170600.0
2023-03-21,102.93139814531496,105.33300008089407,102.93139814531496,104.86039733886719,223700.0
2023-03-22,104.59996912606857,105.34263787104598,102.0247571952501,102.16943359375,163400.0
2023-03-23,103.39435281666228,105.79596208722909,101.0216847148951,102.18872833251953,244600.0
2023-03-24,101.51358399904092,105.41016330825315,99.94145228309745,105.08222961425781,391600.0
2023-03-27,106.5482663117329,106.56755306494406,103.43292953197867,104.33956146240234,228600.0
2023-03-28,104.27204470706427,107.23305796783686,103.97305220769994,105.49695587158203,235100.0
2023-03-29,106.30714177113921,107.2234134018817,105.40050983775996,106.82797241210938,209500.0
2023-03-30,107.68636912415704,108.40974373892941,105.95991416054132,106.22997283935547,97700.0
2023-03-31,106.42288195137299,110.06869660751737,105.91169834256844,109.98188781738281,176300.0
2023-04-03,109.48998649869566,110.60880951718232,108.40975170407144,109.95294952392578,197800.0
2023-04-04,110.78241632820917,111.07176912990654,104.42636061491554,105.64163208007812,269600.0
2023-04-05,104.74465743145245,105.23655429884973,103.5872608289804,103.8862533569336,172500.0
2023-04-06,104.22382218847015,104.22382218847015,100.63588257596716,103.0760726928711,186200.0
2023-04-10,102.49735825134096,105.29440826279252,101.39782941405714,104.10807800292969,161700.0
2023-04-11,105.29440656980238,108.69908856020588,105.26547276274125,107.58992004394531,162400.0
2023-04-12,109.34531832136592,109.95295039817339,106.88584148746138,107.35844421386719,208800.0
2023-04-13,108.12038402974785,109.08488345438172,106.76044366745835,107.64778137207031,240800.0
2023-04-14,107.48381689914166,108.80517638498628,106.61576595605793,107.89855194091797,115900.0
2023-04-17,108.05288569815241,109.162061675859,107.47418742760264,108.77626037597656,101300.0
2023-04-18,110.20371419297335,115.98106409892144,109.7600453089678,114.6018295288086,458700.0
2023-04-19,114.58255146342363,115.84604354102174,112.67283908366255,115.42166137695312,239800.0
2023-04-20,115.28661854866947,121.4015489129125,115.28661854866947,117.49532318115234,329500.0
2023-04-21,118.30552383907659,118.999957366204,117.13847285375954,117.88114166259766,203600.0
2023-04-24,117.71716732190721,119.18320332917143,117.43746158292282,118.81669616699219,168500.0
2023-04-25,117.87149004015193,118.99995275638604,116.30899810791016,116.30899810791016,189200.0
2023-04-26,115.85569040091825,116.65621944739992,113.92669127085097,114.16781616210938,201800.0
2023-04-27,115.01657058400464,118.266936695288,115.01657058400464,117.63036346435547,180800.0
2023-04-28,117.03236876025869,120.11877165351106,117.03236876025869,119.85835266113281,285600.0
2023-05-01,119.51114426838238,121.24723906498248,118.045100813247,118.3440933227539,171700.0
2023-05-02,117.3602979857641,117.46639351812027,114.57289505432782,117.19633483886719,165500.0
2023-05-03,117.13846061126435,120.82284838426614,117.13846061126435,118.30551147460938,252800.0
2023-05-04,115.7399389403392,118.09332005352785,106.95334798710134,108.10110473632812,512800.0
2023-05-05,110.91744801319268,113.05863818698889,109.78898530815336,113.00077056884766,312600.0
2023-05-08,113.56982063130881,113.56982063130881,108.96916107152116,110.02046203613281,223100.0
2023-05-09,109.35494989974407,112.45099239016801,108.13968583635706,110.28086853027344,251600.0
2023-05-10,112.21950680004421,112.21950680004421,107.34878911141324,109.66358184814453,155100.0
2023-05-11,109.06559772215898,110.7341776215715,107.91784104139141,110.46411895751953,155500.0
2023-05-12,110.4544798005974,112.2580965195463,108.25542211202489,109.08489227294922,150300.0
2023-05-15,109.29708191478046,111.3032426200744,108.47725881997248,110.57022094726562,99200.0
2023-05-16,109.63466519335557,109.69254017181015,107.52241612273242,108.95951843261719,147100.0
2023-05-17,109.55749902000224,110.92709395684194,108.47726424661009,110.02046203613281,165300.0
2023-05-18,109.50927609387749,110.86921658703214,108.80518820838087,110.54129028320312,144000.0
2023-05-19,111.4382664504804,111.4382664504804,107.33914382055411,107.41630554199219,145500.0
2023-05-22,107.39702253002753,108.98844824603759,105.8827585434289,106.00814819335938,120500.0
2023-05-23,105.41015555640732,106.37465509592037,103.55831820659367,104.30097961425781,190400.0
2023-05-24,103.72227811373172,104.38778512988759,102.8059991647632,103.54866790771484,149000.0
2023-05-25,103.94411305886763,105.99850180574941,103.01819437573613,103.24967956542969,99200.0
2023-05-26,103.23037998354842,103.79943851320644,101.80292484881625,103.18215942382812,108200.0
2023-05-30,104.00198208005581,105.14009177596057,102.36232852708268,103.0181884765625,116500.0
2023-05-31,102.45878767832095,104.16594859814073,99.8353477955187,100.82878112792969,165700.0
2023-06-01,101.06026940054585,102.92175396875085,99.85464487084178,102.65169525146484,122000.0
2023-06-02,103.95376392873254,110.32910676413489,103.63547730013687,109.76005554199219,261900.0
2023-06-05,107.6188581208636,109.01737948031685,106.05636625064662,108.07217407226562,144500.0
2023-06-06,108.07217729018633,113.25153515315802,107.65744219022989,113.00077056884766,115500.0
2023-06-07,113.58910266543548,117.29278456497396,113.58910266543548,115.85568237304688,235500.0
2023-06-08,115.38306823963744,118.2765666318981,114.06170868330844,114.6114730834961,198200.0
2023-06-09,114.85260772883068,114.94905621174225,112.08449138212863,112.38348388671875,223200.0
2023-06-12,112.5860305786554,116.93591805277443,111.48649437189806,116.51154327392578,182000.0
2023-06-13,116.49225364680525,118.97101717841238,116.08716560472492,116.54048156738281,220400.0
2023-06-14,117.04338156127487,118.45541368516578,114.06459337295047,115.7957763671875,246300.0
2023-06-15,116.36640110522278,123.12671441309462,116.20198891136624,122.94296264648438,304200.0
2023-06-16,124.86755955965842,124.86755955965842,120.71852430059073,122.59477996826172,583400.0
2023-06-20,122.93326560942398,125.44783755006466,122.59476781086039,123.62960815429688,181200.0
2023-06-21,122.92359467916833,126.58905921077348,122.82688207453442,125.0706558227539,163300.0
2023-06-22,124.69346649850424,126.21188476272594,122.57543299011657,124.97394561767578,182900.0
2023-06-23,123.58128494881973,129.77098190411732,123.58128494881973,128.37831115722656,659800.0
2023-06-26,128.69742309798264,131.30870009870122,128.15581189686947,128.64906311035156,320300.0
2023-06-27,128.48467105151343,132.092102380519,128.48467105151343,131.11529541015625,213300.0
2023-06-28,131.07661480475664,132.04375577712696,128.72646932544882,129.68392944335938,167900.0
2023-06-29,129.4034486419926,134.83877549496663,128.75546604357814,134.27783203125,257700.0
2023-06-30,136.17342814237222,136.5119185693031,133.98768048079535,135.55445861816406,202100.0
2023-07-03,134.8387765593363,136.05736872692026,131.9567009365372,133.73623657226562,74900.0
2023-07-05,133.89097120464083,133.89097120464083,130.13846027660622,132.54664611816406,186900.0
2023-07-06,130.51564135698865,131.67620730636267,128.66839898135515,130.11911010742188,190900.0
2023-07-07,130.54467711441237,133.24300854256316,129.89669446957095,130.67041015625,180500.0
2023-07-10,129.8676606505952,134.1037419206283,129.8676606505952,133.77491760253906,163500.0
2023-07-11,134.41322402837153,135.71887000915896,134.04572056001305,135.11924743652344,138500.0
2023-07-12,137.96264462566603,142.0536612919053,136.8987984812868,140.72866821289062,174100.0
2023-07-13,141.60873532989265,142.70160901089793,139.18121755743718,141.62808227539062,152900.0
2023-07-14,141.5023968288346,141.96662037505658,138.62998688879787,141.10586547851562,244000.0
2023-07-17,140.041991998833,142.79833444815796,139.80020679674848,141.43467712402344,95700.0
2023-07-18,141.4443428690215,143.8331818402901,140.09035164366168,142.26641845703125,168000.0
2023-07-19,141.46369869676698,144.0072691410219,141.3282995657321,143.4173126220703,206700.0
2023-07-20,144.2394037617386,144.99377253819762,137.9239744044549,140.6126251220703,192600.0
2023-07-21,141.8989315932307,141.8989315932307,139.3166668414788,139.3360137939453,150300.0
2023-07-24,138.9684684461272,142.12134224430613,138.9684684461272,140.24508666992188,172400.0
2023-07-25,139.1812382678485,143.1658537044099,138.62996091959147,142.57589721679688,174100.0
2023-07-26,141.87955090601668,144.5295219826166,141.29927528660028,144.1813507080078,155300.0
2023-07-27,145.07110938193708,145.9221979460113,140.39015179432172,141.36695861816406,233900.0
2023-07-28,143.07881241830816,145.51601136817015,142.9627602445901,143.51402282714844,181300.0
2023-07-31,144.18135587756052,145.22586973883733,141.86020904447938,143.15618896484375,153900.0
2023-08-01,144.02662412633413,145.61273464583834,143.04981710918193,143.84286499023438,218000.0
2023-08-02,146.5412122204168,148.97839697776126,144.2587588114269,146.79266357421875,356000.0
2023-08-03,145.87387448486362,147.42129118463933,142.31478803631938,145.24522399902344,347500.0
2023-08-04,145.58372321351172,151.13511747204782,145.46767102411917,149.05575561523438,232700.0
2023-08-07,149.26848981769461,152.98230650722948,148.4270821439051,151.7056884765625,165400.0
2023-08-08,150.39041148186712,151.15444630739398,147.17949657760946,150.95135498046875,171300.0
2023-08-09,150.54517817075168,150.99005478601939,147.9629133589637,148.9493865966797,210400.0
2023-08-10,150.41940451596366,150.9513348970908,145.6804205911522,149.19113159179688,271600.0
2023-08-11,148.66886891232315,150.32267123770308,148.24332464506406,148.5238037109375,129100.0
2023-08-14,147.79844874626934,150.2936587638822,147.14078539691863,149.79075622558594,188200.0
2023-08-15,150.09058706149114,151.4639252627307,147.547001968212,149.86814880371094,208500.0
2023-08-16,149.70370850510326,152.1602542464456,146.77327324635766,146.83131408691406,171000.0
2023-08-17,147.8468053992683,148.1949766682048,139.113525390625,139.113525390625,242200.0
2023-08-18,137.87559671330817,141.19289749058893,137.15992193164624,139.57777404785156,361700.0
2023-08-21,139.2005668309505,140.76734494589098,136.76338266530496,138.73634338378906,175000.0
2023-08-22,139.56808351992564,140.30311995703485,137.28563069014936,139.54873657226562,209600.0
2023-08-23,139.84858293289867,142.30511437640678,137.96264633300703,140.4772186279297,156700.0
2023-08-24,139.5487367770152,140.44818537706138,136.61830139160156,136.61830139160156,248900.0
2023-08-25,137.49840847537433,137.49840847537433,129.7612819228661,132.51763916015625,529900.0
2023-08-28,133.64918089122435,136.08637968206736,132.39189498085472,133.57180786132812,155200.0
2023-08-29,132.2952052732602,138.4268901682445,131.03793383262354,137.914306640625,315500.0
2023-08-30,137.58546716479444,140.25478564958226,137.1309097346284,139.45205688476562,252900.0
2023-08-31,139.32630635176122,142.12134277507357,139.32630635176122,139.9742889404297,173600.0
2023-09-01,140.8640407142577,143.2432133913662,140.061326898897,141.49269104003906,158100.0
2023-09-05,139.7615169064468,139.7615169064468,129.45180680966382,132.1404571533203,381500.0
2023-09-06,132.49829640956858,134.46159115387763,131.65688859269278,134.27783203125,152200.0
2023-09-07,133.68787671267594,135.26432103409527,131.67622195649497,134.29718017578125,215500.0
2023-09-08,134.44225189989913,135.7962580214243,132.68206312653518,133.0205535888672,133700.0
2023-09-11,134.43258877186534,135.5157818870838,132.17914864242744,132.7884521484375,127400.0
2023-09-12,132.23717636943223,134.15212605270608,130.07079011224909,131.5601806640625,145600.0
2023-09-13,131.71490460898812,132.00504979318904,125.8153399740254,127.66258239746094,383700.0
2023-09-14,129.08786196505068,130.81368619348086,128.65156074674155,129.42721557617188,265500.0
2023-09-15,127.40079933476304,127.61410475846255,121.84519758604192,123.66798400878906,568300.0
2023-09-18,123.66798493491437,126.36337371524752,123.60011569933735,124.46302032470703,219000.0
2023-09-19,124.33700442858536,124.93812991462218,122.96021668939417,124.17218017578125,294700.0
2023-09-20,125.81071638393941,126.94510536385843,122.9117198584157,123.00868225097656,189900.0
2023-09-21,120.78837564346054,121.63189222299414,118.49050457408619,119.712158203125,347800.0
2023-09-22,121.2343862323963,121.61251592120668,118.94621266066592,119.57643127441406,232400.0
2023-09-25,119.58611246692337,122.36876595665515,119.37281443600595,120.04180908203125,158600.0
2023-09-26,119.42129327453183,120.64294697977037,117.75364065405847,117.91847229003906,227100.0
2023-09-27,119.38251529324688,121.03077994861438,118.16086892894006,118.48081970214844,167100.0
2023-09-28,118.52929176762244,122.06820461680991,118.18024786266635,120.56537628173828,234700.0
2023-09-29,121.76762818911996,122.14576523084901,120.18724037726362,121.08893585205078,237000.0
2023-10-02,120.04180452842151,122.3590635964499,118.17054433988899,119.19828796386719,167100.0
2023-10-03,118.0638914269316,118.23841337053797,114.42802376612549,115.5139389038086,177000.0
2023-10-04,116.13446256341238,117.96693931745236,115.11642403183009,116.64833068847656,153600.0
2023-10-05,116.05689754895059,117.3852039186709,115.59151061164748,116.35746765136719,179200.0
2023-10-06,114.76739022364268,118.41294861505915,113.69117268338096,116.97799682617188,183300.0
2023-10-09,115.72725344446087,117.21068638343532,110.96668679472441,117.11373138427734,157300.0
2023-10-10,117.46277305934902,120.17754996997101,117.38520610262471,118.30628967285156,142400.0
2023-10-11,118.53898641125875,120.66232814793335,117.58880971748529,119.61520385742188,183000.0
2023-10-12,118.18994311388819,118.18994311388819,112.06229426187002,113.85598754882812,194400.0
2023-10-13,114.20503920310415,115.03886552670126,112.94460199845018,113.94325256347656,133400.0
2023-10-16,115.00008085063082,115.882380966957,112.7797765838869,114.49590301513672,132500.0
2023-10-17,113.0900310731297,116.2120307302829,112.68281565624675,114.11776733398438,170300.0
2023-10-18,112.81855926363136,113.37121089661062,109.25056054979567,109.29904174804688,182500.0
2023-10-19,109.6674831075741,110.10378434047583,106.69091925065922,107.21448516845703,248000.0
2023-10-20,107.88346762613865,109.69655639092782,106.77816439114822,107.4471664428711,399200.0
2023-10-23,106.65212472443199,109.39599479948667,106.65212472443199,107.52473449707031,148200.0
2023-10-24,107.7380471400437,108.77548121772014,106.49699793746532,107.3502197265625,173700.0
2023-10-25,106.46790661050218,106.46790661050218,102.793255189872,103.103515625,235100.0
2023-10-26,104.97477952347643,107.25326276208447,103.6658684994456,105.48865509033203,295400.0
2023-10-27,105.95403199100737,107.31142408578597,103.85977603102216,105.60498809814453,162400.0
2023-10-30,106.98177181818016,107.75742658324755,105.26564545174807,106.28369140625,156500.0
2023-10-31,107.22416949251752,110.15225938040489,106.58426056024858,108.27130126953125,317900.0
2023-11-01,107.72834072949792,112.00411746083005,107.4956472590588,111.67446899414062,279400.0
2023-11-02,114.93220303716416,116.64832934039384,114.03050754978808,115.04855346679688,329600.0
2023-11-03,118.98500265240754,122.0876072937613,118.98500265240754,121.29256439208984,324800.0
2023-11-06,120.31328715232334,122.1651593889509,118.62624654626113,118.77168273925781,262300.0
2023-11-07,118.66502942043513,120.36176773664862,118.65533170170015,119.58611297607422,249400.0
2023-11-08,112.43073233654367,123.83281635598684,111.74234222223032,117.7342529296875,149100.0
2023-11-09,121.0598564063935,121.0598564063935,118.36446755979334,119.21768188476562,321700.0
2023-11-10,119.73155461225265,123.73586195478612,118.13177121907444,123.47407531738281,218300.0
2023-11-13,122.95050654584591,123.10564046023974,120.23572961868331,121.98094177246094,124600.0
2023-11-14,129.29145829527815,135.10884647874386,128.3024981616617,135.0409698486328,409500.0
2023-11-15,134.3332075755546,136.93163416874782,132.84006948117408,133.2375946044922,217900.0
2023-11-16,135.5839639876797,138.23088704939028,134.15870227580098,134.3914031982422,141600.0
2023-11-17,135.3900131914599,138.98710471341903,134.54649664242407,138.46353149414062,312000.0
2023-11-20,138.16298728133273,142.56480506834538,136.84437853024073,142.55511474609375,310800.0
2023-11-21,142.08973450936145,142.23516332195564,139.58825537204098,140.68386840820312,338300.0
2023-11-22,142.86536376452068,143.18530709489977,140.41236626906,140.4414520263672,200400.0
2023-11-24,139.7627721593179,142.08003164110613,139.7627721593179,141.37225341796875,37400.0
2023-11-27,141.0716799024636,142.89446648008004,140.71294565684607,142.21575927734375,215700.0
2023-11-28,142.21575073566765,143.03019637115747,141.31406261752568,141.42071533203125,195900.0
2023-11-29,143.2532037686131,146.4042894691071,143.2532037686131,146.1328125,397000.0
2023-11-30,146.53032416004817,146.89874870174512,144.06762143106135,145.92918395996094,209900.0
2023-12-01,145.51228133734,149.98197548442508,145.51228133734,148.77001953125,176600.0
2023-12-04,148.07194748678225,152.01806879746115,147.71321322064392,150.3795166015625,204900.0
2023-12-05,149.66202883806122,150.19529245731312,147.43202675398038,148.99302673339844,235700.0
2023-12-06,151.04850748776022,157.1179931588956,150.84490714600733,155.53759765625,416400.0
2023-12-07,155.12067558549606,156.54593700582095,154.10262960035192,156.448974609375,271500.0
2023-12-08,157.03070924240006,159.9490937362907,156.08052516071916,158.72744750976562,190900.0
2023-12-11,158.72746089965835,160.6084041960135,157.42823281588693,158.3881072998047,196000.0
2023-12-12,158.42688293506396,158.42688293506396,155.73149396554965,157.49610900878906,221000.0
2023-12-13,158.26204271273605,162.98383288799755,153.6760057988323,162.17909240722656,332600.0
2023-12-14,168.97946798854514,180.37494004630344,168.53258004621213,178.46112060546875,425300.0
2023-12-15,177.50906784648177,178.53883567314816,172.91396535685806,175.68267822265625,764900.0
2023-12-18,177.40222236167375,178.5679970987301,173.02084650231527,174.0797576904297,181700.0
2023-12-19,176.66391132196603,180.34581957239018,176.5084707290304,178.3834228515625,191000.0
2023-12-20,178.30568781330504,182.92994871721965,176.6153196816848,176.72218322753906,185600.0
2023-12-21,179.9086230713034,180.63723404125125,177.16903870895797,180.26806640625,127300.0
2023-12-22,181.1812605621659,181.86129450035457,178.80113436669149,180.52066040039062,110400.0
2023-12-26,181.96818789418074,183.15339644820142,180.69554956739557,181.6184539794922,122800.0
2023-12-27,182.82307714106685,183.67798547034985,181.35613081935364,182.06532287597656,116400.0
2023-12-28,181.87103586952404,182.43448202574143,179.5783392172913,180.29722595214844,93000.0
2023-12-29,179.1800113758178,180.28749945270894,177.3439123319291,177.60621643066406,163700.0
2024-01-02,175.36210110793095,176.46958930423102,171.252738961611,175.49810791015625,142800.0
2024-01-03,171.72875802201582,172.20477438428532,168.09541252892734,169.60121154785156,181000.0
2024-01-04,167.7456940207821,169.00862282404117,165.61814735178024,166.68678283691406,190500.0
2024-01-05,164.88951979896748,170.5241144028117,163.28658155522137,169.2903289794922,272100.0
2024-01-08,173.84658598695518,175.05122820694916,171.9522003042612,175.04150390625,237600.0
2024-01-09,172.437934565073,177.34391820334022,172.437934565073,176.93589782714844,300000.0
2024-01-10,178.18910288348184,181.41442799838137,178.1502501528717,180.28750610351562,163300.0
2024-01-11,179.40346556670323,180.5400970081757,176.87762286019648,179.76290893554688,153700.0
2024-01-12,181.3852927313653,181.57958604022838,178.0239606758795,181.3367156982422,237400.0
2024-01-16,179.5200362040258,180.25837153384614,176.35301226790864,179.83091735839844,236200.0
2024-01-17,177.64510055577776,178.42228868932304,174.7597994306463,178.19883728027344,127900.0
2024-01-18,181.404699198233,183.58082264913654,180.13206106561148,182.8036346435547,278800.0
2024-01-19,183.5711255888768,187.54448082133018,182.40533608983912,186.19412231445312,201800.0
2024-01-22,188.91426939467217,193.4705044635015,188.67139905774908,192.6253204345703,412700.0
2024-01-23,190.25491958972165,192.77105293437756,182.706519555754,183.8820037841797,240600.0
2024-01-24,185.50435247220327,186.23296345192412,176.4307206290837,177.6936492919922,262400.0
2024-01-25,181.39500666237745,182.0847501493213,179.2188830082437,181.32699584960938,229600.0
2024-01-26,181.29784801033384,184.34829891051496,180.77325459442235,184.25115966796875,289800.0
2024-01-29,184.58143330336188,191.44008840064328,183.76539262958593,190.7309112548828,319800.0
2024-01-30,190.59493626260956,194.1214184516255,190.59493626260956,191.6052703857422,330500.0
2024-01-31,190.37149677470532,192.94591648910242,187.98164606971665,189.29315185546875,336900.0
2024-02-01,194.12139100400935,196.24892249529196,191.0903594159222,195.01515197753906,246300.0
2024-02-02,191.60525653397627,197.2204173759567,189.66229389457465,196.0837860107422,176600.0
2024-02-05,193.22765301097223,193.3928179010152,186.0969827796907,188.82684326171875,209100.0
2024-02-06,189.2056985557538,191.6732694359874,187.54447378214624,191.00294494628906,191000.0
2024-02-07,192.42132275614085,195.65634268496171,191.7121306805035,193.74252319335938,189900.0
2024-02-08,195.24830270909516,200.07656583693364,195.24830270909516,199.58111572265625,193300.0
2024-02-09,199.07597744647987,203.05905733076224,197.9976324413733,200.85379028320312,163500.0
2024-02-12,201.67955038066782,207.62501197641944,201.66982607926457,206.0026397705078,174900.0
2024-02-13,194.5877323431314,201.24237120852433,193.04308043544236,198.89138793945312,283400.0
2024-02-14,203.10761010569632,206.68265430811653,198.25020342395445,206.1677703857422,277200.0
2024-02-15,208.25647205196793,208.25647205196793,203.6905122376718,206.7798309326172,211000.0
2024-02-16,202.97161835882468,206.00265065436975,200.0960414812731,200.59149169921875,194100.0
2024-02-20,197.23013115284095,200.30972499314194,195.90891603559763,200.08628845214844,254700.0
2024-02-21,201.0869393369528,201.8252598608275,194.94716980370237,196.7735595703125,308500.0
2024-02-22,207.64443002954349,223.15898844546936,206.5272175777868,216.6889190673828,570200.0
2024-02-23,219.04962229748244,229.9690785887374,217.8449948465372,227.41407775878906,427600.0
2024-02-26,226.72433894154673,230.10509013847076,226.20945497393242,229.3473358154297,322900.0
2024-02-27,231.81488004148835,232.7086411241156,226.69518388851364,231.2514190673828,297900.0
2024-02-28,226.6174503714061,229.81361737353654,224.412183636998,228.2398223876953,294000.0
2024-02-29,230.53250818424956,233.00978838584737,228.25924557161392,232.1160125732422,234800.0
2024-03-01,230.98913203615655,235.60366859441166,230.39652780099334,235.19564819335938,230900.0
2024-03-04,236.14768046963007,239.74215838015508,233.34980953127922,234.22415161132812,226300.0
2024-03-05,235.3024931826787,240.90792963418565,227.42377921367606,227.61807250976562,381100.0
2024-03-06,230.61024827720726,231.99945949640536,226.7728850746445,228.34669494628906,428900.0
2024-03-07,230.4839453446784,235.50650203763215,230.11477769603405,234.43788146972656,210700.0
2024-03-08,235.28308488451958,239.25644029079035,230.43538731572178,231.07656860351562,212600.0
2024-03-11,229.9884858492602,230.42564946487903,225.61682004581596,229.88162231445312,166400.0
2024-03-12,230.01765376089472,235.0693540439343,228.1912639969872,233.62184143066406,140800.0
2024-03-13,234.05899117845212,237.88663001425775,233.29152744537168,235.1859130859375,228200.0
2024-03-14,234.54934623351033,235.57767286403862,229.40765330486292,234.77459716796875,246800.0
2024-03-15,233.37408237111083,237.01734014844666,232.82563753478087,234.27511596679688,669100.0
2024-03-18,236.0281879057325,237.9771397334253,232.48287301885546,235.2055206298828,161400.0
2024-03-19,234.9410785310798,238.64309609043494,231.98337682302326,236.90960693359375,175500.0
2024-03-20,236.67456350123857,244.15694988414617,234.51995243801397,241.64976501464844,200600.0
2024-03-21,245.77292172090313,254.8027301131584,245.06777405879208,251.99191284179688,298300.0
2024-03-22,252.33470471575856,254.46972439810634,250.07236213609576,252.677490234375,256700.0
2024-03-25,252.17798585903705,255.50786795592705,250.67956581463847,250.6991424560547,163700.0
2024-03-26,252.5599655947082,254.39138289545534,248.67186511104575,250.07235717773438,210800.0
2024-03-27,251.86459187000943,252.5795128298221,248.21153107096657,250.11151123046875,182800.0
2024-03-28,251.5120067319143,256.09545114827836,250.97336518835033,253.3924102783203,254800.0
2024-04-01,255.7918645420136,258.31865602860586,251.52182543593068,251.9429473876953,220400.0
2024-04-02,246.96775749252043,248.28010984617086,242.42348080477424,247.9275360107422,298400.0
2024-04-03,245.60640594587107,254.46969243803355,245.60640594587107,254.10733032226562,200200.0
2024-04-04,257.192354331927,258.2990472698518,245.43992868288885,246.2528076171875,188400.0
2024-04-05,247.88834940158037,253.39241914343634,247.88834940158037,252.95169067382812,215200.0
2024-04-08,255.0083597898841,255.31196209218623,250.20943792872174,250.56201171875,175800.0
2024-04-09,251.46307655316045,252.37388357344886,241.688952191087,249.11257934570312,298800.0
2024-04-10,235.84209488602295,242.9033593882452,234.20654872675667,235.36221313476562,629500.0
2024-04-11,236.80186683883483,239.17195540070674,235.42096648977764,237.8400115966797,341900.0
2024-04-12,235.49933752599227,238.9565127350955,232.48287586692175,235.7931365966797,187200.0
2024-04-15,235.73436873755443,237.19363549617447,231.32720349962923,232.3555450439453,239500.0
2024-04-16,229.1040285638065,229.1040285638065,213.90421615143958,221.5824737548828,539100.0
2024-04-17,225.50974540438716,226.0582051928175,218.49746710832738,219.7216796875,310300.0
2024-04-18,224.2855401013252,226.21490038421226,219.3691129835537,219.95672607421875,253100.0
2024-04-19,219.61393997592904,222.74792106984157,214.37430436004357,216.7737579345703,293600.0
2024-04-22,218.91857591262144,220.66185332512939,215.38304959858,218.8206329345703,176800.0
2024-04-23,219.90773776225325,233.52099000955153,216.8031365914724,233.0802764892578,269800.0
2024-04-24,233.87357148412602,236.99776434208448,228.43806470491936,230.3968048095703,250900.0
2024-04-25,222.47368170720017,232.2771695391389,218.03713702366352,230.36740112304688,236500.0
2024-04-26,233.07047092391312,237.64412707985338,232.8843882308705,234.7158203125,201400.0
2024-04-29,236.78229133380415,238.38845755130308,234.28489482127827,238.36886596679688,196600.0
2024-04-30,235.4503571855224,236.61580993546096,230.5730835793593,230.8668975830078,207100.0
2024-05-01,231.3565626972892,244.34301800013648,229.01586907819677,235.5874481201172,238200.0
2024-05-02,237.0565229983986,241.9533732361511,228.62414629122875,239.64205932617188,276900.0
2024-05-03,247.1244381193919,252.1388227670638,238.41783926825906,238.67247009277344,223700.0
2024-05-06,242.40386376718953,246.25279564516768,241.0719199669732,243.92189025878906,240300.0
2024-05-07,243.14819679799174,244.63682845492553,231.3369968572121,232.04212951660156,651200.0
2024-05-08,229.5839256598596,233.93233107919062,225.52933424475387,227.21385192871094,577000.0
2024-05-09,227.2138605844945,238.52558809808323,225.83294517283008,231.89524841308594,388700.0
2024-05-10,231.86585656306886,232.14986729881002,226.70457227700683,228.82980346679688,259300.0
2024-05-13,228.8983842692887,229.8679660621152,223.52163696289062,223.52163696289062,290200.0
2024-05-14,226.68500221024794,227.66437227693285,223.07112427314047,226.84169006347656,246300.0
2024-05-15,232.4534773013931,233.57974683262952,227.94836928844663,228.59475708007812,296100.0
2024-05-16,226.63601704385974,226.63601704385974,212.0238183238391,212.49391174316406,616500.0
2024-05-17,213.19907006844764,214.62894198281964,204.95277598298384,207.4599609375,464300.0
2024-05-20,208.11612302456243,210.79960217893094,203.90482907573596,208.72332763671875,281600.0
2024-05-21,208.34138008210275,208.61560249206664,204.492463078252,206.71563720703125,457700.0
2024-05-22,206.06923896109348,206.7939631746873,201.63269419279692,202.97442626953125,265200.0
2024-05-23,204.4043363066969,206.6862554461103,199.24305179232934,204.69813537597656,204800.0
2024-05-24,207.1857371526399,208.28262682701666,203.79711020286732,207.91046142578125,134600.0
2024-05-28,208.41972877381065,209.83002397476278,203.2192764283,204.9233856201172,230200.0
2024-05-29,202.49454042201876,204.01256694531725,199.32139111406642,201.36827087402344,341500.0
2024-05-30,203.18989939575607,206.63728605303535,200.5260117438585,205.2661590576172,558300.0
2024-05-31,206.1182213531923,208.69395434847848,204.4924635305246,207.46974182128906,254100.0
2024-06-03,209.18363076513057,209.29136206085715,205.47182511055044,207.4403533935547,347000.0
2024-06-04,205.87338540554856,207.5089316006915,202.94506356739382,205.48162841796875,397300.0
2024-06-05,207.01924034329014,216.4799434125754,205.6970848340046,215.28512573242188,364400.0
2024-06-06,214.15883413866186,215.55934099667175,208.67437115546267,209.2130126953125,365200.0
2024-06-07,204.58060555159665,207.8419095540651,201.19197866278535,205.83419799804688,513000.0
2024-06-10,203.24866416301538,206.30429392012763,203.24866416301538,205.9125518798828,394600.0
2024-06-11,204.5022445698889,204.8352267788689,200.93733841539668,202.60226440429688,173100.0
2024-06-12,210.5645745141815,220.10364480457162,210.5645745141815,215.9315185546875,347300.0
2024-06-13,214.4820374685455,217.34179617484602,212.90525111587974,217.32220458984375,193200.0
2024-06-14,213.04540177853764,213.83994228855397,206.5615387095244,210.573486328125,195400.0
2024-06-17,207.8857708171866,210.24978481371565,206.0318379452964,210.09283447265625,287600.0
2024-06-18,209.2688747720734,210.59311899757108,205.28635327939173,206.80677795410156,309700.0
2024-06-20,202.73597419971662,205.9926267208997,192.2499811551449,195.1338653564453,480600.0
2024-06-21,194.53551092880343,196.08534697027682,190.24889248457873,194.15293884277344,788300.0
2024-06-24,194.28047212109385,199.39105768406063,192.19111354614674,195.1338653564453,280100.0
2024-06-25,193.86849638530597,194.5845618300679,187.99279631504854,192.70120239257812,373000.0
2024-06-26,192.7600204696834,194.8199524365842,189.8172690698866,193.85865783691406,259500.0
2024-06-27,194.72184399784553,198.48857695724234,192.46574668983826,198.3022003173828,297200.0
2024-06-28,200.53870769453144,202.4220668560366,198.49839819433217,201.75503540039062,625500.0
2024-07-01,202.71636398645086,202.86349558800248,194.1725680895941,197.26246643066406,329700.0
2024-07-02,195.15347925320745,197.7136738135301,191.61236746621108,195.00634765625,284900.0
2024-07-03,195.78125917877958,199.4695174078761,194.96709611156112,195.94801330566406,167600.0
2024-07-05,195.47717597562706,197.53710805692663,192.80908002756274,195.79107666015625,182800.0
2024-07-08,197.56654001016966,202.8536832041902,196.74257314119194,202.8340606689453,329100.0
2024-07-09,201.0095434351265,204.35447455633215,198.48859410699885,200.1071014404297,372400.0
2024-07-10,201.50982638135724,207.38552618170664,200.32292487364734,206.3163299560547,282900.0
2024-07-11,215.29169506685335,228.44579783461637,214.6835312145168,222.53086853027344,677400.0
2024-07-12,225.07143885861606,231.869202545173,225.07143885861606,226.3858642578125,481900.0
2024-07-15,228.65179794887644,233.997793523317,228.13191304701536,229.8386993408203,300400.0
2024-07-16,235.9694296140428,247.04399273226858,233.84084117296243,246.42601013183594,489300.0
2024-07-17,242.1295947458047,246.004214639316,236.7051239013672,236.7051239013672,502500.0
2024-07-18,238.12745730136862,250.77147958151718,236.96998217418033,239.00047302246094,491700.0
2024-07-19,238.11764741424923,241.40372598146865,234.3018801511969,235.94981384277344,249600.0
2024-07-22,239.35360608993474,242.6494885564601,233.52697036068562,242.45330810546875,229000.0
2024-07-23,239.7067467033772,249.01565691501202,237.53892793460815,245.1214141845703,224300.0
2024-07-24,243.1006992436123,245.81784394186437,235.85172209895617,236.5972137451172,225200.0
2024-07-25,240.7857418104322,248.35842365122923,236.53836861718557,243.0026092529297,336200.0
2024-07-26,251.97802358243158,261.21824715282696,251.49738371757005,260.46295166015625,426900.0
2024-07-29,261.7185016916076,267.21164370385213,257.8046518529207,261.2868957519531,348600.0
2024-07-30,262.1010582926812,266.0149079005804,258.35394782627986,264.4454345703125,241400.0
2024-07-31,267.15281346306557,275.67698658293034,262.0029980077723,265.19097900390625,529100.0
2024-08-01,248.1622393387145,258.6286237090528,225.11068592619296,231.3885498046875,798900.0
2024-08-02,219.82355724327968,228.07305977269348,218.26388747210285,227.31776428222656,412600.0
2024-08-05,207.3855215120795,226.96463624857736,205.26673667708673,218.7543487548828,313700.0
2024-08-06,217.02791233148434,224.23765913496305,209.83778806129334,219.8235321044922,418700.0
2024-08-07,223.22733922042494,226.0719931749568,202.39265205309877,203.76593017578125,416900.0
2024-08-08,206.7675311780864,211.48575550970898,203.34413970988797,210.66177368164062,234300.0
2024-08-09,212.06448509703583,212.71189402060674,208.72935774287575,209.0040283203125,199800.0
2024-08-12,208.67050682989128,210.42635695822526,204.66836295243127,205.98280334472656,280800.0
2024-08-13,208.3173839830585,213.03559338838542,206.5811712906609,209.22964477539062,266100.0
2024-08-14,212.0546735534426,212.80018020626568,203.8149750433156,204.12887573242188,303000.0
2024-08-15,210.72063946366657,213.4868181763084,205.4531039373109,207.24818420410156,364300.0
2024-08-16,206.14956619132857,208.39586003550045,202.186652247513,202.87330627441406,244200.0
2024-08-19,204.03077471073055,208.3271967755239,203.74631531250657,206.99314880371094,203700.0
2024-08-20,207.22855795423104,210.36750490273892,203.31470798726892,203.65802001953125,269200.0
2024-08-21,207.7876852588485,216.53746459141232,207.7876852588485,216.17453002929688,461800.0
2024-08-22,215.1249317320965,217.4791418065673,211.87809845156792,213.56527709960938,200000.0
2024-08-23,216.0960661614551,228.64199079639656,215.01705123439916,227.8572540283203,265100.0
2024-08-26,228.06324567058027,228.63217943438764,222.10907116905113,223.8354949951172,230500.0
2024-08-27,220.63769298927153,222.66819872598245,216.91021969834168,220.38265991210938,197200.0
2024-08-28,218.48949933720183,220.0589578538002,215.80178085997045,216.60614013671875,205900.0
2024-08-29,218.82300820675962,219.6764013711202,215.23284770462251,215.8900604248047,125400.0
2024-08-30,218.73473473512763,220.68675040990573,212.36857663383876,218.0677032470703,158800.0
2024-09-03,215.75272715208263,217.8715118178003,202.4318702735541,204.89398193359375,213600.0
2024-09-04,204.15832043941265,207.23840013254653,199.1458324867931,205.2765655517578,189700.0
2024-09-05,206.35555853522976,206.35555853522976,200.31311960837806,201.29403686523438,185300.0
2024-09-06,202.73596443257335,206.10051829007875,200.22481873691476,200.56814575195312,254300.0
2024-09-09,200.9801294334002,202.7261608947701,198.93981981129866,200.6073760986328,311000.0
2024-09-10,201.18611935219784,203.47164320723013,197.48805739731515,202.84385681152344,197800.0
2024-09-11,200.60736644527887,202.94195411577024,195.17309187138522,201.99046325683594,260500.0
2024-09-12,203.77573205587598,209.37676054352386,203.05965176698456,206.78713989257812,157500.0
2024-09-13,216.25894275339846,221.00463907627824,210.50120762669934,219.36378479003906,287500.0
2024-09-16,220.690219708055,226.89009835895763,216.38665247024923,222.29177856445312,247200.0
2024-09-17,226.99817987271734,235.26141639658294,224.89552667206965,233.98410034179688,384400.0
2024-09-18,235.1631772751255,241.08794410725434,230.7908390231608,232.12710571289062,330200.0
2024-09-19,240.9307187692037,242.66981877981289,236.62715164006926,241.7757110595703,283200.0
2024-09-20,239.4667366313044,240.36085942055604,233.79742723300157,235.0157928466797,551700.0
2024-09-23,238.20905613325445,240.14467784023105,234.84874212732296,239.1916046142578,181200.0
2024-09-24,239.52568335704686,239.52568335704686,235.08455973099356,237.07913208007812,281300.0
2024-09-25,234.6325858425051,237.7570828900075,231.76354600883926,234.29852294921875,194800.0
2024-09-26,240.53768807828595,241.07809273424434,236.9415570868172,240.7833251953125,245900.0
2024-09-27,243.5737648813078,251.37520229734767,242.67965714894692,246.03013610839844,263700.0
2024-09-30,244.04540698753723,245.00830034236327,237.4721549685959,241.97222900390625,206400.0
2024-10-01,242.92530656207066,243.58361228513684,236.8629838659975,242.47332763671875,136300.0
2024-10-02,238.86738557488906,243.13164280837938,233.16860081975145,241.36305236816406,131900.0
2024-10-03,239.8597451020337,241.17637154166258,232.77557851513572,237.32476806640625,242200.0
2024-10-04,240.6949168408632,240.6949168408632,225.55384025399113,234.60311889648438,266100.0
2024-10-07,230.51572025357504,233.99393558933562,227.01784974854425,232.9720916748047,228600.0
2024-10-08,233.9349772159677,241.69711964181778,231.96988014499314,236.872802734375,218100.0
2024-10-09,237.01035988839823,238.28767598819888,233.5321296629026,235.77235412597656,172400.0
2024-10-10,231.3410360081497,233.61072059217136,227.7252648076736,229.83773803710938,214200.0
2024-10-11,229.43489835891157,234.75048942369176,227.77440396212768,234.50485229492188,150700.0
2024-10-14,236.96123120668454,245.29323868473506,233.532131381428,245.26376342773438,299600.0
2024-10-15,246.68844856245227,252.38721762522198,246.41332120109473,247.05198669433594,288900.0
2024-10-16,250.37302892935952,255.0597747224136,249.35117004065305,249.85226440429688,261300.0
2024-10-17,249.56732937622553,251.45382077555988,245.81398675377318,249.64593505859375,186700.0
2024-10-18,251.52258876632328,253.32065426933872,248.60441860483104,249.97998046875,150600.0
2024-10-21,247.8183953550881,249.81296770313088,236.3913509728765,238.72000122070312,242200.0
2024-10-22,234.4360769813418,234.4360769813418,229.92616799350378,230.65325927734375,164700.0
2024-10-23,228.05934447043174,230.7810081509994,222.65532744708494,223.11712646484375,494700.0
2024-10-24,225.60295310531203,230.4469098297025,223.28413813379353,226.59532165527344,199000.0
2024-10-25,229.07136560355252,232.45133497386846,226.24162101584602,226.41848754882812,204100.0
2024-10-28,230.6041328151855,234.259214479975,228.41305383087632,230.6139678955078,138700.0
2024-10-29,218.93146483144653,218.93146483144653,202.2084850974703,211.6802520751953,748200.0
2024-10-30,211.68026290272573,220.25790758246777,210.75666486303393,213.5176239013672,269500.0
2024-10-31,211.77850997037714,215.57114801068644,210.44224332942616,213.11477661132812,191000.0
2024-11-01,216.22946609238335,217.9489260508873,213.06565856933594,213.06565856933594,223800.0
2024-11-04,217.42815249365046,223.6968167652279,215.14864775375892,217.21200561523438,377700.0
2024-11-05,215.61044218983693,230.9971550804524,215.61044218983693,228.4916534423828,387600.0
2024-11-06,228.2361751006345,228.81589008614108,211.54268636599784,223.71646118164062,702800.0
2024-11-07,216.56351895780347,224.02105849094673,211.26758313089732,213.4783172607422,554700.0
2024-11-08,211.5427055473915,211.96519422695954,206.23693438856523,206.5906524658203,577000.0
2024-11-11,210.2850289183106,211.23810213891792,206.33517984901516,207.06227111816406,336200.0
2024-11-12,205.91272114020842,208.9291376023861,203.6037258901277,204.02621459960938,428000.0
2024-11-13,207.67145324482252,209.4596837332327,203.7216040448719,204.10479736328125,326600.0
2024-11-14,205.29368650869824,207.8679587876174,203.46614569437006,204.35043334960938,281900.0
2024-11-15,205.8144383662148,205.8144383662148,195.81208670054767,196.52935791015625,354600.0
2024-11-18,197.1287110528111,202.51307265403653,195.93982076688798,201.54034423828125,255400.0
2024-11-19,200.04688483686328,203.58405051633102,197.75754498424217,203.2991180419922,267300.0
2024-11-20,202.68992457374327,205.7456510251088,200.57745128422226,204.89083862304688,213900.0
2024-11-21,206.24676699632175,211.61147361244895,205.98147469343607,207.55355834960938,248800.0
2024-11-22,210.32431680222405,213.64533532914956,207.327541059806,213.3014373779297,349100.0
2024-11-25,218.0373277368656,234.70134086957646,218.0373277368656,231.64561462402344,477900.0
2024-11-26,229.5134967250364,229.5134967250364,218.36158042977598,221.47625732421875,334700.0
2024-11-27,224.71867401314688,225.76017302426084,220.05156863853222,221.5941619873047,172400.0
2024-11-29,225.33767380256253,225.435934651486,222.5275844378578,224.74815368652344,111700.0
2024-12-02,223.24485521683638,225.51453989304406,219.1771049548342,220.22842407226562,275300.0
2024-12-03,219.1967428088364,221.19131507846808,216.16067152067788,219.39324951171875,150700.0
2024-12-04,219.40306603342188,220.12032218489736,216.38663517595103,218.96092224121094,175900.0
2024-12-05,219.31466768272816,219.31466768272816,209.28284042526724,209.7151641845703,177500.0
2024-12-06,215.6792359283157,215.6792359283157,209.5186670540562,210.62893676757812,173200.0
2024-12-09,212.76104342405873,214.46086310632813,210.25555676860407,214.28399658203125,178400.0
2024-12-10,210.21626307411074,211.4935792107012,202.46395547417114,205.22491455078125,269200.0
2024-12-11,208.63434602966342,208.7227717969456,204.79257777551086,204.89083862304688,260400.0
2024-12-12,205.17579214158124,206.58082934931653,201.96285423632185,202.17901611328125,271500.0
2024-12-13,198.98028987669798,199.4625643781276,193.3013210231462,195.36819458007812,387500.0
2024-12-16,193.25211955277848,196.98231671533844,190.75218566059647,192.12025451660156,268700.0
2024-12-17,191.32303124431436,192.5729981554897,187.6420333016772,189.0691680908203,263100.0
2024-12-18,191.04744064906174,191.42145002553488,178.23285878479865,179.66983032226562,411300.0
2024-12-19,177.16006002818983,180.94932287489942,172.74089534654624,174.1975555419922,435700.0
2024-12-20,173.09522124166358,178.27224165101475,173.09522124166358,175.2211456298828,666900.0
2024-12-23,174.13849669028806,176.03805410982787,171.1071043106849,175.3983154296875,242900.0
2024-12-24,174.00070659062823,177.43564886608198,172.14052648008075,174.44361877441406,85500.0
2024-12-26,172.54407017489763,175.11289188923544,171.40236829784843,173.8235626220703,164000.0
2024-12-27,173.06569439420502,174.8865121694921,170.2212917464295,171.56968688964844,196700.0
2024-12-30,172.27831985406996,174.22709144399798,167.3473699613508,171.72715759277344,254600.0
2024-12-31,174.11882903890822,174.63061399340162,171.88463946425233,172.48501586914062,196900.0
2025-01-02,174.98494561410084,176.16602485766475,169.4831443760831,170.50674438476562,254300.0
2025-01-03,171.4122049588154,173.85307270690444,170.20160039487016,172.80979919433594,215800.0
2025-01-06,174.26645099083683,177.5832763439738,172.20942936308313,172.44564819335938,177600.0
2025-01-07,172.42596094898087,173.38065807935715,167.82964317576952,171.08741760253906,250300.0
2025-01-08,169.7685605546117,174.43376603612379,166.35330695381762,173.3708038330078,241800.0
2025-01-10,167.3080034019171,171.53031170309174,166.69777518413355,169.28628540039062,241800.0
2025-01-13,168.3217608762494,172.86886468830266,167.95758828549427,172.2291259765625,165100.0
2025-01-14,177.26832802043324,185.2700623355199,176.29394226778476,184.48268127441406,458400.0
2025-01-15,196.5000400375063,196.5000400375063,190.90966276565698,191.39193725585938,361500.0
2025-01-16,190.71283080842747,196.63784046378498,190.03371476381884,195.89967346191406,357500.0
2025-01-17,199.6889319776959,200.92904710473388,192.29742531526873,192.9076385498047,382200.0
2025-01-21,196.53940894691897,199.18697008386113,195.0729118996266,198.094482421875,369200.0
2025-01-22,197.46458972325553,203.0549670150737,197.16931993264927,201.5294189453125,421200.0
2025-01-23,201.76563314276507,204.29509243521647,199.94481532425868,202.07073974609375,354100.0
2025-01-24,202.2774396742393,202.6317604227273,199.16729255062737,201.7065887451172,278400.0
2025-01-27,202.257751520156,210.72207218953162,198.9802883429924,200.75189208984375,522100.0
2025-01-28,200.14166893610198,200.14166893610198,194.63001644547245,194.76780700683594,214300.0
2025-01-29,194.5709746752636,198.63581895437986,192.54347845464392,194.17727661132812,166500.0
2025-01-30,196.89373327436184,203.57659809125792,195.00402769277395,202.9663848876953,252600.0
2025-01-31,200.57471873154978,200.57471873154978,194.45286792470748,195.70281982421875,486700.0
2025-02-03,187.89793651656854,191.53955706214654,182.7602934430288,184.6598358154297,352100.0
2025-02-04,185.5751664603947,190.39785099116818,183.32128839069802,189.74826049804688,238800.0
2025-02-05,192.39583781565563,192.39583781565563,188.2522689037478,188.79359436035156,249100.0
2025-02-06,189.89591902922436,191.15572281006385,185.56533039179862,188.30148315429688,431900.0
2025-02-07,188.7246903783943,188.7246903783943,176.4120706133981,179.11868286132812,346700.0
2025-02-10,181.82528714573877,182.9276116435692,179.8469901232564,181.8548126220703,307700.0
2025-02-11,181.1461744790758,185.32912057399963,179.8863707389894,180.6737518310547,291600.0
2025-02-12,173.24286974953782,176.68764891898275,172.23895847224688,175.319580078125,348600.0
2025-02-13,177.93759736427464,177.93759736427464,173.95150784606247,175.4868927001953,270900.0
2025-02-14,177.58327952254194,181.1264869498805,175.05383520700616,175.26052856445312,275200.0
2025-02-18,174.2073873660065,175.07350799597313,167.60324759859878,171.2350311279297,400900.0
2025-02-19,167.6229461591655,169.5913913304655,164.60139063060328,168.21348571777344,416900.0
2025-02-20,167.27847884732964,170.40829949064064,164.78838186547964,168.88275146484375,341900.0
2025-02-21,171.6483987440099,174.21722008097422,160.5660587520032,162.88882446289062,375500.0
2025-02-24,162.64278239095947,164.83759455342184,159.64090049904536,162.71168518066406,281200.0
2025-02-25,163.07585327957383,169.70950432895077,162.79042030097136,168.292236328125,435400.0
2025-02-26,168.331588287096,173.1247474923676,165.3592318616412,169.28628540039062,1167600.0
2025-02-27,169.24692403102583,173.07554932455736,163.04631867939727,167.37689208984375,820700.0
2025-02-28,167.91822572484415,170.85120499596442,166.43205494039387,168.6957550048828,1023300.0
2025-03-03,168.2134959471881,170.41814506156476,159.08974781832578,159.6605987548828,479800.0
2025-03-04,158.3417327339499,167.74104631445496,157.23939323724667,163.5482635498047,543700.0
2025-03-05,164.92618590585616,170.24098186178705,163.63684170334201,169.71934509277344,500600.0
2025-03-06,169.41424856641163,173.2133485740704,167.51469105355937,171.2153778076172,283200.0
2025-03-07,170.89057743357094,177.33722354683195,167.86900679711832,174.24676513671875,416200.0
2025-03-10,173.55781108293817,181.0575975678469,172.79011865017472,176.1266326904297,378300.0
2025-03-11,177.16990489307096,177.16990489307096,165.69388078601995,168.47921752929688,439000.0
2025-03-12,171.3925143779877,171.56968224649654,165.7725970055574,168.63668823242188,402200.0
2025-03-13,167.59342849791577,169.4142463734909,165.08365778386877,165.96946716308594,456500.0
2025-03-14,167.79297258024684,171.31045574747628,165.77017116242445,170.6029815673828,433900.0
2025-03-17,170.32395850364426,170.96170397309479,166.36804817069478,170.38375854492188,325300.0
2025-03-18,171.1908757305509,172.23715593286278,169.26771075606334,170.95172119140625,269800.0
2025-03-19,171.11115696725838,174.50907024316265,169.1879919993298,173.04428100585938,296200.0
2025-03-20,171.44995990144923,177.92691419165206,171.44995990144923,174.26992797851562,392300.0
2025-03-21,169.6663168581897,173.00443040650384,167.54386384656897,171.62933349609375,1131100.0
2025-03-24,173.6222441927349,179.1326365720687,173.6222441927349,178.99313354492188,303200.0
2025-03-25,175.56531364766084,179.58102390297026,175.1766970166531,177.54824829101562,324700.0
2025-03-26,177.6080490507556,180.02942609884866,174.20017661009393,175.79449462890625,184500.0
2025-03-27,175.29627286447163,177.0898939956792,171.49978367281747,171.67913818359375,334900.0
2025-03-28,172.37665747923066,172.37665747923066,167.07551260846475,170.0250244140625,295000.0
2025-03-31,167.98230271032176,172.18734194863248,164.64417402809437,170.8520965576172,353000.0
2025-04-01,170.4236203576872,172.57596583339276,167.1452915804136,172.06776428222656,199000.0
2025-04-02,169.09831982705936,176.3525071226408,169.09831982705936,175.42581176757812,219600.0
2025-04-03,167.6335346621032,167.6335346621032,160.18005933124968,163.2092742919922,373300.0
2025-04-04,157.37005194372256,179.49135401548244,157.37005194372256,172.6357421875,784300.0
2025-04-07,166.557373038504,183.4074232381867,162.3822412186733,164.18582153320312,747400.0
2025-04-08,167.33458949943642,169.94531051336955,153.46394529634583,157.10101318359375,604000.0
2025-04-09,155.41701371024985,176.93046328765996,153.30453497962932,173.014404296875,673100.0
2025-04-10,169.02857884801492,171.43002259692506,162.00357170062944,169.7659454345703,445000.0
2025-04-11,165.43137517459263,169.39725970327416,160.4491028303787,167.8826446533203,604600.0
2025-04-14,170.3438956867108,170.3438956867108,165.7801321998338,167.74314880371094,492900.0
2025-04-15,167.00578653456378,170.4435516473357,162.35233046521228,163.37869262695312,440400.0
2025-04-16,161.77439240340956,164.66410434021248,152.85611256132322,155.38711547851562,431200.0
2025-04-17,156.18428854157256,158.39641881505312,155.58640974156017,157.67897033691406,357900.0
2025-04-21,156.1842824306417,156.51311423731357,150.73367514718393,153.6632537841797,289200.0
2025-04-22,155.24761296388655,163.17938220912384,155.24761296388655,161.82420349121094,361300.0
2025-04-23,175.04716191053558,175.04716191053558,163.62780174294926,163.6776123046875,191100.0
2025-04-24,164.933146846378,170.39371304211065,162.11317889369158,169.6663055419922,270600.0
2025-04-25,167.9922494329185,168.27125545815312,165.49115427646248,167.93246459960938,260500.0
2025-04-28,167.71325365235572,170.44354444285906,164.33527352185567,167.2449188232422,177700.0
2025-04-29,166.70683341884953,167.92250907073597,163.20926854961547,167.6933135986328,195100.0
2025-04-30,165.4512970995141,166.4178591727664,160.54874282527697,165.24205017089844,244300.0
2025-05-01,165.96946716308594,170.26418383431044,162.54166108354357,165.96946716308594,324000.0
2025-05-02,166.84633807986896,170.9915923040779,166.20860783035133,170.31399536132812,275500.0
2025-05-05,167.9623559638659,172.4663342360854,167.84278629799684,169.71612548828125,309900.0
2025-05-06,169.7460222635453,177.94683815988768,163.9167576277353,164.98297119140625,430900.0
2025-05-07,169.51682100154395,169.51682100154395,160.59855698681466,163.647705078125,632200.0
2025-05-08,157.50957985798226,165.66057087401336,152.95577521299882,162.09326171875,679100.0
2025-05-09,162.73097154644634,165.1324303868633,158.46614777579697,160.38931274414062,391000.0
2025-05-12,169.23782824253715,173.1937538148349,162.73098158884304,166.53744506835938,524400.0
2025-05-13,168.46059036052006,173.8514126953876,167.66342374313248,170.59300231933594,511500.0
2025-05-14,168.2812275361081,171.0513696109712,161.01706629014274,162.60142517089844,504000.0
2025-05-15,162.60142464142896,162.60142464142896,158.8149100165361,161.9537353515625,423100.0
2025-05-16,162.05340587881562,166.99581185737057,161.65481494203567,165.78013610839844,245300.0
2025-05-19,160.93736092151826,163.15946540527793,159.04410345221504,161.05694580078125,263200.0
2025-05-20,164.00643382202438,164.22565501679213,159.791435767514,160.6085205078125,229500.0
2025-05-21,158.99427430572763,160.4590636068706,153.32444588499837,153.44403076171875,336700.0
2025-05-22,151.76997901865934,155.57644242054317,150.29523064943362,154.8291015625,369500.0
2025-05-23,151.64042816113397,156.70241850017723,151.64042816113397,155.98497009277344,380800.0
2025-05-27,158.70532051937363,162.99007812756759,156.31382047530062,162.21282958984375,719000.0
2025-05-28,161.21637764512622,161.21637764512622,154.10169264757025,154.24119567871094,684900.0
2025-05-29,156.35367834289332,159.6519402861317,154.26111782307936,159.42276000976562,499800.0
2025-05-30,158.99426896148782,159.72167644971157,157.90813726453803,158.91455078125,404100.0
2025-06-02,157.0810853224028,158.68537766078734,153.46395065527813,158.43626403808594,450800.0
2025-06-03,158.8248758553063,163.9267178277073,157.90813957618352,163.53810119628906,240000.0
2025-06-04,164.16587617124242,168.59013651112656,163.93669589732988,165.67051696777344,300600.0
2025-06-05,166.10895838520307,171.09123077350964,163.8270843214217,169.1481475830078,591900.0
2025-06-06,170.5830374997697,171.7887388538931,164.10608365938398,164.4847412109375,493800.0
2025-06-09,167.02569320192796,168.45063099881122,164.4847464701297,167.8826446533203,468600.0
2025-06-10,170.3638215715997,174.46920911332592,168.3310459427163,174.37953186035156,570300.0
2025-06-11,176.61160231785811,178.0464840361901,170.05492983636336,170.17449951171875,426800.0
2025-06-12,168.81932211695883,171.34035082368632,165.08261768548257,170.08482360839844,248500.0
2025-06-13,166.9491447812466,169.76525814218093,163.43401628969573,164.8320770263672,259900.0
2025-06-16,167.7280837425598,169.26595057117632,163.74358773911064,166.70948791503906,681600.0
2025-06-17,163.77355420228292,169.25597927670694,162.4453887939453,162.4453887939453,424000.0
2025-06-18,162.44538538655902,167.20880329433263,162.3355366637309,163.41404724121094,570700.0
2025-06-20,166.1602530160098,173.5700058716672,166.1602530160098,170.1147918701172,685500.0
2025-06-23,168.87650038222856,180.06103282906363,168.87650038222856,179.34202575683594,505900.0
2025-06-24,179.401926614994,184.23525494665859,178.9525510389946,181.74868774414062,465100.0
2025-06-25,180.00111445433706,182.14813968283752,175.1278477833309,176.0066375732422,398000.0
2025-06-26,176.6856878199548,179.00249167908385,174.41883320611151,176.55587768554688,343400.0
2025-06-27,177.05519130935122,180.81999004713117,176.68569183514165,178.31344604492188,302600.0
2025-06-30,179.25213937826868,180.7600488256212,176.96530820444596,180.07101440429688,333800.0
2025-07-01,177.3447814442175,196.88776665365418,177.3447814442175,194.4011993408203,731300.0
2025-07-02,193.6122985085582,196.87777237430015,192.2341991141629,195.2300567626953,546800.0
2025-07-03,194.7307433072237,196.57819491573906,191.70492836100595,194.3113250732422,223700.0
2025-07-07,193.7321270729533,195.23005589052767,188.0300046694567,191.4552764892578,515800.0
2025-07-08,193.0830287038816,195.49968534296983,189.00866053326124,192.4139404296875,358500.0
2025-07-09,193.40257518939532,200.48278153418633,193.12296303739507,200.42286682128906,415100.0
2025-07-10,199.97349741194824,207.2334633573356,198.93494013497983,202.06060791015625,328300.0
2025-07-11,199.3044189068687,201.5213547180995,197.36709524861118,200.31301879882812,265700.0
2025-07-14,197.65669560130195,201.00207609525125,195.45973635705644,198.47557067871094,282100.0
2025-07-15,200.46282883465665,200.46282883465665,190.0572183323203,190.38674926757812,327100.0
2025-07-16,191.24555815698355,193.78205946673503,187.48077473133503,190.8361358642578,423200.0
2025-07-17,189.2583101057753,192.4738650647795,189.2583101057753,191.5052032470703,335100.0
2025-07-18,192.60367530371644,192.68356666620028,182.62747950291407,183.83580017089844,457100.0
2025-07-21,185.72319606179857,190.99590426171713,184.49489870235797,185.47354125976562,687100.0
2025-07-22,190.2369618967167,202.03065247705538,188.66912240319982,200.89222717285156,793200.0
2025-07-23,203.71832216702975,208.29200005205124,200.42287567266612,207.71279907226562,562400.0
2025-07-24,203.808185086542,207.71278974309223,198.18596945658734,199.7937469482422,505300.0
2025-07-25,201.85090258942355,204.24758256029347,197.74657709196205,204.1876678466797,269100.0
2025-07-28,204.21762412019316,206.4744980014192,200.003449924221,205.66561889648438,298200.0
2025-07-29,206.6842127001088,207.65287452277255,204.4173428971794,206.2048797607422,286300.0
2025-07-30,206.5543900864529,208.45177569452974,199.7238384679033,202.71969604492188,746800.0
2025-07-31,198.48554143027715,203.23897844806189,196.56819444577044,202.0106658935547,785400.0
2025-08-01,201.55130930428368,206.70418788862614,199.4242455919485,206.21485900878906,343000.0
2025-08-04,206.04509869174913,213.49478929399015,205.66561852460137,212.7058868408203,349500.0
2025-08-05,214.6232301592185,217.8687424612852,211.83708937988698,215.2523651123047,906100.0
2025-08-06,216.31090613238055,217.46930806470468,210.8784152310038,211.52752685546875,696900.0
2025-08-07,230.61111752366438,262.8365776312223,230.61111752366438,254.85760498046875,1764800.0
2025-08-08,255.84623909695878,261.60826063654326,250.9529961063834,257.513916015625,1508100.0
2025-08-11,258.1430589782068,259.59106898470117,248.95576553600407,251.89170837402344,577200.0
2025-08-12,252.76050210291976,264.1946887045385,250.41374092699945,262.81658935546875,681400.0
2025-08-13,267.26045572557973,275.3792345261222,264.0049474502192,272.17364501953125,635400.0
2025-08-14,265.53284798896755,267.9195625843128,262.63685830803547,266.4016418457031,538700.0
2025-08-15,270.2063758396098,271.1950295932746,262.36723932261873,266.8410339355469,489700.0
2025-08-18,267.9494983408398,273.75147317943464,264.9536408830275,264.9736022949219,345800.0
2025-08-19,266.47153305027217,270.6257924137498,264.49425614192165,269.4773864746094,515000.0
2025-08-20,267.80968751125977,269.61718581016964,261.78801500443296,262.9064636230469,452500.0
2025-08-21,261.7480669818806,264.65405254532897,258.69229463174713,263.8152160644531,444800.0
2025-08-22,265.6327010147755,278.35509957439535,263.9749895243223,272.7029113769531,699700.0
2025-08-25,270.69570550429154,274.89988367342534,267.7397708211969,273.032470703125,577400.0
2025-08-26,272.79281207650683,276.96703289297733,271.16505795334615,276.4976806640625,492700.0
2025-08-27,274.94980790656285,277.6061386064366,268.5686471358866,268.6884765625,578500.0
2025-08-28,270.32624088789066,270.32624088789066,259.4412667742352,263.0263366699219,792600.0
2025-08-29,263.69539343375783,263.69539343375783,258.8021652647704,261.45849609375,245000.0
2025-09-02,255.64650491749262,260.6196393046235,251.18267605401732,258.9718933105469,382900.0
2025-09-03,259.22155532227146,265.4529597765368,257.68370371559905,264.3844299316406,538000.0
2025-09-04,267.4302068387502,272.6529961725718,265.67265778799765,269.5273132324219,367300.0
2025-09-05,273.6216699848998,279.56346661452915,271.27490869103616,273.7514953613281,254800.0
2025-09-08,273.4019608121666,279.56345462800897,272.6829537758415,279.0841064453125,341300.0
2025-09-09,277.46634398362096,279.6133691156714,263.1860714899502,265.77252197265625,539900.0
2025-09-10,267.03078253445466,267.03078253445466,263.6254872198597,265.52288818359375,338300.0
2025-09-11,267.9295320461874,274.3905997997159,265.7925027027129,271.8341369628906,400700.0
2025-09-12,268.348956693487,271.10515547922984,263.7353407959192,267.5899963378906,360000.0
2025-09-15,266.8299865722656,267.70001220703125,258.9700012207031,260.6400146484375,479700.0
2025-09-16,262.4100036621094,264.6600036621094,256.9700012207031,263.4200134277344,748300.0
2025-09-17,263.6400146484375,273.8299865722656,255.13999938964844,258.67999267578125,507600.0
2025-09-18,259.0899963378906,264.80999755859375,256.5199890136719,263.7099914550781,265300.0
2025-09-19,261.3599853515625,263.0199890136719,254.10000610351562,259.6300048828125,739200.0
2025-09-22,259.0,259.0,252.3300018310547,256.6600036621094,261400.0
2025-09-23,259.1700134277344,261.1000061035156,254.39999389648438,257.2099914550781,228100.0
2025-09-24,256.0,259.95001220703125,254.5800018310547,254.8000030517578,219200.0
2025-09-25,251.5399932861328,255.91000366210938,248.6999969482422,248.6999969482422,339000.0
2025-09-26,249.2899932861328,252.05999755859375,247.4499969482422,249.17999267578125,287600.0
2025-09-29,248.9199981689453,250.32000732421875,245.9600067138672,249.4499969482422,325300.0
2025-09-30,250.52999877929688,252.36000061035156,243.1699981689453,246.66000366210938,329300.0
2025-10-01,246.8800048828125,250.4600067138672,242.5,245.22000122070312,332400.0
2025-10-02,244.3300018310547,246.89999389648438,239.27999877929688,244.08999633789062,352100.0
2025-10-03,246.8000030517578,250.7899932861328,240.82000732421875,242.42999267578125,465800.0
2025-10-06,245.00999450683594,245.00999450683594,235.41000366210938,239.5399932861328,239600.0
2025-10-07,239.38999938964844,239.38999938964844,231.5800018310547,235.13999938964844,503600.0
2025-10-08,238.39999389648438,245.72999572753906,235.1300048828125,243.16000366210938,470100.0
2025-10-09,239.86000061035156,243.63999938964844,238.9199981689453,240.47999572753906,500300.0
2025-10-10,242.0399932861328,245.33999633789062,237.5,239.1999969482422,360800.0
2025-10-13,238.3300018310547,242.13999938964844,235.85000610351562,240.32000732421875,195400.0
2025-10-14,241.64999389648438,257.45001220703125,237.97999572753906,256.42999267578125,480500.0
2025-10-15,256.4200134277344,260.80999755859375,254.94000244140625,256.1400146484375,267600.0
2025-10-16,256.5299987792969,260.0,251.67999267578125,255.25,369500.0
2025-10-17,252.5500030517578,257.29998779296875,250.5800018310547,257.0,168200.0
2025-10-20,259.29998779296875,264.8900146484375,258.44000244140625,260.30999755859375,341400.0
2025-10-21,255.35000610351562,272.04998779296875,253.97000122070312,266.6099853515625,462100.0
2025-10-22,263.9100036621094,267.6300048828125,259.6199951171875,262.7699890136719,391200.0
2025-10-23,262.3699951171875,267.4200134277344,260.6400146484375,267.29998779296875,254500.0
2025-10-24,272.2300109863281,277.17999267578125,267.0,268.19000244140625,405000.0
2025-10-27,268.6400146484375,272.3699951171875,267.5400085449219,271.4700012207031,344700.0
2025-10-28,265.19000244140625,274.0,264.3800048828125,269.5,219800.0
2025-10-29,267.5400085449219,272.0199890136719,258.82000732421875,262.760009765625,353300.0
2025-10-30,260.2200012207031,266.2149963378906,261.6099853515625,262.67498779296875,12695.0
