timestamp,open,high,low,close,volume
2016-12-01,12.473372055499365,12.63968396487425,11.703410817505578,11.795805931091309,1191200.0
2016-12-02,11.820447705578223,12.011397803230686,11.259915902083552,11.364630699157715,299400.0
2016-12-05,11.364631342243364,11.500144132944309,8.93155271806476,9.48592472076416,917000.0
2016-12-06,9.818547046353759,10.44314025410232,9.516722332923587,10.255885124206543,346200.0
2016-12-07,10.847217504513727,10.847217504513727,10.255886487937088,10.403718948364258,244500.0
2016-12-08,10.403719941762128,10.656267232631484,10.276215034588732,10.594671249389648,109700.0
2016-12-09,10.77945922336368,10.77945922336368,10.384622570691146,10.44067668914795,72700.0
2016-12-12,10.594669396402413,10.664888899006295,10.317482820821262,10.360600471496582,71000.0
2016-12-13,10.47147523111372,10.47147523111372,10.290379921171912,10.317482948303223,37800.0
2016-12-14,10.471474146760944,10.471474146760944,10.064934656229058,10.101892471313477,77900.0
2016-12-15,10.021815843738905,10.471472928709371,9.873983425729474,10.391397476196289,126900.0
2016-12-16,10.409879813985143,10.502891769801193,9.97870205533965,10.145012855529785,129300.0
2016-12-19,10.255884001274117,10.40987625707363,10.163488882767943,10.305161476135254,110500.0
2016-12-20,10.416039502222585,10.945773411754718,10.354442344740328,10.884176254272461,73600.0
2016-12-21,10.945771611243524,11.149041375090725,10.632858478663694,11.124402046203613,103300.0
2016-12-22,11.21064413859641,11.395434498352033,11.093609617488005,11.167525291442871,42500.0
2016-12-23,11.30919521774654,11.612251255275856,11.259917727304273,11.426228523254395,40400.0
2016-12-27,11.59870032723635,11.771172131218304,11.395430532303495,11.426228523254395,39600.0
2016-12-28,11.611020203812966,11.771172344367333,11.432388563432612,11.502609252929688,93400.0
2016-12-29,11.70341474018235,11.704030371017215,10.665506972450272,11.025848388671875,77700.0
2016-12-30,10.939611362736846,11.395428355992404,10.82873673669969,11.20447826385498,34800.0
2017-01-03,11.463186035634113,11.820448088726033,11.432386873809357,11.518623352050781,61100.0
2017-01-04,11.69109471138838,11.69109471138838,11.549422082478292,11.598699569702148,27100.0
2017-01-05,11.697251700463815,12.208505946697215,11.666453719011605,12.140748977661133,54000.0
2017-01-06,12.270105023500143,12.282424687974965,11.703413381204978,11.857405662536621,155500.0
2017-01-09,11.906685281494688,11.906685281494688,11.598700663582392,11.777332305908203,18300.0
2017-01-10,11.857407941658145,11.857407941658145,11.149043546350889,11.537103652954102,60600.0
2017-01-11,11.561742880438976,11.646746936058106,11.087446285160972,11.32767391204834,76200.0
2017-01-12,11.512463018227944,11.512463018227944,11.123170558715747,11.179839134216309,28000.0
2017-01-13,11.457023815291047,11.600544472363628,11.33382954340509,11.432384490966797,90300.0
2017-01-17,11.580221583672296,11.697256071687908,11.52601669310786,11.67261791229248,27800.0
2017-01-18,11.70340939445998,11.765006520983263,11.487820039062223,11.505683898925781,29200.0
2017-01-19,11.426227295705926,11.869725836908199,11.426227295705926,11.740371704101562,30800.0
2017-01-20,11.919003144992352,11.937481467355994,11.487824275199552,11.617794036865234,28500.0
2017-01-23,11.808129286751493,11.808129286751493,11.51862419365359,11.586380004882812,15800.0
2017-01-24,11.67877429406794,11.770553799030296,11.445322169315386,11.518623352050781,19500.0
2017-01-25,11.586380489015324,11.69725513458252,11.56050989503205,11.69725513458252,26400.0
2017-01-26,11.697253762214096,11.703413594563802,11.535253578533691,11.549421310424805,21300.0
2017-01-27,11.641814629109957,11.73420975020057,11.549419508019342,11.557427406311035,15100.0
2017-01-30,11.635658210666659,11.635658210666659,11.551886593974565,11.581453323364258,15100.0
2017-01-31,11.580221879627645,11.615332814363718,11.395431567400838,11.449636459350586,18100.0
2017-02-01,11.512464721804745,11.560509774453125,11.210639953613281,11.210639953613281,19500.0
2017-02-02,11.192160353790156,11.321513321192372,10.933453244117722,11.025848388671875,27900.0
2017-02-03,11.155201982399578,11.229117624460994,11.056647009739057,11.173680305480957,13400.0
2017-02-06,11.179842480403126,11.198321982224067,11.056649326201434,11.068967819213867,16900.0
2017-02-07,11.032006164943628,11.132409191105074,11.025846333139318,11.044325828552246,11500.0
2017-02-08,11.032006688646685,11.136721484555311,11.00613609876115,11.10407543182373,35600.0
2017-02-09,11.025845163944933,11.153966832205693,10.954393237353813,11.099761962890625,30500.0
2017-02-10,11.118244171142578,11.118244171142578,10.959940097266777,11.118244171142578,28100.0
2017-02-13,11.179838503753695,11.179838503753695,10.98950404971196,11.056645393371582,9600.0
2017-02-14,11.025845673576066,11.025845673576066,10.779458290481461,10.951930046081543,21500.0
2017-02-15,11.087443377250166,11.172447410575234,10.951930603369508,11.056645393371582,11100.0
2017-02-16,11.025848580641965,11.056647745941595,10.816418956076584,10.840442657470703,4000.0
2017-02-17,10.939615301429283,11.006755496989518,10.810261132857397,10.933455467224121,15000.0
2017-02-21,11.032007497601054,11.03939976660632,10.8749358796543,10.970410346984863,13900.0
2017-02-22,11.025849054390669,11.124404037848054,10.890336245853783,11.087446212768555,17900.0
2017-02-23,11.179841329335526,11.235278654222373,10.970411696400344,11.118244171142578,9900.0
2017-02-24,10.982727670628469,11.048020941827149,9.855504401680921,10.53307056427002,71200.0
2017-02-27,10.446836602463687,10.570030906920309,10.163491347028602,10.403718948364258,16900.0
2017-02-28,10.354439368610802,10.398789450234851,10.101892152903297,10.169649124145508,40500.0
2017-03-01,10.034137747388833,10.212768185150054,10.000259257071736,10.058775901794434,23400.0
2017-03-02,10.101894127367904,10.225088431002177,9.976852931314236,10.13269329071045,30600.0
2017-03-03,10.138851552574824,10.256501649752654,10.009498596191406,10.009498596191406,12400.0
2017-03-06,10.175812330342362,10.311325142900875,9.947903190040925,10.027979850769043,26000.0
2017-03-07,10.089572012630828,10.089572012630828,9.639914910802487,9.793907165527344,26700.0
2017-03-08,9.793909698803509,9.793909698803509,9.572161006118751,9.609119415283203,34100.0
2017-03-09,9.57831874039306,9.701512431561033,9.553680002159467,9.577702522277832,19200.0
2017-03-10,9.547522689530238,9.64792573586436,9.516724111754629,9.546906471252441,17300.0
2017-03-13,9.516724036069476,9.855507214038864,9.516724036069476,9.664556503295898,26600.0
2017-03-14,9.781588652617044,9.806227391291289,9.578318911696059,9.769268989562988,28400.0
2017-03-15,9.910945701770082,10.730184788296068,9.82162987516977,10.428359985351562,45900.0
2017-03-16,10.44067668914795,10.77945922336368,10.428357025210113,10.44067668914795,20600.0
2017-03-17,10.354443757853494,10.594672587332502,10.348283923777805,10.49611759185791,156700.0
2017-03-20,10.680904984867292,10.841057102300589,10.477635215599626,10.779459953308105,19700.0
2017-03-21,10.754820847644998,10.79793967524486,10.332882306795106,10.471475601196289,19000.0
2017-03-22,10.39140211513293,10.76098273771112,10.188132302767666,10.680907249450684,20700.0
2017-03-23,10.816416206848027,10.816416206848027,10.16348934173584,10.16348934173584,12900.0
2017-03-24,10.15117285873717,10.231249518380034,10.006420885313386,10.071097373962402,48900.0
2017-03-27,9.972540862131291,10.502273531937892,9.972540862131291,10.225088119506836,44600.0
2017-03-28,10.305162604463147,10.379079412281953,10.21646360994838,10.255885124206543,11800.0
2017-03-29,10.280524311814201,10.63778633252792,10.280524311814201,10.557709693908691,81700.0
2017-03-30,10.711703848424742,10.762829404031146,10.471476240051897,10.563871383666992,44100.0
2017-03-31,10.637789404893173,10.724024725357461,10.416040095278571,10.508435249328613,20800.0
2017-04-03,10.724021105236886,10.724021105236886,10.588508336699908,10.705541610717773,25300.0
2017-04-04,10.779457779809393,11.395426795798501,10.748659798957002,10.841054916381836,121200.0
2017-04-05,11.019686978903303,11.38310884703292,10.841056548308046,10.902653694152832,63600.0
2017-04-06,11.056647219771147,11.179840350503,11.007369732504811,11.093605041503906,18600.0
2017-04-07,11.087446212768555,11.241438521279228,11.081286379443958,11.087446212768555,19900.0
2017-04-10,11.173677417857549,11.241434384626643,11.081282301724558,11.149039268493652,58500.0
2017-04-11,11.235282304958545,11.32151764952871,11.087449782180355,11.167525291442871,63200.0
2017-04-12,11.179839134216309,11.333831412028841,11.179839134216309,11.179839134216309,9900.0
2017-04-13,11.253757577968765,11.31535473300805,11.179840756948018,11.241437911987305,10000.0
2017-04-17,11.149040579440728,11.333830833435059,11.081283604704508,11.333830833435059,82600.0
2017-04-18,11.420068942753556,11.549421904143344,11.081285195311246,11.142882347106934,69400.0
2017-04-19,11.241437911987305,11.30919490001732,10.797940510466864,11.241437911987305,108600.0
2017-04-20,11.346152310602369,11.635657401433592,11.093605041503906,11.093605041503906,58200.0
2017-04-21,11.17983836909967,11.407747441606615,11.112082570409305,11.35846996307373,113800.0
2017-04-24,11.54326235149628,11.672616490891924,10.594670420356131,10.804100036621094,115000.0
2017-04-25,10.80409924432169,11.142881800270304,10.672281416439953,11.038166999816895,76800.0
2017-04-26,10.97657145434766,11.272236401802262,10.7899330884396,10.878016471862793,39700.0
2017-04-27,10.983960440687133,11.069580100183435,10.84721523776582,10.982728004455566,22700.0
2017-04-28,11.06280687947017,11.087446212768555,10.779461595747206,11.087446212768555,25700.0
2017-05-01,11.087445028875617,11.087445028875617,10.847217429207724,10.890335083007812,5100.0
2017-05-02,10.890333950968346,10.890333950968346,10.68706419356337,10.711702346801758,15500.0
2017-05-03,10.656264160860816,10.656264160860816,10.385238623091857,10.416036605834961,21600.0
2017-05-04,10.465316407161826,10.602061642664642,10.348281931986442,10.563871383666992,63000.0
2017-05-05,10.563871002707833,11.086829399996253,10.38524055480957,10.38524055480957,90800.0
2017-05-08,10.69938606571607,10.890336198475518,10.471476933169834,10.594671249389648,44300.0
2017-05-09,10.594670655796486,11.025848388671875,10.594670655796486,11.025848388671875,6700.0
2017-05-10,11.056645971330878,11.099763620961877,10.760979906249473,10.902653694152832,18600.0
2017-05-11,10.773303064158576,11.096686716131757,10.773303064158576,10.968564987182617,34900.0
2017-05-12,11.124404037848054,11.145962867050102,10.822579254151302,11.087446212768555,16100.0
2017-05-15,11.112083465401236,11.112083465401236,10.797939073876794,10.853376388549805,15800.0
2017-05-16,10.77946028674952,11.032007548049645,10.77946028674952,10.964250564575195,9600.0
2017-05-17,11.044324644663535,11.044324644663535,10.791777442097413,10.841054916381836,9900.0
2017-05-18,10.921132192697375,10.921132192697375,10.512744601202387,10.853376388549805,8500.0
2017-05-19,10.785619824223316,11.001209259033203,10.526912737425034,11.001209259033203,17700.0
2017-05-22,10.939610886202212,11.087443322856162,10.56818114013096,10.687679290771484,28200.0
2017-05-23,10.834899515155875,10.945774171344555,10.687067031860352,10.687067031860352,22300.0
2017-05-24,10.779460444740184,11.087445028875617,10.72402312560637,10.890335083007812,15700.0
2017-05-25,10.908815901115123,11.198322228331426,10.49611759185791,10.49611759185791,27800.0
2017-05-26,10.736341015916409,10.748660679213343,10.477633961019588,10.619306564331055,16700.0
2017-05-30,10.625467996938813,10.970410397151776,10.625467996938813,10.964250564575195,12600.0
2017-05-31,10.939611385346083,10.982729034479018,10.594669017414777,10.945771217346191,18600.0
2017-06-01,10.94762168416252,10.94762168416252,10.785621474165751,10.859537124633789,13500.0
2017-06-02,10.841057305321128,10.982729928249414,10.656265854883088,10.87123966217041,14900.0
2017-06-05,10.933453639283973,11.08744594406262,10.582351372367544,10.815803527832031,16500.0
2017-06-06,10.724022187611709,10.796090931155645,10.605139659788625,10.66242504119873,6400.0
2017-06-07,10.662423204601088,10.822575287741568,10.59466741259878,10.625465393066406,5200.0
2017-06-08,10.650108948040259,11.025849393450542,10.478252765143022,11.019689559936523,25100.0
2017-06-09,11.050486703954292,11.050486703954292,10.779459953308105,10.779459953308105,24600.0
2017-06-12,10.693226865522849,10.7178650253047,10.656267863547862,10.687067031860352,23300.0
2017-06-13,10.650105996141308,10.757284484868645,10.533071541549702,10.557709693908691,15000.0
2017-06-14,10.613148871919575,10.70554401553467,10.560792054655952,10.563871383666992,10600.0
2017-06-15,10.514596074761547,10.594672744061883,10.477638244628906,10.477638244628906,27700.0
2017-06-16,10.477634776827642,10.66242504119873,10.477634776827642,10.66242504119873,24300.0
2017-06-19,10.773300848283622,10.922365747433355,10.508433912140928,10.582350730895996,9900.0
2017-06-20,10.526911735534668,10.668584342832368,10.502272408247526,10.526911735534668,10300.0
2017-06-21,10.627931572162893,10.717863011979297,10.520753071278572,10.699384689331055,17300.0
2017-06-22,10.680905133680739,10.951931888103049,10.60082848641446,10.760980606079102,19600.0
2017-06-23,10.711703303275069,10.964250564575195,10.539232690602555,10.964250564575195,17200.0
2017-06-26,10.90388551284954,10.908812908811212,10.554015727345021,10.779459953308105,22900.0
2017-06-27,10.87185616781821,10.988890645026604,10.514594078063965,10.514594078063965,26300.0
2017-06-28,10.607807307375628,10.747008171636484,10.420756553466262,10.495949745178223,29500.0
2017-06-29,10.533240378117952,10.614025767361246,10.340596199035645,10.340596199035645,14800.0
2017-06-30,10.433809526505751,10.440022783014017,10.278452037560402,10.408951759338379,31100.0
2017-07-03,10.408948494359493,10.544420438247553,10.328163146972656,10.328163146972656,13200.0
2017-07-05,10.328165286025188,10.520808219909668,10.328165286025188,10.520808219909668,43900.0
2017-07-06,10.595379925360115,10.750737409223364,10.266022818151493,10.371665954589844,79200.0
2017-07-07,10.402734764871278,10.42883470282234,10.04851996664026,10.377878189086914,40600.0
2017-07-10,10.458663432068183,10.614020881258313,10.147948533687925,10.31573486328125,33200.0
2017-07-11,10.25359396306654,10.396522564144268,10.154165267944336,10.154165267944336,16600.0
2017-07-12,10.160377282688108,10.26104813091552,9.899376724012852,10.036090850830078,46600.0
2017-07-13,10.129304885864258,10.207605881648325,10.017448521698743,10.129304885864258,23300.0
2017-07-14,10.172806322753537,10.241162794594457,10.067163209599451,10.190827369689941,26200.0
2017-07-17,10.110664367675781,10.241164072708614,9.94909245767078,10.110664367675781,64800.0
2017-07-18,10.216306081945897,10.421377865284079,10.097613001509506,10.253591537475586,96800.0
2017-07-19,10.30330565003823,10.346805544760914,10.129304885864258,10.129304885864258,16400.0
2017-07-20,10.116874650507345,10.278446494104283,10.082695831727596,10.272232055664062,7400.0
2017-07-21,10.253591992020732,10.353020668029785,10.172806637244621,10.353020668029785,18500.0
2017-07-24,10.191450594692382,10.28652929793531,9.961522184808036,10.048521995544434,48100.0
2017-07-25,10.048522505313308,10.331273089834271,9.768879141710814,10.23495101928711,68500.0
2017-07-26,10.284661873159024,10.684242169008476,10.284661873159024,10.618370056152344,68000.0
2017-07-27,10.688594013747059,10.84395147798592,10.688594013747059,10.79423713684082,30700.0
2017-07-28,10.875022680158807,10.968236923217773,10.875022680158807,10.968236923217773,23000.0
2017-07-31,11.073882734264672,11.44922652213706,11.031003911294162,11.341097831726074,74000.0
2017-08-01,11.496452601436193,11.507638121010308,11.080094540891762,11.204380989074707,44200.0
2017-08-02,11.21059594522305,11.372166675889487,10.90609425170904,10.912308692932129,15600.0
2017-08-03,10.875020875358727,10.875020875358727,10.626449206692884,10.788021087646484,23200.0
2017-08-04,10.81288043750752,11.104953260286969,10.806665996035242,11.011737823486328,28300.0
2017-08-07,11.073880296230426,11.225508864885727,11.055238158370955,11.13602352142334,13500.0
2017-08-08,11.1422396087348,11.188846145553017,10.97196769177895,11.185739517211914,22400.0
2017-08-09,11.185736396663811,11.216807412541232,10.918521393098185,10.993093490600586,19900.0
2017-08-10,10.91230759332636,11.04902291589092,10.234948976950493,11.024165153503418,44500.0
2017-08-11,11.0241657680418,11.0241657680418,10.564307805788545,10.769379615783691,11100.0
2017-08-14,10.75073691315068,11.12359509427434,10.68859487069964,11.114274024963379,11300.0
2017-08-15,10.943377682439086,11.098735111501387,10.645090517824297,10.701019287109375,9900.0
2017-08-16,10.788023159130649,10.875022963548336,10.418271619788605,10.458664894104004,15500.0
2017-08-17,10.458667711830945,10.620239667339089,10.284666870833613,10.579846382141113,23200.0
2017-08-18,10.620235433080076,10.747007406901865,10.253591754315233,10.377878189086914,16900.0
2017-08-21,10.402734698758078,10.522048869387971,10.241162808695055,10.287149429321289,5800.0
2017-08-22,10.284662165852616,10.440019607543945,10.160376923669483,10.440019607543945,47000.0
2017-08-23,10.440017022397,11.024161190390478,10.353017255883284,10.763160705566406,68000.0
2017-08-24,10.887452382841293,11.01298101691812,10.694808256007054,10.837738037109375,13400.0
2017-08-25,10.819094542611511,11.024166363686863,10.705372519243165,10.974452018737793,11400.0
2017-08-28,11.111164993085879,11.111164993085879,10.834007816066181,10.850164413452148,13100.0
2017-08-29,10.875024766938484,11.030382263609033,10.47109551265178,10.570524215698242,58400.0
2017-08-30,10.694808134818755,10.830902384449354,10.477308615508402,10.514594078063965,30900.0
2017-08-31,10.601592420374507,10.868807433200914,10.564306962972756,10.614021301269531,31500.0
2017-09-01,10.669949428755043,10.669949428755043,10.49594866269511,10.5829496383667,10600.0
2017-09-05,10.52080650874337,10.564306404292193,10.427592277526855,10.427592277526855,14300.0
2017-09-06,10.42137797614187,10.576735425331998,10.31573486328125,10.31573486328125,8100.0
2017-09-07,10.402735258007235,10.536342766871233,10.259806680942653,10.303306579589844,10000.0
2017-09-08,10.365452612181473,10.824067308384262,10.315738259484734,10.781810760498047,25700.0
2017-09-11,10.955807648851192,11.081337454249354,10.8563789684464,10.887451171875,46600.0
2017-09-12,10.980665805034544,11.030380147018219,10.906093699417328,10.968236923217773,27800.0
2017-09-13,11.098737265191788,11.098737265191788,10.980665264313503,10.999308586120605,47200.0
2017-09-14,11.042809330101667,11.042809330101667,10.769379849090125,10.96202278137207,38400.0
2017-09-15,11.030377437414993,11.247878074645996,10.69542709613213,11.247878074645996,67500.0
2017-09-18,11.216808167179112,11.341094609617027,10.924736568318382,11.111165046691895,58200.0
2017-09-19,11.167093478216566,11.173307918672556,10.970721663883904,11.07387924194336,22800.0
2017-09-20,10.949595340270662,10.949595340270662,10.763165659428402,10.912308692932129,26700.0
2017-09-21,10.968234962574304,11.085685859765881,10.87564182457278,10.924735069274902,19900.0
2017-09-22,11.073880384134982,11.272737758104093,10.985637217011588,11.223023414611816,15300.0
2017-09-25,11.272734646890134,11.291377965035574,11.241663635264183,11.247878074645996,20700.0
2017-09-26,11.216808422338028,11.720167458906921,11.20438072603822,11.496452331542969,33600.0
2017-09-27,11.465382479136952,11.465382479136952,11.305675008925823,11.403239250183105,23500.0
2017-09-28,11.490956452064113,11.747842512738474,11.24284207555759,11.522283554077148,17400.0
2017-09-29,11.616264542913209,11.741574116812806,11.544210073982168,11.716512680053711,18500.0
2017-10-02,11.741575090779714,11.760372066197295,11.67328144501784,11.710247993469238,29300.0
2017-10-03,11.76663793038699,11.76663793038699,11.694584649271455,11.7227783203125,12600.0
2017-10-04,11.779164200350486,12.035423935807101,11.723401888794758,11.823023796081543,35000.0
2017-10-05,11.90447810900347,11.998460591906234,11.841822722050924,11.891946792602539,20200.0
2017-10-06,11.942074508206307,11.968389563649081,11.73531250468989,11.797967910766602,21800.0
2017-10-09,11.898213424912415,12.15509945690227,11.855608618734138,11.967134475708008,61000.0
2017-10-10,12.042319990164831,12.136303675814167,11.967134475708008,11.967134475708008,30100.0
2017-10-11,12.029789998712932,12.092444196424761,11.998461704804798,12.004727363586426,38500.0
2017-10-12,12.123774310419455,12.155101413978363,11.935808103908807,11.960870742797852,36300.0
2017-10-13,12.042318409173424,12.261611655144668,12.02978828844379,12.104973793029785,46600.0
2017-10-16,12.161363760759986,12.418249764131055,11.747839892160115,11.760371208190918,43400.0
2017-10-17,11.948340517836115,11.992198944857034,11.240337635100211,11.384444236755371,83100.0
2017-10-18,11.409502437152089,11.766637802124023,11.384440998149174,11.766637802124023,20100.0
2017-10-19,11.772904929445023,11.785435052983676,11.403239396377625,11.434566497802734,21400.0
2017-10-20,11.528548073422392,11.542959208152569,11.40323848270989,11.503486633300781,13600.0
2017-10-23,11.772906362804394,12.002223784687576,11.591205806270114,11.754109382629395,70100.0
2017-10-24,11.873150210559192,12.054849505883386,11.873150210559192,12.010991096496582,36700.0
2017-10-25,12.086180010695696,12.499703939376982,12.061117374992712,12.155099868774414,67900.0
2017-10-26,12.21775526297963,12.424517227320273,12.008487274079139,12.155099868774414,30300.0
2017-10-27,12.130036542364028,12.244694617228697,12.10497391055733,12.148832321166992,31700.0
2017-10-30,12.26161202912271,12.437046870260863,12.186426522243565,12.399454116821289,43400.0
2017-10-31,12.49970143506278,12.49970143506278,12.30546963243571,12.34932804107666,51000.0
2017-11-01,12.493437286886378,12.493437286886378,12.217754291338997,12.242816925048828,21800.0
2017-11-02,12.24281508661135,12.343063216292649,12.217752456665039,12.217752456665039,18300.0
2017-11-03,12.324268414389651,12.33053407297974,12.217754608462506,12.299205780029297,19900.0
2017-11-06,12.386922725162933,12.484664839551783,12.06738133524385,12.170135498046875,33100.0
2017-11-07,12.224019203046293,12.34306431579166,12.194570729741356,12.255346298217773,15200.0
2017-11-08,12.299208557644649,12.37439528265347,12.224023027688279,12.24908447265625,17300.0
2017-11-09,12.292941129917232,12.37439230024781,12.238431215568175,12.280409812927246,13100.0
2017-11-10,12.393187368298134,12.393187368298134,12.255345292727887,12.274142265319824,21200.0
2017-11-13,12.35559450054139,12.368125816695432,12.267251470275188,12.318001747131348,19600.0
2017-11-14,12.380658993334167,12.380658993334167,12.16763136691139,12.336800575256348,15200.0
2017-11-15,12.324267917920018,12.33241339326422,12.136302947998047,12.136302947998047,9700.0
2017-11-16,12.255349188717878,12.324270248413088,12.192693788545172,12.324270248413086,7700.0
2017-11-17,12.274144113443413,12.311736869235666,12.17389596796263,12.211488723754883,22000.0
2017-11-20,12.211488918581962,12.211488918581962,11.779168037391063,11.81049633026123,38300.0
2017-11-21,11.810497501578444,12.061117894134414,11.782302632725129,11.898214340209961,22900.0
2017-11-22,11.91700676034387,12.067378938370224,11.91700676034387,11.998457908630371,14800.0
2017-11-24,12.054853412991461,12.061119072799205,11.948339586364643,11.985932350158691,19900.0
2017-11-27,11.967132655868523,12.032920269776985,11.90447727331436,11.93580436706543,13500.0
2017-11-28,11.89821548971894,11.928916386206042,11.779170343609067,11.794835090637207,13300.0
2017-11-29,11.747840531148421,11.83555735803098,11.516015952177487,11.534812927246094,49300.0
2017-11-30,11.653859740659662,11.653859740659662,11.326172811784373,11.37191104888916,67500.0
2017-12-01,11.31552020152596,11.84182357788086,11.31552020152596,11.84182357788086,27900.0
2017-12-04,11.910744871966463,12.086179732695353,11.904479213184835,12.004727363586426,40000.0
2017-12-05,12.073647481046383,12.15509864880157,12.054850506155743,12.079913139343262,44600.0
2017-12-06,12.136304874420135,12.167631976029039,12.10497657775891,12.13003921508789,23900.0
2017-12-07,12.180162021886007,12.531030542460279,12.11374699594633,12.48717212677002,64900.0
2017-12-08,12.531029675678763,12.531029675678763,12.336799050320334,12.455842971801758,35100.0
2017-12-11,12.45584483954889,13.50218602216844,12.45584483954889,13.032272338867188,389500.0
2017-12-12,13.289156397432311,13.370608759553408,12.23028525027498,12.455842971801758,290500.0
2017-12-13,12.549825179888586,12.932020727577687,12.531028207358837,12.731524467468262,87100.0
2017-12-14,12.794181320525169,14.39815278111974,12.794181320525169,14.160063743591309,292300.0
2017-12-15,14.410683821422326,15.64498978808192,13.972097314053853,15.53847599029541,225900.0
2017-12-18,16.27780873967627,16.514019177209295,15.106158027861095,15.513416290283203,170500.0
2017-12-19,15.644991249206196,15.644991249206196,14.59865014795438,14.705163955688477,145200.0
2017-12-20,14.70516533829599,15.726445095837137,14.70516533829599,15.601134300231934,146500.0
2017-12-21,15.726442357377922,16.133700579600124,15.111794792591473,15.12495231628418,68200.0
2017-12-22,15.244002625346615,15.457030296325685,14.661309360318718,15.457030296325684,112600.0
2017-12-26,15.66378990766632,17.079796658725634,15.538479110384058,16.32793426513672,185300.0
2017-12-27,16.5973524853016,17.758353053732208,16.34986430538447,17.543445587158203,232000.0
2017-12-28,18.763584756406534,18.763584756406534,17.568734238462273,18.10610008239746,236100.0
2017-12-29,18.491737036671033,20.558386848484282,18.396907857133844,20.426258087158203,333400.0
2018-01-02,21.336616877234757,23.315391206589137,20.508439176181074,23.119409561157227,436300.0
2018-01-03,23.151024083409702,23.19527762431562,19.161866413742455,20.280855178833008,644600.0
2018-01-04,19.237729401639406,19.28198294004626,15.918699551303575,16.443422317504883,684900.0
2018-01-05,16.20318841890241,18.88370142484217,16.196867517888755,18.599212646484375,504200.0
2018-01-08,19.199793996119784,19.895208665713326,18.18195800013114,18.618173599243164,203200.0
2018-01-09,18.694036881493847,19.81934627711957,18.681392671181385,19.364164352416992,232400.0
2018-01-10,19.591759044319495,20.091194594371615,19.079680487366407,20.046939849853516,183300.0
2018-01-11,21.052129767869843,21.071097290891117,19.598079211895282,20.54637336730957,447100.0
2018-01-12,20.862469066273082,20.862469066273082,18.327362832006557,19.123929977416992,363800.0
2018-01-16,20.186022763203677,21.494668568408166,19.806704841421023,21.361907958984375,368400.0
2018-01-17,21.49466886903486,22.37974443417929,19.13025543813924,19.787738800048828,455700.0
2018-01-18,17.39171664345165,18.523347151750233,16.784807698039874,17.935405731201172,2152700.0
2018-01-19,18.21357083514919,18.428517623691885,17.26527660539676,17.8089656829834,461900.0
2018-01-22,18.055521807682013,18.447483953441473,17.74574583714205,17.84689712524414,214600.0
2018-01-23,17.967014921542972,19.275660780257063,17.967014921542972,18.946918487548828,278200.0
2018-01-24,19.09232624390405,20.05326357773346,19.05439360267842,19.553829193115234,294800.0
2018-01-25,19.553828535358296,20.072229223151233,18.453807299008233,19.041749954223633,233200.0
2018-01-26,18.953241082870743,19.047438419285236,18.085236243766786,18.466449737548828,258400.0
2018-01-29,18.472772292108047,18.649787659924037,17.72045969198182,17.979660034179688,187800.0
2018-01-30,17.701491937446978,18.049199332462308,17.24062089305345,17.461257934570312,252000.0
2018-01-31,17.46125271930429,18.106091673719593,17.385388674528212,18.061838150024414,129600.0
2018-02-01,18.080809581836625,18.24201906462867,16.854348750469512,16.904924392700195,200900.0
2018-02-02,16.753194072693045,17.119867706051338,16.46870538913136,16.78480339050293,190900.0
2018-02-05,16.778482830208212,17.385390426297118,16.487672036051954,16.65836524963379,235700.0
2018-02-06,16.437102123558734,17.02188315908866,16.152613335246613,16.481355667114258,182500.0
2018-02-07,16.493994515298553,16.99975085685269,16.31697919284549,16.93021011352539,134100.0
2018-02-08,16.99343419720044,17.246313654827965,16.44974625726595,16.620439529418945,65400.0
2018-02-09,16.43709979609586,16.879637580625825,15.931343361620295,16.746875762939453,173500.0
2018-02-12,16.9238888267097,16.971935862352897,16.026170372687467,16.367555618286133,102300.0
2018-02-13,16.26008368148597,17.006075291850237,16.26008368148597,16.810094833374023,84000.0
2018-02-14,16.53193058418215,16.73423317764164,16.234798800765837,16.329627990722656,114200.0
2018-02-15,16.50664484582063,16.50664484582063,16.171580391665465,16.44974708557129,64100.0
2018-02-16,16.462390184920284,16.512965834402216,16.329628351393584,16.386526107788086,69200.0
2018-02-20,16.373880008156032,16.38020211434047,16.12732389605521,16.279050827026367,85700.0
2018-02-21,16.190538765084803,16.279045812768164,15.950303627346988,16.032489776611328,108900.0
2018-02-22,16.032492109225313,16.386521557285615,15.962950158317334,16.310657501220703,65500.0
2018-02-23,16.316979981685652,16.40548825010021,16.222782662571788,16.367555618286133,59200.0
2018-02-26,16.481351878552847,16.493996089753228,15.962951277520734,16.013526916503906,91900.0
2018-02-27,15.988239737503662,15.994560637300362,14.938793115953862,15.438228607177734,132500.0
2018-02-28,15.362366037650714,15.962952865409344,15.070924537146874,15.77961540222168,146300.0
2018-03-01,15.779617175518101,15.855481252974013,15.412943413754835,15.570992469787598,70700.0
2018-03-02,15.589956645355413,15.868123283325257,15.476161147739639,15.792259216308594,79200.0
2018-03-05,15.798580847885146,17.06929519006605,15.798580847885146,16.487674713134766,164400.0
2018-03-06,16.60146825572055,17.299412745990104,16.456063455035626,17.094581604003906,165000.0
2018-03-07,17.1009079894245,17.33482113124342,16.626760804440618,16.7911319732666,110300.0
2018-03-08,16.721588475348494,17.379071837462483,16.468709053332358,17.03136444091797,88400.0
2018-03-09,16.97446291481678,17.1894096522149,16.531925230569314,16.78480339050293,83800.0
2018-03-12,16.753199622660308,17.360107407556214,16.63940411153768,17.284244537353516,110800.0
2018-03-13,17.29056207472403,17.385391240325788,16.925785168923753,17.17044448852539,107300.0
2018-03-14,17.258956019234986,17.827933571853443,16.658370344320115,17.606664657592773,126600.0
2018-03-15,17.625625171469796,17.91643597865791,16.993429127638024,17.094581604003906,176200.0
2018-03-16,17.050329070574293,18.111786905491332,16.91124635705946,17.72677993774414,182300.0
2018-03-19,17.688847455475013,17.688847455475013,16.759519577026367,16.759519577026367,83100.0
2018-03-20,16.759521447496116,17.009239236500463,16.689979479464892,16.829063415527344,70900.0
2018-03-21,16.829065085294012,16.873318630861572,16.316985243049928,16.44974708557129,54200.0
2018-03-22,16.27905000075252,16.930212434877244,16.27905000075252,16.664690017700195,67700.0
2018-03-23,16.708947457454435,16.708947457454435,16.27905380482326,16.44974708557129,47300.0
2018-03-26,16.43710059431152,16.816418541497796,16.18485421369448,16.576183319091797,60900.0
2018-03-27,16.506644095328056,16.861305498550635,16.354917143501133,16.481355667114258,47500.0
2018-03-28,16.64093297770446,16.92817626975091,16.360073005202786,16.800512313842773,70900.0
2018-03-29,18.192046726975487,20.624037008124642,17.07499122619629,17.07499122619629,870300.0
2018-04-02,17.45797696390298,19.289946782565845,17.30478097059098,18.613330841064453,221300.0
2018-04-03,18.77929377509779,18.80482583231576,18.102677822658734,18.396303176879883,89500.0
2018-04-04,18.24310478250244,19.468673805166773,18.19842277512559,19.270795822143555,134100.0
2018-04-05,19.430374509479407,20.062946312382856,19.181429991513404,19.58357048034668,118200.0
2018-04-06,19.69209130153122,19.877202707553725,19.22611990905019,19.353782653808594,67100.0
2018-04-09,19.57080841064453,19.655066275152297,19.15654037389907,19.57080841064453,72100.0
2018-04-10,19.532506660456804,19.787833298225543,19.238880113902674,19.749534606933594,49000.0
2018-04-11,19.78783693704122,19.928266309264437,19.44952831885215,19.826135635375977,57600.0
2018-04-12,19.81975424179145,20.611268867572402,19.641026153867962,20.438922882080078,94600.0
2018-04-13,20.37509058035939,22.532602763866695,20.36232394070997,22.309192657470703,233400.0
2018-04-16,23.043250553233012,23.043250553233012,20.94318876048294,21.211280822753906,164700.0
2018-04-17,21.14745184882574,21.543207874652584,20.62466984856166,21.351713180541992,98800.0
2018-04-18,21.409161442276325,21.958114674383992,20.94319013560024,21.07723617553711,64700.0
2018-04-19,21.26873142015337,21.384904657791324,20.59913673466136,20.713396072387695,58500.0
2018-04-20,20.821907934352893,21.00063841946726,19.854857693862957,20.11337661743164,90200.0
2018-04-23,20.317635891440656,21.159575194380974,20.266570565487193,20.87935447692871,86300.0
2018-04-24,21.160221033249083,21.160221033249083,20.04316445817785,20.917659759521484,86300.0
2018-04-25,20.917655885260285,21.15383257817961,20.30487071236082,20.987871170043945,50000.0
2018-04-26,20.975108572535113,22.245358739193048,20.975108572535113,21.581510543823242,195600.0
2018-04-27,22.200679219911972,22.309194448148386,21.070857087620826,21.402782440185547,86100.0
2018-04-30,21.702790271203305,22.085779713758956,21.390013692959116,21.79215431213379,95700.0
2018-05-01,22.021950683288477,22.034717323709195,21.441081936578055,21.86875343322754,57100.0
2018-05-02,21.99641545065528,22.18152806784871,21.741089969859576,22.00279998779297,78800.0
2018-05-03,22.130457041858218,22.130457041858218,21.22404775033683,21.49213981628418,59000.0
2018-05-04,21.460225346553983,21.919176580920524,20.9559565676856,21.785768508911133,97300.0
2018-05-07,21.8304532208984,22.341106599021412,21.70917136954036,22.264509201049805,102900.0
2018-05-08,22.238975517421558,22.34110619118175,21.53044290290325,21.926198959350586,60400.0
2018-05-09,21.92619747205454,22.244718143641126,21.15064188376859,21.702787399291992,71900.0
2018-05-10,21.677258280260396,22.181529609742217,20.426156762928084,20.636802673339844,166800.0
2018-05-11,20.566587326518924,21.396399456266266,20.483605383047898,21.243202209472656,58300.0
2018-05-14,21.121921074312343,21.575125805527573,20.62403432368082,20.85382652282715,96000.0
2018-05-15,20.847446248962918,21.128305029207517,20.432538963726717,20.924043655395508,71600.0
2018-05-16,20.860208349447102,21.13468496733355,20.298488476215876,20.687862396240234,127400.0
2018-05-17,20.64956484228649,21.44746151215826,20.64956484228649,21.383630752563477,47300.0
2018-05-18,21.28788325068396,21.651723955677074,20.904893803845162,21.46661376953125,58000.0
2018-05-21,21.31341777003979,21.90705315167508,20.77723105227204,21.76662254333496,106100.0
2018-05-22,21.913435267237766,22.034714684225303,21.409163988469377,21.945350646972656,124100.0
2018-05-23,21.977267331548422,23.139004754782643,21.862370009691187,22.309192657470703,245000.0
2018-05-24,22.334726303855977,23.38794852487433,22.334726303855977,22.941125869750977,298000.0
2018-05-25,23.2921984045828,23.92349317574772,23.190067738120675,23.394329071044922,243200.0
2018-05-29,23.61773961365816,23.89859834327924,22.83899174449839,23.349647521972656,162700.0
2018-05-30,23.426249621621647,23.726257150932827,23.034961708474416,23.509231567382812,114200.0
2018-05-31,23.55391305928507,24.639050692460074,23.515613138648394,23.981584548950195,215800.0
2018-06-01,24.307124475254174,24.575216578222694,23.947749567961548,24.179460525512695,149600.0
2018-06-04,24.70288397457186,24.82416340450445,23.234754435176086,23.91136932373047,239800.0
2018-06-05,24.01349566899761,24.102859699631214,23.11346839120785,23.777318954467773,142500.0
2018-06-06,23.924137936049704,24.032653169660733,22.77580497015132,23.41986656188965,133100.0
2018-06-07,23.496458890550404,24.326270830017037,23.400710328886646,24.224140167236328,178400.0
2018-06-08,24.256059760307693,24.533728689422503,23.764555099281907,24.249677658081055,108300.0
2018-06-11,24.51139049028264,25.372480087172434,24.51139049028264,24.76671600341797,273600.0
2018-06-12,24.773100022686407,24.919912737537633,23.630511252989105,24.390108108520508,156100.0
2018-06-13,24.447554744897197,24.72522367699856,23.528378610162985,23.611360549926758,128400.0
2018-06-14,23.604973151719445,23.764552474623162,22.985804599657108,23.3879451751709,116600.0
2018-06-15,23.458166469227184,23.53476388202398,22.63154653386763,22.819849014282227,207600.0
2018-06-18,22.70494709589402,23.081554415714344,22.2019541922121,22.341106414794922,114300.0
2018-06-19,22.245357659696033,22.538985477904713,21.811301686678686,22.41770362854004,119700.0
2018-06-20,22.55174921493319,22.736221396988945,21.811298880359466,22.07939338684082,135600.0
2018-06-21,22.213440986301332,22.564515005347406,21.88343204149469,22.117694854736328,135000.0
2018-06-22,22.21983422133544,22.832618469197694,21.91982420134556,22.379413604736328,735000.0
2018-06-25,22.526222395874505,23.298585891723633,22.526222395874505,23.298585891723633,246500.0
2018-06-26,23.330495307332544,23.57943864850858,22.87729063826914,23.445392608642578,166800.0
2018-06-27,23.46454518626981,24.083713807411794,23.251985387567718,23.62412452697754,173900.0
2018-06-28,23.64983448139701,23.78479219041842,22.54446342694587,22.7115535736084,117800.0
2018-06-29,22.891490790447406,23.72052068834079,22.782882348036065,23.534149169921875,91600.0
2018-07-02,23.662685006950742,23.778363729325317,23.164623704974236,23.32207679748535,79300.0
2018-07-03,23.14212747789099,23.386338351813716,22.6492095924882,23.122848510742188,96900.0
2018-07-05,23.31565062435183,23.4120503842247,22.4673415630424,22.75653839111328,113000.0
2018-07-06,22.788669744475964,22.92362744064763,22.42235459683996,22.801523208618164,89700.0
2018-07-09,22.904351320474902,23.05859045782752,22.583022031575876,22.74368667602539,95700.0
2018-07-10,22.814379871210853,23.32850625123841,22.76296600743412,22.885072708129883,95500.0
2018-07-11,23.052150541294544,23.302786864375037,22.570156857971554,22.73724937438965,62700.0
2018-07-12,22.589443285860277,22.737254420698953,22.242407168475285,22.486618041992188,67600.0
2018-07-13,22.49303853640306,22.743032554054334,22.139576992568912,22.17813491821289,87400.0
2018-07-16,22.40949848359032,22.563737583515927,20.82213384866492,21.02778434753418,223400.0
2018-07-17,21.05991760628418,21.88251963410167,20.802853246817502,21.490497589111328,154700.0
2018-07-18,21.496927517593143,21.51620648827932,20.928818123905398,21.40695571899414,88400.0
2018-07-19,21.336260353506134,21.72185443065581,21.059917032648173,21.355539321899414,85100.0
2018-07-20,21.406951416330607,21.451937306588228,20.928813917344513,21.149887084960938,58500.0
2018-07-23,21.18202076176333,21.91400865693795,21.156313836802006,21.753986358642578,132900.0
2018-07-24,21.863239786351276,21.88894671157409,21.149888546475726,21.464792251586914,117700.0
2018-07-25,21.48407607568481,21.58690134826991,21.14346781991189,21.30413246154785,120100.0
2018-07-26,21.271997098979902,21.81183038093496,21.214157731215153,21.599754333496094,71100.0
2018-07-27,21.593318987294747,21.708997683246615,20.667891871226796,20.75143814086914,73500.0
2018-07-30,20.789999146696278,20.9268861958461,20.313147446682734,20.60363006591797,97000.0
2018-07-31,20.648613897349065,21.19937111441492,20.60683953474829,20.80927848815918,57200.0
2018-08-01,20.88640366266771,21.156319087103807,20.565074375549745,21.079200744628906,51300.0
2018-08-02,21.182020106760923,21.640236346415417,21.169166644677727,21.50334930419922,51900.0
2018-08-03,21.657590500590988,21.657590500590988,21.113258708826677,21.297700881958008,45300.0
2018-08-06,21.381250803099707,21.432662213618322,21.144752430999187,21.30413246154785,42000.0
2018-08-07,21.2848520059599,21.487933338195703,21.09848287635877,21.227012634277344,37000.0
2018-08-08,21.188450528863125,21.516205269703836,21.124183210969598,21.220582962036133,40900.0
2018-08-09,21.220579910119802,21.65758780275585,21.220579910119802,21.586894989013672,53600.0
2018-08-10,21.76041229935016,22.717971875733152,21.62545463312927,22.61514663696289,134200.0
2018-08-13,23.367060938857914,24.906870480396968,22.84650672729222,23.971158981323242,269000.0
2018-08-14,24.305344717132026,24.305344717132026,23.13570642192518,23.174266815185547,141300.0
2018-08-15,23.302794120706007,23.649830269134444,22.493045559253734,22.583017349243164,86200.0
2018-08-16,22.505898537386315,22.710906733679433,22.03675817715919,22.12672996520996,72200.0
2018-08-17,22.120301488834528,22.49304454663577,22.011050734922147,22.32595443725586,83600.0
2018-08-20,22.493048644967075,23.347785670218745,22.493048644967075,23.302797317504883,74500.0
2018-08-21,23.289936020583724,24.25392339400687,23.27258397328888,24.016138076782227,117600.0
2018-08-22,24.196088910492442,24.639522308721993,24.13375096938164,24.510990142822266,125900.0
2018-08-23,24.710216041575443,25.50711108700729,24.490427476125273,24.671655654907227,177000.0
2018-08-24,24.67165515446156,26.348993941523148,24.67165515446156,26.181903839111328,166600.0
2018-08-27,26.766719657131404,27.287271320505738,26.34899077399804,26.516080856323242,358800.0
2018-08-28,26.606059824597914,27.621458863162545,25.725616015613028,27.467222213745117,196300.0
2018-08-29,27.73070768331923,28.20627347059195,27.505775798811797,27.74998664855957,221900.0
2018-08-30,28.052036449815525,28.309098305065582,27.664513073741997,27.827104568481445,116900.0
2018-08-31,27.672868558443437,29.24095400029812,27.672868558443437,29.17668914794922,139000.0
2018-09-04,29.562290717782076,29.735808805311294,27.441518178337667,27.724287033081055,218300.0
2018-09-05,27.717862852840025,27.757065552375508,24.94800372921601,26.721742630004883,299500.0
2018-09-06,26.708884950874168,27.634312197729464,26.207609713723635,27.435087203979492,110000.0
2018-09-07,27.248715411629554,27.884945814392918,26.991651087321937,27.60860252380371,130300.0
2018-09-10,28.315537574230014,28.36694898520209,27.782129782550836,28.135591506958008,139800.0
2018-09-11,28.53403105580156,28.86178572798447,28.154862540073964,28.328380584716797,155800.0
2018-09-12,28.321960641745985,28.373374499837404,26.54757945686111,26.8952579498291,179700.0
2018-09-13,27.152314163656794,27.884944260085465,26.631760039145764,27.312978744506836,134900.0
2018-09-14,26.991648691143105,27.22943157651291,26.56749430977273,26.830984115600586,150300.0
2018-09-17,26.895260795661162,27.743569931549036,26.573931503232487,27.6214656829834,141000.0
2018-09-18,28.03918539739774,29.04558717023812,27.73070967367684,27.86566734313965,164200.0
2018-09-19,28.68185119651042,28.97747353519778,27.87210006691732,28.276975631713867,403600.0
2018-09-20,28.59829953846702,29.453036409280763,28.013480477427677,28.617578506469727,421900.0
2018-09-21,29.279515002481297,31.805162487703015,29.19596873142148,30.50699234008789,602100.0
2018-09-24,30.84759992303176,31.489615949452624,29.690815416227466,29.81291961669922,186200.0
2018-09-25,29.960742883047754,30.404178880672994,29.90290351168568,30.17924690246582,136200.0
2018-09-26,30.365606878556605,30.7126429741114,29.800066847083652,30.063556671142578,98600.0
2018-09-27,30.387314273736497,30.63336609146682,29.953486003790193,30.134788513183594,286600.0
2018-09-28,30.264293450609525,31.287346978663884,30.186591306685322,31.23554801940918,89800.0
2018-10-01,31.870098768408173,32.20680062817113,30.108889800425928,30.400266647338867,132200.0
2018-10-02,30.413206881664927,30.81465792045075,29.869304438459856,30.141254425048828,141400.0
2018-10-03,30.160690618401084,30.28371529793792,27.35700147134564,28.12752914428711,452000.0
2018-10-04,27.072101577261712,27.790827839289168,26.191497093663312,27.227500915527344,1575400.0
2018-10-05,27.518876884699143,28.167674164824493,27.389375793589103,27.577152252197266,553400.0
2018-10-08,27.836149351411063,28.852728655446935,27.48649721027037,27.609521865844727,439500.0
2018-10-09,27.79730382056199,29.461386322959907,27.79730382056199,29.072885513305664,745800.0
2018-10-10,29.577929955544036,29.811031373359157,28.652000695904704,28.70380210876465,298100.0
2018-10-11,28.490129729911672,29.448433797150827,28.490129729911672,28.619630813598633,268400.0
2018-10-12,28.872148809592783,29.0262537980542,27.065615476191784,27.5900936126709,374000.0
2018-10-15,27.8879500713122,28.294583300823227,27.628947919902846,27.836151123046875,242000.0
2018-10-16,27.842623307447887,28.38652581504564,27.590097584282397,28.101625442504883,249800.0
2018-10-17,28.030410405207157,28.253150152546286,27.331105856290417,27.881484985351562,147900.0
2018-10-18,27.907374807534314,27.933275517088546,26.670644331637234,27.091522216796875,164500.0
2018-10-19,27.1627442823371,27.512396404242555,25.932487914163374,26.08141326904297,254700.0
2018-10-22,26.185013780977236,26.87136767588435,26.094363779202716,26.437541961669922,156800.0
2018-10-23,26.547617340563516,26.579991989656282,25.54528269287934,26.217391967773438,242400.0
2018-10-24,26.223865498388108,26.718557637652076,25.757662654674675,26.14616584777832,175700.0
2018-10-25,26.139693203295582,27.046198314488848,26.087894252099584,26.87137222290039,200600.0
2018-10-26,27.195120520677172,27.201594462560504,26.385741933752254,26.8260440826416,128800.0
2018-10-29,27.052667692283578,27.195119106583945,26.139688792506494,26.515241622924805,121300.0
2018-10-30,26.223869023059706,26.98792268849428,26.159119717186684,26.741870880126953,95000.0
2018-10-31,26.7418715674376,26.89079695079533,26.00371859339155,26.541147232055664,116200.0
2018-11-01,26.592945379939348,26.793672179279284,25.618452769797386,26.554094314575195,146400.0
2018-11-02,26.573524910405983,26.739286021800197,26.04904656755906,26.476398468017578,111200.0
2018-11-05,26.547620676209892,27.050083592555005,25.90659167550873,26.03609275817871,219100.0
2018-11-06,26.036088867623985,26.94259384082773,26.036088867623985,26.910219192504883,140200.0
2018-11-07,27.369951921474325,28.930434042129583,26.936123629991027,27.480026245117188,277500.0
2018-11-08,27.622472553630935,29.75599581155115,27.25987005435631,29.35778045654297,395300.0
2018-11-09,29.24770049176537,29.44842725035721,28.205223051410446,28.820348739624023,160700.0
2018-11-12,28.75559930266536,29.623253155079713,27.908019361022895,28.80092430114746,436800.0
2018-11-13,28.81388654251371,29.655640037390498,28.03688236646276,29.2153377532959,175600.0
2018-11-14,29.34482855852922,31.306761376484957,29.338354616930793,30.29018211364746,262300.0
2018-11-15,30.20601550612136,31.041292486957232,29.786431868741413,30.847042083740234,229300.0
2018-11-16,30.600986447719187,33.553600607294385,30.48443819631435,32.543495178222656,383000.0
2018-11-19,32.79602648069607,34.30470711924224,32.135573153640436,33.00322723388672,410400.0
2018-11-20,32.99674812848189,34.69320755309046,31.92189338275122,32.29096984863281,445800.0
2018-11-21,32.24564960861327,33.87411929389246,31.76002234803166,33.72195816040039,397600.0
2018-11-23,33.88382776789674,36.02058683287338,33.87735135571471,35.34718322753906,217200.0
2018-11-26,35.3471889325172,35.76159045805972,29.8693141354496,30.27076530456543,705600.0
2018-11-27,30.432642267607598,34.18751218268723,30.432642267607598,32.485225677490234,404100.0
2018-11-28,32.23269844744282,33.11330291985657,31.442746469565233,32.154998779296875,235800.0
2018-11-29,32.154994687753806,32.88019726156979,32.10319573892361,32.27154541015625,182800.0
2018-11-30,32.3621988886196,33.29978441612032,31.88304806301334,31.95427131652832,591700.0
2018-12-03,32.95142883768883,33.786708340113016,32.58235230778568,32.86077880859375,304000.0
2018-12-04,32.86077408838754,33.32697699394199,31.643467873899613,32.051395416259766,226700.0
2018-12-06,31.88952569556031,32.58623912623565,31.390948043104515,32.36867904663086,341000.0
2018-12-07,33.3269772638701,33.670153033222924,32.08377032899823,32.33629608154297,230700.0
2018-12-10,32.33629240531716,33.0226463360208,32.239168456933555,32.692420959472656,162000.0
2018-12-11,32.679473876953125,33.22337644044013,32.38162065002315,32.679473876953125,122300.0
2018-12-12,32.69241540527523,33.194228561738115,32.608239354955046,32.7895393371582,155000.0
2018-12-13,32.854304736124966,34.239960821202885,32.854304736124966,33.50828170776367,177300.0
2018-12-14,33.450001965571595,34.53780710835667,33.31402694023039,33.74137878417969,197000.0
2018-12-17,33.8708816817094,34.95221046978126,32.19061066272974,32.39457321166992,305200.0
2018-12-18,32.401049273042695,33.17481512605762,32.21327281857998,33.00322723388672,135700.0
2018-12-19,33.02263856463244,33.06148961685931,32.13620768104664,32.44636154174805,180400.0
2018-12-20,32.3039133990388,32.92551547695736,30.225430061608368,31.64993667602539,264300.0
2018-12-21,31.64347990716207,32.01255652440118,29.12080756184263,29.124692916870117,409800.0
2018-12-24,28.56135384120506,28.91100600646329,27.648374834160308,28.010974884033203,298200.0
2018-12-26,27.972128408203577,30.445589521532753,27.551250495557543,30.02471160888672,274300.0
2018-12-27,29.55850208167947,29.90167775522799,28.263496557312827,28.988698959350586,164600.0
2018-12-28,29.28237708258453,30.41791054561273,29.26932468766584,29.948034286499023,130000.0
2018-12-31,30.124238727534188,30.155563978318597,29.260843815665304,29.621732711791992,186500.0
2019-01-02,29.33458252764089,30.091603899796617,28.97825941610366,29.961082458496094,137400.0
2019-01-03,29.889295858034,30.254755399650243,29.34763523170774,29.419422149658203,135400.0
2019-01-04,29.700040716343835,30.59933146494978,29.700040716343835,30.215599060058594,132300.0
2019-01-07,30.665905623780837,32.79339652165056,30.659378180607316,32.40835952758789,266800.0
2019-01-08,32.81949834330459,33.804930566604675,32.26478272982632,33.628726959228516,211700.0
2019-01-09,33.961549763269076,34.25522238116323,33.022452121721805,33.58956527709961,166600.0
2019-01-10,33.34810256958008,33.9178272476602,32.73465498533737,33.34810256958008,118400.0
2019-01-11,33.282843011869325,34.216720271169144,33.14122839527107,33.791873931884766,109400.0
2019-01-14,34.58153105804067,36.281566342482535,34.46406198941026,35.34507751464844,326800.0
2019-01-15,35.332031553506056,35.69749122129667,34.26828478918844,34.66637420654297,206000.0
2019-01-16,34.73814655901994,35.22760006537573,33.67440024148301,34.4836311340332,156100.0
2019-01-17,34.47711543428919,36.082522768455775,34.02159603393532,35.8997917175293,169000.0
2019-01-18,35.89326101981915,35.89326101981915,35.012245608764864,35.44948959350586,119000.0
2019-01-22,35.566964770109465,36.85259713733553,35.110140871494465,36.52629470825195,212200.0
2019-01-23,36.74164836394463,38.1708544156094,36.65028409369001,37.15279006958008,273500.0
2019-01-24,37.32899613622988,39.09102964502813,37.19847467456153,37.78582000732422,223100.0
2019-01-25,38.19043267119986,39.143235068660694,38.15780292954511,39.117130279541016,241900.0
2019-01-28,39.15629250905572,40.35056062553713,38.89524956319933,40.09604263305664,338400.0
2019-01-29,40.13519598599199,40.370786363237535,37.857604094013034,38.405792236328125,315800.0
2019-01-30,39.00619219469127,40.0634113549445,38.6407325823676,40.004676818847656,208200.0
2019-01-31,40.135197477124755,41.459984499651625,40.0927790589344,40.4092903137207,248500.0
2019-02-01,40.578969703092504,42.6150986240597,40.49413037567972,41.31641387939453,310200.0
2019-02-04,41.61008583199791,42.95053929552056,41.61008583199791,42.77825164794922,293400.0
2019-02-05,43.07191830187006,43.287279088334536,40.45562630433183,42.34752655029297,404500.0
2019-02-06,42.34753668925222,42.658175304975344,40.6050825902669,41.088008880615234,211100.0
2019-02-07,40.722542948896425,41.00185624662738,39.15629033951968,40.67686080932617,221300.0
2019-02-08,40.657282353225,42.46956882101729,40.657282353225,41.969017028808594,192700.0
2019-02-11,42.2104783961328,44.51417252892275,42.2104783961328,43.44390106201172,233400.0
2019-02-12,44.005144422593574,44.1682956320828,42.65360036083055,43.045814514160156,211800.0
2019-02-13,43.03276144036842,43.711471019359124,42.48457082776925,42.706459045410156,152200.0
2019-02-14,41.766702447055785,41.77975235081976,38.869138361007494,39.48258590698242,955000.0
2019-02-15,41.512191744455166,42.94139785035303,40.85958694417004,42.412784576416016,1368200.0
2019-02-19,42.81087868879343,43.600529987937065,42.44542155305226,42.65425491333008,680500.0
2019-02-20,42.5498282978576,43.46347595631032,41.962487997904375,42.36709976196289,2246700.0
2019-02-21,42.18437739062296,44.781746901918474,41.766710682120156,44.76869201660156,526600.0
2019-02-22,45.35603557352948,47.66625726352927,45.35603557352948,47.63362503051758,595400.0
2019-02-25,48.61906330709128,51.94930392115217,48.37694546392447,51.014122009277344,749300.0
2019-02-26,50.48550906901171,51.170746118827815,48.14265518563273,51.04022216796875,558700.0
2019-02-27,51.09896743498639,52.012610343510254,49.34411084622368,51.869041442871094,504500.0
2019-02-28,51.869043007095726,53.25256229828658,51.11854632762075,51.54926300048828,431900.0
2019-03-01,51.718922971065766,51.800498559348206,49.85900055402193,50.94232177734375,324600.0
2019-03-04,51.098961463646994,51.660202029857686,48.945363478979935,50.19184112548828,385400.0
2019-03-05,49.85901263713198,50.51944943706164,48.95189227391298,49.14767074584961,244300.0
2019-03-06,49.10851034919103,49.14114258021747,46.165261358068804,46.563350677490234,628700.0
2019-03-07,46.498102401218596,46.92882405547741,44.7882756503127,45.25815200805664,494100.0
2019-03-08,44.35755293211809,45.79328162609415,43.43085523002482,45.19288635253906,330700.0
2019-03-11,45.682335860296945,48.26012282082191,45.35603346129483,47.835933685302734,363400.0
2019-03-12,48.56684519329986,50.88359409000179,48.56684519329986,49.291236877441406,498800.0
2019-03-13,50.10699091958712,51.619729218049635,50.02215409619371,50.81833267211914,408400.0
2019-03-14,52.351955837380935,54.16293508346432,49.98104057916053,50.73349380493164,632100.0
2019-03-15,50.60297333605191,52.534682814743874,50.42676726384867,52.39763641357422,467300.0
2019-03-18,52.50205735201819,56.313272204191264,52.4367978638569,56.26106262207031,525000.0
2019-03-19,58.075313069874,58.662658520300866,55.65414930437384,58.64960861206055,723500.0
2019-03-20,57.363964065589336,59.04115823604755,56.15664615718596,57.664161682128906,541100.0
2019-03-21,57.3443841913486,59.59586870568903,57.3443841913486,58.78664016723633,482900.0
2019-03-22,59.178219355016935,60.84888649838837,56.31981135584597,57.26608657836914,590900.0
2019-03-25,57.28565230512523,58.244982220691035,54.16620195313564,55.784664154052734,505300.0
2019-03-26,56.12400740519243,59.17167033328687,55.967383662361826,58.094871520996094,407900.0
2019-03-27,58.088356030997204,58.40813099652871,53.918211657608104,56.77661895751953,406700.0
2019-03-28,57.15054028618629,57.720599632849954,55.30193763701696,55.55646514892578,366900.0
2019-03-29,55.49087222987598,55.754583724265494,52.91936109438186,53.58848190307617,577200.0
2019-04-01,54.126393859829705,54.910311233115415,51.266242312683374,52.44047927856445,593200.0
2019-04-02,52.15182906545276,52.31582852792274,49.96079864918974,50.44623565673828,698300.0
2019-04-03,50.183837081809244,51.79759124228736,49.56719748212252,50.49871826171875,520400.0
2019-04-04,50.492155513823285,52.906227811510526,49.567196139350294,52.59790802001953,527300.0
2019-04-05,52.820950745984746,55.26782520963281,52.820950745984746,54.17230987548828,703500.0
2019-04-08,55.17599063187472,55.67455049924555,54.18543227831183,54.72991180419922,381900.0
2019-04-09,54.48061646738665,55.12349147533168,52.89309806999372,53.785255432128906,493400.0
2019-04-10,53.85087114497602,56.17769903577448,53.85087114497602,55.772945404052734,467000.0
2019-04-11,55.64830882974565,56.64542353902026,54.12639374409454,55.12350845336914,363400.0
2019-04-12,55.1234976329886,55.589255498285574,54.283821199503,55.56301498413086,286400.0
2019-04-15,55.536793808461816,55.654868645332755,52.48640206760543,54.677433013916016,437500.0
2019-04-16,54.7823805666,55.425255641756955,53.391663355552204,53.62126159667969,294800.0
2019-04-17,53.929592007483436,54.257590989408186,52.033758292347756,52.7291145324707,394100.0
2019-04-18,52.48639909438281,53.69474423469446,52.4798377133058,52.965274810791016,303400.0
2019-04-22,53.00463836837931,53.92500344699085,52.053438301952376,52.886558532714844,300500.0
2019-04-23,52.97182988968106,55.07758252681688,52.97182988968106,55.05134201049805,307500.0
2019-04-24,55.08415027775812,56.00254843566586,54.26086962324838,55.25471115112305,261100.0
2019-04-25,55.103816767665116,57.14397038409534,54.329739141448506,56.809410095214844,296700.0
2019-04-26,57.13742249754453,57.721260293638274,56.25510442230528,56.97342300415039,257400.0
2019-04-29,57.07180900653015,57.646462723073135,56.232132617327586,57.01277160644531,230800.0
2019-04-30,57.00621551205671,57.43261512559854,54.34942215487549,55.85165786743164,337100.0
2019-05-01,55.825415309233705,57.53100869611635,55.43181760531715,56.23213577270508,277200.0
2019-05-02,56.10094019502799,57.662218455500934,55.103825553814715,55.458065032958984,246000.0
2019-05-03,55.69422554659699,56.87501882379599,55.576145718390386,56.55358123779297,314600.0
2019-05-06,55.65485839887568,56.216394432626046,54.808625527892424,55.14318084716797,247300.0
2019-05-07,55.1366170403866,55.43837542752049,51.64670894784475,52.145263671875,482600.0
2019-05-08,52.19120259636294,53.608160768778816,52.18464621945078,52.8012809753418,264100.0
2019-05-09,53.22111384386467,53.66063629026772,51.75824116415818,52.217437744140625,331000.0
2019-05-10,51.82383138916682,55.28093793918896,51.79102949393593,53.28670883178711,597900.0
2019-05-13,52.925918262269306,53.73935437202406,52.292877596650676,52.4732780456543,309700.0
2019-05-14,53.13584107341328,54.25628584233739,52.80784205444159,53.8836784362793,340500.0
2019-05-15,53.706557163758404,57.45230508054397,53.60815646443019,56.7044677734375,425800.0
2019-05-16,57.334219978905416,59.269411866946015,56.90125894355511,58.390377044677734,410900.0
2019-05-17,57.95741278755591,59.872925432030286,57.89181399929493,58.29197311401367,368700.0
2019-05-20,58.02301845450979,58.239498985815096,54.78304752308314,54.91358947753906,334200.0
2019-05-21,56.23214040831954,56.48141780688092,55.49742096353851,55.917259216308594,234500.0
2019-05-22,55.91725911630842,58.2591713990805,55.759821023017885,57.34077835083008,235600.0
2019-05-23,57.20301152518739,57.89181128176118,55.882487509576386,56.815975189208984,268700.0
2019-05-24,57.17021895089591,58.50845529006676,57.07837964373518,57.26205825805664,211600.0
2019-05-28,57.6818925352207,58.65932795381927,56.27805750291406,56.73069763183594,467800.0
2019-05-29,56.415824989713855,56.50897557965311,53.28540061872494,53.59503173828125,389400.0
2019-05-30,53.791826799851,55.36622273155169,53.791826799851,55.14318084716797,214000.0
2019-05-31,53.857432174863064,55.73358676383823,53.59503198667481,55.12350845336914,176200.0
2019-06-03,55.123498484577865,55.60237911678347,53.883662949595,55.18254089355469,276300.0
2019-06-04,55.40557690406889,56.08781525749252,54.487178928119135,55.56301498413086,328300.0
2019-06-05,55.90414513074403,60.35837173461914,55.90414513074403,60.35837173461914,541800.0
2019-06-06,60.41740871923383,63.369399422175555,58.449414917272684,60.78477096557617,757500.0
2019-06-07,61.44078175951513,63.467813397469726,61.339753492096506,62.4444580078125,295400.0
2019-06-10,64.0778809249229,65.51517369630892,62.76588500508816,64.60923767089844,447500.0
2019-06-11,64.94379044897913,65.43644449900432,59.51869015603908,62.044281005859375,385000.0
2019-06-12,62.372290059067346,64.97660287883919,62.372290059067346,64.58956146240234,231000.0
2019-06-13,65.17339426697248,67.10793555319407,64.77323512361937,66.1967544555664,273700.0
2019-06-14,66.91835122132863,72.41561215353701,66.87898794164221,71.16265869140625,513800.0
2019-06-17,72.2253909460881,77.57571037279003,71.28731344812499,76.02362060546875,682500.0
2019-06-18,78.79191969325935,82.43926694915204,77.47401795769387,78.45735931396484,1068800.0
2019-06-19,78.9821620868353,82.20310974121094,76.21384965995733,82.20310974121094,670300.0
2019-06-20,85.21411083969919,90.38337674464184,84.23011413249836,88.36946868896484,886000.0
2019-06-21,87.51012634826252,87.57244695701323,76.42376451294021,77.09288024902344,1622900.0
2019-06-24,80.03175175045507,82.54422515821537,76.02360378289126,81.5995864868164,654100.0
2019-06-25,82.98374208487462,86.36212758087886,81.67830754355839,85.91605377197266,417000.0
2019-06-26,86.90005927553972,88.41476248072078,77.6970634123339,82.13751220703125,736500.0
2019-06-27,82.48684843279301,83.23499250853834,77.79035811834392,78.89444732666016,473700.0
2019-06-28,79.0987928810758,81.99908295917507,78.90104388728678,81.44538879394531,669500.0
2019-07-01,82.20341606125324,83.38330693679923,81.33992255520833,82.40775299072266,285300.0
2019-07-02,82.39456707584455,82.5923160484127,78.66373866474699,79.44154357910156,329800.0
2019-07-03,79.01968453535079,84.82025909423828,78.96695583394383,84.82025909423828,291700.0
2019-07-05,84.37205653442149,86.24274153566289,81.28061004119569,85.79583740234375,412600.0
2019-07-08,85.79582450073697,86.28491153116491,81.12240164446668,82.14409637451172,482700.0
2019-07-09,81.73541057725147,87.94466394802326,81.53766160459136,87.19981384277344,423900.0
2019-07-10,88.17539352068808,90.45607004296983,86.25724513272422,87.21302032470703,454500.0
2019-07-11,87.52939958417237,91.97211864312635,87.2130072356621,90.71312713623047,443500.0
2019-07-12,83.77881343423954,84.20726628413999,80.69395995550926,83.10647583007812,2981900.0
2019-07-15,83.06033021035064,84.37205052524988,81.9806313044315,83.98973846435547,887400.0
2019-07-16,83.71288564163046,85.65739554061753,83.71288564163046,84.68184661865234,575000.0
2019-07-17,85.03121155671154,86.01994657481285,82.39458484177476,82.84281158447266,458900.0
2019-07-18,82.46708387054872,83.66674869946107,81.28059996108998,81.47175598144531,420200.0
2019-07-19,81.7354046533244,82.79005403015495,80.75985083665306,81.28717803955078,346300.0
2019-07-22,81.405834055985,81.6312674873387,72.54018045580598,74.58356475830078,1312200.0
2019-07-23,74.14193108334919,74.52423806098832,65.05216163985169,67.87994384765625,1827800.0
2019-07-24,67.10213396637334,71.07025389869573,64.92691549652803,69.15869903564453,808900.0
2019-07-25,69.6069204817356,72.32923985314696,68.96094997354503,69.46849822998047,508200.0
2019-07-26,70.95820681842419,72.16446456636167,70.20017574589139,71.01094055175781,373500.0
2019-07-29,71.84804535548557,72.85062466269979,69.54099802755712,70.49677276611328,409700.0
2019-07-30,69.90354765179339,72.34242464887096,69.87058781576603,71.78214263916016,291000.0
2019-07-31,71.84806096988832,72.50721749254785,68.4731777634441,69.65306854248047,401000.0
2019-08-01,69.5146504580918,70.45065156962507,66.71323506825999,67.12850189208984,456800.0
2019-08-02,67.03622339538967,68.63797411512206,65.25650260856067,67.70197296142578,342200.0
2019-08-05,66.47594513701871,66.62755337468042,64.12275616881851,65.23673248291016,403200.0
2019-08-06,65.94202547600952,68.22270666040816,65.91565860909002,68.18315887451172,386100.0
2019-08-07,68.39408818664171,70.97666318572574,66.97030755915274,69.84423065185547,512500.0
2019-08-08,70.91205810932352,72.37538635700743,68.18315057730517,68.55227661132812,464600.0
2019-08-09,68.22270946967893,69.79809337299,67.06259242227733,67.56355285644531,280400.0
2019-08-12,67.6953837940481,67.82721813724197,65.46084322381328,65.6585922241211,300200.0
2019-08-13,65.836550314225,70.98456606965946,65.67176118696064,70.80000305175781,530400.0
2019-08-14,69.87720302678301,71.12300878482122,67.92609980240057,68.09088897705078,349800.0
2019-08-15,67.8931188453786,69.91672907970846,67.02962544797315,67.60308837890625,340000.0
2019-08-16,68.26224995668052,70.02878969237703,67.89312390201613,69.93650817871094,284500.0
2019-08-19,71.26142598657177,73.11365456777301,70.73409865385494,72.6390609741211,291500.0
2019-08-20,72.86976675905943,76.34351995309129,72.83680691628922,74.31331634521484,481100.0
2019-08-21,74.67586564707912,76.19851606579745,73.1861700470844,74.2803726196289,396400.0
2019-08-22,74.30672665685523,74.70090202694588,69.52784124729433,70.09471130371094,410300.0
2019-08-23,69.63989700023326,71.09663250795198,66.71983301057136,66.9043960571289,383000.0
2019-08-26,68.12383245552657,68.93459727260067,66.18591550389976,67.67560577392578,274600.0
2019-08-27,68.17655977370113,68.54568581947068,66.42979397174413,66.6143569946289,243400.0
2019-08-28,66.11340560609891,67.82721167254643,65.44106309230692,67.47785949707031,278700.0
2019-08-29,68.06451439969457,68.2754443182077,66.95713107025914,67.0098648071289,189200.0
2019-08-30,66.97030949241075,67.25638220936327,58.005780746475814,58.77040481567383,1236300.0
2019-09-03,58.67812327722225,61.123598895340876,58.17255124879262,59.84483337402344,459900.0
2019-09-04,60.97198170988213,61.04975968948031,55.21754273684251,56.12718200683594,1056800.0
2019-09-05,55.909670350778974,59.06043853032569,54.71659834888334,58.17057800292969,864100.0
2019-09-06,58.51332764507729,59.53502236005009,54.14971428528046,54.907745361328125,996300.0
2019-09-09,55.03956713117832,57.25433334859443,54.94069265149699,56.71382522583008,514600.0
2019-09-10,56.20628343435684,57.05000814219114,54.55180391959342,56.62155532836914,398300.0
2019-09-11,56.22606533900153,60.115085625696636,55.80684065550602,59.89756774902344,415000.0
2019-09-12,60.576484866503186,61.235641382941814,57.84757729076446,58.26284408569336,424600.0
2019-09-13,59.983244653701675,62.402347928937765,59.396595740175,60.200767517089844,449300.0
2019-09-16,60.31284128387957,62.55397518983895,60.02940368652344,60.02940368652344,412100.0
2019-09-17,60.0162158833736,63.04833551250864,60.0162158833736,62.5737419128418,332800.0
2019-09-18,62.61986606334205,63.03513283838738,61.33451292941729,62.88352966308594,226900.0
2019-09-19,62.88353974390032,65.12533195205555,62.23756407242015,64.16230010986328,332900.0
2019-09-20,64.78850436468491,65.14115053904423,61.04449458611589,62.75830078125,1141900.0
2019-09-23,61.78273679047386,63.7667941007936,61.6311285929553,62.969215393066406,217700.0
2019-09-24,63.04832684270895,63.34099252032786,56.808748506384305,59.1856689453125,531600.0
2019-09-25,58.57924225156159,60.635807393284225,58.52650852255198,60.24031448364258,212400.0
2019-09-26,60.49079099078843,63.114236125512605,60.41169542775887,62.68578338623047,284500.0
2019-09-27,63.0247491221765,64.3041158965432,62.645922937716286,63.629539489746094,342200.0
2019-09-30,63.80233649271367,64.13397608602132,60.19351663202239,61.38981246948242,361100.0
2019-10-01,60.778364055575075,61.17846116406108,58.55857706658813,58.864295959472656,357600.0
2019-10-02,58.19303774861351,60.59227150430345,57.634769818479604,60.3264274597168,373800.0
2019-10-03,60.3397385864428,61.22366811608338,58.16314717825902,59.76152801513672,289600.0
2019-10-04,59.81469673156333,61.0282680741708,59.24978116543172,60.6653938293457,174900.0
2019-10-07,60.33307382626614,61.69485711769849,59.26970273837099,59.40262222290039,225300.0
2019-10-08,58.92411883816744,59.36940476302196,56.29226798581321,57.461978912353516,790000.0
2019-10-09,57.581595752222846,58.944043211233854,57.0233278632281,57.25593948364258,287600.0
2019-10-10,57.029981568664844,57.25595080930379,51.10832996652335,51.1482048034668,1068200.0
2019-10-11,51.67988903509792,53.235068404471654,50.35067381865392,52.351139068603516,650700.0
2019-10-14,52.118538267268406,53.201852139294736,50.415151330686236,51.71312713623047,288500.0
2019-10-15,51.879273593713215,53.434458193072665,51.307710586403374,51.978965759277344,436900.0
2019-10-16,51.83940094786806,52.743267831577796,50.58994028888312,51.1747932434082,238900.0
2019-10-17,51.48049281986644,52.55715872161311,50.8424702719785,50.86240768432617,256500.0
2019-10-18,50.563355664147466,50.92888686137801,47.28019196258426,48.21064376831055,614000.0
2019-10-21,48.16411815200093,49.17431956878221,46.90136257810879,48.915122985839844,460900.0
2019-10-22,49.878803821911966,49.957889248479006,47.26024818111838,47.93150329589844,245100.0
2019-10-23,47.93150945196791,48.848666258357916,47.333361504081225,47.54603576660156,191700.0
2019-10-24,47.57925992417471,48.75362559361745,46.22346476047091,48.18405532836914,326700.0
2019-10-25,47.98467160623616,48.23722576525636,46.96118025950017,47.75205993652344,259400.0
2019-10-28,47.81852222331089,48.071076395714925,44.269519521621966,44.98729705810547,603700.0
2019-10-29,44.76796681465361,47.09276485031678,44.57523000876124,45.89115524291992,378700.0
2019-10-30,47.04757274531659,48.96496709648582,46.52253213136758,48.277095794677734,443200.0
2019-10-31,48.90847824951082,51.19805664563319,48.279759932693864,50.51018524169922,615600.0
2019-11-01,52.105238339887805,52.371082401579045,48.842012496971435,50.20446014404297,433300.0
2019-11-04,50.57663974806867,51.673243354263484,50.28421583815619,50.43707275390625,376300.0
2019-11-05,50.67632803202664,52.42424414399436,50.3440242416527,51.26118087768555,345500.0
2019-11-06,51.274481857972305,51.9191520978876,48.05113572894989,48.25051498413086,563400.0
2019-11-07,52.397664508234996,54.830130932563726,50.00507799074301,53.05562973022461,761700.0
2019-11-08,54.132282257410665,57.535074697204344,53.85979580192999,56.637855529785156,528200.0
2019-11-11,56.59799354250008,56.69103821383094,53.03303386308523,54.25857162475586,457500.0
2019-11-12,54.69057158471639,54.89659836173347,52.94265505226533,53.18855667114258,266100.0
2019-11-13,53.175257387420125,54.8101915331151,52.204930865368,54.484535217285156,695700.0
2019-11-14,53.91296850541772,56.06629563649191,53.58730714168522,54.86335754394531,786300.0
2019-11-15,55.308642968332855,57.27654501601958,54.331669025935746,56.8106575012207,474100.0
2019-11-18,57.15624188386742,57.953768812165485,54.7636560284207,55.05607986450195,342100.0
2019-11-19,55.162432575513954,55.71073183494063,54.34496297015847,54.996280670166016,273100.0
2019-11-20,54.71049124462661,54.996272683143616,52.71002117500757,53.168601989746094,383900.0
2019-11-21,53.102148729319616,53.50091227877741,52.44418861918656,53.06891632080078,300800.0
2019-11-22,53.50091086727115,53.66706276437448,51.34093620492791,51.792869567871094,299200.0
2019-11-25,51.85933284325491,52.90276662528004,51.64001110721396,51.8194580078125,215500.0
2019-11-26,51.68653363317322,52.171699438614226,50.55670267992159,51.85933303833008,308500.0
2019-11-27,51.932437586957455,52.35113855059501,50.577965956177195,51.20137023925781,277400.0
2019-11-29,51.06843829379413,52.67679231088303,50.948813810523085,51.447269439697266,187900.0
2019-12-02,51.54697017524271,51.9058589318632,50.60322848406711,51.50709533691406,290300.0
2019-12-03,51.32099889617268,51.932436661862134,51.0013207795119,51.89920425415039,283300.0
2019-12-04,51.32763841678577,51.88125657476964,50.64308844638183,50.722843170166016,268300.0
2019-12-05,50.84248968469903,51.0883963621684,47.220379702703674,48.21064376831055,611800.0
2019-12-06,48.2172768378986,49.63953650245023,47.36524648169514,48.5761604309082,443700.0
2019-12-09,48.80879862253458,49.24743713535533,48.017913715235416,48.3967399597168,280200.0
2019-12-10,49.692703282558526,50.11140927578754,48.78884169765465,49.24741744995117,395100.0
2019-12-11,49.247427499541345,49.31388725265542,48.29039589947958,48.795494079589844,356900.0
2019-12-12,49.18096446939763,49.307241541288164,48.157468113865335,48.9483528137207,305600.0
2019-12-13,48.94170778079577,49.34711885990191,48.05777837418374,49.18761444091797,354300.0
2019-12-16,49.214194016573586,49.51326540354136,48.93173376289574,49.18096160888672,406300.0
2019-12-17,49.18760524128876,49.21419015123954,47.39316184875906,48.80213165283203,486100.0
2019-12-18,49.18096160888672,49.347113506214036,48.61604617208453,49.18096160888672,329100.0
2019-12-19,48.97491878715403,49.273990075856354,47.88496310445638,49.05466842651367,466800.0
2019-12-20,49.054681171133716,49.20820737967074,46.263331516201134,47.167198181152344,984400.0
2019-12-23,47.253601411318904,50.43042506688759,47.160556748896255,50.01837158203125,463500.0
2019-12-24,50.15129647493641,50.689627089803444,49.2274921768181,50.51018524169922,219200.0
2019-12-26,51.21466928759717,52.96259083659009,50.84249058692392,52.07201385498047,526000.0
2019-12-27,52.47076699939227,52.65686138313766,49.420220606953364,50.071533203125,426700.0
2019-12-30,50.3476892955152,50.3476892955152,49.168980850469694,49.4653434753418,353400.0
2019-12-31,49.33736920948635,52.59733762307094,49.33736920948635,51.10206604003906,525100.0
2020-01-02,52.23362600457163,52.819609212678614,49.173699307684934,49.59331512451172,618400.0
2020-01-03,48.737911830082936,50.71140679043738,48.428080505707015,50.59016799926758,306000.0
2020-01-06,50.30054751252078,52.59061095114214,49.92336240689902,52.220157623291016,433400.0
2020-01-07,52.40874733133043,52.523254351117245,51.00103503943076,51.41189956665039,277400.0
2020-01-08,51.391690304284886,52.30097864921753,51.254284973563514,51.87664031982422,327100.0
2020-01-09,52.240363594145144,53.243953475144814,51.533141516230465,52.8465576171875,384000.0
2020-01-10,53.210277506626554,54.23406792671142,53.001479327903134,54.08589172363281,403000.0
2020-01-13,54.35528992593391,56.49717152554843,54.34855814975946,56.34225845336914,519200.0
2020-01-14,56.5780133393623,57.17747045054747,55.325214061461196,56.80028533935547,337900.0
2020-01-15,57.25155792934989,57.25155792934989,54.233388613798425,55.71586990356445,1443400.0
2020-01-16,55.71586836708838,57.04275820117881,55.41276880903471,55.90446090698242,318100.0
2020-01-17,56.5376100123239,56.85417833432245,55.3656330152958,55.56769943237305,411300.0
2020-01-21,55.93139567564479,56.315317618259414,54.43611911848445,54.90760040283203,295200.0
2020-01-22,54.90760313747041,55.46664893015446,54.779632576065765,55.01537322998047,214800.0
2020-01-23,54.77964756836061,56.78681727246208,53.432551875871795,53.51337432861328,571500.0
2020-01-24,52.53672808001606,54.44286957570924,51.56681760951966,54.395721435546875,2314700.0
2020-01-27,53.836668857906865,57.36605743204443,53.37191929194533,57.23134994506836,879000.0
2020-01-28,58.16758767869857,62.33011323526517,58.0934970105407,62.235816955566406,1425000.0
2020-01-29,62.63993144491283,63.90619917685612,61.133205680865885,63.37409591674805,568600.0
2020-01-30,63.32696549400035,64.15947066322413,62.59953773411756,62.96998596191406,512800.0
2020-01-31,62.97671911569947,63.14779877643538,59.89186896742439,60.282527923583984,760700.0
2020-02-03,61.00321188954513,63.13835675695415,61.00321188954513,62.2425422668457,457900.0
2020-02-04,63.02387443670618,63.97357940673828,61.973141396468506,63.97357940673828,370800.0
2020-02-05,63.98703756414707,64.49219838702192,63.47513982478064,64.1082763671875,294300.0
2020-02-06,64.39116204706835,64.82896909991094,63.87926433272496,64.13521575927734,217100.0
2020-02-07,64.13521320131542,64.54607771188344,61.62961492006824,62.31663131713867,672000.0
2020-02-10,62.639941961571594,62.835271429501006,61.131196411242904,62.006805419921875,199300.0
2020-02-11,62.33010932274796,62.63320375435966,61.35615985302216,62.357051849365234,358300.0
2020-02-12,62.586050415686024,62.586050415686024,61.36019381967427,62.538902282714844,256100.0
2020-02-13,62.74770024112274,64.3035936359973,62.114563818831336,63.609840393066406,285100.0
2020-02-14,63.98704791538897,66.78227261523477,63.98704791538897,66.654296875,377800.0
2020-02-18,67.35478124643922,70.29145011988493,67.22007373945114,68.91067504882812,564100.0
2020-02-19,68.91741619104363,71.32871874080287,67.75891306037663,71.27483367919922,468100.0
2020-02-20,71.3825790255981,72.89806117053321,70.39919497833095,72.06959533691406,467400.0
2020-02-21,72.05615007013002,72.28515386876145,69.60443120875192,71.1131820678711,332800.0
2020-02-24,68.12262058013857,70.19310472542435,67.36151345520547,68.89720153808594,477500.0
2020-02-25,69.01842983868396,69.57073871670448,63.52227844288489,65.0242919921875,762700.0
2020-02-26,64.44504665778288,67.20928401879605,63.805178373303924,64.74140930175781,440000.0
2020-02-27,65.00410683293484,68.26609561386871,62.76792809424796,63.97357940673828,883200.0
2020-02-28,59.77737545183872,62.20888375455818,58.261892693904784,61.925994873046875,939700.0
2020-03-02,62.40421352076768,65.98075120003239,60.05353280527018,65.97401428222656,612500.0
2020-03-03,66.12891823187998,68.02832267935712,62.067426125799415,64.29013061523438,445600.0
2020-03-04,65.64393924851078,67.01123986203957,64.76833057489492,66.09521484375,372700.0
2020-03-05,64.49894394527654,65.98748408613545,63.481885246766666,64.76162719726562,385000.0
2020-03-06,62.74098340079933,63.54923876716941,60.73380854208767,63.145111083984375,503400.0
2020-03-09,57.7095800088894,58.78388965212691,53.54705408923253,55.9987678527832,592100.0
2020-03-10,58.2618708701861,58.62558721250097,54.604506978796245,57.871212005615234,465400.0
2020-03-11,56.16714735320193,56.57801189832642,51.324337309405756,51.83623504638672,643800.0
2020-03-12,46.252519144462106,49.42695285426084,43.84795407043456,44.2453498840332,690100.0
2020-03-13,47.18876631981782,48.87263614440467,43.780615439258156,48.17888259887695,618900.0
2020-03-16,42.433503368654655,43.10705104117298,38.3181266784668,38.3181266784668,810100.0
2020-03-17,38.816555386366005,41.22785486076254,36.492815264630416,39.739315032958984,721600.0
2020-03-18,37.71867545766732,37.71867545766732,27.08335545750579,31.326705932617188,905200.0
2020-03-19,31.192000568771316,36.43220180290103,28.632516789094222,34.78200912475586,850600.0
2020-03-20,36.23686762343357,41.96876028623668,35.56331988853933,40.26468276977539,1847000.0
2020-03-23,40.75638093147916,41.62525830998801,37.732152400767106,40.803531646728516,579800.0
2020-03-24,44.696627889690696,45.92248455591591,42.433507099927006,44.66968536376953,551400.0
2020-03-25,46.239049161554654,52.254503314419324,44.501294917542474,49.95029830932617,636400.0
2020-03-26,50.76529421482516,57.615273389519494,50.65752411151572,56.63862609863281,698700.0
2020-03-27,53.237212076140324,55.736073485231685,51.52640026127158,54.40244674682617,575700.0
2020-03-30,53.09302436985559,54.71275378989308,50.12636310431787,54.64114761352539,437700.0
2020-03-31,54.90030798920089,55.09808612062451,50.16046981550521,51.783607482910156,1043900.0
2020-04-01,48.42139199263866,49.08156128495343,46.37541768309055,47.09151077270508,505700.0
2020-04-02,46.98920441204935,49.63532894066156,46.03441549449038,47.00284194946289,313500.0
2020-04-03,47.05740480957791,47.73189319625349,44.840932843909385,45.41380310058594,400000.0
2020-04-06,48.284989472116244,49.444372681301935,46.62092891961725,48.366825103759766,512000.0
2020-04-07,51.14934010031898,51.83133130165657,47.26199233396672,47.828041076660156,636200.0
2020-04-08,49.4716645373686,49.77651378358253,46.443620581563664,47.15971374511719,814500.0
2020-04-09,48.516848041556216,52.840674464141145,44.10777793183258,51.50396728515625,1688400.0
2020-04-13,50.04453377769384,50.2198081718037,46.914195328950456,49.74446105957031,552900.0
2020-04-14,51.11524996718764,52.85841970376608,50.80835593876286,52.13823699951172,435700.0
2020-04-15,49.962693340123636,51.231197809105616,47.86215849867157,48.57143020629883,371800.0
2020-04-16,48.57141766647583,50.003598251104165,47.315869443969255,49.90129852294922,366300.0
2020-04-17,51.551714761838014,52.06525823915087,49.20566846044221,50.0854377746582,337400.0
2020-04-20,48.88513739735546,50.07862219201435,47.90988961416411,48.91923904418945,225700.0
2020-04-21,48.08039281535775,49.6762501644681,47.57572064553413,48.6259880065918,184200.0
2020-04-22,49.62850504710139,49.799002873597544,48.789658654521524,48.84421920776367,147900.0
2020-04-23,49.10338842673927,50.545799004883705,49.10338842673927,49.812660217285156,211100.0
2020-04-24,49.81265380346428,50.84246230170801,48.42139068612893,50.562843322753906,221500.0
2020-04-27,51.66084518724444,53.17486682920138,51.5039848860551,52.30873489379883,294800.0
2020-04-28,54.32744364021648,54.77073393841334,52.151889160169624,52.513343811035156,325300.0
2020-04-29,54.11600865803224,55.207193698276626,53.43401735748192,54.72298049926758,301800.0
2020-04-30,54.49111392874139,54.654790407935,52.57471455558957,53.5090446472168,270100.0
2020-05-01,52.185978006593935,52.260997474502375,49.580771148193534,51.23801040649414,369500.0
2020-05-04,50.21501923378126,52.342834034450625,49.88766631255882,52.09731674194336,182900.0
2020-05-05,53.495418858864355,54.218328237006,52.102792238332356,52.56108856201172,231200.0
2020-05-06,53.41356898689592,54.034183690340804,52.58904159164375,53.27035140991211,286900.0
2020-05-07,51.49034754680956,52.36329565284251,49.1920347964094,51.85862350463867,710800.0
2020-05-08,51.90637096353907,52.51334295284335,50.365068791408824,51.49717712402344,426600.0
2020-05-11,50.37870817168375,51.49717368651901,49.710354289315546,50.11273193359375,251800.0
2020-05-12,50.44008606926881,52.11369467949519,49.35572218168376,50.69242477416992,322000.0
2020-05-13,50.47418539029972,50.84450622407144,47.79395895790146,48.2713508605957,364300.0
2020-05-14,47.73939587887434,49.02835915134945,45.59794339427648,49.02153778076172,298900.0
2020-05-15,49.11701625089561,50.631037927051594,48.64644574306047,50.48099899291992,213300.0
2020-05-18,51.92000165581236,53.63180146890545,51.51080787026479,51.98820495605469,280000.0
2020-05-19,52.06321884516014,54.286512174950545,51.5039861282022,53.0452880859375,294200.0
2020-05-20,54.156924435074785,54.85937454823624,52.84749735863188,54.02052307128906,227700.0
2020-05-21,54.156942349750125,55.58230195134323,54.1160193254874,54.90031051635742,262400.0
2020-05-22,55.24130317574478,56.5984645993445,54.795962876603575,56.52344512939453,224100.0
2020-05-26,58.06475099922254,59.83111154098331,57.32138282441164,57.96927261352539,369400.0
2020-05-27,56.62573726137945,57.69646340285363,55.58229139650611,57.457767486572266,982500.0
2020-05-28,57.655552834949496,58.767196929431655,57.28727685932918,58.501220703125,397800.0
2020-05-29,58.310280571633214,58.494416010353696,54.900322643467526,55.73235321044922,551200.0
2020-06-01,56.18926501276071,59.783362219671154,56.10742418037925,59.55830383300781,479400.0
2020-06-02,60.27439626518515,60.69655117699689,59.06045244181921,59.89248275756836,234300.0
2020-06-03,60.6631418676922,61.85321890880794,60.605173214551165,61.529273986816406,300100.0
2020-06-04,61.58382240891112,62.695466461945855,60.0732088281105,61.53608322143555,330800.0
2020-06-05,62.238538566422086,65.24611802878246,61.72704500043317,63.7457389831543,369400.0
2020-06-08,65.13016936046,67.25116272656817,64.7482558962437,65.37568664550781,572700.0
2020-06-09,64.59139087537524,64.78234759349391,62.2317017670026,63.329708099365234,286300.0
2020-06-10,63.49339453035239,64.09355025676287,59.70493232011084,63.029640197753906,408000.0
2020-06-11,59.68788906312508,60.64949949948987,58.6512643546293,59.503753662109375,386200.0
2020-06-12,61.54972628942616,62.288323129775634,60.06298477037425,61.44060516357422,344500.0
2020-06-15,60.438086461990885,65.37570329017372,60.01524987382522,65.362060546875,735100.0
2020-06-16,67.20344440526591,67.86497700626968,65.36206419579425,67.31938171386719,413000.0
2020-06-17,67.46258635920503,68.43101287432461,66.45596849313836,67.00565338134766,385400.0
2020-06-18,66.03722700429748,67.93998359127285,65.66212966158176,67.50350952148438,329700.0
2020-06-19,67.45576859361492,69.20848619831696,65.13017553509653,65.23247528076172,1060500.0
2020-06-22,65.45753824398601,65.99630688256613,64.44818866126681,65.39615631103516,256600.0
2020-06-23,65.9553992241088,66.38505200823282,65.08927228377496,65.60758209228516,265000.0
2020-06-24,64.94607346893136,65.32798716525387,61.25649578415896,62.71595764160156,356900.0
2020-06-25,62.40220777397728,63.30925750732422,61.8497964521436,63.30925750732422,310700.0
2020-06-26,63.0023556174013,63.227413999438994,60.51309148766953,60.87454605102539,523400.0
2020-06-29,61.35768959209102,62.86919712389448,59.63912363722244,62.40677261352539,321400.0
2020-06-30,59.18358177117242,61.14371186438968,58.94201718443269,60.75030517578125,1960800.0
2020-07-01,61.530225123475034,65.62303777086264,61.226540896764774,64.71199035644531,1984700.0
2020-07-02,65.87150926373289,67.21046968873371,63.59388797251734,64.04251098632812,1058300.0
2020-07-06,66.36153500766676,67.18975797413685,65.56781825980022,66.5547866821289,442800.0
2020-07-07,66.25801606139305,66.25801606139305,63.04864235527653,63.3247184753418,337500.0
2020-07-08,63.42825851016074,64.36001096699572,62.753941589741785,63.462764739990234,160500.0
2020-07-09,63.552478192822264,63.66980882607463,61.46810860277872,61.944339752197266,286700.0
2020-07-10,61.97885055514331,62.95201236388635,61.64065482908626,62.65523147583008,207100.0
2020-07-13,62.717353214686604,64.15432439749479,61.57854254696918,61.66136169433594,259600.0
2020-07-14,62.09617078765245,63.221174527325125,61.488802412019716,63.152156829833984,238800.0
2020-07-15,64.92595096026793,65.29174956625563,63.69741780592665,64.49113464355469,235300.0
2020-07-16,63.86304519681176,64.62915370305365,63.32469981744448,63.95967102050781,199300.0
2020-07-17,64.1529292257511,64.96045264306126,63.497253174258624,64.8431167602539,188700.0
2020-07-20,65.22272024092959,66.25800151459515,65.11919106042046,65.3331527709961,270100.0
2020-07-21,65.56782877938373,66.6307184251668,65.14681387859584,65.5057144165039,227300.0
2020-07-22,65.05708279679958,66.53408379745993,64.88453590171578,66.40294647216797,163700.0
2020-07-23,66.25802283653846,68.77237520698601,65.56783509865785,67.29330444335938,445700.0
2020-07-24,66.37534289112526,66.56859458436412,63.50416509810818,64.2288589477539,361500.0
2020-07-27,64.18746307665735,66.05787131506986,63.18669290916744,66.00265502929688,215000.0
2020-07-28,66.25802825965894,69.32246375169696,66.02336693711584,68.33549499511719,510800.0
2020-07-29,68.67366285641688,72.01416815023188,68.55633223390072,71.82781982421875,738500.0
2020-07-30,71.28946440685806,73.85005928862488,71.04444553809913,72.69054412841797,413600.0
2020-07-31,72.80098980340438,73.1426292927127,70.24729254367278,71.9382553100586,262800.0
2020-08-03,72.29716698517714,72.46281057117267,70.77185268591978,71.59317779541016,326000.0
2020-08-04,71.81401032354154,73.83625987656852,71.32397257261442,73.14607238769531,273200.0
2020-08-05,73.92599208928854,74.18136338945634,72.88449717790049,73.88458251953125,352600.0
2020-08-06,74.99578243807039,77.71718725604157,74.57476760722912,76.7281494140625,569800.0
2020-08-07,76.95591057787657,80.98660327701413,76.94900722808876,79.11619567871094,411700.0
2020-08-10,79.98583411405059,81.49044317174936,79.83399201174042,80.71053314208984,299300.0
2020-08-11,81.47664794690617,81.70440585201523,77.08705440793331,78.63997650146484,317400.0
2020-08-12,79.00577701897119,81.57327578562636,78.50884109436521,81.09014129638672,257000.0
2020-08-13,81.00733509811168,83.31186976117667,80.86584535085633,82.04951477050781,313800.0
2020-08-14,82.04950876691616,83.50580517991311,81.62159577921075,82.76040649414062,257500.0
2020-08-17,82.76040798597346,83.68525695800781,82.27037009490635,83.68525695800781,242300.0
2020-08-18,83.88540419136417,84.18218507938761,82.04950258970433,82.17373657226562,340300.0
2020-08-19,82.27036249261005,83.51270231934863,81.58707822076066,82.51193237304688,256600.0
2020-08-20,81.53877137860367,84.77575325443416,81.4421455255085,83.93372344970703,191800.0
2020-08-21,83.93373021542007,84.85857924551365,82.27037525959052,83.40228271484375,213300.0
2020-08-24,83.16761327909107,84.08142001651379,82.27036721211819,83.57482147216797,218600.0
2020-08-25,84.04414308354012,85.17605561015762,83.40779212816412,85.09323120117188,200400.0
2020-08-26,85.06563111991883,85.94907050323417,84.21669796099653,85.18986511230469,174800.0
2020-08-27,85.46594216875069,86.51502513145827,85.36931631425318,86.00428771972656,145500.0
2020-08-28,86.35626638661654,87.02919818096983,85.41761091654472,86.41838073730469,151500.0
2020-08-31,86.2734379668038,86.32313049818153,84.37542233153411,84.9551773071289,331600.0
2020-09-01,85.18986991189145,87.40537184616512,84.66601558243632,86.32177734375,360500.0
2020-09-02,86.44599345002773,87.59860543225692,85.09322643990092,86.90151977539062,252600.0
2020-09-03,86.63234759667465,87.5889487316199,83.56791814982381,85.0173110961914,382600.0
2020-09-04,84.65841457913412,85.36723228217124,74.88535551604181,81.24888610839844,886900.0
2020-09-08,81.24888939034298,83.9130140878031,79.57863657421498,81.7251205444336,545000.0
2020-09-09,83.16069798543622,85.90074345286152,83.07787884793868,85.1967544555664,990100.0
2020-09-10,85.16915739136752,86.65720074885652,84.49898471725199,85.07942962646484,336000.0
2020-09-11,85.41072592351146,85.88695711065897,82.14613586018747,83.94062805175781,189900.0
2020-09-14,85.06562955157347,85.24507981853654,82.40840809945414,83.0364761352539,369200.0
2020-09-15,83.60932449462408,86.92912512794965,83.51269865297688,86.860107421875,642100.0
2020-09-16,87.75046048756768,89.8948698845141,87.37085516042431,88.39923858642578,838100.0
2020-09-17,87.34324668497429,88.6684056708362,85.61087425923103,87.08787536621094,492800.0
2020-09-18,88.1162556797327,88.4061332278692,84.43410521274163,86.1285171508789,1128900.0
2020-09-21,84.4030346407498,85.26576906311533,82.29106245982716,85.07251739501953,590000.0
2020-09-22,85.10013351264391,86.21823405887518,84.68601673848498,85.99047088623047,439400.0
2020-09-23,85.56255071952862,85.74200095546755,81.28338478493347,81.53185272216797,399300.0
2020-09-24,81.904563305041,83.54721320474948,79.66835689873844,82.34628295898438,528900.0
2020-09-25,82.97435937655723,85.62467740109183,82.6430669906335,85.14154815673828,550500.0
2020-09-28,86.41147794983573,89.31026351316478,86.32865881504596,88.55106353759766,417200.0
2020-09-29,88.50232300869672,89.30334995406584,86.54504836393978,86.89331817626953,503700.0
2020-09-30,87.52715574100462,88.38737713073125,85.08230061864447,86.44751739501953,394900.0
2020-10-01,87.06744889759727,87.40875180930676,85.38878593204744,87.15799713134766,267400.0
2020-10-02,84.85942368498795,87.41572283019796,84.82459457811045,87.28337860107422,566500.0
2020-10-05,87.93114537817891,88.76002908735482,87.30425876259102,88.18190002441406,304500.0
2020-10-06,88.4605320317765,88.63466693735086,85.89726600915485,86.67042541503906,247700.0
2020-10-07,87.72914764304726,91.53225797841093,86.94205992344945,90.52227783203125,870400.0
2020-10-08,91.4556471075648,92.11735756934942,89.51438955227962,90.39690399169922,978900.0
2020-10-09,91.281507158326,91.94670368215364,90.72984266619065,91.39991760253906,276600.0
2020-10-12,92.43081053019807,93.69851780990548,91.22579989728462,93.46865844726562,290700.0
2020-10-13,94.20697978595437,94.94531005268712,93.73681343584417,94.56918334960938,336900.0
2020-10-14,94.44380169309025,95.16820882804548,90.62676766588265,91.52529907226562,357000.0
2020-10-15,90.97502963423463,92.5561773640556,90.19490875145243,91.42081451416016,196000.0
2020-10-16,90.96808334868389,91.99199749353927,88.69039569703092,90.20884704589844,322900.0
2020-10-19,91.39992002366539,92.0546688970637,89.19189093952106,89.78394317626953,258200.0
2020-10-20,90.0416727026248,90.96807160111412,89.0316871430847,89.61678314208984,232700.0
2020-10-21,89.97896502296655,90.23669185812506,86.09924564187494,88.16796875,420300.0
2020-10-22,88.71825120761812,90.03122984813619,87.38089113017422,88.58590698242188,241800.0
2020-10-23,88.95507193014642,89.2545841715614,85.85547282704107,86.37091064453125,455300.0
2020-10-26,85.6743701723322,85.6743701723322,81.57871926744092,84.80369567871094,589500.0
2020-10-27,85.08927147727836,86.85847720579173,84.04446218299454,84.77582550048828,251500.0
2020-10-28,83.41061054433814,85.63953496348553,82.35883434303345,84.62955474853516,350900.0
2020-10-29,84.78976116081779,85.47584772368053,81.88101027751458,83.5359878540039,224300.0
2020-10-30,83.39668850675228,83.39668850675228,78.18656996922927,81.23741149902344,608400.0
2020-11-02,81.89214954946662,85.83456570623383,81.64139490204523,85.34698486328125,373600.0
2020-11-03,85.70921992437219,86.02266069191091,83.23650164116077,85.6256332397461,284300.0
2020-11-04,86.92116415404875,95.04769030862435,86.64254729342122,93.04374694824219,595500.0
2020-11-05,98.41407704238557,108.95272476652642,97.71894037314749,108.56962585449219,1293200.0
2020-11-06,109.5865789933851,111.82943740579586,105.12175750676269,106.13871002197266,548400.0
2020-11-09,112.47024018689248,114.92206233955008,100.58727735480437,101.04002380371094,628900.0
2020-11-10,101.43009868538222,108.68107886783051,101.04701038715996,106.91187286376953,699000.0
2020-11-11,107.60840912415539,110.00449647587277,106.92858790425545,108.23529052734375,301100.0
2020-11-12,107.92184511647683,108.49997424805052,105.94367524375399,108.17259979248047,422000.0
2020-11-13,108.38156910084082,109.03630741568995,105.98547110800206,106.1944351196289,371700.0
2020-11-16,107.92185321320815,110.4690970538872,104.82921551992465,106.91187286376953,432300.0
2020-11-17,107.49694182287416,108.33974866217619,103.63810705849941,104.31375122070312,453900.0
2020-11-18,104.86404491352117,106.74469981559713,103.89933071010643,104.52970886230469,515800.0
2020-11-19,104.62719627335183,107.00935993544633,104.51574740968283,106.89791107177734,270300.0
2020-11-20,107.27404973119076,107.77416673176721,104.48371465563369,105.83917999267578,203300.0
2020-11-23,106.46607544018717,111.55080569889783,106.46607544018717,107.19743347167969,621200.0
2020-11-24,109.35669616317726,110.5826017971449,106.22226856614353,107.69892883300781,613000.0
2020-11-25,107.9636395004631,109.0223826831156,105.72078110702411,108.85520935058594,346100.0
2020-11-27,109.76769074382395,110.03934080656919,107.2740772976318,109.21045684814453,195200.0
2020-11-30,109.75375354479705,109.99057446591435,104.73309049834364,107.03028106689453,371200.0
2020-12-01,107.67109261077817,107.92184729183623,105.17747956813163,107.42729949951172,692000.0
2020-12-02,107.12776785202674,107.26011204598255,105.10779710176391,106.71681213378906,323300.0
2020-12-03,107.07904164625296,107.21138588551442,102.25690519635548,102.8510513305664,968500.0
2020-12-04,104.21625228317826,106.61932242274352,103.69594136463594,106.50787353515625,494600.0
2020-12-07,106.9536469337545,108.86913064083514,106.78647362038518,107.58052825927734,473500.0
2020-12-08,107.95666790214513,109.14078300293552,106.40337706443509,108.67410278320312,281900.0
2020-12-09,109.37063755852557,114.52502571523027,108.91788049702545,109.97662353515625,860300.0
2020-12-10,108.66017942473661,112.73494040450464,107.98384430830686,112.26824951171875,315000.0
2020-12-11,111.44634783785044,113.56034829920414,110.2482987483254,112.191650390625,322800.0
2020-12-14,115.62557770200566,119.83964455717671,114.87331363191578,117.45050811767578,970700.0
2020-12-15,119.4565105951549,123.21781921386717,117.45047366338936,123.21781921386719,629900.0
2020-12-16,123.25964132084653,128.47393103064843,123.2317737874506,126.9303970336914,896300.0
2020-12-17,127.93344241984269,131.7574491092655,126.90256666398533,131.4579315185547,615900.0
2020-12-18,132.3425139385976,134.5993058972302,130.32951507277082,131.3255615234375,855600.0
2020-12-21,129.2080701743011,134.48784057057196,128.21898541386733,134.41818237304688,500800.0
2020-12-22,135.47692895637806,138.01929380884707,134.56446393746475,137.6640625,482100.0
2020-12-23,136.5217437137831,138.85515531941456,129.60511149356498,131.47183227539062,685000.0
2020-12-24,131.71560738611635,133.0390280208484,130.5454156443229,131.24891662597656,191400.0
2020-12-28,132.93460038437556,133.5405864967205,127.61303772616468,129.5703125,424400.0
2020-12-29,129.24295018383646,130.7335447942425,121.90838761156367,126.26872253417969,728500.0
2020-12-30,126.8718178321974,129.74029336416703,126.50713041570653,128.821533203125,271800.0
2020-12-31,128.55503224127645,129.6421063764391,126.47907069081131,128.43580627441406,211100.0
2021-01-04,129.04600262709067,130.63383483695077,122.04666265494741,124.48731231689453,416200.0
2021-01-05,124.83795247272394,127.17340533968624,123.77893773969889,126.26166534423828,344900.0
2021-01-06,130.61697979918685,131.13386471915487,124.20676136904343,125.53228759765625,817300.0
2021-01-07,128.30256925865163,128.68128646138837,119.65508433039005,122.2430191040039,845500.0
2021-01-08,122.69185903025847,125.23771498741928,120.98059556051678,125.14653778076172,618600.0
2021-01-11,124.09451043016306,134.1446660600464,123.07055419707723,132.84017944335938,803600.0
2021-01-12,133.42933676601228,137.88983959529293,126.59831194051847,130.055908203125,712800.0
2021-01-13,130.05592048512594,135.86999885790954,129.36159308001567,131.23416137695312,411300.0
2021-01-14,131.5357435592821,134.30602229663063,131.4165175651894,133.09271240234375,347900.0
2021-01-15,133.25399515475016,133.87818449346565,127.36277017589721,132.7630615234375,515300.0
2021-01-19,134.5514672302832,135.2738432667219,126.70350685029096,132.72097778320312,485500.0
2021-01-20,133.2540012006098,139.91670126064028,133.11373597123514,137.1955108642578,494600.0
2021-01-21,137.06224544664366,139.04002035591583,131.9424953768716,137.91787719726562,547400.0
2021-01-22,136.0243014998502,137.46204441078373,133.10673717255477,136.3258819580078,298300.0
2021-01-25,137.11137212499207,144.79100949756477,134.0886116180143,136.0172882080078,519800.0
2021-01-26,137.22362027412325,141.56489865814243,136.92905997476484,141.03187561035156,348000.0
2021-01-27,136.70458949351197,138.5491089950933,131.15701195565666,131.84432983398438,491000.0
2021-01-28,135.17569218344408,139.4524393992778,134.16576522891856,134.5164337158203,360000.0
2021-01-29,133.38727086352955,135.69116521991384,129.43874056947237,131.23416137695312,372400.0
2021-02-01,132.51058608434053,136.97809839208844,131.61988528885598,136.46612548828125,187400.0
2021-02-02,137.96699060085203,145.58350947456142,136.8939460406004,143.25506591796875,470200.0
2021-02-03,145.19778691036387,147.13347302658008,141.86643642062413,146.45318603515625,388200.0
2021-02-04,146.59340157345167,147.7926813502078,143.38127816945556,146.14454650878906,303100.0
2021-02-05,146.29183225920153,148.95621848785981,144.5525200901319,148.31869506835938,186500.0
2021-02-08,152.26722073298816,152.5337321198803,146.5793793179935,150.91363525390625,367700.0
2021-02-09,149.53202335090688,150.47181209148178,146.9300591226776,148.6763916015625,378000.0
2021-02-10,149.9388192178714,152.98262966098736,145.9496229346091,147.3649139404297,339400.0
2021-02-11,149.98090603488686,150.92770446487094,143.00259505393527,147.08438110351562,322800.0
2021-02-12,147.1404946262819,152.1017451174279,144.95933627814654,150.36663818359375,299800.0
2021-02-16,150.45080309768784,155.01650271640978,150.2824783798283,154.13983154296875,259200.0
2021-02-17,152.52675027238845,153.277185913077,147.63843108683767,150.3806610107422,318600.0
2021-02-18,148.63433022421393,152.12488762990884,146.6243004692003,146.74072265625,223700.0
2021-02-19,146.57940365778558,151.473330038198,145.74481108260548,150.48585510253906,224800.0
2021-02-22,148.97796581273943,154.04161850221158,147.49113518090627,148.3818359375,247400.0
2021-02-23,146.2567932743175,147.6068689550387,133.296090282808,146.22874450683594,548200.0
2021-02-24,147.34390263085683,155.7543398656446,146.05344498900294,154.4063720703125,439900.0
2021-02-25,146.44616637014065,146.62150060710533,122.73396587528414,132.30020141601562,2736700.0
2021-02-26,130.37153132743418,138.8647226186899,129.05301437504255,136.76071166992188,770900.0
2021-03-01,140.02892309117064,143.34624351491473,136.76069068389097,137.53216552734375,544300.0
2021-03-02,138.16338686023647,139.0190188431094,133.52053941663823,133.98341369628906,309300.0
2021-03-03,133.98342797025052,135.02842404795462,129.04601974939246,131.6900634765625,367500.0
2021-03-04,129.0109042351764,131.10790515249514,123.59658319846658,127.7555160522461,659000.0
2021-03-05,127.95188581255344,128.1552687731823,112.8521055643167,121.85025787353516,920200.0
2021-03-08,122.03259596180484,128.49892173038768,115.89589932579455,116.17642974853516,639100.0
2021-03-09,120.27926355582436,124.26285152110393,120.27926355582436,121.13489532470703,625200.0
2021-03-10,122.57966801166252,125.89698870068749,119.4446910722393,120.64398193359375,703700.0
2021-03-11,123.55451484468269,128.02553738155922,123.48438757876052,126.75260925292969,433000.0
2021-03-12,126.61935644608901,132.32823825908068,124.12259884898207,132.18797302246094,348000.0
2021-03-15,133.2961074148982,137.8021997432648,131.90045364533486,136.36094665527344,431200.0
2021-03-16,138.7103757113188,140.26734408680625,132.223011047304,134.7548370361328,399600.0
2021-03-17,132.34227342470075,137.46203503307996,130.82107990916862,136.2346954345703,352500.0
2021-03-18,132.86123663357662,135.62450516165032,124.6626082520385,125.36394500732422,689000.0
2021-03-19,123.91920477741205,127.09625972458866,121.369838580738,125.00627899169922,1192600.0
2021-03-22,124.83795879119113,126.1143969897332,121.68194297905428,123.15475463867188,321000.0
2021-03-23,123.1477435996864,126.54221162447647,120.28628776589211,120.86138916015625,308800.0
2021-03-24,122.49549334362004,125.79878382133113,119.92859797645359,121.21905517578125,356300.0
2021-03-25,120.40551031485752,125.52527167462668,119.40260371409181,124.88004302978516,325200.0
2021-03-26,125.88297925161437,127.4679969846693,120.23931188819476,123.975341796875,356000.0
2021-03-29,123.97529612149272,126.19853225998281,121.02968401093845,122.07466888427734,236500.0
2021-03-30,122.25845077924714,124.90856170654297,120.49877324152429,124.90856170654297,203100.0
2021-03-31,125.70004955702551,129.7423526809162,125.48804932383368,127.31838989257812,344800.0
2021-04-01,130.7388165674375,132.14514609791843,129.30422392939093,131.83419799804688,203200.0
2021-04-05,133.7352015072041,134.162038017094,130.90134265873198,133.650390625,226000.0
2021-04-06,134.27227468724257,137.77041863427092,134.20867461881048,136.6467742919922,304900.0
2021-04-07,137.33229779967098,137.80578304227816,133.2122569408689,133.93309020996094,210700.0
2021-04-08,134.5408058039594,138.35696039759267,134.5408058039594,136.87289428710938,292700.0
2021-04-09,135.10615762580701,136.25807573996644,131.9260251192262,133.55850219726562,232900.0
2021-04-12,132.9154131882856,135.27577574132764,130.83066170241526,135.05670166015625,137300.0
2021-04-13,135.60085541359695,136.60788876133168,133.16274516471248,134.72454833984375,190600.0
2021-04-14,134.62562233270347,135.01430738849237,128.80951578879043,129.31126403808594,205800.0
2021-04-15,130.14519027884307,132.67232825446752,129.35368310792018,129.70703125,218500.0
2021-04-16,131.09922240318352,131.90061787879407,128.2724372965007,130.6964111328125,196600.0
2021-04-19,130.69641311645745,132.29354284397508,127.38059318705966,127.77069091796875,185000.0
2021-04-20,127.20533484539564,129.219423627113,123.70719029381323,125.13471984863281,241300.0
2021-04-21,124.64708268867038,127.890815749285,122.96514223502048,127.15584564208984,166100.0
2021-04-22,127.91201212165062,129.16993049421384,124.54814209370925,125.79192352294922,197800.0
2021-04-23,126.91554654012658,129.1557718218619,125.78483928104511,128.59042358398438,128500.0
2021-04-26,129.3112441890019,131.43840626629031,128.0886630042103,128.4632110595703,191000.0
2021-04-27,129.16284805700496,130.1380813335894,127.62931882776867,129.59393310546875,112000.0
2021-04-28,129.36071105090204,131.70269842710317,127.91198202598676,130.6044921875,129400.0
2021-04-29,131.6080640067662,131.6080640067662,127.62937071462896,129.31837463378906,121000.0
2021-04-30,128.32893362704894,131.4454658075818,128.32893362704894,129.41725158691406,178900.0
2021-05-03,129.43848159527326,129.75649273601567,125.84140044147789,126.27954864501953,257300.0
2021-05-04,125.07108573701974,125.64350791208646,122.173637896354,123.5940933227539,227800.0
2021-05-05,123.59406535337973,124.12408736343482,121.19130322112682,122.3078842163086,146700.0
2021-05-06,123.07117659716938,127.8979144149632,120.84508719894254,127.41736602783203,231200.0
2021-05-07,129.41019242732278,131.3543184927151,128.618696209009,130.5479736328125,184200.0
2021-05-10,129.5868823336472,130.73880062222707,123.67183842643102,123.85557556152344,231600.0
2021-05-11,120.73904464811305,123.27608130390642,118.54828221340165,120.20902252197266,424600.0
2021-05-12,120.08887766882305,122.04360389074388,116.98648184470531,117.64371490478516,208100.0
2021-05-13,117.65788341282064,120.16664691862282,115.05723514422708,117.9334945678711,228500.0
2021-05-14,120.13834948289227,124.42870134791201,120.13834948289227,123.96157836914062,166800.0
2021-05-17,123.91208149495168,123.91208149495168,119.78497919504964,122.08174133300781,188600.0
2021-05-18,122.08176983721056,122.9368769928911,120.06768133264303,120.11009216308594,183700.0
2021-05-19,118.72497468438424,119.91929311933963,115.62964153659023,119.60834503173828,257500.0
2021-05-20,119.74260812061333,123.51636331206917,119.60833411473838,123.5093002319336,205300.0
2021-05-21,124.35027305893836,124.48453628430049,121.79768662774234,122.26551055908203,100300.0
2021-05-24,123.65771616148223,126.49863832075557,123.49517903101696,125.367919921875,126100.0
2021-05-25,126.35727263823674,127.86252809151229,125.41454024143023,126.49154663085938,205900.0
2021-05-26,127.29011488310823,130.3995846035415,127.24065175690919,129.3466033935547,183200.0
2021-05-27,129.33953325608886,129.33953325608886,126.00392654314676,128.2724151611328,249400.0
2021-05-28,128.4137539980431,129.31832414987437,127.20529891369917,127.36783599853516,97100.0
2021-06-01,128.1735009590698,130.70347493756432,127.16999353463838,129.98971557617188,177900.0
2021-06-02,129.3042066524382,130.83067305694195,128.39963636458305,130.63986206054688,142400.0
2021-06-03,130.24409432219178,130.26670695848856,126.49860280862306,127.36783599853516,233800.0
2021-06-04,127.98269191406523,128.9013883888984,127.45266974012513,128.1028289794922,94000.0
2021-06-07,128.3784555274332,134.12388925167508,128.10990747632178,133.45252990722656,184300.0
2021-06-08,133.74224805387433,135.68566249058847,131.12393749150195,133.48077392578125,156800.0
2021-06-09,134.8235080274881,134.9789820632115,131.85538597124554,133.55145263671875,149100.0
2021-06-10,133.55143807624393,135.8552744726079,132.4348568429335,135.16270446777344,135000.0
2021-06-11,134.70334633455147,135.59377955364005,133.56556516294148,135.49484252929688,98200.0
2021-06-14,135.25458987448962,136.78811938650742,134.7033676824585,135.50193786621094,161900.0
2021-06-15,134.9789822174032,136.07082661725653,133.54438970885835,133.7422637939453,126600.0
2021-06-16,133.791739099891,135.57260588421553,132.61154687417388,134.10267639160156,157600.0
2021-06-17,132.99315991829377,136.01781879879067,132.99315991829377,134.1097412109375,167200.0
2021-06-18,132.79528976806665,134.06734512532904,129.88369399848193,130.2935791015625,361400.0
2021-06-21,131.00026333503456,134.2722699966709,129.04978582129138,133.2899627685547,158700.0
2021-06-22,133.2829266484436,135.38887860556213,132.92957849803238,133.6998748779297,138900.0
2021-06-23,133.99667403612537,135.58461625487013,133.99667403612537,134.25814819335938,110400.0
2021-06-24,135.43125725340417,136.887049677678,134.42068687894675,136.39236450195312,162000.0
2021-06-25,136.63973201616906,138.0177876253192,136.03903585619943,137.9753875732422,342100.0
2021-06-28,138.81631545272433,138.81631545272433,137.1767860406652,138.30043029785156,137200.0
2021-06-29,137.93743713113116,138.4499255286535,137.01923508783577,138.07980346679688,89900.0
2021-06-30,138.3502893586957,139.10834564123786,134.41410090117333,135.96580505371094,215100.0
2021-07-01,136.66328843580976,137.95162290673792,135.57425372496868,137.79502868652344,120800.0
2021-07-02,139.5105109039624,142.35766418771675,139.10478634773403,141.7526397705078,229800.0
2021-07-06,141.7526032050716,144.4075807772545,140.32902693040947,143.90220642089844,253000.0
2021-07-07,144.33639029170155,144.39974264757126,141.3155592442432,142.3576202392578,284800.0
2021-07-08,138.79869605587962,142.46440086371433,136.5779203945138,140.23651123046875,197900.0
2021-07-09,141.47506114709506,145.29024747762134,140.4643229033214,145.1905975341797,168300.0
2021-07-12,145.9165975749981,149.19082801133575,144.72079847645702,147.90960693359375,199100.0
2021-07-13,148.4790306080852,149.43282423918245,147.0341013556094,148.18719482421875,239100.0
2021-07-14,148.87051170409686,149.8812606009777,143.31857191011494,143.98052978515625,220000.0
2021-07-15,143.6388667201252,147.40422167099854,142.73489262861236,145.15496826171875,205500.0
2021-07-16,146.5785439958292,149.14098595084937,145.4183365743011,148.79220581054688,258100.0
2021-07-19,145.7528469297345,146.02331901231298,141.68141827825227,144.1370849609375,218400.0
2021-07-20,145.09802763469642,150.79944715644254,144.49300332562214,148.04483032226562,266200.0
2021-07-21,148.2227883741087,152.5931677735603,147.34657504416157,152.10914611816406,256900.0
2021-07-22,151.61089140272867,152.05219662518002,149.3474100683186,150.25137329101562,120600.0
2021-07-23,149.73174637758643,151.63933328792857,149.31890797288003,151.14820861816406,129500.0
2021-07-26,151.61086751596252,153.83164294489382,149.7815668589335,151.32615661621094,154400.0
2021-07-27,151.6038049252593,152.8423097060506,148.82070986370957,150.0876922607422,151600.0
2021-07-28,149.75308886886515,153.6892759549587,149.75308886886515,152.20875549316406,163400.0
2021-07-29,152.07352650427998,153.74623291980814,151.26921331940926,152.5931396484375,83400.0
2021-07-30,153.03445772178526,154.85663371317358,152.04507259235058,153.02734375,150900.0
2021-08-02,155.0132221318891,155.1698163934618,152.1055736270573,152.37960815429688,105600.0
2021-08-03,153.0344547526585,154.20747808062532,150.1873021060974,151.9952392578125,130500.0
2021-08-04,152.73550507628676,154.73206565702552,151.30481478090752,152.24436950683594,120200.0
2021-08-05,155.45453363656796,163.28135800109976,154.23738193510005,154.4153289794922,306600.0
2021-08-06,156.3656165534826,164.16681950496599,155.92074895695933,162.60800170898438,287800.0
2021-08-09,162.99948737808322,164.04937925036526,158.99924142538063,162.18804931640625,171800.0
2021-08-10,163.32692338363097,165.13486061321737,162.0207872719121,162.2805938720703,143300.0
2021-08-11,163.3055353623521,164.8145334902117,161.0883224254543,163.3980712890625,111600.0
2021-08-12,164.49426259107398,166.78622153678108,163.09203892363746,165.33416748046875,143200.0
2021-08-13,165.84664204287517,168.63685033958677,165.45160482555025,166.0601806640625,130300.0
2021-08-16,166.1313572418769,167.08658445397467,162.40159412133033,163.5546875,141000.0
2021-08-17,162.28770258106246,162.84289648416828,157.72798339843618,162.60089111328125,160000.0
2021-08-18,162.99950919287804,166.26306309683613,161.55814233154385,164.77186584472656,168100.0
2021-08-19,161.58305059344121,164.06008158272067,160.18795167219497,163.05645751953125,117200.0
2021-08-20,162.8856039634798,167.22039135863434,162.09054430211114,166.4730224609375,135000.0
2021-08-23,167.2630982464134,169.6262292138427,167.2630982464134,168.80055236816406,164100.0
2021-08-24,170.02484509560216,172.8150535565811,168.8575128735495,170.73663330078125,153200.0
2021-08-25,169.9678806590201,171.86123966779653,168.94291488789452,169.17779541015625,108600.0
2021-08-26,169.17781652086148,171.05694782163948,168.13149784442086,168.56568908691406,87900.0
2021-08-27,170.1600785131523,173.82579411239217,169.40558478924999,171.19216918945312,180800.0
2021-08-30,172.13885208480502,174.41657210501074,171.72673046180856,173.7830810546875,136100.0
2021-08-31,173.84715787748414,177.00748843492863,173.84715787748414,175.0358428955078,196100.0
2021-09-01,176.5092134646603,179.00047186360422,175.3568261621389,176.22450256347656,159100.0
2021-09-02,176.3312656248458,177.5413032408461,172.75809712902452,177.3847198486328,148800.0
2021-09-03,178.25310950939908,179.64465671090875,175.59814262709196,179.4275665283203,147600.0
2021-09-07,179.39909711952473,180.51660983154946,177.0089219356176,177.88299560546875,103600.0
2021-09-08,177.23526959363863,178.51649058218348,174.65147483849205,176.836669921875,143000.0
2021-09-09,174.90059811089668,177.87302199733443,173.40583854017896,173.53396606445312,119200.0
2021-09-10,173.54819819388587,173.54819819388587,166.31713368956787,167.2631072998047,340000.0
2021-09-13,167.17766168504448,167.27019761031409,160.47261932245607,162.4940948486328,342900.0
2021-09-14,163.19167557155194,165.84664238495355,160.57228947756707,162.59376525878906,153600.0
2021-09-15,163.71127065405125,170.28819691551342,163.05642687475805,169.71163940429688,275100.0
2021-09-16,168.8361539788372,169.5906477112253,165.88935135060825,167.61187744140625,147700.0
2021-09-17,169.34154988676445,169.3771414724624,163.9034879395482,165.66160583496094,426200.0
2021-09-20,162.7147849454602,167.33784577441054,161.78589570768136,166.38760375976562,186300.0
2021-09-21,168.40908084340745,168.85038602142706,165.242331710823,165.9462890625,123400.0
2021-09-22,166.26662518057176,172.17233057738366,165.19965956615195,170.59429931640625,484500.0
2021-09-23,172.96449645529694,176.29779894356042,171.44838443059328,174.88632202148438,199600.0
2021-09-24,173.64073516103102,175.28496422154421,170.843412652579,174.30270385742188,163700.0
2021-09-27,176.53056631249115,176.6231022428754,171.54804951253462,171.91818237304688,150400.0
2021-09-28,170.8291557042365,170.8291557042365,164.5511790188137,166.48724365234375,223500.0
2021-09-29,167.96299549799963,169.90438537062042,164.51145961186302,165.62042236328125,133300.0
2021-09-30,166.32962121998642,169.62498385648973,165.15690822956844,165.6060791015625,135700.0
2021-10-01,165.88547213879892,168.5719055775585,163.04931507206612,167.76239013671875,202400.0
2021-10-04,166.4012864068802,166.4012864068802,162.758488387508,163.6790313720703,182400.0
2021-10-05,162.2605970689172,165.27657147534651,161.85225389557772,163.90110778808594,118900.0
2021-10-06,163.30653138863775,165.8783414973061,158.34199583433357,165.3697052001953,175500.0
2021-10-07,166.41559550773798,171.501902821567,166.41559550773798,169.6822967529297,150700.0
2021-10-08,169.42442204210934,170.72967511495088,166.57322341264478,166.58038330078125,95800.0
2021-10-11,165.6562532883894,167.99165574001722,164.77509515546114,165.5344696044922,90100.0
2021-10-12,167.28963271837713,170.10501049881893,166.92714555994468,167.82691955566406,85000.0
2021-10-13,170.39872031011592,172.26131894671187,168.7653692914331,171.6523895263672,98100.0
2021-10-14,173.42897613034347,175.1984411608165,173.149587490328,173.9662628173828,110800.0
2021-10-15,176.5882518432304,176.93211231551578,170.47035129495004,171.25120544433594,180500.0
2021-10-18,170.49900724732262,174.4176197589677,170.49900724732262,172.5192108154297,176500.0
2021-10-19,172.8702214632367,177.29747002774891,172.8702214632367,176.45213317871094,102000.0
2021-10-20,177.66998339482973,182.33363950779696,174.43910291868735,181.01548767089844,319900.0
2021-10-21,181.9611284596357,186.33821440232134,181.0154984506206,183.88819885253906,177400.0
2021-10-22,184.58307595202757,187.96295855530363,184.03861837887388,186.05165100097656,154400.0
2021-10-25,188.23662644402194,190.32845058717172,186.6175953959136,189.94161987304688,172000.0
2021-10-26,191.55346887375575,192.3056615249387,188.12914057810696,189.67652893066406,156100.0
2021-10-27,190.34996148135426,190.99113772153078,181.4596642003977,182.43394470214844,161800.0
2021-10-28,183.15029915980105,187.52023550781135,181.68171327687128,187.33396911621094,137300.0
2021-10-29,186.6820515422448,190.7224580048682,186.54307320813825,188.47300720214844,142900.0
2021-11-01,188.83119139135613,192.84365774877026,185.87252925201645,192.3128204345703,144600.0
2021-11-02,192.5994045013911,192.5994045013911,189.10704044846722,190.8155975341797,96300.0
2021-11-03,191.9904615996247,191.9904615996247,184.95558197616032,186.30955505371094,198200.0
2021-11-04,189.81984033797914,196.28877236289378,188.27245177179373,191.76123046875,264700.0
2021-11-05,194.03214020246736,197.7071847076567,192.69320846138578,196.58963012695312,197200.0
2021-11-08,197.27736551003832,202.6323276900287,196.73290795442094,202.0054931640625,260600.0
2021-11-09,201.20315270430723,203.71337695120218,199.69159631665423,201.16017150878906,145900.0
2021-11-10,200.58703705055913,203.6617441788976,193.82080121453816,194.61241149902344,211100.0
2021-11-11,195.3932982808394,200.04261302952855,195.3932982808394,198.72447204589844,134400.0
2021-11-12,199.91364957370106,202.72902685990053,198.87488645906595,200.24317932128906,175400.0
2021-11-15,200.78045410182384,205.20054239666595,200.78045410182384,205.0357666015625,175000.0
2021-11-16,205.62324016674458,206.32958779394755,201.8980429279063,203.28782653808594,174200.0
2021-11-17,203.38093569871998,205.18623313184196,198.47371244818717,200.7733154296875,480700.0
2021-11-18,201.58284183835656,202.6645643306011,196.76875152701763,198.44508361816406,183400.0
2021-11-19,197.71435960469103,200.58705985061596,196.42488010769603,197.2057342529297,116600.0
2021-11-22,197.20573507610465,200.22169868858794,190.46457444880127,192.46328735351562,201100.0
2021-11-23,191.7254108444473,192.61371795796677,183.05002019322788,187.32681274414062,283400.0
2021-11-24,185.54300604964402,194.0392891918589,182.2548140871379,192.76412963867188,139700.0
2021-11-26,187.69216334085831,190.88722229003906,184.83380494849672,190.88722229003906,130300.0
2021-11-29,193.06504002394058,194.0178189137579,188.99599359245488,190.23532104492188,157900.0
2021-11-30,188.92434910736864,191.08066691847628,183.98846435546875,183.98846435546875,169300.0
2021-12-01,188.08616062412239,191.2740705447695,179.1600434534638,179.29615783691406,173200.0
2021-12-02,179.81199055989904,185.34963463361038,177.4550971666391,183.29360961914062,225600.0
2021-12-03,184.8266384011448,186.25940303991337,178.86633225692677,180.88653564453125,224700.0
2021-12-06,180.38508858017437,185.92989223217612,178.6543084579076,183.8810272216797,201600.0
2021-12-07,187.19069181124976,193.31577377573194,186.31670450477148,190.38577270507812,142300.0
2021-12-08,191.9331311701357,192.3414524142013,188.67357899987476,189.2681884765625,160200.0
2021-12-09,187.7065053561701,189.0962889372991,183.68761065502517,183.85238647460938,113900.0
2021-12-10,183.85234565953164,185.97997989091843,180.01968543257624,182.8637237548828,241400.0
2021-12-13,181.91096993030877,182.57936465057165,174.44626694815622,176.2085723876953,320500.0
2021-12-14,173.7226892326627,174.8402437525608,167.45649820748605,169.63931274414062,305700.0
2021-12-15,170.5706261677951,176.30168443895326,166.30098294608675,175.61395263671875,268700.0
2021-12-16,179.0955735380302,179.0955735380302,168.81548324449676,170.96463012695312,175500.0
2021-12-17,169.7826123802806,174.0809063645915,166.93141376473656,172.84156799316406,401900.0
2021-12-20,170.80705055703342,171.55925426401637,166.71651317034656,170.31991577148438,163100.0
2021-12-21,171.72401207598188,175.35606478251836,171.21537581511984,175.0265350341797,117200.0
2021-12-22,175.28442021588737,181.07996147267835,174.4104438450895,180.65728759765625,570500.0
2021-12-23,180.23461700814653,181.96110094372062,178.7158900572853,179.7474822998047,103300.0
2021-12-27,182.6058380428857,185.46421819457294,180.70026949363765,183.5514678955078,260000.0
2021-12-28,186.25941623020242,189.84132808078323,185.93347187119173,187.30532836914062,181900.0
2021-12-29,188.4372411679821,188.8957145564128,185.00934860496693,187.8784637451172,144600.0
2021-12-30,187.33083987622325,191.63585107482763,187.33083987622325,188.12339782714844,120200.0
2021-12-31,189.19692394386107,191.293590797948,187.63344438508906,189.427490234375,466600.0
2022-01-03,190.39299727928855,191.1351147997591,177.14654804893945,179.33326721191406,318600.0
2022-01-04,178.8649472607306,179.6791195216314,172.02016579455963,172.29396057128906,299100.0
2022-01-05,171.47977239595912,171.47977239595912,161.35669959983323,161.9259033203125,434200.0
2022-01-06,162.12041950258097,166.42110983399849,156.35639395845678,163.7919921875,265000.0
2022-01-07,163.30205613875273,165.71574640794958,159.173575621781,160.36961364746094,306100.0
2022-01-10,155.85204488469185,157.45876393671784,151.7595920002116,153.39512634277344,374200.0
2022-01-11,151.71636841920088,157.41554053796312,148.70249342128764,155.51341247558594,250800.0
2022-01-12,157.07692729332814,161.14777771143451,155.29728318555925,155.3621368408203,179200.0
2022-01-13,156.10425554186293,158.51073404747623,151.35614119236647,151.8316650390625,131700.0
2022-01-14,149.95111515731452,152.55213202230146,147.99855773712554,151.21920776367188,204100.0
2022-01-18,148.8847924166329,151.18319956287834,145.80824043443556,148.3300018310547,222100.0
2022-01-19,148.3299996106699,149.86467504143607,143.24324845724686,143.646728515625,256500.0
2022-01-20,145.3543304126904,148.3804418805409,140.1955244757411,140.2747802734375,139500.0
2022-01-21,136.89562420775576,140.18111742970066,135.11598021353433,135.52667236328125,342500.0
2022-01-24,129.68341312622496,141.19344854029143,128.753957567795,140.23158264160156,429000.0
2022-01-25,138.0700580110081,140.13789907046905,133.9775933392637,137.0757598876953,214000.0
2022-01-26,140.48374229030256,141.8671074245437,131.00192641223245,132.16192626953125,260400.0
2022-01-27,133.0048978281772,136.3372251960884,128.25677328796795,129.4239959716797,215300.0
2022-01-28,129.40240207431074,134.70530700683594,128.24959235219333,134.70530700683594,236200.0
2022-01-31,135.38978132491565,142.7965545654297,135.38978132491565,142.7965545654297,211300.0
2022-02-01,144.03584300935532,145.04454341150682,139.07157482746214,142.8109893798828,229300.0
2022-02-02,146.47835147709867,147.52307926577097,141.19705994527484,142.35707092285156,194200.0
2022-02-03,139.77763184169243,141.04571361602189,138.3726526895078,138.6320343017578,113900.0
2022-02-04,137.472051351266,141.14661210641992,136.18234410456355,138.84100341796875,183700.0
2022-02-07,138.3366271406511,139.0355161885385,131.8737119619032,134.172119140625,300500.0
2022-02-08,133.92713380199956,135.4545970162283,133.2930874893736,134.25135803222656,202400.0
2022-02-09,136.89563803694875,140.9232491701053,136.89563803694875,140.79356384277344,184300.0
2022-02-10,137.80344853014438,143.15823364415937,136.42729566917208,137.91873168945312,232500.0
2022-02-11,139.2876685809901,141.20419852674777,134.61159936946473,136.0814208984375,212000.0
2022-02-14,135.18803032630973,138.69687768791653,134.69808239213876,136.1895294189453,156600.0
2022-02-15,137.60890607357345,140.02619116006812,136.92441925852495,139.3885498046875,97000.0
2022-02-16,139.38856001016669,140.57018487012417,137.11176715995376,139.33811950683594,102200.0
2022-02-17,138.33664204539653,138.51676788139312,134.15772045147347,134.59002685546875,121300.0
2022-02-18,133.67498162912418,135.71905361744618,131.70513019087673,131.92416381835938,136100.0
2022-02-22,129.76263106443784,133.30750549863197,128.2567710169681,130.38946533203125,170500.0
2022-02-23,131.13160143120123,133.12451823309306,127.86052126583039,127.91815185546875,215700.0
2022-02-24,122.01000942253694,133.12665392677275,121.76504097275092,131.98898315429688,282200.0
2022-02-25,130.32465211539312,137.65937109037313,129.70501878203655,137.26309204101562,209500.0
2022-02-28,135.72841493537427,138.3726607224818,131.49185202068026,135.7860565185547,247800.0
2022-03-01,135.87971020175044,137.61612573572108,131.93135532702672,133.29310607910156,176200.0
2022-03-02,133.91275172558161,138.4951534253109,133.6425629720457,137.0829620361328,143000.0
2022-03-03,139.201251548241,139.201251548241,133.37958288798626,135.07997131347656,183100.0
2022-03-04,133.6893670282783,134.77012179650364,129.481631102549,131.4774169921875,161600.0
2022-03-07,132.13310224981493,136.13909891464647,130.44712713444477,130.6200408935547,280700.0
2022-03-08,130.41111111853579,134.71251715483913,129.4297858717615,131.62155151367188,173600.0
2022-03-09,134.48193814952086,137.6161319394626,134.1144854199861,134.90704345703125,152100.0
2022-03-10,131.96739116819268,136.94607176449514,131.96739116819268,136.3912811279297,99000.0
2022-03-11,137.68819173905393,138.67888382484406,133.49485705153091,134.66928100585938,143500.0
2022-03-14,134.68369426466285,137.7494397265232,130.6200555592048,132.21957397460938,231700.0
2022-03-15,133.2931154983684,135.78606184721502,130.64166853206535,133.6605682373047,157100.0
2022-03-16,134.7341074816884,139.97937025172232,134.0064031584801,139.1796112060547,247200.0
2022-03-17,138.18532409470473,144.35643666402373,138.18532409470473,143.8052520751953,245400.0
2022-03-18,144.9868607851587,147.8616726087035,144.1006448973618,147.37893676757812,694900.0
2022-03-21,146.8818055736673,148.2435563931196,141.6149281237963,142.54437255859375,174700.0
2022-03-22,143.37296371246697,147.1700084019714,143.37296371246697,146.6512451171875,183300.0
2022-03-23,146.29096970111135,146.4026578152698,139.7415980363104,141.44198608398438,149100.0
2022-03-24,142.44352219025183,144.33124860345362,140.48375203233843,144.19435119628906,143100.0
2022-03-25,145.2894687106224,145.57767659263652,141.13000726208784,142.65243530273438,179700.0
2022-03-28,143.25766265833445,147.1772021012485,143.00476751251952,146.29818725585938,139000.0
2022-03-29,148.3660071835177,152.14864871731572,147.71755874675455,151.37771606445312,241500.0
2022-03-30,150.73838478782488,151.48673564053192,147.4470911306005,148.9219970703125,177500.0
2022-03-31,148.1590919795875,152.39490889447768,148.00652164030143,149.23439025878906,239300.0
2022-04-01,140.95168601653094,145.46359795721938,139.96357066079608,145.37640380859375,1420100.0
2022-04-04,145.37638398689936,151.55937399170992,144.24295998646218,149.11814880371094,976900.0
2022-04-05,148.94376327995172,150.73109331730453,144.83509596516143,146.1610565185547,488800.0
2022-04-06,144.41008518511404,144.42825571411012,139.8618543289322,141.30043029785156,659400.0
2022-04-07,140.12342488163196,142.0851215442905,136.95564402466314,139.9345245361328,304300.0
2022-04-08,139.94174941046657,141.82352407088177,137.23896410864103,137.3334197998047,227600.0
2022-04-11,135.32085709173455,136.32350645298538,133.50446974822134,134.6378936767578,259400.0
2022-04-12,135.3571955413474,137.8274780488467,134.52528698168885,135.68414306640625,258100.0
2022-04-13,136.33805705212356,137.94374866545243,132.6762243074545,133.27926635742188,290000.0
2022-04-14,129.9298218466895,132.61807291975367,122.7369212558788,123.2818374633789,1234600.0
2022-04-18,123.51434644204532,124.37167599590134,118.34127853869258,118.5011215209961,645100.0
2022-04-19,118.80630400317676,123.16563500485233,118.79176979565926,119.3875503540039,375800.0
2022-04-20,120.15767377570566,122.25014471235872,117.99980446107135,119.21315002441406,349700.0
2022-04-21,120.252120777915,120.97141425919081,114.71577491620748,115.3333511352539,385800.0
2022-04-22,114.99185805560556,116.07733357401655,112.31086844599791,112.61602020263672,296800.0
2022-04-25,112.61603442764215,114.31617060924503,110.85413618787508,113.92383575439453,314700.0
2022-04-26,113.2844833088723,113.62669683256911,106.35315171009528,107.13783264160156,388800.0
2022-04-27,106.07704100729859,109.66622485355343,106.07704100729859,107.54468536376953,315800.0
2022-04-28,109.12132290281696,110.43638598846857,105.14706523066587,109.54998779296875,328200.0
2022-04-29,109.15035935354348,110.40730754107962,104.98720212434769,105.0525894165039,284700.0
2022-05-02,105.16158270975333,106.78179737911834,102.10278104852311,104.9872055053711,394000.0
2022-05-03,105.03806629803584,106.39889358484358,103.61401355731714,105.0525894165039,248500.0
2022-05-04,106.72365035351082,108.97597501046542,103.8246922697038,108.06050872802734,375000.0
2022-05-05,107.5301371663232,107.92974462306248,100.59153488190209,102.16089630126953,473600.0
2022-05-06,101.10740222373053,101.10740222373053,96.31940716154415,97.3583755493164,516100.0
2022-05-09,95.55652088901105,99.06214670026766,94.49574566456134,94.7282485961914,447600.0
2022-05-10,95.49112496079974,97.97595298936871,90.62321388314813,93.44224548339844,380900.0
2022-05-11,92.83920153101177,94.779102145053,89.00299183123471,89.30814361572266,393100.0
2022-05-12,88.62518722395244,92.98451751342392,87.93495660221438,92.19983673095703,411700.0
2022-05-13,94.24872953347435,100.76592974168754,93.4713102461622,100.60608673095703,622500.0
2022-05-16,100.627862999546,101.38347528775842,96.66814064390947,96.74806213378906,222700.0
2022-05-17,98.02681348965416,99.02946308273286,96.07092617032947,98.83329010009766,279800.0
2022-05-18,96.95876538688339,98.04569329531337,91.38972602594261,93.07896423339844,299500.0
2022-05-19,93.07897304740659,97.04596871782607,93.07897304740659,94.53934478759766,279300.0
2022-05-20,95.86894250279484,96.4865187676653,91.46238962397534,95.331298828125,265100.0
2022-05-23,95.57831712960974,95.77449009335697,92.13662628148619,93.71833801269531,195700.0
2022-05-24,93.1734243908155,93.27514165522145,88.50893671756675,90.18001556396484,239500.0
2022-05-25,89.63508484266472,92.85372344497652,89.63508484266472,92.22161865234375,220600.0
2022-05-26,92.3814619578855,95.35307455227822,92.3814619578855,94.45940399169922,181500.0
2022-05-27,95.54199231133113,98.5935214074267,95.40394507333896,96.69721221923828,249500.0
2022-05-31,96.69720154785765,97.41649498342834,94.60473070261916,96.66814422607422,329000.0
2022-06-01,97.31478331994184,98.17211294118778,94.85176219074117,96.50104522705078,189000.0
2022-06-02,95.33127817622976,99.52349218118499,95.3240055315956,99.29100036621094,212500.0
2022-06-03,97.97596605636787,98.77154482963789,96.56862022160865,97.05323791503906,132600.0
2022-06-06,97.35837050050661,98.42277092025468,96.0142393090568,97.87422943115234,175400.0
2022-06-07,97.31477005036317,99.61794787064085,96.63180663566376,99.29100036621094,123000.0
2022-06-08,99.29827052220153,99.77779948293778,95.46206100901045,97.52547454833984,194300.0
2022-06-09,97.14769860718572,97.33659896408774,94.53935706894264,94.76458740234375,138200.0
2022-06-10,94.27051190210382,94.93894117636566,90.29625513770446,93.8927001953125,247800.0
2022-06-13,89.685955039067,91.05187650543806,84.54194407553926,85.3702163696289,449600.0
2022-06-14,85.50100439105631,86.9279563458629,81.57760574236022,83.03071594238281,371900.0
2022-06-15,83.67734962707715,87.09216192667321,83.3358678428,84.7308578491211,238800.0
2022-06-16,82.20243172421297,82.89265675247326,78.45341083094205,79.81206512451172,410800.0
2022-06-17,80.94551067672964,81.26519116845117,78.11920608699569,78.71498107910156,816300.0
2022-06-21,79.50690247320999,82.82725812545979,78.85300195832157,78.88206481933594,349900.0
2022-06-22,78.991069905177,81.7803126211289,78.72224252758124,80.59675598144531,276900.0
2022-06-23,80.64760610719249,82.95805126063905,80.0663598819428,82.61656951904297,190400.0
2022-06-24,82.89265416575248,87.24472244284561,82.74734538849783,86.6998062133789,637700.0
2022-06-27,87.89863514510344,87.89863514510344,84.83257185102256,85.23944091796875,212800.0
2022-06-28,85.96598595615762,87.1793314557236,82.07165077712673,82.6456298828125,196800.0
2022-06-29,82.03316923280214,84.8593560956586,79.8784808465656,81.64945983886719,330700.0
2022-06-30,80.57212099479521,82.64563924943202,78.95610178293953,81.07389831542969,268400.0
2022-07-01,81.01487691226711,83.44259361679441,81.01487691226711,82.60137939453125,184600.0
2022-07-05,82.37998352358127,83.83734954513895,80.16921128247859,83.64918518066406,190300.0
2022-07-06,83.64919912203189,84.71916280231413,81.6051920850841,82.37999725341797,144500.0
2022-07-07,83.40567882234915,86.59343880598591,83.40567882234915,85.75960540771484,175000.0
2022-07-08,85.35374911363019,87.1505574926048,84.20999600131113,84.62322235107422,136100.0
2022-07-11,84.19524291622352,84.36496411488737,81.69373699234716,82.06269073486328,128200.0
2022-07-12,81.93724216285987,83.75987442596004,80.76396641508262,81.84131622314453,187600.0
2022-07-13,81.04437478994616,84.29854364489432,79.76779245260938,82.35784912109375,143700.0
2022-07-14,80.4319065579534,82.7489353423592,79.70137980867555,82.09957885742188,153900.0
2022-07-15,74.09328566833845,74.50651201600482,69.76988530162558,70.61773681640625,1345100.0
2022-07-18,70.94980938504297,73.79075221953765,67.55838591761172,67.71039581298828,895800.0
2022-07-19,66.41166803805547,67.79893196590491,65.2162559866472,65.70327758789062,880400.0
2022-07-20,66.2640975257965,70.22665730380977,66.19620791717902,68.96483612060547,637800.0
2022-07-21,69.1050359898363,71.37779235839844,68.53684408280213,71.37779235839844,352100.0
2022-07-22,72.14521593662792,72.14521593662792,68.44092265392116,70.3152084350586,368200.0
2022-07-25,70.32996402508832,70.40744679189999,67.79156598109991,68.55899047851562,230700.0
2022-07-26,68.55160141589984,68.55160141589984,65.70327828393262,66.37477111816406,246000.0
2022-07-27,66.63305263955024,67.51853942933131,65.46715738350127,67.29716491699219,334600.0
2022-07-28,67.86534429623661,70.01265189697219,66.95771571957161,69.66584014892578,244100.0
2022-07-29,69.36331031352292,71.20069855293414,68.43945086344077,71.14167022705078,302700.0
2022-08-01,71.1711708362257,71.56226651119512,69.8864759558428,70.48491668701172,190000.0
2022-08-02,70.07907618484738,72.63961611094518,70.07907618484738,71.38516998291016,231300.0
2022-08-03,71.72460519582525,73.34209939166212,71.70099386779162,71.70246887207031,203400.0
2022-08-04,73.0454394937601,74.8975883282671,71.07522842287446,72.61007690429688,333300.0
2022-08-05,70.45540083961072,71.73935813581714,67.94577705834786,69.66584014892578,328800.0
2022-08-08,69.21572111805891,72.0345273541539,68.07564982824597,69.10503387451172,334000.0
2022-08-09,69.11241071055377,69.43339863231469,67.00937008859998,67.9981689453125,288300.0
2022-08-10,69.55515478114685,70.27830089794121,68.87332566981108,69.62894439697266,214500.0
2022-08-11,70.68415678911651,72.01976750001296,70.01265829327734,71.11214447021484,196900.0
2022-08-12,72.5363113177188,72.84623112432804,71.13797341753319,72.63961791992188,250700.0
2022-08-15,72.94953317759958,75.95281636531291,72.24852333067919,75.86426544189453,339200.0
2022-08-16,75.66503615047351,78.16727964129724,74.26744140938706,77.20726013183594,371100.0
2022-08-17,76.5578960485704,76.75712857804838,74.94187697141093,75.84212493896484,386700.0
2022-08-18,76.00447131439955,77.31794574314456,74.75740585732066,75.03043365478516,229800.0
2022-08-19,73.7907394402207,75.51744004082428,71.9658947691321,75.36248016357422,465300.0
2022-08-22,74.05638804595964,74.49470635318389,70.31151019576642,70.61773681640625,358700.0
2022-08-23,70.47756383451059,71.82055558199069,70.13074632541709,70.44066619873047,172700.0
2022-08-24,70.55870966129912,72.65067652540283,70.55870966129912,71.495849609375,152300.0
2022-08-25,73.16352269636032,74.30727583320451,72.2854110544979,74.08590698242188,217600.0
2022-08-26,74.0785204123096,74.1154180327184,70.60666488585487,71.09737396240234,182800.0
2022-08-29,70.65463523184073,71.51356054680535,70.10858531918299,70.25616455078125,207200.0
2022-08-30,71.2080615307219,71.41467469450116,68.63276637398212,68.97958374023438,210300.0
2022-08-31,69.87245601351984,70.19713145290943,67.67053939722013,67.68087005615234,392100.0
2022-09-01,66.83226765271898,66.8913015911508,64.54401851945862,65.4671401977539,396200.0
2022-09-02,66.81752472908612,67.24550678989293,65.48928900992759,66.60353088378906,209500.0
2022-09-06,66.89130741703757,67.25509297547971,64.95798798841,65.17198181152344,276800.0
2022-09-07,65.10557999014816,66.28623084221253,64.70710927199131,66.2567138671875,185100.0
2022-09-08,65.51142962308896,68.09410597850112,64.95799897550063,67.97604370117188,159500.0
2022-09-09,68.72131881940545,69.97576486278203,68.00555332163881,69.95362854003906,159400.0
2022-09-12,70.10119827072342,71.8869327071026,70.10119827072342,71.0235824584961,193200.0
2022-09-13,68.30072283836067,68.99140774639427,66.52236852317387,66.77325439453125,193000.0
2022-09-14,66.5739977763553,66.88391749246169,65.10556381974898,65.71064758300781,204800.0
2022-09-15,66.41167293166414,68.61801471160899,65.99844654606571,66.50759887695312,196300.0
2022-09-16,65.57783610782796,68.42246613150213,65.13508714075249,67.489013671875,829800.0
2022-09-19,68.82462403005528,75.98971018277254,68.16788686286158,75.49530792236328,943300.0
2022-09-20,74.46223142416233,74.46223142416233,70.73579715316733,70.94979095458984,467100.0
2022-09-21,71.34827956281221,73.7907516405835,71.06123358396863,71.5106201171875,416400.0
2022-09-22,71.62129527333227,71.94966386328929,68.67704612508261,69.51087951660156,533900.0
2022-09-23,68.25644842112469,68.95008332012551,67.02045102212432,67.93914794921875,362800.0
2022-09-26,67.8874906577322,68.6991877896389,66.11651151461648,66.21981811523438,383400.0
2022-09-27,67.17170053270158,68.29258527799901,65.67374961637474,65.94677734375,275900.0
2022-09-28,66.50759901667504,69.91673359438595,66.05747500436514,69.33378601074219,379900.0
2022-09-29,68.3181535619903,68.84478082236683,65.84302093552967,66.27184295654297,352800.0
2022-09-30,66.87369596436724,68.67550481406519,66.58029174804688,66.58029174804688,329100.0
2022-10-03,67.64858739282614,69.81000276046646,67.31530916215978,68.59651184082031,247000.0
2022-10-04,69.97326031506414,73.46025816192676,69.97326031506414,73.32860565185547,434100.0
2022-10-05,71.71111556540929,72.71922697606543,68.45356979642774,69.32626342773438,315200.0
2022-10-06,69.43912001203681,74.33671778984395,69.22094658071404,72.433349609375,844400.0
2022-10-07,71.45533098003854,71.67349865228779,67.80131232693915,68.55137634277344,547300.0
2022-10-10,69.41654761899362,71.40267723446104,68.6883060243918,69.88298797607422,277000.0
2022-10-11,69.31121624540935,71.62083763979628,68.25797319109155,70.61273193359375,298700.0
2022-10-12,70.71805748471621,70.8910935551131,69.37140442469538,70.02592468261719,173900.0
2022-10-13,68.19778693350803,70.94375518699786,66.65929441218874,70.1312484741211,209700.0
2022-10-14,71.65093846343744,72.10232921009516,67.43794859505743,67.79906463623047,221100.0
2022-10-17,70.53750167916853,72.78693613449109,70.13500785606078,71.10926055908203,253100.0
2022-10-18,73.28347395369423,73.98312585258078,70.77072285483571,72.07975769042969,195600.0
2022-10-19,71.44028448991509,71.65620219191361,69.36388032283334,70.3795166015625,261700.0
2022-10-20,70.3795048686472,71.8991880213745,68.58371710096404,69.40901184082031,199600.0
2022-10-21,69.82278920104665,71.3951403515245,68.49871066771598,71.1468734741211,1804900.0
2022-10-24,71.77883407327532,71.98195789152439,70.02592758126855,71.80892181396484,172700.0
2022-10-25,72.49353611744058,76.83441882180112,72.46344263678321,76.14981079101562,271200.0
2022-10-26,75.62318815558915,78.38420634389509,75.62318815558915,75.75860595703125,205700.0
2022-10-27,76.72155886588237,76.75917140376829,74.96865273963716,75.71344757080078,582000.0
2022-10-28,75.23198041219035,78.95596114669593,74.61507840240017,78.58732604980469,251300.0
2022-10-31,78.99357733421894,81.94266951049111,78.43686230108717,81.32576751708984,657700.0
2022-11-01,82.75518055526277,84.78644178208495,82.06304769543021,83.86109161376953,385600.0
2022-11-02,83.44730290377024,83.9438366796341,78.63245549364711,79.98663330078125,340100.0
2022-11-03,80.57342654226971,86.41895294189453,79.83615656197473,86.41895294189453,389800.0
2022-11-04,87.7505740232102,88.39756945885455,82.920682669465,84.3651351928711,271800.0
2022-11-07,84.93689048797452,86.49795148154172,81.68686979684759,82.82286834716797,185600.0
2022-11-08,83.84603014389535,84.95194104598247,81.35585371793316,82.43167114257812,232900.0
2022-11-09,81.06246160394781,81.5364210300804,77.3384807449544,78.06070709228516,260800.0
2022-11-10,81.15273350764348,87.60763260114068,81.15273350764348,86.47163391113281,349500.0
2022-11-11,85.85473274319975,87.59258954531458,83.7407103228054,84.9218521118164,232300.0
2022-11-14,85.0121336267957,85.0121336267957,82.01037936515495,83.04105377197266,165300.0
2022-11-15,84.63596111777923,86.82521406710265,83.5150064398808,85.80957794189453,204700.0
2022-11-16,85.08734871933606,85.95251743887957,83.73317683372922,85.6515884399414,142300.0
2022-11-17,83.66546411271433,85.29047724429681,82.69497111575421,84.6510009765625,225700.0
2022-11-18,86.82522803652161,87.08853880997042,84.20715269256578,84.50055694580078,188300.0
2022-11-21,84.50055297567442,85.67416993347388,83.13133127832704,84.3651351928711,173000.0
2022-11-22,84.2673357882011,88.382525689423,82.95829530637485,88.30728912353516,386600.0
2022-11-23,87.98379397651404,88.99943024823898,86.22336848638015,87.78067016601562,135600.0
2022-11-25,88.02140249007778,89.41319274902344,88.02140249007778,89.41319274902344,59800.0
2022-11-28,88.90161082787924,89.59374352183939,85.60645285813938,86.77254486083984,166500.0
2022-11-29,87.66028685806612,88.84895333366514,86.77254940334255,88.66087341308594,211200.0
2022-11-30,88.62326759999048,91.18867492675781,87.32927672982295,91.18867492675781,284800.0
2022-12-01,91.31656747960803,92.99424301619604,89.76679066033185,90.27084350585938,536800.0
2022-12-02,88.14177780300982,90.15798906588809,87.93864827206723,89.2853012084961,430300.0
2022-12-05,89.2251174620349,94.32584423487056,88.71353982388875,93.61866760253906,454900.0
2022-12-06,93.61867066025323,93.96699277272538,87.32927714928366,88.81134796142578,402600.0
2022-12-07,88.26213946516692,88.26213946516692,84.88422590668426,86.65217590332031,415100.0
2022-12-08,87.84836897082322,89.67650607406232,86.610805588017,87.86341857910156,235300.0
2022-12-09,87.47221173634014,88.00259851900977,84.19210302205153,84.41027069091797,399800.0
2022-12-12,83.14637606216438,83.60905684001548,82.05551472295441,82.67241668701172,331000.0
2022-12-13,87.00577783005399,87.43835937844699,82.12322439466729,84.95194244384766,534400.0
2022-12-14,85.01212941936848,87.8107597310023,84.65853822820321,85.78701782226562,208800.0
2022-12-15,84.2898948098636,86.4415294817022,83.13884665641538,85.85472106933594,360000.0
2022-12-16,84.26733384646175,85.28146051243561,82.26616062663481,84.41027069091797,609100.0
2022-12-19,84.48550448091996,85.1400189455157,79.19669217635878,80.0167236328125,504000.0
2022-12-20,79.0236608207328,79.9640604319757,77.6093018717312,78.369140625,427100.0
2022-12-21,78.9935774953025,79.31707523273018,77.81243566139109,78.86568450927734,552600.0
2022-12-22,78.07573660868803,78.19611051431741,75.36738686920789,76.9698257446289,355200.0
2022-12-23,76.89460303627817,77.98170487480985,75.87144768945491,77.6995849609375,269000.0
2022-12-27,77.21056761763094,77.21056761763094,75.4426174963869,76.5560531616211,338000.0
2022-12-28,76.73660915049629,77.5641596698568,75.4802366331198,75.69841003417969,255100.0
2022-12-29,77.75901950063941,78.32587505288404,77.15386044928236,77.9658432006836,298000.0
2022-12-30,77.0236290862016,77.77432849080704,76.5793342622474,77.63644409179688,244000.0
2023-01-03,78.13436479409296,79.25275794179127,73.92889914893061,75.2464599609375,401500.0
2023-01-04,76.17334212771513,77.16916869288936,75.00898369409603,75.99715423583984,370300.0
2023-01-05,75.63713999559053,75.63713999559053,73.15522610750779,73.89826965332031,228300.0
2023-01-06,74.56469492232779,76.78616335449037,73.4616254967376,76.76318359375,277800.0
2023-01-09,77.76666631572186,79.08422704677011,76.93936576922253,77.78199005126953,330800.0
2023-01-10,77.45260205317652,79.16849229247244,76.91638817973806,78.65525817871094,244300.0
2023-01-11,79.54383715115453,81.53550191794719,79.21598402813514,81.29037475585938,302800.0
2023-01-12,82.25556675106564,85.06687625603521,80.44009555952292,84.69152069091797,324400.0
2023-01-13,83.9791168659432,86.33080773166576,83.13649255941294,85.7486343383789,217000.0
2023-01-17,85.79460750613065,87.88968164804261,85.5647981840217,87.53347778320312,295100.0
2023-01-18,88.09267093012767,88.51398604185867,84.51534386976941,84.93665313720703,234700.0
2023-01-19,73.92124076875535,74.70258188207592,70.41285301668557,70.54307556152344,1632500.0
2023-01-20,70.05281014353731,71.56953845272838,67.16490562859266,68.19903564453125,1238100.0
2023-01-23,67.70112609863281,68.99570713448159,66.77423875825167,67.70112609863281,718400.0
2023-01-24,67.83901633044162,68.35225634340566,65.34178477349548,65.70947265625,690100.0
2023-01-25,65.4949879483626,66.2916528305702,62.04788331950141,66.2303695678711,780000.0
2023-01-26,66.64400177907385,67.17255952542608,65.2253291769258,66.19970703125,245600.0
2023-01-27,65.6635106379726,67.15725356297841,65.31114066192747,66.95809173583984,447000.0
2023-01-30,66.5291005656693,67.46364961953695,65.8396786534479,66.40653991699219,363700.0
2023-01-31,66.45250291817122,69.00336120515308,66.45250291817122,68.77355194091797,370000.0
2023-02-01,68.49013231145766,71.29377398769977,67.1725715648211,70.0681381225586,309000.0
2023-02-02,71.5235845805647,73.33905573011322,71.2095122795837,72.46578979492188,441200.0
2023-02-03,70.7958687510183,72.91009459889068,70.244331065113,71.3397445678711,282400.0
2023-02-06,70.21367800801897,71.43165189458048,69.79236297816246,70.46646118164062,213000.0
2023-02-07,70.1294270548697,71.2324965006596,68.44417249009891,70.0758056640625,276700.0
2023-02-08,70.24432970266247,70.73458411522633,69.13359832763672,69.13359832763672,145000.0
2023-02-09,69.70044755003725,70.37837970111124,67.14193293269426,67.39472198486328,179900.0
2023-02-10,67.17257803944324,68.09563157798293,66.33760969051785,67.61686706542969,288400.0
2023-02-13,68.20671318220681,68.98805435207547,67.4046832123162,68.95741271972656,165600.0
2023-02-14,68.57439908375667,69.85366235880075,67.83901746169126,69.01103210449219,161900.0
2023-02-15,68.75057117223166,69.60085725538704,67.76240070142156,69.34806823730469,231100.0
2023-02-16,68.25265715327981,68.50544617932532,67.0117034695881,67.03468322753906,235800.0
2023-02-17,67.36408990473178,67.36408990473178,65.03537840486005,66.4601821899414,473700.0
2023-02-21,65.97756121015037,66.21732912934768,63.633532617754035,64.16974639892578,369100.0
2023-02-22,64.34594528642049,65.10430657660844,64.03953485429324,64.3765869140625,391300.0
2023-02-23,64.65235866701958,65.21538618149607,63.388419229535764,64.82088470458984,251500.0
2023-02-24,63.96293455458137,63.96293455458137,62.201078929732006,62.921142578125,288100.0
2023-02-27,64.11613827484032,64.41488684957761,62.72197631130196,63.21223068237305,316700.0
2023-02-28,65.82435853880868,68.69694487238122,65.71328777206563,67.7240982055664,779900.0
2023-03-01,66.76658663780982,66.85084381523134,64.05869175076768,64.69065856933594,350300.0
2023-03-02,64.36892572305513,66.1231194750325,63.97442425999113,66.0848159790039,183500.0
2023-03-03,66.65168150266148,67.26602777228382,66.00056293946267,66.90446472167969,174000.0
2023-03-06,67.13427465664691,67.32807726929575,65.46434380020591,65.59456634521484,171000.0
2023-03-07,65.5256223404615,66.64401546183927,65.18857027714742,66.0848159790039,240800.0
2023-03-08,66.0541854656034,67.34876074569996,65.38774315386605,66.30696868896484,296100.0
2023-03-09,66.28397643728543,66.29930017174922,63.28882922177017,63.656517028808594,274600.0
2023-03-10,63.33480288002675,63.47268729953055,60.30135149523689,61.304840087890625,436100.0
2023-03-13,60.87585200159903,63.196900880675294,60.213243707554916,62.346614837646484,245300.0
2023-03-14,64.00889532449322,64.47616993383595,62.30296370577108,63.29649353027344,194100.0
2023-03-15,61.87168944587069,63.64120695917655,61.756790644734565,63.54928207397461,275700.0
2023-03-16,62.86751760880616,63.90164765826712,61.92530659395965,62.76793670654297,190700.0
2023-03-17,62.57643525903077,62.64307773260001,60.89884262962579,61.481021881103516,560500.0
2023-03-20,61.67252929681136,62.56494702364358,60.515832631627525,60.653717041015625,250000.0
2023-03-21,61.22057133034687,61.59362424611391,59.979617515296255,60.27836608886719,374700.0
2023-03-22,60.17113051133925,60.75330399169665,57.5666502108406,57.65091323852539,380500.0
2023-03-23,57.48237744562708,58.62375029415347,56.11119531610941,56.78529357910156,488000.0
2023-03-24,56.233766976204755,58.27904755608928,56.12039353003294,58.04157638549805,279300.0
2023-03-27,58.89953027332659,59.22892052164607,57.834758368262364,58.02626419067383,254800.0
2023-03-28,57.666227765126344,58.16414403301716,56.47123339762314,57.46706008911133,344700.0
2023-03-29,58.27904455066193,58.97459139603652,57.96497224368344,58.57779312133789,257100.0
2023-03-30,59.20538547728702,59.60547654103914,58.052185695703656,58.46011734008789,283800.0
2023-03-31,59.056325348743876,59.67607231805465,58.58641724851376,59.613311767578125,323000.0
2023-04-03,59.864347984308715,59.864347984308715,58.805289132013286,59.613311767578125,261100.0
2023-04-04,59.621160124845396,59.79374865125595,56.78915454010119,57.11079788208008,400000.0
2023-04-05,56.749928545109945,56.96174391620095,55.85561160871094,56.55380630493164,358400.0
2023-04-06,56.734240860786265,57.22062616647442,56.21648126392212,57.071571350097656,173400.0
2023-04-10,56.79700275623708,57.09510641086239,55.510441321279174,56.57734680175781,344000.0
2023-04-11,56.92252556835648,57.754088060721905,56.53812759609445,57.016666412353516,208300.0
2023-04-12,57.98942505778754,58.169860160064694,56.28708537555449,56.302772521972656,205400.0
2023-04-13,56.67932891845703,56.97743257679042,56.00858820573698,56.67932891845703,191500.0
2023-04-14,56.82053541491816,57.37752185636313,55.1887969473416,55.494747161865234,291300.0
2023-04-17,55.59674127122728,57.09511224829118,55.59674127122728,56.749935150146484,409500.0
2023-04-18,56.600885536230514,56.74993438418232,54.27095212555434,54.35724639892578,549400.0
2023-04-19,54.1297395526199,54.87500168862183,52.63920929544011,54.82793426513672,580700.0
2023-04-20,54.34939651803918,54.67888045890323,53.188356159229855,54.14542770385742,248300.0
2023-04-21,54.36508933680399,54.81930434367595,53.78456317556352,54.184654235839844,215600.0
2023-04-24,54.208185020866814,54.41607411293184,53.57353494729917,53.855167388916016,192800.0
2023-04-25,53.43939186078231,53.6433546877385,51.87825446990574,51.89394760131836,326600.0
2023-04-26,51.854716000964686,52.38032213672621,49.70443399519398,50.379878997802734,364800.0
2023-04-27,50.976091119829775,53.69042198306119,50.646601234619666,53.204036712646484,406500.0
2023-04-28,53.188355219550566,54.29056127843864,53.10990153343714,53.7767219543457,438800.0
2023-05-01,53.478610103220674,54.294479326667656,53.11539373162472,53.8080940246582,242000.0
2023-05-02,53.72964943786033,53.72964943786033,52.09007031588933,52.960853576660156,379700.0
2023-05-03,53.32957039566391,54.03560578089659,52.64706274007205,53.18836212158203,293700.0
2023-05-04,52.85102087649614,53.94146000022549,51.964544563340645,53.596282958984375,264300.0
2023-05-05,54.13758521034882,54.67103794654558,53.353096244481556,54.41215515136719,174600.0
2023-05-08,54.26310502803528,54.80440437657911,53.94303575269164,54.341552734375,295100.0
2023-05-09,55.99681442147018,58.68761153473733,55.871299312240104,56.036041259765625,519200.0
2023-05-10,55.69872690754174,56.640111447119565,54.52983980744428,56.58519744873047,623800.0
2023-05-11,56.043902816248654,56.79701162861188,55.07897859670955,55.588897705078125,331500.0
2023-05-12,55.52612632555784,55.819525620631644,53.290334039164314,54.45922088623047,364100.0
2023-05-15,54.57690041062915,55.42414998135402,54.35881256071553,54.882850646972656,383800.0
2023-05-16,54.75733678348734,55.094667306382206,53.9532343293009,54.25526428222656,245400.0
2023-05-17,54.18464860567659,55.8242335347656,53.564901650484124,55.19664001464844,402000.0
2023-05-18,55.11820591835433,55.62027846423706,54.67888795182429,55.424156188964844,281100.0
2023-05-19,56.0282020788106,56.14587662402961,53.109902086223876,53.25895690917969,404700.0
2023-05-22,53.26679755756367,54.79654851994466,53.26679755756367,54.56904602050781,213900.0
2023-05-23,54.65534727344442,56.20863812919225,54.51413901383098,54.9063835144043,252300.0
2023-05-24,54.561215954754104,54.561215954754104,52.960857570626466,53.274654388427734,216900.0
2023-05-25,53.180517253556765,53.486467526310406,52.37641472227269,52.4744758605957,179500.0
2023-05-26,52.39602085287893,53.10206214755139,52.16851832541913,52.921627044677734,137400.0
2023-05-30,53.48645897222315,54.09051285420875,52.40386633293978,52.678436279296875,208200.0
2023-05-31,52.3646439623498,52.78042220022787,51.36834550470858,51.8547248840332,284700.0
2023-06-01,51.79981171343189,52.43524593725701,51.1173100612276,51.39188003540039,316800.0
2023-06-02,52.348950475907294,54.16896460776413,52.027307132239244,53.949302673339844,363000.0
2023-06-05,53.737495146907634,54.05129193604155,52.45093369811691,52.9843864440918,234500.0
2023-06-06,53.08636588075406,55.816390063867,53.08636588075406,55.400611877441406,408400.0
2023-06-07,55.94975534256642,56.467520956394615,55.28294088838631,55.879154205322266,329600.0
2023-06-08,55.83992709491818,56.10665048124797,55.04759153140288,55.871307373046875,207300.0
2023-06-09,55.87130762946394,56.0360496015136,55.11035234058498,55.39276885986328,171200.0
2023-06-12,55.44768013530646,56.05958056871967,54.914227401145446,55.635955810546875,187100.0
2023-06-13,55.69871281263587,56.97350729602366,55.56535113389278,56.74208450317383,220300.0
2023-06-14,56.977436863733985,57.707011910894174,56.45496687540941,57.0009765625,278800.0
2023-06-15,56.78916175787615,58.02865589129282,56.31062295934411,57.895294189453125,265000.0
2023-06-16,58.460118572438894,58.99357134029499,57.983153897381165,58.57779312133789,605800.0
2023-06-20,58.44443412948508,58.86099642579336,57.72270564110695,57.895294189453125,310000.0
2023-06-21,57.714850455254215,58.326750864240715,56.781306711445,58.091407775878906,242800.0
2023-06-22,58.0521935897784,58.1934018676471,56.5859808714888,57.102962493896484,245100.0
2023-06-23,56.4832075493722,57.26769654311348,55.32216120515765,55.3770751953125,1148100.0
2023-06-26,55.37707734883664,57.71250510030089,55.37707734883664,57.32261276245117,234100.0
2023-06-27,57.63640341980367,58.77390998953027,57.33358944383501,58.49934005737305,280700.0
2023-06-28,58.52287642860327,58.79744637324333,57.51873149667622,58.562103271484375,295000.0
2023-06-29,58.47366957599256,60.009068617882654,58.184275056401326,59.72771453857422,244700.0
2023-06-30,58.9238433124809,59.65134677836236,57.93507766363632,58.69071960449219,381800.0
2023-07-03,58.771113020675195,60.290431401344286,58.6826865639751,59.7036018371582,143200.0
2023-07-05,59.687524107127885,60.08141985535933,58.755029204144584,59.245391845703125,188200.0
2023-07-06,58.43348533177581,58.93188228278915,57.23571106839964,58.59425735473633,196600.0
2023-07-07,58.42544898725988,58.827385205902814,58.02351276861694,58.40937423706055,192600.0
2023-07-10,58.32897979027851,59.41421244433321,57.98170754888251,59.1006965637207,159500.0
2023-07-11,59.116778764356866,60.99783729161176,59.116778764356866,60.941566467285156,208400.0
2023-07-12,62.4367626057685,62.754295611682345,61.287224924742326,61.367610931396484,290300.0
2023-07-13,61.60878193089345,61.95043016346439,60.45522696791275,61.10234451293945,333900.0
2023-07-14,60.92548906656901,61.49623772649481,60.69236533791318,60.893333435058594,161600.0
2023-07-17,60.78882813510784,62.20363902784639,60.298465520480086,61.833858489990234,192700.0
2023-07-18,62.03482242831095,63.12004878062016,61.94639598679121,62.93516159057617,225200.0
2023-07-19,63.50591483088379,65.2583567766027,63.50591483088379,65.0734634399414,309800.0
2023-07-20,64.7117319201277,64.7117319201277,62.94321499168363,63.2647590637207,240000.0
2023-07-21,63.79532575594807,64.26157330467042,63.337118649944614,63.441619873046875,151200.0
2023-07-24,63.449658391552,64.0380948929007,63.28004246699835,63.69082260131836,192800.0
2023-07-25,63.61042449828579,63.92393426184815,62.21168815831063,62.30815505981445,204900.0
2023-07-26,62.09111026552978,62.975368790096674,62.09111026552978,62.55735778808594,179300.0
2023-07-27,62.951235035525286,62.951235035525286,59.980123834482605,60.22610855102539,292000.0
2023-07-28,60.60393240804132,61.833856049845,60.60393240804132,61.72935485839844,177300.0
2023-07-31,62.11522706148322,63.78728337877641,62.06699667275419,63.69082260131836,299200.0
2023-08-01,63.28083330245515,63.33710412245901,61.77758977798136,62.51715087890625,193000.0
2023-08-02,61.69720946614964,62.05091530058689,60.82661547072376,61.544471740722656,315600.0
2023-08-03,61.11841187754614,63.49787322315412,60.66020489770033,62.52518844604492,283600.0
2023-08-04,62.70203384781223,64.02842425197377,62.27598254782797,63.12004470825195,186500.0
2023-08-07,63.481803688222385,65.51559985583167,63.103982683224366,65.1217041015625,221900.0
2023-08-08,64.67153941198298,65.88538858997902,63.940018634768684,65.837158203125,223000.0
2023-08-09,66.06224729030633,66.44006837516315,65.05740658933006,65.82108306884766,212900.0
2023-08-10,66.1747831772239,66.92238483876314,65.28248422206224,65.837158203125,202600.0
2023-08-11,65.2744420425156,66.54536544661066,65.2744420425156,66.15870666503906,139000.0
2023-08-14,65.91754014422433,65.91754014422433,64.59677953940326,65.6603012084961,150600.0
2023-08-15,64.85642103396023,65.03327393113345,64.16509032667904,64.59918212890625,122500.0
2023-08-16,64.50272510726852,64.83231576297759,63.65866269580664,63.80335998535156,149200.0
2023-08-17,63.811372201342735,64.15302033513952,62.935154458563154,63.18435287475586,176600.0
2023-08-18,62.412659289260084,62.91106243821721,61.25508094745533,61.31135177612305,337400.0
2023-08-21,61.15860328758473,61.86600867166275,60.13768207828382,61.63288497924805,257200.0
2023-08-22,61.99464535473428,62.292074235129895,61.01391998756377,61.086265563964844,191300.0
2023-08-23,61.31133564948227,63.02117722645876,61.094292834012535,62.814579010009766,137500.0
2023-08-24,62.70204826950559,63.153821720271765,61.43192838390689,61.50428009033203,159600.0
2023-08-25,61.98660559587851,62.28404061261087,61.05411060270254,61.5123176574707,106900.0
2023-08-28,62.21971859570761,63.103976918269,61.906208882554566,62.17148208618164,133100.0
2023-08-29,62.12324688787975,63.634530652504615,61.777581572892004,63.208473205566406,117500.0
2023-08-30,62.90301982807632,68.14426555482133,62.846749001348044,67.57351684570312,654300.0
2023-08-31,67.43686015681877,71.9867812228076,67.43686015681877,70.1619873046875,574500.0
2023-09-01,70.53980885722943,71.30348524633433,69.69574031511543,70.51569366455078,251400.0
2023-09-05,68.6908973813094,69.7600491958995,67.66998208348531,68.9561767578125,254700.0
2023-09-06,68.95616415395654,70.88545887933947,68.73108089372265,70.64429473876953,261300.0
2023-09-07,70.3709918761836,71.72149777738402,70.04944168388639,71.0462417602539,213100.0
2023-09-08,70.98996740100975,71.70059273861933,70.98996740100975,71.22309112548828,175900.0
2023-09-11,71.32759851090167,71.86619153005584,70.70057290681976,71.81795501708984,215600.0
2023-09-12,71.62502152567872,72.2681218262854,69.44251114999071,69.7278823852539,274700.0
2023-09-13,69.6796545181882,70.10409901461479,68.15390271056282,68.94812774658203,217500.0
2023-09-14,69.47063271212731,70.1780441596401,68.61451300611957,69.5590591430664,205100.0
2023-09-15,69.37419486811174,70.62019348541448,69.2399483161941,70.02532958984375,514800.0
2023-09-18,70.11376105521819,70.16199144306803,68.86775621590606,68.9159927368164,155700.0
2023-09-19,68.97225026626404,69.69734347133964,67.88701768443657,68.14425659179688,175800.0
2023-09-20,68.98028513613858,69.39026175632429,68.07995201956993,68.13622283935547,138200.0
2023-09-21,67.56547923234257,67.56547923234257,65.41833178285064,65.5156021118164,217000.0
2023-09-22,65.75675957780595,66.25515650126958,65.11767640917432,65.52363586425781,167000.0
2023-09-25,65.24228843337816,66.80983719632653,64.55095766278046,65.5156021118164,206100.0
2023-09-26,64.95288891067871,65.72701592990305,63.77360585671415,63.85158157348633,247500.0
2023-09-27,64.51879976278525,65.10562317319132,61.01391565042973,62.316184997558594,492100.0
2023-09-28,62.46433302075884,63.04206295024033,59.84725009486605,60.324581146240234,595700.0
2023-09-29,61.377985683040905,62.87581234527552,61.13108862533673,62.266807556152344,268700.0
2023-10-02,61.92937775805493,62.768816394870974,60.45623964662693,61.13108444213867,231700.0
2023-10-03,60.579703468683306,60.96650600018757,59.25470199129192,59.75672149658203,195500.0
2023-10-04,59.90484919593329,60.299876965012295,58.51400786992907,59.87192916870117,261900.0
2023-10-05,59.699101902947206,59.954224257600934,58.7279831053857,59.37813949584961,153000.0
2023-10-06,59.09010575818406,60.90066351325271,58.60043049964331,60.448020935058594,209200.0
2023-10-09,59.99537924165944,62.11044238452087,59.8069131797155,61.67426300048828,190400.0
2023-10-10,61.8224040859954,63.28731089886526,61.8224040859954,62.711219787597656,180600.0
2023-10-11,63.525970356129655,64.35717749529016,62.538388378994256,62.55485153198242,274600.0
2023-10-12,62.38202486954174,62.38202486954174,60.96649512540334,61.74832534790039,150200.0
2023-10-13,62.27503751993321,62.719448489789215,61.723641165777096,62.118675231933594,127000.0
2023-10-16,62.86758911605491,64.60408149026722,61.82651747715063,63.89631652832031,207400.0
2023-10-17,63.36137091790231,65.2657533814497,63.36137091790231,64.72752380371094,204700.0
2023-10-18,64.16788953842865,64.1958681056508,63.05768793565631,63.25437927246094,130500.0
2023-10-19,63.0321733032184,63.35725463169148,61.75655527536816,61.86354064941406,147800.0
2023-10-20,62.28327248799536,62.28327248799536,60.70314869504269,60.73606872558594,193900.0
2023-10-23,60.38218125402128,61.081714578386766,58.472863592333226,58.55516052246094,445400.0
2023-10-24,59.19707702251139,60.26612699138677,59.04894005762388,60.077667236328125,546500.0
2023-10-25,59.230018395512005,59.484318288596235,57.8474083178092,58.45641326904297,367800.0
2023-10-26,58.45639709116656,59.60446023485647,58.16012313659193,59.147705078125,239100.0
2023-10-27,59.3123058906558,59.460442885330494,57.246619542373594,57.600502014160156,348200.0
2023-10-30,58.33295536515732,58.992165932776814,56.851591698412236,57.740413665771484,195000.0
2023-10-31,58.11075293924284,59.18474457873008,57.2960026096209,59.11479187011719,199800.0
2023-11-01,58.96665096238736,59.871929743982776,58.11898065928838,59.74024963378906,194400.0
2023-11-02,62.41493642058914,64.44770246216581,61.73597895014963,63.91276931762695,355000.0
2023-11-03,65.21308006682615,67.11417241084729,65.1307831375578,66.32410430908203,314100.0
2023-11-06,66.80143074054116,66.80143074054116,64.82627317832835,65.30360412597656,207700.0
2023-11-07,65.19662845657294,65.80563331695448,64.4477118984,64.5876235961914,160900.0
2023-11-08,64.52178324631451,64.90611188174837,63.08156489831131,63.63296127319336,159700.0
2023-11-09,64.15966770856105,64.15966770856105,61.567273486456656,61.83062744140625,261400.0
2023-11-10,62.332647303475305,62.793521436767136,61.54258543350108,62.38203048706055,172100.0
2023-11-13,61.591957697436605,62.17628032738392,60.110594157421986,61.196929931640625,233300.0
2023-11-14,63.60826175516313,66.37348100460181,63.60826175516313,65.57518768310547,267300.0
2023-11-15,65.76448508420513,67.55857955598492,65.66490246835545,66.42286682128906,312200.0
2023-11-16,66.18420655987646,66.53808904764745,64.31604030601365,64.34072875976562,203200.0
2023-11-17,65.22954377824685,65.55873777699084,64.6369958362783,64.77690124511719,166800.0
2023-11-20,64.69461094291154,66.48048024957404,64.0938313627417,66.29942321777344,181200.0
2023-11-21,66.00313684886675,66.14304852467599,65.2213066622484,65.29537200927734,121800.0
2023-11-22,66.15127758961899,66.60392011008662,65.5389826712053,65.83854675292969,175600.0
2023-11-24,66.003139197037,66.57346624909064,65.63362242075075,66.15950775146484,47000.0
2023-11-27,65.79740169984991,66.67387944998532,65.63280782812338,65.78094482421875,140200.0
2023-11-28,65.23777454580433,65.89863018804071,64.27488719880033,65.8138656616211,145600.0
2023-11-29,66.6615309670506,67.87954688815637,66.21712000714119,66.34056854248047,150700.0
2023-11-30,67.02364726389196,67.27053806406998,66.03606522661924,67.20470428466797,212500.0
2023-12-01,66.86726930671774,69.33621463496578,66.52161846768766,69.07286071777344,237500.0
2023-12-04,68.71898588059275,71.86277636074239,68.65232329453188,71.82162475585938,348900.0
2023-12-05,71.25377698191596,71.7969417905259,69.01526512846618,69.72303009033203,273300.0
2023-12-06,70.47194000180961,71.52124321231938,69.83001510470353,70.10160064697266,270600.0
2023-12-07,70.08514686054497,71.13033118903402,69.63250427014376,70.67768859863281,281600.0
2023-12-08,70.4390098251163,72.95733842336385,70.4390098251163,72.32363891601562,390900.0
2023-12-11,72.01091985594876,73.06433573608201,71.66526894756515,72.87505340576172,371700.0
2023-12-12,72.83389180141157,72.83389180141157,71.64879595947765,72.3730239868164,268200.0
2023-12-13,72.63637651813298,77.06401640831346,72.47177638834658,76.57022857666016,417200.0
2023-12-14,79.00625625776357,81.60688187343112,79.00625625776357,81.31060791015625,403700.0
2023-12-15,80.98141344346024,81.78793212185471,80.05143995576572,80.89911651611328,739200.0
2023-12-18,81.13777842715638,81.96076028577292,80.20698865752567,81.06371307373047,298600.0
2023-12-19,81.47520990917246,83.21993383630169,81.38468139585397,82.51216888427734,253600.0
2023-12-20,82.29819005701859,84.33095635604352,80.79213167205027,80.86620330810547,303600.0
2023-12-21,82.25704554828383,82.47925419676984,81.06372420102862,82.0101547241211,158600.0
2023-12-22,82.71791372134706,84.22396584816246,82.25703958107259,82.90719604492188,192900.0
2023-12-26,83.43390092451001,85.46666717736781,82.7096791288437,85.42552185058594,252400.0
2023-12-27,86.05922174186016,86.47071271438102,84.92350891808998,85.367919921875,270000.0
2023-12-28,85.01609405361272,86.42339592533646,84.60563287173136,86.13858795166016,180900.0
2023-12-29,85.40979567232915,86.25585370350461,84.45484161376953,84.45484161376953,207000.0
2024-01-02,83.75120193508019,85.15012521156008,82.81299856393245,84.7647933959961,212900.0
2024-01-03,83.3407238039359,83.76794209811258,81.0287332035385,81.22977447509766,333300.0
2024-01-04,80.95335058716498,81.89155397680982,79.24448355119817,79.86436462402344,337300.0
2024-01-05,78.6916129530895,80.42560923331871,78.05497475430862,79.41201782226562,185300.0
2024-01-08,78.85914298566499,80.93659083564724,78.48637588570493,80.28319549560547,257600.0
2024-01-09,79.40362616802614,79.57953806419707,78.54918965406878,78.67484283447266,135500.0
2024-01-10,78.9596674754904,80.05702552000619,78.61202973361232,79.0434341430664,194800.0
2024-01-11,78.67484890116721,79.19421243775828,77.06650596273819,79.0601806640625,282200.0
2024-01-12,80.3083314248663,80.60989653909382,78.0801010131836,78.0801010131836,258700.0
2024-01-16,77.69476986436297,78.74186918868052,77.1804360055835,78.5240707397461,350400.0
2024-01-17,76.80683880797908,78.51570583071874,76.14507120669845,76.90735626220703,231300.0
2024-01-18,77.43509283091691,77.50126511254254,75.39953144795705,76.83196258544922,266600.0
2024-01-19,77.42670747652835,79.24866273448563,76.40641202079334,78.85913848876953,237500.0
2024-01-22,79.79734207773056,81.02873182823022,79.7504322354634,80.71878814697266,306300.0
2024-01-23,81.89991199119622,82.1595969506398,79.24446983140264,79.99838256835938,219100.0
2024-01-24,81.2884157811755,81.30516655838566,77.99633523899408,78.28114318847656,279400.0
2024-01-25,79.64656813843537,80.02352135583163,77.69477337585718,78.4403076171875,207900.0
2024-01-26,79.04343733726951,79.20678458248916,78.49894438954159,78.92616271972656,188800.0
2024-01-29,79.21934100358084,81.14600618973343,78.89013488944555,80.96171569824219,180500.0
2024-01-30,80.19942803317701,80.98684875422029,79.62143356373969,80.35858917236328,121500.0
2024-01-31,80.41721648960629,80.9323874932667,78.01307448754741,78.09684753417969,265200.0
2024-02-01,78.43191232403537,79.74706859900492,76.71885965080486,79.62142181396484,246700.0
2024-02-02,78.35653873926876,79.54185596150982,77.69477118810659,79.0350570678711,143000.0
2024-02-05,77.51048949251299,77.62022914612676,76.0194208823376,76.10318756103516,242400.0
2024-02-06,76.10317975187594,77.30106166819793,75.82255789199117,75.96915435791016,219100.0
2024-02-07,75.80999847598687,76.18695171311879,74.93797376686032,75.35765075683594,153800.0
2024-02-08,75.34926073492097,76.7188683663239,75.17586048268362,76.48013305664062,163000.0
2024-02-09,76.35449207232509,77.2508089329743,75.80999908797084,76.7314453125,190800.0
2024-02-12,76.74819002597908,78.16889359289955,76.38798762319001,77.37644958496094,193600.0
2024-02-13,74.53671120673013,75.73459293016477,73.3136937344238,74.40267944335938,325900.0
2024-02-14,75.39114439387839,76.11992775710769,74.18488403846065,75.18172454833984,190500.0
2024-02-15,76.07804901683072,78.48219139038933,76.07804901683072,78.2141342163086,215300.0
2024-02-16,76.50527691102775,77.49373906248556,76.09480931888001,77.06652069091797,173200.0
2024-02-20,75.89376482834881,76.3838065909262,75.4330449172615,76.25396728515625,151600.0
2024-02-21,75.96915613862927,76.87384514431922,75.24037267058571,75.71784973144531,157200.0
2024-02-22,75.64245908241793,76.2874694655667,74.95556216916108,76.27909088134766,160100.0
2024-02-23,76.19531922529073,76.60578035133975,75.65082632445775,75.99427795410156,135600.0
2024-02-26,75.48328963719428,76.334370918033,74.79639279946728,75.18172454833984,204800.0
2024-02-27,77.04975662158893,80.84444340896017,75.81836683951761,79.84760284423828,449300.0
2024-02-28,79.57955159566697,81.91667814102662,79.39526108520324,81.68212890625,301700.0
2024-02-29,83.1396912271304,83.5669095659856,81.95856005235059,82.08421325683594,342400.0
2024-03-01,82.21824255786001,82.41928384436034,80.65177962345234,82.26850128173828,222000.0
2024-03-04,82.20148065789228,83.34072520080029,81.51458377681422,81.74076080322266,195900.0
2024-03-05,81.00360204597483,82.0842093272372,80.51356032383035,80.82769012451172,172800.0
2024-03-06,81.8412790083419,81.8412790083419,80.55963048336606,81.01197814941406,199500.0
2024-03-07,81.95856304855654,82.11353810918189,79.90625073388902,80.90309143066406,192700.0
2024-03-08,81.69887370550514,82.7669162559088,80.36696648078038,81.15438079833984,259100.0
2024-03-11,80.6936720894244,82.00882871920243,80.2078164195732,82.00045013427734,170800.0
2024-03-12,81.8329093545169,82.74597690786105,81.33029656043287,82.55331420898438,210200.0
2024-03-13,82.46116974706464,83.33654326654482,81.67374899370176,81.82453155517578,204400.0
2024-03-14,81.82453271160425,81.82453271160425,80.41723091495308,81.12925720214844,201300.0
2024-03-15,80.10729001231564,81.60673711658013,80.10729001231564,80.97847747802734,420100.0
2024-03-18,81.69888182147945,83.09780507334472,81.10831623140287,81.4643325805664,226300.0
2024-03-19,81.25490096756515,82.54492799726755,81.0454811197106,81.75750732421875,240300.0
2024-03-20,81.57322421747118,83.36585776605054,81.07061781533449,83.30722045898438,201200.0
2024-03-21,83.76795275533001,85.8789023527298,83.55853287344169,85.69461822509766,340100.0
2024-03-22,86.23072120338783,86.73332757522898,85.10822746165539,85.87889099121094,296100.0
2024-03-25,86.13858148880315,88.63486273204036,85.8705243138719,86.75008392333984,429500.0
2024-03-26,87.1186619052803,88.14063184634247,86.45689437965831,86.76683807373047,296400.0
2024-03-27,87.86677129502895,88.97522735595703,87.14200380657508,88.97522735595703,226900.0
2024-03-28,89.49536197260815,89.53799765530475,87.83267443211032,88.28458404541016,255000.0
2024-04-01,88.67679326132651,88.67679326132651,85.80332175316538,86.01648712158203,210700.0
2024-04-02,85.26614396904554,85.26614396904554,83.75011203336055,84.69486236572266,210000.0
2024-04-03,84.20885431544545,85.18088793681153,83.76546667798196,85.13825225830078,146400.0
2024-04-04,86.15291875875802,87.43191100902706,85.43924280050472,85.68395233154297,156900.0
2024-04-05,85.26616241829441,86.5988755553478,85.26616241829441,86.084716796875,120200.0
2024-04-08,86.54515264945299,87.79003780840617,86.48291001782826,87.70477294921875,112500.0
2024-04-09,87.82414638174397,88.14815545367446,86.82653385304664,87.7218246459961,140900.0
2024-04-10,85.41111489243696,85.53048700157852,82.56748910450743,83.38178253173828,409700.0
2024-04-11,84.17474478592645,84.80571247793118,82.91280289662596,84.39643859863281,162100.0
2024-04-12,84.0468432436036,84.71191816839544,83.04667427707547,83.8166275024414,137500.0
2024-04-15,84.09800925032566,84.55844728392431,81.49739533583558,82.46942901611328,279900.0
2024-04-16,81.86404244548528,82.17100114343849,80.02655772917409,80.5679931640625,186600.0
2024-04-17,81.00285014352177,81.13927911893504,79.79207226054122,79.82617950439453,117500.0
2024-04-18,80.10756050678508,80.99432941550167,79.74091573207815,80.0478744506836,126600.0
2024-04-19,79.85176055533223,81.13245734841452,79.74943882089636,80.34630584716797,161200.0
2024-04-22,81.00284517120204,82.57173926039923,80.24397693160039,82.2818374633789,138400.0
2024-04-23,82.6911133326067,84.32822181570621,82.494998329547,84.0979995727539,119000.0
2024-04-24,83.98716214670083,84.4134929190191,83.41588047306425,84.149169921875,118300.0
2024-04-25,83.23681642108438,83.72283320681757,82.49499858800075,83.45850372314453,91100.0
2024-04-26,83.60346879982261,84.60960970371906,83.30503204873379,83.31356048583984,101500.0
2024-04-29,84.11506400686007,84.6394490436052,83.67594382486585,84.16622161865234,115600.0
2024-04-30,83.54378279930827,88.49774439830345,83.13450238676825,88.16520690917969,631200.0
2024-05-01,87.60245002867364,92.18124511376858,87.18805644344874,89.98137664794922,630800.0
2024-05-02,91.1750966090578,93.0935850293786,90.11438286771465,92.334716796875,331800.0
2024-05-03,93.79277692600219,95.25253188221711,91.60996529014497,93.34939575195312,287300.0
2024-05-06,93.34939655032323,93.70751286765163,90.56118942398618,92.00218963623047,233000.0
2024-05-07,92.5478880114381,94.71364918977201,92.13519882086754,93.3152847290039,194200.0
2024-05-08,92.52231008529918,92.52231008529918,90.85109416519616,91.83164978027344,215600.0
2024-05-09,89.52946230419512,89.95153211124835,86.9714776669324,89.3674545288086,398500.0
2024-05-10,89.02639140458461,90.24569111911944,88.41247407637981,89.04344177246094,163100.0
2024-05-13,89.18839607837158,90.28833024924998,88.88996583944132,89.78526306152344,137000.0
2024-05-14,91.05572501865765,94.18499125356291,90.5356009680799,93.98035430908203,433500.0
2024-05-15,95.44692448457765,96.9135032146591,95.44692448457765,96.39337921142578,295100.0
2024-05-16,96.00969771965478,97.93671481455404,95.55778809903633,96.94762420654297,227700.0
2024-05-17,97.68090459547008,98.69557391656471,96.78561387564365,97.14373016357422,180700.0
2024-05-20,97.1010937324862,97.29720874881076,95.84341926335016,96.21432495117188,127200.0
2024-05-21,95.72830313816068,96.75150083487391,95.22523597887715,95.94999694824219,181800.0
2024-05-22,95.83915898291004,96.3507546089791,94.64543151855469,94.64543151855469,109600.0
2024-05-23,95.06323122776122,95.06323122776122,91.2433112537128,92.05333709716797,230800.0
2024-05-24,92.70135990528435,93.29822035693087,91.9203216541063,93.17884826660156,99900.0
2024-05-28,93.21296325320469,93.63076560407555,90.34801983665002,90.39065551757812,174700.0
2024-05-29,89.52946428982716,90.98751478476937,88.76206758057035,90.38212585449219,208800.0
2024-05-30,91.14952720448223,92.26054647678016,90.57824548834073,91.20921325683594,134200.0
2024-05-31,91.85723502088494,92.32619498745105,90.63792869934647,91.89986419677734,132300.0
2024-06-03,93.06800501716823,93.33232800328997,91.71226983497928,92.18123626708984,172600.0
2024-06-04,91.57585638838584,93.1421940173149,91.37974135966937,91.9851303100586,122900.0
2024-06-05,92.14713485189732,93.83540760894174,91.44795263045886,93.38349151611328,177300.0
2024-06-06,92.90600246678103,93.09358905016099,91.76343910298154,92.1641845703125,120200.0
2024-06-07,90.80845250990882,91.77195769228754,90.52536825879722,91.13246154785156,128900.0
2024-06-10,90.14338624673978,92.10024307600631,89.96432808967865,91.20921325683594,123700.0
2024-06-11,90.45035024265503,91.8316579652394,89.99844060475806,90.75730895996094,199000.0
2024-06-12,93.17885193808263,93.79276928698953,90.79992546371403,90.85961151123047,124000.0
2024-06-13,91.04720205978762,91.87428482949376,90.26275497100531,90.61234283447266,143400.0
2024-06-14,89.95579098006948,91.3029977522257,89.95153001434491,90.91077423095703,144000.0
2024-06-17,90.28833071611,92.30914092495779,90.11780100877988,91.652587890625,141400.0
2024-06-18,91.66111581579486,93.21295956288319,90.95340517427276,92.4967269897461,135800.0
2024-06-20,92.55640915947873,92.9699505106742,91.83164167451115,92.67578125,136600.0
2024-06-21,92.40293400872109,92.92134718017232,91.36268588257859,91.85723114013672,368700.0
2024-06-24,91.85723897733062,93.76719918033237,91.6611239428454,93.7160415649414,115000.0
2024-06-25,93.55401754928747,93.93345164330712,92.28355378019673,93.21295166015625,111900.0
2024-06-26,92.40292983695495,93.63075798319069,92.31765848203922,92.89746856689453,109100.0
2024-06-27,93.71602757141628,94.21909472842206,92.76530532541506,93.8012924194336,143600.0
2024-06-28,94.61688304629752,95.25893980348587,93.12452954070875,94.7643814086914,439600.0
2024-07-01,94.53011854517267,95.32401618112058,92.92497324948134,93.48894500732422,162000.0
2024-07-02,93.67115675704396,94.31321359740015,93.08983493375362,93.3240966796875,128900.0
2024-07-03,93.70584836261325,94.79040679273609,93.3501100201157,94.3392333984375,68100.0
2024-07-05,93.78394387876493,94.92056574196798,93.78394387876493,94.34791564941406,122800.0
2024-07-08,94.59952695261117,95.64070705585223,94.37306976713572,94.72967529296875,103600.0
2024-07-09,94.5388049602635,94.9032150677453,93.62343722052346,93.68851470947266,110800.0
2024-07-10,94.05291741005793,95.05938428759647,93.7058573551888,95.05071258544922,114100.0
2024-07-11,97.17643696629895,100.21320062149579,97.06364527074035,99.55378723144531,282100.0
2024-07-12,100.46482754702834,102.80747134733838,100.13512413368412,100.71644592285156,283400.0
2024-07-15,101.51467788654382,103.73585162629581,100.96806277329483,102.92893981933594,224500.0
2024-07-16,103.83997709449484,105.69674085649925,102.95498020460181,105.59262084960938,294200.0
2024-07-17,105.21952398172945,107.41467593491006,103.85731877752646,104.2651138305664,209400.0
2024-07-18,104.68158863694194,106.38217558509494,101.26305809750082,102.21746826171875,218200.0
2024-07-19,102.38232697309638,103.13544114580422,101.46262344229444,102.6252670288086,129100.0
2024-07-22,103.24997442336849,105.92232829127038,102.47776926187257,105.5318832397461,152200.0
2024-07-23,105.24555409470167,107.58819768680861,104.75966741025876,105.92231750488281,191000.0
2024-07-24,104.79437521472748,107.07629044317225,103.18923002344478,103.69246673583984,178900.0
2024-07-25,103.93541224993406,106.5643810272621,103.77923555922052,104.75967407226562,172400.0
2024-07-26,106.28673977347408,106.92879659289774,104.92713598617576,106.65982818603516,143100.0
2024-07-29,107.13703762162294,107.84850778493477,105.78350401317053,107.17173767089844,119700.0
2024-07-30,107.17172949097983,107.70099456690792,106.19129099308373,107.20643615722656,133900.0
2024-07-31,107.51011899251094,108.8419533985547,105.85291041434428,106.55570220947266,230000.0
2024-08-01,106.72055996265274,108.39338426690668,103.84865107705812,105.45379638671875,205200.0
2024-08-02,102.53850185324276,103.20658699462179,100.41276978378052,102.13070678710938,276900.0
2024-08-05,93.29372317890234,99.35336941582315,92.83820728651652,98.18291473388672,437600.0
2024-08-06,98.94643956270376,101.94849662645612,98.94643956270376,99.43231964111328,222300.0
2024-08-07,100.58629764195577,100.64703265549755,97.35865036317475,97.95732879638672,186800.0
2024-08-08,98.84232176776815,100.9333537310802,97.17644150215425,99.70996856689453,193800.0
2024-08-09,100.06569708563231,100.56025544768572,99.02451705735943,100.43010711669922,141200.0
2024-08-12,100.47350594991937,100.96806438014477,98.70350561552848,99.30217742919922,137000.0
2024-08-13,100.36938501999867,102.06129368156172,99.5190882185337,101.7315902709961,112700.0
2024-08-14,101.94849490979816,102.34761162743112,100.23055140208984,101.11555480957031,104400.0
2024-08-15,102.50379424333825,104.00048367600193,101.88776579874931,102.38232421875,123000.0
2024-08-16,102.15672785067294,103.38011296186703,101.55805608654896,102.49510955810547,158700.0
2024-08-19,102.28688357536747,104.70154219813895,102.09600021490428,103.72718048095703,121000.0
2024-08-20,103.79657562864439,104.60348735001102,102.97231388536007,103.71849060058594,133700.0
2024-08-21,103.89203061502532,106.23468105134555,103.89203061502532,106.14791107177734,206100.0
2024-08-22,105.87027014130972,106.06983183776836,104.4213014300671,104.88983154296875,86300.0
2024-08-23,105.52321366672088,108.5339427153033,105.03732692299425,107.9873275756836,202300.0
2024-08-26,108.6293729675587,110.50175882805789,108.10878622942793,109.57511138916016,187100.0
2024-08-27,108.45585459492791,108.68144462597897,106.6511475857595,106.9635009765625,172800.0
2024-08-28,106.33011991501355,108.75084870562235,106.33011991501355,107.3192367553711,86000.0
2024-08-29,108.21291509068834,108.21291509068834,106.30061938741359,107.34526824951172,128800.0
2024-08-30,107.58820618862505,108.64933788380286,105.4971741651221,107.83114624023438,152100.0
2024-09-03,107.0155549007895,107.80511667923807,105.27158957013295,106.30408477783203,155700.0
2024-09-04,106.32144265953613,107.80511793495047,105.2394856396388,105.4885025024414,99700.0
2024-09-05,106.09585256374567,106.77522415747912,104.7596756606307,105.65335083007812,141500.0
2024-09-06,105.63599658343227,106.1999683203273,103.68379130776309,104.69893646240234,125900.0
2024-09-09,104.62085615425678,106.65982487701581,104.62085615425678,106.45159149169922,122400.0
2024-09-10,106.70321189961086,108.39078474817515,106.4949718907061,108.30835723876953,140600.0
2024-09-11,107.57952616683205,108.94173139436045,105.65769165923447,108.93305969238281,139400.0
2024-09-12,108.9677627408286,110.13041294097711,108.2302642556077,110.12173461914062,115000.0
2024-09-13,111.05879595445991,112.3168812295335,111.05879595445991,112.06526947021484,186000.0
2024-09-16,112.57717322292203,115.31894031081686,112.57717322292203,115.24952697753906,275300.0
2024-09-17,116.1345279350278,116.792200387802,114.82437281129536,115.95231628417969,209400.0
2024-09-18,115.61393842524095,119.27540905402002,115.52716844780001,116.95879364013672,170100.0
2024-09-19,119.2146665008692,119.73525988301294,117.47937287937626,117.7223129272461,220600.0
2024-09-20,117.13231476875657,118.06070317398077,116.45555134256512,117.05422973632812,561200.0
2024-09-23,117.83510884651938,119.4836456968675,117.83510884651938,118.67672729492188,134500.0
2024-09-24,118.67671847734404,120.03893019606411,117.9131851196289,117.9131851196289,137800.0
2024-09-25,117.74835133775025,118.1995181349246,115.37966607600798,116.18658447265625,167300.0
2024-09-26,117.93922075278547,118.47717076044663,117.01084558021088,117.54878234863281,202700.0
2024-09-27,118.4337969183584,119.64849723208127,117.63903207331101,117.84380340576172,206600.0
2024-09-30,118.02858089147279,119.49810677529113,117.47420394697015,118.4421615600586,149900.0
2024-10-01,118.62695897054631,118.7941528896116,115.72309921449666,116.5942611694336,156200.0
2024-10-02,115.59989801182635,116.91455611530829,115.37727714843275,116.51506042480469,106200.0
2024-10-03,115.74068366280231,116.94621983667584,115.25231422374716,116.11907196044922,103500.0
2024-10-04,116.61185385552945,116.8318430082912,115.1599173910585,115.68789672851562,92500.0
2024-10-07,114.92233546894659,115.67029051058552,113.3296027700102,113.85758209228516,115100.0
2024-10-08,114.39435647459395,114.41899515164883,112.07127161865431,113.96317291259766,203900.0
2024-10-09,114.39435857896618,115.5647024741381,114.22100164964336,114.71114349365234,134200.0
2024-10-10,114.39435458961714,114.7199342252477,113.04802210592045,113.98077392578125,97300.0
2024-10-11,114.61435092546127,115.26552366465724,114.30636073448704,115.15991973876953,91400.0
2024-10-14,115.27431784504975,116.7790495813207,114.5272355299515,116.31266021728516,150500.0
2024-10-15,117.07823932405101,120.38246753733203,116.92335803231192,117.7206039428711,215500.0
2024-10-16,118.60934648752449,120.36046498895301,118.58911188941494,119.33091735839844,138800.0
2024-10-17,119.51571018657046,119.51571018657046,116.38305345561376,116.60304260253906,185200.0
2024-10-18,116.97263016287913,117.39501901920612,115.95189066110424,117.19261932373047,117000.0
2024-10-21,116.8934277111379,117.45659937969737,114.76833849932099,115.18630981445312,124400.0
2024-10-22,114.957525496457,116.1630616978494,114.86952446883598,115.69668579101562,103600.0
2024-10-23,115.5910974114238,116.46225926333045,115.27431250410066,116.44465637207031,81600.0
2024-10-24,116.91103171076253,117.63699320356798,116.0530686747649,117.57099914550781,103000.0
2024-10-25,118.44215845669528,119.06516114934227,115.89027637408525,116.04867553710938,79400.0
2024-10-28,117.07823476031034,118.0945836150923,117.07823476031034,117.44781494140625,60500.0
2024-10-29,116.80544725078393,117.79099437424338,116.15427451445677,117.69419860839844,73800.0
2024-10-30,117.47421247774881,119.48051256050633,115.71429918220201,116.03987884521484,101100.0
2024-10-31,115.94307631952982,116.44465802452265,113.5056062147496,113.68159484863281,172200.0
2024-11-01,114.6583533220545,115.28311501971655,111.53450455252579,111.7544937133789,142900.0
2024-11-04,111.75449125612899,115.2048057979969,111.4843452707491,114.94873809814453,139800.0
2024-11-05,114.3943578452477,116.720960621919,114.32220075964584,116.45345306396484,113200.0
2024-11-06,117.03423117040617,118.18697220127181,105.59479504096798,108.23466491699219,747800.0
2024-11-07,99.61108863962352,99.86627687002051,93.15221014546215,96.85682678222656,859800.0
2024-11-08,97.23520087929182,99.12886779183115,92.54503075504209,93.60098266601562,652800.0
2024-11-11,93.28420496175688,97.07681591863492,93.23140299833578,94.80652618408203,383200.0
2024-11-12,93.75057524194187,93.75057524194187,89.86116875286646,91.48028564453125,470300.0
2024-11-13,92.30744759049003,92.87061927074349,89.1598398081613,90.68832397460938,478700.0
2024-11-14,91.07551566801995,92.56264459392611,90.19555899489899,91.04911804199219,217300.0
2024-11-15,91.78826657769703,91.89826114764003,89.59717662422264,89.95796203613281,217400.0
2024-11-18,89.75557255346621,92.21945370113264,89.41854633155461,92.17545318603516,211200.0
2024-11-19,91.52428516568273,94.31374589475024,91.13710212468906,93.45138549804688,227500.0
2024-11-20,93.4601961573695,93.75938491314268,91.48909511655803,92.65943908691406,165900.0
2024-11-21,92.60662975720452,94.88572081893703,92.261688277364,93.07300567626953,284400.0
2024-11-22,93.74177791227999,94.5073425906588,93.22964251353183,94.26095581054688,161400.0
2024-11-25,94.88572162066598,99.28110053319365,94.88572162066598,98.379150390625,329200.0
2024-11-26,98.10635152480371,98.7003248672105,95.84486351412902,96.04725646972656,292000.0
2024-11-27,96.7952307372985,98.18556384459205,95.97687079070533,96.06486511230469,174600.0
2024-11-29,96.7424341603259,97.14721340496094,95.90647133275537,95.93286895751953,105100.0
2024-12-02,95.91526859511129,97.7719775426133,94.51349570215953,97.14720916748047,207300.0
2024-12-03,96.4256482178684,97.26952629583539,94.19935903911626,94.56893920898438,159100.0
2024-12-04,94.5513358443331,95.24650237763078,93.21380473998082,95.07931518554688,219400.0
2024-12-05,94.15536039357877,94.66573685555906,92.62423772117431,94.55133819580078,184200.0
2024-12-06,95.52807991786426,95.52807991786426,92.99820486314509,93.87376403808594,165500.0
2024-12-09,93.95296717372409,96.21005809584517,93.95296717372409,94.4721450805664,181600.0
2024-12-10,93.9793661449686,95.03531136359413,92.9709326204049,93.58338165283203,132500.0
2024-12-11,93.64497018683403,94.30493756936139,91.78826141357422,91.78826141357422,287300.0
2024-12-12,91.5242924761662,93.0554151578383,91.26910424363143,91.34829711914062,114900.0
2024-12-13,91.07550736347304,92.33384555983831,90.44193754243094,92.14905548095703,122300.0
2024-12-16,91.50668431992025,92.07865744866277,89.80836782515091,89.84356689453125,223000.0
2024-12-17,89.45639225108769,90.28354689980083,88.08365537342392,89.10440826416016,267800.0
2024-12-18,88.87561830307821,90.55633866378231,85.82216776840073,86.28854370117188,240700.0
2024-12-19,85.79576712628689,87.31369089427554,83.85546124310531,83.89505767822266,406700.0
2024-12-20,65.11678607576529,68.59261183628708,62.37131916488715,64.8176040649414,3148700.0
2024-12-23,63.10168229411276,64.81760156480122,60.54101226932035,61.99293518066406,1244800.0
2024-12-24,61.50896379925293,62.64410854720831,60.47941625350351,61.90494155883789,315600.0
2024-12-26,61.605766131819806,62.67403075167374,60.980997724204045,62.22173309326172,420700.0
2024-12-27,61.6233606077466,61.97534459607378,59.53786772911156,59.93384552001953,580000.0
2024-12-30,59.388269930803204,59.441071892787114,57.91874399836111,59.22987747192383,667600.0
2024-12-31,59.746028312932154,60.791899580867174,58.67751773312946,60.343666076660156,560800.0
2025-01-02,60.76020725408935,62.163761781823034,60.39799896545984,61.394073486328125,364700.0
2025-01-03,61.47556126435866,62.37202134497295,61.0318597771826,61.62949752807617,240300.0
2025-01-06,61.665722453237386,62.69801155065396,60.92319859529655,61.04092025756836,361000.0
2025-01-07,60.85075624067354,61.82871652557663,59.44720865282123,60.126346588134766,360000.0
2025-01-08,59.927126516468235,60.0167718318987,58.6322366885491,59.25704574584961,345300.0
2025-01-10,58.43302588666743,58.59601926480025,56.984199696902465,57.43695831298828,403500.0
2025-01-13,56.95703494330301,58.90842346154792,56.549551500417714,58.88578414916992,282600.0
2025-01-14,58.97633022504491,60.50665643829032,58.92200140610525,60.053897857666016,276500.0
2025-01-15,62.498793287472715,62.498793287472715,59.76413441897174,59.89996337890625,362600.0
2025-01-16,60.18972793396044,61.07713089971588,59.78677306604594,60.61532211303711,258000.0
2025-01-17,61.57517053841727,61.937378805646986,60.71493194872626,61.67477798461914,240900.0
2025-01-21,61.93738042412832,63.857072546077426,61.901158905604035,63.2503776550293,293500.0
2025-01-22,62.4082421025783,62.592064742161284,60.30744253091294,60.361778259277344,272600.0
2025-01-23,60.325556132922024,60.95941538619599,59.85468333744903,60.9322509765625,212100.0
2025-01-24,60.932255964976505,62.201791523509286,60.39799720043731,61.54800796508789,261400.0
2025-01-27,61.240123402899385,63.259429721303704,61.185794583716,62.634620666503906,278800.0
2025-01-28,62.35391589496933,62.9515536636325,61.1948549666727,61.67477798461914,183800.0
2025-01-29,61.74722245149494,61.955487546711076,60.01768121693086,60.0720100402832,198000.0
2025-01-30,67.37047996039678,67.37047996039678,60.83264477790383,66.14803314208984,574100.0
2025-01-31,65.8220449747261,66.2947209005525,64.06533946281952,64.907470703125,405200.0
2025-02-03,63.377151200243766,65.60472283458712,62.51238746597735,65.25157165527344,421900.0
2025-02-04,65.48700858975668,67.86851651913166,65.46890128414577,67.18032836914062,234700.0
2025-02-05,67.67835465230667,68.21261340110908,66.14803525818033,66.52835083007812,243400.0
2025-02-06,66.59172945631177,67.55157538733516,66.59172945631177,67.03543090820312,206000.0
2025-02-07,67.00827107782513,67.0988214137883,65.6862168288289,66.54645538330078,197800.0
2025-02-10,66.95394226148156,67.47008677590142,65.76408998304842,66.89055633544922,172300.0
2025-02-11,66.5102285370476,67.36141682569202,66.26302689961923,67.3251953125,171000.0
2025-02-12,65.90353902031957,67.26181478548213,65.36023009596411,66.89055633544922,171000.0
2025-02-13,67.02637787046181,67.70551574782829,66.67775873423473,67.5153579711914,153500.0
2025-02-14,67.82323969341952,68.55761143481207,66.1208629351529,66.19330596923828,166400.0
2025-02-18,66.04842418083183,67.4338643369702,65.4779439458,66.95394134521484,230200.0
2025-02-19,65.89448937380688,67.31615122594235,65.89448937380688,66.49213409423828,314900.0
2025-02-20,67.92285280460207,68.35749722827855,64.65393488568098,65.98504638671875,358800.0
2025-02-21,67.00827947332715,67.11694403522627,64.90657461657659,65.80393981933594,581000.0
2025-02-24,66.10275370264898,67.65118724117845,65.87184931035392,66.2657470703125,326600.0
2025-02-25,66.30197928393413,67.67383747121919,66.12992878237729,66.80906677246094,314100.0
2025-02-26,66.5102374634433,66.83803425699567,65.55944852159868,65.89448547363281,273400.0
2025-02-27,65.55944356247461,66.67322579703519,65.0605013428577,65.64999389648438,291000.0
2025-02-28,65.66810682776618,66.81811758474625,64.81692532486917,65.15196228027344,408700.0
2025-03-03,65.3511743240612,65.55038921238668,62.774976798171004,63.33187484741211,390700.0
2025-03-04,62.770450234822135,64.85314249875591,62.05509083822832,64.33699798583984,422700.0
2025-03-05,64.29172653629388,66.22047584530522,64.29172653629388,65.58661651611328,554800.0
2025-03-06,65.19723542203609,66.48306812925259,65.19723542203609,65.87637329101562,238400.0
2025-03-07,65.87637623154602,67.18032320892641,65.87637623154602,66.31102752685547,257800.0
2025-03-10,66.5555067526489,67.84133937471678,64.70825104232523,64.77163696289062,266700.0
2025-03-11,65.00708392860894,65.88543676272157,65.00708392860894,65.206298828125,365300.0
2025-03-12,65.33306647730925,65.94881844131586,63.59447513489572,63.9566764831543,497400.0
2025-03-13,64.04723176555135,64.71731252954744,61.4665023327539,61.75626754760742,304300.0
2025-03-14,62.399190279328884,63.55825112887245,61.99170341567686,63.04210662841797,272500.0
2025-03-17,60.18067079058864,60.18067079058864,57.2739614796962,58.14325714111328,764500.0
2025-03-18,59.05783375462123,59.658193490873735,58.34247432711477,59.14838409423828,528900.0
2025-03-19,59.07594200371082,59.53775772425442,57.50034396182746,57.835384368896484,528900.0
2025-03-20,57.89877294582758,58.442085379881334,57.319242446256304,57.391685485839844,335100.0
2025-03-21,57.05663649767631,58.387751323717026,55.88852195037017,57.59994888305664,1322700.0
2025-03-24,58.2066456704737,60.072008928908076,57.799165685773325,60.026737213134766,289600.0
2025-03-25,59.89996101121153,59.91806831449805,58.32888819915983,58.72278594970703,273300.0
2025-03-26,58.84956151996327,59.266098607370864,58.09798748646046,58.840511322021484,283300.0
2025-03-27,58.90389744343409,59.69169299693048,58.55074628320163,58.94916915893555,234900.0
2025-03-28,58.90389786552747,59.67992125867373,57.28301776004818,57.726722717285156,363700.0
2025-03-31,50.36271249332948,51.68338123861506,46.21217662308936,50.484046936035156,1098300.0
2025-04-01,50.30671497707614,52.854716924588,49.50404699265511,52.11738204956055,717800.0
2025-04-02,52.080049529287,53.04138621107823,51.43605018976234,52.72405242919922,377400.0
2025-04-03,51.21204638655259,52.09871458567743,48.7116468359397,48.925376892089844,413700.0
2025-04-04,47.040047963033054,51.585384796369276,46.71337883694715,49.86804962158203,741300.0
2025-04-07,47.600044792685615,50.46538053753197,46.27471192116937,48.64537811279297,836700.0
2025-04-08,49.98005060882594,50.02671661133373,43.9413801625461,44.82804489135742,782300.0
2025-04-09,44.24937718262594,48.74804803693646,42.410707548673514,48.34671401977539,786000.0
2025-04-10,47.656046076780974,47.76804518514873,44.277373670802,45.45337677001953,640300.0
2025-04-11,45.481376340721916,46.06937789916992,43.96004055760802,46.06937789916992,289800.0
2025-04-14,46.7600462013967,48.08538273599759,46.4800466282913,47.441383361816406,267600.0
2025-04-15,47.60004599098211,49.961380466504856,46.23737886220387,47.11471176147461,364200.0
2025-04-16,46.88137627201927,48.402712009517096,46.66670983402923,47.56270980834961,216500.0
2025-04-17,47.62804462551207,49.00004708316469,47.24071362589205,48.16938018798828,194700.0
2025-04-21,47.79604721069336,47.97338300100689,46.66671359615935,47.79604721069336,224900.0
2025-04-22,48.48671482430089,49.30058026505865,47.80538125151038,48.86004638671875,202900.0
2025-04-23,50.19471333595694,50.67071578314682,48.216045781589955,48.32804489135742,206700.0
2025-04-24,48.776047481945454,50.09204866288256,48.49604791245861,49.82138442993164,219100.0
2025-04-25,49.5693825730518,50.16671592321975,48.940315488112574,49.989383697509766,137300.0
2025-04-28,49.933381148273554,50.48404848466067,49.08404714405487,50.1947135925293,138000.0
2025-04-29,49.793378463430415,50.143378790662744,48.67338026459693,49.23337936401367,332700.0
2025-04-30,48.533377406161854,51.13738062533158,47.64670922224104,50.68938064575195,459800.0
2025-05-01,51.07205023383117,51.52005023723824,50.33471533722083,51.32405090332031,236600.0
2025-05-02,51.94938160815207,52.61858134887626,51.71604805735003,52.11738204956055,260900.0
2025-05-05,51.58538409776317,51.80005054665595,50.98805075121149,51.081382751464844,193700.0
2025-05-06,51.006719750219865,51.02538330265088,49.242714972920304,49.46671676635742,275700.0
2025-05-07,50.28805234557956,50.54938480643417,49.36031854915794,49.812049865722656,495800.0
2025-05-08,52.92005122974481,53.28405100755882,50.8433804444504,51.94938278198242,331700.0
2025-05-09,51.91204925231464,52.406718818867006,50.88071534792879,50.969383239746094,193200.0
2025-05-12,53.106717810225,53.86271623935764,51.80938027157973,52.15471649169922,237100.0
2025-05-13,52.16405144679777,52.8089871891926,51.0627167304151,51.77205276489258,158900.0
2025-05-14,51.333382890379305,52.29471601245694,51.28671689073829,51.632049560546875,243000.0
2025-05-15,51.632049189968775,52.07071741629849,50.876047183815174,51.75338363647461,228000.0
2025-05-16,52.0800483673254,53.65738546576175,51.893380812669406,53.162715911865234,272900.0
2025-05-19,52.10805002456053,53.28404954840067,52.033381579675485,53.209381103515625,181500.0
2025-05-20,52.780051460224044,53.83472016632269,52.780051460224044,53.25605392456055,194800.0
2025-05-21,52.453384085573816,53.03205030737649,51.57604763662178,51.71604919433594,290300.0
2025-05-22,51.77205396978957,52.311520360942204,51.146718146936486,51.83738708496094,189300.0
2025-05-23,51.146715144698156,51.98671737671992,50.68004802921663,51.82804870605469,147300.0
2025-05-27,52.36005224705989,52.92005495731624,51.86538621266305,52.84538650512695,253300.0
2025-05-28,52.92938524261796,53.140320409761635,51.944717309533516,52.04271697998047,180800.0
2025-05-29,52.44405059732111,53.20005262691684,51.725382792482904,51.93071746826172,184900.0
2025-05-30,51.594716954416086,52.070719422687006,50.94138581818175,51.538719177246094,233400.0
2025-06-02,51.28671941285564,51.33338541479154,50.24138601586299,50.633384704589844,208400.0
2025-06-03,50.63338209379515,52.28538411193598,50.21338097725298,52.024051666259766,273500.0
2025-06-04,51.790716428704044,52.23778359685224,51.529380431115136,51.65071487426758,232100.0
2025-06-05,51.50138305900036,51.790717951830715,50.90218051843961,51.128047943115234,160200.0
2025-06-06,51.76271398158429,52.11738197520589,51.33151546020186,51.65071487426758,143500.0
2025-06-09,52.11738533840197,53.162718715051895,51.8560528843364,52.90138626098633,200700.0
2025-06-10,53.14405223734704,54.03072050901595,52.92938578174513,53.284053802490234,290500.0
2025-06-11,53.806717021107744,54.59071787647103,53.34004993006739,53.41471481323242,233100.0
2025-06-12,53.26538688782045,53.6013877971032,52.80805508604269,53.08805465698242,205300.0
2025-06-13,52.68671935069564,53.27005325944916,52.164050886712936,52.5933837890625,228800.0
2025-06-16,53.200051409108745,54.240720647980254,53.153385409423876,53.42405319213867,251000.0
2025-06-17,53.48938561494456,53.74138628246266,52.7380512804149,53.07871627807617,250300.0
2025-06-18,53.06005127191142,54.45072088627687,52.92005326910426,54.03071975708008,200500.0
2025-06-20,54.404052702432494,54.74938536796588,53.50805270302222,54.170719146728516,441800.0
2025-06-23,53.85338798233737,54.38258620522759,53.200053282579034,54.338722229003906,231600.0
2025-06-24,54.497382429560446,55.533383943376165,54.497382429560446,54.973384857177734,229700.0
2025-06-25,54.83338808503872,54.83338808503872,52.89205110427595,52.976051330566406,321100.0
2025-06-26,53.38671684710763,54.10538460694106,52.79871530535529,54.068050384521484,233900.0
2025-06-27,54.13338497956245,54.650452937066454,52.87338520160695,53.312049865722656,437500.0
2025-06-30,53.67892136467915,53.98786451084103,52.34660542794085,53.31205368041992,475800.0
2025-07-01,52.925874936839406,55.62912941091602,52.61693177882453,54.73126220703125,290600.0
2025-07-02,53.582379581028995,55.16571417217852,53.341017510844175,55.0981330871582,230500.0
2025-07-03,54.92434965156171,55.64843582981129,54.7891874875513,54.953311920166016,144100.0
2025-07-07,54.55748140636594,55.03055269031701,53.32170877009158,53.38928985595703,208200.0
2025-07-08,53.51479839076262,54.70229933178934,53.50514184555419,53.55341720581055,301900.0
2025-07-09,53.97821349119523,54.354737733250886,53.30239895481414,53.8237419128418,188500.0
2025-07-10,53.82374227665059,54.93883387533617,53.816019250114664,54.09406661987305,232400.0
2025-07-11,53.70788806966971,54.61540811388314,53.273435613384024,54.171302795410156,228700.0
2025-07-14,54.06510249378628,54.77953582578416,53.76967556229323,54.28715515136719,235700.0
2025-07-15,54.44162731702376,54.547827215910516,52.037663188866475,52.12455368041992,514900.0
2025-07-16,52.78105511528802,53.57272608438215,51.32322984910558,52.12455368041992,299700.0
2025-07-17,51.94111691352708,52.38522224002402,50.106767384690336,50.48329162597656,542000.0
2025-07-18,50.695687428489215,50.8646438233575,49.45991481187742,50.666725158691406,391100.0
2025-07-21,51.15910515277043,52.50590224070857,50.49294349326033,50.579833984375,239900.0
2025-07-22,50.92739568985445,52.655548958295455,50.92739568985445,52.55900192260742,299000.0
2025-07-23,52.925875070871236,52.96449388644413,52.1438606285384,52.93553161621094,165300.0
2025-07-24,52.49141920151714,52.77622834429571,51.79629898071289,51.79629898071289,168100.0
2025-07-25,51.593553098891356,51.83491516113281,51.02393848468582,51.83491516113281,151500.0
2025-07-28,52.008696442265055,52.13420574656864,51.29426679630613,51.332881927490234,162100.0
2025-07-29,51.612863031514024,52.1342059751599,51.27495761409141,51.40046691894531,207800.0
2025-07-30,51.352189865124096,51.550108519435405,50.05848909370811,50.386741638183594,234500.0
2025-07-31,50.22262037303911,50.57018234590815,49.527496427301024,49.91367721557617,289100.0
2025-08-01,50.20331096719175,50.33847313822516,48.75513853544583,49.59507751464844,291000.0
2025-08-04,49.81712686418593,50.29019811421876,49.59217946104579,49.86540222167969,195800.0
2025-08-05,50.203310739879086,50.791269864105196,49.86057704119822,50.48329162597656,224000.0
2025-08-06,50.01021820354895,50.890709475236605,49.8364372253418,49.8364372253418,223900.0
2025-08-07,48.224142069710226,48.75513788434731,44.12098690122556,44.507164001464844,1175800.0
2025-08-08,44.50716207521872,44.93196165485761,43.927894608483726,44.24649429321289,604400.0
2025-08-11,45.29882922341371,47.50005369410517,44.96092381577539,46.99802017211914,809700.0
2025-08-12,48.03105068360846,51.622519370536644,47.99726014200103,50.62810516357422,814900.0
2025-08-13,51.11082830660981,53.041724779312915,50.232270558845606,52.771400451660156,468800.0
2025-08-14,51.46804836861187,51.90249714184826,50.59914345635337,51.35219192504883,361900.0
2025-08-15,51.38115762243645,51.59355373546241,50.280547194298734,50.444671630859375,325600.0
2025-08-18,50.435017397216825,51.02200789091126,50.0198743616972,50.27088928222656,255200.0
2025-08-19,50.68603271197023,51.65148095410299,50.39639897590895,50.85981369018555,252900.0
2025-08-20,50.77292388394936,51.36667618131952,50.51225241312048,50.94670486450195,198800.0
2025-08-21,50.53156348791284,50.8115443750317,50.11642042987948,50.29985427856445,226000.0
2025-08-22,50.90808485779834,53.58237690377155,50.68603220627038,53.02241516113281,337300.0
2025-08-25,53.00311188879777,53.205855143105374,52.26936913574228,53.167236328125,252200.0
2025-08-26,53.29274545048323,53.65092519851742,52.727959094202994,53.032073974609375,323400.0
2025-08-27,52.983801000643886,54.789188197255356,52.68451071724919,54.65402603149414,253600.0
2025-08-28,54.740917105471866,54.81815105120553,53.45686915125247,54.354736328125,305500.0
2025-08-29,54.31611644097424,54.71195007263459,53.69823015573787,54.70229721069336,238200.0
2025-09-02,54.13268492640597,54.156822606635124,52.361088211216924,52.66520309448242,320800.0
2025-09-03,52.539693201066626,53.3410170347161,52.351431082634356,52.96449279785156,240600.0
2025-09-04,53.34101697402195,55.12709480225738,53.232887239077655,54.69264602661133,265600.0
2025-09-05,54.97262084849481,55.6967070204434,54.538172091639844,55.32018280029297,197200.0
2025-09-08,55.12709330105008,55.12709330105008,53.56306817579394,54.837459564208984,265400.0
2025-09-09,54.77953502657643,54.934006598417874,54.08441111184358,54.837459564208984,190300.0
2025-09-10,54.75057006132167,55.23329419238512,54.11820262815427,54.42231750488281,221200.0
2025-09-11,54.44162854438657,55.68705772376603,54.311294645564516,55.1174430847168,218000.0
2025-09-12,55.049858589047524,55.56154497309574,54.740915449672066,55.0015869140625,192600.0
2025-09-15,55.291220531940695,55.880144541055046,55.02089620627223,55.32018280029297,226900.0
2025-09-16,55.32018438490241,56.36383518808426,54.847116801431895,55.242950439453125,276300.0
2025-09-17,55.35880506837624,56.86490572586846,54.66850939405393,54.73126220703125,274200.0
2025-09-18,55.107787552036555,56.42079407064519,54.94365943540249,56.247013092041016,241600.0
2025-09-19,56.25667065695312,56.54630439891414,55.37038985973741,55.44569396972656,603900.0
2025-09-22,55.1946743003812,55.31053074125729,52.85829131943839,54.065101623535156,382800.0
2025-09-23,54.37404585415602,54.808498308897846,53.63065025001843,53.7175407409668,218700.0
2025-09-24,53.45686840212181,53.70788700874741,52.443148479408364,52.472110748291016,285200.0
2025-09-25,52.5396933815798,53.263779588158755,52.114897466228264,52.78105545043945,283800.0
2025-09-26,53.0127643784087,53.225164176414644,52.53004024322636,52.578311920166016,255800.0
2025-09-29,54.084410657787956,55.34914917361063,52.32729516175836,53.09000015258789,664300.0
2025-09-30,53.2599983215332,53.65999984741211,51.959999084472656,53.58000183105469,406800.0
2025-10-01,53.70000076293945,55.41999816894531,53.279998779296875,55.2599983215332,442000.0
2025-10-02,55.369998931884766,56.88999938964844,55.34000015258789,56.63999938964844,402600.0
2025-10-03,56.810001373291016,58.095001220703125,56.400001525878906,56.459999084472656,324100.0
2025-10-06,56.5,56.79999923706055,54.70500183105469,54.93000030517578,258800.0
2025-10-07,55.0,55.779998779296875,54.349998474121094,54.86000061035156,299700.0
2025-10-08,54.939998626708984,55.220001220703125,54.150001525878906,54.40999984741211,196500.0
2025-10-09,54.5,54.86399841308594,53.099998474121094,53.380001068115234,302800.0
2025-10-10,53.869998931884766,54.0,51.15999984741211,51.20000076293945,330600.0
2025-10-13,51.93000030517578,52.49599838256836,51.691001892089844,52.400001525878906,155900.0
2025-10-14,51.86000061035156,53.70000076293945,51.79999923706055,53.58000183105469,233200.0
2025-10-15,53.61000061035156,56.04499816894531,53.599998474121094,55.810001373291016,342200.0
2025-10-16,55.869998931884766,56.560001373291016,53.2599983215332,53.709999084472656,348400.0
2025-10-17,53.40999984741211,54.290000915527344,53.16999816894531,53.709999084472656,170900.0
2025-10-20,54.16999816894531,55.165000915527344,54.14099884033203,54.63999938964844,164700.0
2025-10-21,54.630001068115234,55.189998626708984,53.86000061035156,54.0,263300.0
2025-10-22,53.9900016784668,54.18000030517578,52.9900016784668,53.380001068115234,277700.0
2025-10-23,53.630001068115234,53.689998626708984,52.54999923706055,52.75,202000.0
2025-10-24,53.18000030517578,53.369998931884766,52.599998474121094,52.83000183105469,215700.0
2025-10-27,53.0,53.209999084472656,52.54999923706055,53.119998931884766,233600.0
2025-10-28,53.130001068115234,53.130001068115234,52.14799880981445,52.54999923706055,161200.0
2025-10-29,52.20000076293945,52.20000076293945,49.439998626708984,49.630001068115234,511200.0
2025-10-30,49.470001220703125,50.22990036010742,49.290000915527344,50.026798248291016,80042.0
